Format Version,1.24,Take Name,Take 2026-08-04 02.58.35 PM,Take Notes,,Capture Frame Rate,120.000000,Export Frame Rate,120.000000,Capture Start Time,2026-08-04 02.58.35.546 ,Capture Start Frame,673402,Total Frames in Take,6049,Total Exported Frames,6049,Rotation Type,Quaternion,Length Units,Centimeters,Coordinate Space,Global

,Type,,Marker,Marker,Marker,Marker,Marker,Marker,Marker,Marker,Marker,Marker,Marker,Marker
,Name,,Oak-D-Kamera:Marker 001,Oak-D-Kamera:Marker 001,Oak-D-Kamera:Marker 001,Oak-D-Kamera:Marker 002,Oak-D-Kamera:Marker 002,Oak-D-Kamera:Marker 002,Oak-D-Kamera:Marker 003,Oak-D-Kamera:Marker 003,Oak-D-Kamera:Marker 003,Unlabeled 1137,Unlabeled 1137,Unlabeled 1137
,ID,,"72244688900411F1794CD665D3A07481","72244688900411F1794CD665D3A07481","72244688900411F1794CD665D3A07481","72244686900411F1794CD665D3A07481","72244686900411F1794CD665D3A07481","72244686900411F1794CD665D3A07481","72244687900411F1794CD665D3A07481","72244687900411F1794CD665D3A07481","72244687900411F1794CD665D3A07481","57DFB6146D28FE711F1","57DFB6146D28FE711F1","57DFB6146D28FE711F1"
,,,Position,Position,Position,Position,Position,Position,Position,Position,Position,Position,Position,Position
Frame,Time (Seconds),TimeCode,X,Y,Z,X,Y,Z,X,Y,Z,X,Y,Z
0,0.000000,14:59:41:22.00,-96.645729,302.153687,133.247421,-96.640388,309.031738,133.902435,-96.135323,304.354156,136.419403,,,
1,0.008333,14:59:41:22.01,-96.641685,302.153381,133.246994,-96.640305,309.031464,133.902817,-96.136169,304.354218,136.420227,,,
2,0.016667,14:59:41:22.02,-96.646187,302.153717,133.247437,-96.641853,309.032166,133.903412,-96.136185,304.355316,136.420258,,,
3,0.025000,14:59:41:22.03,-96.645012,302.153900,133.246765,-96.640350,309.030975,133.902603,-96.136177,304.353851,136.420303,,,
4,0.033333,14:59:41:23.00,-96.643974,302.153137,133.247940,-96.641479,309.031738,133.903336,-96.136086,304.354980,136.421219,,,
5,0.041667,14:59:41:23.01,-96.644531,302.153748,133.247726,-96.641876,309.031372,133.903793,-96.135422,304.353607,136.419846,,,
6,0.050000,14:59:41:23.02,-96.643860,302.154175,133.247757,-96.641037,309.032043,133.903473,-96.136353,304.354095,136.420837,,,
7,0.058333,14:59:41:23.03,-96.642616,302.153961,133.247040,-96.639671,309.032166,133.903275,-96.134972,304.354279,136.420197,,,
8,0.066667,14:59:41:24.00,-96.643219,302.152924,133.246567,-96.639870,309.031403,133.903198,-96.119446,304.353699,136.419434,,,
9,0.075000,14:59:41:24.01,-96.645599,302.153900,133.247635,-96.642342,309.031250,133.903290,-96.135422,304.356659,136.420334,,,
10,0.083333,14:59:41:24.02,-96.644363,302.153381,133.246964,-96.641541,309.031219,133.903366,-96.135071,304.355164,136.419617,,,
11,0.091667,14:59:41:24.03,-96.644485,302.153503,133.248413,-96.639587,309.031403,133.902390,-96.118195,304.353943,136.419601,,,
12,0.100000,14:59:41:25.00,-96.645531,302.153839,133.247345,-96.641174,309.032166,133.903152,-96.133781,304.354919,136.420227,,,
13,0.108333,14:59:41:25.01,-96.645943,302.153168,133.247238,-96.641266,309.032043,133.903809,-96.118561,304.352509,136.418747,,,
14,0.116667,14:59:41:25.02,-96.644928,302.153351,133.247223,-96.642006,309.031616,133.904144,-96.116699,304.353058,136.418716,,,
15,0.125000,14:59:41:25.03,-96.645386,302.152832,133.247681,-96.641068,309.032471,133.902802,-96.136406,304.355133,136.419495,,,
16,0.133333,14:59:41:26.00,-96.646248,302.153442,133.247345,-96.641624,309.032196,133.902802,-96.136406,304.354218,136.419525,,,
17,0.141667,14:59:41:26.01,-96.645935,302.153198,133.247055,-96.640640,309.030762,133.903458,-96.135620,304.353699,136.420792,,,
18,0.150000,14:59:41:26.02,-96.645279,302.153534,133.247269,-96.639458,309.031097,133.902420,-96.136269,304.353668,136.420258,,,
19,0.158333,14:59:41:26.03,-96.644035,302.154510,133.246536,-96.640800,309.031403,133.902237,-96.136398,304.353333,136.419891,,,
20,0.166667,14:59:41:27.00,-96.643417,302.153870,133.247238,-96.641068,309.030457,133.903961,-96.134987,304.354462,136.418884,,,
21,0.175000,14:59:41:27.01,-96.644791,302.153381,133.247253,-96.641655,309.032898,133.903992,-96.135139,304.354675,136.420090,,,
22,0.183333,14:59:41:27.02,-96.645393,302.152527,133.248108,-96.641289,309.030975,133.904327,-96.135887,304.353882,136.420059,,,
23,0.191667,14:59:41:27.03,-96.645226,302.152100,133.247345,-96.641037,309.031616,133.903534,-96.135033,304.353241,136.420959,,,
24,0.200000,14:59:41:28.00,-96.647820,302.152313,133.246994,-96.641724,309.030701,133.903229,-96.118423,304.353271,136.419098,,,
25,0.208333,14:59:41:28.01,-96.645035,302.153137,133.246780,-96.641357,309.031036,133.904083,-96.135780,304.356018,136.420425,,,
26,0.216667,14:59:41:28.02,-96.644348,302.152863,133.247528,-96.640015,309.030762,133.904587,-96.116768,304.353638,136.419678,,,
27,0.225000,14:59:41:28.03,-96.645844,302.152771,133.248276,-96.640106,309.031525,133.903519,-96.135117,304.356110,136.421234,,,
28,0.233333,14:59:41:29.00,-96.644188,302.154175,133.248276,-96.640800,309.032013,133.903580,-96.135696,304.353333,136.420914,,,
29,0.241667,14:59:41:29.01,-96.645561,302.153412,133.248276,-96.640488,309.031311,133.903168,-96.135979,304.354034,136.421082,,,
30,0.250000,14:59:41:29.02,-96.645355,302.153900,133.247284,-96.640755,309.031250,133.903061,-96.116920,304.352020,136.418320,,,
31,0.258333,14:59:41:29.03,-96.644264,302.153839,133.248001,-96.640633,309.031464,133.903687,-96.133873,304.354462,136.420258,,,
32,0.266667,14:59:42:00.00,-96.642891,302.154022,133.246536,-96.640755,309.031525,133.903107,-96.135017,304.353851,136.420135,,,
33,0.275000,14:59:42:00.01,-96.644470,302.152252,133.248032,-96.640839,309.031921,133.903366,-96.118370,304.353088,136.419952,,,
34,0.283333,14:59:42:00.02,-96.647171,302.152832,133.247498,-96.640686,309.031952,133.904037,-96.118256,304.354614,136.419861,,,
35,0.291667,14:59:42:00.03,-96.645004,302.153839,133.248428,-96.641701,309.031128,133.903259,-96.133743,304.354309,136.419571,,,
36,0.300000,14:59:42:01.00,-96.644585,302.152863,133.246918,-96.641006,309.031860,133.902847,-96.135620,304.353912,136.420090,,,
37,0.308333,14:59:42:01.01,-96.646332,302.153381,133.247803,-96.639778,309.031860,133.902161,-96.136986,304.354584,136.420486,,,
38,0.316667,14:59:42:01.02,-96.643608,302.153778,133.246567,-96.640984,309.032654,133.902344,-96.137337,304.353760,136.420471,,,
39,0.325000,14:59:42:01.03,-96.642982,302.153625,133.247208,-96.642487,309.032593,133.903198,-96.135101,304.353119,136.420624,,,
40,0.333333,14:59:42:02.00,-96.645805,302.154053,133.248322,-96.640785,309.030273,133.902786,-96.135124,304.354950,136.420349,,,
41,0.341667,14:59:42:02.01,-96.645210,302.153473,133.247742,-96.641113,309.032043,133.902771,-96.118721,304.353821,136.419449,,,
42,0.350000,14:59:42:02.02,-96.644249,302.154266,133.246964,-96.640938,309.031189,133.902863,-96.134392,304.355194,136.419601,,,
43,0.358333,14:59:42:02.03,-96.642761,302.152496,133.246048,-96.641434,309.031311,133.902847,-96.134644,304.352753,136.420288,,,
44,0.366667,14:59:42:03.00,-96.645424,302.153564,133.247162,-96.641960,309.031433,133.903427,-96.134254,304.352966,136.419281,,,
45,0.375000,14:59:42:03.01,-96.644936,302.152649,133.246658,-96.641617,309.032074,133.903351,-96.116287,304.353699,136.419464,,,
46,0.383333,14:59:42:03.02,-96.645309,302.152618,133.247116,-96.641212,309.032318,133.903519,-96.133408,304.355133,136.419662,,,
47,0.391667,14:59:42:03.03,-96.643120,302.153381,133.247269,-96.640579,309.030975,133.902618,-96.136124,304.353821,136.418869,,,
48,0.400000,14:59:42:04.00,-96.643013,302.153229,133.246506,-96.642212,309.031647,133.902084,-96.136246,304.354248,136.420441,,,
49,0.408333,14:59:42:04.01,-96.643661,302.153839,133.246826,-96.640900,309.030426,133.903503,-96.117790,304.354492,136.419357,,,
50,0.416667,14:59:42:04.02,-96.644562,302.153809,133.247742,-96.640244,309.031433,133.903625,-96.134407,304.355560,136.419342,,,
51,0.425000,14:59:42:04.03,-96.645332,302.152740,133.247849,-96.641212,309.032013,133.904266,-96.135406,304.354706,136.420593,,,
52,0.433333,14:59:42:05.00,-96.645020,302.152954,133.247192,-96.641418,309.032593,133.903381,-96.117851,304.353149,136.418427,,,
53,0.441667,14:59:42:05.01,-96.646202,302.153625,133.248123,-96.641335,309.031403,133.902969,-96.117393,304.354553,136.419266,,,
54,0.450000,14:59:42:05.02,-96.644691,302.154022,133.247650,-96.642563,309.032227,133.903534,-96.116707,304.354614,136.419159,,,
55,0.458333,14:59:42:05.03,-96.645454,302.154236,133.248459,-96.640869,309.032013,133.902878,-96.116158,304.353943,136.419556,,,
56,0.466667,14:59:42:06.00,-96.642647,302.153107,133.246826,-96.640533,309.032196,133.903244,-96.117889,304.354645,136.419174,,,
57,0.475000,14:59:42:06.01,-96.643150,302.153198,133.246582,-96.641800,309.031799,133.903229,-96.134972,304.356110,136.419815,,,
58,0.483333,14:59:42:06.02,-96.642456,302.153290,133.247513,-96.642578,309.030731,133.903076,-96.119759,304.354279,136.418823,,,
59,0.491667,14:59:42:06.03,-96.646843,302.153564,133.248276,-96.640457,309.032074,133.903168,-96.134224,304.354706,136.419464,,,
60,0.500000,14:59:42:07.00,-96.647270,302.152771,133.247879,-96.641243,309.032471,133.902954,-96.136452,304.354156,136.419617,,,
61,0.508333,14:59:42:07.01,-96.647278,302.153687,133.249374,-96.641869,309.032257,133.904129,-96.136749,304.354126,136.420258,,,
62,0.516667,14:59:42:07.02,-96.643845,302.155273,133.247742,-96.641083,309.032227,133.902023,-96.135086,304.354584,136.420410,,,
63,0.525000,14:59:42:07.03,-96.642830,302.153320,133.247101,-96.640236,309.031616,133.902908,-96.136871,304.353943,136.420151,,,
64,0.533333,14:59:42:08.00,-96.645943,302.153320,133.246124,-96.640694,309.031555,133.903564,-96.136429,304.353302,136.419601,,,
65,0.541667,14:59:42:08.01,-96.646835,302.153412,133.247162,-96.639984,309.031799,133.903198,-96.117760,304.353821,136.419296,,,
66,0.550000,14:59:42:08.02,-96.646202,302.152771,133.247406,-96.642151,309.031769,133.903931,-96.134338,304.356232,136.420334,,,
67,0.558333,14:59:42:08.03,-96.644478,302.154694,133.247589,-96.640167,309.031281,133.902222,-96.135582,304.353271,136.420197,,,
68,0.566667,14:59:42:09.00,-96.645378,302.154175,133.247177,-96.641602,309.030884,133.903046,-96.134895,304.352631,136.419800,,,
69,0.575000,14:59:42:09.01,-96.646591,302.153900,133.247330,-96.640564,309.032532,133.901794,-96.117493,304.353058,136.419403,,,
70,0.583333,14:59:42:09.02,-96.643753,302.152802,133.246948,-96.641418,309.032043,133.903091,-96.133034,304.356232,136.419006,,,
71,0.591667,14:59:42:09.03,-96.642799,302.153381,133.246643,-96.639923,309.030975,133.903458,-96.137085,304.354919,136.419235,,,
72,0.600000,14:59:42:10.00,-96.644783,302.153381,133.248016,-96.641037,309.032318,133.903107,-96.135796,304.354919,136.420364,,,
73,0.608333,14:59:42:10.01,-96.646027,302.153381,133.247208,-96.641830,309.032349,133.903015,-96.136078,304.353638,136.420975,,,
74,0.616667,14:59:42:10.02,-96.647232,302.154327,133.247147,-96.640274,309.031189,133.903336,-96.116493,304.353271,136.418274,,,
75,0.625000,14:59:42:10.03,-96.648064,302.153625,133.248566,-96.641563,309.031708,133.904221,-96.133530,304.355469,136.419815,,,
76,0.633333,14:59:42:11.00,-96.645203,302.154480,133.247620,-96.642097,309.030853,133.903717,-96.117699,304.352509,136.419403,,,
77,0.641667,14:59:42:11.01,-96.646835,302.153503,133.247620,-96.640518,309.031281,133.902390,-96.116379,304.354492,136.420166,,,
78,0.650000,14:59:42:11.02,-96.646278,302.152954,133.247406,-96.640434,309.031830,133.903641,-96.134285,304.354736,136.420166,,,
79,0.658333,14:59:42:11.03,-96.646202,302.153229,133.247147,-96.641785,309.031250,133.903824,-96.134636,304.351959,136.420288,,,
80,0.666667,14:59:42:12.00,-96.644203,302.153503,133.247330,-96.640549,309.031677,133.902924,-96.136620,304.354767,136.418884,,,
81,0.675000,14:59:42:12.01,-96.645714,302.152771,133.247635,-96.641273,309.031952,133.902603,-96.135269,304.352783,136.419800,,,
82,0.683333,14:59:42:12.02,-96.643867,302.154694,133.247833,-96.640121,309.031097,133.902832,-96.134903,304.353638,136.419647,,,
83,0.691667,14:59:42:12.03,-96.642418,302.154022,133.247864,-96.640717,309.030884,133.904236,-96.118538,304.353607,136.419983,,,
84,0.700000,14:59:42:13.00,-96.643936,302.153442,133.247787,-96.641457,309.031525,133.902695,-96.135185,304.354919,136.420898,,,
85,0.708333,14:59:42:13.01,-96.642845,302.152893,133.245880,-96.641220,309.032379,133.902863,-96.135986,304.355072,136.420654,,,
86,0.716667,14:59:42:13.02,-96.644424,302.153839,133.247101,-96.640472,309.031342,133.903015,-96.135269,304.353821,136.420547,,,
87,0.725000,14:59:42:13.03,-96.643387,302.153137,133.246124,-96.640411,309.032593,133.903595,-96.137428,304.354828,136.419601,,,
88,0.733333,14:59:42:14.00,-96.647034,302.154053,133.247894,-96.639900,309.032196,133.902145,-96.135208,304.354156,136.420197,,,
89,0.741667,14:59:42:14.01,-96.647812,302.152557,133.247025,-96.639641,309.030762,133.902740,-96.135483,304.354431,136.421158,,,
90,0.750000,14:59:42:14.02,-96.645721,302.154297,133.247345,-96.640984,309.031158,133.903610,-96.136322,304.354187,136.420898,,,
91,0.758333,14:59:42:14.03,-96.643990,302.153381,133.245102,-96.640953,309.031799,133.903381,-96.116745,304.353271,136.419006,,,
92,0.766667,14:59:42:15.00,-96.645035,302.154205,133.248596,-96.640221,309.031952,133.902618,-96.118324,304.354279,136.419174,,,
93,0.775000,14:59:42:15.01,-96.644768,302.152252,133.246719,-96.641350,309.032501,133.902359,-96.135628,304.354553,136.419601,,,
94,0.783333,14:59:42:15.02,-96.645424,302.153992,133.247879,-96.641983,309.032043,133.902023,-96.117966,304.351868,136.419418,,,
95,0.791667,14:59:42:15.03,-96.644249,302.153259,133.247025,-96.640808,309.031067,133.902054,-96.117363,304.353851,136.420410,,,
96,0.800000,14:59:42:16.00,-96.644997,302.153656,133.247620,-96.641632,309.031494,133.902557,-96.135643,304.355408,136.419708,,,
97,0.808333,14:59:42:16.01,-96.643791,302.152740,133.247711,-96.640457,309.032837,133.902237,-96.135391,304.353821,136.419922,,,
98,0.816667,14:59:42:16.02,-96.645844,302.152740,133.247345,-96.641167,309.032227,133.903168,-96.136566,304.353577,136.420380,,,
99,0.825000,14:59:42:16.03,-96.646088,302.153534,133.247543,-96.640884,309.032043,133.902710,-96.119225,304.354126,136.420593,,,
100,0.833333,14:59:42:17.00,-96.644821,302.153381,133.248276,-96.640793,309.032104,133.903534,-96.117249,304.355225,136.419891,,,
101,0.841667,14:59:42:17.01,-96.644035,302.154297,133.248001,-96.638710,309.031433,133.903122,-96.116325,304.353363,136.419220,,,
102,0.850000,14:59:42:17.02,-96.645584,302.153137,133.247513,-96.640060,309.031830,133.903275,-96.135818,304.355988,136.420578,,,
103,0.858333,14:59:42:17.03,-96.649063,302.154388,133.247360,-96.640816,309.032166,133.903671,-96.135483,304.353821,136.419418,,,
104,0.866667,14:59:42:18.00,-96.646385,302.153564,133.246857,-96.640152,309.031525,133.902817,-96.135719,304.354004,136.419632,,,
105,0.875000,14:59:42:18.01,-96.644142,302.153046,133.246307,-96.641441,309.032654,133.902664,-96.116997,304.353943,136.418945,,,
106,0.883333,14:59:42:18.02,-96.642479,302.153625,133.246582,-96.640213,309.031921,133.903214,-96.135078,304.354950,136.419785,,,
107,0.891667,14:59:42:18.03,-96.643600,302.153290,133.247192,-96.641083,309.032043,133.903793,-96.134819,304.353149,136.420258,,,
108,0.900000,14:59:42:19.00,-96.646805,302.153687,133.248276,-96.641472,309.032166,133.903214,-96.119652,304.353424,136.419235,,,
109,0.908333,14:59:42:19.01,-96.645370,302.153381,133.247070,-96.642334,309.031616,133.902802,-96.135071,304.355011,136.420776,,,
110,0.916667,14:59:42:19.02,-96.643486,302.153839,133.246979,-96.641525,309.031281,133.902161,-96.135483,304.352112,136.419540,,,
111,0.925000,14:59:42:19.03,-96.644531,302.154480,133.247192,-96.643684,309.032013,133.903732,-96.118645,304.352051,136.419586,,,
112,0.933333,14:59:42:20.00,-96.644684,302.153290,133.246185,-96.643593,309.032379,133.903412,-96.133766,304.354858,136.419800,,,
113,0.941667,14:59:42:20.01,-96.645744,302.153992,133.247559,-96.641182,309.032196,133.903168,-96.118790,304.353271,136.419113,,,
114,0.950000,14:59:42:20.02,-96.646294,302.154236,133.248169,-96.640739,309.031403,133.902161,-96.135635,304.355865,136.420914,,,
115,0.958333,14:59:42:20.03,-96.646515,302.154449,133.248428,-96.640701,309.031403,133.902817,-96.119339,304.352142,136.418732,,,
116,0.966667,14:59:42:21.00,-96.645424,302.153503,133.247238,-96.640953,309.031616,133.903091,-96.117523,304.354126,136.419449,,,
117,0.975000,14:59:42:21.01,-96.644920,302.154358,133.246933,-96.640877,309.031311,133.903366,-96.135040,304.353943,136.420532,,,
118,0.983333,14:59:42:21.02,-96.643623,302.153839,133.246460,-96.640686,309.031189,133.901840,-96.135208,304.352478,136.420364,,,
119,0.991667,14:59:42:21.03,-96.644981,302.153778,133.247742,-96.640762,309.031891,133.902878,-96.118423,304.354126,136.418793,,,
120,1.000000,14:59:42:22.00,-96.646240,302.153809,133.249146,-96.641205,309.031799,133.903809,-96.118004,304.354492,136.418396,,,
121,1.008333,14:59:42:22.01,-96.646255,302.153625,133.248123,-96.640633,309.032288,133.903442,-96.116455,304.353851,136.418915,,,
122,1.016667,14:59:42:22.02,-96.643761,302.152954,133.247070,-96.640381,309.031830,133.902771,-96.118599,304.353149,136.419601,,,
123,1.025000,14:59:42:22.03,-96.644859,302.152863,133.247086,-96.640816,309.031433,133.902542,-96.116745,304.353058,136.417648,,,
124,1.033333,14:59:42:23.00,-96.644608,302.153870,133.246216,-96.641380,309.031250,133.903366,-96.135551,304.355469,136.420609,,,
125,1.041667,14:59:42:23.01,-96.644516,302.154572,133.247986,-96.640778,309.032043,133.902573,-96.134056,304.353790,136.419617,,,
126,1.050000,14:59:42:23.02,-96.644531,302.153168,133.247406,-96.641228,309.032410,133.902832,-96.137589,304.355194,136.419983,,,
127,1.058333,14:59:42:23.03,-96.645966,302.153870,133.247604,-96.641487,309.032684,133.903015,-96.135597,304.354706,136.420471,,,
128,1.066667,14:59:42:24.00,-96.644928,302.154480,133.247467,-96.640793,309.031403,133.903549,-96.134293,304.354248,136.420441,,,
129,1.075000,14:59:42:24.01,-96.644363,302.153778,133.246857,-96.640854,309.030975,133.901947,-96.135109,304.354492,136.420532,,,
130,1.083333,14:59:42:24.02,-96.645393,302.153687,133.246780,-96.641319,309.032043,133.903870,-96.119652,304.354248,136.419220,,,
131,1.091667,14:59:42:24.03,-96.645348,302.154175,133.248138,-96.640060,309.031952,133.902664,-96.134720,304.357208,136.420044,,,
132,1.100000,14:59:42:25.00,-96.644119,302.153992,133.246674,-96.639885,309.032043,133.902664,-96.118134,304.353394,136.419205,,,
133,1.108333,14:59:42:25.01,-96.643967,302.155487,133.246964,-96.640625,309.032135,133.902344,-96.136353,304.356445,136.420456,,,
134,1.116667,14:59:42:25.02,-96.644424,302.154541,133.246536,-96.642647,309.032898,133.902924,-96.136848,304.354797,136.419708,,,
135,1.125000,14:59:42:25.03,-96.644722,302.154053,133.247025,-96.642586,309.030365,133.903564,-96.119186,304.354279,136.419769,,,
136,1.133333,14:59:42:26.00,-96.643539,302.153412,133.245804,-96.642616,309.031403,133.902328,-96.135979,304.357239,136.420013,,,
137,1.141667,14:59:42:26.01,-96.644066,302.154907,133.246597,-96.642975,309.031952,133.902649,-96.135315,304.355133,136.419479,,,
138,1.150000,14:59:42:26.02,-96.646507,302.154663,133.248077,-96.641418,309.032074,133.902267,-96.134796,304.354492,136.419678,,,
139,1.158333,14:59:42:26.03,-96.645187,302.153381,133.246689,-96.641838,309.031433,133.902435,-96.135246,304.355896,136.419937,,,
140,1.166667,14:59:42:27.00,-96.646164,302.152832,133.246994,-96.642876,309.031921,133.902664,-96.118935,304.354645,136.419312,,,
141,1.175000,14:59:42:27.01,-96.644318,302.153534,133.245972,-96.641785,309.032562,133.902390,-96.134506,304.356445,136.420242,,,
142,1.183333,14:59:42:27.02,-96.645355,302.155243,133.246902,-96.641449,309.031738,133.902771,-96.135803,304.355225,136.420197,,,
143,1.191667,14:59:42:27.03,-96.644302,302.153564,133.246887,-96.640327,309.031830,133.902283,-96.116760,304.353363,136.418823,,,
144,1.200000,14:59:42:28.00,-96.643082,302.154449,133.246658,-96.641777,309.032288,133.901718,-96.135086,304.356842,136.420135,,,
145,1.208333,14:59:42:28.01,-96.645409,302.153870,133.246368,-96.640686,309.031403,133.902283,-96.136162,304.356201,136.419556,,,
146,1.216667,14:59:42:28.02,-96.645943,302.153717,133.247192,-96.640961,309.032715,133.903580,-96.116768,304.354370,136.418961,,,
147,1.225000,14:59:42:28.03,-96.645149,302.154694,133.246460,-96.640617,309.031616,133.902008,-96.132812,304.356628,136.418243,,,
148,1.233333,14:59:42:29.00,-96.645935,302.154053,133.247513,-96.640549,309.031555,133.902374,-96.135544,304.353760,136.420349,,,
149,1.241667,14:59:42:29.01,-96.646210,302.153687,133.247162,-96.642563,309.031738,133.902557,-96.135834,304.355194,136.419220,,,
150,1.250000,14:59:42:29.02,-96.646568,302.154175,133.248199,-96.642616,309.032257,133.902222,-96.117821,304.353851,136.417725,,,
151,1.258333,14:59:42:29.03,-96.643349,302.153625,133.246750,-96.641861,309.033142,133.903000,-96.117378,304.356110,136.419785,,,
152,1.266667,14:59:43:00.00,-96.644196,302.153076,133.247330,-96.640175,309.032837,133.902542,-96.134033,304.356018,136.419037,,,
153,1.275000,14:59:43:00.01,-96.644524,302.154053,133.246643,-96.640984,309.032166,133.902817,-96.136818,304.354584,136.419540,,,
154,1.283333,14:59:43:00.02,-96.645348,302.153656,133.245392,-96.640533,309.031555,133.903076,-96.135284,304.353607,136.418610,,,
155,1.291667,14:59:43:00.03,-96.644920,302.152374,133.246262,-96.640762,309.033142,133.902496,-96.133759,304.353943,136.419113,,,
156,1.300000,14:59:43:01.00,-96.643410,302.153442,133.246536,-96.641197,309.031403,133.902802,-96.134361,304.353699,136.419571,,,
157,1.308333,14:59:43:01.01,-96.643509,302.152893,133.245544,-96.640923,309.032806,133.902969,-96.118668,304.353973,136.419067,,,
158,1.316667,14:59:43:01.02,-96.646950,302.154541,133.247803,-96.640388,309.032043,133.902390,-96.117607,304.355469,136.419098,,,
159,1.325000,14:59:43:01.03,-96.644470,302.154480,133.248123,-96.640434,309.031525,133.902756,-96.117111,304.354248,136.417877,,,
160,1.333333,14:59:43:02.00,-96.643326,302.153687,133.246033,-96.641983,309.032135,133.903107,-96.135849,304.353790,136.419479,,,
161,1.341667,14:59:43:02.01,-96.643921,302.153076,133.247040,-96.639832,309.032043,133.901840,-96.134476,304.354034,136.419861,,,
162,1.350000,14:59:43:02.02,-96.645134,302.154510,133.246964,-96.642471,309.031403,133.902786,-96.135391,304.353485,136.418777,,,
163,1.358333,14:59:43:02.03,-96.646034,302.154175,133.246277,-96.641273,309.030762,133.902100,-96.117592,304.352295,136.418869,,,
164,1.366667,14:59:43:03.00,-96.644043,302.154266,133.246033,-96.642517,309.032043,133.903473,-96.135506,304.355347,136.419937,,,
165,1.375000,14:59:43:03.01,-96.646172,302.153412,133.247284,-96.639793,309.031982,133.901688,-96.136276,304.354156,136.420715,,,
166,1.383333,14:59:43:03.02,-96.646507,302.153290,133.246689,-96.641312,309.032593,133.903259,-96.118248,304.352539,136.418198,,,
167,1.391667,14:59:43:03.03,-96.646599,302.153320,133.246872,-96.641037,309.031830,133.902283,-96.117371,304.354034,136.419815,,,
168,1.400000,14:59:43:04.00,-96.645309,302.153717,133.246063,-96.642860,309.032166,133.902710,-96.116447,304.354767,136.418900,,,
169,1.408333,14:59:43:04.01,-96.644478,302.153107,133.247345,-96.642113,309.032288,133.903534,-96.118202,304.354797,136.420609,,,
170,1.416667,14:59:43:04.02,-96.646164,302.154236,133.247482,-96.641167,309.032501,133.903229,-96.134315,304.354187,136.419922,,,
171,1.425000,14:59:43:04.03,-96.645126,302.153656,133.247528,-96.641716,309.031464,133.902832,-96.136681,304.353058,136.419525,,,
172,1.433333,14:59:43:05.00,-96.644684,302.154266,133.247177,-96.642372,309.031219,133.902802,-96.136421,304.354065,136.420303,,,
173,1.441667,14:59:43:05.01,-96.643227,302.153290,133.247025,-96.641510,309.031189,133.902939,-96.118263,304.352783,136.420105,,,
174,1.450000,14:59:43:05.02,-96.644661,302.152405,133.246536,-96.640511,309.031982,133.902710,-96.135124,304.355347,136.419708,,,
175,1.458333,14:59:43:05.03,-96.644127,302.153046,133.247147,-96.641479,309.031738,133.903152,-96.118217,304.353394,136.420013,,,
176,1.466667,14:59:43:06.00,-96.645195,302.153717,133.246552,-96.642288,309.032257,133.903503,-96.134911,304.356171,136.418961,,,
177,1.475000,14:59:43:06.01,-96.646217,302.154602,133.247665,-96.642067,309.030029,133.902802,-96.135818,304.353821,136.420166,,,
178,1.483333,14:59:43:06.02,-96.645599,302.153198,133.246628,-96.643417,309.032257,133.904190,-96.136322,304.353333,136.419662,,,
179,1.491667,14:59:43:06.03,-96.644966,302.153625,133.246674,-96.642586,309.032288,133.903229,-96.134857,304.352936,136.419205,,,
180,1.500000,14:59:43:07.00,-96.645775,302.153564,133.247635,-96.640488,309.031403,133.903107,-96.133881,304.354126,136.419525,,,
181,1.508333,14:59:43:07.01,-96.645538,302.154175,133.246582,-96.640816,309.031006,133.903824,-96.135696,304.355682,136.419678,,,
182,1.516667,14:59:43:07.02,-96.643791,302.153809,133.247391,-96.641350,309.031311,133.902664,-96.136765,304.355377,136.420303,,,
183,1.525000,14:59:43:07.03,-96.644104,302.153595,133.247452,-96.640419,309.032013,133.903061,-96.118950,304.354095,136.419769,,,
184,1.533333,14:59:43:08.00,-96.644142,302.152863,133.246078,-96.640053,309.031738,133.902725,-96.132774,304.355896,136.419647,,,
185,1.541667,14:59:43:08.01,-96.644371,302.152649,133.247559,-96.640701,309.032043,133.902985,-96.136414,304.354248,136.419388,,,
186,1.550000,14:59:43:08.02,-96.644249,302.153961,133.247711,-96.641068,309.031555,133.901917,-96.135139,304.353668,136.420029,,,
187,1.558333,14:59:43:08.03,-96.646027,302.152496,133.246643,-96.642876,309.031952,133.902527,-96.135643,304.353943,136.419983,,,
188,1.566667,14:59:43:09.00,-96.646347,302.153015,133.248306,-96.641060,309.031464,133.902283,-96.137230,304.354156,136.419235,,,
189,1.575000,14:59:43:09.01,-96.644516,302.154266,133.247269,-96.640305,309.031494,133.902771,-96.117958,304.353821,136.420563,,,
190,1.583333,14:59:43:09.02,-96.646461,302.153503,133.247177,-96.640633,309.032593,133.902771,-96.134338,304.355957,136.419968,,,
191,1.591667,14:59:43:09.03,-96.645767,302.153503,133.247681,-96.640167,309.032104,133.902725,-96.133690,304.354034,136.419388,,,
192,1.600000,14:59:43:10.00,-96.644661,302.153229,133.247330,-96.641762,309.031494,133.903366,-96.134323,304.353302,136.419601,,,
193,1.608333,14:59:43:10.01,-96.644707,302.153137,133.246857,-96.642044,309.030731,133.902710,-96.135506,304.353790,136.420685,,,
194,1.616667,14:59:43:10.02,-96.644554,302.153900,133.247192,-96.640091,309.030975,133.902069,-96.136078,304.354767,136.419754,,,
195,1.625000,14:59:43:10.03,-96.643379,302.153870,133.248383,-96.641121,309.032806,133.903091,-96.135544,304.354340,136.420990,,,
196,1.633333,14:59:43:11.00,-96.642838,302.153900,133.247009,-96.641922,309.031250,133.902710,-96.136719,304.354584,136.420792,,,
197,1.641667,14:59:43:11.01,-96.645317,302.153961,133.247971,-96.640915,309.031036,133.902924,-96.136620,304.353729,136.420120,,,
198,1.650000,14:59:43:11.02,-96.645576,302.154572,133.247696,-96.641624,309.031982,133.903015,-96.134521,304.353943,136.419861,,,
199,1.658333,14:59:43:11.03,-96.645615,302.154175,133.248062,-96.641357,309.031494,133.902237,-96.135315,304.354584,136.419678,,,
200,1.666667,14:59:43:12.00,-96.646187,302.153290,133.247070,-96.640602,309.031799,133.901947,-96.134781,304.353912,136.420471,,,
201,1.675000,14:59:43:12.01,-96.643829,302.154022,133.246735,-96.641243,309.032623,133.902924,-96.118401,304.352692,136.420227,,,
202,1.683333,14:59:43:12.02,-96.642204,302.153381,133.247452,-96.640602,309.032013,133.901917,-96.134209,304.355316,136.419128,,,
203,1.691667,14:59:43:12.03,-96.646461,302.154388,133.247528,-96.642471,309.031708,133.903229,-96.135292,304.355377,136.420959,,,
204,1.700000,14:59:43:13.00,-96.645370,302.154053,133.246536,-96.640991,309.031860,133.903778,-96.137123,304.354919,136.421234,,,
205,1.708333,14:59:43:13.01,-96.643539,302.153381,133.247192,-96.641357,309.031342,133.902893,-96.136169,304.354584,136.420044,,,
206,1.716667,14:59:43:13.02,-96.646217,302.152740,133.247406,-96.640106,309.031158,133.902939,-96.119270,304.353790,136.419373,,,
207,1.725000,14:59:43:13.03,-96.643951,302.154816,133.247803,-96.640381,309.032227,133.901932,-96.135063,304.356018,136.420853,,,
208,1.733333,14:59:43:14.00,-96.644661,302.154236,133.247208,-96.639839,309.031677,133.902237,-96.120239,304.354645,136.419296,,,
209,1.741667,14:59:43:14.01,-96.645813,302.153625,133.247498,-96.641693,309.031769,133.903992,-96.134064,304.355469,136.419312,,,
210,1.750000,14:59:43:14.02,-96.645409,302.153503,133.246460,-96.640343,309.032196,133.901733,-96.118507,304.353729,136.419052,,,
211,1.758333,14:59:43:14.03,-96.643448,302.154266,133.246857,-96.640800,309.030304,133.902435,-96.133446,304.355865,136.419434,,,
212,1.766667,14:59:43:15.00,-96.643745,302.153503,133.247375,-96.641289,309.031525,133.901703,-96.136353,304.353577,136.419647,,,
213,1.775000,14:59:43:15.01,-96.644394,302.153625,133.246964,-96.641220,309.032043,133.902222,-96.136871,304.353394,136.420090,,,
214,1.783333,14:59:43:15.02,-96.645912,302.153076,133.246918,-96.641762,309.032013,133.902893,-96.135674,304.353699,136.419266,,,
215,1.791667,14:59:43:15.03,-96.643669,302.154327,133.246933,-96.641388,309.031494,133.902679,-96.118484,304.353546,136.419617,,,
216,1.800000,14:59:43:16.00,-96.645096,302.154236,133.248672,-96.639519,309.032104,133.903671,-96.134148,304.354462,136.419556,,,
217,1.808333,14:59:43:16.01,-96.646927,302.153931,133.248383,-96.640953,309.032104,133.902649,-96.135262,304.353973,136.419662,,,
218,1.816667,14:59:43:16.02,-96.646210,302.153442,133.246902,-96.641068,309.030792,133.903091,-96.135727,304.354156,136.420242,,,
219,1.825000,14:59:43:16.03,-96.646095,302.153046,133.246674,-96.641388,309.030731,133.902100,-96.118454,304.351624,136.419571,,,
220,1.833333,14:59:43:17.00,-96.646523,302.152863,133.247559,-96.641388,309.031433,133.902863,-96.134010,304.355347,136.420609,,,
221,1.841667,14:59:43:17.01,-96.645126,302.153839,133.247330,-96.641273,309.030670,133.902664,-96.136162,304.353699,136.420334,,,
222,1.850000,14:59:43:17.02,-96.644646,302.154205,133.246536,-96.642075,309.031616,133.902939,-96.135284,304.354767,136.420944,,,
223,1.858333,14:59:43:17.03,-96.645401,302.153717,133.246643,-96.641701,309.031525,133.902252,-96.134598,304.353058,136.420013,,,
224,1.866667,14:59:43:18.00,-96.643600,302.153870,133.246857,-96.642479,309.031616,133.903198,-96.134727,304.353577,136.419785,,,
225,1.875000,14:59:43:18.01,-96.644081,302.153290,133.246994,-96.640465,309.031433,133.902832,-96.136528,304.354919,136.420959,,,
226,1.883333,14:59:43:18.02,-96.645874,302.152924,133.246460,-96.641083,309.030731,133.903000,-96.117821,304.354370,136.419006,,,
227,1.891667,14:59:43:18.03,-96.645012,302.153778,133.246536,-96.642693,309.031281,133.903870,-96.118271,304.355713,136.419601,,,
228,1.900000,14:59:43:19.00,-96.644028,302.154236,133.246704,-96.642456,309.032593,133.903320,-96.117355,304.354858,136.419342,,,
229,1.908333,14:59:43:19.01,-96.645508,302.154419,133.247925,-96.641846,309.031067,133.901581,-96.134827,304.355713,136.421280,,,
230,1.916667,14:59:43:19.02,-96.646072,302.154480,133.247162,-96.643135,309.030762,133.903305,-96.119133,304.352997,136.418777,,,
231,1.925000,14:59:43:19.03,-96.643211,302.153229,133.246796,-96.641609,309.031525,133.902481,-96.116814,304.354126,136.420303,,,
232,1.933333,14:59:43:20.00,-96.647682,302.154572,133.247574,-96.643051,309.032196,133.903351,-96.134094,304.354431,136.419785,,,
233,1.941667,14:59:43:20.01,-96.646667,302.153625,133.246872,-96.641220,309.031708,133.902008,-96.136528,304.354706,136.418915,,,
234,1.950000,14:59:43:20.02,-96.645699,302.154327,133.246567,-96.640709,309.032288,133.902725,-96.135483,304.354736,136.419800,,,
235,1.958333,14:59:43:20.03,-96.644966,302.153442,133.246231,-96.640846,309.032257,133.902649,-96.119942,304.353821,136.419922,,,
236,1.966667,14:59:43:21.00,-96.646843,302.153717,133.247025,-96.641075,309.032349,133.902313,-96.133713,304.355347,136.419724,,,
237,1.975000,14:59:43:21.01,-96.646194,302.153259,133.247406,-96.641037,309.032074,133.901840,-96.134552,304.353424,136.419312,,,
238,1.983333,14:59:43:21.02,-96.646271,302.153503,133.247467,-96.640335,309.031097,133.902145,-96.136925,304.354462,136.419205,,,
239,1.991667,14:59:43:21.03,-96.645821,302.153625,133.247421,-96.640793,309.031738,133.902496,-96.134651,304.354614,136.419861,,,
240,2.000000,14:59:43:22.00,-96.645287,302.153442,133.247498,-96.642563,309.032166,133.902863,-96.134666,304.354034,136.419937,,,
241,2.008333,14:59:43:22.01,-96.644897,302.153290,133.247452,-96.642052,309.031738,133.903259,-96.135635,304.355072,136.420288,,,
242,2.016667,14:59:43:22.02,-96.644073,302.154236,133.247696,-96.641212,309.032104,133.902374,-96.134529,304.355194,136.418274,,,
243,2.025000,14:59:43:22.03,-96.645958,302.153351,133.247406,-96.641518,309.031769,133.903519,-96.117966,304.354584,136.419327,,,
244,2.033333,14:59:43:23.00,-96.644997,302.154205,133.247223,-96.640312,309.032074,133.903030,-96.135445,304.354675,136.419708,,,
245,2.041667,14:59:43:23.01,-96.646263,302.154999,133.247131,-96.641769,309.031311,133.903091,-96.136467,304.353821,136.420670,,,
246,2.050000,14:59:43:23.02,-96.648354,302.153503,133.247925,-96.643127,309.031952,133.903580,-96.135849,304.354431,136.420319,,,
247,2.058333,14:59:43:23.03,-96.646538,302.153351,133.246796,-96.641426,309.031860,133.902206,-96.135864,304.355072,136.420135,,,
248,2.066667,14:59:43:24.00,-96.646820,302.153381,133.247360,-96.641960,309.032593,133.904556,-96.135284,304.354889,136.419693,,,
249,2.075000,14:59:43:24.01,-96.647507,302.153076,133.246277,-96.641380,309.032043,133.902847,-96.118248,304.353821,136.419250,,,
250,2.083333,14:59:43:24.02,-96.647385,302.153320,133.247726,-96.643341,309.033051,133.902588,-96.134689,304.355438,136.419510,,,
251,2.091667,14:59:43:24.03,-96.643845,302.154358,133.246750,-96.641235,309.034241,133.902771,-96.118752,304.353577,136.419052,,,
252,2.100000,14:59:43:25.00,-96.644508,302.153931,133.246201,-96.639999,309.032227,133.902603,-96.119957,304.354889,136.420044,,,
253,2.108333,14:59:43:25.01,-96.647469,302.153839,133.247711,-96.642052,309.031586,133.903152,-96.118561,304.354858,136.421082,,,
254,2.116667,14:59:43:25.02,-96.646683,302.152924,133.248535,-96.641411,309.031525,133.903473,-96.118057,304.353424,136.420212,,,
255,2.125000,14:59:43:25.03,-96.644989,302.153564,133.247650,-96.640663,309.031921,133.902313,-96.117561,304.354248,136.419327,,,
256,2.133333,14:59:43:26.00,-96.643753,302.153503,133.245972,-96.642082,309.031647,133.903015,-96.135559,304.355225,136.419724,,,
257,2.141667,14:59:43:26.01,-96.644302,302.152710,133.246918,-96.641418,309.031769,133.902756,-96.117493,304.353485,136.418961,,,
258,2.150000,14:59:43:26.02,-96.647469,302.153381,133.247818,-96.641937,309.031525,133.902878,-96.134827,304.356567,136.420486,,,
259,2.158333,14:59:43:26.03,-96.646744,302.154236,133.247101,-96.640007,309.031952,133.902283,-96.136177,304.354614,136.419281,,,
260,2.166667,14:59:43:27.00,-96.644264,302.153900,133.246857,-96.641129,309.032471,133.903656,-96.135979,304.354065,136.420578,,,
261,2.175000,14:59:43:27.01,-96.643661,302.153503,133.245987,-96.640579,309.032288,133.903519,-96.135201,304.354950,136.420685,,,
262,2.183333,14:59:43:27.02,-96.645752,302.153442,133.246841,-96.641479,309.032288,133.903107,-96.118469,304.353119,136.418869,,,
263,2.191667,14:59:43:27.03,-96.643120,302.153046,133.246811,-96.641190,309.032745,133.903458,-96.133682,304.355835,136.419540,,,
264,2.200000,14:59:43:28.00,-96.645119,302.153931,133.247131,-96.640488,309.031616,133.903076,-96.136383,304.353546,136.420563,,,
265,2.208333,14:59:43:28.01,-96.644478,302.154816,133.247513,-96.642311,309.032104,133.902893,-96.136322,304.354462,136.420364,,,
266,2.216667,14:59:43:28.02,-96.645020,302.154114,133.247375,-96.642464,309.032043,133.903473,-96.119858,304.354553,136.419678,,,
267,2.225000,14:59:43:28.03,-96.645134,302.154816,133.247406,-96.640656,309.031311,133.902771,-96.133995,304.355255,136.419815,,,
268,2.233333,14:59:43:29.00,-96.645393,302.154022,133.247177,-96.641403,309.031281,133.903198,-96.137466,304.355194,136.419739,,,
269,2.241667,14:59:43:29.01,-96.648262,302.155151,133.248703,-96.641083,309.031616,133.902679,-96.135399,304.354736,136.419907,,,
270,2.250000,14:59:43:29.02,-96.646439,302.154419,133.247635,-96.641472,309.031311,133.901901,-96.119171,304.354645,136.417999,,,
271,2.258333,14:59:43:29.03,-96.645287,302.154083,133.248001,-96.642822,309.031708,133.902603,-96.135391,304.356079,136.420074,,,
272,2.266667,14:59:44:00.00,-96.647995,302.153687,133.247437,-96.641930,309.033020,133.903366,-96.137314,304.353210,136.419922,,,
273,2.275000,14:59:44:00.01,-96.645737,302.153107,133.248199,-96.640648,309.031586,133.903397,-96.137405,304.355652,136.420013,,,
274,2.283333,14:59:44:00.02,-96.645447,302.152802,133.246811,-96.641579,309.031952,133.902557,-96.136543,304.353058,136.419540,,,
275,2.291667,14:59:44:00.03,-96.645599,302.154053,133.247116,-96.640434,309.030853,133.902649,-96.136192,304.355225,136.419250,,,
276,2.300000,14:59:44:01.00,-96.647850,302.153473,133.247269,-96.642265,309.031952,133.902908,-96.135887,304.354706,136.420258,,,
277,2.308333,14:59:44:01.01,-96.647438,302.154510,133.247620,-96.640823,309.031860,133.902832,-96.136322,304.353638,136.419968,,,
278,2.316667,14:59:44:01.02,-96.645912,302.154480,133.247131,-96.642197,309.033051,133.903046,-96.135391,304.355896,136.420380,,,
279,2.325000,14:59:44:01.03,-96.646652,302.153931,133.247406,-96.641037,309.031403,133.902740,-96.136032,304.354401,136.419601,,,
280,2.333333,14:59:44:02.00,-96.647141,302.154175,133.246643,-96.640198,309.031342,133.902527,-96.136948,304.355438,136.421295,,,
281,2.341667,14:59:44:02.01,-96.643845,302.153442,133.247635,-96.640892,309.031128,133.902496,-96.136299,304.355225,136.419907,,,
282,2.350000,14:59:44:02.02,-96.644783,302.154297,133.246887,-96.642181,309.032990,133.902863,-96.136787,304.354370,136.419556,,,
283,2.358333,14:59:44:02.03,-96.643814,302.154053,133.247955,-96.642036,309.031250,133.902359,-96.136841,304.356018,136.419418,,,
284,2.366667,14:59:44:03.00,-96.645691,302.154205,133.247192,-96.642906,309.031403,133.902283,-96.136787,304.354279,136.419754,,,
285,2.375000,14:59:44:03.01,-96.646461,302.153595,133.246902,-96.641762,309.030731,133.902390,-96.137177,304.354980,136.420624,,,
286,2.383333,14:59:44:03.02,-96.645958,302.154602,133.248383,-96.642464,309.032501,133.902710,-96.118408,304.353180,136.419556,,,
287,2.391667,14:59:44:03.03,-96.647377,302.153320,133.247299,-96.641098,309.032166,133.902130,-96.133873,304.355591,136.420288,,,
288,2.400000,14:59:44:04.00,-96.645149,302.154724,133.247223,-96.639915,309.031036,133.901672,-96.118889,304.354858,136.419952,,,
289,2.408333,14:59:44:04.01,-96.643997,302.154358,133.246857,-96.641571,309.032990,133.903091,-96.116325,304.355011,136.420166,,,
290,2.416667,14:59:44:04.02,-96.643608,302.153717,133.248947,-96.640671,309.030884,133.902634,-96.133553,304.355469,136.420135,,,
291,2.425000,14:59:44:04.03,-96.645897,302.154083,133.247314,-96.641640,309.032654,133.903534,-96.118462,304.352753,136.419540,,,
292,2.433333,14:59:44:05.00,-96.644760,302.154327,133.247391,-96.640030,309.031891,133.901398,-96.134010,304.355194,136.420547,,,
293,2.441667,14:59:44:05.01,-96.646515,302.152802,133.246353,-96.639908,309.031555,133.902451,-96.135849,304.352966,136.418457,,,
294,2.450000,14:59:44:05.02,-96.644531,302.153229,133.247421,-96.640602,309.031525,133.903473,-96.134903,304.353943,136.419968,,,
295,2.458333,14:59:44:05.03,-96.643188,302.152893,133.247192,-96.640488,309.031433,133.903152,-96.135155,304.354156,136.420212,,,
296,2.466667,14:59:44:06.00,-96.645531,302.153381,133.246536,-96.642563,309.033417,133.903412,-96.136002,304.353943,136.418793,,,
297,2.475000,14:59:44:06.01,-96.644821,302.152313,133.245575,-96.641548,309.031311,133.903152,-96.135513,304.353577,136.419952,,,
298,2.483333,14:59:44:06.02,-96.645576,302.152283,133.247452,-96.642113,309.033112,133.902603,-96.135330,304.353729,136.419373,,,
299,2.491667,14:59:44:06.03,-96.645020,302.154663,133.247406,-96.642204,309.031067,133.902985,-96.135246,304.354584,136.419464,,,
300,2.500000,14:59:44:07.00,-96.644386,302.154205,133.246704,-96.640518,309.031616,133.902237,-96.119713,304.353973,136.418121,,,
301,2.508333,14:59:44:07.01,-96.645462,302.154114,133.246796,-96.640755,309.031860,133.902756,-96.117416,304.354248,136.419601,,,
302,2.516667,14:59:44:07.02,-96.645576,302.153168,133.246887,-96.640541,309.031647,133.903595,-96.136002,304.355225,136.420853,,,
303,2.525000,14:59:44:07.03,-96.646324,302.152985,133.247498,-96.641144,309.031555,133.902985,-96.134979,304.354248,136.419067,,,
304,2.533333,14:59:44:08.00,-96.643639,302.154236,133.248215,-96.641708,309.031311,133.903198,-96.137344,304.354858,136.420380,,,
305,2.541667,14:59:44:08.01,-96.645042,302.153931,133.247162,-96.641747,309.031708,133.903275,-96.117668,304.352997,136.418365,,,
306,2.550000,14:59:44:08.02,-96.645210,302.153442,133.245926,-96.642365,309.032867,133.902466,-96.134148,304.354614,136.419708,,,
307,2.558333,14:59:44:08.03,-96.647217,302.153320,133.247681,-96.640244,309.031616,133.902649,-96.134003,304.353394,136.418777,,,
308,2.566667,14:59:44:09.00,-96.647751,302.154358,133.246948,-96.642776,309.032806,133.903259,-96.135620,304.354309,136.419510,,,
309,2.575000,14:59:44:09.01,-96.646454,302.153839,133.247574,-96.643188,309.032074,133.902588,-96.136887,304.353607,136.420120,,,
310,2.583333,14:59:44:09.02,-96.645462,302.154755,133.248932,-96.640900,309.030914,133.902283,-96.137444,304.355438,136.421280,,,
311,2.591667,14:59:44:09.03,-96.644119,302.153442,133.245911,-96.641609,309.031433,133.902771,-96.135811,304.354156,136.419861,,,
312,2.600000,14:59:44:10.00,-96.643768,302.153503,133.246643,-96.640938,309.031311,133.901917,-96.120140,304.354034,136.418915,,,
313,2.608333,14:59:44:10.01,-96.644272,302.154297,133.246475,-96.640190,309.031830,133.902390,-96.136055,304.356110,136.419922,,,
314,2.616667,14:59:44:10.02,-96.646385,302.153015,133.247131,-96.639320,309.030609,133.902222,-96.118820,304.353180,136.419617,,,
315,2.625000,14:59:44:10.03,-96.645317,302.152710,133.245834,-96.641472,309.030640,133.903076,-96.116776,304.354401,136.418350,,,
316,2.633333,14:59:44:11.00,-96.642754,302.153412,133.247009,-96.640549,309.031036,133.903076,-96.116730,304.354095,136.417435,,,
317,2.641667,14:59:44:11.01,-96.645203,302.153687,133.246536,-96.639992,309.031830,133.902710,-96.134529,304.354797,136.419205,,,
318,2.650000,14:59:44:11.02,-96.644936,302.153870,133.247055,-96.640015,309.032349,133.902283,-96.137398,304.353577,136.419373,,,
319,2.658333,14:59:44:11.03,-96.645943,302.154358,133.247955,-96.640762,309.032074,133.903351,-96.117592,304.352509,136.418243,,,
320,2.666667,14:59:44:12.00,-96.646759,302.154449,133.246857,-96.640388,309.031189,133.901993,-96.135017,304.355103,136.419357,,,
321,2.675000,14:59:44:12.01,-96.648422,302.153229,133.247910,-96.641701,309.031921,133.903793,-96.134392,304.353333,136.419632,,,
322,2.683333,14:59:44:12.02,-96.646698,302.153290,133.247574,-96.641060,309.032532,133.903091,-96.135201,304.355042,136.419220,,,
323,2.691667,14:59:44:12.03,-96.645363,302.154388,133.247238,-96.640739,309.031250,133.902283,-96.135300,304.355835,136.420441,,,
324,2.700000,14:59:44:13.00,-96.644844,302.153961,133.248260,-96.641571,309.031891,133.902298,-96.117363,304.352966,136.418427,,,
325,2.708333,14:59:44:13.01,-96.644440,302.152710,133.246475,-96.640846,309.031128,133.902893,-96.118172,304.354767,136.418777,,,
326,2.716667,14:59:44:13.02,-96.645454,302.152863,133.246521,-96.640831,309.032715,133.903427,-96.135262,304.355469,136.420090,,,
327,2.725000,14:59:44:13.03,-96.644821,302.154114,133.246109,-96.640717,309.032501,133.902924,-96.119980,304.352814,136.417679,,,
328,2.733333,14:59:44:14.00,-96.643158,302.153870,133.246170,-96.640793,309.031708,133.902191,-96.117630,304.354706,136.418640,,,
329,2.741667,14:59:44:14.01,-96.643280,302.153992,133.246902,-96.642075,309.032318,133.902817,-96.134392,304.356628,136.420975,,,
330,2.750000,14:59:44:14.02,-96.644722,302.153015,133.247223,-96.640846,309.031891,133.902847,-96.135750,304.353394,136.418961,,,
331,2.758333,14:59:44:14.03,-96.649910,302.153717,133.247299,-96.639648,309.032684,133.902588,-96.118675,304.353607,136.419678,,,
332,2.766667,14:59:44:15.00,-96.646790,302.153778,133.246506,-96.640617,309.032074,133.902786,-96.117897,304.354889,136.419479,,,
333,2.775000,14:59:44:15.01,-96.642593,302.153717,133.247192,-96.640663,309.030640,133.902328,-96.116753,304.354218,136.419235,,,
334,2.783333,14:59:44:15.02,-96.643311,302.154510,133.247101,-96.641037,309.031311,133.902115,-96.117935,304.355042,136.419846,,,
335,2.791667,14:59:44:15.03,-96.645798,302.154175,133.247299,-96.640488,309.030243,133.902786,-96.133286,304.355164,136.419571,,,
336,2.800000,14:59:44:16.00,-96.643204,302.153534,133.246994,-96.641747,309.031311,133.901947,-96.117371,304.353394,136.418701,,,
337,2.808333,14:59:44:16.01,-96.646912,302.154449,133.246872,-96.640907,309.031830,133.902161,-96.117439,304.354370,136.419098,,,
338,2.816667,14:59:44:16.02,-96.646332,302.153473,133.247650,-96.640984,309.031952,133.902496,-96.118584,304.353302,136.418930,,,
339,2.825000,14:59:44:16.03,-96.644638,302.153168,133.246841,-96.640785,309.031342,133.902023,-96.117332,304.353699,136.419266,,,
340,2.833333,14:59:44:17.00,-96.644569,302.153961,133.247513,-96.643188,309.032471,133.903839,-96.135208,304.354858,136.418457,,,
341,2.841667,14:59:44:17.01,-96.642532,302.154388,133.246597,-96.641609,309.031555,133.902710,-96.136261,304.354034,136.421387,,,
342,2.850000,14:59:44:17.02,-96.645493,302.152496,133.247406,-96.641609,309.031830,133.903366,-96.134491,304.355133,136.419662,,,
343,2.858333,14:59:44:17.03,-96.644188,302.153656,133.246429,-96.640709,309.031189,133.901428,-96.135849,304.354309,136.419464,,,
344,2.866667,14:59:44:18.00,-96.643623,302.152649,133.247620,-96.641998,309.032379,133.902069,-96.119514,304.353485,136.418396,,,
345,2.875000,14:59:44:18.01,-96.646294,302.153839,133.247894,-96.641304,309.031708,133.902344,-96.134697,304.355347,136.419754,,,
346,2.883333,14:59:44:18.02,-96.641632,302.153625,133.246399,-96.640099,309.031311,133.901978,-96.119919,304.353058,136.418289,,,
347,2.891667,14:59:44:18.03,-96.642029,302.154327,133.247070,-96.640503,309.031128,133.902161,-96.117531,304.354797,136.419189,,,
348,2.900000,14:59:44:19.00,-96.644081,302.152802,133.247299,-96.640419,309.032379,133.902557,-96.136261,304.355377,136.419754,,,
349,2.908333,14:59:44:19.01,-96.643394,302.153870,133.245865,-96.640327,309.031860,133.902390,-96.118141,304.352997,136.418457,,,
350,2.916667,14:59:44:19.02,-96.642380,302.152924,133.247345,-96.641663,309.032257,133.902145,-96.134277,304.355591,136.420105,,,
351,2.925000,14:59:44:19.03,-96.643082,302.153351,133.246765,-96.640793,309.030853,133.901962,-96.118538,304.353821,136.419968,,,
352,2.933333,14:59:44:20.00,-96.643707,302.154480,133.246048,-96.641289,309.032623,133.901810,-96.135941,304.356171,136.420670,,,
353,2.941667,14:59:44:20.01,-96.642876,302.153778,133.247513,-96.641563,309.031616,133.903046,-96.135086,304.354370,136.420425,,,
354,2.950000,14:59:44:20.02,-96.644035,302.153961,133.246490,-96.641747,309.032318,133.902512,-96.136024,304.354156,136.420197,,,
355,2.958333,14:59:44:20.03,-96.646713,302.154266,133.246887,-96.642830,309.031342,133.902344,-96.117767,304.353821,136.418350,,,
356,2.966667,14:59:44:21.00,-96.646118,302.154388,133.247223,-96.642258,309.031372,133.903366,-96.134308,304.356232,136.419601,,,
357,2.975000,14:59:44:21.01,-96.646080,302.153412,133.247986,-96.640175,309.030640,133.901993,-96.117706,304.354584,136.418457,,,
358,2.983333,14:59:44:21.02,-96.645096,302.154449,133.247391,-96.641541,309.031372,133.902328,-96.117981,304.354584,136.419601,,,
359,2.991667,14:59:44:21.03,-96.644035,302.153931,133.247208,-96.642365,309.030762,133.901520,-96.134895,304.355164,136.419617,,,
360,3.000000,14:59:44:22.00,-96.644402,302.153290,133.247650,-96.642448,309.031616,133.902130,-96.136757,304.354248,136.419006,,,
361,3.008333,14:59:44:22.01,-96.644012,302.153900,133.246567,-96.641525,309.031342,133.902557,-96.118858,304.353516,136.418594,,,
362,3.016667,14:59:44:22.02,-96.644974,302.153412,133.246078,-96.641617,309.031799,133.902710,-96.134491,304.355896,136.419952,,,
363,3.025000,14:59:44:22.03,-96.645126,302.153351,133.246689,-96.641998,309.031067,133.903091,-96.136116,304.353485,136.420029,,,
364,3.033333,14:59:44:23.00,-96.646698,302.154388,133.247131,-96.641449,309.031525,133.902802,-96.134621,304.352509,136.419662,,,
365,3.041667,14:59:44:23.01,-96.645721,302.153381,133.246689,-96.640724,309.032288,133.902985,-96.134804,304.354675,136.419846,,,
366,3.050000,14:59:44:23.02,-96.645439,302.153198,133.247284,-96.640747,309.031281,133.901962,-96.135300,304.354370,136.420517,,,
367,3.058333,14:59:44:23.03,-96.644409,302.153198,133.245560,-96.643204,309.032013,133.902664,-96.135353,304.354950,136.419540,,,
368,3.066667,14:59:44:24.00,-96.643349,302.153625,133.247086,-96.641907,309.030640,133.903290,-96.136047,304.354919,136.419724,,,
369,3.075000,14:59:44:24.01,-96.643501,302.153290,133.246841,-96.641579,309.030273,133.902710,-96.136528,304.354156,136.420914,,,
370,3.083333,14:59:44:24.02,-96.643791,302.153076,133.245865,-96.641457,309.030518,133.902161,-96.136925,304.355438,136.420197,,,
371,3.091667,14:59:44:24.03,-96.643578,302.153748,133.246765,-96.641472,309.031342,133.901825,-96.135132,304.354218,136.418961,,,
372,3.100000,14:59:44:25.00,-96.646156,302.153625,133.247177,-96.640717,309.031036,133.901657,-96.137497,304.354553,136.420654,,,
373,3.108333,14:59:44:25.01,-96.644073,302.153931,133.247635,-96.640656,309.031250,133.900986,-96.118797,304.353180,136.419540,,,
374,3.116667,14:59:44:25.02,-96.645905,302.153412,133.246262,-96.640381,309.030914,133.902084,-96.133232,304.355347,136.418915,,,
375,3.125000,14:59:44:25.03,-96.646355,302.154694,133.246704,-96.642159,309.032440,133.903076,-96.137283,304.354950,136.420044,,,
376,3.133333,14:59:44:26.00,-96.644638,302.154266,133.247711,-96.641869,309.031799,133.902710,-96.135452,304.354492,136.420258,,,
377,3.141667,14:59:44:26.01,-96.645729,302.153076,133.246933,-96.642105,309.031586,133.903473,-96.135193,304.353333,136.420532,,,
378,3.150000,14:59:44:26.02,-96.644409,302.153656,133.246216,-96.640869,309.031952,133.902405,-96.135750,304.353394,136.420563,,,
379,3.158333,14:59:44:26.03,-96.644341,302.153839,133.246323,-96.639465,309.032715,133.900803,-96.136024,304.353607,136.419434,,,
380,3.166667,14:59:44:27.00,-96.647583,302.152740,133.248489,-96.640137,309.031586,133.902206,-96.133492,304.353943,136.419312,,,
381,3.175000,14:59:44:27.01,-96.647293,302.153748,133.247681,-96.640816,309.031830,133.902145,-96.119347,304.352875,136.419479,,,
382,3.183333,14:59:44:27.02,-96.646317,302.153168,133.247299,-96.639557,309.031525,133.901627,-96.134415,304.354248,136.419220,,,
383,3.191667,14:59:44:27.03,-96.646309,302.153717,133.246918,-96.642693,309.031738,133.903168,-96.137466,304.354614,136.419418,,,
384,3.200000,14:59:44:28.00,-96.645287,302.153625,133.247803,-96.642395,309.030975,133.903519,-96.136108,304.352509,136.418945,,,
385,3.208333,14:59:44:28.01,-96.643623,302.153992,133.246552,-96.641434,309.031403,133.902008,-96.118744,304.352570,136.419540,,,
386,3.216667,14:59:44:28.02,-96.645035,302.153900,133.245697,-96.642342,309.031677,133.902878,-96.134293,304.355682,136.419052,,,
387,3.225000,14:59:44:28.03,-96.644890,302.154755,133.247620,-96.642776,309.031189,133.902435,-96.135925,304.354950,136.420120,,,
388,3.233333,14:59:44:29.00,-96.646461,302.153076,133.247345,-96.641663,309.031830,133.903427,-96.118866,304.353027,136.419327,,,
389,3.241667,14:59:44:29.01,-96.645645,302.153503,133.245895,-96.639511,309.031891,133.901855,-96.117363,304.353271,136.419861,,,
390,3.250000,14:59:44:29.02,-96.642807,302.153839,133.245926,-96.641624,309.032562,133.903366,-96.136543,304.355225,136.420883,,,
391,3.258333,14:59:44:29.03,-96.645752,302.154236,133.247528,-96.641907,309.032104,133.903366,-96.119118,304.352417,136.419052,,,
392,3.266667,14:59:45:00.00,-96.644226,302.153656,133.247345,-96.640999,309.031006,133.903442,-96.136765,304.355804,136.421280,,,
393,3.275000,14:59:45:00.01,-96.645149,302.153717,133.247345,-96.643700,309.031738,133.904526,-96.118797,304.353058,136.419037,,,
394,3.283333,14:59:45:00.02,-96.644417,302.153992,133.246750,-96.639458,309.032043,133.902405,-96.133629,304.354706,136.418671,,,
395,3.291667,14:59:45:00.03,-96.645447,302.153839,133.247894,-96.640427,309.031860,133.903366,-96.120277,304.353210,136.419647,,,
396,3.300000,14:59:45:01.00,-96.643188,302.152893,133.246811,-96.641472,309.032013,133.902634,-96.135025,304.355133,136.418915,,,
397,3.308333,14:59:45:01.01,-96.643295,302.153625,133.246475,-96.640953,309.031494,133.901794,-96.120354,304.353821,136.419434,,,
398,3.316667,14:59:45:01.02,-96.644852,302.152802,133.246994,-96.641579,309.032379,133.903580,-96.117111,304.353943,136.420013,,,
399,3.325000,14:59:45:01.03,-96.646599,302.153992,133.246765,-96.641418,309.032867,133.903580,-96.135239,304.354462,136.420532,,,
400,3.333333,14:59:45:02.00,-96.644409,302.152985,133.247498,-96.641708,309.032715,133.903976,-96.137383,304.354126,136.420700,,,
401,3.341667,14:59:45:02.01,-96.645569,302.152863,133.247452,-96.640846,309.031555,133.903290,-96.136017,304.354279,136.419678,,,
402,3.350000,14:59:45:02.02,-96.645111,302.153839,133.247833,-96.639732,309.031189,133.901840,-96.134552,304.354370,136.420685,,,
403,3.358333,14:59:45:02.03,-96.645752,302.152893,133.246201,-96.640854,309.031586,133.903717,-96.136490,304.355469,136.420273,,,
404,3.366667,14:59:45:03.00,-96.644180,302.153534,133.244965,-96.640648,309.031250,133.902557,-96.137268,304.355316,136.420334,,,
405,3.375000,14:59:45:03.01,-96.644821,302.153992,133.247818,-96.640656,309.031555,133.902390,-96.118835,304.353668,136.418945,,,
406,3.383333,14:59:45:03.02,-96.645119,302.153320,133.245880,-96.641693,309.032288,133.903168,-96.118256,304.353394,136.419891,,,
407,3.391667,14:59:45:03.03,-96.642677,302.152161,133.246338,-96.643059,309.032562,133.902863,-96.117538,304.353058,136.419342,,,
408,3.400000,14:59:45:04.00,-96.643074,302.153931,133.245819,-96.641197,309.031158,133.902100,-96.135490,304.355225,136.419952,,,
409,3.408333,14:59:45:04.01,-96.644539,302.153717,133.246964,-96.641350,309.032501,133.903229,-96.135193,304.353546,136.419067,,,
410,3.416667,14:59:45:04.02,-96.646484,302.153198,133.247681,-96.642532,309.033142,133.902740,-96.136337,304.354034,136.419434,,,
411,3.425000,14:59:45:04.03,-96.647552,302.152710,133.248001,-96.640717,309.031952,133.903214,-96.136078,304.354767,136.420715,,,
412,3.433333,14:59:45:05.00,-96.645126,302.153381,133.247009,-96.640381,309.031189,133.902451,-96.136467,304.354156,136.419937,,,
413,3.441667,14:59:45:05.01,-96.644089,302.153625,133.246567,-96.640778,309.032166,133.902695,-96.118805,304.352448,136.419327,,,
414,3.450000,14:59:45:05.02,-96.645531,302.153259,133.246902,-96.640732,309.031921,133.902451,-96.136017,304.356110,136.420151,,,
415,3.458333,14:59:45:05.03,-96.646080,302.152740,133.247025,-96.641594,309.031555,133.901672,-96.117905,304.353943,136.418503,,,
416,3.466667,14:59:45:06.00,-96.646843,302.153656,133.246521,-96.641663,309.031860,133.902878,-96.134506,304.355774,136.419785,,,
417,3.475000,14:59:45:06.01,-96.646790,302.154907,133.246719,-96.640236,309.032318,133.902130,-96.118752,304.352417,136.419205,,,
418,3.483333,14:59:45:06.02,-96.644890,302.152466,133.246689,-96.640846,309.031342,133.902771,-96.136543,304.355652,136.420090,,,
419,3.491667,14:59:45:06.03,-96.642342,302.153290,133.246292,-96.640991,309.031311,133.902237,-96.137260,304.353943,136.419693,,,
420,3.500000,14:59:45:07.00,-96.645424,302.153931,133.246704,-96.640594,309.031616,133.902863,-96.135284,304.352600,136.419830,,,
421,3.508333,14:59:45:07.01,-96.644791,302.153900,133.248276,-96.641548,309.032501,133.901993,-96.117409,304.351898,136.418457,,,
422,3.516667,14:59:45:07.02,-96.649742,302.155243,133.248383,-96.640823,309.031067,133.902191,-96.133835,304.354309,136.419281,,,
423,3.525000,14:59:45:07.03,-96.646446,302.153412,133.246750,-96.641212,309.031097,133.902786,-96.135674,304.353699,136.418961,,,
424,3.533333,14:59:45:08.00,-96.646225,302.153320,133.246964,-96.641708,309.031982,133.903000,-96.117798,304.352478,136.419220,,,
425,3.541667,14:59:45:08.01,-96.647171,302.153076,133.246567,-96.641747,309.031647,133.903336,-96.134880,304.355682,136.419754,,,
426,3.550000,14:59:45:08.02,-96.645226,302.152496,133.246613,-96.640594,309.031799,133.902603,-96.135300,304.353394,136.418945,,,
427,3.558333,14:59:45:08.03,-96.645851,302.152802,133.247055,-96.640869,309.031616,133.902954,-96.136925,304.353943,136.418839,,,
428,3.566667,14:59:45:09.00,-96.645180,302.152496,133.246887,-96.641121,309.031982,133.902634,-96.134956,304.353516,136.419418,,,
429,3.575000,14:59:45:09.01,-96.645912,302.153778,133.246979,-96.639969,309.031921,133.902618,-96.135605,304.354156,136.419907,,,
430,3.583333,14:59:45:09.02,-96.646652,302.153137,133.247177,-96.640251,309.031799,133.902893,-96.116615,304.352814,136.418365,,,
431,3.591667,14:59:45:09.03,-96.644791,302.153168,133.246460,-96.640747,309.031525,133.903320,-96.116135,304.354675,136.419678,,,
432,3.600000,14:59:45:10.00,-96.644684,302.152771,133.246216,-96.641998,309.031372,133.902161,-96.134521,304.354401,136.419373,,,
433,3.608333,14:59:45:10.01,-96.645721,302.152740,133.246887,-96.641029,309.032318,133.903366,-96.135124,304.353271,136.418732,,,
434,3.616667,14:59:45:10.02,-96.646759,302.152740,133.245819,-96.640724,309.032928,133.902878,-96.136452,304.353943,136.420319,,,
435,3.625000,14:59:45:10.03,-96.644798,302.153534,133.247192,-96.640625,309.031586,133.901947,-96.135910,304.353668,136.420044,,,
436,3.633333,14:59:45:11.00,-96.644005,302.152985,133.247406,-96.641968,309.031250,133.902527,-96.118286,304.353394,136.418762,,,
437,3.641667,14:59:45:11.01,-96.643593,302.153503,133.245972,-96.641541,309.030548,133.901352,-96.134430,304.356232,136.420914,,,
438,3.650000,14:59:45:11.02,-96.642410,302.153076,133.246307,-96.639053,309.031311,133.902161,-96.135887,304.353699,136.418472,,,
439,3.658333,14:59:45:11.03,-96.641808,302.153656,133.245697,-96.640526,309.032043,133.902008,-96.136696,304.354980,136.419846,,,
440,3.666667,14:59:45:12.00,-96.643234,302.153076,133.245697,-96.639877,309.031006,133.901535,-96.136642,304.353821,136.419418,,,
441,3.675000,14:59:45:12.01,-96.644295,302.154388,133.247437,-96.640793,309.030914,133.902130,-96.117935,304.353394,136.418915,,,
442,3.683333,14:59:45:12.02,-96.645309,302.153473,133.247025,-96.640190,309.031616,133.903580,-96.134262,304.354614,136.420135,,,
443,3.691667,14:59:45:12.03,-96.644867,302.152740,133.245514,-96.640129,309.031616,133.902435,-96.135498,304.353485,136.420059,,,
444,3.700000,14:59:45:13.00,-96.644417,302.153503,133.247131,-96.640350,309.030365,133.902344,-96.136185,304.354156,136.419693,,,
445,3.708333,14:59:45:13.01,-96.645157,302.153870,133.246689,-96.641281,309.031189,133.902908,-96.136368,304.353638,136.419434,,,
446,3.716667,14:59:45:13.02,-96.643684,302.153656,133.246475,-96.641052,309.030823,133.902725,-96.117279,304.352722,136.417892,,,
447,3.725000,14:59:45:13.03,-96.644119,302.154297,133.247910,-96.641762,309.031647,133.902817,-96.133781,304.355743,136.421112,,,
448,3.733333,14:59:45:14.00,-96.643677,302.152832,133.246704,-96.641365,309.031555,133.905106,-96.134720,304.354218,136.420319,,,
449,3.741667,14:59:45:14.01,-96.645180,302.154449,133.247299,-96.640198,309.032043,133.903473,-96.116806,304.352844,136.418777,,,
450,3.750000,14:59:45:14.02,-96.645699,302.153290,133.246109,-96.641449,309.031830,133.902496,-96.134239,304.355347,136.420578,,,
451,3.758333,14:59:45:14.03,-96.645355,302.152588,133.245773,-96.640869,309.031525,133.901215,-96.137550,304.354584,136.419556,,,
452,3.766667,14:59:45:15.00,-96.645828,302.153503,133.247238,-96.639709,309.031311,133.901398,-96.136818,304.354034,136.419250,,,
453,3.775000,14:59:45:15.01,-96.645798,302.154053,133.246872,-96.640121,309.031952,133.902008,-96.118721,304.354218,136.418823,,,
454,3.783333,14:59:45:15.02,-96.644089,302.153778,133.246536,-96.641182,309.031921,133.903427,-96.133873,304.355621,136.419510,,,
455,3.791667,14:59:45:15.03,-96.643677,302.153992,133.248108,-96.640190,309.030609,133.902115,-96.136078,304.354553,136.419708,,,
456,3.800000,14:59:45:16.00,-96.643600,302.153656,133.246964,-96.640961,309.031342,133.903809,-96.117889,304.353699,136.418091,,,
457,3.808333,14:59:45:16.01,-96.644897,302.153351,133.246765,-96.639862,309.031891,133.901505,-96.134659,304.355347,136.419189,,,
458,3.816667,14:59:45:16.02,-96.642052,302.153503,133.247452,-96.640282,309.031921,133.902786,-96.136879,304.353363,136.419281,,,
459,3.825000,14:59:45:16.03,-96.646187,302.152405,133.247452,-96.641212,309.031677,133.902374,-96.135986,304.354004,136.419403,,,
460,3.833333,14:59:45:17.00,-96.646446,302.152985,133.247559,-96.641487,309.031708,133.903091,-96.136322,304.355530,136.420181,,,
461,3.841667,14:59:45:17.01,-96.643158,302.153381,133.245880,-96.640747,309.031891,133.903412,-96.135590,304.354614,136.419861,,,
462,3.850000,14:59:45:17.02,-96.642281,302.152863,133.245224,-96.641548,309.032104,133.902985,-96.135979,304.353271,136.418991,,,
463,3.858333,14:59:45:17.03,-96.646065,302.154419,133.248062,-96.641365,309.031464,133.901901,-96.119057,304.352905,136.419373,,,
464,3.866667,14:59:45:18.00,-96.646049,302.153259,133.248199,-96.641418,309.031738,133.902771,-96.116386,304.353821,136.420334,,,
465,3.875000,14:59:45:18.01,-96.644341,302.153809,133.248001,-96.641426,309.032013,133.903809,-96.132729,304.354706,136.419540,,,
466,3.883333,14:59:45:18.02,-96.645714,302.153381,133.247360,-96.640274,309.030701,133.901749,-96.135452,304.353058,136.419327,,,
467,3.891667,14:59:45:18.03,-96.644264,302.153381,133.247620,-96.641693,309.031281,133.902405,-96.135254,304.354218,136.420258,,,
468,3.900000,14:59:45:19.00,-96.642998,302.153351,133.246964,-96.641464,309.031860,133.902985,-96.136337,304.353607,136.419876,,,
469,3.908333,14:59:45:19.01,-96.645111,302.153564,133.246796,-96.641388,309.031830,133.902527,-96.136482,304.354034,136.419586,,,
470,3.916667,14:59:45:19.02,-96.644859,302.153381,133.247192,-96.642151,309.032166,133.902161,-96.135239,304.353333,136.418839,,,
471,3.925000,14:59:45:19.03,-96.644447,302.153748,133.247742,-96.640831,309.030579,133.903748,-96.134460,304.353333,136.418961,,,
472,3.933333,14:59:45:20.00,-96.644783,302.152130,133.246368,-96.641800,309.031525,133.904129,-96.135704,304.355438,136.419678,,,
473,3.941667,14:59:45:20.01,-96.645668,302.153992,133.246826,-96.641792,309.031036,133.902206,-96.135468,304.353363,136.420197,,,
474,3.950000,14:59:45:20.02,-96.644974,302.153290,133.246506,-96.642548,309.031616,133.902313,-96.117928,304.352203,136.417648,,,
475,3.958333,14:59:45:20.03,-96.645576,302.152405,133.246872,-96.639671,309.031616,133.901794,-96.134743,304.355652,136.419479,,,
476,3.966667,14:59:45:21.00,-96.644905,302.153473,133.247055,-96.641968,309.032715,133.903107,-96.118919,304.351929,136.418854,,,
477,3.975000,14:59:45:21.01,-96.644241,302.154663,133.246094,-96.643242,309.031250,133.902908,-96.135391,304.355164,136.419098,,,
478,3.983333,14:59:45:21.02,-96.644882,302.153839,133.247055,-96.641441,309.030823,133.901749,-96.136436,304.353821,136.419296,,,
479,3.991667,14:59:45:21.03,-96.643295,302.153839,133.247604,-96.640945,309.031586,133.903244,-96.118835,304.353058,136.418106,,,
480,4.000000,14:59:45:22.00,-96.643456,302.153137,133.246582,-96.641388,309.031921,133.903671,-96.134552,304.354797,136.419449,,,
481,4.008333,14:59:45:22.01,-96.645370,302.153168,133.246048,-96.641319,309.030731,133.902664,-96.118912,304.354034,136.418900,,,
482,4.016667,14:59:45:22.02,-96.644608,302.153107,133.246536,-96.641396,309.032196,133.902863,-96.135193,304.354675,136.419540,,,
483,4.025000,14:59:45:22.03,-96.644356,302.153625,133.246902,-96.642296,309.032166,133.902267,-96.136185,304.352844,136.419342,,,
484,4.033333,14:59:45:23.00,-96.646515,302.152649,133.247116,-96.641792,309.031311,133.903198,-96.135872,304.352631,136.419952,,,
485,4.041667,14:59:45:23.01,-96.644798,302.153107,133.245987,-96.641273,309.031372,133.902817,-96.119240,304.354156,136.418564,,,
486,4.050000,14:59:45:23.02,-96.643616,302.153198,133.247162,-96.642265,309.032135,133.903198,-96.134972,304.354919,136.418457,,,
487,4.058333,14:59:45:23.03,-96.645462,302.153625,133.247177,-96.642982,309.032043,133.901901,-96.118927,304.352966,136.418381,,,
488,4.066667,14:59:45:24.00,-96.644852,302.153656,133.247421,-96.642494,309.030212,133.901566,-96.117958,304.354309,136.419357,,,
489,4.075000,14:59:45:24.01,-96.644867,302.153198,133.248108,-96.642723,309.030731,133.902176,-96.136955,304.355804,136.420090,,,
490,4.083333,14:59:45:24.02,-96.644691,302.152710,133.247192,-96.642883,309.031830,133.902496,-96.137054,304.352844,136.419052,,,
491,4.091667,14:59:45:24.03,-96.644028,302.152802,133.245987,-96.640289,309.032013,133.901505,-96.133461,304.354492,136.419586,,,
492,4.100000,14:59:45:25.00,-96.645592,302.153687,133.247162,-96.641708,309.032776,133.902740,-96.134743,304.354523,136.418930,,,
493,4.108333,14:59:45:25.01,-96.644516,302.154053,133.246918,-96.642700,309.031891,133.902679,-96.136246,304.353973,136.419754,,,
494,4.116667,14:59:45:25.02,-96.646805,302.154266,133.247299,-96.641998,309.031006,133.902725,-96.137634,304.355469,136.420792,,,
495,4.125000,14:59:45:25.03,-96.643326,302.153961,133.246094,-96.641907,309.031311,133.903473,-96.135826,304.354584,136.419495,,,
496,4.133333,14:59:45:26.00,-96.645241,302.152863,133.248001,-96.642212,309.030518,133.903580,-96.134232,304.353149,136.419052,,,
497,4.141667,14:59:45:26.01,-96.643517,302.153503,133.246094,-96.642128,309.031494,133.901779,-96.120087,304.353821,136.420410,,,
498,4.150000,14:59:45:26.02,-96.644089,302.153198,133.246841,-96.640427,309.030396,133.901703,-96.136894,304.355103,136.420197,,,
499,4.158333,14:59:45:26.03,-96.643661,302.154694,133.246704,-96.641312,309.032379,133.902405,-96.138237,304.354095,136.420258,,,
500,4.166667,14:59:45:27.00,-96.643570,302.152649,133.246048,-96.641434,309.031830,133.902359,-96.135521,304.354218,136.420074,,,
501,4.175000,14:59:45:27.01,-96.646004,302.153748,133.246628,-96.641090,309.030975,133.901474,-96.135399,304.353821,136.420288,,,
502,4.183333,14:59:45:27.02,-96.644989,302.153931,133.246780,-96.641747,309.031647,133.902847,-96.136467,304.354065,136.418976,,,
503,4.191667,14:59:45:27.03,-96.644066,302.153259,133.246246,-96.642044,309.031677,133.902267,-96.135231,304.354187,136.419540,,,
504,4.200000,14:59:45:28.00,-96.646103,302.153076,133.247833,-96.642448,309.031738,133.903732,-96.134064,304.352936,136.419662,,,
505,4.208333,14:59:45:28.01,-96.644684,302.153778,133.246231,-96.639893,309.032745,133.902771,-96.136131,304.354095,136.419830,,,
506,4.216667,14:59:45:28.02,-96.646042,302.154327,133.247116,-96.641884,309.032196,133.903839,-96.136566,304.354858,136.420135,,,
507,4.225000,14:59:45:28.03,-96.647415,302.154510,133.248093,-96.640923,309.030762,133.902390,-96.135292,304.355225,136.420029,,,
508,4.233333,14:59:45:29.00,-96.646690,302.154175,133.247574,-96.642754,309.030762,133.902756,-96.135597,304.354279,136.419098,,,
509,4.241667,14:59:45:29.01,-96.646423,302.153320,133.247391,-96.642426,309.031128,133.903809,-96.137169,304.354034,136.419708,,,
510,4.250000,14:59:45:29.02,-96.645966,302.153748,133.247177,-96.641106,309.031525,133.903641,-96.119011,304.353271,136.419067,,,
511,4.258333,14:59:45:29.03,-96.646423,302.152924,133.247223,-96.640625,309.031189,133.902817,-96.135376,304.355896,136.419373,,,
512,4.266667,14:59:46:00.00,-96.645035,302.153839,133.246628,-96.642181,309.031830,133.903732,-96.136650,304.354584,136.418945,,,
513,4.275000,14:59:46:00.01,-96.644432,302.153290,133.247925,-96.640480,309.030823,133.902161,-96.136139,304.355011,136.420517,,,
514,4.283333,14:59:46:00.02,-96.645760,302.153503,133.247284,-96.640869,309.031128,133.902328,-96.136490,304.354797,136.419937,,,
515,4.291667,14:59:46:00.03,-96.644127,302.154449,133.246155,-96.641174,309.032837,133.902283,-96.118507,304.353271,136.419647,,,
516,4.300000,14:59:46:01.00,-96.642860,302.153931,133.247635,-96.640816,309.031799,133.902969,-96.134216,304.354004,136.419861,,,
517,4.308333,14:59:46:01.01,-96.647141,302.153534,133.247345,-96.641541,309.031799,133.902664,-96.136909,304.353424,136.420822,,,
518,4.316667,14:59:46:01.02,-96.645721,302.153442,133.246414,-96.639549,309.030823,133.901901,-96.137527,304.354462,136.419220,,,
519,4.325000,14:59:46:01.03,-96.646332,302.154724,133.247345,-96.641365,309.031525,133.902252,-96.118340,304.353363,136.418167,,,
520,4.333333,14:59:46:02.00,-96.645477,302.154022,133.247192,-96.642166,309.032227,133.903503,-96.134705,304.355225,136.419357,,,
521,4.341667,14:59:46:02.01,-96.644638,302.154816,133.247375,-96.640831,309.032928,133.902176,-96.118179,304.352295,136.418793,,,
522,4.350000,14:59:46:02.02,-96.644341,302.153931,133.247513,-96.641762,309.032928,133.903259,-96.118095,304.354675,136.419418,,,
523,4.358333,14:59:46:02.03,-96.644142,302.153900,133.246552,-96.640663,309.032135,133.902496,-96.135902,304.355255,136.419357,,,
524,4.366667,14:59:46:03.00,-96.643417,302.153931,133.247833,-96.641357,309.031738,133.903290,-96.135216,304.353638,136.418961,,,
525,4.375000,14:59:46:03.01,-96.644440,302.154236,133.246689,-96.641541,309.030212,133.902191,-96.117668,304.353577,136.418549,,,
526,4.383333,14:59:46:03.02,-96.645355,302.152557,133.246429,-96.642021,309.031952,133.902527,-96.135071,304.355438,136.420578,,,
527,4.391667,14:59:46:03.03,-96.646843,302.153137,133.246399,-96.641609,309.030884,133.902496,-96.135803,304.353027,136.420395,,,
528,4.400000,14:59:46:04.00,-96.645729,302.153931,133.247177,-96.642021,309.031250,133.902832,-96.119820,304.353271,136.418991,,,
529,4.408333,14:59:46:04.01,-96.645500,302.152893,133.246307,-96.641884,309.031403,133.903152,-96.134682,304.354797,136.419327,,,
530,4.416667,14:59:46:04.02,-96.645844,302.152191,133.246002,-96.641930,309.032013,133.902481,-96.137703,304.354065,136.420151,,,
531,4.425000,14:59:46:04.03,-96.647156,302.153564,133.246414,-96.640480,309.031433,133.902008,-96.135864,304.354706,136.420090,,,
532,4.433333,14:59:46:05.00,-96.645500,302.152679,133.246231,-96.641640,309.032043,133.903687,-96.136383,304.354034,136.419083,,,
533,4.441667,14:59:46:05.01,-96.645103,302.153381,133.247620,-96.640930,309.032166,133.903030,-96.133736,304.352997,136.419373,,,
534,4.450000,14:59:46:05.02,-96.645668,302.154419,133.246780,-96.640816,309.030853,133.903595,-96.135254,304.352570,136.419510,,,
535,4.458333,14:59:46:05.03,-96.644104,302.155029,133.246933,-96.642761,309.031769,133.902496,-96.136322,304.353271,136.421524,,,
536,4.466667,14:59:46:06.00,-96.646324,302.153992,133.247650,-96.642822,309.030334,133.902222,-96.136559,304.354584,136.419815,,,
537,4.475000,14:59:46:06.01,-96.645180,302.152649,133.245972,-96.641144,309.031311,133.902802,-96.136703,304.354370,136.420898,,,
538,4.483333,14:59:46:06.02,-96.643517,302.153351,133.247131,-96.640511,309.031067,133.902420,-96.136108,304.354431,136.418777,,,
539,4.491667,14:59:46:06.03,-96.646286,302.154327,133.247559,-96.641769,309.031799,133.902725,-96.135628,304.354065,136.419937,,,
540,4.500000,14:59:46:07.00,-96.646416,302.152527,133.247040,-96.640862,309.030273,133.902161,-96.134911,304.353607,136.419205,,,
541,4.508333,14:59:46:07.01,-96.644249,302.153015,133.247650,-96.641396,309.031189,133.902771,-96.136040,304.353943,136.418991,,,
542,4.516667,14:59:46:07.02,-96.644989,302.153809,133.247025,-96.641098,309.031830,133.902847,-96.134880,304.355286,136.420029,,,
543,4.525000,14:59:46:07.03,-96.645409,302.153839,133.248337,-96.641266,309.031250,133.902817,-96.136292,304.354828,136.420898,,,
544,4.533333,14:59:46:08.00,-96.646088,302.153717,133.246948,-96.642601,309.031616,133.903717,-96.134857,304.354462,136.418747,,,
545,4.541667,14:59:46:08.01,-96.644684,302.153473,133.246918,-96.641357,309.031982,133.902481,-96.134689,304.353394,136.419403,,,
546,4.550000,14:59:46:08.02,-96.647301,302.153046,133.247330,-96.641144,309.031616,133.903183,-96.118927,304.352692,136.418701,,,
547,4.558333,14:59:46:08.03,-96.646935,302.153473,133.246567,-96.639191,309.031494,133.901398,-96.116974,304.354706,136.418625,,,
548,4.566667,14:59:46:09.00,-96.646400,302.152985,133.246933,-96.641129,309.031189,133.903595,-96.134033,304.355469,136.419083,,,
549,4.575000,14:59:46:09.01,-96.645966,302.153595,133.247147,-96.641090,309.031616,133.903198,-96.136841,304.353607,136.419479,,,
550,4.583333,14:59:46:09.02,-96.646690,302.153168,133.247604,-96.642357,309.030426,133.903152,-96.134567,304.352692,136.418472,,,
551,4.591667,14:59:46:09.03,-96.648338,302.152222,133.247116,-96.640434,309.031250,133.901733,-96.136246,304.354523,136.419907,,,
552,4.600000,14:59:46:10.00,-96.646965,302.153900,133.247208,-96.642754,309.030914,133.903442,-96.135849,304.354126,136.420349,,,
553,4.608333,14:59:46:10.01,-96.643547,302.153534,133.245972,-96.643539,309.031464,133.902878,-96.135254,304.353729,136.419327,,,
554,4.616667,14:59:46:10.02,-96.644836,302.153473,133.246078,-96.640724,309.032349,133.902008,-96.119728,304.353821,136.420181,,,
555,4.625000,14:59:46:10.03,-96.646790,302.154053,133.247345,-96.639977,309.031647,133.902588,-96.116562,304.354706,136.417953,,,
556,4.633333,14:59:46:11.00,-96.645821,302.152954,133.246765,-96.640663,309.031464,133.901962,-96.117249,304.354095,136.419327,,,
557,4.641667,14:59:46:11.01,-96.645805,302.153870,133.247864,-96.640739,309.031769,133.901855,-96.117973,304.353943,136.419785,,,
558,4.650000,14:59:46:11.02,-96.644424,302.153870,133.246979,-96.641808,309.031250,133.902451,-96.133858,304.354919,136.419708,,,
559,4.658333,14:59:46:11.03,-96.645706,302.154388,133.247131,-96.640549,309.030945,133.902603,-96.135750,304.353607,136.419403,,,
560,4.666667,14:59:46:12.00,-96.646576,302.153229,133.246170,-96.640434,309.031616,133.901917,-96.137581,304.353729,136.419067,,,
561,4.675000,14:59:46:12.01,-96.644814,302.153839,133.246445,-96.641052,309.030762,133.902008,-96.135101,304.353394,136.419739,,,
562,4.683333,14:59:46:12.02,-96.647514,302.153290,133.247620,-96.641632,309.030396,133.902252,-96.118721,304.353546,136.419662,,,
563,4.691667,14:59:46:12.03,-96.645821,302.153687,133.247009,-96.641800,309.031219,133.902710,-96.134445,304.354767,136.420441,,,
564,4.700000,14:59:46:13.00,-96.645447,302.152893,133.246536,-96.640976,309.031342,133.902664,-96.134865,304.353027,136.419296,,,
565,4.708333,14:59:46:13.01,-96.643204,302.153168,133.247101,-96.642014,309.031189,133.902588,-96.135078,304.352295,136.419373,,,
566,4.716667,14:59:46:13.02,-96.644577,302.153961,133.247086,-96.641953,309.031281,133.902588,-96.136734,304.353973,136.420120,,,
567,4.725000,14:59:46:13.03,-96.643501,302.152313,133.246460,-96.641289,309.031433,133.902664,-96.118660,304.353363,136.419327,,,
568,4.733333,14:59:46:14.00,-96.645058,302.151581,133.247375,-96.641014,309.031677,133.902557,-96.136047,304.355682,136.419571,,,
569,4.741667,14:59:46:14.01,-96.647438,302.153595,133.248718,-96.640503,309.031006,133.901779,-96.136185,304.353333,136.419754,,,
570,4.750000,14:59:46:14.02,-96.646103,302.153076,133.247772,-96.642426,309.031403,133.903351,-96.137199,304.353821,136.420654,,,
571,4.758333,14:59:46:14.03,-96.644592,302.153992,133.247452,-96.640701,309.031921,133.901901,-96.135452,304.352631,136.418182,,,
572,4.766667,14:59:46:15.00,-96.644257,302.152008,133.246536,-96.640572,309.031616,133.902206,-96.137314,304.353363,136.420395,,,
573,4.775000,14:59:46:15.01,-96.643867,302.154053,133.247620,-96.640648,309.031342,133.902603,-96.134857,304.353180,136.418671,,,
574,4.783333,14:59:46:15.02,-96.643394,302.152222,133.246536,-96.640648,309.031525,133.903397,-96.136826,304.355591,136.420395,,,
575,4.791667,14:59:46:15.03,-96.644272,302.152313,133.246384,-96.642059,309.031616,133.902267,-96.135094,304.353882,136.419266,,,
576,4.800000,14:59:46:16.00,-96.646133,302.153564,133.247116,-96.641769,309.030853,133.902222,-96.117096,304.353943,136.418945,,,
577,4.808333,14:59:46:16.01,-96.646950,302.153107,133.247070,-96.642532,309.030487,133.902008,-96.134560,304.355591,136.419601,,,
578,4.816667,14:59:46:16.02,-96.644791,302.152863,133.246292,-96.641182,309.030731,133.901291,-96.135483,304.353180,136.420364,,,
579,4.825000,14:59:46:16.03,-96.642838,302.152863,133.247055,-96.641594,309.031097,133.903473,-96.135368,304.352386,136.420410,,,
580,4.833333,14:59:46:17.00,-96.646049,302.152618,133.245926,-96.641823,309.030457,133.903320,-96.135498,304.354858,136.419693,,,
581,4.841667,14:59:46:17.01,-96.645607,302.153839,133.248749,-96.640869,309.031525,133.902512,-96.137100,304.354248,136.419952,,,
582,4.850000,14:59:46:17.02,-96.645645,302.153229,133.247574,-96.642235,309.031464,133.902390,-96.135635,304.353241,136.419815,,,
583,4.858333,14:59:46:17.03,-96.644180,302.152740,133.246689,-96.641731,309.030457,133.901901,-96.136337,304.354553,136.419281,,,
584,4.866667,14:59:46:18.00,-96.646637,302.153503,133.246933,-96.640533,309.031372,133.902344,-96.134682,304.353485,136.419067,,,
585,4.875000,14:59:46:18.01,-96.647690,302.152649,133.246521,-96.642136,309.032135,133.903198,-96.135506,304.354156,136.419540,,,
586,4.883333,14:59:46:18.02,-96.645348,302.152863,133.246689,-96.641609,309.030975,133.901917,-96.118797,304.352814,136.418930,,,
587,4.891667,14:59:46:18.03,-96.644142,302.153809,133.245804,-96.641830,309.031342,133.902344,-96.134346,304.355377,136.420471,,,
588,4.900000,14:59:46:19.00,-96.643677,302.153137,133.246796,-96.641304,309.031494,133.902481,-96.117874,304.351715,136.417816,,,
589,4.908333,14:59:46:19.01,-96.645744,302.153900,133.247528,-96.641449,309.031342,133.903519,-96.135910,304.355469,136.420013,,,
590,4.916667,14:59:46:19.02,-96.645653,302.153595,133.246399,-96.641037,309.031921,133.902542,-96.136208,304.354065,136.419479,,,
591,4.925000,14:59:46:19.03,-96.644096,302.153168,133.245605,-96.640556,309.031738,133.901993,-96.135742,304.353821,136.419495,,,
592,4.933333,14:59:46:20.00,-96.645660,302.152557,133.247147,-96.641777,309.031830,133.902405,-96.136246,304.354034,136.419144,,,
593,4.941667,14:59:46:20.01,-96.646805,302.153107,133.246292,-96.641045,309.031586,133.902039,-96.135498,304.354828,136.419052,,,
594,4.950000,14:59:46:20.02,-96.647079,302.153046,133.247604,-96.640327,309.030518,133.902115,-96.118317,304.353302,136.418915,,,
595,4.958333,14:59:46:20.03,-96.646347,302.153595,133.247162,-96.640457,309.030823,133.902054,-96.135178,304.354584,136.419662,,,
596,4.966667,14:59:46:21.00,-96.645813,302.153259,133.247421,-96.640762,309.031128,133.902313,-96.135681,304.355072,136.420471,,,
597,4.975000,14:59:46:21.01,-96.645729,302.153656,133.247025,-96.640984,309.031586,133.901611,-96.136627,304.354584,136.420609,,,
598,4.983333,14:59:46:21.02,-96.645287,302.153870,133.246368,-96.641907,309.031128,133.902817,-96.135323,304.353821,136.419052,,,
599,4.991667,14:59:46:21.03,-96.644333,302.153534,133.246445,-96.641579,309.031311,133.902313,-96.137115,304.352722,136.419800,,,
600,5.000000,14:59:46:22.00,-96.644630,302.153290,133.246628,-96.641418,309.031403,133.903442,-96.136383,304.353699,136.419861,,,
601,5.008333,14:59:46:22.01,-96.644218,302.152191,133.246368,-96.640404,309.031311,133.903015,-96.135796,304.353149,136.420135,,,
602,5.016667,14:59:46:22.02,-96.644745,302.152679,133.246033,-96.639282,309.030853,133.901642,-96.136833,304.353577,136.419754,,,
603,5.025000,14:59:46:22.03,-96.644699,302.153534,133.246078,-96.640121,309.031403,133.902466,-96.119598,304.352936,136.419586,,,
604,5.033333,14:59:46:23.00,-96.644905,302.153534,133.246674,-96.639297,309.030975,133.902161,-96.134743,304.354126,136.419678,,,
605,5.041667,14:59:46:23.01,-96.646431,302.152863,133.246628,-96.641884,309.030884,133.902832,-96.135071,304.353241,136.418243,,,
606,5.050000,14:59:46:23.02,-96.645103,302.153473,133.246979,-96.642677,309.031036,133.902344,-96.137230,304.353271,136.420486,,,
607,5.058333,14:59:46:23.03,-96.644493,302.152191,133.245819,-96.642197,309.030365,133.902740,-96.118774,304.352936,136.418503,,,
608,5.066667,14:59:46:24.00,-96.645325,302.154266,133.247055,-96.641579,309.031433,133.902756,-96.134743,304.354370,136.419724,,,
609,5.075000,14:59:46:24.01,-96.643951,302.153931,133.246262,-96.640358,309.031342,133.902390,-96.135040,304.353455,136.419495,,,
610,5.083333,14:59:46:24.02,-96.646263,302.153259,133.246368,-96.639877,309.030090,133.901810,-96.135368,304.353119,136.419785,,,
611,5.091667,14:59:46:24.03,-96.646347,302.153748,133.246521,-96.640358,309.030975,133.901337,-96.134796,304.354584,136.420212,,,
612,5.100000,14:59:46:25.00,-96.643982,302.152771,133.247162,-96.641228,309.030212,133.902237,-96.135475,304.352844,136.419861,,,
613,5.108333,14:59:46:25.01,-96.644119,302.152771,133.247223,-96.641434,309.031311,133.901978,-96.135773,304.352875,136.420197,,,
614,5.116667,14:59:46:25.02,-96.644844,302.153534,133.246735,-96.641319,309.031464,133.903534,-96.134926,304.353027,136.419418,,,
615,5.125000,14:59:46:25.03,-96.645691,302.153381,133.246933,-96.641258,309.030914,133.901749,-96.119514,304.353516,136.419113,,,
616,5.133333,14:59:46:26.00,-96.644005,302.154144,133.245987,-96.640938,309.030457,133.901733,-96.133713,304.353271,136.419617,,,
617,5.141667,14:59:46:26.01,-96.646301,302.152740,133.247009,-96.640709,309.031677,133.902603,-96.136459,304.353943,136.420486,,,
618,5.150000,14:59:46:26.02,-96.644684,302.154053,133.247360,-96.642288,309.031433,133.902557,-96.136520,304.353851,136.420349,,,
619,5.158333,14:59:46:26.03,-96.643280,302.152039,133.246155,-96.641174,309.031189,133.902710,-96.134750,304.353149,136.419403,,,
620,5.166667,14:59:46:27.00,-96.644661,302.153137,133.246765,-96.640465,309.030640,133.901688,-96.135735,304.353638,136.420197,,,
621,5.175000,14:59:46:27.01,-96.645103,302.152771,133.246964,-96.640739,309.030884,133.903641,-96.136795,304.354065,136.420456,,,
622,5.183333,14:59:46:27.02,-96.646843,302.152771,133.247513,-96.641068,309.031281,133.903137,-96.119217,304.354309,136.419189,,,
623,5.191667,14:59:46:27.03,-96.648216,302.153412,133.248093,-96.642143,309.031189,133.902557,-96.116859,304.355225,136.419662,,,
624,5.200000,14:59:46:28.00,-96.646263,302.154083,133.246689,-96.642090,309.031799,133.903198,-96.134621,304.355682,136.418976,,,
625,5.208333,14:59:46:28.01,-96.642448,302.153534,133.245026,-96.641884,309.031860,133.902390,-96.135361,304.353821,136.419968,,,
626,5.216667,14:59:46:28.02,-96.642632,302.153168,133.247025,-96.641380,309.031708,133.902740,-96.135826,304.352814,136.420029,,,
627,5.225000,14:59:46:28.03,-96.643837,302.153259,133.247208,-96.641525,309.031464,133.902222,-96.118561,304.353180,136.419922,,,
628,5.233333,14:59:46:29.00,-96.646950,302.152161,133.247406,-96.641991,309.030518,133.902283,-96.135483,304.356659,136.419937,,,
629,5.241667,14:59:46:29.01,-96.643593,302.153137,133.246246,-96.640633,309.030304,133.901596,-96.119781,304.353607,136.419327,,,
630,5.250000,14:59:46:29.02,-96.644386,302.153931,133.247345,-96.640526,309.030853,133.903198,-96.133583,304.354980,136.419815,,,
631,5.258333,14:59:46:29.03,-96.644333,302.153168,133.246460,-96.641037,309.031982,133.902542,-96.136971,304.354126,136.419495,,,
632,5.266667,14:59:47:00.00,-96.643845,302.153870,133.247070,-96.642014,309.031494,133.903320,-96.136436,304.354858,136.420044,,,
633,5.275000,14:59:47:00.01,-96.644463,302.152924,133.246872,-96.641922,309.031799,133.901733,-96.136230,304.354156,136.419556,,,
634,5.283333,14:59:47:00.02,-96.647171,302.153015,133.247604,-96.640816,309.031952,133.902603,-96.137436,304.353485,136.419983,,,
635,5.291667,14:59:47:00.03,-96.644905,302.154175,133.247192,-96.642395,309.031708,133.902328,-96.136322,304.352844,136.418564,,,
636,5.300000,14:59:47:01.00,-96.647598,302.153107,133.247025,-96.641457,309.030029,133.901764,-96.136528,304.354492,136.420135,,,
637,5.308333,14:59:47:01.01,-96.645943,302.152069,133.246231,-96.641396,309.031616,133.903198,-96.119858,304.352722,136.418335,,,
638,5.316667,14:59:47:01.02,-96.645226,302.152985,133.246735,-96.639038,309.030579,133.902039,-96.134277,304.355225,136.419754,,,
639,5.325000,14:59:47:01.03,-96.644470,302.153412,133.246811,-96.640930,309.032227,133.902817,-96.136322,304.353485,136.420853,,,
640,5.333333,14:59:47:02.00,-96.645065,302.154053,133.247299,-96.641663,309.031403,133.902405,-96.136612,304.353485,136.419815,,,
641,5.341667,14:59:47:02.01,-96.644592,302.153381,133.246689,-96.642197,309.032532,133.903473,-96.136536,304.354492,136.419998,,,
642,5.350000,14:59:47:02.02,-96.643829,302.153259,133.246826,-96.643066,309.031860,133.903763,-96.136383,304.354431,136.420685,,,
643,5.358333,14:59:47:02.03,-96.644615,302.153503,133.248016,-96.640617,309.031525,133.903366,-96.117744,304.352203,136.418045,,,
644,5.366667,14:59:47:03.00,-96.645599,302.153412,133.247025,-96.641579,309.031769,133.903473,-96.135559,304.355347,136.419922,,,
645,5.375000,14:59:47:03.01,-96.645905,302.153503,133.245865,-96.641212,309.032745,133.903168,-96.134399,304.353394,136.419891,,,
646,5.383333,14:59:47:03.02,-96.644730,302.153168,133.247070,-96.641548,309.031342,133.903381,-96.136620,304.353607,136.419296,,,
647,5.391667,14:59:47:03.03,-96.644821,302.153534,133.247696,-96.642319,309.031525,133.902771,-96.119537,304.353394,136.419022,,,
648,5.400000,14:59:47:04.00,-96.646484,302.153717,133.246155,-96.640823,309.030273,133.902588,-96.133804,304.354492,136.419601,,,
649,5.408333,14:59:47:04.01,-96.644844,302.153687,133.246002,-96.641121,309.030640,133.902679,-96.137123,304.354004,136.419586,,,
650,5.416667,14:59:47:04.02,-96.641174,302.153137,133.245453,-96.642784,309.031525,133.904022,-96.118744,304.351898,136.418915,,,
651,5.425000,14:59:47:04.03,-96.644165,302.153656,133.246292,-96.641953,309.030975,133.902588,-96.134270,304.355011,136.419113,,,
652,5.433333,14:59:47:05.00,-96.644630,302.152832,133.247025,-96.642097,309.031586,133.902313,-96.136383,304.352966,136.419052,,,
653,5.441667,14:59:47:05.01,-96.647842,302.153381,133.246887,-96.641106,309.030548,133.901718,-96.117294,304.352173,136.418304,,,
654,5.450000,14:59:47:05.02,-96.643776,302.152863,133.246658,-96.640770,309.031433,133.902695,-96.134987,304.355225,136.419998,,,
655,5.458333,14:59:47:05.03,-96.645477,302.153625,133.246719,-96.640259,309.031616,133.902573,-96.118782,304.352722,136.417572,,,
656,5.466667,14:59:47:06.00,-96.645805,302.153290,133.246506,-96.641884,309.031525,133.903091,-96.134598,304.355164,136.420761,,,
657,5.475000,14:59:47:06.01,-96.645363,302.152771,133.246902,-96.641022,309.031647,133.902939,-96.135422,304.353088,136.419281,,,
658,5.483333,14:59:47:06.02,-96.646751,302.152710,133.247787,-96.640160,309.030945,133.902130,-96.136612,304.354401,136.420197,,,
659,5.491667,14:59:47:06.03,-96.647102,302.153046,133.247360,-96.641144,309.030853,133.902771,-96.135674,304.354248,136.420181,,,
660,5.500000,14:59:47:07.00,-96.646385,302.152435,133.247818,-96.640839,309.031311,133.902588,-96.135704,304.353271,136.419327,,,
661,5.508333,14:59:47:07.01,-96.645432,302.153503,133.246674,-96.639671,309.031952,133.902863,-96.135345,304.354065,136.419922,,,
662,5.516667,14:59:47:07.02,-96.647339,302.152710,133.246902,-96.641197,309.032623,133.902771,-96.119583,304.355103,136.418976,,,
663,5.525000,14:59:47:07.03,-96.644783,302.152374,133.246399,-96.641693,309.031036,133.903015,-96.136162,304.354584,136.419189,,,
664,5.533333,14:59:47:08.00,-96.645149,302.152740,133.246979,-96.640846,309.032074,133.902725,-96.136185,304.353607,136.419205,,,
665,5.541667,14:59:47:08.01,-96.645859,302.152954,133.246933,-96.639801,309.031067,133.901932,-96.135735,304.352783,136.419205,,,
666,5.550000,14:59:47:08.02,-96.644119,302.153168,133.246185,-96.640656,309.030457,133.902634,-96.136482,304.353241,136.419907,,,
667,5.558333,14:59:47:08.03,-96.643921,302.154022,133.246155,-96.639656,309.029633,133.901581,-96.117149,304.353180,136.419281,,,
668,5.566667,14:59:47:09.00,-96.643219,302.153595,133.246628,-96.641762,309.030548,133.902145,-96.135155,304.357056,136.420471,,,
669,5.575000,14:59:47:09.01,-96.643784,302.154114,133.246826,-96.642082,309.031586,133.901611,-96.135239,304.353912,136.420166,,,
670,5.583333,14:59:47:09.02,-96.646202,302.152527,133.246613,-96.641846,309.031647,133.903320,-96.135918,304.353363,136.419159,,,
671,5.591667,14:59:47:09.03,-96.645317,302.152740,133.248581,-96.641602,309.031464,133.902328,-96.118774,304.352997,136.418671,,,
672,5.600000,14:59:47:10.00,-96.644547,302.153107,133.247299,-96.640900,309.030212,133.902924,-96.133560,304.353638,136.418839,,,
673,5.608333,14:59:47:10.01,-96.643776,302.151947,133.245834,-96.639732,309.030609,133.902390,-96.133133,304.352966,136.419556,,,
674,5.616667,14:59:47:10.02,-96.643730,302.153107,133.245926,-96.640709,309.031738,133.902908,-96.134689,304.354034,136.419373,,,
675,5.625000,14:59:47:10.03,-96.646210,302.153687,133.246765,-96.643082,309.032837,133.902740,-96.134621,304.354492,136.419769,,,
676,5.633333,14:59:47:11.00,-96.647362,302.154022,133.247482,-96.642944,309.032288,133.904236,-96.136177,304.355469,136.419968,,,
677,5.641667,14:59:47:11.01,-96.646599,302.152313,133.247757,-96.642052,309.030365,133.903351,-96.136864,304.354889,136.421005,,,
678,5.650000,14:59:47:11.02,-96.645546,302.152863,133.246948,-96.640572,309.030365,133.902740,-96.134361,304.352692,136.419952,,,
679,5.658333,14:59:47:11.03,-96.644310,302.152832,133.245728,-96.639336,309.031891,133.902802,-96.117851,304.352875,136.419220,,,
680,5.666667,14:59:47:12.00,-96.643517,302.154205,133.247849,-96.640419,309.032867,133.902924,-96.115433,304.354218,136.419037,,,
681,5.675000,14:59:47:12.01,-96.644295,302.153503,133.246674,-96.640488,309.033173,133.902542,-96.115761,304.354492,136.419403,,,
682,5.683333,14:59:47:12.02,-96.644417,302.152405,133.247009,-96.641830,309.030548,133.902283,-96.135132,304.354767,136.419571,,,
683,5.691667,14:59:47:12.03,-96.645912,302.153381,133.247787,-96.642212,309.031738,133.902649,-96.137108,304.354706,136.420959,,,
684,5.700000,14:59:47:13.00,-96.644798,302.154053,133.248138,-96.643181,309.031708,133.902710,-96.135101,304.354889,136.420151,,,
685,5.708333,14:59:47:13.01,-96.644867,302.152985,133.246872,-96.642570,309.031525,133.901978,-96.133240,304.353424,136.418762,,,
686,5.716667,14:59:47:13.02,-96.645050,302.152649,133.246536,-96.641594,309.032379,133.903442,-96.136261,304.354462,136.419861,,,
687,5.725000,14:59:47:13.03,-96.645531,302.153503,133.247070,-96.639977,309.030853,133.902328,-96.134720,304.353271,136.419220,,,
688,5.733333,14:59:47:14.00,-96.644371,302.152191,133.247192,-96.641396,309.031494,133.903442,-96.118126,304.352844,136.419052,,,
689,5.741667,14:59:47:14.01,-96.643852,302.154297,133.246918,-96.640549,309.031708,133.902390,-96.118958,304.355225,136.419861,,,
690,5.750000,14:59:47:14.02,-96.646004,302.153748,133.247742,-96.640945,309.031708,133.903275,-96.136124,304.356140,136.420471,,,
691,5.758333,14:59:47:14.03,-96.646751,302.152191,133.247025,-96.641365,309.031281,133.903091,-96.120209,304.351624,136.419495,,,
692,5.766667,14:59:47:15.00,-96.645233,302.153931,133.246689,-96.642136,309.032013,133.902924,-96.134224,304.354492,136.418945,,,
693,5.775000,14:59:47:15.01,-96.644417,302.153381,133.246521,-96.640953,309.031433,133.902054,-96.118668,304.352753,136.418777,,,
694,5.783333,14:59:47:15.02,-96.645538,302.153625,133.246918,-96.640945,309.031616,133.902359,-96.115646,304.353485,136.419373,,,
695,5.791667,14:59:47:15.03,-96.646721,302.152313,133.246918,-96.641106,309.031708,133.902802,-96.134499,304.355621,136.419968,,,
696,5.800000,14:59:47:16.00,-96.645149,302.152313,133.247040,-96.641251,309.032349,133.903259,-96.137276,304.353577,136.420410,,,
697,5.808333,14:59:47:16.01,-96.643707,302.154480,133.248108,-96.641647,309.032104,133.903198,-96.136703,304.354828,136.420578,,,
698,5.816667,14:59:47:16.02,-96.645355,302.153503,133.247849,-96.642380,309.032135,133.902496,-96.135170,304.354645,136.418823,,,
699,5.825000,14:59:47:16.03,-96.645699,302.152740,133.246964,-96.641335,309.031677,133.902557,-96.136673,304.353668,136.420837,,,
700,5.833333,14:59:47:17.00,-96.643463,302.153717,133.245544,-96.641045,309.031708,133.903488,-96.136757,304.355103,136.420731,,,
701,5.841667,14:59:47:17.01,-96.644035,302.153839,133.246292,-96.641609,309.031311,133.902969,-96.136108,304.352478,136.418991,,,
702,5.850000,14:59:47:17.02,-96.644386,302.153595,133.245941,-96.641777,309.031311,133.903046,-96.118553,304.353424,136.419434,,,
703,5.858333,14:59:47:17.03,-96.643295,302.153107,133.246857,-96.640327,309.030273,133.902359,-96.134636,304.356079,136.419540,,,
704,5.866667,14:59:47:18.00,-96.642654,302.153412,133.247131,-96.642334,309.032318,133.903015,-96.136566,304.353241,136.419739,,,
705,5.875000,14:59:47:18.01,-96.643997,302.153870,133.247452,-96.641815,309.032196,133.902557,-96.119995,304.353302,136.419724,,,
706,5.883333,14:59:47:18.02,-96.646217,302.153992,133.247589,-96.641052,309.031006,133.903030,-96.137070,304.354156,136.419220,,,
707,5.891667,14:59:47:18.03,-96.645599,302.153351,133.247223,-96.640495,309.030884,133.901840,-96.118507,304.352478,136.418701,,,
708,5.900000,14:59:47:19.00,-96.645180,302.153564,133.247238,-96.641472,309.031891,133.903366,-96.117439,304.353210,136.418884,,,
709,5.908333,14:59:47:19.01,-96.645233,302.153717,133.247162,-96.640022,309.031525,133.903595,-96.134911,304.354614,136.419601,,,
710,5.916667,14:59:47:19.02,-96.644768,302.154572,133.247757,-96.640976,309.032166,133.902145,-96.136879,304.353394,136.419830,,,
711,5.925000,14:59:47:19.03,-96.646004,302.153809,133.247498,-96.641571,309.031464,133.903244,-96.118927,304.352844,136.419266,,,
712,5.933333,14:59:47:20.00,-96.644127,302.153351,133.247055,-96.641502,309.032166,133.902496,-96.133873,304.356201,136.419403,,,
713,5.941667,14:59:47:20.01,-96.648270,302.152740,133.247498,-96.643478,309.031006,133.903152,-96.136703,304.354248,136.420456,,,
714,5.950000,14:59:47:20.02,-96.648300,302.153748,133.247421,-96.643265,309.031097,133.903198,-96.137329,304.353851,136.420135,,,
715,5.958333,14:59:47:20.03,-96.646790,302.153168,133.246490,-96.642303,309.032898,133.902603,-96.135353,304.352631,136.418945,,,
716,5.966667,14:59:47:21.00,-96.643593,302.153076,133.246094,-96.641449,309.030914,133.902740,-96.135460,304.353699,136.419632,,,
717,5.975000,14:59:47:21.01,-96.645309,302.153473,133.247314,-96.642036,309.031189,133.903366,-96.117775,304.352142,136.418121,,,
718,5.983333,14:59:47:21.02,-96.645897,302.153900,133.246521,-96.640907,309.031281,133.902985,-96.133324,304.353790,136.420135,,,
719,5.991667,14:59:47:21.03,-96.644333,302.154816,133.247513,-96.642181,309.031555,133.902557,-96.137329,304.353699,136.420029,,,
720,6.000000,14:59:47:22.00,-96.643936,302.153625,133.247406,-96.643394,309.031586,133.902908,-96.136101,304.354065,136.420792,,,
721,6.008333,14:59:47:22.01,-96.643188,302.154114,133.246552,-96.641891,309.031158,133.902435,-96.135864,304.353790,136.420105,,,
722,6.016667,14:59:47:22.02,-96.645226,302.154053,133.246918,-96.641556,309.031525,133.902054,-96.118141,304.351410,136.417206,,,
723,6.025000,14:59:47:22.03,-96.645149,302.154266,133.246338,-96.641174,309.030212,133.902222,-96.116684,304.353943,136.418457,,,
724,6.033333,14:59:47:23.00,-96.645081,302.152802,133.246216,-96.640411,309.031097,133.903152,-96.134712,304.354248,136.418884,,,
725,6.041667,14:59:47:23.01,-96.644829,302.153381,133.246552,-96.640793,309.031403,133.902252,-96.135124,304.353180,136.419144,,,
726,6.050000,14:59:47:23.02,-96.646919,302.153564,133.247559,-96.641472,309.032074,133.902863,-96.135521,304.353607,136.419815,,,
727,6.058333,14:59:47:23.03,-96.647415,302.153931,133.247543,-96.640633,309.032593,133.903397,-96.136642,304.353546,136.418503,,,
728,6.066667,14:59:47:24.00,-96.644836,302.153076,133.247131,-96.641090,309.032379,133.901886,-96.136383,304.353485,136.418945,,,
729,6.075000,14:59:47:24.01,-96.643326,302.153015,133.246124,-96.650452,309.036255,133.900253,-96.136353,304.354370,136.419830,,,
730,6.083333,14:59:47:24.02,-96.645866,302.152954,133.246155,-96.643303,309.030029,133.902756,-96.133522,304.352966,136.419479,,,
731,6.091667,14:59:47:24.03,-96.646584,302.152344,133.246811,-96.640869,309.030640,133.903412,-96.117226,304.352570,136.417969,,,
732,6.100000,14:59:47:25.00,-96.644524,302.152832,133.246582,-96.640358,309.031616,133.903793,-96.133553,304.355377,136.419922,,,
733,6.108333,14:59:47:25.01,-96.644669,302.152679,133.246643,-96.641190,309.032043,133.902481,-96.136742,304.354218,136.421234,,,
734,6.116667,14:59:47:25.02,-96.644211,302.153931,133.246201,-96.640419,309.031464,133.902496,-96.137566,304.354034,136.419754,,,
735,6.125000,14:59:47:25.03,-96.641174,302.154388,133.246765,-96.642128,309.031860,133.903137,-96.136780,304.355133,136.420197,,,
736,6.133333,14:59:47:26.00,-96.645203,302.155060,133.248047,-96.641609,309.031708,133.902802,-96.118980,304.353577,136.419250,,,
737,6.141667,14:59:47:26.01,-96.643700,302.153778,133.246536,-96.641106,309.031006,133.902924,-96.117157,304.354034,136.419708,,,
738,6.150000,14:59:47:26.02,-96.646408,302.153809,133.247238,-96.640167,309.031403,133.902878,-96.134033,304.353577,136.418335,,,
739,6.158333,14:59:47:26.03,-96.644142,302.152466,133.246536,-96.640732,309.029663,133.902512,-96.118690,304.351746,136.417709,,,
740,6.166667,14:59:47:27.00,-96.644989,302.153442,133.247849,-96.641113,309.030853,133.902008,-96.134995,304.355804,136.420074,,,
741,6.175000,14:59:47:27.01,-96.643913,302.154114,133.246567,-96.642838,309.032318,133.903488,-96.136604,304.355072,136.420151,,,
742,6.183333,14:59:47:27.02,-96.644402,302.153717,133.246780,-96.641464,309.031311,133.902924,-96.118813,304.353790,136.418335,,,
743,6.191667,14:59:47:27.03,-96.644035,302.153809,133.247665,-96.639725,309.030670,133.902100,-96.117851,304.354675,136.418884,,,
744,6.200000,14:59:47:28.00,-96.646187,302.153870,133.247086,-96.641258,309.031006,133.903214,-96.133835,304.353668,136.418900,,,
745,6.208333,14:59:47:28.01,-96.644379,302.152222,133.246307,-96.640594,309.031311,133.902298,-96.135574,304.352448,136.418457,,,
746,6.216667,14:59:47:28.02,-96.643158,302.153381,133.245972,-96.638802,309.031769,133.901688,-96.135902,304.353607,136.419693,,,
747,6.225000,14:59:47:28.03,-96.645996,302.153503,133.247955,-96.640083,309.031158,133.902710,-96.117867,304.352875,136.419601,,,
748,6.233333,14:59:47:29.00,-96.645233,302.154266,133.247833,-96.641045,309.032837,133.903549,-96.135368,304.356415,136.420395,,,
749,6.241667,14:59:47:29.01,-96.640656,302.153870,133.246796,-96.639565,309.031616,133.901718,-96.119507,304.353455,136.419693,,,
750,6.250000,14:59:47:29.02,-96.643074,302.153229,133.246857,-96.640190,309.031433,133.902786,-96.135590,304.355774,136.419373,,,
751,6.258333,14:59:47:29.03,-96.643585,302.152161,133.246140,-96.640930,309.031158,133.902817,-96.134560,304.352692,136.420746,,,
752,6.266667,14:59:48:00.00,-96.646065,302.153473,133.245819,-96.641418,309.030792,133.901947,-96.135132,304.353210,136.419922,,,
753,6.275000,14:59:48:00.01,-96.643517,302.152527,133.246613,-96.641136,309.030273,133.902740,-96.135590,304.354034,136.419815,,,
754,6.283333,14:59:48:00.02,-96.642006,302.154053,133.246704,-96.640648,309.031738,133.902420,-96.135109,304.353699,136.419571,,,
755,6.291667,14:59:48:00.03,-96.644936,302.154053,133.247818,-96.640793,309.032135,133.902740,-96.136574,304.353271,136.420044,,,
756,6.300000,14:59:48:01.00,-96.643990,302.153290,133.247055,-96.641197,309.030823,133.902283,-96.135124,304.353271,136.419205,,,
757,6.308333,14:59:48:01.01,-96.644768,302.153290,133.246475,-96.640671,309.030487,133.903671,-96.135338,304.353882,136.419312,,,
758,6.316667,14:59:48:01.02,-96.643982,302.153473,133.246414,-96.641205,309.031311,133.902573,-96.118736,304.353455,136.419983,,,
759,6.325000,14:59:48:01.03,-96.643814,302.153076,133.246857,-96.641502,309.031647,133.903259,-96.135391,304.354706,136.419006,,,
760,6.333333,14:59:48:02.00,-96.644554,302.153839,133.247833,-96.640762,309.032227,133.902054,-96.133751,304.352814,136.419434,,,
761,6.341667,14:59:48:02.01,-96.645065,302.153046,133.246414,-96.640152,309.030731,133.901337,-96.116997,304.352570,136.419220,,,
762,6.350000,14:59:48:02.02,-96.644569,302.153107,133.246613,-96.639702,309.031494,133.901489,-96.135529,304.355042,136.420044,,,
763,6.358333,14:59:48:02.03,-96.644989,302.154022,133.246811,-96.640793,309.031372,133.902420,-96.134331,304.352417,136.419189,,,
764,6.366667,14:59:48:03.00,-96.644798,302.153748,133.247025,-96.640312,309.030640,133.902054,-96.136024,304.353607,136.418884,,,
765,6.375000,14:59:48:03.01,-96.642555,302.153076,133.247086,-96.640686,309.030701,133.901733,-96.117714,304.352783,136.418762,,,
766,6.383333,14:59:48:03.02,-96.645142,302.153656,133.247757,-96.641899,309.031677,133.902206,-96.116608,304.353088,136.418350,,,
767,6.391667,14:59:48:03.03,-96.644096,302.153259,133.246536,-96.641190,309.031006,133.902725,-96.134247,304.354584,136.419205,,,
768,6.400000,14:59:48:04.00,-96.645195,302.153198,133.246902,-96.640160,309.030518,133.903091,-96.134583,304.353058,136.419800,,,
769,6.408333,14:59:48:04.01,-96.643745,302.152161,133.247406,-96.640373,309.031250,133.902969,-96.136108,304.353546,136.419556,,,
770,6.416667,14:59:48:04.02,-96.644203,302.152863,133.246277,-96.640007,309.031738,133.902893,-96.135811,304.354370,136.419418,,,
771,6.425000,14:59:48:04.03,-96.645218,302.152832,133.246918,-96.640083,309.031525,133.902054,-96.134796,304.353638,136.419647,,,
772,6.433333,14:59:48:05.00,-96.644928,302.153259,133.245987,-96.640892,309.031219,133.902878,-96.137184,304.354401,136.419724,,,
773,6.441667,14:59:48:05.01,-96.646484,302.152740,133.246445,-96.641678,309.032318,133.901901,-96.118629,304.352905,136.419144,,,
774,6.450000,14:59:48:05.02,-96.642845,302.154175,133.245438,-96.641258,309.031860,133.902008,-96.135612,304.354401,136.419098,,,
775,6.458333,14:59:48:05.03,-96.644714,302.153107,133.245377,-96.640549,309.031281,133.900284,-96.135193,304.351959,136.418457,,,
776,6.466667,14:59:48:06.00,-96.646095,302.153320,133.246689,-96.639671,309.031799,133.900635,-96.135368,304.353271,136.419388,,,
777,6.475000,14:59:48:06.01,-96.647552,302.153534,133.246567,-96.641571,309.030334,133.901840,-96.134949,304.352844,136.419037,,,
778,6.483333,14:59:48:06.02,-96.644768,302.152649,133.246048,-96.640526,309.030579,133.901352,-96.134552,304.352539,136.419144,,,
779,6.491667,14:59:48:06.03,-96.645447,302.153229,133.246201,-96.639244,309.031067,133.901794,-96.134705,304.354095,136.419434,,,
780,6.500000,14:59:48:07.00,-96.645180,302.153748,133.248047,-96.640732,309.030945,133.901398,-96.136116,304.353302,136.419922,,,
781,6.508333,14:59:48:07.01,-96.644997,302.153381,133.246521,-96.642128,309.032196,133.901459,-96.117668,304.353607,136.417816,,,
782,6.516667,14:59:48:07.02,-96.643242,302.152100,133.245621,-96.642036,309.030304,133.901794,-96.134804,304.355774,136.419876,,,
783,6.525000,14:59:48:07.03,-96.641457,302.152954,133.246017,-96.641266,309.030548,133.901794,-96.134506,304.351440,136.418991,,,
784,6.533333,14:59:48:08.00,-96.644989,302.152374,133.245346,-96.641266,309.030121,133.902786,-96.135315,304.353271,136.418533,,,
785,6.541667,14:59:48:08.01,-96.642937,302.153076,133.246582,-96.641106,309.030457,133.901031,-96.118340,304.352600,136.419830,,,
786,6.550000,14:59:48:08.02,-96.645134,302.153503,133.245987,-96.642761,309.031586,133.901566,-96.135109,304.353973,136.419495,,,
787,6.558333,14:59:48:08.03,-96.644119,302.154327,133.247238,-96.642586,309.030640,133.901688,-96.119156,304.352753,136.418152,,,
788,6.566667,14:59:48:09.00,-96.643143,302.153168,133.246170,-96.640656,309.030548,133.901428,-96.135170,304.354492,136.418869,,,
789,6.575000,14:59:48:09.01,-96.643051,302.153046,133.246155,-96.650711,309.036713,133.901031,-96.136192,304.353851,136.418884,,,
790,6.583333,14:59:48:09.02,-96.642967,302.152893,133.245880,-96.642479,309.030426,133.901031,-96.135567,304.351959,136.418991,,,
791,6.591667,14:59:48:09.03,-96.644989,302.153503,133.246307,-96.639427,309.029266,133.901077,-96.117371,304.351807,136.418091,,,
792,6.600000,14:59:48:10.00,-96.645935,302.152527,133.248199,-96.641075,309.029694,133.902695,-96.133629,304.355347,136.420593,,,
793,6.608333,14:59:48:10.01,-96.646271,302.152863,133.246902,-96.640961,309.031403,133.903015,-96.134933,304.353577,136.418884,,,
794,6.616667,14:59:48:10.02,-96.644485,302.152405,133.246735,-96.641350,309.031708,133.903259,-96.135582,304.354645,136.419601,,,
795,6.625000,14:59:48:10.03,-96.643333,302.152252,133.246262,-96.640556,309.031403,133.901245,-96.120750,304.353424,136.419601,,,
796,6.633333,14:59:48:11.00,-96.645729,302.152374,133.246567,-96.641777,309.031189,133.903473,-96.134384,304.354095,136.419601,,,
797,6.641667,14:59:48:11.01,-96.644524,302.153870,133.247009,-96.640739,309.031952,133.903046,-96.117111,304.352539,136.418427,,,
798,6.650000,14:59:48:11.02,-96.645546,302.153717,133.247223,-96.639893,309.030762,133.903366,-96.134911,304.355927,136.420105,,,
799,6.658333,14:59:48:11.03,-96.644958,302.153290,133.246445,-96.640633,309.030457,133.901993,-96.136086,304.352783,136.420380,,,
800,6.666667,14:59:48:12.00,-96.642540,302.152649,133.246460,-96.641678,309.031464,133.902878,-96.135719,304.354492,136.420502,,,
801,6.675000,14:59:48:12.01,-96.643326,302.153046,133.247787,-96.641708,309.031738,133.902359,-96.119019,304.353516,136.419540,,,
802,6.683333,14:59:48:12.02,-96.642906,302.154480,133.247070,-96.641556,309.030975,133.902771,-96.117615,304.354431,136.418716,,,
803,6.691667,14:59:48:12.03,-96.643501,302.154663,133.246902,-96.641022,309.031250,133.901733,-96.117012,304.353363,136.418930,,,
804,6.700000,14:59:48:13.00,-96.643806,302.153900,133.247345,-96.641861,309.031158,133.901871,-96.135750,304.353363,136.419296,,,
805,6.708333,14:59:48:13.01,-96.643784,302.154053,133.246796,-96.640556,309.031128,133.901413,-96.117470,304.351837,136.417938,,,
806,6.716667,14:59:48:13.02,-96.644531,302.152893,133.247452,-96.639160,309.030701,133.903015,-96.117958,304.353821,136.418839,,,
807,6.725000,14:59:48:13.03,-96.643929,302.153076,133.246506,-96.639641,309.032288,133.902084,-96.134865,304.353302,136.418732,,,
808,6.733333,14:59:48:14.00,-96.644348,302.153564,133.246521,-96.640564,309.031342,133.902390,-96.135735,304.353577,136.420044,,,
809,6.741667,14:59:48:14.01,-96.645325,302.153290,133.247345,-96.642509,309.032928,133.903122,-96.136726,304.354401,136.420471,,,
810,6.750000,14:59:48:14.02,-96.643036,302.153534,133.246094,-96.640732,309.031616,133.902130,-96.135902,304.353699,136.420624,,,
811,6.758333,14:59:48:14.03,-96.643700,302.153076,133.246475,-96.640472,309.031891,133.902008,-96.136414,304.354126,136.420029,,,
812,6.766667,14:59:48:15.00,-96.644279,302.152924,133.246536,-96.639946,309.030914,133.902390,-96.133545,304.352234,136.418961,,,
813,6.775000,14:59:48:15.01,-96.644035,302.153259,133.247131,-96.640724,309.030609,133.902817,-96.119102,304.352112,136.419098,,,
814,6.783333,14:59:48:15.02,-96.645149,302.152863,133.246857,-96.641090,309.032379,133.902435,-96.132957,304.354156,136.418961,,,
815,6.791667,14:59:48:15.03,-96.642654,302.153625,133.246780,-96.641144,309.031738,133.902054,-96.134720,304.353088,136.419891,,,
816,6.800000,14:59:48:16.00,-96.643242,302.154785,133.246750,-96.640984,309.031189,133.902145,-96.134590,304.352966,136.418076,,,
817,6.808333,14:59:48:16.01,-96.645859,302.153748,133.247299,-96.640739,309.031616,133.903824,-96.134476,304.352722,136.419968,,,
818,6.816667,14:59:48:16.02,-96.647270,302.152679,133.247803,-96.640228,309.031525,133.902710,-96.135933,304.353119,136.418396,,,
819,6.825000,14:59:48:16.03,-96.647163,302.153320,133.247177,-96.641449,309.031525,133.903000,-96.135048,304.353394,136.419144,,,
820,6.833333,14:59:48:17.00,-96.645393,302.152435,133.246902,-96.640785,309.030975,133.902191,-96.136093,304.352631,136.420685,,,
821,6.841667,14:59:48:17.01,-96.645424,302.152039,133.246475,-96.640251,309.030273,133.902969,-96.136040,304.353607,136.420166,,,
822,6.850000,14:59:48:17.02,-96.644897,302.152191,133.246979,-96.642342,309.033173,133.903336,-96.134834,304.352631,136.420120,,,
823,6.858333,14:59:48:17.03,-96.643623,302.153107,133.245972,-96.641907,309.031494,133.902573,-96.136246,304.354248,136.420258,,,
824,6.866667,14:59:48:18.00,-96.645149,302.153076,133.245880,-96.641235,309.031219,133.902496,-96.135246,304.353302,136.420303,,,
825,6.875000,14:59:48:18.01,-96.642944,302.153564,133.247177,-96.640274,309.031494,133.903091,-96.117729,304.352600,136.418610,,,
826,6.883333,14:59:48:18.02,-96.643288,302.153503,133.246094,-96.640175,309.031403,133.902512,-96.133926,304.354797,136.418427,,,
827,6.891667,14:59:48:18.03,-96.644775,302.153564,133.246597,-96.642509,309.031433,133.902847,-96.117767,304.352295,136.419098,,,
828,6.900000,14:59:48:19.00,-96.645508,302.152740,133.246277,-96.640625,309.030579,133.902618,-96.136520,304.353790,136.419601,,,
829,6.908333,14:59:48:19.01,-96.644478,302.153015,133.247299,-96.639702,309.031860,133.902618,-96.134094,304.353363,136.419601,,,
830,6.916667,14:59:48:19.02,-96.643379,302.153076,133.248062,-96.641212,309.031494,133.902496,-96.135414,304.354248,136.419754,,,
831,6.925000,14:59:48:19.03,-96.643791,302.153076,133.247147,-96.642578,309.030212,133.902466,-96.135338,304.353821,136.419968,,,
832,6.933333,14:59:48:20.00,-96.644485,302.153076,133.245590,-96.642113,309.031555,133.902115,-96.136490,304.353943,136.420135,,,
833,6.941667,14:59:48:20.01,-96.644905,302.152008,133.246353,-96.641830,309.030975,133.902390,-96.118919,304.352295,136.418335,,,
834,6.950000,14:59:48:20.02,-96.646149,302.152100,133.245468,-96.642387,309.031372,133.902267,-96.135620,304.353760,136.419540,,,
835,6.958333,14:59:48:20.03,-96.647362,302.151917,133.247482,-96.640846,309.030365,133.901108,-96.135674,304.352631,136.418762,,,
836,6.966667,14:59:48:21.00,-96.644470,302.152527,133.246155,-96.641129,309.030304,133.902313,-96.136673,304.353851,136.419083,,,
837,6.975000,14:59:48:21.01,-96.645432,302.152374,133.246033,-96.641495,309.030518,133.902344,-96.120361,304.352081,136.419266,,,
838,6.983333,14:59:48:21.02,-96.645515,302.152252,133.246536,-96.641144,309.030884,133.902908,-96.135292,304.353699,136.419434,,,
839,6.991667,14:59:48:21.03,-96.644653,302.153503,133.244873,-96.641640,309.031769,133.902100,-96.138023,304.353577,136.419891,,,
840,7.000000,14:59:48:22.00,-96.645370,302.152100,133.245697,-96.641937,309.031067,133.902420,-96.137825,304.353302,136.419449,,,
841,7.008333,14:59:48:22.01,-96.645752,302.152771,133.246109,-96.641426,309.031158,133.901520,-96.119896,304.352875,136.419281,,,
842,7.016667,14:59:48:22.02,-96.643242,302.153137,133.245209,-96.641281,309.031036,133.901627,-96.133873,304.354950,136.417847,,,
843,7.025000,14:59:48:22.03,-96.644249,302.152435,133.246323,-96.641640,309.031738,133.901489,-96.135681,304.351349,136.418182,,,
844,7.033333,14:59:48:23.00,-96.647156,302.153076,133.246429,-96.641678,309.032196,133.903671,-96.118599,304.352295,136.417526,,,
845,7.041667,14:59:48:23.01,-96.645226,302.154266,133.245285,-96.640823,309.032379,133.902054,-96.135406,304.354889,136.418320,,,
846,7.050000,14:59:48:23.02,-96.643997,302.154266,133.246368,-96.642067,309.031921,133.901672,-96.136833,304.354828,136.420029,,,
847,7.058333,14:59:48:23.03,-96.645164,302.154297,133.246140,-96.642891,309.031860,133.902435,-96.136078,304.355682,136.419815,,,
848,7.066667,14:59:48:24.00,-96.643867,302.153748,133.247208,-96.640625,309.032562,133.901810,-96.136246,304.354462,136.418167,,,
849,7.075000,14:59:48:24.01,-96.645180,302.153656,133.247620,-96.641174,309.034454,133.900604,-96.135612,304.354797,136.419403,,,
850,7.083333,14:59:48:24.02,-96.646675,302.153839,133.246307,-96.639862,309.031952,133.900772,-96.132439,304.354156,136.419067,,,
851,7.091667,14:59:48:24.03,-96.644058,302.153046,133.245987,-96.639732,309.031525,133.900833,-96.117226,304.353485,136.418304,,,
852,7.100000,14:59:48:25.00,-96.644821,302.154205,133.246063,-96.641418,309.031006,133.901520,-96.133842,304.355469,136.419876,,,
853,7.108333,14:59:48:25.01,-96.643898,302.154602,133.246033,-96.641785,309.032043,133.902161,-96.137032,304.354095,136.419662,,,
854,7.116667,14:59:48:25.02,-96.643761,302.153900,133.245758,-96.643593,309.031982,133.901688,-96.137749,304.354279,136.419601,,,
855,7.125000,14:59:48:25.03,-96.645950,302.153046,133.246796,-96.642738,309.031311,133.902390,-96.138214,304.353668,136.420029,,,
856,7.133333,14:59:48:26.00,-96.646286,302.152405,133.246262,-96.642189,309.030243,133.901672,-96.136162,304.353943,136.419159,,,
857,7.141667,14:59:48:26.01,-96.643364,302.152130,133.245621,-96.641754,309.031677,133.902161,-96.118805,304.353241,136.418930,,,
858,7.150000,14:59:48:26.02,-96.644470,302.152924,133.246750,-96.642197,309.031616,133.902283,-96.134171,304.354218,136.417709,,,
859,7.158333,14:59:48:26.03,-96.647194,302.153625,133.246613,-96.640854,309.031860,133.901840,-96.136795,304.352386,136.419159,,,
860,7.166667,14:59:48:27.00,-96.646919,302.154053,133.246475,-96.640869,309.031494,133.901733,-96.120056,304.352631,136.418762,,,
861,7.175000,14:59:48:27.01,-96.645477,302.153290,133.245361,-96.640862,309.032166,133.902496,-96.116348,304.354767,136.419022,,,
862,7.183333,14:59:48:27.02,-96.645264,302.153259,133.246643,-96.641609,309.030548,133.901291,-96.136292,304.354828,136.419647,,,
863,7.191667,14:59:48:27.03,-96.645134,302.152496,133.246063,-96.642578,309.030640,133.901718,-96.118996,304.352325,136.419418,,,
864,7.200000,14:59:48:28.00,-96.646255,302.152771,133.246490,-96.641273,309.031433,133.902481,-96.135803,304.354645,136.419098,,,
865,7.208333,14:59:48:28.01,-96.642776,302.152954,133.244934,-96.640312,309.031952,133.901505,-96.134140,304.352936,136.419266,,,
866,7.216667,14:59:48:28.02,-96.646019,302.154175,133.246918,-96.640945,309.032440,133.903549,-96.135963,304.354431,136.418945,,,
867,7.225000,14:59:48:28.03,-96.646042,302.153717,133.246475,-96.642586,309.032623,133.902908,-96.117889,304.353729,136.417999,,,
868,7.233333,14:59:48:29.00,-96.642639,302.154083,133.246948,-96.642944,309.033142,133.903397,-96.136559,304.356873,136.419312,,,
869,7.241667,14:59:48:29.01,-96.643280,302.153992,133.246185,-96.643051,309.032501,133.901688,-96.120529,304.353973,136.418320,,,
870,7.250000,14:59:48:29.02,-96.643845,302.154755,133.246429,-96.642242,309.032532,133.902405,-96.135735,304.356720,136.418732,,,
871,7.258333,14:59:48:29.03,-96.643456,302.154602,133.246750,-96.641312,309.032593,133.902466,-96.134247,304.353638,136.419220,,,
872,7.266667,14:59:49:00.00,-96.643578,302.153381,133.246872,-96.641708,309.032532,133.902512,-96.136612,304.353577,136.419540,,,
873,7.275000,14:59:49:00.01,-96.642052,302.152954,133.245987,-96.643318,309.031830,133.902496,-96.118378,304.353180,136.417206,,,
874,7.283333,14:59:49:00.02,-96.642685,302.154266,133.246094,-96.641838,309.030853,133.902313,-96.134712,304.355560,136.419601,,,
875,7.291667,14:59:49:00.03,-96.644142,302.153076,133.246155,-96.643486,309.032013,133.902115,-96.136734,304.354187,136.420029,,,
876,7.300000,14:59:49:01.00,-96.644363,302.153717,133.246094,-96.642616,309.031769,133.902435,-96.136665,304.355133,136.418625,,,
877,7.308333,14:59:49:01.01,-96.647713,302.153656,133.247559,-96.641678,309.032196,133.902512,-96.137222,304.353363,136.418732,,,
878,7.316667,14:59:49:01.02,-96.644951,302.152893,133.246078,-96.641731,309.032471,133.901917,-96.136353,304.352722,136.419815,,,
879,7.325000,14:59:49:01.03,-96.644768,302.153351,133.246460,-96.642014,309.031281,133.902039,-96.118256,304.352600,136.418320,,,
880,7.333333,14:59:49:02.00,-96.644447,302.153290,133.245987,-96.641090,309.031708,133.902817,-96.135475,304.354309,136.418304,,,
881,7.341667,14:59:49:02.01,-96.643974,302.153168,133.246094,-96.640961,309.032654,133.901840,-96.135330,304.352844,136.419434,,,
882,7.350000,14:59:49:02.02,-96.642166,302.152863,133.245300,-96.642776,309.031403,133.902267,-96.135040,304.352814,136.418625,,,
883,7.358333,14:59:49:02.03,-96.643761,302.153015,133.246353,-96.641365,309.030396,133.900345,-96.137024,304.352539,136.419220,,,
884,7.366667,14:59:49:03.00,-96.643547,302.153168,133.244843,-96.641579,309.030365,133.902039,-96.136925,304.352142,136.417908,,,
885,7.375000,14:59:49:03.01,-96.641891,302.152710,133.245468,-96.641167,309.031158,133.902557,-96.136826,304.354767,136.419510,,,
886,7.383333,14:59:49:03.02,-96.643494,302.151398,133.245117,-96.639343,309.031189,133.901871,-96.135643,304.353180,136.419220,,,
887,7.391667,14:59:49:03.03,-96.643867,302.153992,133.245880,-96.641563,309.031525,133.902054,-96.136276,304.353394,136.419434,,,
888,7.400000,14:59:49:04.00,-96.642845,302.153503,133.245117,-96.641518,309.030212,133.902466,-96.118546,304.352325,136.417648,,,
889,7.408333,14:59:49:04.01,-96.644295,302.153442,133.245911,-96.640190,309.029755,133.902344,-96.134239,304.354462,136.417999,,,
890,7.416667,14:59:49:04.02,-96.644768,302.153809,133.246262,-96.640686,309.031830,133.901413,-96.136696,304.353607,136.418762,,,
891,7.425000,14:59:49:04.03,-96.643517,302.154266,133.246063,-96.641945,309.031555,133.902496,-96.119514,304.353546,136.418869,,,
892,7.433333,14:59:49:05.00,-96.644493,302.154022,133.247482,-96.641579,309.031616,133.902084,-96.134987,304.353485,136.419266,,,
893,7.441667,14:59:49:05.01,-96.641197,302.150330,133.245544,-96.642532,309.031525,133.902771,-96.136467,304.354065,136.418625,,,
894,7.450000,14:59:49:05.02,-96.642181,302.148743,133.246124,-96.642235,309.032471,133.902481,-96.138176,304.354034,136.419388,,,
895,7.458333,14:59:49:05.03,-96.646965,302.151093,133.249481,-96.642143,309.031342,133.902557,-96.134560,304.353790,136.419113,,,
896,7.466667,14:59:49:06.00,-96.654015,302.155121,133.251556,-96.640823,309.031616,133.901077,-96.134636,304.350952,136.418442,,,
897,7.475000,14:59:49:06.01,-96.656998,302.156708,133.252625,-96.640686,309.029907,133.901352,-96.114990,304.345703,136.418839,,,
898,7.483333,14:59:49:06.02,-96.650963,302.155273,133.250244,-96.641144,309.032104,133.901520,-96.133179,304.348175,136.420044,,,
899,7.491667,14:59:49:06.03,-96.649918,302.154053,133.249298,-96.642593,309.032043,133.902084,-96.120224,304.350555,136.423218,,,
900,7.500000,14:59:49:07.00,-96.648094,302.153687,133.248734,-96.641769,309.032135,133.901077,-96.139267,304.356079,136.424896,,,
901,7.508333,14:59:49:07.01,-96.647758,302.152496,133.249619,-96.641853,309.030853,133.901672,-96.124413,304.355682,136.424667,,,
902,7.516667,14:59:49:07.02,-96.649773,302.152771,133.250732,-96.640335,309.030823,133.900803,-96.138779,304.357208,136.423630,,,
903,7.525000,14:59:49:07.03,-96.649750,302.153564,133.250397,-96.640503,309.029785,133.901535,-96.139915,304.355469,136.423355,,,
904,7.533333,14:59:49:08.00,-96.653160,302.154572,133.251740,-96.639427,309.028290,133.900681,-96.139862,304.354980,136.423004,,,
905,7.541667,14:59:49:08.01,-96.652184,302.156219,133.250610,-96.640381,309.028900,133.902008,-96.119408,304.349487,136.420410,,,
906,7.550000,14:59:49:08.02,-96.652512,302.155975,133.250992,-96.641197,309.029663,133.904053,-96.120766,304.350647,136.421402,,,
907,7.558333,14:59:49:08.03,-96.648422,302.154724,133.248764,-96.646309,309.032379,133.906250,-96.137741,304.353394,136.422302,,,
908,7.566667,14:59:49:09.00,-96.648087,302.154114,133.249207,-96.645981,309.033722,133.906906,-96.137871,304.352478,136.422424,,,
909,7.575000,14:59:49:09.01,-96.648880,302.153625,133.248978,-96.646759,309.034943,133.907852,-96.121826,304.353912,136.423218,,,
910,7.583333,14:59:49:09.02,-96.645752,302.152649,133.247787,-96.645508,309.033875,133.907455,-96.139252,304.355896,136.423111,,,
911,7.591667,14:59:49:09.03,-96.646866,302.153168,133.249313,-96.645721,309.035217,133.908051,-96.123680,304.354462,136.423035,,,
912,7.600000,14:59:49:10.00,-96.651535,302.153778,133.248978,-96.655014,309.041290,133.903809,-96.120613,304.356354,136.420303,,,
913,7.608333,14:59:49:10.01,-96.650200,302.154297,133.250793,-96.647118,309.033752,133.904068,-96.138573,304.355774,136.421570,,,
914,7.616667,14:59:49:10.02,-96.651375,302.154541,133.249863,-96.645180,309.034058,133.904739,-96.141037,304.355377,136.422211,,,
915,7.625000,14:59:49:10.03,-96.649628,302.154877,133.249924,-96.642616,309.033600,133.903885,-96.121887,304.354584,136.421143,,,
916,7.633333,14:59:49:11.00,-96.651970,302.154938,133.250320,-96.642929,309.032623,133.903732,-96.120377,304.354797,136.421021,,,
917,7.641667,14:59:49:11.01,-96.650223,302.154846,133.250107,-96.644295,309.032288,133.904205,-96.136536,304.355621,136.422150,,,
918,7.650000,14:59:49:11.02,-96.650307,302.155640,133.251694,-96.642670,309.032715,133.904297,-96.139122,304.354248,136.420425,,,
919,7.658333,14:59:49:11.03,-96.651108,302.154053,133.249756,-96.643974,309.033112,133.905441,-96.138802,304.354736,136.422653,,,
920,7.666667,14:59:49:12.00,-96.651825,302.155396,133.250488,-96.645020,309.034241,133.906769,-96.138725,304.354858,136.421555,,,
921,7.675000,14:59:49:12.01,-96.652786,302.154144,133.251053,-96.643967,309.033813,133.906143,-96.138855,304.355377,136.421097,,,
922,7.683333,14:59:49:12.02,-96.649689,302.154602,133.250336,-96.643768,309.031982,133.905243,-96.136406,304.354187,136.421448,,,
923,7.691667,14:59:49:12.03,-96.648682,302.155945,133.250854,-96.643906,309.033264,133.904861,-96.119064,304.351410,136.420166,,,
924,7.700000,14:59:49:13.00,-96.649872,302.154053,133.250565,-96.643234,309.033691,133.905762,-96.116829,304.353149,136.420334,,,
925,7.708333,14:59:49:13.01,-96.650566,302.155914,133.251968,-96.643814,309.034027,133.904785,-96.135040,304.353760,136.421295,,,
926,7.716667,14:59:49:13.02,-96.652672,302.156006,133.250504,-96.644363,309.033752,133.905273,-96.137688,304.352814,136.420959,,,
927,7.725000,14:59:49:13.03,-96.651573,302.155518,133.250534,-96.642555,309.033905,133.903915,-96.121010,304.353424,136.421387,,,
928,7.733333,14:59:49:14.00,-96.652016,302.154877,133.251801,-96.643227,309.033905,133.905106,-96.137039,304.355072,136.422226,,,
929,7.741667,14:59:49:14.01,-96.650032,302.155701,133.249420,-96.641998,309.032837,133.903687,-96.139397,304.354858,136.422119,,,
930,7.750000,14:59:49:14.02,-96.649643,302.155212,133.250732,-96.642593,309.032349,133.902878,-96.137970,304.355133,136.422668,,,
931,7.758333,14:59:49:14.03,-96.649483,302.155090,133.249588,-96.641708,309.033905,133.903641,-96.122246,304.354156,136.421768,,,
932,7.766667,14:59:49:15.00,-96.651764,302.155823,133.249741,-96.641716,309.033020,133.902786,-96.137917,304.354919,136.421173,,,
933,7.775000,14:59:49:15.01,-96.648041,302.154755,133.249283,-96.643196,309.033447,133.902969,-96.119560,304.353149,136.420807,,,
934,7.783333,14:59:49:15.02,-96.649605,302.154205,133.248306,-96.642448,309.031616,133.903320,-96.137375,304.355988,136.422348,,,
935,7.791667,14:59:49:15.03,-96.644554,302.154907,133.248337,-96.642006,309.032227,133.902679,-96.121590,304.354401,136.421387,,,
936,7.800000,14:59:49:16.00,-96.647537,302.153809,133.247742,-96.642532,309.032318,133.903519,-96.137413,304.355530,136.421051,,,
937,7.808333,14:59:49:16.01,-96.648369,302.153809,133.248779,-96.642311,309.033325,133.903503,-96.121971,304.353973,136.420654,,,
938,7.816667,14:59:49:16.02,-96.648300,302.154175,133.248932,-96.642670,309.032257,133.903076,-96.137466,304.355133,136.420853,,,
939,7.825000,14:59:49:16.03,-96.646866,302.154022,133.248703,-96.642403,309.032043,133.903076,-96.137474,304.354614,136.421783,,,
940,7.833333,14:59:49:17.00,-96.646667,302.155121,133.249466,-96.642464,309.032135,133.903809,-96.137688,304.353455,136.421524,,,
941,7.841667,14:59:49:17.01,-96.645828,302.153717,133.248550,-96.640755,309.031769,133.901840,-96.137756,304.354462,136.420303,,,
942,7.850000,14:59:49:17.02,-96.646706,302.153473,133.248795,-96.640556,309.032104,133.902924,-96.138229,304.353271,136.419006,,,
943,7.858333,14:59:49:17.03,-96.646912,302.153839,133.248413,-96.641174,309.031250,133.903366,-96.137253,304.354034,136.419601,,,
944,7.866667,14:59:49:18.00,-96.646103,302.153320,133.247101,-96.642975,309.031525,133.904022,-96.138885,304.354370,136.419998,,,
945,7.875000,14:59:49:18.01,-96.646599,302.152710,133.248550,-96.643242,309.031586,133.904572,-96.137558,304.355377,136.420517,,,
946,7.883333,14:59:49:18.02,-96.647697,302.153351,133.248489,-96.643654,309.032227,133.904602,-96.119476,304.354126,136.419067,,,
947,7.891667,14:59:49:18.03,-96.650162,302.153900,133.249542,-96.642502,309.032196,133.903717,-96.136971,304.357910,136.419983,,,
948,7.900000,14:59:49:19.00,-96.646736,302.154907,133.249039,-96.644463,309.033234,133.905167,-96.138458,304.355896,136.419647,,,
949,7.908333,14:59:49:19.01,-96.645836,302.153656,133.249634,-96.643463,309.034454,133.903687,-96.137390,304.356018,136.418777,,,
950,7.916667,14:59:49:19.02,-96.647087,302.154816,133.247528,-96.644043,309.033539,133.904938,-96.138329,304.357147,136.419601,,,
951,7.925000,14:59:49:19.03,-96.645042,302.155304,133.247833,-96.643661,309.034149,133.904877,-96.136070,304.355682,136.418411,,,
952,7.933333,14:59:49:20.00,-96.646339,302.154755,133.247452,-96.645393,309.034332,133.904327,-96.136543,304.355560,136.418732,,,
953,7.941667,14:59:49:20.01,-96.645966,302.154999,133.247665,-96.643394,309.034363,133.904816,-96.139023,304.357300,136.418106,,,
954,7.950000,14:59:49:20.02,-96.650795,302.155365,133.248337,-96.641434,309.033691,133.904068,-96.137558,304.357788,136.418777,,,
955,7.958333,14:59:49:20.03,-96.648170,302.155182,133.247498,-96.644234,309.033508,133.904388,-96.137039,304.357269,136.418777,,,
956,7.966667,14:59:49:21.00,-96.647118,302.155457,133.247528,-96.645149,309.034119,133.905731,-96.137970,304.357544,136.419281,,,
957,7.975000,14:59:49:21.01,-96.643204,302.155426,133.246475,-96.643219,309.034088,133.903793,-96.136497,304.357300,136.419296,,,
958,7.983333,14:59:49:21.02,-96.645210,302.155334,133.248093,-96.643745,309.033783,133.904510,-96.137352,304.356476,136.419098,,,
959,7.991667,14:59:49:21.03,-96.645523,302.155365,133.248520,-96.642372,309.033264,133.903397,-96.121284,304.355896,136.418213,,,
960,8.000000,14:59:49:22.00,-96.645172,302.156128,133.245972,-96.642998,309.033630,133.903687,-96.136398,304.357422,136.418793,,,
961,8.008333,14:59:49:22.01,-96.644333,302.155487,133.247070,-96.643478,309.033661,133.903473,-96.137978,304.356750,136.419235,,,
962,8.016667,14:59:49:22.02,-96.643883,302.154907,133.245300,-96.643166,309.033600,133.904007,-96.137306,304.356506,136.419357,,,
963,8.025000,14:59:49:22.03,-96.642426,302.156158,133.245605,-96.642075,309.032990,133.902969,-96.137672,304.354950,136.419708,,,
964,8.033333,14:59:49:23.00,-96.643059,302.155457,133.245987,-96.643448,309.033630,133.904785,-96.136955,304.354706,136.417908,,,
965,8.041667,14:59:49:23.01,-96.643105,302.155701,133.245056,-96.642342,309.032166,133.903198,-96.136292,304.355896,136.417587,,,
966,8.050000,14:59:49:23.02,-96.646362,302.156891,133.246323,-96.641632,309.032104,133.903580,-96.136299,304.355164,136.417999,,,
967,8.058333,14:59:49:23.03,-96.646286,302.155334,133.247299,-96.642601,309.033661,133.902786,-96.136520,304.356018,136.419159,,,
968,8.066667,14:59:49:24.00,-96.641830,302.156799,133.246368,-96.643784,309.033203,133.902710,-96.137604,304.356262,136.417694,,,
969,8.075000,14:59:49:24.01,-96.641380,302.156128,133.247238,-96.643646,309.033569,133.902924,-96.136353,304.355011,136.418869,,,
970,8.083333,14:59:49:24.02,-96.641678,302.155975,133.246307,-96.643661,309.033661,133.903122,-96.137299,304.356720,136.419479,,,
971,8.091667,14:59:49:24.03,-96.640930,302.156433,133.246414,-96.643600,309.034027,133.903061,-96.135925,304.356689,136.418304,,,
972,8.100000,14:59:49:25.00,-96.643639,302.155884,133.246552,-96.644142,309.034149,133.902985,-96.138847,304.354980,136.418945,,,
973,8.108333,14:59:49:25.01,-96.641563,302.155792,133.245377,-96.644684,309.033325,133.902725,-96.121101,304.355011,136.418732,,,
974,8.116667,14:59:49:25.02,-96.641747,302.156921,133.246689,-96.644859,309.033875,133.903198,-96.135178,304.357208,136.419235,,,
975,8.125000,14:59:49:25.03,-96.642372,302.157745,133.246246,-96.643654,309.034698,133.902786,-96.137718,304.355011,136.419296,,,
976,8.133333,14:59:49:26.00,-96.642776,302.157166,133.246063,-96.643784,309.033356,133.901993,-96.120369,304.354553,136.417221,,,
977,8.141667,14:59:49:26.01,-96.640877,302.157227,133.245361,-96.645599,309.033356,133.901962,-96.119293,304.356598,136.418991,,,
978,8.150000,14:59:49:26.02,-96.641891,302.157959,133.245514,-96.644821,309.032379,133.903046,-96.134689,304.356323,136.418076,,,
979,8.158333,14:59:49:26.03,-96.640297,302.157349,133.246429,-96.645630,309.033142,133.903366,-96.120018,304.355011,136.418427,,,
980,8.166667,14:59:49:27.00,-96.640869,302.158752,133.246002,-96.644417,309.033173,133.901947,-96.119156,304.355652,136.417953,,,
981,8.175000,14:59:49:27.01,-96.639748,302.156891,133.245712,-96.643379,309.033661,133.902054,-96.134811,304.356171,136.418396,,,
982,8.183333,14:59:49:27.02,-96.641953,302.156708,133.246109,-96.643555,309.032379,133.901031,-96.136086,304.355804,136.418671,,,
983,8.191667,14:59:49:27.03,-96.643044,302.155914,133.245468,-96.645164,309.031952,133.900421,-96.120644,304.354950,136.418686,,,
984,8.200000,14:59:49:28.00,-96.639977,302.155243,133.244232,-96.644623,309.032074,133.901459,-96.133629,304.355408,136.417938,,,
985,8.208333,14:59:49:28.01,-96.639145,302.155792,133.244904,-96.645935,309.031525,133.901779,-96.119095,304.354248,136.417847,,,
986,8.216667,14:59:49:28.02,-96.640045,302.155212,133.243210,-96.645294,309.031250,133.903015,-96.135803,304.356995,136.419022,,,
987,8.225000,14:59:49:28.03,-96.640175,302.154541,133.243713,-96.645798,309.031647,133.902298,-96.137878,304.355988,136.418991,,,
988,8.233333,14:59:49:29.00,-96.642418,302.154938,133.243744,-96.646149,309.031006,133.902008,-96.136948,304.354706,136.418137,,,
989,8.241667,14:59:49:29.01,-96.642235,302.155060,133.244385,-96.646759,309.032959,133.903046,-96.121246,304.355774,136.417740,,,
990,8.250000,14:59:49:29.02,-96.644707,302.154572,133.244568,-96.658661,309.038605,133.901459,-96.119865,304.358063,136.418213,,,
991,8.258333,14:59:49:29.03,-96.643547,302.155243,133.244659,-96.649643,309.032227,133.902130,-96.136040,304.358521,136.419785,,,
992,8.266667,14:59:50:00.00,-96.641991,302.155884,133.244476,-96.647484,309.031799,133.902542,-96.137901,304.357208,136.419037,,,
993,8.275000,14:59:50:00.01,-96.642448,302.154480,133.244446,-96.646210,309.032013,133.902115,-96.136177,304.357971,136.419052,,,
994,8.283333,14:59:50:00.02,-96.640572,302.154510,133.243652,-96.646408,309.032135,133.901398,-96.137558,304.357300,136.417557,,,
995,8.291667,14:59:50:00.03,-96.640877,302.154572,133.244339,-96.647629,309.031738,133.900848,-96.136513,304.358398,136.418777,,,
996,8.300000,14:59:50:01.00,-96.642525,302.154419,133.243423,-96.648354,309.030914,133.901047,-96.136185,304.358398,136.418655,,,
997,8.308333,14:59:50:01.01,-96.643982,302.154877,133.243668,-96.647064,309.032196,133.900864,-96.136276,304.358643,136.419632,,,
998,8.316667,14:59:50:01.02,-96.642906,302.156860,133.244019,-96.646820,309.033112,133.902481,-96.133522,304.358246,136.417404,,,
999,8.325000,14:59:50:01.03,-96.639488,302.155853,133.244171,-96.656593,309.037537,133.900085,-96.136543,304.358978,136.418777,,,
1000,8.333333,14:59:50:02.00,-96.640251,302.155029,133.244202,-96.648552,309.032074,133.901443,-96.136154,304.358734,136.416595,,,
1001,8.341667,14:59:50:02.01,-96.639862,302.156250,133.244095,-96.646614,309.031799,133.901108,-96.135674,304.359558,136.419159,,,
1002,8.350000,14:59:50:02.02,-96.637383,302.156219,133.243210,-96.646950,309.033661,133.901581,-96.134239,304.359009,136.416931,,,
1003,8.358333,14:59:50:02.03,-96.636261,302.156189,133.243759,-96.645271,309.032837,133.901840,-96.134247,304.358002,136.417831,,,
1004,8.366667,14:59:50:03.00,-96.637215,302.154755,133.244308,-96.647202,309.034027,133.902557,-96.134483,304.358398,136.417084,,,
1005,8.375000,14:59:50:03.01,-96.639404,302.153900,133.244659,-96.655350,309.039307,133.900589,-96.134590,304.357971,136.417145,,,
1006,8.383333,14:59:50:03.02,-96.636673,302.155029,133.244461,-96.647278,309.031494,133.901199,-96.133316,304.357025,136.416656,,,
1007,8.391667,14:59:50:03.03,-96.635765,302.153961,133.243423,-96.647797,309.032166,133.903030,-96.132149,304.355255,136.417694,,,
1008,8.400000,14:59:50:04.00,-96.633743,302.154083,133.242386,-96.646973,309.031982,133.902771,-96.134987,304.355438,136.416351,,,
1009,8.408333,14:59:50:04.01,-96.631989,302.152863,133.242065,-96.647179,309.032715,133.902542,-96.133423,304.355682,136.416336,,,
1010,8.416667,14:59:50:04.02,-96.633110,302.153381,133.244415,-96.646515,309.031830,133.901794,-96.132935,304.356476,136.416595,,,
1011,8.425000,14:59:50:04.03,-96.633888,302.153534,133.244431,-96.647469,309.032440,133.902481,-96.132431,304.355774,136.415115,,,
1012,8.433333,14:59:50:05.00,-96.639381,302.153351,133.245926,-96.646011,309.032349,133.902023,-96.133003,304.356384,136.416336,,,
1013,8.441667,14:59:50:05.01,-96.637367,302.153717,133.244614,-96.645348,309.033936,133.900650,-96.133858,304.355774,136.417252,,,
1014,8.450000,14:59:50:05.02,-96.639458,302.153290,133.246689,-96.646553,309.032928,133.902054,-96.131943,304.355621,136.415680,,,
1015,8.458333,14:59:50:05.03,-96.637810,302.154419,133.246201,-96.645416,309.032440,133.901672,-96.132492,304.355072,136.416168,,,
1016,8.466667,14:59:50:06.00,-96.639069,302.155121,133.247665,-96.647148,309.032318,133.902069,-96.133545,304.355743,136.416321,,,
1017,8.475000,14:59:50:06.01,-96.641449,302.154999,133.247757,-96.645668,309.033630,133.902008,-96.132011,304.355896,136.415665,,,
1018,8.483333,14:59:50:06.02,-96.642990,302.156342,133.248016,-96.645660,309.032135,133.901733,-96.130745,304.353577,136.415680,,,
1019,8.491667,14:59:50:06.03,-96.642601,302.156860,133.248398,-96.654259,309.036652,133.900467,-96.129494,304.352081,136.415375,,,
1020,8.500000,14:59:50:07.00,-96.642990,302.157104,133.248962,-96.647659,309.032288,133.901184,-96.129379,304.352173,136.415573,,,
1021,8.508333,14:59:50:07.01,-96.645096,302.157318,133.248642,-96.645233,309.031250,133.900497,-96.131721,304.353882,136.416595,,,
1022,8.516667,14:59:50:07.02,-96.643570,302.155762,133.248566,-96.655037,309.039154,133.899551,-96.129089,304.351562,136.416229,,,
1023,8.525000,14:59:50:07.03,-96.645149,302.157654,133.249680,-96.660172,309.038727,133.900162,-96.130997,304.351196,136.415787,,,
1024,8.533333,14:59:50:08.00,-96.646179,302.158752,133.249100,-96.648842,309.030823,133.901001,-96.131393,304.351654,136.416733,,,
1025,8.541667,14:59:50:08.01,-96.645828,302.158752,133.248505,-96.647148,309.031189,133.900589,-96.129807,304.351105,136.416275,,,
1026,8.550000,14:59:50:08.02,-96.645958,302.157532,133.250290,-96.645943,309.031403,133.900574,-96.130165,304.351349,136.416763,,,
1027,8.558333,14:59:50:08.03,-96.645042,302.156982,133.249969,-96.647202,309.030334,133.901398,-96.130760,304.349792,136.416702,,,
1028,8.566667,14:59:50:09.00,-96.646423,302.157318,133.250519,-96.647079,309.031525,133.902100,-96.132477,304.350952,136.417191,,,
1029,8.575000,14:59:50:09.01,-96.646591,302.157806,133.249359,-96.647850,309.031372,133.902023,-96.132538,304.351257,136.418457,,,
1030,8.583333,14:59:50:09.02,-96.647560,302.157806,133.249649,-96.647110,309.031525,133.901550,-96.134323,304.352295,136.418701,,,
1031,8.591667,14:59:50:09.03,-96.646660,302.159302,133.250244,-96.646805,309.031494,133.901520,-96.131432,304.351746,136.419495,,,
1032,8.600000,14:59:50:10.00,-96.648369,302.158356,133.250504,-96.646576,309.032043,133.900284,-96.133301,304.352386,136.419128,,,
1033,8.608333,14:59:50:10.01,-96.647957,302.159088,133.249588,-96.646080,309.030823,133.900787,-96.133781,304.353119,136.419586,,,
1034,8.616667,14:59:50:10.02,-96.645752,302.159637,133.250000,-96.647934,309.031982,133.901733,-96.134277,304.354309,136.419388,,,
1035,8.625000,14:59:50:10.03,-96.646118,302.158997,133.249542,-96.645836,309.032776,133.901779,-96.135300,304.354584,136.420303,,,
1036,8.633333,14:59:50:11.00,-96.649239,302.159515,133.249588,-96.646843,309.031952,133.901871,-96.134575,304.354797,136.420517,,,
1037,8.641667,14:59:50:11.01,-96.647186,302.158630,133.249847,-96.649017,309.031677,133.901901,-96.134766,304.355591,136.418762,,,
1038,8.650000,14:59:50:11.02,-96.646431,302.159851,133.249863,-96.647934,309.032501,133.901474,-96.135208,304.353851,136.419327,,,
1039,8.658333,14:59:50:11.03,-96.646729,302.158997,133.250275,-96.646492,309.031311,133.900299,-96.135750,304.354279,136.420364,,,
1040,8.666667,14:59:50:12.00,-96.646957,302.159515,133.249390,-96.648697,309.032166,133.902267,-96.135262,304.354889,136.420654,,,
1041,8.675000,14:59:50:12.01,-96.646820,302.159485,133.249954,-96.648132,309.031433,133.901306,-96.135559,304.354736,136.419785,,,
1042,8.683333,14:59:50:12.02,-96.645470,302.159119,133.249100,-96.647179,309.032043,133.901840,-96.135147,304.355225,136.419708,,,
1043,8.691667,14:59:50:12.03,-96.647301,302.159546,133.249405,-96.648140,309.032684,133.902023,-96.135345,304.355225,136.420517,,,
1044,8.700000,14:59:50:13.00,-96.648964,302.159973,133.250351,-96.647369,309.032227,133.901810,-96.133865,304.354706,136.420197,,,
1045,8.708333,14:59:50:13.01,-96.648003,302.160309,133.249741,-96.647720,309.032288,133.901840,-96.132912,304.354309,136.418488,,,
1046,8.716667,14:59:50:13.02,-96.647606,302.159302,133.249863,-96.647438,309.031525,133.902115,-96.134750,304.354309,136.418991,,,
1047,8.725000,14:59:50:13.03,-96.646469,302.160675,133.248886,-96.649208,309.031586,133.902527,-96.134262,304.354828,136.419556,,,
1048,8.733333,14:59:50:14.00,-96.644440,302.159760,133.248764,-96.646362,309.032410,133.901001,-96.134338,304.354919,136.418564,,,
1049,8.741667,14:59:50:14.01,-96.647247,302.159729,133.249557,-96.647934,309.032043,133.900803,-96.133423,304.353943,136.419327,,,
1050,8.750000,14:59:50:14.02,-96.647385,302.160126,133.249298,-96.658295,309.038055,133.899155,-96.134071,304.354431,136.418167,,,
1051,8.758333,14:59:50:14.03,-96.643883,302.159393,133.248718,-96.649895,309.031677,133.900421,-96.131554,304.354858,136.418808,,,
1052,8.766667,14:59:50:15.00,-96.642105,302.159576,133.248383,-96.646713,309.032379,133.901337,-96.133247,304.353485,136.417038,,,
1053,8.775000,14:59:50:15.01,-96.645424,302.159454,133.249374,-96.646133,309.031830,133.901016,-96.133865,304.353821,136.417450,,,
1054,8.783333,14:59:50:15.02,-96.646950,302.160858,133.249237,-96.646729,309.032532,133.901703,-96.132378,304.354919,136.418945,,,
1055,8.791667,14:59:50:15.03,-96.647064,302.159393,133.249359,-96.648010,309.032074,133.901733,-96.133736,304.356110,136.417450,,,
1056,8.800000,14:59:50:16.00,-96.643883,302.158875,133.247955,-96.648392,309.031219,133.901871,-96.134186,304.356415,136.418503,,,
1057,8.808333,14:59:50:16.01,-96.645630,302.158936,133.248871,-96.648750,309.032074,133.902710,-96.133896,304.355682,136.417694,,,
1058,8.816667,14:59:50:16.02,-96.644020,302.158630,133.247864,-96.648392,309.031494,133.901505,-96.133827,304.355499,136.418396,,,
1059,8.825000,14:59:50:16.03,-96.645363,302.158600,133.248596,-96.647842,309.031830,133.902008,-96.133217,304.356537,136.418549,,,
1060,8.833333,14:59:50:17.00,-96.642097,302.157318,133.247147,-96.647827,309.030609,133.901794,-96.133133,304.356232,136.418045,,,
1061,8.841667,14:59:50:17.01,-96.638939,302.156525,133.246597,-96.647217,309.031036,133.901642,-96.133827,304.355743,136.417618,,,
1062,8.850000,14:59:50:17.02,-96.638748,302.156769,133.247421,-96.648697,309.030396,133.902328,-96.134499,304.356812,136.418564,,,
1063,8.858333,14:59:50:17.03,-96.640221,302.156494,133.247208,-96.647659,309.031281,133.900604,-96.132645,304.356110,136.416977,,,
1064,8.866667,14:59:50:18.00,-96.641212,302.157257,133.248444,-96.647942,309.032776,133.902344,-96.131721,304.355225,136.418274,,,
1065,8.875000,14:59:50:18.01,-96.639557,302.157349,133.246948,-96.647026,309.032532,133.901917,-96.131554,304.354126,136.416550,,,
1066,8.883333,14:59:50:18.02,-96.641640,302.156464,133.246262,-96.647957,309.032501,133.901031,-96.132454,304.354919,136.417358,,,
1067,8.891667,14:59:50:18.03,-96.639359,302.157501,133.246216,-96.656891,309.037567,133.899826,-96.130882,304.354187,136.416000,,,
1068,8.900000,14:59:50:19.00,-96.639755,302.157684,133.246582,-96.660866,309.038391,133.899826,-96.132164,304.352844,136.417358,,,
1069,8.908333,14:59:50:19.01,-96.640778,302.158447,133.246185,-96.661942,309.037720,133.900421,-96.131714,304.354309,136.417038,,,
1070,8.916667,14:59:50:19.02,-96.641800,302.157990,133.246613,-96.660706,309.037720,133.900330,-96.130409,304.353241,136.416077,,,
1071,8.925000,14:59:50:19.03,-96.642448,302.157043,133.246643,-96.650421,309.030731,133.901672,-96.133057,304.355591,136.416336,,,
1072,8.933333,14:59:50:20.00,-96.641830,302.156860,133.247299,-96.656502,309.038177,133.899445,-96.130875,304.353882,136.416504,,,
1073,8.941667,14:59:50:20.01,-96.636940,302.157196,133.245865,-96.659431,309.039734,133.900696,-96.130165,304.353088,136.416275,,,
1074,8.950000,14:59:50:20.02,-96.636490,302.156769,133.245438,-96.647797,309.031921,133.902008,-96.130272,304.355011,136.415039,,,
1075,8.958333,14:59:50:20.03,-96.638695,302.155914,133.246994,-96.657341,309.037933,133.901321,-96.130661,304.354370,136.415924,,,
1076,8.966667,14:59:50:21.00,-96.636597,302.155151,133.244324,-96.649307,309.031097,133.902191,-96.130959,304.355682,136.416061,,,
1077,8.975000,14:59:50:21.01,-96.636513,302.155151,133.244354,-96.646667,309.032410,133.901642,-96.131935,304.355103,136.414688,,,
1078,8.983333,14:59:50:21.02,-96.636810,302.155579,133.244568,-96.657791,309.038422,133.900803,-96.132889,304.356598,136.416107,,,
1079,8.991667,14:59:50:21.03,-96.637947,302.155579,133.244522,-96.648636,309.031433,133.901535,-96.132095,304.357513,136.415756,,,
1080,9.000000,14:59:50:22.00,-96.635788,302.155151,133.243057,-96.657410,309.038300,133.901184,-96.132202,304.356720,136.415405,,,
1081,9.008333,14:59:50:22.01,-96.636520,302.155121,133.243881,-96.651085,309.032135,133.902359,-96.131287,304.356750,136.415176,,,
1082,9.016667,14:59:50:22.02,-96.637360,302.155182,133.243622,-96.648529,309.032501,133.901855,-96.134300,304.356750,136.416458,,,
1083,9.025000,14:59:50:22.03,-96.635658,302.156433,133.242416,-96.656960,309.038940,133.900528,-96.133476,304.358337,136.417572,,,
1084,9.033333,14:59:50:23.00,-96.636353,302.156677,133.243790,-96.648750,309.032928,133.902115,-96.133003,304.359283,136.416367,,,
1085,9.041667,14:59:50:23.01,-96.636284,302.156616,133.242172,-96.648415,309.032898,133.903046,-96.133965,304.358612,136.417389,,,
1086,9.050000,14:59:50:23.02,-96.636032,302.156525,133.244247,-96.648857,309.031616,133.903137,-96.134102,304.358643,136.417343,,,
1087,9.058333,14:59:50:23.03,-96.638885,302.157654,133.243835,-96.647919,309.032867,133.902466,-96.133194,304.357727,136.416077,,,
1088,9.066667,14:59:50:24.00,-96.634171,302.155762,133.244354,-96.646584,309.031769,133.902359,-96.133507,304.357971,136.416000,,,
1089,9.075000,14:59:50:24.01,-96.635689,302.156830,133.244095,-96.647011,309.033020,133.903870,-96.133347,304.357880,136.416733,,,
1090,9.083333,14:59:50:24.02,-96.635452,302.156982,133.244080,-96.646088,309.034027,133.903244,-96.132584,304.357819,136.416550,,,
1091,9.091667,14:59:50:24.03,-96.636093,302.156555,133.243073,-96.655060,309.039734,133.902100,-96.133118,304.356537,136.417145,,,
1092,9.100000,14:59:50:25.00,-96.635498,302.158203,133.242065,-96.649155,309.032928,133.903915,-96.134293,304.357544,136.418625,,,
1093,9.108333,14:59:50:25.01,-96.635361,302.157532,133.245010,-96.647850,309.033356,133.904633,-96.133453,304.356659,136.418793,,,
1094,9.116667,14:59:50:25.02,-96.638939,302.157349,133.246094,-96.647263,309.032928,133.904037,-96.135170,304.355896,136.419220,,,
1095,9.125000,14:59:50:25.03,-96.641357,302.158417,133.246735,-96.645523,309.032684,133.902908,-96.133934,304.356415,136.419571,,,
1096,9.133333,14:59:50:26.00,-96.642639,302.156281,133.246368,-96.645828,309.032471,133.904541,-96.136215,304.357086,136.419693,,,
1097,9.141667,14:59:50:26.01,-96.641777,302.157440,133.246552,-96.646942,309.032501,133.903076,-96.135193,304.357208,136.420166,,,
1098,9.150000,14:59:50:26.02,-96.640060,302.157227,133.246216,-96.646477,309.031372,133.903503,-96.134933,304.355438,136.419937,,,
1099,9.158333,14:59:50:26.03,-96.643478,302.155579,133.247467,-96.647377,309.032776,133.903976,-96.134125,304.353607,136.419342,,,
1100,9.166667,14:59:50:27.00,-96.640129,302.156372,133.246796,-96.647018,309.032440,133.903564,-96.134140,304.354309,136.419617,,,
1101,9.175000,14:59:50:27.01,-96.638222,302.156219,133.246231,-96.646973,309.031586,133.904129,-96.136108,304.355347,136.419922,,,
1102,9.183333,14:59:50:27.02,-96.639481,302.155579,133.246124,-96.646683,309.033081,133.903259,-96.136711,304.355164,136.420410,,,
1103,9.191667,14:59:50:27.03,-96.642014,302.156921,133.247681,-96.657318,309.037842,133.902496,-96.135071,304.355347,136.420456,,,
1104,9.200000,14:59:50:28.00,-96.643135,302.156555,133.248596,-96.649368,309.032776,133.903641,-96.136055,304.355133,136.420776,,,
1105,9.208333,14:59:50:28.01,-96.645538,302.156036,133.248383,-96.646187,309.032715,133.903702,-96.134529,304.353607,136.420044,,,
1106,9.216667,14:59:50:28.02,-96.645889,302.156616,133.248123,-96.655144,309.038422,133.902283,-96.135651,304.354309,136.419983,,,
1107,9.225000,14:59:50:28.03,-96.641243,302.156372,133.247055,-96.647514,309.032379,133.904236,-96.134659,304.354492,136.419601,,,
1108,9.233333,14:59:50:29.00,-96.643723,302.156342,133.248672,-96.645996,309.032684,133.905060,-96.134499,304.353912,136.418121,,,
1109,9.241667,14:59:50:29.01,-96.645264,302.155945,133.248962,-96.656029,309.038147,133.903046,-96.134697,304.354370,136.419540,,,
1110,9.250000,14:59:50:29.02,-96.642593,302.156525,133.247498,-96.647179,309.031830,133.904190,-96.135368,304.354675,136.419647,,,
1111,9.258333,14:59:50:29.03,-96.640564,302.156677,133.247620,-96.646812,309.032196,133.903717,-96.134079,304.354797,136.419250,,,
1112,9.266667,14:59:51:00.00,-96.641075,302.157166,133.248901,-96.647087,309.031860,133.903778,-96.133461,304.355499,136.418564,,,
1113,9.275000,14:59:51:00.01,-96.641197,302.155029,133.246735,-96.646019,309.032227,133.904022,-96.134750,304.355896,136.419403,,,
1114,9.283333,14:59:51:00.02,-96.640289,302.155151,133.247223,-96.648109,309.033478,133.905640,-96.135559,304.355560,136.420288,,,
1115,9.291667,14:59:51:00.03,-96.642136,302.157074,133.247787,-96.647354,309.033783,133.904724,-96.135437,304.355164,136.420166,,,
1116,9.300000,14:59:51:01.00,-96.641113,302.156982,133.247192,-96.648178,309.033325,133.904327,-96.135963,304.354523,136.420303,,,
1117,9.308333,14:59:51:01.01,-96.640900,302.156250,133.248108,-96.646187,309.033142,133.904449,-96.134430,304.354004,136.419083,,,
1118,9.316667,14:59:51:01.02,-96.643127,302.156921,133.248688,-96.647583,309.033752,133.906296,-96.135033,304.354034,136.418335,,,
1119,9.325000,14:59:51:01.03,-96.644798,302.157349,133.248840,-96.645737,309.033020,133.904236,-96.135384,304.354584,136.419983,,,
1120,9.333333,14:59:51:02.00,-96.646896,302.157104,133.250015,-96.646149,309.032532,133.904678,-96.137527,304.354858,136.420090,,,
1121,9.341667,14:59:51:02.01,-96.647003,302.155731,133.248993,-96.647095,309.032104,133.903992,-96.136169,304.355377,136.420410,,,
1122,9.350000,14:59:51:02.02,-96.646248,302.155334,133.248215,-96.649223,309.032318,133.905014,-96.134384,304.354553,136.420410,,,
1123,9.358333,14:59:51:02.03,-96.648300,302.154877,133.247726,-96.647896,309.032074,133.902939,-96.136787,304.355072,136.419830,,,
1124,9.366667,14:59:51:03.00,-96.648102,302.155243,133.249756,-96.647491,309.031067,133.904343,-96.137489,304.354767,136.421844,,,
1125,9.375000,14:59:51:03.01,-96.650772,302.155701,133.249786,-96.647736,309.032837,133.904907,-96.136154,304.355255,136.420624,,,
1126,9.383333,14:59:51:03.02,-96.647842,302.154724,133.248932,-96.656982,309.038635,133.903763,-96.120911,304.354736,136.420624,,,
1127,9.391667,14:59:51:03.03,-96.646843,302.154358,133.248215,-96.645767,309.032990,133.903503,-96.135376,304.355377,136.421051,,,
1128,9.400000,14:59:51:04.00,-96.649902,302.155792,133.250504,-96.644279,309.033020,133.903564,-96.138206,304.352875,136.421280,,,
1129,9.408333,14:59:51:04.01,-96.649353,302.154633,133.249695,-96.645561,309.032288,133.904251,-96.138367,304.353821,136.420898,,,
1130,9.416667,14:59:51:04.02,-96.646896,302.154358,133.249268,-96.644165,309.031616,133.903687,-96.139297,304.355408,136.421234,,,
1131,9.425000,14:59:51:04.03,-96.648750,302.153748,133.248978,-96.643745,309.031982,133.904190,-96.138435,304.354126,136.420563,,,
1132,9.433333,14:59:51:05.00,-96.650627,302.153931,133.248947,-96.643707,309.034485,133.904495,-96.139107,304.353699,136.420364,,,
1133,9.441667,14:59:51:05.01,-96.649376,302.154480,133.249130,-96.643784,309.032471,133.904236,-96.121567,304.353180,136.420639,,,
1134,9.450000,14:59:51:05.02,-96.648125,302.153809,133.249146,-96.644920,309.032440,133.905121,-96.120338,304.355896,136.421066,,,
1135,9.458333,14:59:51:05.03,-96.647255,302.154388,133.249680,-96.644325,309.033051,133.904175,-96.137329,304.355011,136.421173,,,
1136,9.466667,14:59:51:06.00,-96.649193,302.154053,133.250488,-96.642883,309.032257,133.904282,-96.120224,304.351379,136.419678,,,
1137,9.475000,14:59:51:06.01,-96.651459,302.153473,133.249969,-96.643387,309.032349,133.904678,-96.120461,304.353363,136.423279,,,
1138,9.483333,14:59:51:06.02,-96.653328,302.153381,133.249832,-96.643867,309.031311,133.903183,-96.139053,304.354187,136.421616,,,
1139,9.491667,14:59:51:06.03,-96.653061,302.153870,133.249023,-96.642830,309.031586,133.902649,-96.139618,304.353485,136.420792,,,
1140,9.500000,14:59:51:07.00,-96.653549,302.154449,133.249527,-96.644012,309.033081,133.903809,-96.140083,304.353058,136.422409,,,
1141,9.508333,14:59:51:07.01,-96.654816,302.153809,133.249649,-96.643112,309.030975,133.903854,-96.119843,304.350861,136.421051,,,
1142,9.516667,14:59:51:07.02,-96.650764,302.154114,133.250076,-96.642616,309.029419,133.903580,-96.119896,304.352325,136.422089,,,
1143,9.525000,14:59:51:07.03,-96.649933,302.153076,133.249634,-96.642319,309.029968,133.902237,-96.136353,304.354187,136.421906,,,
1144,9.533333,14:59:51:08.00,-96.650925,302.154083,133.250748,-96.641441,309.030640,133.901917,-96.137833,304.351868,136.420715,,,
1145,9.541667,14:59:51:08.01,-96.650436,302.153137,133.248627,-96.641769,309.031067,133.902374,-96.140312,304.355133,136.421661,,,
1146,9.550000,14:59:51:08.02,-96.649529,302.153717,133.249985,-96.643379,309.032318,133.902649,-96.137108,304.349823,136.421005,,,
1147,9.558333,14:59:51:08.03,-96.650314,302.155029,133.249146,-96.645096,309.033325,133.903549,-96.115891,304.346252,136.417282,,,
1148,9.566667,14:59:51:09.00,-96.654457,302.153839,133.249741,-96.645348,309.032410,133.904556,-96.134712,304.354034,136.418625,,,
1149,9.575000,14:59:51:09.01,-96.648201,302.150391,133.247620,-96.646126,309.034332,133.907181,-96.135216,304.352295,136.418182,,,
1150,9.583333,14:59:51:09.02,-96.644203,302.151764,133.245316,-96.647820,309.033508,133.909027,-96.137505,304.355133,136.418869,,,
1151,9.591667,14:59:51:09.03,-96.644356,302.152954,133.246460,-96.647728,309.033417,133.908905,-96.124100,304.356689,136.422089,,,
1152,9.600000,14:59:51:10.00,-96.643951,302.151611,133.246445,-96.645775,309.030975,133.908081,-96.141159,304.357086,136.423019,,,
1153,9.608333,14:59:51:10.01,-96.645660,302.152466,133.247238,-96.642853,309.028870,133.905411,-96.141716,304.354980,136.422821,,,
1154,9.616667,14:59:51:10.02,-96.649628,302.154724,133.248749,-96.640465,309.028900,133.901459,-96.123398,304.354431,136.423462,,,
1155,9.625000,14:59:51:10.03,-96.651489,302.155396,133.250504,-96.641472,309.029541,133.901352,-96.140900,304.356201,136.425095,,,
1156,9.633333,14:59:51:11.00,-96.654884,302.154663,133.251541,-96.641571,309.031219,133.903534,-96.139862,304.355469,136.425140,,,
1157,9.641667,14:59:51:11.01,-96.654861,302.154419,133.252747,-96.641647,309.031525,133.903549,-96.143250,304.354797,136.426010,,,
1158,9.650000,14:59:51:11.02,-96.658379,302.154907,133.253494,-96.642235,309.032135,133.901657,-96.144119,304.354065,136.426987,,,
1159,9.658333,14:59:51:11.03,-96.657997,302.155334,133.253113,-96.642235,309.030762,133.901962,-96.118683,304.345673,136.421524,,,
1160,9.666667,14:59:51:12.00,-96.658195,302.155945,133.253464,-96.643051,309.030731,133.902664,-96.133446,304.347382,136.419327,,,
1161,9.675000,14:59:51:12.01,-96.648880,302.150665,133.249405,-96.641991,309.031403,133.903534,-96.136375,304.352936,136.418900,,,
1162,9.683333,14:59:51:12.02,-96.642159,302.147949,133.245773,-96.642021,309.031494,133.903168,-96.118858,304.352631,136.417877,,,
1163,9.691667,14:59:51:12.03,-96.644379,302.152588,133.246078,-96.642166,309.030426,133.903030,-96.136589,304.356293,136.419983,,,
1164,9.700000,14:59:51:13.00,-96.645142,302.153656,133.246674,-96.642738,309.031952,133.903366,-96.136971,304.353363,136.419266,,,
1165,9.708333,14:59:51:13.01,-96.645271,302.153717,133.246307,-96.642433,309.031189,133.903107,-96.137329,304.354309,136.419647,,,
1166,9.716667,14:59:51:13.02,-96.645744,302.152954,133.245728,-96.642708,309.031921,133.902267,-96.137856,304.353729,136.419327,,,
1167,9.725000,14:59:51:13.03,-96.645432,302.152496,133.245773,-96.642815,309.032013,133.902512,-96.136185,304.355011,136.419617,,,
1168,9.733333,14:59:51:14.00,-96.646187,302.151947,133.246292,-96.642563,309.031067,133.902756,-96.136543,304.354614,136.420227,,,
1169,9.741667,14:59:51:14.01,-96.645386,302.152405,133.247040,-96.642143,309.030518,133.903931,-96.136322,304.352631,136.418182,,,
1170,9.750000,14:59:51:14.02,-96.644348,302.151520,133.245346,-96.642838,309.031525,133.902283,-96.135750,304.354797,136.419098,,,
1171,9.758333,14:59:51:14.03,-96.645439,302.151825,133.246674,-96.642128,309.030762,133.902466,-96.118973,304.352570,136.418427,,,
1172,9.766667,14:59:51:15.00,-96.645905,302.153259,133.246750,-96.641815,309.031494,133.903381,-96.135437,304.354340,136.419983,,,
1173,9.775000,14:59:51:15.01,-96.644463,302.153076,133.246582,-96.641045,309.031830,133.902100,-96.118874,304.353485,136.418457,,,
1174,9.783333,14:59:51:15.02,-96.645088,302.152832,133.247681,-96.643501,309.031433,133.902405,-96.137276,304.354797,136.419815,,,
1175,9.791667,14:59:51:15.03,-96.644150,302.152557,133.245377,-96.642319,309.030426,133.902283,-96.137794,304.352631,136.420166,,,
1176,9.800000,14:59:51:16.00,-96.645706,302.152069,133.246231,-96.642059,309.029541,133.902298,-96.136116,304.352173,136.419693,,,
1177,9.808333,14:59:51:16.01,-96.647102,302.152222,133.246597,-96.642303,309.030182,133.901520,-96.136726,304.352997,136.419250,,,
1178,9.816667,14:59:51:16.02,-96.648033,302.152649,133.246826,-96.641106,309.030609,133.901733,-96.137383,304.354034,136.420135,,,
1179,9.825000,14:59:51:16.03,-96.648674,302.152313,133.247314,-96.641739,309.031311,133.901901,-96.136459,304.352631,136.420105,,,
1180,9.833333,14:59:51:17.00,-96.647606,302.152740,133.246704,-96.642616,309.030853,133.902008,-96.136772,304.353088,136.420074,,,
1181,9.841667,14:59:51:17.01,-96.645149,302.152496,133.246307,-96.641647,309.031036,133.902359,-96.137161,304.354218,136.419540,,,
1182,9.850000,14:59:51:17.02,-96.645164,302.152802,133.246368,-96.640442,309.029327,133.901169,-96.135208,304.353485,136.419464,,,
1183,9.858333,14:59:51:17.03,-96.642647,302.153503,133.246414,-96.640930,309.030212,133.901108,-96.118515,304.352081,136.418228,,,
1184,9.866667,14:59:51:18.00,-96.643829,302.152863,133.245819,-96.642609,309.031067,133.902573,-96.135399,304.353851,136.419250,,,
1185,9.875000,14:59:51:18.01,-96.644608,302.152557,133.246689,-96.642975,309.031555,133.902557,-96.120682,304.353027,136.418640,,,
1186,9.883333,14:59:51:18.02,-96.645615,302.153992,133.247604,-96.642075,309.031647,133.903152,-96.134918,304.354156,136.418427,,,
1187,9.891667,14:59:51:18.03,-96.643738,302.153381,133.247284,-96.640678,309.031921,133.902924,-96.119324,304.353363,136.418610,,,
1188,9.900000,14:59:51:19.00,-96.643646,302.153168,133.245499,-96.641594,309.031219,133.902115,-96.133385,304.355164,136.419296,,,
1189,9.908333,14:59:51:19.01,-96.644157,302.152832,133.245422,-96.641716,309.030426,133.902832,-96.119102,304.352234,136.418945,,,
1190,9.916667,14:59:51:19.02,-96.645508,302.152466,133.246750,-96.642151,309.030853,133.903198,-96.117264,304.353088,136.419800,,,
1191,9.925000,14:59:51:19.03,-96.643661,302.152466,133.245605,-96.641449,309.031036,133.902252,-96.118050,304.352295,136.418839,,,
1192,9.933333,14:59:51:20.00,-96.646057,302.152618,133.247330,-96.642471,309.031006,133.902374,-96.134392,304.353058,136.419266,,,
1193,9.941667,14:59:51:20.01,-96.648529,302.152863,133.245712,-96.641708,309.031189,133.902756,-96.137009,304.352600,136.419525,,,
1194,9.950000,14:59:51:20.02,-96.645988,302.152954,133.247314,-96.642006,309.031311,133.902603,-96.135986,304.354462,136.419342,,,
1195,9.958333,14:59:51:20.03,-96.644005,302.152802,133.247452,-96.642097,309.031738,133.902008,-96.135727,304.353912,136.418976,,,
1196,9.966667,14:59:51:21.00,-96.645393,302.152161,133.247437,-96.640938,309.029999,133.901627,-96.117142,304.352020,136.418152,,,
1197,9.975000,14:59:51:21.01,-96.647339,302.152863,133.247025,-96.641388,309.030182,133.901886,-96.118279,304.354248,136.419464,,,
1198,9.983333,14:59:51:21.02,-96.646667,302.152588,133.247299,-96.642410,309.030090,133.902390,-96.135498,304.354004,136.420258,,,
1199,9.991667,14:59:51:21.03,-96.643257,302.152954,133.246262,-96.642784,309.030365,133.902390,-96.137009,304.352783,136.419785,,,
1200,10.000000,14:59:51:22.00,-96.644737,302.152527,133.246429,-96.643143,309.030701,133.902740,-96.137558,304.353577,136.418671,,,
1201,10.008333,14:59:51:22.01,-96.645302,302.152527,133.246078,-96.640793,309.030182,133.901382,-96.135765,304.354919,136.419861,,,
1202,10.016667,14:59:51:22.02,-96.643425,302.152222,133.246262,-96.642334,309.030426,133.902756,-96.135368,304.352081,136.419434,,,
1203,10.025000,14:59:51:22.03,-96.647324,302.152740,133.247238,-96.641251,309.030792,133.902054,-96.118301,304.352203,136.417206,,,
1204,10.033333,14:59:51:23.00,-96.645630,302.153076,133.246964,-96.640205,309.031097,133.901733,-96.135475,304.354584,136.418503,,,
1205,10.041667,14:59:51:23.01,-96.645393,302.152130,133.245834,-96.641296,309.031097,133.901947,-96.136551,304.351440,136.418335,,,
1206,10.050000,14:59:51:23.02,-96.645683,302.152496,133.245895,-96.640152,309.031219,133.902435,-96.135986,304.353943,136.417694,,,
1207,10.058333,14:59:51:23.03,-96.645935,302.152679,133.246429,-96.642441,309.030853,133.902115,-96.137077,304.353607,136.418777,,,
1208,10.066667,14:59:51:24.00,-96.646133,302.153809,133.247238,-96.640968,309.030762,133.901886,-96.136154,304.354034,136.419601,,,
1209,10.075000,14:59:51:24.01,-96.644989,302.152679,133.246185,-96.642014,309.031708,133.901184,-96.136292,304.352509,136.419510,,,
1210,10.083333,14:59:51:24.02,-96.645531,302.152039,133.245621,-96.641068,309.031616,133.901672,-96.119484,304.352325,136.417725,,,
1211,10.091667,14:59:51:24.03,-96.643608,302.152557,133.245392,-96.641312,309.030548,133.901794,-96.135040,304.354034,136.419235,,,
1212,10.100000,14:59:51:25.00,-96.643326,302.151459,133.246643,-96.641403,309.029877,133.903030,-96.137268,304.350647,136.419266,,,
1213,10.108333,14:59:51:25.01,-96.643867,302.152618,133.246918,-96.641670,309.030731,133.901871,-96.136909,304.351501,136.420731,,,
1214,10.116667,14:59:51:25.02,-96.646141,302.152863,133.246582,-96.642418,309.029633,133.902664,-96.137314,304.353821,136.419571,,,
1215,10.125000,14:59:51:25.03,-96.644524,302.151642,133.246292,-96.650085,309.035889,133.900757,-96.119286,304.354095,136.419281,,,
1216,10.133333,14:59:51:26.00,-96.646484,302.152893,133.246201,-96.642998,309.031311,133.901901,-96.136337,304.355774,136.418671,,,
1217,10.141667,14:59:51:26.01,-96.643661,302.151642,133.246292,-96.642387,309.032227,133.903809,-96.136803,304.351990,136.417908,,,
1218,10.150000,14:59:51:26.02,-96.646042,302.150909,133.246521,-96.641182,309.029999,133.902832,-96.136024,304.352997,136.419159,,,
1219,10.158333,14:59:51:26.03,-96.645081,302.150726,133.246262,-96.640320,309.030273,133.901413,-96.119278,304.351776,136.418060,,,
1220,10.166667,14:59:51:27.00,-96.645744,302.151947,133.245071,-96.641090,309.028595,133.902084,-96.133461,304.352783,136.418106,,,
1221,10.175000,14:59:51:27.01,-96.645302,302.153351,133.246353,-96.641121,309.031097,133.902130,-96.136108,304.351929,136.419388,,,
1222,10.183333,14:59:51:27.02,-96.645523,302.152954,133.246613,-96.642883,309.031677,133.902603,-96.137100,304.352203,136.418991,,,
1223,10.191667,14:59:51:27.03,-96.643997,302.152008,133.246033,-96.643280,309.031586,133.902161,-96.136353,304.353638,136.419754,,,
1224,10.200000,14:59:51:28.00,-96.645203,302.153503,133.247116,-96.641281,309.030060,133.901031,-96.135239,304.352722,136.418900,,,
1225,10.208333,14:59:51:28.01,-96.642731,302.152527,133.246307,-96.640465,309.030762,133.901947,-96.134926,304.352722,136.418228,,,
1226,10.216667,14:59:51:28.02,-96.643616,302.152039,133.246094,-96.640121,309.030670,133.903000,-96.135551,304.352142,136.418777,,,
1227,10.225000,14:59:51:28.03,-96.642616,302.152191,133.246231,-96.640190,309.030090,133.902100,-96.116493,304.351318,136.417694,,,
1228,10.233333,14:59:51:29.00,-96.644226,302.151001,133.245163,-96.641853,309.031067,133.901764,-96.134895,304.355255,136.419739,,,
1229,10.241667,14:59:51:29.01,-96.645889,302.153168,133.246994,-96.642883,309.031891,133.902496,-96.136353,304.352783,136.420013,,,
1230,10.250000,14:59:51:29.02,-96.645363,302.153534,133.246796,-96.641075,309.032104,133.903458,-96.136047,304.352966,136.420868,,,
1231,10.258333,14:59:51:29.03,-96.645752,302.152618,133.246338,-96.640388,309.031982,133.902100,-96.138252,304.353455,136.419052,,,
1232,10.266667,14:59:52:00.00,-96.644073,302.153076,133.246048,-96.640915,309.031372,133.902588,-96.135971,304.352234,136.419022,,,
1233,10.275000,14:59:52:00.01,-96.643745,302.152954,133.245300,-96.639679,309.031189,133.901901,-96.134682,304.352509,136.418610,,,
1234,10.283333,14:59:52:00.02,-96.643219,302.152985,133.245682,-96.640900,309.032043,133.902466,-96.135864,304.352844,136.418701,,,
1235,10.291667,14:59:52:00.03,-96.642570,302.153534,133.246384,-96.640656,309.031342,133.901581,-96.134872,304.353577,136.418579,,,
1236,10.300000,14:59:52:01.00,-96.645752,302.154175,133.247192,-96.642960,309.032257,133.903152,-96.137444,304.354797,136.420258,,,
1237,10.308333,14:59:52:01.01,-96.647064,302.153717,133.246536,-96.642258,309.032166,133.903580,-96.119225,304.353271,136.420135,,,
1238,10.316667,14:59:52:01.02,-96.644287,302.153137,133.247513,-96.643295,309.032288,133.903976,-96.136002,304.354095,136.419876,,,
1239,10.325000,14:59:52:01.03,-96.643158,302.153351,133.245712,-96.640923,309.031128,133.903366,-96.136101,304.352722,136.419312,,,
1240,10.333333,14:59:52:02.00,-96.645195,302.152832,133.244919,-96.641121,309.030640,133.902145,-96.134964,304.351654,136.418823,,,
1241,10.341667,14:59:52:02.01,-96.643517,302.153229,133.246368,-96.641228,309.029449,133.902588,-96.116844,304.352417,136.418289,,,
1242,10.350000,14:59:52:02.02,-96.643257,302.152863,133.246490,-96.641426,309.030975,133.903397,-96.135094,304.355988,136.420685,,,
1243,10.358333,14:59:52:02.03,-96.645020,302.154175,133.249023,-96.640862,309.030975,133.901642,-96.136436,304.354370,136.420212,,,
1244,10.366667,14:59:52:03.00,-96.645393,302.153076,133.246689,-96.641220,309.030731,133.902618,-96.136559,304.354584,136.420746,,,
1245,10.375000,14:59:52:03.01,-96.646301,302.153137,133.246689,-96.642380,309.030304,133.901978,-96.136078,304.353516,136.420471,,,
1246,10.383333,14:59:52:03.02,-96.645996,302.152313,133.247223,-96.640556,309.030853,133.901398,-96.136307,304.352020,136.418976,,,
1247,10.391667,14:59:52:03.03,-96.644531,302.152679,133.247009,-96.641647,309.030945,133.902725,-96.118423,304.351929,136.418808,,,
1248,10.400000,14:59:52:04.00,-96.644836,302.152954,133.245346,-96.640175,309.030762,133.902222,-96.133873,304.353668,136.419098,,,
1249,10.408333,14:59:52:04.01,-96.645149,302.152740,133.246811,-96.641167,309.030243,133.902222,-96.118210,304.352081,136.418060,,,
1250,10.416667,14:59:52:04.02,-96.646385,302.154327,133.247528,-96.641953,309.030792,133.902130,-96.136047,304.355164,136.420944,,,
1251,10.425000,14:59:52:04.03,-96.645393,302.152496,133.245621,-96.642372,309.031067,133.901932,-96.136238,304.353943,136.419357,,,
1252,10.433333,14:59:52:05.00,-96.643356,302.152954,133.246201,-96.641907,309.031586,133.902649,-96.136215,304.353210,136.419739,,,
1253,10.441667,14:59:52:05.01,-96.643051,302.153656,133.246216,-96.641579,309.032074,133.902344,-96.135284,304.353271,136.418320,,,
1254,10.450000,14:59:52:05.02,-96.646095,302.152954,133.247513,-96.641663,309.031403,133.903046,-96.137390,304.353485,136.419861,,,
1255,10.458333,14:59:52:05.03,-96.644821,302.153931,133.246567,-96.640778,309.031219,133.902328,-96.136482,304.353821,136.419174,,,
1256,10.466667,14:59:52:06.00,-96.645775,302.153625,133.247391,-96.639671,309.031250,133.902969,-96.136871,304.353455,136.419296,,,
1257,10.475000,14:59:52:06.01,-96.645241,302.153198,133.245178,-96.640106,309.032684,133.902603,-96.136681,304.353943,136.419006,,,
1258,10.483333,14:59:52:06.02,-96.644958,302.153809,133.246338,-96.640633,309.031128,133.901382,-96.134254,304.352570,136.418793,,,
1259,10.491667,14:59:52:06.03,-96.644562,302.152863,133.247314,-96.641968,309.031525,133.901840,-96.118759,304.353088,136.418289,,,
1260,10.500000,14:59:52:07.00,-96.645294,302.153015,133.246613,-96.640671,309.031311,133.901901,-96.135025,304.355011,136.419479,,,
1261,10.508333,14:59:52:07.01,-96.643082,302.152740,133.246155,-96.640732,309.030731,133.901672,-96.133698,304.353271,136.419296,,,
1262,10.516667,14:59:52:07.02,-96.643379,302.153290,133.247513,-96.640625,309.030334,133.902084,-96.119789,304.351868,136.418564,,,
1263,10.525000,14:59:52:07.03,-96.643661,302.153381,133.246262,-96.641571,309.032288,133.902405,-96.134262,304.354340,136.419785,,,
1264,10.533333,14:59:52:08.00,-96.642921,302.152893,133.245438,-96.639618,309.031158,133.901611,-96.120461,304.353485,136.418945,,,
1265,10.541667,14:59:52:08.01,-96.645676,302.152405,133.246338,-96.641449,309.031494,133.901138,-96.135880,304.354004,136.419464,,,
1266,10.550000,14:59:52:08.02,-96.644630,302.152435,133.246201,-96.641968,309.029907,133.901367,-96.136490,304.352783,136.418015,,,
1267,10.558333,14:59:52:08.03,-96.642632,302.152893,133.246262,-96.643623,309.031403,133.902756,-96.136024,304.352051,136.418823,,,
1268,10.566667,14:59:52:09.00,-96.645477,302.153748,133.246368,-96.641495,309.030762,133.901901,-96.138000,304.352844,136.420090,,,
1269,10.575000,14:59:52:09.01,-96.643280,302.152313,133.246017,-96.640732,309.031189,133.901962,-96.118988,304.351501,136.419144,,,
1270,10.583333,14:59:52:09.02,-96.643059,302.152344,133.245468,-96.640800,309.030762,133.901764,-96.135475,304.354523,136.419128,,,
1271,10.591667,14:59:52:09.03,-96.645836,302.153503,133.247467,-96.640350,309.030853,133.901260,-96.135162,304.352264,136.419403,,,
1272,10.600000,14:59:52:10.00,-96.645447,302.153320,133.246567,-96.640709,309.029846,133.900864,-96.136543,304.353973,136.419708,,,
1273,10.608333,14:59:52:10.01,-96.646889,302.153534,133.246460,-96.640579,309.029205,133.901184,-96.135040,304.353912,136.419434,,,
1274,10.616667,14:59:52:10.02,-96.646446,302.152039,133.246475,-96.642151,309.031433,133.903824,-96.135956,304.353638,136.420410,,,
1275,10.625000,14:59:52:10.03,-96.646286,302.153503,133.247574,-96.641960,309.032593,133.903564,-96.136627,304.353973,136.420380,,,
1276,10.633333,14:59:52:11.00,-96.645195,302.153381,133.247467,-96.641998,309.032379,133.903427,-96.118042,304.353149,136.419754,,,
1277,10.641667,14:59:52:11.01,-96.643219,302.155029,133.247162,-96.640320,309.031616,133.901718,-96.117279,304.354706,136.418289,,,
1278,10.650000,14:59:52:11.02,-96.644203,302.153839,133.245667,-96.641617,309.031311,133.901672,-96.135063,304.355774,136.419296,,,
1279,10.658333,14:59:52:11.03,-96.645073,302.152802,133.246857,-96.641609,309.030975,133.900558,-96.134224,304.354370,136.419540,,,
1280,10.666667,14:59:52:12.00,-96.643906,302.152954,133.246506,-96.639740,309.030182,133.902161,-96.133850,304.353271,136.419647,,,
1281,10.675000,14:59:52:12.01,-96.645393,302.152802,133.246948,-96.640923,309.031097,133.903183,-96.137482,304.353577,136.420654,,,
1282,10.683333,14:59:52:12.02,-96.644951,302.154022,133.246414,-96.640549,309.030426,133.902451,-96.136536,304.354370,136.419846,,,
1283,10.691667,14:59:52:12.03,-96.645767,302.153290,133.246674,-96.640450,309.030853,133.902191,-96.117805,304.353058,136.419739,,,
1284,10.700000,14:59:52:13.00,-96.644905,302.153931,133.246307,-96.641579,309.032654,133.902176,-96.118408,304.355042,136.418900,,,
1285,10.708333,14:59:52:13.01,-96.648575,302.154297,133.247543,-96.640800,309.031006,133.901886,-96.118065,304.354370,136.418610,,,
1286,10.716667,14:59:52:13.02,-96.645546,302.153839,133.246109,-96.642296,309.031860,133.902679,-96.134911,304.353912,136.419495,,,
1287,10.725000,14:59:52:13.03,-96.644669,302.152405,133.246460,-96.642082,309.031738,133.903214,-96.118309,304.352173,136.418991,,,
1288,10.733333,14:59:52:14.00,-96.645660,302.152649,133.246002,-96.640572,309.032104,133.902328,-96.135071,304.354675,136.419479,,,
1289,10.741667,14:59:52:14.01,-96.644714,302.153290,133.247147,-96.640511,309.031738,133.902023,-96.135864,304.353333,136.419250,,,
1290,10.750000,14:59:52:14.02,-96.644356,302.153900,133.245895,-96.641693,309.031982,133.901917,-96.135384,304.352966,136.419373,,,
1291,10.758333,14:59:52:14.03,-96.643837,302.153625,133.246414,-96.639763,309.030975,133.901566,-96.137688,304.353180,136.419693,,,
1292,10.766667,14:59:52:15.00,-96.643257,302.153564,133.246735,-96.641335,309.032288,133.901886,-96.136948,304.353790,136.420288,,,
1293,10.775000,14:59:52:15.01,-96.643913,302.152832,133.246201,-96.640938,309.032043,133.902863,-96.135727,304.353607,136.420334,,,
1294,10.783333,14:59:52:15.02,-96.643745,302.152679,133.246918,-96.639763,309.030762,133.902740,-96.136269,304.353058,136.419571,,,
1295,10.791667,14:59:52:15.03,-96.645874,302.153198,133.247086,-96.641525,309.030853,133.902878,-96.119682,304.352753,136.418915,,,
1296,10.800000,14:59:52:16.00,-96.645805,302.153290,133.246323,-96.641792,309.030334,133.901382,-96.135590,304.355621,136.418961,,,
1297,10.808333,14:59:52:16.01,-96.645332,302.154205,133.247070,-96.641731,309.032379,133.902496,-96.136734,304.353973,136.420868,,,
1298,10.816667,14:59:52:16.02,-96.646873,302.154633,133.247452,-96.640823,309.032379,133.902405,-96.135948,304.354980,136.420059,,,
1299,10.825000,14:59:52:16.03,-96.647522,302.154266,133.247726,-96.641724,309.031952,133.902725,-96.136818,304.355042,136.421112,,,
1300,10.833333,14:59:52:17.00,-96.646568,302.154510,133.247513,-96.640770,309.032776,133.903000,-96.136429,304.354004,136.420502,,,
1301,10.841667,14:59:52:17.01,-96.644638,302.153931,133.247330,-96.641167,309.031952,133.902267,-96.118660,304.352753,136.419861,,,
1302,10.850000,14:59:52:17.02,-96.643402,302.152985,133.246429,-96.640411,309.031952,133.902328,-96.133057,304.354584,136.419327,,,
1303,10.858333,14:59:52:17.03,-96.643745,302.153625,133.246216,-96.641663,309.032013,133.902008,-96.136215,304.353546,136.419601,,,
1304,10.866667,14:59:52:18.00,-96.642723,302.152802,133.246475,-96.640999,309.031311,133.901154,-96.136276,304.352844,136.418808,,,
1305,10.875000,14:59:52:18.01,-96.645615,302.154083,133.247299,-96.641243,309.031921,133.902939,-96.120819,304.354492,136.419205,,,
1306,10.883333,14:59:52:18.02,-96.646133,302.154877,133.248001,-96.640892,309.032379,133.902420,-96.135277,304.355133,136.420090,,,
1307,10.891667,14:59:52:18.03,-96.645065,302.154480,133.248138,-96.641449,309.032837,133.903244,-96.136620,304.353271,136.419601,,,
1308,10.900000,14:59:52:19.00,-96.645615,302.153992,133.247818,-96.640808,309.031616,133.902115,-96.137253,304.354584,136.419159,,,
1309,10.908333,14:59:52:19.01,-96.646400,302.154419,133.248047,-96.640694,309.031891,133.902878,-96.118614,304.353851,136.419540,,,
1310,10.916667,14:59:52:19.02,-96.646118,302.154022,133.247635,-96.640076,309.031830,133.902542,-96.134331,304.353455,136.419861,,,
1311,10.925000,14:59:52:19.03,-96.647530,302.153473,133.247604,-96.640709,309.031891,133.901581,-96.120148,304.352875,136.419144,,,
1312,10.933333,14:59:52:20.00,-96.647820,302.154083,133.246872,-96.641556,309.030884,133.901825,-96.135712,304.353912,136.419495,,,
1313,10.941667,14:59:52:20.01,-96.645195,302.154266,133.245438,-96.641655,309.031067,133.902878,-96.136948,304.353790,136.420471,,,
1314,10.950000,14:59:52:20.02,-96.644638,302.154297,133.247330,-96.641472,309.032104,133.903214,-96.136726,304.354401,136.419693,,,
1315,10.958333,14:59:52:20.03,-96.645294,302.153137,133.247070,-96.641373,309.029968,133.903122,-96.136215,304.354614,136.419464,,,
1316,10.966667,14:59:52:21.00,-96.645264,302.153381,133.246719,-96.650986,309.036896,133.901306,-96.135384,304.354309,136.419601,,,
1317,10.975000,14:59:52:21.01,-96.646484,302.153503,133.247040,-96.643433,309.030701,133.902222,-96.135040,304.352631,136.418198,,,
1318,10.983333,14:59:52:21.02,-96.644608,302.152740,133.246857,-96.641731,309.032013,133.901993,-96.137383,304.354919,136.420013,,,
1319,10.991667,14:59:52:21.03,-96.647736,302.153290,133.246704,-96.640800,309.032532,133.903427,-96.136459,304.354675,136.418747,,,
1320,11.000000,14:59:52:22.00,-96.644043,302.155121,133.246948,-96.640694,309.032043,133.903152,-96.136848,304.354736,136.420441,,,
1321,11.008333,14:59:52:22.01,-96.642776,302.154510,133.246841,-96.641632,309.031525,133.902191,-96.137428,304.354218,136.419846,,,
1322,11.016667,14:59:52:22.02,-96.645538,302.153839,133.246338,-96.642128,309.030487,133.901352,-96.136024,304.354034,136.418930,,,
1323,11.025000,14:59:52:22.03,-96.648804,302.154175,133.246948,-96.642326,309.031097,133.902252,-96.135887,304.354370,136.419800,,,
1324,11.033333,14:59:52:23.00,-96.649567,302.153961,133.247513,-96.641983,309.032043,133.901215,-96.135330,304.354950,136.419296,,,
1325,11.041667,14:59:52:23.01,-96.644524,302.154083,133.245773,-96.641212,309.032928,133.902405,-96.136574,304.354156,136.419113,,,
1326,11.050000,14:59:52:23.02,-96.644775,302.154236,133.246185,-96.641319,309.031555,133.902115,-96.136002,304.354736,136.419357,,,
1327,11.058333,14:59:52:23.03,-96.646347,302.155457,133.247025,-96.642242,309.031067,133.902710,-96.135574,304.354523,136.420029,,,
1328,11.066667,14:59:52:24.00,-96.646545,302.154419,133.246262,-96.643272,309.031525,133.901657,-96.136375,304.354767,136.419952,,,
1329,11.075000,14:59:52:24.01,-96.645752,302.154572,133.246368,-96.641998,309.032684,133.903091,-96.118797,304.353210,136.418365,,,
1330,11.083333,14:59:52:24.02,-96.644501,302.153351,133.245972,-96.640739,309.031952,133.902008,-96.118286,304.355896,136.418976,,,
1331,11.091667,14:59:52:24.03,-96.643814,302.154358,133.247787,-96.640839,309.030975,133.901321,-96.135353,304.355042,136.419708,,,
1332,11.100000,14:59:52:25.00,-96.645981,302.153931,133.246521,-96.641365,309.031372,133.902145,-96.136147,304.354340,136.419174,,,
1333,11.108333,14:59:52:25.01,-96.645905,302.153076,133.246292,-96.640984,309.030762,133.901352,-96.136261,304.354156,136.419861,,,
1334,11.116667,14:59:52:25.02,-96.646996,302.154205,133.247482,-96.642189,309.031158,133.901764,-96.117798,304.352386,136.418106,,,
1335,11.125000,14:59:52:25.03,-96.647858,302.153290,133.247360,-96.641029,309.031555,133.902008,-96.135368,304.354462,136.420105,,,
1336,11.133333,14:59:52:26.00,-96.648476,302.153076,133.248093,-96.642975,309.031403,133.901535,-96.136070,304.353973,136.419540,,,
1337,11.141667,14:59:52:26.01,-96.648415,302.153931,133.246582,-96.641556,309.032043,133.901672,-96.136642,304.354797,136.420135,,,
1338,11.150000,14:59:52:26.02,-96.646049,302.153900,133.246582,-96.643059,309.032257,133.901886,-96.135117,304.353943,136.419266,,,
1339,11.158333,14:59:52:26.03,-96.648949,302.153595,133.246796,-96.642967,309.031891,133.903061,-96.118088,304.352966,136.419785,,,
1340,11.166667,14:59:52:27.00,-96.645920,302.153717,133.246796,-96.643654,309.031555,133.903000,-96.134705,304.354797,136.419495,,,
1341,11.175000,14:59:52:27.01,-96.645462,302.152222,133.247345,-96.642479,309.031250,133.902573,-96.136467,304.352142,136.419220,,,
1342,11.183333,14:59:52:27.02,-96.645645,302.152802,133.247543,-96.641640,309.031250,133.901306,-96.136002,304.354584,136.419662,,,
1343,11.191667,14:59:52:27.03,-96.645218,302.153625,133.247559,-96.641312,309.030731,133.901855,-96.137535,304.355652,136.419174,,,
1344,11.200000,14:59:52:28.00,-96.647675,302.153778,133.247452,-96.643372,309.031738,133.903671,-96.137558,304.355011,136.420212,,,
1345,11.208333,14:59:52:28.01,-96.646255,302.154297,133.247589,-96.641335,309.031738,133.902603,-96.119850,304.353210,136.419403,,,
1346,11.216667,14:59:52:28.02,-96.647148,302.153381,133.246979,-96.641747,309.030853,133.901917,-96.136086,304.355255,136.419479,,,
1347,11.225000,14:59:52:28.03,-96.647758,302.153809,133.247009,-96.641586,309.030914,133.902283,-96.136841,304.354523,136.419418,,,
1348,11.233333,14:59:52:29.00,-96.646317,302.153168,133.247162,-96.640770,309.031952,133.903000,-96.118782,304.352295,136.418808,,,
1349,11.241667,14:59:52:29.01,-96.645287,302.153107,133.247406,-96.640953,309.031189,133.902084,-96.133873,304.354797,136.418732,,,
1350,11.250000,14:59:52:29.02,-96.645775,302.153320,133.248154,-96.642479,309.031525,133.901703,-96.135788,304.354584,136.420090,,,
1351,11.258333,14:59:52:29.03,-96.645149,302.152557,133.246582,-96.641838,309.030975,133.902313,-96.136650,304.353485,136.419495,,,
1352,11.266667,14:59:53:00.00,-96.648094,302.153015,133.248169,-96.641571,309.031464,133.903351,-96.137016,304.353607,136.419006,,,
1353,11.275000,14:59:53:00.01,-96.646919,302.153717,133.246796,-96.643326,309.032684,133.903595,-96.119148,304.352112,136.419327,,,
1354,11.283333,14:59:53:00.02,-96.647324,302.154022,133.247787,-96.641243,309.031158,133.902283,-96.135918,304.354095,136.418854,,,
1355,11.291667,14:59:53:00.03,-96.646461,302.152435,133.246719,-96.642090,309.032043,133.902435,-96.135696,304.354156,136.419647,,,
1356,11.300000,14:59:53:01.00,-96.646515,302.153320,133.245789,-96.641731,309.031891,133.903214,-96.118256,304.354065,136.418823,,,
1357,11.308333,14:59:53:01.01,-96.645599,302.153625,133.247498,-96.641479,309.032166,133.902924,-96.118134,304.354675,136.419128,,,
1358,11.316667,14:59:53:01.02,-96.647041,302.154449,133.247162,-96.641541,309.031738,133.902924,-96.119026,304.354919,136.418747,,,
1359,11.325000,14:59:53:01.03,-96.646797,302.153625,133.247238,-96.640976,309.030914,133.902176,-96.136360,304.356079,136.420685,,,
1360,11.333333,14:59:53:02.00,-96.645935,302.153381,133.247025,-96.642670,309.030365,133.903046,-96.137535,304.355377,136.419800,,,
1361,11.341667,14:59:53:02.01,-96.646507,302.153046,133.246765,-96.642944,309.030762,133.903473,-96.135147,304.353485,136.418869,,,
1362,11.350000,14:59:53:02.02,-96.645966,302.153717,133.246780,-96.641602,309.031128,133.903625,-96.135971,304.354492,136.419815,,,
1363,11.358333,14:59:53:02.03,-96.644318,302.153625,133.246765,-96.640282,309.031067,133.903046,-96.135674,304.353607,136.420044,,,
1364,11.366667,14:59:53:03.00,-96.645233,302.153503,133.247116,-96.640388,309.032043,133.902298,-96.118233,304.352722,136.418839,,,
1365,11.375000,14:59:53:03.01,-96.648613,302.155060,133.248444,-96.642624,309.031860,133.902847,-96.118736,304.356140,136.420227,,,
1366,11.383333,14:59:53:03.02,-96.646812,302.155396,133.247711,-96.642738,309.032257,133.904083,-96.136192,304.356293,136.419983,,,
1367,11.391667,14:59:53:03.03,-96.647903,302.153656,133.248520,-96.640648,309.032166,133.902115,-96.137131,304.354645,136.421051,,,
1368,11.400000,14:59:53:04.00,-96.645782,302.152130,133.247818,-96.640816,309.031830,133.902435,-96.135368,304.353607,136.419891,,,
1369,11.408333,14:59:53:04.01,-96.646935,302.154114,133.247665,-96.640900,309.031952,133.902985,-96.135590,304.353699,136.418015,,,
1370,11.416667,14:59:53:04.02,-96.645760,302.154877,133.246902,-96.639984,309.031952,133.902817,-96.118073,304.353088,136.419235,,,
1371,11.425000,14:59:53:04.03,-96.647606,302.154480,133.247040,-96.641777,309.030609,133.902740,-96.135315,304.355286,136.420090,,,
1372,11.433333,14:59:53:05.00,-96.647156,302.153961,133.247681,-96.642517,309.031067,133.902222,-96.119484,304.353729,136.418625,,,
1373,11.441667,14:59:53:05.01,-96.645508,302.153687,133.247528,-96.641533,309.031311,133.902435,-96.134911,304.356018,136.420319,,,
1374,11.450000,14:59:53:05.02,-96.645668,302.153717,133.246780,-96.641846,309.032379,133.903320,-96.136383,304.353699,136.419708,,,
1375,11.458333,14:59:53:05.03,-96.647415,302.155457,133.247833,-96.641670,309.031128,133.903442,-96.135887,304.353577,136.419220,,,
1376,11.466667,14:59:53:06.00,-96.646461,302.153687,133.247131,-96.641930,309.030945,133.903030,-96.135239,304.353363,136.419769,,,
1377,11.475000,14:59:53:06.01,-96.647568,302.153473,133.246399,-96.641090,309.031311,133.902893,-96.118774,304.353119,136.418533,,,
1378,11.483333,14:59:53:06.02,-96.645264,302.152313,133.246124,-96.641335,309.032104,133.902283,-96.134552,304.355011,136.419144,,,
1379,11.491667,14:59:53:06.03,-96.642868,302.153320,133.245270,-96.642601,309.031708,133.902512,-96.136703,304.354706,136.420090,,,
1380,11.500000,14:59:53:07.00,-96.643829,302.154572,133.246124,-96.643051,309.032074,133.903076,-96.119385,304.352234,136.419312,,,
1381,11.508333,14:59:53:07.01,-96.646523,302.153778,133.247665,-96.641602,309.031250,133.902206,-96.135864,304.355988,136.419495,,,
1382,11.516667,14:59:53:07.02,-96.647491,302.154633,133.246735,-96.642326,309.031647,133.904297,-96.135872,304.355011,136.419647,,,
1383,11.525000,14:59:53:07.03,-96.645546,302.154266,133.247345,-96.641998,309.032990,133.902878,-96.136490,304.354370,136.419540,,,
1384,11.533333,14:59:53:08.00,-96.643600,302.153320,133.246735,-96.641586,309.032135,133.902634,-96.135307,304.354065,136.419159,,,
1385,11.541667,14:59:53:08.01,-96.645714,302.153290,133.246262,-96.640327,309.031433,133.901291,-96.134583,304.353455,136.419647,,,
1386,11.550000,14:59:53:08.02,-96.646584,302.153687,133.246567,-96.642670,309.031891,133.902451,-96.135002,304.354401,136.419983,,,
1387,11.558333,14:59:53:08.03,-96.646851,302.155029,133.247772,-96.641769,309.031952,133.903229,-96.136917,304.355072,136.419724,,,
1388,11.566667,14:59:53:09.00,-96.643303,302.153381,133.245987,-96.643028,309.032532,133.903183,-96.138245,304.354584,136.419006,,,
1389,11.575000,14:59:53:09.01,-96.643379,302.153931,133.247375,-96.642464,309.032104,133.902603,-96.119308,304.352875,136.418182,,,
1390,11.583333,14:59:53:09.02,-96.645638,302.153381,133.246201,-96.642029,309.031952,133.902283,-96.135468,304.355377,136.419647,,,
1391,11.591667,14:59:53:09.03,-96.647377,302.154266,133.247543,-96.640244,309.031036,133.901672,-96.133926,304.354034,136.419952,,,
1392,11.600000,14:59:53:10.00,-96.645264,302.153564,133.246643,-96.641266,309.031647,133.903931,-96.136223,304.354584,136.420319,,,
1393,11.608333,14:59:53:10.01,-96.644264,302.153625,133.246765,-96.640640,309.031647,133.901764,-96.136055,304.354706,136.420288,,,
1394,11.616667,14:59:53:10.02,-96.645615,302.153076,133.245667,-96.642700,309.032043,133.903076,-96.137657,304.356079,136.419968,,,
1395,11.625000,14:59:53:10.03,-96.644081,302.153778,133.247040,-96.641830,309.032166,133.902176,-96.118378,304.353516,136.418427,,,
1396,11.633333,14:59:53:11.00,-96.644325,302.154236,133.246033,-96.641045,309.031433,133.902664,-96.135422,304.357086,136.419586,,,
1397,11.641667,14:59:53:11.01,-96.644081,302.151886,133.247070,-96.640053,309.031738,133.902985,-96.136398,304.353577,136.420303,,,
1398,11.650000,14:59:53:11.02,-96.644524,302.154053,133.247406,-96.639359,309.031311,133.902374,-96.135742,304.354919,136.419403,,,
1399,11.658333,14:59:53:11.03,-96.645523,302.154388,133.247269,-96.640488,309.031952,133.902435,-96.134789,304.353729,136.418442,,,
1400,11.666667,14:59:53:12.00,-96.647118,302.152649,133.247604,-96.641899,309.032166,133.903046,-96.136101,304.354492,136.419205,,,
1401,11.675000,14:59:53:12.01,-96.647079,302.153503,133.248825,-96.642365,309.031738,133.902023,-96.134499,304.353943,136.420242,,,
1402,11.683333,14:59:53:12.02,-96.645203,302.153839,133.248077,-96.643044,309.031433,133.903320,-96.136406,304.355103,136.419586,,,
1403,11.691667,14:59:53:12.03,-96.643188,302.152954,133.245438,-96.641136,309.032684,133.903366,-96.137032,304.353210,136.419632,,,
1404,11.700000,14:59:53:13.00,-96.644714,302.153137,133.246475,-96.641273,309.032562,133.902573,-96.135155,304.353302,136.419388,,,
1405,11.708333,14:59:53:13.01,-96.644798,302.153717,133.248108,-96.640617,309.030670,133.902130,-96.135483,304.354614,136.420059,,,
1406,11.716667,14:59:53:13.02,-96.644081,302.153564,133.246552,-96.640762,309.031342,133.903046,-96.134445,304.353363,136.418137,,,
1407,11.725000,14:59:53:13.03,-96.645287,302.153961,133.247208,-96.642593,309.031982,133.903152,-96.136185,304.354370,136.420227,,,
1408,11.733333,14:59:53:14.00,-96.644958,302.153320,133.246902,-96.643303,309.032227,133.902328,-96.136993,304.354156,136.420715,,,
1409,11.741667,14:59:53:14.01,-96.644577,302.153687,133.247772,-96.640900,309.031097,133.902634,-96.135216,304.353333,136.418930,,,
1410,11.750000,14:59:53:14.02,-96.642960,302.152374,133.246429,-96.641006,309.031799,133.902771,-96.135597,304.353394,136.419327,,,
1411,11.758333,14:59:53:14.03,-96.642479,302.154480,133.245392,-96.640709,309.031219,133.902786,-96.133896,304.352783,136.418076,,,
1412,11.766667,14:59:53:15.00,-96.644424,302.153107,133.247070,-96.639130,309.031067,133.902557,-96.134995,304.353363,136.420044,,,
1413,11.775000,14:59:53:15.01,-96.644005,302.153870,133.245438,-96.640594,309.032074,133.902740,-96.135292,304.353851,136.419418,,,
1414,11.783333,14:59:53:15.02,-96.643410,302.153961,133.247009,-96.640938,309.032288,133.902115,-96.135452,304.353424,136.419128,,,
1415,11.791667,14:59:53:15.03,-96.643005,302.152863,133.247604,-96.640427,309.031433,133.901398,-96.134354,304.353607,136.419296,,,
1416,11.800000,14:59:53:16.00,-96.644394,302.153137,133.246307,-96.642021,309.031891,133.901855,-96.135918,304.354401,136.419220,,,
1417,11.808333,14:59:53:16.01,-96.642792,302.153931,133.246750,-96.641716,309.032318,133.903305,-96.137321,304.355072,136.419922,,,
1418,11.816667,14:59:53:16.02,-96.641777,302.153992,133.246964,-96.639725,309.030762,133.903168,-96.119240,304.353394,136.419281,,,
1419,11.825000,14:59:53:16.03,-96.646004,302.154144,133.247055,-96.639511,309.031525,133.900970,-96.134895,304.354370,136.419205,,,
1420,11.833333,14:59:53:17.00,-96.643921,302.154297,133.246643,-96.641548,309.031342,133.902710,-96.134758,304.353607,136.418991,,,
1421,11.841667,14:59:53:17.01,-96.645004,302.153870,133.247101,-96.640274,309.030975,133.901581,-96.118202,304.352722,136.418564,,,
1422,11.850000,14:59:53:17.02,-96.644028,302.152924,133.246735,-96.640854,309.031403,133.903015,-96.135101,304.355774,136.419174,,,
1423,11.858333,14:59:53:17.03,-96.645012,302.153107,133.246964,-96.641777,309.031036,133.902771,-96.138145,304.353729,136.420578,,,
1424,11.866667,14:59:53:18.00,-96.644211,302.153137,133.246429,-96.641518,309.031128,133.902390,-96.135910,304.353424,136.419662,,,
1425,11.875000,14:59:53:18.01,-96.644402,302.153168,133.247665,-96.641266,309.031616,133.902756,-96.135719,304.352600,136.419159,,,
1426,11.883333,14:59:53:18.02,-96.643921,302.152557,133.246552,-96.639671,309.031342,133.902557,-96.117477,304.352753,136.419006,,,
1427,11.891667,14:59:53:18.03,-96.644623,302.153473,133.246262,-96.639786,309.030670,133.902771,-96.135185,304.354126,136.418884,,,
1428,11.900000,14:59:53:19.00,-96.644020,302.154388,133.246826,-96.641228,309.031830,133.903748,-96.135040,304.352783,136.419907,,,
1429,11.908333,14:59:53:19.01,-96.642563,302.152649,133.246979,-96.641182,309.032288,133.902161,-96.135719,304.353607,136.420853,,,
1430,11.916667,14:59:53:19.02,-96.645317,302.154114,133.247177,-96.639404,309.030426,133.902481,-96.137505,304.354279,136.420746,,,
1431,11.925000,14:59:53:19.03,-96.643715,302.154175,133.247894,-96.640648,309.030457,133.902313,-96.136185,304.354401,136.419388,,,
1432,11.933333,14:59:53:20.00,-96.642441,302.153412,133.246368,-96.639572,309.032410,133.902145,-96.118553,304.353394,136.419067,,,
1433,11.941667,14:59:53:20.01,-96.642616,302.152832,133.247009,-96.640312,309.030975,133.903290,-96.117599,304.354645,136.418198,,,
1434,11.950000,14:59:53:20.02,-96.642891,302.153320,133.246658,-96.641815,309.031738,133.902527,-96.134377,304.353912,136.418854,,,
1435,11.958333,14:59:53:20.03,-96.643715,302.152954,133.247192,-96.640518,309.031067,133.902298,-96.133987,304.353210,136.420181,,,
1436,11.966667,14:59:53:21.00,-96.643639,302.154480,133.247345,-96.640900,309.031799,133.901794,-96.133369,304.352600,136.418869,,,
1437,11.975000,14:59:53:21.01,-96.642365,302.153320,133.246201,-96.641312,309.031525,133.903214,-96.118660,304.354004,136.419342,,,
1438,11.983333,14:59:53:21.02,-96.645462,302.152710,133.246780,-96.642197,309.032288,133.903214,-96.135674,304.354919,136.419739,,,
1439,11.991667,14:59:53:21.03,-96.644470,302.152527,133.246582,-96.640930,309.031158,133.902008,-96.136078,304.353333,136.420868,,,
1440,12.000000,14:59:53:22.00,-96.643425,302.152252,133.246307,-96.641441,309.030640,133.903961,-96.135933,304.353546,136.420151,,,
1441,12.008333,14:59:53:22.01,-96.642288,302.152191,133.246124,-96.640457,309.031281,133.902771,-96.135506,304.353149,136.419540,,,
1442,12.016667,14:59:53:22.02,-96.643761,302.153595,133.247177,-96.640289,309.031616,133.902695,-96.136375,304.352112,136.420288,,,
1443,12.025000,14:59:53:22.03,-96.645782,302.153015,133.247055,-96.641121,309.031189,133.903091,-96.135368,304.352692,136.419724,,,
1444,12.033333,14:59:53:23.00,-96.642700,302.153503,133.246094,-96.639130,309.031494,133.902222,-96.136101,304.353699,136.420258,,,
1445,12.041667,14:59:53:23.01,-96.644707,302.153992,133.247513,-96.639343,309.031464,133.902451,-96.135292,304.353058,136.420288,,,
1446,12.050000,14:59:53:23.02,-96.643814,302.152863,133.245728,-96.640640,309.030273,133.902512,-96.135895,304.353241,136.419632,,,
1447,12.058333,14:59:53:23.03,-96.643890,302.152649,133.247299,-96.641068,309.031067,133.903000,-96.135689,304.353455,136.419434,,,
1448,12.066667,14:59:53:24.00,-96.643318,302.152527,133.246811,-96.640144,309.030609,133.902466,-96.135620,304.352814,136.419540,,,
1449,12.075000,14:59:53:24.01,-96.643394,302.152893,133.247055,-96.640869,309.031097,133.902451,-96.116112,304.351532,136.417419,,,
1450,12.083333,14:59:53:24.02,-96.644554,302.153107,133.247208,-96.641815,309.030762,133.902618,-96.134361,304.354645,136.420166,,,
1451,12.091667,14:59:53:24.03,-96.645485,302.152924,133.247559,-96.640404,309.030426,133.901810,-96.135666,304.353302,136.419724,,,
1452,12.100000,14:59:53:25.00,-96.645889,302.152527,133.247559,-96.641144,309.031067,133.903503,-96.134651,304.353485,136.418793,,,
1453,12.108333,14:59:53:25.01,-96.645065,302.153259,133.247253,-96.642860,309.031982,133.902588,-96.135658,304.353027,136.420120,,,
1454,12.116667,14:59:53:25.02,-96.644791,302.151733,133.245438,-96.641785,309.030853,133.902191,-96.135551,304.352448,136.418823,,,
1455,12.125000,14:59:53:25.03,-96.645767,302.153046,133.247070,-96.640732,309.031281,133.902008,-96.118515,304.353241,136.418610,,,
1456,12.133333,14:59:53:26.00,-96.643761,302.153625,133.246643,-96.639595,309.031067,133.901627,-96.116653,304.354340,136.418991,,,
1457,12.141667,14:59:53:26.01,-96.644852,302.153534,133.247238,-96.639648,309.031128,133.901382,-96.133522,304.353912,136.419388,,,
1458,12.150000,14:59:53:26.02,-96.645721,302.153290,133.247437,-96.640488,309.031433,133.903030,-96.120155,304.353729,136.419998,,,
1459,12.158333,14:59:53:26.03,-96.641937,302.152649,133.245834,-96.640549,309.032135,133.902573,-96.134758,304.354736,136.419266,,,
1460,12.166667,14:59:53:27.00,-96.645729,302.152954,133.247192,-96.641174,309.030579,133.902939,-96.136925,304.352966,136.420578,,,
1461,12.175000,14:59:53:27.01,-96.645241,302.152710,133.246170,-96.642853,309.030762,133.902771,-96.135239,304.354034,136.419693,,,
1462,12.183333,14:59:53:27.02,-96.644432,302.153198,133.246292,-96.640167,309.031219,133.902817,-96.135460,304.354004,136.419022,,,
1463,12.191667,14:59:53:27.03,-96.644539,302.152374,133.246841,-96.640465,309.031464,133.903748,-96.136162,304.353180,136.419312,,,
1464,12.200000,14:59:53:28.00,-96.645821,302.153229,133.247299,-96.641197,309.031403,133.902878,-96.117844,304.353302,136.419556,,,
1465,12.208333,14:59:53:28.01,-96.645264,302.152649,133.247589,-96.641312,309.031738,133.902328,-96.115440,304.354126,136.418365,,,
1466,12.216667,14:59:53:28.02,-96.643364,302.152679,133.247284,-96.641167,309.031311,133.902496,-96.133110,304.353271,136.418427,,,
1467,12.225000,14:59:53:28.03,-96.645813,302.152863,133.245895,-96.641617,309.030975,133.902679,-96.118202,304.352020,136.417801,,,
1468,12.233333,14:59:53:29.00,-96.644501,302.153076,133.246857,-96.641495,309.030853,133.902496,-96.135742,304.353943,136.419601,,,
1469,12.241667,14:59:53:29.01,-96.645058,302.152649,133.245941,-96.640762,309.030853,133.902252,-96.119301,304.351227,136.419037,,,
1470,12.250000,14:59:53:29.02,-96.643951,302.151367,133.245987,-96.640106,309.030548,133.902634,-96.134148,304.354156,136.419754,,,
1471,12.258333,14:59:53:29.03,-96.644836,302.152588,133.246628,-96.639771,309.031586,133.901901,-96.136246,304.352997,136.419250,,,
1472,12.266667,14:59:54:00.00,-96.642441,302.153961,133.247070,-96.640312,309.030975,133.902222,-96.136536,304.353790,136.420349,,,
1473,12.275000,14:59:54:00.01,-96.646049,302.154388,133.247467,-96.641930,309.031311,133.902649,-96.134232,304.352875,136.420395,,,
1474,12.283333,14:59:54:00.02,-96.646729,302.152191,133.246872,-96.641449,309.031830,133.902603,-96.136475,304.354401,136.419342,,,
1475,12.291667,14:59:54:00.03,-96.644798,302.153015,133.246201,-96.641006,309.031464,133.902435,-96.134834,304.353607,136.419052,,,
1476,12.300000,14:59:54:01.00,-96.645500,302.152740,133.246262,-96.641319,309.031555,133.902328,-96.118217,304.352753,136.418686,,,
1477,12.308333,14:59:54:01.01,-96.645874,302.152802,133.247437,-96.640465,309.031616,133.902283,-96.117233,304.354156,136.419601,,,
1478,12.316667,14:59:54:01.02,-96.644958,302.153809,133.247253,-96.641907,309.031677,133.902496,-96.134361,304.354340,136.419968,,,
1479,12.325000,14:59:54:01.03,-96.643852,302.151886,133.246033,-96.640160,309.031738,133.903000,-96.135696,304.353516,136.419159,,,
1480,12.333333,14:59:54:02.00,-96.645012,302.153992,133.246918,-96.641983,309.031799,133.903473,-96.136513,304.354340,136.420807,,,
1481,12.341667,14:59:54:02.01,-96.643661,302.153442,133.246964,-96.640678,309.031189,133.902115,-96.136810,304.354034,136.418854,,,
1482,12.350000,14:59:54:02.02,-96.641838,302.152466,133.245712,-96.640297,309.031494,133.901794,-96.134323,304.353821,136.420090,,,
1483,12.358333,14:59:54:02.03,-96.642342,302.152863,133.247147,-96.640686,309.031219,133.901520,-96.134865,304.352386,136.419357,,,
1484,12.366667,14:59:54:03.00,-96.644966,302.153870,133.247894,-96.642113,309.030457,133.902420,-96.135246,304.354431,136.419189,,,
1485,12.375000,14:59:54:03.01,-96.645203,302.152283,133.246689,-96.642113,309.030548,133.902191,-96.135124,304.353607,136.419296,,,
1486,12.383333,14:59:54:03.02,-96.645729,302.153412,133.247421,-96.640221,309.031281,133.903168,-96.136177,304.354126,136.419754,,,
1487,12.391667,14:59:54:03.03,-96.646729,302.153046,133.246964,-96.641853,309.031586,133.902176,-96.134926,304.354034,136.419785,,,
1488,12.400000,14:59:54:04.00,-96.647331,302.153687,133.247971,-96.641365,309.030487,133.902588,-96.119522,304.353210,136.419266,,,
1489,12.408333,14:59:54:04.01,-96.644684,302.153717,133.247528,-96.640572,309.031616,133.901871,-96.136345,304.356384,136.420090,,,
1490,12.416667,14:59:54:04.02,-96.646210,302.153290,133.247330,-96.640381,309.030884,133.902100,-96.135780,304.354034,136.420364,,,
1491,12.425000,14:59:54:04.03,-96.646622,302.153046,133.246918,-96.640060,309.031067,133.901413,-96.136887,304.354340,136.419571,,,
1492,12.433333,14:59:54:05.00,-96.644341,302.152863,133.247406,-96.641701,309.031342,133.902328,-96.137352,304.353943,136.419525,,,
1493,12.441667,14:59:54:05.01,-96.644379,302.153076,133.247726,-96.641785,309.031494,133.902527,-96.135635,304.352295,136.420135,,,
1494,12.450000,14:59:54:05.02,-96.644936,302.152924,133.247238,-96.641655,309.030823,133.903671,-96.135925,304.353027,136.420181,,,
1495,12.458333,14:59:54:05.03,-96.644524,302.152527,133.246613,-96.639816,309.031158,133.902817,-96.120438,304.352295,136.419098,,,
1496,12.466667,14:59:54:06.00,-96.644402,302.152832,133.247421,-96.641205,309.031525,133.902634,-96.134987,304.355347,136.419815,,,
1497,12.475000,14:59:54:06.01,-96.645828,302.152802,133.246307,-96.640099,309.030060,133.902039,-96.134193,304.352570,136.419266,,,
1498,12.483333,14:59:54:06.02,-96.644821,302.153107,133.246368,-96.640038,309.030762,133.902451,-96.134399,304.352936,136.419174,,,
1499,12.491667,14:59:54:06.03,-96.645958,302.152161,133.246201,-96.640694,309.031036,133.902557,-96.136444,304.354492,136.420334,,,
1500,12.500000,14:59:54:07.00,-96.647133,302.151550,133.246414,-96.641068,309.031616,133.903366,-96.135567,304.354187,136.419540,,,
1501,12.508333,14:59:54:07.01,-96.643967,302.153503,133.247375,-96.640274,309.031403,133.901840,-96.134880,304.353302,136.419342,,,
1502,12.516667,14:59:54:07.02,-96.645470,302.154419,133.248825,-96.640129,309.030548,133.902283,-96.134964,304.352692,136.419510,,,
1503,12.525000,14:59:54:07.03,-96.644005,302.153320,133.246933,-96.640800,309.030579,133.903885,-96.136162,304.353210,136.418839,,,
1504,12.533333,14:59:54:08.00,-96.645348,302.153015,133.246613,-96.641510,309.030701,133.902206,-96.136963,304.351837,136.419983,,,
1505,12.541667,14:59:54:08.01,-96.646149,302.151978,133.246857,-96.641464,309.030823,133.902740,-96.136253,304.352966,136.420151,,,
1506,12.550000,14:59:54:08.02,-96.645546,302.152374,133.246201,-96.641754,309.031158,133.903473,-96.118225,304.352051,136.419250,,,
1507,12.558333,14:59:54:08.03,-96.645058,302.152863,133.246704,-96.641968,309.030731,133.902344,-96.133789,304.356354,136.419922,,,
1508,12.566667,14:59:54:09.00,-96.645920,302.152466,133.247314,-96.642426,309.032013,133.903641,-96.137482,304.353607,136.420166,,,
1509,12.575000,14:59:54:09.01,-96.645042,302.153229,133.246124,-96.641663,309.031921,133.903793,-96.136734,304.353363,136.420395,,,
1510,12.583333,14:59:54:09.02,-96.646095,302.153351,133.248444,-96.642212,309.031433,133.903992,-96.137245,304.353485,136.420090,,,
1511,12.591667,14:59:54:09.03,-96.647438,302.153717,133.247131,-96.640717,309.030762,133.902954,-96.118546,304.352142,136.418671,,,
1512,12.600000,14:59:54:10.00,-96.647438,302.152557,133.247025,-96.642097,309.031219,133.902054,-96.116867,304.353821,136.418671,,,
1513,12.608333,14:59:54:10.01,-96.646950,302.152924,133.247330,-96.640022,309.030945,133.900833,-96.118477,304.354614,136.419418,,,
1514,12.616667,14:59:54:10.02,-96.648094,302.153076,133.247971,-96.642136,309.031586,133.903046,-96.134476,304.355011,136.420547,,,
1515,12.625000,14:59:54:10.03,-96.644424,302.153015,133.246964,-96.641365,309.031555,133.901703,-96.118912,304.352844,136.419647,,,
1516,12.633333,14:59:54:11.00,-96.647034,302.152161,133.246796,-96.641945,309.031525,133.903336,-96.135223,304.354218,136.421173,,,
1517,12.641667,14:59:54:11.01,-96.647560,302.152344,133.247513,-96.642151,309.031158,133.902664,-96.137062,304.353973,136.420212,,,
1518,12.650000,14:59:54:11.02,-96.645004,302.152649,133.247452,-96.641571,309.031403,133.902725,-96.135727,304.352722,136.418884,,,
1519,12.658333,14:59:54:11.03,-96.645882,302.152985,133.246582,-96.640610,309.031189,133.902328,-96.135651,304.353943,136.419586,,,
1520,12.666667,14:59:54:12.00,-96.645592,302.152954,133.247025,-96.640068,309.030304,133.902252,-96.118683,304.353180,136.419006,,,
1521,12.675000,14:59:54:12.01,-96.644859,302.153625,133.247314,-96.639992,309.030548,133.902069,-96.134750,304.355438,136.420746,,,
1522,12.683333,14:59:54:12.02,-96.646507,302.153229,133.246475,-96.641495,309.032043,133.902771,-96.136787,304.353546,136.418945,,,
1523,12.691667,14:59:54:12.03,-96.647232,302.152740,133.246857,-96.641449,309.031433,133.902924,-96.137123,304.353394,136.420731,,,
1524,12.700000,14:59:54:13.00,-96.647850,302.152924,133.246689,-96.640549,309.031097,133.902557,-96.135681,304.354309,136.419113,,,
1525,12.708333,14:59:54:13.01,-96.643158,302.153503,133.245712,-96.640755,309.031494,133.901993,-96.117973,304.353790,136.418671,,,
1526,12.716667,14:59:54:13.02,-96.645676,302.152954,133.247299,-96.641930,309.031189,133.902374,-96.135101,304.355591,136.420029,,,
1527,12.725000,14:59:54:13.03,-96.645493,302.152405,133.247177,-96.640991,309.030243,133.901031,-96.118584,304.353241,136.419174,,,
1528,12.733333,14:59:54:14.00,-96.645424,302.153229,133.246643,-96.640884,309.030853,133.903458,-96.134033,304.354614,136.419434,,,
1529,12.741667,14:59:54:14.01,-96.645844,302.153076,133.247192,-96.641090,309.031494,133.902863,-96.136276,304.353821,136.419540,,,
1530,12.750000,14:59:54:14.02,-96.645729,302.153809,133.246033,-96.640717,309.031738,133.902267,-96.119423,304.352722,136.418991,,,
1531,12.758333,14:59:54:14.03,-96.642776,302.152863,133.246201,-96.640358,309.031250,133.902161,-96.135994,304.355255,136.420685,,,
1532,12.766667,14:59:54:15.00,-96.646400,302.153931,133.247253,-96.641525,309.031616,133.902725,-96.137413,304.353699,136.419708,,,
1533,12.775000,14:59:54:15.01,-96.644608,302.153656,133.247391,-96.641174,309.031128,133.903000,-96.136833,304.354065,136.419983,,,
1534,12.783333,14:59:54:15.02,-96.644890,302.153198,133.247864,-96.640953,309.031097,133.901871,-96.134178,304.353210,136.419250,,,
1535,12.791667,14:59:54:15.03,-96.646637,302.153229,133.246857,-96.641457,309.031097,133.902206,-96.117355,304.353760,136.419540,,,
1536,12.800000,14:59:54:16.00,-96.648003,302.152740,133.247375,-96.642128,309.030945,133.902771,-96.133415,304.355286,136.420471,,,
1537,12.808333,14:59:54:16.01,-96.648216,302.152802,133.246338,-96.643295,309.030884,133.903030,-96.136024,304.353790,136.419785,,,
1538,12.816667,14:59:54:16.02,-96.644951,302.153931,133.247498,-96.641632,309.031403,133.902115,-96.136070,304.354919,136.419998,,,
1539,12.825000,14:59:54:16.03,-96.643005,302.152832,133.246414,-96.641495,309.031525,133.903076,-96.136559,304.353699,136.420410,,,
1540,12.833333,14:59:54:17.00,-96.645889,302.153381,133.247314,-96.642525,309.031433,133.902527,-96.136299,304.353088,136.420624,,,
1541,12.841667,14:59:54:17.01,-96.644096,302.153198,133.246445,-96.641861,309.031921,133.903000,-96.137512,304.353821,136.419861,,,
1542,12.850000,14:59:54:17.02,-96.644333,302.153076,133.246735,-96.640869,309.031616,133.903076,-96.137817,304.353271,136.419647,,,
1543,12.858333,14:59:54:17.03,-96.643745,302.152863,133.246643,-96.639481,309.031433,133.902298,-96.137482,304.352661,136.420090,,,
1544,12.866667,14:59:54:18.00,-96.645912,302.152405,133.247375,-96.641304,309.031219,133.902603,-96.118584,304.351959,136.418777,,,
1545,12.875000,14:59:54:18.01,-96.647476,302.154388,133.247559,-96.641571,309.031525,133.903259,-96.134804,304.355804,136.420227,,,
1546,12.883333,14:59:54:18.02,-96.645790,302.153046,133.247299,-96.640793,309.031555,133.903687,-96.137169,304.353943,136.418823,,,
1547,12.891667,14:59:54:18.03,-96.645187,302.152740,133.246857,-96.639496,309.030945,133.901886,-96.135971,304.352875,136.420013,,,
1548,12.900000,14:59:54:19.00,-96.646782,302.153229,133.247620,-96.642693,309.032227,133.903336,-96.136322,304.352631,136.418777,,,
1549,12.908333,14:59:54:19.01,-96.646088,302.152863,133.246353,-96.642296,309.032379,133.903488,-96.117851,304.353943,136.418823,,,
1550,12.916667,14:59:54:19.02,-96.644745,302.152161,133.246399,-96.640961,309.031097,133.902817,-96.135155,304.354706,136.420151,,,
1551,12.925000,14:59:54:19.03,-96.645256,302.153290,133.245880,-96.640755,309.030304,133.901978,-96.136208,304.353394,136.419800,,,
1552,12.933333,14:59:54:20.00,-96.644302,302.152985,133.247467,-96.641121,309.032104,133.903290,-96.136490,304.354492,136.419983,,,
1553,12.941667,14:59:54:20.01,-96.646431,302.152649,133.247055,-96.640732,309.032166,133.902588,-96.116707,304.352692,136.418655,,,
1554,12.950000,14:59:54:20.02,-96.648239,302.152893,133.247147,-96.640755,309.030640,133.900635,-96.134933,304.355774,136.418900,,,
1555,12.958333,14:59:54:20.03,-96.645584,302.152313,133.246567,-96.642357,309.030853,133.901215,-96.134354,304.352600,136.420120,,,
1556,12.966667,14:59:54:21.00,-96.644127,302.152374,133.246643,-96.642929,309.030975,133.902908,-96.119576,304.352386,136.418991,,,
1557,12.975000,14:59:54:21.01,-96.645325,302.151672,133.246414,-96.640785,309.031128,133.902878,-96.134460,304.354156,136.419601,,,
1558,12.983333,14:59:54:21.02,-96.645805,302.153015,133.247543,-96.641800,309.032715,133.902252,-96.137131,304.353973,136.420868,,,
1559,12.991667,14:59:54:21.03,-96.645226,302.152527,133.247574,-96.641106,309.031921,133.901611,-96.135201,304.353302,136.418808,,,
1560,13.000000,14:59:54:22.00,-96.643738,302.153503,133.246063,-96.641747,309.030212,133.902115,-96.118301,304.353485,136.418884,,,
1561,13.008333,14:59:54:22.01,-96.645805,302.154022,133.247101,-96.641830,309.031311,133.902756,-96.135811,304.354980,136.419800,,,
1562,13.016667,14:59:54:22.02,-96.644341,302.153381,133.246796,-96.641121,309.030762,133.901398,-96.137581,304.353607,136.419861,,,
1563,13.025000,14:59:54:22.03,-96.644386,302.152679,133.246033,-96.642242,309.031525,133.903168,-96.134056,304.353821,136.419403,,,
1564,13.033333,14:59:54:23.00,-96.646194,302.153046,133.246155,-96.641914,309.031128,133.902664,-96.133240,304.353363,136.419922,,,
1565,13.041667,14:59:54:23.01,-96.644554,302.153259,133.247116,-96.639862,309.031006,133.901825,-96.137711,304.354645,136.419876,,,
1566,13.050000,14:59:54:23.02,-96.643791,302.152740,133.246185,-96.640762,309.031342,133.901886,-96.136459,304.354218,136.419724,,,
1567,13.058333,14:59:54:23.03,-96.643456,302.153351,133.247513,-96.641754,309.031433,133.903107,-96.136681,304.354889,136.420364,,,
1568,13.066667,14:59:54:24.00,-96.646088,302.152679,133.247696,-96.641319,309.031677,133.904129,-96.134956,304.353455,136.418976,,,
1569,13.075000,14:59:54:24.01,-96.643982,302.152832,133.246918,-96.639992,309.031982,133.902267,-96.135849,304.352173,136.419647,,,
1570,13.083333,14:59:54:24.02,-96.644958,302.153931,133.246307,-96.640984,309.030487,133.901871,-96.136284,304.353149,136.419754,,,
1571,13.091667,14:59:54:24.03,-96.643982,302.153839,133.245499,-96.640938,309.030487,133.902939,-96.117882,304.353760,136.418732,,,
1572,13.100000,14:59:54:25.00,-96.644653,302.153778,133.245407,-96.641365,309.031616,133.902786,-96.134407,304.355072,136.419510,,,
1573,13.108333,14:59:54:25.01,-96.645294,302.152069,133.247665,-96.640877,309.031281,133.902603,-96.136253,304.354340,136.419540,,,
1574,13.116667,14:59:54:25.02,-96.644295,302.153351,133.246155,-96.641220,309.030518,133.902893,-96.136169,304.353729,136.419373,,,
1575,13.125000,14:59:54:25.03,-96.642998,302.153168,133.245926,-96.642311,309.031097,133.903275,-96.135880,304.353333,136.419022,,,
1576,13.133333,14:59:54:26.00,-96.647522,302.154053,133.248199,-96.642509,309.030975,133.903152,-96.136696,304.354034,136.420837,,,
1577,13.141667,14:59:54:26.01,-96.645149,302.153290,133.246841,-96.642029,309.032379,133.902725,-96.117577,304.351471,136.419083,,,
1578,13.150000,14:59:54:26.02,-96.645203,302.153931,133.247070,-96.639717,309.031311,133.902130,-96.134590,304.355347,136.420044,,,
1579,13.158333,14:59:54:26.03,-96.643051,302.152588,133.246307,-96.640656,309.031494,133.902618,-96.135201,304.354492,136.420105,,,
1580,13.166667,14:59:54:27.00,-96.643661,302.152100,133.246429,-96.641342,309.032745,133.902771,-96.135010,304.353058,136.418777,,,
1581,13.175000,14:59:54:27.01,-96.644310,302.153168,133.246719,-96.641815,309.031525,133.902985,-96.134430,304.353394,136.419327,,,
1582,13.183333,14:59:54:27.02,-96.643242,302.153931,133.246811,-96.642143,309.031189,133.903091,-96.138474,304.354767,136.420242,,,
1583,13.191667,14:59:54:27.03,-96.643745,302.153381,133.247223,-96.643044,309.032196,133.902374,-96.137169,304.353119,136.421555,,,
1584,13.200000,14:59:54:28.00,-96.645714,302.151794,133.245819,-96.641998,309.030609,133.902283,-96.119522,304.353180,136.419510,,,
1585,13.208333,14:59:54:28.01,-96.645828,302.152618,133.245941,-96.640961,309.030243,133.901047,-96.135132,304.355286,136.419449,,,
1586,13.216667,14:59:54:28.02,-96.647385,302.152832,133.246902,-96.642143,309.031372,133.902496,-96.117577,304.352722,136.418457,,,
1587,13.225000,14:59:54:28.03,-96.647438,302.153381,133.246094,-96.641685,309.031006,133.902527,-96.135368,304.355194,136.419754,,,
1588,13.233333,14:59:54:29.00,-96.648247,302.153687,133.248703,-96.643707,309.031891,133.903473,-96.119034,304.352356,136.418961,,,
1589,13.241667,14:59:54:29.01,-96.644974,302.152649,133.246750,-96.642693,309.032013,133.903641,-96.117935,304.353363,136.419922,,,
1590,13.250000,14:59:54:29.02,-96.643486,302.153900,133.246841,-96.640518,309.030823,133.901306,-96.136269,304.354614,136.420959,,,
1591,13.258333,14:59:54:29.03,-96.641960,302.152802,133.245819,-96.641266,309.031891,133.902222,-96.136589,304.353088,136.419785,,,
1592,13.266667,14:59:55:00.00,-96.646049,302.153931,133.248444,-96.641754,309.032043,133.902161,-96.135368,304.352692,136.419571,,,
1593,13.275000,14:59:55:00.01,-96.646652,302.152527,133.246490,-96.642372,309.031525,133.903915,-96.136818,304.355011,136.419708,,,
1594,13.283333,14:59:55:00.02,-96.646889,302.152802,133.247513,-96.641701,309.031616,133.902176,-96.136681,304.353516,136.419525,,,
1595,13.291667,14:59:55:00.03,-96.646957,302.153412,133.247986,-96.642479,309.032806,133.903473,-96.119667,304.353241,136.419495,,,
1596,13.300000,14:59:55:01.00,-96.646484,302.153381,133.246567,-96.641418,309.031403,133.902710,-96.134857,304.355133,136.419678,,,
1597,13.308333,14:59:55:01.01,-96.645828,302.153168,133.246918,-96.641991,309.031677,133.902451,-96.137001,304.353180,136.419952,,,
1598,13.316667,14:59:55:01.02,-96.644455,302.153107,133.247482,-96.642555,309.032318,133.903763,-96.119476,304.353424,136.418762,,,
1599,13.325000,14:59:55:01.03,-96.644005,302.154053,133.245224,-96.640991,309.031525,133.902008,-96.135361,304.355438,136.419250,,,
1600,13.333333,14:59:55:02.00,-96.645325,302.151947,133.246643,-96.641945,309.030884,133.903030,-96.137657,304.353638,136.419693,,,
1601,13.341667,14:59:55:02.01,-96.647003,302.152588,133.246933,-96.641800,309.031403,133.903534,-96.118721,304.351593,136.419266,,,
1602,13.350000,14:59:55:02.02,-96.644478,302.152863,133.246460,-96.641197,309.031860,133.903107,-96.135307,304.354248,136.419708,,,
1603,13.358333,14:59:55:02.03,-96.646957,302.153412,133.247604,-96.641487,309.031708,133.903275,-96.137260,304.353577,136.419556,,,
1604,13.366667,14:59:55:03.00,-96.644302,302.152252,133.246368,-96.640762,309.031128,133.902710,-96.136246,304.353668,136.419357,,,
1605,13.375000,14:59:55:03.01,-96.645096,302.152863,133.245911,-96.643013,309.032288,133.902603,-96.136208,304.353638,136.418839,,,
1606,13.383333,14:59:55:03.02,-96.646439,302.153168,133.247025,-96.643394,309.030975,133.903915,-96.135696,304.353516,136.419418,,,
1607,13.391667,14:59:55:03.03,-96.645500,302.153290,133.246826,-96.642860,309.031677,133.902222,-96.136223,304.353058,136.420380,,,
1608,13.400000,14:59:55:04.00,-96.645012,302.153503,133.247665,-96.643112,309.030823,133.903229,-96.135536,304.352112,136.420288,,,
1609,13.408333,14:59:55:04.01,-96.645340,302.153290,133.246918,-96.641953,309.030273,133.902878,-96.136490,304.353149,136.419861,,,
1610,13.416667,14:59:55:04.02,-96.644424,302.152740,133.247559,-96.641762,309.030884,133.903076,-96.136078,304.352539,136.419800,,,
1611,13.425000,14:59:55:04.03,-96.646515,302.153076,133.246643,-96.642357,309.030762,133.902557,-96.137039,304.354156,136.420700,,,
1612,13.433333,14:59:55:05.00,-96.645477,302.152771,133.246857,-96.642471,309.031250,133.903290,-96.118011,304.352295,136.419083,,,
1613,13.441667,14:59:55:05.01,-96.645561,302.152405,133.246918,-96.641388,309.031158,133.902328,-96.134750,304.355988,136.419586,,,
1614,13.450000,14:59:55:05.02,-96.645424,302.153290,133.246307,-96.641609,309.031891,133.903946,-96.135452,304.353333,136.420364,,,
1615,13.458333,14:59:55:05.03,-96.646118,302.153290,133.247314,-96.640839,309.032501,133.903687,-96.136169,304.353485,136.420135,,,
1616,13.466667,14:59:55:06.00,-96.646362,302.152313,133.248154,-96.641464,309.031281,133.903061,-96.135017,304.354248,136.419830,,,
1617,13.475000,14:59:55:06.01,-96.646614,302.152588,133.247070,-96.641884,309.031250,133.902969,-96.135880,304.352753,136.420074,,,
1618,13.483333,14:59:55:06.02,-96.648689,302.154633,133.247131,-96.640762,309.031067,133.902054,-96.135399,304.353180,136.419022,,,
1619,13.491667,14:59:55:06.03,-96.644859,302.153595,133.247452,-96.641220,309.031494,133.902725,-96.136543,304.353271,136.420135,,,
1620,13.500000,14:59:55:07.00,-96.645088,302.153625,133.248001,-96.642807,309.032104,133.904114,-96.135971,304.353973,136.420868,,,
1621,13.508333,14:59:55:07.01,-96.643509,302.153076,133.246460,-96.642097,309.031616,133.902115,-96.135658,304.354919,136.420914,,,
1622,13.516667,14:59:55:07.02,-96.645981,302.153870,133.247070,-96.640945,309.031738,133.902206,-96.118813,304.353821,136.419769,,,
1623,13.525000,14:59:55:07.03,-96.644257,302.153381,133.246140,-96.642395,309.031403,133.902695,-96.135956,304.355408,136.420181,,,
1624,13.533333,14:59:55:08.00,-96.645042,302.151764,133.246506,-96.641800,309.031647,133.902161,-96.136917,304.353058,136.418930,,,
1625,13.541667,14:59:55:08.01,-96.644142,302.153046,133.247086,-96.643295,309.031616,133.902420,-96.136360,304.352631,136.419174,,,
1626,13.550000,14:59:55:08.02,-96.645775,302.153473,133.247314,-96.641853,309.031525,133.902512,-96.136009,304.354156,136.419418,,,
1627,13.558333,14:59:55:08.03,-96.648201,302.153259,133.246964,-96.641975,309.031311,133.903687,-96.117989,304.353271,136.420502,,,
1628,13.566667,14:59:55:09.00,-96.646690,302.153168,133.247681,-96.642181,309.031250,133.902664,-96.133987,304.355286,136.419891,,,
1629,13.575000,14:59:55:09.01,-96.647041,302.153290,133.247910,-96.641357,309.032013,133.902115,-96.135597,304.352905,136.419876,,,
1630,13.583333,14:59:55:09.02,-96.647110,302.153503,133.245621,-96.642433,309.032257,133.901184,-96.137718,304.354706,136.420303,,,
1631,13.591667,14:59:55:09.03,-96.647514,302.153076,133.248276,-96.641724,309.031647,133.904312,-96.135750,304.353668,136.419769,,,
1632,13.600000,14:59:55:10.00,-96.645874,302.153595,133.247467,-96.641182,309.032166,133.903961,-96.137482,304.355225,136.420929,,,
1633,13.608333,14:59:55:10.01,-96.645935,302.153137,133.246582,-96.641373,309.032837,133.901840,-96.136955,304.354736,136.419525,,,
1634,13.616667,14:59:55:10.02,-96.647385,302.153168,133.246490,-96.641602,309.030640,133.904236,-96.135254,304.353638,136.419601,,,
1635,13.625000,14:59:55:10.03,-96.645096,302.153076,133.245468,-96.641106,309.030273,133.902252,-96.136894,304.354462,136.419693,,,
1636,13.633333,14:59:55:11.00,-96.645958,302.153381,133.245667,-96.642044,309.031555,133.902298,-96.135956,304.353455,136.419098,,,
1637,13.641667,14:59:55:11.01,-96.644592,302.153381,133.247009,-96.641396,309.030731,133.903473,-96.136833,304.353516,136.419922,,,
1638,13.650000,14:59:55:11.02,-96.646706,302.153931,133.247314,-96.640495,309.031647,133.902664,-96.136467,304.354034,136.420776,,,
1639,13.658333,14:59:55:11.03,-96.645622,302.153931,133.247620,-96.641586,309.032623,133.902863,-96.135452,304.353394,136.419998,,,
1640,13.666667,14:59:55:12.00,-96.646515,302.153076,133.245255,-96.642372,309.031219,133.903534,-96.135681,304.353088,136.419296,,,
1641,13.675000,14:59:55:12.01,-96.643959,302.153076,133.244858,-96.641548,309.032104,133.902328,-96.135460,304.353424,136.419327,,,
1642,13.683333,14:59:55:12.02,-96.646790,302.152527,133.247101,-96.641510,309.031128,133.902985,-96.136856,304.354034,136.419800,,,
1643,13.691667,14:59:55:12.03,-96.644226,302.153168,133.246750,-96.640930,309.031158,133.901306,-96.136665,304.353607,136.419159,,,
1644,13.700000,14:59:55:13.00,-96.642906,302.153473,133.245819,-96.641823,309.031952,133.902527,-96.135170,304.354584,136.419937,,,
1645,13.708333,14:59:55:13.01,-96.645752,302.154175,133.246735,-96.642548,309.031311,133.902603,-96.135620,304.354584,136.419327,,,
1646,13.716667,14:59:55:13.02,-96.645126,302.153442,133.247284,-96.641502,309.031799,133.903046,-96.135017,304.353821,136.419250,,,
1647,13.725000,14:59:55:13.03,-96.643456,302.153595,133.246414,-96.639908,309.031067,133.901764,-96.134270,304.352875,136.418991,,,
1648,13.733333,14:59:55:14.00,-96.645859,302.153107,133.245529,-96.640182,309.031158,133.900803,-96.134888,304.354370,136.419220,,,
1649,13.741667,14:59:55:14.01,-96.643959,302.153625,133.246796,-96.641182,309.031219,133.903549,-96.135963,304.353851,136.420090,,,
1650,13.750000,14:59:55:14.02,-96.645409,302.153625,133.246063,-96.641953,309.032349,133.903152,-96.136932,304.353790,136.420471,,,
1651,13.758333,14:59:55:14.03,-96.643738,302.153412,133.245728,-96.640884,309.032196,133.901901,-96.136330,304.353760,136.419525,,,
1652,13.766667,14:59:55:15.00,-96.645874,302.153168,133.247177,-96.642441,309.032349,133.901901,-96.118423,304.353149,136.418182,,,
1653,13.775000,14:59:55:15.01,-96.645432,302.154785,133.246307,-96.641350,309.030975,133.902390,-96.118202,304.354706,136.419235,,,
1654,13.783333,14:59:55:15.02,-96.645348,302.153992,133.247711,-96.640846,309.030823,133.901459,-96.135567,304.356232,136.419678,,,
1655,13.791667,14:59:55:15.03,-96.646698,302.153900,133.247192,-96.642357,309.031494,133.902557,-96.136459,304.353058,136.419662,,,
1656,13.800000,14:59:55:16.00,-96.645317,302.152588,133.246872,-96.640671,309.030548,133.902298,-96.119614,304.352753,136.419159,,,
1657,13.808333,14:59:55:16.01,-96.645851,302.154083,133.246918,-96.639725,309.031189,133.901245,-96.135864,304.355011,136.419281,,,
1658,13.816667,14:59:55:16.02,-96.645264,302.152954,133.246185,-96.641006,309.031586,133.902527,-96.119965,304.353516,136.419342,,,
1659,13.825000,14:59:55:16.03,-96.643867,302.153046,133.246796,-96.639404,309.031189,133.901962,-96.135376,304.356232,136.420959,,,
1660,13.833333,14:59:55:17.00,-96.644241,302.153076,133.246231,-96.641518,309.031006,133.903336,-96.135674,304.352509,136.418915,,,
1661,13.841667,14:59:55:17.01,-96.645660,302.153809,133.247269,-96.641747,309.031311,133.902557,-96.134956,304.353485,136.420105,,,
1662,13.850000,14:59:55:17.02,-96.647003,302.152344,133.247055,-96.641998,309.031281,133.902344,-96.136330,304.354858,136.421051,,,
1663,13.858333,14:59:55:17.03,-96.644447,302.153748,133.245087,-96.641830,309.031372,133.902710,-96.135040,304.354156,136.419739,,,
1664,13.866667,14:59:55:18.00,-96.643631,302.153351,133.246536,-96.641617,309.031891,133.903046,-96.136871,304.354614,136.420288,,,
1665,13.875000,14:59:55:18.01,-96.641670,302.153320,133.246521,-96.640297,309.031006,133.902924,-96.117805,304.352631,136.418823,,,
1666,13.883333,14:59:55:18.02,-96.642242,302.152893,133.245789,-96.640060,309.031372,133.902115,-96.133842,304.354950,136.419754,,,
1667,13.891667,14:59:55:18.03,-96.646973,302.153412,133.246597,-96.639900,309.032227,133.901642,-96.135399,304.353729,136.418503,,,
1668,13.900000,14:59:55:19.00,-96.644188,302.154144,133.246155,-96.641563,309.031555,133.901840,-96.134903,304.353821,136.419373,,,
1669,13.908333,14:59:55:19.01,-96.643051,302.153259,133.246796,-96.641304,309.031067,133.902878,-96.119759,304.354401,136.418442,,,
1670,13.916667,14:59:55:19.02,-96.644058,302.152679,133.245819,-96.641068,309.032593,133.901962,-96.136047,304.355286,136.419022,,,
1671,13.925000,14:59:55:19.03,-96.645439,302.153137,133.246719,-96.642029,309.030823,133.903076,-96.137306,304.354919,136.421127,,,
1672,13.933333,14:59:55:20.00,-96.643127,302.152832,133.245544,-96.640930,309.030426,133.902222,-96.135353,304.353241,136.418365,,,
1673,13.941667,14:59:55:20.01,-96.643929,302.153992,133.246918,-96.640472,309.032135,133.902786,-96.117157,304.352051,136.418915,,,
1674,13.950000,14:59:55:20.02,-96.646095,302.152863,133.245956,-96.639458,309.032318,133.902222,-96.117050,304.353912,136.418747,,,
1675,13.958333,14:59:55:20.03,-96.642281,302.153320,133.245941,-96.641273,309.031067,133.901932,-96.118149,304.353333,136.418060,,,
1676,13.966667,14:59:55:21.00,-96.644890,302.152893,133.247681,-96.641319,309.030762,133.902481,-96.134933,304.355133,136.420303,,,
1677,13.975000,14:59:55:21.01,-96.645805,302.153107,133.246368,-96.642197,309.030975,133.902725,-96.137268,304.354645,136.419495,,,
1678,13.983333,14:59:55:21.02,-96.644409,302.153778,133.246857,-96.640701,309.031097,133.902252,-96.135567,304.354126,136.420059,,,
1679,13.991667,14:59:55:21.03,-96.647247,302.153778,133.246292,-96.642281,309.031433,133.902008,-96.135017,304.352173,136.418991,,,
1680,14.000000,14:59:55:22.00,-96.645943,302.153809,133.246536,-96.640839,309.031799,133.902512,-96.117744,304.352203,136.418442,,,
1681,14.008333,14:59:55:22.01,-96.646469,302.153931,133.246719,-96.639999,309.031433,133.902283,-96.134308,304.354553,136.418564,,,
1682,14.016667,14:59:55:22.02,-96.647156,302.152405,133.246078,-96.641441,309.032349,133.902740,-96.118637,304.353058,136.418839,,,
1683,14.025000,14:59:55:22.03,-96.644348,302.152802,133.247009,-96.640381,309.031769,133.902344,-96.136124,304.354980,136.419418,,,
1684,14.033333,14:59:55:23.00,-96.641312,302.153534,133.246582,-96.641289,309.031403,133.902512,-96.135651,304.354645,136.420258,,,
1685,14.041667,14:59:55:23.01,-96.643486,302.153656,133.246628,-96.641930,309.031830,133.902267,-96.135368,304.354004,136.420288,,,
1686,14.050000,14:59:55:23.02,-96.643410,302.153595,133.245743,-96.639671,309.031738,133.902115,-96.118561,304.352203,136.418594,,,
1687,14.058333,14:59:55:23.03,-96.644905,302.154449,133.246796,-96.640282,309.030365,133.902557,-96.116814,304.353699,136.419250,,,
1688,14.066667,14:59:55:24.00,-96.646240,302.152740,133.248322,-96.641853,309.033112,133.902878,-96.134567,304.355133,136.419708,,,
1689,14.075000,14:59:55:24.01,-96.645302,302.154388,133.246155,-96.640427,309.032196,133.902496,-96.136154,304.354492,136.419647,,,
1690,14.083333,14:59:55:24.02,-96.642700,302.154022,133.245804,-96.641937,309.032654,133.902786,-96.118568,304.352539,136.418610,,,
1691,14.091667,14:59:55:24.03,-96.643044,302.153900,133.246063,-96.641830,309.032227,133.903137,-96.135452,304.355530,136.420120,,,
1692,14.100000,14:59:55:25.00,-96.646034,302.153259,133.246384,-96.640984,309.032074,133.902481,-96.136024,304.353638,136.419708,,,
1693,14.108333,14:59:55:25.01,-96.644371,302.152954,133.245514,-96.641769,309.031067,133.903641,-96.135445,304.352631,136.419647,,,
1694,14.116667,14:59:55:25.02,-96.644028,302.153168,133.247070,-96.642097,309.030640,133.902878,-96.135101,304.352570,136.419754,,,
1695,14.125000,14:59:55:25.03,-96.646240,302.152710,133.246933,-96.641632,309.031403,133.901855,-96.118294,304.354706,136.418823,,,
1696,14.133333,14:59:55:26.00,-96.645447,302.153992,133.247437,-96.640915,309.031586,133.903091,-96.133766,304.355713,136.419327,,,
1697,14.141667,14:59:55:26.01,-96.644615,302.153046,133.245911,-96.642838,309.031708,133.902832,-96.119331,304.351898,136.419312,,,
1698,14.150000,14:59:55:26.02,-96.646782,302.153076,133.247269,-96.643684,309.032288,133.903198,-96.135262,304.354126,136.419983,,,
1699,14.158333,14:59:55:26.03,-96.645599,302.153076,133.246582,-96.640869,309.031403,133.902191,-96.135681,304.353180,136.419891,,,
1700,14.166667,14:59:55:27.00,-96.643936,302.153534,133.245865,-96.640930,309.031219,133.903107,-96.134407,304.353851,136.418884,,,
1701,14.175000,14:59:55:27.01,-96.644119,302.154022,133.246841,-96.640160,309.030334,133.901871,-96.118851,304.354370,136.418732,,,
1702,14.183333,14:59:55:27.02,-96.644585,302.154144,133.246750,-96.641319,309.031830,133.902069,-96.135056,304.356415,136.420090,,,
1703,14.191667,14:59:55:27.03,-96.641563,302.153778,133.247070,-96.642349,309.032318,133.903778,-96.135559,304.353394,136.419327,,,
1704,14.200000,14:59:55:28.00,-96.642113,302.152954,133.246536,-96.641197,309.031403,133.902908,-96.137253,304.354919,136.421616,,,
1705,14.208333,14:59:55:28.01,-96.644714,302.153717,133.246078,-96.642159,309.031372,133.903091,-96.134773,304.353210,136.419617,,,
1706,14.216667,14:59:55:28.02,-96.645294,302.151978,133.246262,-96.642136,309.032532,133.902405,-96.136078,304.353851,136.419708,,,
1707,14.225000,14:59:55:28.03,-96.644417,302.152802,133.245941,-96.639214,309.032379,133.901825,-96.116898,304.352509,136.417465,,,
1708,14.233333,14:59:55:29.00,-96.645081,302.154053,133.247192,-96.640625,309.031494,133.902313,-96.134590,304.355621,136.419174,,,
1709,14.241667,14:59:55:29.01,-96.648148,302.153046,133.248215,-96.640953,309.031036,133.902222,-96.117752,304.352173,136.417908,,,
1710,14.250000,14:59:55:29.02,-96.646843,302.153076,133.247940,-96.640602,309.031219,133.903320,-96.135345,304.355133,136.418762,,,
1711,14.258333,14:59:55:29.03,-96.643997,302.154297,133.247147,-96.639275,309.031036,133.901718,-96.119385,304.353455,136.419342,,,
1712,14.266667,14:59:56:00.00,-96.641022,302.153381,133.245667,-96.639938,309.031067,133.901398,-96.134689,304.354584,136.419617,,,
1713,14.275000,14:59:56:00.01,-96.643982,302.153168,133.246368,-96.641068,309.031189,133.902267,-96.135483,304.354401,136.418594,,,
1714,14.283333,14:59:56:00.02,-96.645584,302.152802,133.245239,-96.641853,309.031036,133.901535,-96.118340,304.352631,136.418839,,,
1715,14.291667,14:59:56:00.03,-96.646950,302.154236,133.246979,-96.642891,309.031067,133.902771,-96.134972,304.355621,136.420746,,,
1716,14.300000,14:59:56:01.00,-96.645462,302.152740,133.247192,-96.642136,309.031372,133.902115,-96.134491,304.354462,136.419434,,,
1717,14.308333,14:59:56:01.01,-96.645447,302.153198,133.246460,-96.640572,309.031525,133.901306,-96.116707,304.351929,136.417694,,,
1718,14.316667,14:59:56:01.02,-96.644798,302.152069,133.245056,-96.640068,309.031067,133.901779,-96.116982,304.355530,136.418579,,,
1719,14.325000,14:59:56:01.03,-96.645508,302.152466,133.246338,-96.639374,309.031158,133.901260,-96.117798,304.354126,136.417877,,,
1720,14.333333,14:59:56:02.00,-96.644653,302.153259,133.246887,-96.640259,309.032166,133.903290,-96.136292,304.353821,136.418182,,,
1721,14.341667,14:59:56:02.01,-96.644386,302.153168,133.246719,-96.640633,309.031036,133.901794,-96.119705,304.353271,136.418503,,,
1722,14.350000,14:59:56:02.02,-96.644035,302.152893,133.246368,-96.640434,309.030365,133.902390,-96.133247,304.356079,136.419373,,,
1723,14.358333,14:59:56:02.03,-96.643082,302.153687,133.246567,-96.641357,309.032623,133.902222,-96.118095,304.353302,136.419708,,,
1724,14.366667,14:59:56:03.00,-96.643791,302.151947,133.246094,-96.640800,309.031067,133.902359,-96.134674,304.354980,136.418930,,,
1725,14.375000,14:59:56:03.01,-96.644463,302.152954,133.246918,-96.642563,309.031677,133.902161,-96.118164,304.352814,136.417328,,,
1726,14.383333,14:59:56:03.02,-96.644478,302.153290,133.247803,-96.642532,309.031738,133.901901,-96.133850,304.355011,136.418854,,,
1727,14.391667,14:59:56:03.03,-96.644089,302.153931,133.247406,-96.641747,309.031830,133.902878,-96.136436,304.353394,136.419159,,,
1728,14.400000,14:59:56:04.00,-96.642593,302.153564,133.247147,-96.640686,309.031067,133.902634,-96.120224,304.353577,136.419724,,,
1729,14.408333,14:59:56:04.01,-96.645584,302.153534,133.247025,-96.641365,309.030334,133.902100,-96.134392,304.356049,136.419769,,,
1730,14.416667,14:59:56:04.02,-96.643791,302.153168,133.246017,-96.641556,309.031281,133.901535,-96.135696,304.354401,136.419601,,,
1731,14.425000,14:59:56:04.03,-96.645485,302.153503,133.246368,-96.640640,309.032227,133.902298,-96.117371,304.352631,136.418289,,,
1732,14.433333,14:59:56:05.00,-96.644073,302.152985,133.246490,-96.640327,309.030884,133.902313,-96.132317,304.354187,136.418823,,,
1733,14.441667,14:59:56:05.01,-96.643486,302.153046,133.245911,-96.640900,309.032349,133.902985,-96.136497,304.353271,136.419952,,,
1734,14.450000,14:59:56:05.02,-96.643036,302.154358,133.245987,-96.641090,309.032379,133.903503,-96.137032,304.354919,136.420792,,,
1735,14.458333,14:59:56:05.03,-96.643715,302.153168,133.246475,-96.640991,309.031830,133.902817,-96.137772,304.355011,136.419922,,,
1736,14.466667,14:59:56:06.00,-96.641350,302.152863,133.245773,-96.641068,309.031738,133.903091,-96.135826,304.354279,136.418625,,,
1737,14.475000,14:59:56:06.01,-96.642105,302.153931,133.246765,-96.641647,309.032410,133.903564,-96.117004,304.352997,136.417801,,,
1738,14.483333,14:59:56:06.02,-96.644089,302.152954,133.246796,-96.641960,309.031311,133.902817,-96.133827,304.354340,136.419556,,,
1739,14.491667,14:59:56:06.03,-96.643890,302.152557,133.247131,-96.641212,309.032166,133.902679,-96.136429,304.353973,136.419067,,,
1740,14.500000,14:59:56:07.00,-96.644035,302.154358,133.247025,-96.641510,309.031677,133.902466,-96.136040,304.354065,136.419159,,,
1741,14.508333,14:59:56:07.01,-96.642921,302.153381,133.247025,-96.642075,309.031281,133.902328,-96.118340,304.352325,136.417603,,,
1742,14.516667,14:59:56:07.02,-96.643898,302.153870,133.246964,-96.641197,309.031342,133.902054,-96.134445,304.354553,136.419998,,,
1743,14.525000,14:59:56:07.03,-96.643845,302.154114,133.245483,-96.640381,309.031769,133.902237,-96.136620,304.354370,136.419907,,,
1744,14.533333,14:59:56:08.00,-96.643677,302.152435,133.246292,-96.640465,309.030975,133.901901,-96.118446,304.352905,136.417953,,,
1745,14.541667,14:59:56:08.01,-96.646461,302.152344,133.247192,-96.641769,309.031311,133.902130,-96.134583,304.354950,136.419312,,,
1746,14.550000,14:59:56:08.02,-96.644707,302.153717,133.246552,-96.640678,309.032715,133.902145,-96.135948,304.353027,136.420609,,,
1747,14.558333,14:59:56:08.03,-96.644829,302.155151,133.248550,-96.640839,309.032593,133.902725,-96.135559,304.353821,136.419922,,,
1748,14.566667,14:59:56:09.00,-96.644966,302.153503,133.247513,-96.641083,309.031982,133.902664,-96.135887,304.354919,136.419098,,,
1749,14.575000,14:59:56:09.01,-96.646233,302.154053,133.246536,-96.642044,309.031342,133.903091,-96.134453,304.353363,136.420288,,,
1750,14.583333,14:59:56:09.02,-96.645828,302.153198,133.245407,-96.640373,309.030853,133.902008,-96.134499,304.352509,136.418808,,,
1751,14.591667,14:59:56:09.03,-96.643501,302.153168,133.246048,-96.640305,309.030701,133.901810,-96.117889,304.352509,136.417938,,,
1752,14.600000,14:59:56:10.00,-96.645065,302.153839,133.247787,-96.640648,309.031555,133.903122,-96.135330,304.356110,136.419235,,,
1753,14.608333,14:59:56:10.01,-96.642532,302.153900,133.245819,-96.641594,309.032562,133.903961,-96.135658,304.354675,136.419388,,,
1754,14.616667,14:59:56:10.02,-96.643959,302.153259,133.246094,-96.640755,309.032745,133.901978,-96.136002,304.353149,136.419922,,,
1755,14.625000,14:59:56:10.03,-96.644615,302.153107,133.245819,-96.641304,309.030334,133.901611,-96.135223,304.353394,136.418457,,,
1756,14.633333,14:59:56:11.00,-96.645958,302.153564,133.246628,-96.641899,309.030792,133.902481,-96.136192,304.352844,136.420090,,,
1757,14.641667,14:59:56:11.01,-96.644577,302.153015,133.245819,-96.641304,309.031677,133.902115,-96.136024,304.353394,136.419327,,,
1758,14.650000,14:59:56:11.02,-96.645317,302.152649,133.246582,-96.641380,309.031342,133.901871,-96.134964,304.354431,136.418747,,,
1759,14.658333,14:59:56:11.03,-96.645126,302.153290,133.246201,-96.641945,309.032837,133.902252,-96.117226,304.353027,136.418121,,,
1760,14.666667,14:59:56:12.00,-96.644852,302.153320,133.246628,-96.640602,309.031769,133.901932,-96.134460,304.354706,136.419098,,,
1761,14.675000,14:59:56:12.01,-96.645706,302.153107,133.246307,-96.642387,309.031586,133.902466,-96.135971,304.353577,136.419495,,,
1762,14.683333,14:59:56:12.02,-96.643814,302.152740,133.246826,-96.640434,309.030670,133.902206,-96.136505,304.353699,136.419815,,,
1763,14.691667,14:59:56:12.03,-96.644318,302.152618,133.245605,-96.641541,309.031403,133.902405,-96.136261,304.353668,136.418961,,,
1764,14.700000,14:59:56:13.00,-96.646721,302.153015,133.246964,-96.640991,309.031769,133.901077,-96.135300,304.353760,136.419586,,,
1765,14.708333,14:59:56:13.01,-96.643318,302.153107,133.245667,-96.640518,309.032440,133.902115,-96.135590,304.354462,136.419373,,,
1766,14.716667,14:59:56:13.02,-96.643471,302.152832,133.248077,-96.640205,309.031311,133.901627,-96.136467,304.355621,136.420853,,,
1767,14.725000,14:59:56:13.03,-96.643852,302.152863,133.245544,-96.642738,309.031738,133.901810,-96.136765,304.354767,136.419250,,,
1768,14.733333,14:59:56:14.00,-96.645370,302.153320,133.246460,-96.642311,309.031952,133.902328,-96.137367,304.354218,136.420013,,,
1769,14.741667,14:59:56:14.01,-96.646233,302.152466,133.246521,-96.639549,309.031097,133.902237,-96.135201,304.352936,136.418839,,,
1770,14.750000,14:59:56:14.02,-96.645493,302.153717,133.247223,-96.641151,309.031311,133.902786,-96.118248,304.351654,136.418686,,,
1771,14.758333,14:59:56:14.03,-96.645096,302.154663,133.246918,-96.642212,309.032318,133.902252,-96.118141,304.353943,136.419495,,,
1772,14.766667,14:59:56:15.00,-96.644905,302.153503,133.246857,-96.642143,309.031952,133.902573,-96.118057,304.354767,136.418777,,,
1773,14.775000,14:59:56:15.01,-96.643509,302.153503,133.245605,-96.640129,309.031952,133.903091,-96.135612,304.354309,136.420563,,,
1774,14.783333,14:59:56:15.02,-96.644516,302.152771,133.246506,-96.640358,309.031555,133.902267,-96.135231,304.353210,136.418884,,,
1775,14.791667,14:59:56:15.03,-96.645317,302.152740,133.245941,-96.641953,309.031311,133.902588,-96.118996,304.353180,136.419373,,,
1776,14.800000,14:59:56:16.00,-96.644417,302.152344,133.244995,-96.640839,309.032166,133.903122,-96.133545,304.354919,136.420151,,,
1777,14.808333,14:59:56:16.01,-96.646591,302.153168,133.247177,-96.641617,309.031586,133.902603,-96.136093,304.354004,136.418945,,,
1778,14.816667,14:59:56:16.02,-96.646118,302.152985,133.246933,-96.640343,309.031677,133.902054,-96.134689,304.353882,136.418945,,,
1779,14.825000,14:59:56:16.03,-96.645561,302.153168,133.246231,-96.639580,309.031403,133.901932,-96.137497,304.353333,136.420410,,,
1780,14.833333,14:59:56:17.00,-96.643356,302.152924,133.246796,-96.640961,309.031403,133.901840,-96.135666,304.352448,136.419128,,,
1781,14.841667,14:59:56:17.01,-96.644493,302.152802,133.247559,-96.641602,309.031158,133.902878,-96.119347,304.352661,136.419113,,,
1782,14.850000,14:59:56:17.02,-96.645065,302.153839,133.244812,-96.642075,309.030945,133.902710,-96.135559,304.354950,136.419556,,,
1783,14.858333,14:59:56:17.03,-96.644279,302.152863,133.245331,-96.641693,309.031403,133.902145,-96.135551,304.353607,136.419830,,,
1784,14.866667,14:59:56:18.00,-96.644684,302.152740,133.246826,-96.641014,309.031433,133.901733,-96.136650,304.353699,136.419434,,,
1785,14.875000,14:59:56:18.01,-96.645851,302.152649,133.246384,-96.640686,309.031311,133.901505,-96.134354,304.353760,136.419922,,,
1786,14.883333,14:59:56:18.02,-96.645584,302.153290,133.246353,-96.640800,309.031219,133.901794,-96.135208,304.353638,136.420074,,,
1787,14.891667,14:59:56:18.03,-96.642464,302.151337,133.245621,-96.639862,309.031616,133.901733,-96.118080,304.352844,136.417877,,,
1788,14.900000,14:59:56:19.00,-96.644058,302.152863,133.245285,-96.641891,309.032593,133.903107,-96.135727,304.354309,136.420547,,,
1789,14.908333,14:59:56:19.01,-96.645340,302.153137,133.246780,-96.640892,309.031891,133.901871,-96.135048,304.352966,136.419876,,,
1790,14.916667,14:59:56:19.02,-96.643921,302.153229,133.246429,-96.640892,309.031158,133.902008,-96.136589,304.354797,136.419662,,,
1791,14.925000,14:59:56:19.03,-96.643425,302.153290,133.246201,-96.640625,309.031677,133.902328,-96.135483,304.353821,136.419815,,,
1792,14.933333,14:59:56:20.00,-96.645531,302.152252,133.245560,-96.640930,309.031067,133.903030,-96.136078,304.354156,136.420380,,,
1793,14.941667,14:59:56:20.01,-96.644539,302.153259,133.246155,-96.641113,309.031281,133.902786,-96.136292,304.354187,136.420746,,,
1794,14.950000,14:59:56:20.02,-96.646019,302.153320,133.247131,-96.640427,309.030914,133.901276,-96.117950,304.353241,136.418335,,,
1795,14.958333,14:59:56:20.03,-96.646324,302.153564,133.246536,-96.641716,309.031281,133.902893,-96.134773,304.356079,136.420135,,,
1796,14.966667,14:59:56:21.00,-96.644066,302.154388,133.247025,-96.641296,309.031738,133.903259,-96.135620,304.354523,136.419693,,,
1797,14.975000,14:59:56:21.01,-96.644798,302.154144,133.246765,-96.641068,309.031616,133.902725,-96.136246,304.353271,136.420135,,,
1798,14.983333,14:59:56:21.02,-96.644218,302.152802,133.245392,-96.641502,309.031189,133.902039,-96.135834,304.353088,136.419174,,,
1799,14.991667,14:59:56:21.03,-96.644440,302.152954,133.246368,-96.642075,309.031067,133.902496,-96.117935,304.352661,136.418396,,,
1800,15.000000,14:59:56:22.00,-96.645012,302.152008,133.247055,-96.641365,309.031525,133.902191,-96.134056,304.355103,136.418777,,,
1801,15.008333,14:59:56:22.01,-96.643761,302.153595,133.246567,-96.640579,309.032013,133.901459,-96.134399,304.353485,136.418304,,,
1802,15.016667,14:59:56:22.02,-96.645370,302.153595,133.246414,-96.640976,309.032471,133.901794,-96.136986,304.353638,136.418991,,,
1803,15.025000,14:59:56:22.03,-96.644920,302.153412,133.246048,-96.642487,309.031464,133.903198,-96.119186,304.352478,136.419571,,,
1804,15.033333,14:59:56:23.00,-96.645218,302.153748,133.246140,-96.643188,309.032135,133.903030,-96.134689,304.354218,136.419983,,,
1805,15.041667,14:59:56:23.01,-96.645386,302.152100,133.246857,-96.641472,309.032501,133.902771,-96.137466,304.354706,136.420227,,,
1806,15.050000,14:59:56:23.02,-96.645332,302.153198,133.247559,-96.641251,309.030487,133.901840,-96.136688,304.353485,136.419647,,,
1807,15.058333,14:59:56:23.03,-96.643600,302.153015,133.246490,-96.641273,309.031311,133.902206,-96.136513,304.353546,136.420319,,,
1808,15.066667,14:59:56:24.00,-96.643013,302.153290,133.246429,-96.640182,309.031799,133.902328,-96.134308,304.352509,136.419632,,,
1809,15.075000,14:59:56:24.01,-96.645836,302.153290,133.246658,-96.640320,309.031586,133.902710,-96.135483,304.354309,136.420105,,,
1810,15.083333,14:59:56:24.02,-96.647308,302.153839,133.247757,-96.641502,309.032410,133.903107,-96.119186,304.354156,136.419479,,,
1811,15.091667,14:59:56:24.03,-96.644798,302.154114,133.247467,-96.640648,309.031586,133.901840,-96.135170,304.355347,136.419800,,,
1812,15.100000,14:59:56:25.00,-96.645813,302.153473,133.247147,-96.642342,309.031860,133.902420,-96.136230,304.353821,136.419495,,,
1813,15.108333,14:59:56:25.01,-96.645370,302.153900,133.247314,-96.640167,309.031921,133.901398,-96.135330,304.353302,136.420380,,,
1814,15.116667,14:59:56:25.02,-96.645088,302.153381,133.245895,-96.641716,309.030762,133.902817,-96.135597,304.355011,136.419739,,,
1815,15.125000,14:59:56:25.03,-96.644905,302.152740,133.246307,-96.641388,309.030884,133.902206,-96.118378,304.352844,136.418396,,,
1816,15.133333,14:59:56:26.00,-96.644142,302.152496,133.245880,-96.641006,309.031830,133.902481,-96.117943,304.354797,136.419708,,,
1817,15.141667,14:59:56:26.01,-96.643036,302.153503,133.247284,-96.641212,309.031586,133.903320,-96.134415,304.353882,136.419754,,,
1818,15.150000,14:59:56:26.02,-96.642265,302.152435,133.246384,-96.640343,309.030731,133.901535,-96.136444,304.353516,136.419571,,,
1819,15.158333,14:59:56:26.03,-96.642334,302.153046,133.245346,-96.641464,309.031555,133.902054,-96.118835,304.352417,136.418671,,,
1820,15.166667,14:59:56:27.00,-96.644394,302.153046,133.245651,-96.641449,309.032166,133.902924,-96.133743,304.354187,136.419083,,,
1821,15.175000,14:59:56:27.01,-96.643860,302.152802,133.246399,-96.640953,309.031342,133.902115,-96.135094,304.352722,136.420120,,,
1822,15.183333,14:59:56:27.02,-96.645447,302.153168,133.246216,-96.641365,309.031403,133.903214,-96.134933,304.353210,136.419693,,,
1823,15.191667,14:59:56:27.03,-96.645805,302.154114,133.246185,-96.640633,309.031769,133.902725,-96.134552,304.353973,136.419754,,,
1824,15.200000,14:59:56:28.00,-96.647018,302.153290,133.246429,-96.640808,309.031769,133.902679,-96.136436,304.354858,136.419495,,,
1825,15.208333,14:59:56:28.01,-96.646736,302.154266,133.247345,-96.640434,309.031311,133.903046,-96.136566,304.354309,136.419235,,,
1826,15.216667,14:59:56:28.02,-96.643631,302.152802,133.246231,-96.640030,309.030945,133.902435,-96.134964,304.353424,136.419952,,,
1827,15.225000,14:59:56:28.03,-96.645477,302.153717,133.246582,-96.640594,309.031097,133.902924,-96.134254,304.354309,136.418564,,,
1828,15.233333,14:59:56:29.00,-96.643730,302.154175,133.245911,-96.641312,309.032593,133.902374,-96.135124,304.354492,136.419815,,,
1829,15.241667,14:59:56:29.01,-96.642586,302.153839,133.245834,-96.641441,309.031616,133.902771,-96.118492,304.352814,136.419296,,,
1830,15.250000,14:59:56:29.02,-96.645432,302.154236,133.246582,-96.640564,309.031158,133.901840,-96.135780,304.354370,136.420090,,,
1831,15.258333,14:59:56:29.03,-96.644432,302.154144,133.247253,-96.640976,309.031494,133.901993,-96.118141,304.351959,136.418411,,,
1832,15.266667,14:59:57:00.00,-96.643044,302.152435,133.245926,-96.641212,309.030762,133.902893,-96.117111,304.354370,136.418945,,,
1833,15.275000,14:59:57:00.01,-96.646164,302.152679,133.246338,-96.641136,309.031738,133.902161,-96.134766,304.354370,136.418335,,,
1834,15.283333,14:59:57:00.02,-96.648315,302.153442,133.246841,-96.640694,309.031219,133.901794,-96.135384,304.353027,136.419388,,,
1835,15.291667,14:59:57:00.03,-96.646088,302.153687,133.246201,-96.640350,309.031067,133.901718,-96.119370,304.352386,136.418228,,,
1836,15.300000,14:59:57:01.00,-96.646301,302.154114,133.248367,-96.640442,309.030945,133.902328,-96.118599,304.354614,136.418579,,,
1837,15.308333,14:59:57:01.01,-96.645668,302.154297,133.246384,-96.641434,309.032867,133.903275,-96.134628,304.355621,136.419708,,,
1838,15.316667,14:59:57:01.02,-96.646156,302.154327,133.246689,-96.642334,309.032471,133.902466,-96.135025,304.352875,136.419281,,,
1839,15.325000,14:59:57:01.03,-96.644958,302.153809,133.246201,-96.641449,309.032349,133.902725,-96.119102,304.352722,136.418808,,,
1840,15.333333,14:59:57:02.00,-96.642876,302.153931,133.245789,-96.640953,309.032318,133.902649,-96.135696,304.354614,136.418610,,,
1841,15.341667,14:59:57:02.01,-96.644081,302.153717,133.246429,-96.640625,309.030579,133.902390,-96.120285,304.352844,136.419403,,,
1842,15.350000,14:59:57:02.02,-96.644676,302.153503,133.246246,-96.640533,309.030762,133.901947,-96.134903,304.355682,136.419098,,,
1843,15.358333,14:59:57:02.03,-96.645149,302.153748,133.246933,-96.639320,309.031067,133.902939,-96.118256,304.352661,136.418732,,,
1844,15.366667,14:59:57:03.00,-96.646713,302.153534,133.246094,-96.642113,309.031952,133.902802,-96.135345,304.355072,136.419907,,,
1845,15.375000,14:59:57:03.01,-96.645180,302.152740,133.246735,-96.641838,309.031342,133.901535,-96.136597,304.353973,136.419373,,,
1846,15.383333,14:59:57:03.02,-96.647362,302.152100,133.246094,-96.641289,309.031372,133.902664,-96.136269,304.354004,136.419540,,,
1847,15.391667,14:59:57:03.03,-96.647049,302.152161,133.246979,-96.639786,309.031616,133.901733,-96.135376,304.353485,136.417801,,,
1848,15.400000,14:59:57:04.00,-96.644081,302.153717,133.246994,-96.641113,309.032257,133.903091,-96.135750,304.354156,136.419067,,,
1849,15.408333,14:59:57:04.01,-96.644875,302.153259,133.246643,-96.641571,309.030579,133.902054,-96.118202,304.352875,136.418747,,,
1850,15.416667,14:59:57:04.02,-96.645149,302.153564,133.246429,-96.642456,309.031525,133.902008,-96.135780,304.355652,136.420898,,,
1851,15.425000,14:59:57:04.03,-96.646378,302.152527,133.245499,-96.642342,309.031311,133.902328,-96.137581,304.353058,136.419540,,,
1852,15.433333,14:59:57:05.00,-96.644859,302.153290,133.247299,-96.642532,309.030792,133.902771,-96.135941,304.352814,136.418686,,,
1853,15.441667,14:59:57:05.01,-96.647491,302.154449,133.247650,-96.642075,309.031464,133.902222,-96.118080,304.353119,136.418274,,,
1854,15.450000,14:59:57:05.02,-96.645622,302.153625,133.247299,-96.641861,309.030212,133.902588,-96.134415,304.356262,136.420212,,,
1855,15.458333,14:59:57:05.03,-96.645416,302.153839,133.245712,-96.642632,309.030975,133.903015,-96.137070,304.353821,136.419495,,,
1856,15.466667,14:59:57:06.00,-96.647491,302.153168,133.246384,-96.641472,309.031525,133.902603,-96.134987,304.353394,136.419266,,,
1857,15.475000,14:59:57:06.01,-96.645035,302.153503,133.246689,-96.640900,309.031708,133.901459,-96.136177,304.353912,136.419403,,,
1858,15.483333,14:59:57:06.02,-96.646927,302.153229,133.247406,-96.641685,309.031372,133.903000,-96.118919,304.353790,136.418381,,,
1859,15.491667,14:59:57:06.03,-96.644630,302.153259,133.246124,-96.641602,309.030579,133.902115,-96.134758,304.355225,136.418991,,,
1860,15.500000,14:59:57:07.00,-96.645210,302.152649,133.246368,-96.642593,309.031464,133.902664,-96.136261,304.352722,136.419647,,,
1861,15.508333,14:59:57:07.01,-96.646019,302.153503,133.246948,-96.640930,309.031952,133.901733,-96.136185,304.355194,136.421066,,,
1862,15.516667,14:59:57:07.02,-96.648476,302.153198,133.246643,-96.641396,309.032288,133.902206,-96.136467,304.354004,136.419342,,,
1863,15.525000,14:59:57:07.03,-96.647354,302.153351,133.246384,-96.641998,309.031830,133.901947,-96.134499,304.353699,136.419693,,,
1864,15.533333,14:59:57:08.00,-96.643349,302.152527,133.245102,-96.642021,309.030762,133.901459,-96.134407,304.354095,136.419235,,,
1865,15.541667,14:59:57:08.01,-96.643517,302.154053,133.248077,-96.642761,309.031830,133.902924,-96.134995,304.353333,136.419403,,,
1866,15.550000,14:59:57:08.02,-96.647026,302.154236,133.246536,-96.641502,309.032440,133.902939,-96.135422,304.352966,136.419235,,,
1867,15.558333,14:59:57:08.03,-96.646141,302.153595,133.247253,-96.640930,309.031464,133.902496,-96.136665,304.353119,136.419815,,,
1868,15.566667,14:59:57:09.00,-96.645500,302.153168,133.245407,-96.641495,309.032440,133.902985,-96.137192,304.353912,136.419662,,,
1869,15.575000,14:59:57:09.01,-96.645699,302.153229,133.246750,-96.641579,309.031006,133.902435,-96.119583,304.353210,136.418732,,,
1870,15.583333,14:59:57:09.02,-96.646980,302.153076,133.246719,-96.642479,309.030426,133.901733,-96.134750,304.355804,136.419510,,,
1871,15.591667,14:59:57:09.03,-96.644402,302.152863,133.246582,-96.641525,309.031616,133.901749,-96.136032,304.354706,136.419983,,,
1872,15.600000,14:59:57:10.00,-96.643509,302.152863,133.246979,-96.642883,309.031586,133.902039,-96.135559,304.354584,136.419037,,,
1873,15.608333,14:59:57:10.01,-96.644089,302.153412,133.245636,-96.642723,309.031555,133.903259,-96.135933,304.355255,136.420547,,,
1874,15.616667,14:59:57:10.02,-96.645042,302.153839,133.247269,-96.641663,309.030426,133.902206,-96.136765,304.355591,136.419571,,,
1875,15.625000,14:59:57:10.03,-96.644798,302.153687,133.246582,-96.641296,309.032135,133.902588,-96.136002,304.354370,136.418945,,,
1876,15.633333,14:59:57:11.00,-96.645012,302.154266,133.246964,-96.642509,309.031189,133.902710,-96.136414,304.353546,136.419189,,,
1877,15.641667,14:59:57:11.01,-96.646339,302.153381,133.247299,-96.640541,309.030975,133.902664,-96.119331,304.352478,136.418991,,,
1878,15.650000,14:59:57:11.02,-96.647873,302.152100,133.247086,-96.641853,309.031982,133.902588,-96.134911,304.355164,136.419693,,,
1879,15.658333,14:59:57:11.03,-96.646179,302.153503,133.247559,-96.641327,309.031372,133.902115,-96.135971,304.355530,136.419601,,,
1880,15.666667,14:59:57:12.00,-96.646881,302.153748,133.246750,-96.641708,309.031769,133.902283,-96.117996,304.353058,136.418564,,,
1881,15.675000,14:59:57:12.01,-96.644989,302.153687,133.247726,-96.640854,309.031219,133.902222,-96.117790,304.354401,136.419586,,,
1882,15.683333,14:59:57:12.02,-96.644150,302.152863,133.245941,-96.641556,309.031738,133.903107,-96.135780,304.354736,136.419220,,,
1883,15.691667,14:59:57:12.03,-96.646027,302.152649,133.246475,-96.641914,309.031525,133.902084,-96.136787,304.353912,136.419983,,,
1884,15.700000,14:59:57:13.00,-96.647301,302.152130,133.247894,-96.641640,309.032623,133.903152,-96.137383,304.354797,136.419937,,,
1885,15.708333,14:59:57:13.01,-96.643585,302.154144,133.245010,-96.641106,309.032593,133.901901,-96.136024,304.355042,136.420319,,,
1886,15.716667,14:59:57:13.02,-96.642723,302.153442,133.246796,-96.642136,309.032684,133.901505,-96.135994,304.353790,136.419464,,,
1887,15.725000,14:59:57:13.03,-96.644569,302.154480,133.245773,-96.641510,309.032013,133.902802,-96.117981,304.353485,136.417862,,,
1888,15.733333,14:59:57:14.00,-96.648804,302.152954,133.247269,-96.640198,309.032471,133.902817,-96.133713,304.355042,136.419220,,,
1889,15.741667,14:59:57:14.01,-96.645653,302.153503,133.246292,-96.641388,309.031830,133.902420,-96.136383,304.355042,136.419205,,,
1890,15.750000,14:59:57:14.02,-96.645218,302.153717,133.246933,-96.642059,309.031433,133.901596,-96.135941,304.354156,136.419266,,,
1891,15.758333,14:59:57:14.03,-96.644081,302.153625,133.246155,-96.642441,309.030975,133.902557,-96.117332,304.352722,136.417587,,,
1892,15.766667,14:59:57:15.00,-96.645241,302.152740,133.247284,-96.641960,309.030884,133.903748,-96.134201,304.354919,136.419739,,,
1893,15.775000,14:59:57:15.01,-96.642151,302.153259,133.246445,-96.641220,309.030396,133.902359,-96.119736,304.352509,136.418335,,,
1894,15.783333,14:59:57:15.02,-96.644531,302.152527,133.246506,-96.642365,309.031525,133.902771,-96.134773,304.354156,136.419373,,,
1895,15.791667,14:59:57:15.03,-96.647141,302.154358,133.246811,-96.642471,309.032013,133.903473,-96.136490,304.353058,136.420074,,,
1896,15.800000,14:59:57:16.00,-96.644615,302.153595,133.246704,-96.640305,309.030304,133.901520,-96.136673,304.354126,136.418991,,,
1897,15.808333,14:59:57:16.01,-96.644142,302.153687,133.246399,-96.640785,309.031372,133.903564,-96.136658,304.354797,136.420486,,,
1898,15.816667,14:59:57:16.02,-96.643631,302.153503,133.246338,-96.641609,309.031830,133.902527,-96.136520,304.354706,136.419586,,,
1899,15.825000,14:59:57:16.03,-96.644569,302.152618,133.247269,-96.641258,309.031342,133.903091,-96.135368,304.353363,136.420105,,,
1900,15.833333,14:59:57:17.00,-96.645782,302.152557,133.246475,-96.640739,309.031860,133.902893,-96.135262,304.353943,136.418823,,,
1901,15.841667,14:59:57:17.01,-96.645012,302.153625,133.246109,-96.642006,309.031403,133.902252,-96.135269,304.352966,136.418457,,,
1902,15.850000,14:59:57:17.02,-96.645065,302.153107,133.246399,-96.642540,309.032501,133.902603,-96.137131,304.354248,136.420227,,,
1903,15.858333,14:59:57:17.03,-96.643097,302.153503,133.246277,-96.641006,309.031616,133.902893,-96.135727,304.353790,136.419601,,,
1904,15.866667,14:59:57:18.00,-96.646461,302.152588,133.247223,-96.641869,309.031891,133.903183,-96.136345,304.354828,136.420135,,,
1905,15.875000,14:59:57:18.01,-96.645790,302.153717,133.246536,-96.642220,309.032318,133.903793,-96.135254,304.352966,136.420105,,,
1906,15.883333,14:59:57:18.02,-96.642921,302.153961,133.246918,-96.641525,309.031128,133.902710,-96.118660,304.352081,136.418732,,,
1907,15.891667,14:59:57:18.03,-96.643433,302.153931,133.247437,-96.642044,309.031097,133.901825,-96.134308,304.354797,136.419312,,,
1908,15.900000,14:59:57:19.00,-96.646965,302.153076,133.246582,-96.640015,309.031067,133.901642,-96.135559,304.353394,136.418884,,,
1909,15.908333,14:59:57:19.01,-96.644478,302.153717,133.247116,-96.639526,309.031158,133.901672,-96.136932,304.353821,136.419571,,,
1910,15.916667,14:59:57:19.02,-96.643555,302.152740,133.246094,-96.640930,309.031342,133.902573,-96.135071,304.352844,136.418396,,,
1911,15.925000,14:59:57:19.03,-96.643791,302.154205,133.248169,-96.641624,309.031738,133.901810,-96.135849,304.354279,136.419907,,,
1912,15.933333,14:59:57:20.00,-96.646843,302.154053,133.247391,-96.640762,309.031403,133.902390,-96.118477,304.354034,136.418320,,,
1913,15.941667,14:59:57:20.01,-96.647514,302.153015,133.246078,-96.641479,309.031769,133.902115,-96.132507,304.353302,136.417862,,,
1914,15.950000,14:59:57:20.02,-96.645905,302.153534,133.246323,-96.642311,309.032166,133.903061,-96.135902,304.354431,136.420258,,,
1915,15.958333,14:59:57:20.03,-96.642570,302.153778,133.245483,-96.640984,309.031311,133.901505,-96.117897,304.352753,136.418945,,,
1916,15.966667,14:59:57:21.00,-96.643539,302.152802,133.245956,-96.641174,309.031769,133.901596,-96.135513,304.356232,136.420303,,,
1917,15.975000,14:59:57:21.01,-96.644997,302.153412,133.247055,-96.642357,309.031342,133.902374,-96.135597,304.353424,136.419540,,,
1918,15.983333,14:59:57:21.02,-96.645233,302.152710,133.246521,-96.640717,309.031921,133.902435,-96.134315,304.353394,136.419083,,,
1919,15.991667,14:59:57:21.03,-96.643776,302.153748,133.247681,-96.641190,309.032532,133.902283,-96.118889,304.351715,136.417465,,,
1920,16.000000,14:59:57:22.00,-96.642075,302.154175,133.246307,-96.641602,309.031036,133.902817,-96.134094,304.354858,136.418793,,,
1921,16.008333,14:59:57:22.01,-96.646965,302.153534,133.247223,-96.641251,309.031403,133.902069,-96.118805,304.353088,136.419220,,,
1922,16.016667,14:59:57:22.02,-96.647369,302.155029,133.247940,-96.641876,309.030975,133.903015,-96.135368,304.355133,136.419159,,,
1923,16.025000,14:59:57:22.03,-96.645798,302.153137,133.247025,-96.642776,309.032745,133.902435,-96.136971,304.353394,136.419327,,,
1924,16.033333,14:59:57:23.00,-96.647278,302.153381,133.246582,-96.641640,309.031738,133.902115,-96.135986,304.355225,136.419708,,,
1925,16.041667,14:59:57:23.01,-96.646667,302.154236,133.246368,-96.642509,309.032440,133.903137,-96.136505,304.354065,136.418884,,,
1926,16.050000,14:59:57:23.02,-96.647148,302.153076,133.246277,-96.641121,309.031433,133.902664,-96.136429,304.354340,136.418777,,,
1927,16.058333,14:59:57:23.03,-96.646736,302.153534,133.245850,-96.640984,309.031799,133.901917,-96.137306,304.354279,136.419510,,,
1928,16.066667,14:59:57:24.00,-96.647835,302.153809,133.248444,-96.642677,309.030853,133.902832,-96.136230,304.353271,136.419022,,,
1929,16.075000,14:59:57:24.01,-96.646637,302.153625,133.246872,-96.639839,309.031799,133.902435,-96.135468,304.354767,136.420197,,,
1930,16.083333,14:59:57:24.02,-96.645370,302.154175,133.245605,-96.641312,309.031342,133.902435,-96.135162,304.356171,136.419601,,,
1931,16.091667,14:59:57:24.03,-96.643478,302.152588,133.245331,-96.641571,309.031799,133.902222,-96.136047,304.353821,136.418930,,,
1932,16.100000,14:59:57:25.00,-96.645309,302.153290,133.245621,-96.641495,309.030762,133.901581,-96.119781,304.354095,136.418991,,,
1933,16.108333,14:59:57:25.01,-96.646210,302.153229,133.247116,-96.641144,309.031311,133.901840,-96.134270,304.356049,136.420105,,,
1934,16.116667,14:59:57:25.02,-96.645515,302.153259,133.246582,-96.639992,309.032104,133.902496,-96.136337,304.353821,136.420029,,,
1935,16.125000,14:59:57:25.03,-96.645767,302.153503,133.247131,-96.641304,309.032074,133.902618,-96.136795,304.354919,136.419464,,,
1936,16.133333,14:59:57:26.00,-96.644058,302.153198,133.247330,-96.640686,309.032349,133.902924,-96.136879,304.355347,136.419403,,,
1937,16.141667,14:59:57:26.01,-96.645058,302.151764,133.246201,-96.641403,309.032043,133.902023,-96.118477,304.354248,136.419098,,,
1938,16.150000,14:59:57:26.02,-96.645096,302.152405,133.247589,-96.642128,309.031647,133.903198,-96.135323,304.354797,136.419037,,,
1939,16.158333,14:59:57:26.03,-96.644943,302.154480,133.246552,-96.641182,309.031311,133.901840,-96.136337,304.352905,136.419281,,,
1940,16.166667,14:59:57:27.00,-96.645752,302.153595,133.247025,-96.641739,309.031403,133.902527,-96.136665,304.354187,136.419815,,,
1941,16.175000,14:59:57:27.01,-96.645493,302.153992,133.246750,-96.640335,309.031067,133.902008,-96.135422,304.354492,136.419739,,,
1942,16.183333,14:59:57:27.02,-96.644417,302.153931,133.246140,-96.641098,309.031097,133.902664,-96.136589,304.353882,136.420090,,,
1943,16.191667,14:59:57:27.03,-96.646347,302.153717,133.246109,-96.640167,309.031616,133.903275,-96.137543,304.354645,136.419998,,,
1944,16.200000,14:59:57:28.00,-96.646278,302.153931,133.247086,-96.641113,309.032379,133.902176,-96.137009,304.353180,136.419266,,,
1945,16.208333,14:59:57:28.01,-96.644653,302.153687,133.246719,-96.641403,309.031189,133.902740,-96.135094,304.353027,136.419556,,,
1946,16.216667,14:59:57:28.02,-96.644943,302.153198,133.246399,-96.639999,309.031769,133.901855,-96.135132,304.355225,136.419495,,,
1947,16.225000,14:59:57:28.03,-96.646843,302.153320,133.246857,-96.641945,309.031403,133.902985,-96.135834,304.354492,136.418777,,,
1948,16.233333,14:59:57:29.00,-96.647202,302.153717,133.246796,-96.641884,309.030579,133.902878,-96.134491,304.354553,136.419510,,,
1949,16.241667,14:59:57:29.01,-96.647659,302.154083,133.246597,-96.642296,309.031616,133.901978,-96.134094,304.354279,136.418884,,,
1950,16.250000,14:59:57:29.02,-96.645874,302.153290,133.247345,-96.643135,309.031647,133.903152,-96.135941,304.353271,136.419861,,,
1951,16.258333,14:59:57:29.03,-96.645767,302.153809,133.247086,-96.640984,309.030212,133.902084,-96.135201,304.353058,136.418289,,,
1952,16.266667,14:59:58:00.00,-96.645508,302.153351,133.247910,-96.641151,309.031311,133.903168,-96.136520,304.353729,136.418747,,,
1953,16.275000,14:59:58:00.01,-96.644768,302.153168,133.247467,-96.639763,309.031342,133.902664,-96.119537,304.352112,136.417847,,,
1954,16.283333,14:59:58:00.02,-96.643654,302.153809,133.245667,-96.640327,309.030975,133.902100,-96.134880,304.354919,136.417969,,,
1955,16.291667,14:59:58:00.03,-96.646194,302.154022,133.245651,-96.641220,309.032135,133.902557,-96.135307,304.353851,136.418686,,,
1956,16.300000,14:59:58:01.00,-96.645699,302.151550,133.246094,-96.640465,309.031464,133.901505,-96.135521,304.354706,136.419067,,,
1957,16.308333,14:59:58:01.01,-96.645821,302.152985,133.246185,-96.640564,309.030823,133.901840,-96.135368,304.354004,136.419418,,,
1958,16.316667,14:59:58:01.02,-96.644943,302.152710,133.246445,-96.640251,309.032074,133.902039,-96.136070,304.353455,136.420334,,,
1959,16.325000,14:59:58:01.03,-96.645699,302.152069,133.246277,-96.640617,309.032379,133.901245,-96.118210,304.352295,136.418198,,,
1960,16.333333,14:59:58:02.00,-96.645119,302.153748,133.245377,-96.638947,309.031952,133.901581,-96.135422,304.355011,136.418427,,,
1961,16.341667,14:59:58:02.01,-96.644531,302.153076,133.246262,-96.639595,309.031158,133.901443,-96.134727,304.352966,136.419724,,,
1962,16.350000,14:59:58:02.02,-96.644051,302.153412,133.246704,-96.640709,309.031403,133.902649,-96.136864,304.354034,136.419769,,,
1963,16.358333,14:59:58:02.03,-96.643784,302.152710,133.246078,-96.640541,309.031555,133.901428,-96.116760,304.351624,136.418365,,,
1964,16.366667,14:59:58:03.00,-96.644524,302.153442,133.245178,-96.640381,309.030396,133.901901,-96.134613,304.354706,136.418396,,,
1965,16.375000,14:59:58:03.01,-96.642227,302.153717,133.245804,-96.641701,309.030975,133.901886,-96.134224,304.353607,136.418930,,,
1966,16.383333,14:59:58:03.02,-96.644821,302.153290,133.247528,-96.640213,309.031525,133.901230,-96.136566,304.354340,136.420395,,,
1967,16.391667,14:59:58:03.03,-96.645012,302.153473,133.245865,-96.640778,309.031158,133.901688,-96.118904,304.352844,136.418335,,,
1968,16.400000,14:59:58:04.00,-96.648476,302.153473,133.248001,-96.641090,309.031708,133.902603,-96.117523,304.353912,136.418625,,,
1969,16.408333,14:59:58:04.01,-96.645645,302.151978,133.245514,-96.640564,309.031860,133.901810,-96.134399,304.353180,136.418579,,,
1970,16.416667,14:59:58:04.02,-96.644081,302.152283,133.245071,-96.641243,309.031189,133.902481,-96.135506,304.353088,136.420135,,,
1971,16.425000,14:59:58:04.03,-96.644135,302.152649,133.245544,-96.641464,309.031097,133.902496,-96.136024,304.352509,136.419159,,,
1972,16.433333,14:59:58:05.00,-96.643623,302.152679,133.245056,-96.641403,309.031464,133.902100,-96.135811,304.353394,136.418945,,,
1973,16.441667,14:59:58:05.01,-96.643677,302.153381,133.246750,-96.639915,309.030640,133.902557,-96.119202,304.353607,136.418900,,,
1974,16.450000,14:59:58:05.02,-96.646469,302.152802,133.247162,-96.640724,309.031403,133.902283,-96.135880,304.354919,136.419174,,,
1975,16.458333,14:59:58:05.03,-96.647263,302.153473,133.246384,-96.641281,309.031311,133.902374,-96.136673,304.353180,136.419342,,,
1976,16.466667,14:59:58:06.00,-96.647049,302.152893,133.246170,-96.643616,309.031738,133.902161,-96.136734,304.352905,136.418884,,,
1977,16.475000,14:59:58:06.01,-96.646080,302.152649,133.246185,-96.641815,309.031464,133.901825,-96.118942,304.352875,136.418579,,,
1978,16.483333,14:59:58:06.02,-96.646484,302.153076,133.246750,-96.640846,309.031921,133.902222,-96.132988,304.354431,136.418213,,,
1979,16.491667,14:59:58:06.03,-96.645020,302.153046,133.247177,-96.640129,309.031525,133.901733,-96.135735,304.353394,136.418335,,,
1980,16.500000,14:59:58:07.00,-96.646126,302.152527,133.246307,-96.640869,309.031158,133.902206,-96.136452,304.354279,136.419815,,,
1981,16.508333,14:59:58:07.01,-96.645020,302.153259,133.245880,-96.641708,309.030762,133.901184,-96.119301,304.353821,136.419434,,,
1982,16.516667,14:59:58:07.02,-96.645912,302.153107,133.245270,-96.643051,309.031311,133.902130,-96.117966,304.354797,136.419189,,,
1983,16.525000,14:59:58:07.03,-96.644836,302.153351,133.245773,-96.642723,309.031677,133.903091,-96.134964,304.355499,136.418564,,,
1984,16.533333,14:59:58:08.00,-96.644608,302.152954,133.247162,-96.641182,309.031067,133.902054,-96.136566,304.353882,136.418747,,,
1985,16.541667,14:59:58:08.01,-96.643600,302.154083,133.246979,-96.641632,309.031006,133.902191,-96.135292,304.352112,136.419220,,,
1986,16.550000,14:59:58:08.02,-96.647491,302.152710,133.245239,-96.640991,309.031219,133.901367,-96.136505,304.354156,136.419907,,,
1987,16.558333,14:59:58:08.03,-96.649124,302.153168,133.245560,-96.641907,309.031128,133.901642,-96.136368,304.354004,136.420044,,,
1988,16.566667,14:59:58:09.00,-96.647087,302.153137,133.246033,-96.643143,309.031982,133.902435,-96.135323,304.353149,136.419052,,,
1989,16.575000,14:59:58:09.01,-96.645096,302.153046,133.245926,-96.641373,309.030304,133.902054,-96.136650,304.353699,136.418213,,,
1990,16.583333,14:59:58:09.02,-96.645493,302.153198,133.245392,-96.642097,309.031799,133.902740,-96.119400,304.352539,136.418198,,,
1991,16.591667,14:59:58:09.03,-96.646484,302.152924,133.245956,-96.641472,309.030426,133.902374,-96.133911,304.353943,136.420120,,,
1992,16.600000,14:59:58:10.00,-96.646103,302.152069,133.246384,-96.641312,309.030853,133.901794,-96.118912,304.351807,136.418289,,,
1993,16.608333,14:59:58:10.01,-96.645782,302.153778,133.246414,-96.640602,309.031616,133.901367,-96.134857,304.355469,136.418930,,,
1994,16.616667,14:59:58:10.02,-96.646469,302.152527,133.246521,-96.640709,309.031342,133.902115,-96.136292,304.352905,136.418915,,,
1995,16.625000,14:59:58:10.03,-96.644554,302.151886,133.245682,-96.641006,309.031250,133.901733,-96.118774,304.353210,136.418579,,,
1996,16.633333,14:59:58:11.00,-96.645927,302.152863,133.245514,-96.640945,309.031525,133.901672,-96.134384,304.354950,136.418945,,,
1997,16.641667,14:59:58:11.01,-96.645699,302.153717,133.246490,-96.641663,309.032257,133.902893,-96.134964,304.353180,136.418259,,,
1998,16.650000,14:59:58:11.02,-96.645493,302.154388,133.245667,-96.642311,309.030762,133.902267,-96.136093,304.354248,136.419083,,,
1999,16.658333,14:59:58:11.03,-96.645172,302.153717,133.245392,-96.642288,309.031403,133.903015,-96.135178,304.353271,136.418030,,,
2000,16.666667,14:59:58:12.00,-96.645149,302.154175,133.245834,-96.641953,309.030731,133.903030,-96.136131,304.353882,136.418976,,,
2001,16.675000,14:59:58:12.01,-96.642899,302.153351,133.246475,-96.641090,309.031464,133.902924,-96.119499,304.353027,136.418396,,,
2002,16.683333,14:59:58:12.02,-96.645531,302.153259,133.246201,-96.642166,309.031647,133.902222,-96.135338,304.355072,136.418396,,,
2003,16.691667,14:59:58:12.03,-96.644806,302.153290,133.246490,-96.641937,309.030853,133.902054,-96.135841,304.353149,136.419083,,,
2004,16.700000,14:59:58:13.00,-96.645012,302.154175,133.246414,-96.641571,309.031311,133.901794,-96.137192,304.354034,136.419357,,,
2005,16.708333,14:59:58:13.01,-96.644905,302.152985,133.246964,-96.641724,309.031769,133.901749,-96.135849,304.354065,136.418747,,,
2006,16.716667,14:59:58:13.02,-96.643898,302.153107,133.245850,-96.640923,309.032196,133.901184,-96.136177,304.355011,136.418701,,,
2007,16.725000,14:59:58:13.03,-96.646339,302.153137,133.245972,-96.640633,309.031189,133.902390,-96.136314,304.354980,136.419434,,,
2008,16.733333,14:59:58:14.00,-96.644188,302.154022,133.245270,-96.639290,309.031738,133.900909,-96.135643,304.354370,136.419220,,,
2009,16.741667,14:59:58:14.01,-96.644531,302.153564,133.246048,-96.639427,309.031860,133.901779,-96.134895,304.354340,136.418228,,,
2010,16.750000,14:59:58:14.02,-96.643791,302.153503,133.245056,-96.640541,309.031647,133.901230,-96.135826,304.354279,136.419128,,,
2011,16.758333,14:59:58:14.03,-96.642822,302.153381,133.245728,-96.640450,309.031982,133.902130,-96.136642,304.354797,136.419815,,,
2012,16.766667,14:59:58:15.00,-96.644684,302.153717,133.245712,-96.640617,309.031738,133.902740,-96.135071,304.354248,136.418076,,,
2013,16.775000,14:59:58:15.01,-96.643127,302.153473,133.246246,-96.641800,309.031799,133.902435,-96.135452,304.354279,136.418701,,,
2014,16.783333,14:59:58:15.02,-96.643570,302.152710,133.246658,-96.640678,309.031769,133.901871,-96.134018,304.353302,136.418137,,,
2015,16.791667,14:59:58:15.03,-96.642937,302.153168,133.246536,-96.640778,309.031403,133.901520,-96.135696,304.354736,136.417694,,,
2016,16.800000,14:59:58:16.00,-96.641495,302.153656,133.244720,-96.641518,309.032501,133.902039,-96.134140,304.353760,136.418686,,,
2017,16.808333,14:59:58:16.01,-96.642769,302.153839,133.245712,-96.639786,309.031860,133.900757,-96.135017,304.353394,136.418198,,,
2018,16.816667,14:59:58:16.02,-96.644066,302.154755,133.245987,-96.640060,309.030945,133.901703,-96.135475,304.354156,136.420532,,,
2019,16.825000,14:59:58:16.03,-96.641678,302.152893,133.244720,-96.641098,309.032837,133.902405,-96.117683,304.352264,136.418259,,,
2020,16.833333,14:59:58:17.00,-96.642563,302.152527,133.245224,-96.641373,309.031708,133.901779,-96.117325,304.355316,136.418961,,,
2021,16.841667,14:59:58:17.01,-96.645348,302.153107,133.246353,-96.640648,309.031647,133.901337,-96.132980,304.355133,136.418900,,,
2022,16.850000,14:59:58:17.02,-96.642876,302.153931,133.245529,-96.640656,309.032532,133.902924,-96.135201,304.353271,136.419144,,,
2023,16.858333,14:59:58:17.03,-96.644440,302.154907,133.246201,-96.639198,309.032593,133.901794,-96.120209,304.354156,136.418427,,,
2024,16.866667,14:59:58:18.00,-96.644760,302.153992,133.246124,-96.641632,309.032501,133.902115,-96.134293,304.355133,136.419464,,,
2025,16.875000,14:59:58:18.01,-96.643524,302.154022,133.245697,-96.640152,309.031006,133.903061,-96.135101,304.353729,136.419495,,,
2026,16.883333,14:59:58:18.02,-96.644897,302.154449,133.245453,-96.640739,309.032104,133.900894,-96.135490,304.354370,136.419052,,,
2027,16.891667,14:59:58:18.03,-96.642815,302.153137,133.245224,-96.640106,309.032135,133.902512,-96.118401,304.353516,136.417816,,,
2028,16.900000,14:59:58:19.00,-96.643990,302.153839,133.244858,-96.639091,309.032501,133.902390,-96.132874,304.355713,136.419388,,,
2029,16.908333,14:59:58:19.01,-96.643059,302.153503,133.245667,-96.638977,309.032318,133.901703,-96.135841,304.353729,136.420303,,,
2030,16.916667,14:59:58:19.02,-96.641693,302.154114,133.245773,-96.639397,309.033020,133.902222,-96.136147,304.354004,136.417877,,,
2031,16.925000,14:59:58:19.03,-96.639709,302.154388,133.245956,-96.640060,309.032043,133.901138,-96.134705,304.353607,136.419006,,,
2032,16.933333,14:59:58:20.00,-96.640503,302.153625,133.246307,-96.638496,309.031952,133.900833,-96.135597,304.353546,136.418945,,,
2033,16.941667,14:59:58:20.01,-96.642540,302.153717,133.245605,-96.638969,309.032471,133.901840,-96.136162,304.354675,136.418823,,,
2034,16.950000,14:59:58:20.02,-96.640099,302.153687,133.246246,-96.639320,309.032684,133.901337,-96.116676,304.353699,136.417206,,,
2035,16.958333,14:59:58:20.03,-96.639999,302.153198,133.245422,-96.639046,309.032684,133.902588,-96.134796,304.355469,136.419342,,,
2036,16.966667,14:59:58:21.00,-96.638260,302.154449,133.245941,-96.638596,309.032074,133.902390,-96.134941,304.352753,136.418091,,,
2037,16.975000,14:59:58:21.01,-96.643532,302.153442,133.245941,-96.639427,309.031891,133.900757,-96.117462,304.354706,136.417618,,,
2038,16.983333,14:59:58:21.02,-96.642494,302.153381,133.245300,-96.639832,309.030823,133.901337,-96.134911,304.355988,136.417572,,,
2039,16.991667,14:59:58:21.03,-96.640465,302.153168,133.245667,-96.640381,309.033142,133.901855,-96.118752,304.353271,136.418472,,,
2040,17.000000,14:59:58:22.00,-96.640114,302.152527,133.244308,-96.640480,309.031586,133.901352,-96.136818,304.355743,136.418991,,,
2041,17.008333,14:59:58:22.01,-96.643654,302.153564,133.245667,-96.639671,309.031769,133.901352,-96.135971,304.354492,136.419724,,,
2042,17.016667,14:59:58:22.02,-96.640083,302.154175,133.245361,-96.639885,309.032318,133.901794,-96.135208,304.353760,136.417816,,,
2043,17.025000,14:59:58:22.03,-96.643082,302.154053,133.246170,-96.639862,309.031708,133.901138,-96.134560,304.355377,136.418655,,,
2044,17.033333,14:59:58:23.00,-96.643394,302.153229,133.246460,-96.639076,309.030762,133.900635,-96.134995,304.355011,136.419464,,,
2045,17.041667,14:59:58:23.01,-96.642754,302.153656,133.245605,-96.641045,309.032745,133.901901,-96.134148,304.353882,136.419754,,,
2046,17.050000,14:59:58:23.02,-96.641243,302.153412,133.244629,-96.639854,309.031311,133.902008,-96.134491,304.354248,136.419189,,,
2047,17.058333,14:59:58:23.03,-96.639977,302.155029,133.245728,-96.638565,309.032043,133.900726,-96.135536,304.355225,136.418747,,,
2048,17.066667,14:59:58:24.00,-96.642227,302.154022,133.245819,-96.639900,309.031860,133.901398,-96.134056,304.354126,136.418640,,,
2049,17.075000,14:59:58:24.01,-96.644531,302.154388,133.246964,-96.639404,309.032227,133.901840,-96.135666,304.355560,136.418793,,,
2050,17.083333,14:59:58:24.02,-96.644203,302.153748,133.246582,-96.639610,309.031097,133.901825,-96.135551,304.354492,136.418335,,,
2051,17.091667,14:59:58:24.03,-96.646515,302.153778,133.245499,-96.641212,309.032928,133.901901,-96.118126,304.353058,136.417969,,,
2052,17.100000,14:59:58:25.00,-96.643433,302.153473,133.245499,-96.640381,309.031982,133.902390,-96.134399,304.356018,136.418152,,,
2053,17.108333,14:59:58:25.01,-96.642525,302.153259,133.245590,-96.640297,309.031738,133.902328,-96.134964,304.353821,136.418747,,,
2054,17.116667,14:59:58:25.02,-96.642838,302.153564,133.246155,-96.639076,309.032135,133.900986,-96.117882,304.353241,136.417786,,,
2055,17.125000,14:59:58:25.03,-96.642471,302.153656,133.245102,-96.639435,309.031128,133.901749,-96.134262,304.355042,136.419235,,,
2056,17.133333,14:59:58:26.00,-96.643494,302.154388,133.245453,-96.640625,309.031982,133.901245,-96.135658,304.354492,136.419556,,,
2057,17.141667,14:59:58:26.01,-96.642845,302.153076,133.246414,-96.639992,309.031738,133.900848,-96.118393,304.352966,136.418091,,,
2058,17.150000,14:59:58:26.02,-96.641884,302.152771,133.244949,-96.640297,309.031891,133.901062,-96.133774,304.354523,136.418457,,,
2059,17.158333,14:59:58:26.03,-96.642151,302.154083,133.245316,-96.640160,309.033203,133.902130,-96.134972,304.354370,136.419312,,,
2060,17.166667,14:59:58:27.00,-96.643478,302.154266,133.245941,-96.640076,309.031799,133.902206,-96.135345,304.354401,136.418671,,,
2061,17.175000,14:59:58:27.01,-96.645111,302.155243,133.247879,-96.638741,309.033020,133.902603,-96.135422,304.353821,136.419067,,,
2062,17.183333,14:59:58:27.02,-96.645119,302.153992,133.245605,-96.639862,309.031677,133.901077,-96.135536,304.353271,136.419067,,,
2063,17.191667,14:59:58:27.03,-96.644501,302.153259,133.245880,-96.640762,309.031738,133.901764,-96.134956,304.353821,136.419006,,,
2064,17.200000,14:59:58:28.00,-96.645554,302.153503,133.246613,-96.639961,309.032715,133.902878,-96.134857,304.353912,136.419556,,,
2065,17.208333,14:59:58:28.01,-96.644638,302.153900,133.246185,-96.640114,309.031708,133.902390,-96.135422,304.353912,136.419205,,,
2066,17.216667,14:59:58:28.02,-96.644417,302.152924,133.245636,-96.641068,309.031952,133.901993,-96.133743,304.353394,136.418945,,,
2067,17.225000,14:59:58:28.03,-96.643898,302.155151,133.246521,-96.642540,309.031830,133.902893,-96.133881,304.353180,136.419540,,,
2068,17.233333,14:59:58:29.00,-96.642471,302.153625,133.244507,-96.641594,309.031525,133.902924,-96.135620,304.354370,136.419662,,,
2069,17.241667,14:59:58:29.01,-96.644005,302.154510,133.246246,-96.641747,309.031738,133.902664,-96.136871,304.354370,136.419754,,,
2070,17.250000,14:59:58:29.02,-96.642654,302.154694,133.246429,-96.641037,309.031799,133.901993,-96.135712,304.353058,136.419418,,,
2071,17.258333,14:59:58:29.03,-96.643433,302.154266,133.246048,-96.641197,309.031799,133.902435,-96.135277,304.354370,136.419495,,,
2072,17.266667,14:59:59:00.00,-96.647209,302.154541,133.246033,-96.641434,309.031982,133.903091,-96.118011,304.352631,136.418686,,,
2073,17.275000,14:59:59:00.01,-96.645996,302.154724,133.247726,-96.641632,309.032379,133.902405,-96.134308,304.354736,136.419815,,,
2074,17.283333,14:59:59:00.02,-96.644356,302.153717,133.245392,-96.640541,309.032318,133.902954,-96.135674,304.355011,136.418610,,,
2075,17.291667,14:59:59:00.03,-96.640732,302.153168,133.245773,-96.640701,309.032074,133.901947,-96.135727,304.354584,136.419159,,,
2076,17.300000,14:59:59:01.00,-96.644501,302.153717,133.246094,-96.640724,309.032135,133.901672,-96.135483,304.354034,136.418198,,,
2077,17.308333,14:59:59:01.01,-96.643135,302.153473,133.245560,-96.640213,309.031250,133.902817,-96.118073,304.352814,136.418777,,,
2078,17.316667,14:59:59:01.02,-96.643646,302.154144,133.246918,-96.640556,309.032104,133.902649,-96.134872,304.355011,136.419861,,,
2079,17.325000,14:59:59:01.03,-96.643959,302.154205,133.246613,-96.641678,309.031952,133.901672,-96.136894,304.354919,136.419601,,,
2080,17.333333,14:59:59:02.00,-96.644341,302.154053,133.246857,-96.641411,309.031128,133.901581,-96.136383,304.353790,136.419052,,,
2081,17.341667,14:59:59:02.01,-96.647293,302.154297,133.246887,-96.639664,309.031830,133.902176,-96.135742,304.354279,136.419479,,,
2082,17.350000,14:59:59:02.02,-96.646408,302.152985,133.245392,-96.649139,309.037476,133.901306,-96.135590,304.353088,136.418121,,,
2083,17.358333,14:59:59:02.03,-96.644226,302.153625,133.246246,-96.642479,309.031128,133.902664,-96.117828,304.353149,136.419449,,,
2084,17.366667,14:59:59:03.00,-96.642212,302.153534,133.245712,-96.640984,309.032562,133.903290,-96.135742,304.354736,136.419220,,,
2085,17.375000,14:59:59:03.01,-96.643761,302.153412,133.246033,-96.638313,309.032715,133.901352,-96.135376,304.352478,136.418671,,,
2086,17.383333,14:59:59:03.02,-96.644096,302.153290,133.246857,-96.639618,309.032196,133.902390,-96.135223,304.353699,136.419220,,,
2087,17.391667,14:59:59:03.03,-96.644417,302.153687,133.246613,-96.640800,309.030975,133.902176,-96.135071,304.353302,136.419327,,,
2088,17.400000,14:59:59:04.00,-96.642014,302.152527,133.246414,-96.640358,309.031281,133.902283,-96.135727,304.353088,136.420181,,,
2089,17.408333,14:59:59:04.01,-96.641609,302.153229,133.245361,-96.640923,309.031738,133.902557,-96.119133,304.352783,136.417908,,,
2090,17.416667,14:59:59:04.02,-96.644775,302.152679,133.245865,-96.640732,309.030731,133.901245,-96.117363,304.352631,136.419235,,,
2091,17.425000,14:59:59:04.03,-96.642960,302.153290,133.246445,-96.640015,309.031372,133.903091,-96.134361,304.355316,136.418961,,,
2092,17.433333,14:59:59:05.00,-96.645042,302.154907,133.246475,-96.641975,309.031921,133.902466,-96.119270,304.353149,136.418823,,,
2093,17.441667,14:59:59:05.01,-96.644493,302.153290,133.246887,-96.639519,309.031738,133.902740,-96.133934,304.355103,136.419769,,,
2094,17.450000,14:59:59:05.02,-96.644608,302.154114,133.247070,-96.640503,309.031830,133.902283,-96.133736,304.353394,136.418289,,,
2095,17.458333,14:59:59:05.03,-96.645248,302.154022,133.246368,-96.640182,309.030823,133.900803,-96.135139,304.354034,136.419601,,,
2096,17.466667,14:59:59:06.00,-96.644768,302.152679,133.245773,-96.640930,309.031189,133.901855,-96.136696,304.354492,136.419342,,,
2097,17.475000,14:59:59:06.01,-96.643021,302.152802,133.246552,-96.641930,309.031067,133.902405,-96.136086,304.352844,136.419067,,,
2098,17.483333,14:59:59:06.02,-96.642166,302.154266,133.244949,-96.642349,309.031525,133.902924,-96.134888,304.352081,136.419540,,,
2099,17.491667,14:59:59:06.03,-96.641853,302.153168,133.246262,-96.640091,309.030914,133.902695,-96.119537,304.352966,136.418762,,,
2100,17.500000,14:59:59:07.00,-96.644051,302.153442,133.246750,-96.641022,309.031311,133.902496,-96.135376,304.355591,136.419113,,,
2101,17.508333,14:59:59:07.01,-96.643829,302.153168,133.245895,-96.641830,309.030426,133.901550,-96.135574,304.353973,136.419205,,,
2102,17.516667,14:59:59:07.02,-96.643097,302.153076,133.245926,-96.641785,309.031067,133.902161,-96.135918,304.352661,136.418640,,,
2103,17.525000,14:59:59:07.03,-96.642769,302.154266,133.246796,-96.641312,309.032532,133.901459,-96.118378,304.353088,136.418869,,,
2104,17.533333,14:59:59:08.00,-96.642197,302.153717,133.246170,-96.640633,309.032104,133.903549,-96.133842,304.354950,136.418335,,,
2105,17.541667,14:59:59:08.01,-96.644203,302.153229,133.247284,-96.639786,309.030823,133.901871,-96.135773,304.353821,136.418015,,,
2106,17.550000,14:59:59:08.02,-96.646072,302.153076,133.247177,-96.640701,309.030731,133.903000,-96.135513,304.354279,136.418594,,,
2107,17.558333,14:59:59:08.03,-96.644531,302.153137,133.246246,-96.641052,309.031952,133.902283,-96.134308,304.354279,136.418976,,,
2108,17.566667,14:59:59:09.00,-96.643471,302.153168,133.245178,-96.639999,309.031067,133.900314,-96.136894,304.354614,136.418213,,,
2109,17.575000,14:59:59:09.01,-96.642479,302.154114,133.246246,-96.641029,309.032166,133.902267,-96.119148,304.351868,136.418839,,,
2110,17.583333,14:59:59:09.02,-96.643044,302.153870,133.246429,-96.642273,309.030518,133.902710,-96.117912,304.353607,136.417969,,,
2111,17.591667,14:59:59:09.03,-96.644653,302.153839,133.246552,-96.640297,309.030182,133.901077,-96.134483,304.355042,136.419708,,,
2112,17.600000,14:59:59:10.00,-96.645187,302.153015,133.245026,-96.640862,309.030762,133.900650,-96.135353,304.353943,136.418839,,,
2113,17.608333,14:59:59:10.01,-96.641090,302.153748,133.245438,-96.641739,309.031982,133.901749,-96.135246,304.353607,136.419586,,,
2114,17.616667,14:59:59:10.02,-96.642677,302.153717,133.246155,-96.641273,309.031982,133.901489,-96.135635,304.353577,136.417892,,,
2115,17.625000,14:59:59:10.03,-96.644814,302.153351,133.245773,-96.639893,309.031097,133.901596,-96.135155,304.353149,136.418396,,,
2116,17.633333,14:59:59:11.00,-96.644371,302.153168,133.246384,-96.641289,309.032013,133.902649,-96.136963,304.353455,136.419388,,,
2117,17.641667,14:59:59:11.01,-96.644539,302.153259,133.244781,-96.639320,309.031250,133.902115,-96.134682,304.352753,136.418976,,,
2118,17.650000,14:59:59:11.02,-96.641281,302.153656,133.245697,-96.639221,309.030884,133.901031,-96.134369,304.355225,136.419708,,,
2119,17.658333,14:59:59:11.03,-96.642281,302.152802,133.245270,-96.639954,309.031860,133.901245,-96.117966,304.353149,136.418503,,,
2120,17.666667,14:59:59:12.00,-96.644524,302.153076,133.246460,-96.639938,309.030945,133.900864,-96.134033,304.354828,136.419464,,,
2121,17.675000,14:59:59:12.01,-96.644058,302.152863,133.245026,-96.640724,309.031525,133.902573,-96.135406,304.352936,136.419373,,,
2122,17.683333,14:59:59:12.02,-96.644333,302.154388,133.246246,-96.642090,309.030975,133.902847,-96.135590,304.353485,136.418839,,,
2123,17.691667,14:59:59:12.03,-96.643257,302.153992,133.247360,-96.640800,309.031952,133.900970,-96.135941,304.354584,136.419800,,,
2124,17.700000,14:59:59:13.00,-96.643707,302.153076,133.246094,-96.640625,309.030945,133.900848,-96.135925,304.353790,136.419373,,,
2125,17.708333,14:59:59:13.01,-96.646011,302.153473,133.245712,-96.641991,309.032227,133.900864,-96.135223,304.353271,136.418121,,,
2126,17.716667,14:59:59:13.02,-96.643036,302.152740,133.245972,-96.642395,309.031403,133.902100,-96.134766,304.354095,136.418533,,,
2127,17.725000,14:59:59:13.03,-96.643814,302.153381,133.245560,-96.641319,309.031464,133.901596,-96.135376,304.354187,136.419281,,,
2128,17.733333,14:59:59:14.00,-96.642838,302.153229,133.245026,-96.641006,309.031403,133.902420,-96.136208,304.352966,136.420197,,,
2129,17.741667,14:59:59:14.01,-96.642639,302.153809,133.245087,-96.639389,309.030640,133.900589,-96.135445,304.352844,136.419022,,,
2130,17.750000,14:59:59:14.02,-96.644615,302.154205,133.246948,-96.639626,309.030853,133.901428,-96.134308,304.353088,136.418976,,,
2131,17.758333,14:59:59:14.03,-96.642738,302.153625,133.245270,-96.642082,309.031464,133.901855,-96.136093,304.354431,136.418686,,,
2132,17.766667,14:59:59:15.00,-96.641998,302.154053,133.246857,-96.641228,309.032227,133.902267,-96.118073,304.352173,136.417419,,,
2133,17.775000,14:59:59:15.01,-96.643181,302.154083,133.247208,-96.640533,309.031769,133.902557,-96.133911,304.354675,136.419861,,,
2134,17.783333,14:59:59:15.02,-96.644928,302.153076,133.246521,-96.640282,309.031799,133.902283,-96.135803,304.352997,136.418640,,,
2135,17.791667,14:59:59:15.03,-96.644798,302.153137,133.245712,-96.640106,309.031647,133.901947,-96.135727,304.354279,136.419830,,,
2136,17.800000,14:59:59:16.00,-96.643463,302.153137,133.244507,-96.640991,309.031799,133.901550,-96.135117,304.355316,136.419998,,,
2137,17.808333,14:59:59:16.01,-96.643921,302.153900,133.247070,-96.640816,309.031708,133.902023,-96.118286,304.352631,136.418640,,,
2138,17.816667,14:59:59:16.02,-96.642891,302.154236,133.246201,-96.640762,309.030762,133.902054,-96.134491,304.354614,136.418961,,,
2139,17.825000,14:59:59:16.03,-96.644608,302.153503,133.247101,-96.640846,309.031311,133.901093,-96.135727,304.353180,136.418228,,,
2140,17.833333,14:59:59:17.00,-96.643784,302.153381,133.246155,-96.638710,309.030487,133.901291,-96.134514,304.352081,136.418671,,,
2141,17.841667,14:59:59:17.01,-96.643768,302.153229,133.245911,-96.639069,309.030762,133.900787,-96.136314,304.352844,136.418259,,,
2142,17.850000,14:59:59:17.02,-96.642212,302.153412,133.245956,-96.639725,309.031433,133.901123,-96.135513,304.354034,136.418671,,,
2143,17.858333,14:59:59:17.03,-96.642265,302.152924,133.244934,-96.639648,309.030823,133.901245,-96.135056,304.354340,136.419312,,,
2144,17.866667,14:59:59:18.00,-96.643295,302.154297,133.246216,-96.640648,309.032227,133.900955,-96.117676,304.351776,136.417740,,,
2145,17.875000,14:59:59:18.01,-96.643440,302.153503,133.245682,-96.641228,309.032166,133.902405,-96.116707,304.353699,136.418991,,,
2146,17.883333,14:59:59:18.02,-96.643188,302.153687,133.245316,-96.640923,309.031464,133.901489,-96.134651,304.354706,136.419006,,,
2147,17.891667,14:59:59:18.03,-96.642921,302.152557,133.244797,-96.640518,309.031311,133.900879,-96.135155,304.353760,136.418320,,,
2148,17.900000,14:59:59:19.00,-96.644844,302.153656,133.246109,-96.640656,309.030640,133.902237,-96.134880,304.353119,136.417572,,,
2149,17.908333,14:59:59:19.01,-96.641525,302.152985,133.245590,-96.640167,309.031342,133.902222,-96.135918,304.354462,136.419434,,,
2150,17.916667,14:59:59:19.02,-96.642502,302.152405,133.245819,-96.640778,309.031555,133.901093,-96.135178,304.353882,136.418945,,,
2151,17.925000,14:59:59:19.03,-96.643425,302.152924,133.246078,-96.641663,309.031158,133.901535,-96.135086,304.353943,136.419174,,,
2152,17.933333,14:59:59:20.00,-96.644562,302.153992,133.246964,-96.642349,309.031616,133.901672,-96.136322,304.353699,136.416489,,,
2153,17.941667,14:59:59:20.01,-96.645424,302.152252,133.244904,-96.642059,309.031830,133.901642,-96.136101,304.353394,136.419418,,,
2154,17.950000,14:59:59:20.02,-96.644302,302.152740,133.245407,-96.640297,309.031097,133.902802,-96.119186,304.353577,136.418808,,,
2155,17.958333,14:59:59:20.03,-96.643745,302.153168,133.245499,-96.640762,309.032501,133.902893,-96.116646,304.354584,136.418610,,,
2156,17.966667,14:59:59:21.00,-96.643852,302.154266,133.246689,-96.640892,309.031158,133.902084,-96.134132,304.354919,136.418442,,,
2157,17.975000,14:59:59:21.01,-96.644508,302.152740,133.245483,-96.640274,309.032074,133.901825,-96.118896,304.352814,136.418457,,,
2158,17.983333,14:59:59:21.02,-96.645454,302.152466,133.245773,-96.639809,309.031921,133.901993,-96.133911,304.355316,136.418777,,,
2159,17.991667,14:59:59:21.03,-96.644455,302.152527,133.245438,-96.640900,309.031738,133.901794,-96.118927,304.353424,136.418442,,,
2160,18.000000,14:59:59:22.00,-96.644386,302.152557,133.245010,-96.642197,309.032379,133.902435,-96.135071,304.355164,136.419342,,,
2161,18.008333,14:59:59:22.01,-96.644424,302.153412,133.247086,-96.641144,309.030762,133.901596,-96.117607,304.352356,136.418839,,,
2162,18.016667,14:59:59:22.02,-96.642830,302.153168,133.246582,-96.640274,309.030304,133.900757,-96.133713,304.355072,136.420319,,,
2163,18.025000,14:59:59:22.03,-96.642700,302.152740,133.245331,-96.641312,309.032013,133.901108,-96.118050,304.352478,136.417908,,,
2164,18.033333,14:59:59:23.00,-96.643478,302.152863,133.245926,-96.640411,309.031952,133.901840,-96.117188,304.354462,136.419083,,,
2165,18.041667,14:59:59:23.01,-96.642204,302.153320,133.246201,-96.641685,309.031677,133.902130,-96.134346,304.354767,136.419205,,,
2166,18.050000,14:59:59:23.02,-96.643768,302.152588,133.246918,-96.641914,309.031403,133.901566,-96.135780,304.353943,136.418610,,,
2167,18.058333,14:59:59:23.03,-96.644684,302.153931,133.246063,-96.641273,309.031830,133.901688,-96.135773,304.353973,136.419891,,,
2168,18.066667,14:59:59:24.00,-96.646622,302.152618,133.246750,-96.641006,309.031982,133.902573,-96.135056,304.353180,136.418381,,,
2169,18.075000,14:59:59:24.01,-96.646240,302.152832,133.245636,-96.639557,309.031494,133.902039,-96.135651,304.353790,136.419312,,,
2170,18.083333,14:59:59:24.02,-96.646584,302.153198,133.245682,-96.641479,309.032837,133.903259,-96.135544,304.355255,136.418991,,,
2171,18.091667,14:59:59:24.03,-96.645309,302.152130,133.245300,-96.641190,309.031769,133.901794,-96.134972,304.355469,136.419220,,,
2172,18.100000,14:59:59:25.00,-96.645325,302.151642,133.245483,-96.642044,309.030914,133.901749,-96.133553,304.353119,136.419052,,,
2173,18.108333,14:59:59:25.01,-96.646210,302.153290,133.246643,-96.641769,309.031830,133.901611,-96.135338,304.353302,136.418121,,,
2174,18.116667,14:59:59:25.02,-96.644592,302.153076,133.245438,-96.640884,309.031799,133.902908,-96.117470,304.353302,136.418182,,,
2175,18.125000,14:59:59:25.03,-96.646263,302.153870,133.245819,-96.640526,309.031738,133.901291,-96.133820,304.354889,136.418472,,,
2176,18.133333,14:59:59:26.00,-96.645103,302.153290,133.245911,-96.641235,309.031616,133.901733,-96.119141,304.352539,136.418411,,,
2177,18.141667,14:59:59:26.01,-96.644882,302.152222,133.245087,-96.640457,309.030090,133.902466,-96.134293,304.354553,136.419571,,,
2178,18.150000,14:59:59:26.02,-96.642891,302.152832,133.245758,-96.640244,309.031464,133.902618,-96.117783,304.354370,136.417969,,,
2179,18.158333,14:59:59:26.03,-96.644539,302.153839,133.246277,-96.640465,309.031403,133.901703,-96.117363,304.354767,136.418823,,,
2180,18.166667,14:59:59:27.00,-96.647537,302.153320,133.246033,-96.640892,309.032715,133.902405,-96.118263,304.354340,136.418533,,,
2181,18.175000,14:59:59:27.01,-96.645264,302.153564,133.245514,-96.640678,309.031799,133.902206,-96.133682,304.354828,136.419174,,,
2182,18.183333,14:59:59:27.02,-96.644157,302.153870,133.244705,-96.640213,309.031952,133.902206,-96.136513,304.353394,136.419052,,,
2183,18.191667,14:59:59:27.03,-96.644920,302.152863,133.246033,-96.640457,309.030670,133.901917,-96.136986,304.354370,136.419220,,,
2184,18.200000,14:59:59:28.00,-96.644547,302.152649,133.245712,-96.641228,309.030975,133.902145,-96.135918,304.353912,136.418701,,,
2185,18.208333,14:59:59:28.01,-96.645721,302.152954,133.246429,-96.641678,309.031738,133.901917,-96.136017,304.354248,136.419479,,,
2186,18.216667,14:59:59:28.02,-96.645241,302.153290,133.246536,-96.642456,309.032043,133.901627,-96.135689,304.353943,136.418854,,,
2187,18.225000,14:59:59:28.03,-96.646278,302.153076,133.246277,-96.642181,309.032593,133.903000,-96.119545,304.353668,136.416733,,,
2188,18.233333,14:59:59:29.00,-96.645264,302.152344,133.246643,-96.641579,309.030853,133.902161,-96.135155,304.354553,136.418610,,,
2189,18.241667,14:59:59:29.01,-96.645477,302.153870,133.246582,-96.641579,309.031677,133.903076,-96.118996,304.353119,136.418274,,,
2190,18.250000,14:59:59:29.02,-96.643677,302.153625,133.246262,-96.641716,309.031494,133.902176,-96.133377,304.354187,136.418457,,,
2191,18.258333,14:59:59:29.03,-96.645088,302.153259,133.246002,-96.640617,309.031708,133.901352,-96.119080,304.352722,136.418137,,,
2192,18.266667,15:00:00:00.00,-96.645554,302.153870,133.246094,-96.643600,309.032440,133.902756,-96.134506,304.354218,136.418839,,,
2193,18.275000,15:00:00:00.01,-96.643555,302.153717,133.246414,-96.642166,309.032532,133.901459,-96.135483,304.354828,136.419281,,,
2194,18.283333,15:00:00:00.02,-96.645798,302.153351,133.246887,-96.640984,309.031281,133.901855,-96.136345,304.354034,136.418457,,,
2195,18.291667,15:00:00:00.03,-96.646919,302.153656,133.246307,-96.641693,309.031403,133.902817,-96.119102,304.351990,136.417313,,,
2196,18.300000,15:00:00:01.00,-96.644684,302.153259,133.246552,-96.640877,309.031403,133.902069,-96.117142,304.352020,136.417969,,,
2197,18.308333,15:00:00:01.01,-96.643532,302.153625,133.244644,-96.640434,309.032440,133.901871,-96.134575,304.353546,136.418823,,,
2198,18.316667,15:00:00:01.02,-96.643227,302.152954,133.245255,-96.641632,309.030975,133.903397,-96.135315,304.352905,136.418289,,,
2199,18.325000,15:00:00:01.03,-96.644630,302.153534,133.246765,-96.642006,309.032318,133.902771,-96.137192,304.353607,136.419281,,,
2200,18.333333,15:00:00:02.00,-96.645279,302.152985,133.246078,-96.639946,309.030914,133.900711,-96.118179,304.354065,136.417068,,,
2201,18.341667,15:00:00:02.01,-96.644333,302.153839,133.246033,-96.641930,309.031830,133.902115,-96.134636,304.354492,136.419785,,,
2202,18.350000,15:00:00:02.02,-96.644745,302.152649,133.246216,-96.641617,309.031281,133.901871,-96.119415,304.351532,136.418121,,,
2203,18.358333,15:00:00:02.03,-96.644775,302.152985,133.245834,-96.641304,309.030518,133.901108,-96.135841,304.354095,136.418701,,,
2204,18.366667,15:00:00:03.00,-96.644547,302.152466,133.246323,-96.642128,309.031525,133.901688,-96.134346,304.351929,136.417358,,,
2205,18.375000,15:00:00:03.01,-96.645004,302.152863,133.245880,-96.641312,309.031433,133.901657,-96.135300,304.352264,136.419174,,,
2206,18.383333,15:00:00:03.02,-96.645790,302.152771,133.245758,-96.641960,309.032074,133.901138,-96.134827,304.352661,136.418732,,,
2207,18.391667,15:00:00:03.03,-96.643066,302.153595,133.245712,-96.641663,309.030731,133.902161,-96.137253,304.354370,136.419571,,,
2208,18.400000,15:00:00:04.00,-96.644043,302.153534,133.245850,-96.639999,309.031281,133.900711,-96.117531,304.352997,136.418442,,,
2209,18.408333,15:00:00:04.01,-96.643875,302.152710,133.246475,-96.641769,309.031067,133.901840,-96.117661,304.354309,136.419052,,,
2210,18.416667,15:00:00:04.02,-96.645248,302.152893,133.245697,-96.641106,309.031891,133.902313,-96.134285,304.355042,136.419464,,,
2211,18.425000,15:00:00:04.03,-96.646950,302.153473,133.245865,-96.640968,309.030762,133.901306,-96.137512,304.353180,136.419815,,,
2212,18.433333,15:00:00:05.00,-96.645935,302.152313,133.245087,-96.642990,309.031738,133.901611,-96.136749,304.353271,136.418015,,,
2213,18.441667,15:00:00:05.01,-96.644188,302.154205,133.246552,-96.650848,309.036102,133.901108,-96.118263,304.352509,136.418030,,,
2214,18.450000,15:00:00:05.02,-96.643898,302.154968,133.245758,-96.644051,309.031342,133.900635,-96.134850,304.354858,136.419632,,,
2215,18.458333,15:00:00:05.03,-96.645203,302.152588,133.246155,-96.640327,309.031738,133.901657,-96.136490,304.354034,136.418671,,,
2216,18.466667,15:00:00:06.00,-96.646126,302.152740,133.246262,-96.642097,309.031403,133.902634,-96.136337,304.353302,136.419434,,,
2217,18.475000,15:00:00:06.01,-96.644165,302.153290,133.245331,-96.641464,309.031219,133.901764,-96.135391,304.352661,136.419281,,,
2218,18.483333,15:00:00:06.02,-96.644653,302.153320,133.246033,-96.642509,309.031769,133.903183,-96.135971,304.351990,136.417801,,,
2219,18.491667,15:00:00:06.03,-96.645935,302.153748,133.246201,-96.641815,309.030334,133.901901,-96.136185,304.353271,136.419373,,,
2220,18.500000,15:00:00:07.00,-96.644096,302.153534,133.246841,-96.642403,309.031677,133.901672,-96.136269,304.353607,136.419891,,,
2221,18.508333,15:00:00:07.01,-96.644699,302.153717,133.245667,-96.641823,309.031860,133.902435,-96.137146,304.352936,136.419403,,,
2222,18.516667,15:00:00:07.02,-96.646004,302.152679,133.245193,-96.640663,309.030487,133.901596,-96.136787,304.353180,136.418823,,,
2223,18.525000,15:00:00:07.03,-96.643127,302.152405,133.245926,-96.640526,309.030762,133.901520,-96.134583,304.351898,136.419052,,,
2224,18.533333,15:00:00:08.00,-96.644547,302.152740,133.247620,-96.639999,309.031860,133.902802,-96.135696,304.353363,136.419907,,,
2225,18.541667,15:00:00:08.01,-96.645447,302.153076,133.246384,-96.641991,309.032837,133.903473,-96.135483,304.354034,136.418747,,,
2226,18.550000,15:00:00:08.02,-96.644997,302.152435,133.246964,-96.641724,309.030792,133.901901,-96.137711,304.354248,136.419998,,,
2227,18.558333,15:00:00:08.03,-96.644119,302.152069,133.246262,-96.642128,309.030670,133.902115,-96.119278,304.353851,136.418961,,,
2228,18.566667,15:00:00:09.00,-96.645103,302.152924,133.245499,-96.642128,309.031891,133.902985,-96.133850,304.355011,136.419495,,,
2229,18.575000,15:00:00:09.01,-96.646126,302.153442,133.246033,-96.642288,309.030426,133.902054,-96.135857,304.353058,136.419266,,,
2230,18.583333,15:00:00:09.02,-96.646477,302.153137,133.245621,-96.642235,309.031036,133.901459,-96.118042,304.351471,136.418503,,,
2231,18.591667,15:00:00:09.03,-96.644142,302.153198,133.245773,-96.642120,309.031616,133.902466,-96.135880,304.354279,136.418839,,,
2232,18.600000,15:00:00:10.00,-96.644058,302.152740,133.245361,-96.641869,309.031708,133.902176,-96.136024,304.353577,136.419022,,,
2233,18.608333,15:00:00:10.01,-96.646744,302.153717,133.247070,-96.641411,309.030304,133.902390,-96.118614,304.351929,136.418640,,,
2234,18.616667,15:00:00:10.02,-96.646347,302.152954,133.245270,-96.641380,309.030975,133.901062,-96.135773,304.354279,136.419479,,,
2235,18.625000,15:00:00:10.03,-96.649590,302.152740,133.247925,-96.640045,309.031372,133.901627,-96.118683,304.352814,136.418472,,,
2236,18.633333,15:00:00:11.00,-96.648827,302.151886,133.246704,-96.641396,309.031616,133.901566,-96.135941,304.355316,136.421127,,,
2237,18.641667,15:00:00:11.01,-96.647568,302.152740,133.247406,-96.641495,309.031616,133.902557,-96.135727,304.353668,136.419739,,,
2238,18.650000,15:00:00:11.02,-96.646332,302.153931,133.246063,-96.641594,309.032074,133.902634,-96.135796,304.353363,136.418945,,,
2239,18.658333,15:00:00:11.03,-96.645668,302.152802,133.245850,-96.641136,309.031494,133.903091,-96.136024,304.353821,136.418625,,,
2240,18.666667,15:00:00:12.00,-96.645615,302.152557,133.246964,-96.641922,309.030975,133.902664,-96.136131,304.354218,136.417694,,,
2241,18.675000,15:00:00:12.01,-96.645050,302.153076,133.245529,-96.641563,309.030731,133.900864,-96.136414,304.353516,136.419540,,,
2242,18.683333,15:00:00:12.02,-96.646172,302.153473,133.248077,-96.642998,309.030060,133.902390,-96.134506,304.353180,136.418945,,,
2243,18.691667,15:00:00:12.03,-96.646736,302.153625,133.246338,-96.640808,309.031403,133.901627,-96.118530,304.353699,136.418701,,,
2244,18.700000,15:00:00:13.00,-96.645607,302.152344,133.245392,-96.640678,309.032440,133.901550,-96.135529,304.355103,136.419235,,,
2245,18.708333,15:00:00:13.01,-96.645966,302.152191,133.245422,-96.641968,309.031769,133.902542,-96.136185,304.353485,136.418518,,,
2246,18.716667,15:00:00:13.02,-96.646378,302.152832,133.247437,-96.641411,309.030670,133.901321,-96.135841,304.353851,136.419220,,,
2247,18.725000,15:00:00:13.03,-96.647057,302.153503,133.247620,-96.641060,309.030457,133.901367,-96.134735,304.353638,136.419098,,,
2248,18.733333,15:00:00:14.00,-96.644951,302.153290,133.245590,-96.642593,309.031494,133.902451,-96.136024,304.352905,136.419846,,,
2249,18.741667,15:00:00:14.01,-96.644447,302.152252,133.246155,-96.640785,309.030579,133.901840,-96.135735,304.352142,136.420227,,,
2250,18.750000,15:00:00:14.02,-96.647797,302.153839,133.246353,-96.641335,309.030792,133.901596,-96.135872,304.354492,136.420029,,,
2251,18.758333,15:00:00:14.03,-96.643829,302.153473,133.247330,-96.641502,309.031799,133.902023,-96.136330,304.354462,136.418777,,,
2252,18.766667,15:00:00:15.00,-96.644249,302.153534,133.246155,-96.641579,309.031799,133.901749,-96.137085,304.353760,136.419373,,,
2253,18.775000,15:00:00:15.01,-96.646126,302.152863,133.247589,-96.641289,309.030640,133.902283,-96.135040,304.354187,136.418732,,,
2254,18.783333,15:00:00:15.02,-96.647453,302.152954,133.246979,-96.641800,309.030304,133.902878,-96.136749,304.353394,136.419144,,,
2255,18.791667,15:00:00:15.03,-96.646118,302.152649,133.247360,-96.640732,309.031342,133.901840,-96.119461,304.352386,136.418915,,,
2256,18.800000,15:00:00:16.00,-96.644730,302.152893,133.245499,-96.642052,309.030975,133.902298,-96.134819,304.354797,136.418762,,,
2257,18.808333,15:00:00:16.01,-96.644501,302.152527,133.247025,-96.641968,309.031677,133.902191,-96.136292,304.353943,136.419769,,,
2258,18.816667,15:00:00:16.02,-96.645599,302.153076,133.246536,-96.640083,309.030792,133.900848,-96.135986,304.353271,136.419266,,,
2259,18.825000,15:00:00:16.03,-96.647110,302.152527,133.246857,-96.641708,309.031433,133.902603,-96.118423,304.351532,136.420090,,,
2260,18.833333,15:00:00:17.00,-96.644516,302.153809,133.245956,-96.642075,309.031891,133.901917,-96.134392,304.355408,136.418716,,,
2261,18.841667,15:00:00:17.01,-96.646027,302.153290,133.246460,-96.641525,309.031464,133.901535,-96.117928,304.352448,136.418564,,,
2262,18.850000,15:00:00:17.02,-96.645721,302.152924,133.246887,-96.642349,309.031738,133.902115,-96.134583,304.353973,136.418442,,,
2263,18.858333,15:00:00:17.03,-96.645287,302.151917,133.246124,-96.640724,309.030243,133.901489,-96.136826,304.353333,136.419052,,,
2264,18.866667,15:00:00:18.00,-96.645676,302.152588,133.246796,-96.640961,309.031067,133.902451,-96.136627,304.353058,136.418488,,,
2265,18.875000,15:00:00:18.01,-96.644821,302.153076,133.246735,-96.640923,309.031433,133.903091,-96.120415,304.353882,136.420471,,,
2266,18.883333,15:00:00:18.02,-96.646080,302.153717,133.246368,-96.640083,309.031830,133.902359,-96.135651,304.354584,136.419937,,,
2267,18.891667,15:00:00:18.03,-96.646477,302.152954,133.246704,-96.641258,309.030945,133.902222,-96.136864,304.352722,136.419540,,,
2268,18.900000,15:00:00:19.00,-96.645287,302.152740,133.246277,-96.641281,309.031525,133.901749,-96.119949,304.352448,136.418961,,,
2269,18.908333,15:00:00:19.01,-96.647980,302.152557,133.245667,-96.640320,309.031433,133.902817,-96.132858,304.353821,136.419891,,,
2270,18.916667,15:00:00:19.02,-96.645378,302.152466,133.246155,-96.640472,309.031403,133.901688,-96.136421,304.353516,136.419846,,,
2271,18.925000,15:00:00:19.03,-96.643791,302.153381,133.247665,-96.642807,309.031738,133.902802,-96.136497,304.354034,136.420029,,,
2272,18.933333,15:00:00:20.00,-96.645157,302.152740,133.246429,-96.640663,309.032227,133.902054,-96.135521,304.353027,136.418854,,,
2273,18.941667,15:00:00:20.01,-96.646362,302.153015,133.246475,-96.640892,309.031830,133.902557,-96.137367,304.353271,136.420197,,,
2274,18.950000,15:00:00:20.02,-96.644920,302.152374,133.246292,-96.642006,309.031464,133.903549,-96.118874,304.352234,136.419052,,,
2275,18.958333,15:00:00:20.03,-96.645096,302.153168,133.246582,-96.641014,309.031403,133.903198,-96.134193,304.355133,136.419891,,,
2276,18.966667,15:00:00:21.00,-96.646492,302.152557,133.247971,-96.641708,309.031555,133.903168,-96.136711,304.353058,136.418457,,,
2277,18.975000,15:00:00:21.01,-96.647713,302.152740,133.246307,-96.639488,309.030457,133.901947,-96.136116,304.353271,136.420105,,,
2278,18.983333,15:00:00:21.02,-96.645126,302.152740,133.246292,-96.640442,309.031067,133.901978,-96.136696,304.352020,136.419617,,,
2279,18.991667,15:00:00:21.03,-96.644753,302.152100,133.246872,-96.640808,309.031067,133.902512,-96.135727,304.353699,136.419022,,,
2280,19.000000,15:00:00:22.00,-96.643173,302.153656,133.245987,-96.639778,309.030609,133.902084,-96.135506,304.352661,136.418991,,,
2281,19.008333,15:00:00:22.01,-96.642685,302.152466,133.247070,-96.641068,309.031036,133.902542,-96.119064,304.352356,136.418686,,,
2282,19.016667,15:00:00:22.02,-96.642471,302.153687,133.246536,-96.642029,309.030457,133.902893,-96.135155,304.354156,136.420349,,,
2283,19.025000,15:00:00:22.03,-96.645233,302.153625,133.246613,-96.641785,309.031097,133.901978,-96.118530,304.353180,136.417740,,,
2284,19.033333,15:00:00:23.00,-96.646408,302.152679,133.245926,-96.640656,309.031311,133.902130,-96.135262,304.354980,136.419312,,,
2285,19.041667,15:00:00:23.01,-96.644928,302.152679,133.246368,-96.640549,309.030365,133.902924,-96.118324,304.352325,136.418396,,,
2286,19.050000,15:00:00:23.02,-96.643463,302.152527,133.245804,-96.641449,309.031738,133.901810,-96.116188,304.352631,136.418289,,,
2287,19.058333,15:00:00:23.03,-96.646866,302.153839,133.247910,-96.642097,309.031525,133.902405,-96.135040,304.355072,136.418320,,,
2288,19.066667,15:00:00:24.00,-96.646774,302.153229,133.246506,-96.640305,309.031128,133.902283,-96.137825,304.353333,136.419373,,,
2289,19.075000,15:00:00:24.01,-96.645065,302.153076,133.246078,-96.640312,309.031281,133.901962,-96.118950,304.353729,136.419312,,,
2290,19.083333,15:00:00:24.02,-96.643929,302.152527,133.244705,-96.640457,309.031219,133.902206,-96.133614,304.354614,136.419189,,,
2291,19.091667,15:00:00:24.03,-96.645012,302.151611,133.245499,-96.640457,309.030487,133.901672,-96.120277,304.353241,136.419327,,,
2292,19.100000,15:00:00:25.00,-96.646942,302.152802,133.246750,-96.642632,309.030212,133.903046,-96.136452,304.354370,136.418289,,,
2293,19.108333,15:00:00:25.01,-96.645943,302.153107,133.245926,-96.641090,309.031250,133.901520,-96.118965,304.352295,136.417740,,,
2294,19.116667,15:00:00:25.02,-96.646088,302.152313,133.245987,-96.643326,309.031342,133.903091,-96.135300,304.353485,136.419830,,,
2295,19.125000,15:00:00:25.03,-96.645844,302.152435,133.246964,-96.642548,309.030243,133.903046,-96.119797,304.352448,136.418777,,,
2296,19.133333,15:00:00:26.00,-96.645828,302.152161,133.244568,-96.642891,309.030792,133.901901,-96.117508,304.353577,136.418503,,,
2297,19.141667,15:00:00:26.01,-96.645699,302.153137,133.247025,-96.641884,309.031403,133.902435,-96.136467,304.355225,136.420303,,,
2298,19.150000,15:00:00:26.02,-96.645027,302.151642,133.245605,-96.641609,309.031555,133.903122,-96.136131,304.352509,136.419113,,,
2299,19.158333,15:00:00:26.03,-96.647919,302.152832,133.247314,-96.640793,309.032166,133.901779,-96.135452,304.354004,136.419052,,,
2300,19.166667,15:00:00:27.00,-96.646851,302.153778,133.247360,-96.642128,309.030426,133.902878,-96.136047,304.354156,136.419098,,,
2301,19.175000,15:00:00:27.01,-96.645584,302.152710,133.246475,-96.642273,309.029449,133.902573,-96.119751,304.352173,136.417816,,,
2302,19.183333,15:00:00:27.02,-96.644424,302.153015,133.246124,-96.640190,309.031250,133.901978,-96.134796,304.354492,136.418884,,,
2303,19.191667,15:00:00:27.03,-96.645027,302.153290,133.247147,-96.641418,309.030457,133.902802,-96.119598,304.351685,136.419601,,,
2304,19.200000,15:00:00:28.00,-96.645447,302.152832,133.246155,-96.642105,309.030762,133.902802,-96.135864,304.354736,136.418854,,,
2305,19.208333,15:00:00:28.01,-96.645287,302.153015,133.246597,-96.641701,309.030182,133.903412,-96.119431,304.351440,136.418671,,,
2306,19.216667,15:00:00:28.02,-96.646210,302.152283,133.245621,-96.642273,309.031036,133.902817,-96.136024,304.354858,136.418823,,,
2307,19.225000,15:00:00:28.03,-96.645233,302.153290,133.245178,-96.642082,309.031067,133.902130,-96.135658,304.352448,136.418457,,,
2308,19.233333,15:00:00:29.00,-96.645966,302.152893,133.247299,-96.642700,309.031372,133.901810,-96.118172,304.351746,136.417892,,,
2309,19.241667,15:00:00:29.01,-96.646507,302.152405,133.246414,-96.642075,309.030609,133.902283,-96.133781,304.354248,136.418991,,,
2310,19.250000,15:00:00:29.02,-96.645149,302.152771,133.246429,-96.641083,309.031067,133.903091,-96.136383,304.352692,136.418610,,,
2311,19.258333,15:00:00:29.03,-96.643356,302.153046,133.247131,-96.641731,309.031250,133.902222,-96.120064,304.353180,136.419373,,,
2312,19.266667,15:00:01:00.00,-96.645317,302.152466,133.247635,-96.641998,309.030884,133.901627,-96.136559,304.353699,136.419312,,,
2313,19.275000,15:00:01:00.01,-96.649864,302.151978,133.246582,-96.641106,309.030853,133.901154,-96.135475,304.354370,136.419586,,,
2314,19.283333,15:00:01:00.02,-96.645569,302.152649,133.245987,-96.641556,309.031372,133.902344,-96.136749,304.353363,136.418793,,,
2315,19.291667,15:00:01:00.03,-96.643410,302.151703,133.246918,-96.641006,309.032501,133.902176,-96.136436,304.352966,136.419159,,,
2316,19.300000,15:00:01:01.00,-96.644119,302.153931,133.246414,-96.639786,309.030396,133.901291,-96.134392,304.353058,136.419373,,,
2317,19.308333,15:00:01:01.01,-96.644119,302.153595,133.246674,-96.643356,309.031982,133.902756,-96.134491,304.353333,136.419708,,,
2318,19.316667,15:00:01:01.02,-96.645782,302.152893,133.244965,-96.642754,309.032166,133.902695,-96.137421,304.353821,136.419937,,,
2319,19.325000,15:00:01:01.03,-96.643631,302.153076,133.245377,-96.642334,309.031921,133.902023,-96.134689,304.353485,136.419357,,,
2320,19.333333,15:00:01:02.00,-96.645233,302.153717,133.247177,-96.641388,309.031616,133.901566,-96.135712,304.353027,136.419586,,,
2321,19.341667,15:00:01:02.01,-96.647438,302.154083,133.246429,-96.642860,309.031189,133.902298,-96.119476,304.351868,136.418152,,,
2322,19.350000,15:00:01:02.02,-96.643745,302.152100,133.245667,-96.642288,309.030304,133.902817,-96.134071,304.353821,136.419769,,,
2323,19.358333,15:00:01:02.03,-96.643646,302.152802,133.246307,-96.642891,309.030701,133.902695,-96.136589,304.353394,136.418823,,,
2324,19.366667,15:00:01:03.00,-96.644356,302.153534,133.246933,-96.641212,309.031189,133.900940,-96.136078,304.352814,136.418289,,,
2325,19.375000,15:00:01:03.01,-96.642998,302.152100,133.245178,-96.641220,309.030334,133.901199,-96.119186,304.352631,136.417908,,,
2326,19.383333,15:00:01:03.02,-96.644844,302.152740,133.246796,-96.642418,309.031708,133.902771,-96.136238,304.355164,136.419067,,,
2327,19.391667,15:00:01:03.03,-96.643929,302.153076,133.245880,-96.642654,309.032318,133.902496,-96.136467,304.353607,136.419769,,,
2328,19.400000,15:00:01:04.00,-96.644318,302.152527,133.245773,-96.641731,309.030823,133.902374,-96.136833,304.354553,136.418533,,,
2329,19.408333,15:00:01:04.01,-96.644180,302.152191,133.245346,-96.641121,309.030090,133.901672,-96.118660,304.352295,136.418274,,,
2330,19.416667,15:00:01:04.02,-96.644630,302.153046,133.246063,-96.640411,309.030365,133.901688,-96.135071,304.353851,136.418823,,,
2331,19.425000,15:00:01:04.03,-96.645004,302.153076,133.247192,-96.641312,309.032013,133.901901,-96.138161,304.353241,136.419876,,,
2332,19.433333,15:00:01:05.00,-96.645630,302.152405,133.245697,-96.641350,309.031799,133.902100,-96.119133,304.352295,136.418213,,,
2333,19.441667,15:00:01:05.01,-96.645264,302.153015,133.245895,-96.641502,309.030853,133.902878,-96.135521,304.354645,136.418991,,,
2334,19.450000,15:00:01:05.02,-96.645157,302.152863,133.247421,-96.643219,309.030853,133.902603,-96.135719,304.354156,136.418976,,,
2335,19.458333,15:00:01:05.03,-96.645691,302.152527,133.246201,-96.642593,309.030273,133.902557,-96.136101,304.354156,136.418610,,,
2336,19.466667,15:00:01:06.00,-96.646133,302.153687,133.247009,-96.641388,309.031281,133.901978,-96.136978,304.352844,136.418472,,,
2337,19.475000,15:00:01:06.01,-96.644203,302.152863,133.245010,-96.641747,309.031403,133.901367,-96.136299,304.352692,136.419647,,,
2338,19.483333,15:00:01:06.02,-96.644302,302.154236,133.246674,-96.642975,309.031616,133.901901,-96.134689,304.353485,136.418945,,,
2339,19.491667,15:00:01:06.03,-96.643707,302.152832,133.245773,-96.641815,309.030884,133.902466,-96.135941,304.353210,136.418427,,,
2340,19.500000,15:00:01:07.00,-96.644974,302.151764,133.246201,-96.641678,309.031647,133.902328,-96.135918,304.354248,136.418533,,,
2341,19.508333,15:00:01:07.01,-96.642456,302.152191,133.245529,-96.641403,309.031403,133.901947,-96.133850,304.352509,136.418564,,,
2342,19.516667,15:00:01:07.02,-96.644440,302.152039,133.245590,-96.641724,309.031647,133.901794,-96.135529,304.355042,136.417969,,,
2343,19.525000,15:00:01:07.03,-96.645866,302.152008,133.246536,-96.640427,309.030823,133.901352,-96.118866,304.353119,136.418213,,,
2344,19.533333,15:00:01:08.00,-96.644859,302.152344,133.244843,-96.641632,309.030426,133.901672,-96.135178,304.354034,136.418549,,,
2345,19.541667,15:00:01:08.01,-96.645912,302.153168,133.248093,-96.641167,309.031738,133.902756,-96.119675,304.352417,136.417831,,,
2346,19.550000,15:00:01:08.02,-96.644814,302.152924,133.247192,-96.640762,309.031158,133.901596,-96.117081,304.353607,136.418610,,,
2347,19.558333,15:00:01:08.03,-96.648010,302.151581,133.247345,-96.641792,309.031555,133.901459,-96.134865,304.355011,136.418839,,,
2348,19.566667,15:00:01:09.00,-96.644035,302.152832,133.245361,-96.641159,309.031189,133.901733,-96.135643,304.352295,136.418823,,,
2349,19.575000,15:00:01:09.01,-96.643524,302.152740,133.245193,-96.641655,309.030212,133.902679,-96.135986,304.353180,136.418930,,,
2350,19.583333,15:00:01:09.02,-96.647163,302.152740,133.246063,-96.641846,309.030823,133.902039,-96.117119,304.352356,136.418228,,,
2351,19.591667,15:00:01:09.03,-96.646774,302.152405,133.246353,-96.640541,309.030762,133.902115,-96.132141,304.354523,136.419098,,,
2352,19.600000,15:00:01:10.00,-96.644997,302.152832,133.246948,-96.639832,309.031036,133.903061,-96.135803,304.353271,136.419479,,,
2353,19.608333,15:00:01:10.01,-96.642975,302.153442,133.246262,-96.641464,309.031342,133.900879,-96.118347,304.353851,136.419266,,,
2354,19.616667,15:00:01:10.02,-96.644775,302.152771,133.245773,-96.642456,309.031128,133.901215,-96.117943,304.354218,136.418777,,,
2355,19.625000,15:00:01:10.03,-96.645607,302.152313,133.246429,-96.640839,309.030914,133.901611,-96.136543,304.354034,136.421127,,,
2356,19.633333,15:00:01:11.00,-96.645248,302.152100,133.246887,-96.642998,309.031311,133.904221,-96.137199,304.352173,136.419525,,,
2357,19.641667,15:00:01:11.01,-96.643768,302.153442,133.246689,-96.640762,309.031189,133.902771,-96.135048,304.352417,136.419388,,,
2358,19.650000,15:00:01:11.02,-96.644623,302.153137,133.246307,-96.640266,309.031036,133.901688,-96.136040,304.353363,136.419495,,,
2359,19.658333,15:00:01:11.03,-96.645782,302.153015,133.247345,-96.641228,309.031525,133.901688,-96.119156,304.352051,136.419983,,,
2360,19.666667,15:00:01:12.00,-96.645035,302.153198,133.246094,-96.640869,309.031433,133.901611,-96.136330,304.355530,136.419052,,,
2361,19.675000,15:00:01:12.01,-96.646744,302.152985,133.246964,-96.642044,309.031799,133.903305,-96.121544,304.353485,136.418839,,,
2362,19.683333,15:00:01:12.02,-96.643791,302.153168,133.245926,-96.641487,309.031036,133.901474,-96.118340,304.353882,136.417358,,,
2363,19.691667,15:00:01:12.03,-96.645859,302.152832,133.247086,-96.641876,309.029633,133.902435,-96.134911,304.354370,136.419418,,,
2364,19.700000,15:00:01:13.00,-96.645500,302.152222,133.245789,-96.640427,309.030853,133.902130,-96.133400,304.352722,136.419342,,,
2365,19.708333,15:00:01:13.01,-96.645195,302.153473,133.246017,-96.640602,309.030884,133.901733,-96.135017,304.353394,136.419067,,,
2366,19.716667,15:00:01:13.02,-96.647026,302.152649,133.246796,-96.641998,309.032684,133.903076,-96.135300,304.352966,136.418716,,,
2367,19.725000,15:00:01:13.03,-96.647911,302.153931,133.247192,-96.642822,309.031311,133.902985,-96.135849,304.353912,136.420181,,,
2368,19.733333,15:00:01:14.00,-96.645561,302.153625,133.245865,-96.641983,309.032623,133.902069,-96.137962,304.354034,136.420029,,,
2369,19.741667,15:00:01:14.01,-96.644417,302.153168,133.246384,-96.641800,309.031433,133.903214,-96.136948,304.352448,136.419830,,,
2370,19.750000,15:00:01:14.02,-96.645203,302.153473,133.245987,-96.640656,309.030640,133.902039,-96.137253,304.353668,136.420242,,,
2371,19.758333,15:00:01:14.03,-96.646629,302.154083,133.245575,-96.640808,309.030182,133.901794,-96.134521,304.352783,136.419052,,,
2372,19.766667,15:00:01:15.00,-96.647743,302.152832,133.247208,-96.640236,309.031006,133.901672,-96.134987,304.352051,136.419098,,,
2373,19.775000,15:00:01:15.01,-96.645866,302.154022,133.246429,-96.641190,309.030853,133.901733,-96.137024,304.352844,136.419022,,,
2374,19.783333,15:00:01:15.02,-96.645676,302.153168,133.246109,-96.642159,309.031677,133.902283,-96.119255,304.354370,136.418503,,,
2375,19.791667,15:00:01:15.03,-96.647148,302.153412,133.246613,-96.642044,309.031403,133.903687,-96.118057,304.356171,136.419540,,,
2376,19.800000,15:00:01:16.00,-96.648155,302.152252,133.246628,-96.640808,309.030945,133.902557,-96.134972,304.355103,136.418518,,,
2377,19.808333,15:00:01:16.01,-96.644737,302.152618,133.246109,-96.640892,309.030762,133.903137,-96.137085,304.352844,136.419403,,,
2378,19.816667,15:00:01:16.02,-96.644142,302.152405,133.245865,-96.640305,309.031494,133.902176,-96.135620,304.351654,136.419067,,,
2379,19.825000,15:00:01:16.03,-96.645073,302.152527,133.246841,-96.641106,309.031311,133.902222,-96.134758,304.352844,136.419205,,,
2380,19.833333,15:00:01:17.00,-96.644157,302.152710,133.245621,-96.642975,309.031372,133.903214,-96.135971,304.353210,136.418991,,,
2381,19.841667,15:00:01:17.01,-96.648392,302.153625,133.248367,-96.641708,309.031189,133.901886,-96.118874,304.352051,136.418594,,,
2382,19.850000,15:00:01:17.02,-96.647163,302.153625,133.245499,-96.641991,309.031311,133.902832,-96.135559,304.355621,136.419922,,,
2383,19.858333,15:00:01:17.03,-96.646507,302.153564,133.246796,-96.641212,309.030731,133.903015,-96.135612,304.353088,136.419510,,,
2384,19.866667,15:00:01:18.00,-96.645699,302.152344,133.247086,-96.641075,309.031433,133.903046,-96.135727,304.352844,136.418839,,,
2385,19.875000,15:00:01:18.01,-96.644516,302.152618,133.246048,-96.641106,309.030304,133.902847,-96.118942,304.352631,136.419037,,,
2386,19.883333,15:00:01:18.02,-96.643394,302.152893,133.244781,-96.641586,309.029846,133.901749,-96.134773,304.354523,136.418762,,,
2387,19.891667,15:00:01:18.03,-96.643105,302.154236,133.247498,-96.640663,309.029907,133.901459,-96.136223,304.352966,136.419327,,,
2388,19.900000,15:00:01:19.00,-96.645302,302.152649,133.247131,-96.642456,309.030762,133.902176,-96.136169,304.353271,136.418594,,,
2389,19.908333,15:00:01:19.01,-96.643173,302.152283,133.245880,-96.641701,309.030823,133.902161,-96.137329,304.353821,136.419235,,,
2390,19.916667,15:00:01:19.02,-96.645203,302.152405,133.246826,-96.641449,309.031006,133.902481,-96.135063,304.353271,136.419418,,,
2391,19.925000,15:00:01:19.03,-96.645523,302.152466,133.245361,-96.640068,309.032379,133.902313,-96.134560,304.353394,136.418335,,,
2392,19.933333,15:00:01:20.00,-96.644829,302.152740,133.245331,-96.640991,309.031799,133.902130,-96.136322,304.353424,136.418518,,,
2393,19.941667,15:00:01:20.01,-96.644119,302.152496,133.245575,-96.641403,309.030426,133.901428,-96.135422,304.353699,136.418655,,,
2394,19.950000,15:00:01:20.02,-96.646767,302.152496,133.246857,-96.643196,309.030914,133.902649,-96.136375,304.352905,136.418228,,,
2395,19.958333,15:00:01:20.03,-96.646149,302.153198,133.246750,-96.641136,309.030548,133.901489,-96.135208,304.352325,136.420181,,,
2396,19.966667,15:00:01:21.00,-96.646255,302.152863,133.246902,-96.639816,309.031647,133.902100,-96.136330,304.353973,136.418777,,,
2397,19.975000,15:00:01:21.01,-96.644196,302.153320,133.245529,-96.640480,309.029541,133.901260,-96.117622,304.351227,136.418594,,,
2398,19.983333,15:00:01:21.02,-96.643051,302.151764,133.245316,-96.641708,309.031403,133.903427,-96.117500,304.354553,136.419250,,,
2399,19.991667,15:00:01:21.03,-96.646027,302.151978,133.246750,-96.641098,309.030670,133.901627,-96.134163,304.354492,136.418823,,,
2400,20.000000,15:00:01:22.00,-96.645157,302.151886,133.245865,-96.641129,309.030670,133.901566,-96.135986,304.352844,136.419662,,,
2401,20.008333,15:00:01:22.01,-96.645782,302.153107,133.246078,-96.641884,309.030853,133.902222,-96.135941,304.351959,136.419922,,,
2402,20.016667,15:00:01:22.02,-96.645134,302.152771,133.246750,-96.641594,309.031433,133.901627,-96.135971,304.353271,136.418900,,,
2403,20.025000,15:00:01:22.03,-96.643600,302.152893,133.245773,-96.642181,309.030304,133.901047,-96.117722,304.352295,136.418137,,,
2404,20.033333,15:00:01:23.00,-96.645798,302.152740,133.247345,-96.642212,309.031799,133.902161,-96.135078,304.352203,136.419067,,,
2405,20.041667,15:00:01:23.01,-96.645561,302.152832,133.246201,-96.640869,309.030853,133.901886,-96.136063,304.352509,136.419495,,,
2406,20.050000,15:00:01:23.02,-96.643585,302.152496,133.245514,-96.642387,309.031555,133.902069,-96.137230,304.353546,136.419022,,,
2407,20.058333,15:00:01:23.03,-96.643951,302.153015,133.245773,-96.640800,309.031158,133.902222,-96.136765,304.353699,136.419357,,,
2408,20.066667,15:00:01:24.00,-96.644554,302.152313,133.245224,-96.640335,309.031067,133.902161,-96.135269,304.352173,136.418076,,,
2409,20.075000,15:00:01:24.01,-96.646095,302.151825,133.245377,-96.641937,309.030273,133.903198,-96.134987,304.351959,136.419022,,,
2410,20.083333,15:00:01:24.02,-96.645294,302.152588,133.247330,-96.641731,309.031067,133.903152,-96.136200,304.353180,136.418945,,,
2411,20.091667,15:00:01:24.03,-96.644958,302.152771,133.245041,-96.641747,309.032196,133.902023,-96.135353,304.353180,136.418793,,,
2412,20.100000,15:00:01:25.00,-96.644249,302.152466,133.245987,-96.642113,309.032349,133.901413,-96.138115,304.353546,136.418518,,,
2413,20.108333,15:00:01:25.01,-96.644691,302.152985,133.245773,-96.641632,309.030731,133.902237,-96.136963,304.354095,136.419266,,,
2414,20.116667,15:00:01:25.02,-96.646378,302.152924,133.247253,-96.641998,309.029114,133.901672,-96.135353,304.353424,136.419266,,,
2415,20.125000,15:00:01:25.03,-96.644485,302.152954,133.245331,-96.641312,309.030487,133.902100,-96.116539,304.351715,136.418045,,,
2416,20.133333,15:00:01:26.00,-96.644646,302.151550,133.245590,-96.641052,309.030670,133.901978,-96.134720,304.354095,136.418503,,,
2417,20.141667,15:00:01:26.01,-96.646637,302.152893,133.246399,-96.641258,309.029114,133.902237,-96.119049,304.351318,136.418701,,,
2418,20.150000,15:00:01:26.02,-96.644997,302.153168,133.246475,-96.640556,309.032043,133.902496,-96.135941,304.354462,136.419388,,,
2419,20.158333,15:00:01:26.03,-96.646309,302.154297,133.247147,-96.640488,309.031403,133.903290,-96.137749,304.354706,136.421661,,,
2420,20.166667,15:00:01:27.00,-96.646805,302.154175,133.247238,-96.640900,309.031403,133.901947,-96.136627,304.355042,136.420258,,,
2421,20.175000,15:00:01:27.01,-96.644737,302.153320,133.245987,-96.642105,309.031372,133.902161,-96.135750,304.354401,136.419662,,,
2422,20.183333,15:00:01:27.02,-96.644279,302.152344,133.245941,-96.640724,309.032288,133.902512,-96.135803,304.353638,136.419388,,,
2423,20.191667,15:00:01:27.03,-96.644684,302.152191,133.246124,-96.640007,309.030182,133.900909,-96.117981,304.351868,136.418228,,,
2424,20.200000,15:00:01:28.00,-96.644432,302.153168,133.246872,-96.641487,309.031586,133.903091,-96.135071,304.354950,136.420074,,,
2425,20.208333,15:00:01:28.01,-96.647636,302.153351,133.247162,-96.641312,309.032013,133.901276,-96.119568,304.352966,136.418701,,,
2426,20.216667,15:00:01:28.02,-96.647087,302.153809,133.245697,-96.642776,309.031952,133.900894,-96.136223,304.355927,136.419434,,,
2427,20.225000,15:00:01:28.03,-96.647560,302.153870,133.246277,-96.642639,309.030762,133.902054,-96.137993,304.354004,136.419174,,,
2428,20.233333,15:00:01:29.00,-96.648468,302.153168,133.246689,-96.640617,309.031952,133.902054,-96.137093,304.353363,136.419830,,,
2429,20.241667,15:00:01:29.01,-96.645805,302.153320,133.246017,-96.640022,309.031067,133.902069,-96.135422,304.353699,136.418228,,,
2430,20.250000,15:00:01:29.02,-96.646736,302.152924,133.246384,-96.639725,309.030182,133.902023,-96.116142,304.351837,136.418091,,,
2431,20.258333,15:00:01:29.03,-96.646950,302.152832,133.245544,-96.641502,309.031250,133.903366,-96.117241,304.353546,136.418701,,,
2432,20.266667,15:00:02:00.00,-96.646049,302.154419,133.246368,-96.639862,309.032013,133.901184,-96.134453,304.354706,136.418777,,,
2433,20.275000,15:00:02:00.01,-96.647232,302.154053,133.247665,-96.642914,309.031464,133.902313,-96.138176,304.354279,136.419266,,,
2434,20.283333,15:00:02:00.02,-96.646812,302.154144,133.247787,-96.642586,309.032349,133.902603,-96.137238,304.353577,136.419647,,,
2435,20.291667,15:00:02:00.03,-96.646637,302.153625,133.246094,-96.640602,309.030487,133.902328,-96.134743,304.354248,136.419266,,,
2436,20.300000,15:00:02:01.00,-96.646477,302.152466,133.246780,-96.641502,309.029907,133.901901,-96.134972,304.352631,136.418503,,,
2437,20.308333,15:00:02:01.01,-96.645325,302.153290,133.245972,-96.640144,309.030701,133.900940,-96.117508,304.353394,136.418808,,,
2438,20.316667,15:00:02:01.02,-96.643982,302.154602,133.246475,-96.641121,309.032104,133.902008,-96.132996,304.355713,136.418198,,,
2439,20.325000,15:00:02:01.03,-96.645729,302.153900,133.246658,-96.641479,309.030273,133.901962,-96.119019,304.353180,136.418777,,,
2440,20.333333,15:00:02:02.00,-96.645004,302.152435,133.246124,-96.643211,309.031403,133.901520,-96.135674,304.354919,136.419052,,,
2441,20.341667,15:00:02:02.01,-96.646759,302.153778,133.246750,-96.642334,309.030975,133.901794,-96.137283,304.354492,136.419861,,,
2442,20.350000,15:00:02:02.02,-96.645691,302.154327,133.246017,-96.640991,309.032410,133.901520,-96.136711,304.352722,136.419464,,,
2443,20.358333,15:00:02:02.03,-96.642853,302.153381,133.245468,-96.640396,309.032013,133.902512,-96.134743,304.352295,136.418915,,,
2444,20.366667,15:00:02:03.00,-96.645203,302.153229,133.247070,-96.640701,309.030792,133.902008,-96.117966,304.351746,136.417740,,,
2445,20.375000,15:00:02:03.01,-96.649132,302.152740,133.246490,-96.641380,309.031830,133.901947,-96.117577,304.354309,136.419434,,,
2446,20.383333,15:00:02:03.02,-96.647842,302.153931,133.246307,-96.642914,309.031494,133.902328,-96.135658,304.353424,136.418762,,,
2447,20.391667,15:00:02:03.03,-96.646271,302.152618,133.246857,-96.641930,309.031219,133.900970,-96.135803,304.352570,136.419128,,,
2448,20.400000,15:00:02:04.00,-96.644882,302.152954,133.246262,-96.641884,309.030701,133.901413,-96.136353,304.354004,136.418564,,,
2449,20.408333,15:00:02:04.01,-96.646820,302.153656,133.246826,-96.640831,309.030792,133.902603,-96.135216,304.353973,136.419373,,,
2450,20.416667,15:00:02:04.02,-96.647598,302.152740,133.247345,-96.642319,309.030853,133.902115,-96.136246,304.354034,136.418777,,,
2451,20.425000,15:00:02:04.03,-96.647026,302.153473,133.245636,-96.642075,309.030945,133.901703,-96.134911,304.353699,136.419495,,,
2452,20.433333,15:00:02:05.00,-96.647461,302.152527,133.247192,-96.640755,309.030975,133.902237,-96.135208,304.354187,136.419708,,,
2453,20.441667,15:00:02:05.01,-96.646439,302.153259,133.247025,-96.639656,309.030853,133.902161,-96.136131,304.353638,136.420441,,,
2454,20.450000,15:00:02:05.02,-96.646370,302.153687,133.246231,-96.640434,309.031830,133.902023,-96.136238,304.353851,136.419708,,,
2455,20.458333,15:00:02:05.03,-96.645142,302.153961,133.245926,-96.640167,309.031281,133.902374,-96.119843,304.353912,136.419189,,,
2456,20.466667,15:00:02:06.00,-96.646820,302.153320,133.244980,-96.640205,309.030609,133.901443,-96.135818,304.354431,136.419495,,,
2457,20.475000,15:00:02:06.01,-96.648201,302.152802,133.245667,-96.640137,309.031067,133.901520,-96.136787,304.353729,136.419952,,,
2458,20.483333,15:00:02:06.02,-96.646027,302.153015,133.244507,-96.640862,309.030640,133.902390,-96.135643,304.353577,136.419327,,,
2459,20.491667,15:00:02:06.03,-96.645386,302.152740,133.246933,-96.639481,309.031403,133.901184,-96.118179,304.351288,136.418411,,,
2460,20.500000,15:00:02:07.00,-96.646049,302.152740,133.245789,-96.640671,309.031097,133.901688,-96.117126,304.352936,136.417953,,,
2461,20.508333,15:00:02:07.01,-96.646149,302.152893,133.245361,-96.640846,309.031281,133.900635,-96.135239,304.354156,136.418503,,,
2462,20.516667,15:00:02:07.02,-96.645493,302.154083,133.246323,-96.642174,309.030975,133.901123,-96.135735,304.353333,136.417206,,,
2463,20.525000,15:00:02:07.03,-96.644279,302.152039,133.245331,-96.642288,309.031708,133.901077,-96.135773,304.353333,136.418228,,,
2464,20.533333,15:00:02:08.00,-96.645134,302.152283,133.245911,-96.642410,309.030975,133.900970,-96.136307,304.352875,136.418304,,,
2465,20.541667,15:00:02:08.01,-96.644432,302.152679,133.246857,-96.641182,309.030090,133.902634,-96.135826,304.352417,136.419922,,,
2466,20.550000,15:00:02:08.02,-96.642838,302.152496,133.246155,-96.640930,309.031158,133.901520,-96.136055,304.352966,136.419708,,,
2467,20.558333,15:00:02:08.03,-96.644806,302.152740,133.246048,-96.641487,309.031342,133.900894,-96.135933,304.353821,136.419418,,,
2468,20.566667,15:00:02:09.00,-96.646561,302.152588,133.245438,-96.641251,309.030090,133.900864,-96.135826,304.354248,136.416794,,,
2469,20.575000,15:00:02:09.01,-96.647400,302.153015,133.244980,-96.642670,309.031250,133.901215,-96.137444,304.352570,136.417328,,,
2470,20.583333,15:00:02:09.02,-96.645706,302.151978,133.245270,-96.643394,309.029999,133.901031,-96.135101,304.352325,136.418945,,,
2471,20.591667,15:00:02:09.03,-96.646362,302.150879,133.245712,-96.640457,309.029724,133.901108,-96.118279,304.351105,136.417694,,,
2472,20.600000,15:00:02:10.00,-96.646286,302.152344,133.245605,-96.641281,309.029419,133.901398,-96.117287,304.353149,136.417984,,,
2473,20.608333,15:00:02:10.01,-96.647835,302.152618,133.246063,-96.641914,309.031616,133.901260,-96.135147,304.354797,136.420959,,,
2474,20.616667,15:00:02:10.02,-96.647522,302.152466,133.245499,-96.640533,309.032349,133.901031,-96.136749,304.353516,136.418732,,,
2475,20.625000,15:00:02:10.03,-96.644485,302.154022,133.246002,-96.641273,309.031372,133.900360,-96.137253,304.355011,136.418396,,,
2476,20.633333,15:00:02:11.00,-96.644676,302.153381,133.246094,-96.644058,309.031433,133.902084,-96.137344,304.353210,136.419159,,,
2477,20.641667,15:00:02:11.01,-96.642998,302.152557,133.246323,-96.641373,309.030365,133.901047,-96.136276,304.351562,136.418121,,,
2478,20.650000,15:00:02:11.02,-96.643158,302.152527,133.244659,-96.641830,309.030609,133.902451,-96.136230,304.351471,136.418350,,,
2479,20.658333,15:00:02:11.03,-96.646843,302.152222,133.245331,-96.641609,309.029114,133.901566,-96.136108,304.352264,136.418762,,,
2480,20.666667,15:00:02:12.00,-96.643089,302.152649,133.245056,-96.641121,309.031952,133.901016,-96.132889,304.353455,136.418610,,,
2481,20.675000,15:00:02:12.01,-96.644806,302.154327,133.246384,-96.642181,309.031799,133.902542,-96.137527,304.354919,136.419739,,,
2482,20.683333,15:00:02:12.02,-96.646919,302.153778,133.246994,-96.642044,309.030853,133.901337,-96.137306,304.354706,136.419540,,,
2483,20.691667,15:00:02:12.03,-96.645218,302.153656,133.246796,-96.642746,309.031616,133.902283,-96.119141,304.353241,136.418411,,,
2484,20.700000,15:00:02:13.00,-96.645256,302.154297,133.247391,-96.642746,309.030640,133.902435,-96.116371,304.352844,136.418335,,,
2485,20.708333,15:00:02:13.01,-96.644485,302.151886,133.245468,-96.640984,309.030487,133.901337,-96.134041,304.353241,136.419327,,,
2486,20.716667,15:00:02:13.02,-96.645767,302.151550,133.245209,-96.640030,309.030426,133.901245,-96.117790,304.351440,136.416092,,,
2487,20.725000,15:00:02:13.03,-96.646973,302.152313,133.245392,-96.640251,309.029633,133.900711,-96.135178,304.353210,136.419052,,,
2488,20.733333,15:00:02:14.00,-96.647034,302.153992,133.246246,-96.641594,309.032104,133.901917,-96.137878,304.353699,136.419571,,,
2489,20.741667,15:00:02:14.01,-96.646706,302.153625,133.247574,-96.642448,309.031799,133.902771,-96.139038,304.355682,136.420624,,,
2490,20.750000,15:00:02:14.02,-96.646355,302.153381,133.246658,-96.642776,309.031464,133.902756,-96.138931,304.354858,136.420166,,,
2491,20.758333,15:00:02:14.03,-96.645943,302.152893,133.245346,-96.642792,309.030609,133.903046,-96.136223,304.353058,136.418793,,,
2492,20.766667,15:00:02:15.00,-96.647141,302.151337,133.245453,-96.642509,309.030182,133.902771,-96.135300,304.352570,136.418060,,,
2493,20.775000,15:00:02:15.01,-96.644882,302.152283,133.246048,-96.641258,309.030090,133.901398,-96.134857,304.352509,136.419922,,,
2494,20.783333,15:00:02:15.02,-96.644356,302.153748,133.245056,-96.641243,309.031616,133.901993,-96.118317,304.351990,136.418167,,,
2495,20.791667,15:00:02:15.03,-96.644897,302.152985,133.246643,-96.642273,309.032593,133.902435,-96.136513,304.355469,136.418671,,,
2496,20.800000,15:00:02:16.00,-96.647179,302.153809,133.246750,-96.643745,309.032074,133.902176,-96.120018,304.352112,136.418701,,,
2497,20.808333,15:00:02:16.01,-96.646828,302.152710,133.246262,-96.643379,309.031982,133.902252,-96.135139,304.355774,136.419388,,,
2498,20.816667,15:00:02:16.02,-96.645767,302.153839,133.246231,-96.641502,309.030609,133.902603,-96.136513,304.353607,136.419144,,,
2499,20.825000,15:00:02:16.03,-96.644073,302.153717,133.246582,-96.640762,309.030609,133.902298,-96.117165,304.351654,136.418945,,,
2500,20.833333,15:00:02:17.00,-96.642502,302.152527,133.245163,-96.640083,309.029785,133.901978,-96.133499,304.353973,136.419006,,,
2501,20.841667,15:00:02:17.01,-96.645340,302.152100,133.246719,-96.641350,309.030182,133.901566,-96.118904,304.352631,136.418091,,,
2502,20.850000,15:00:02:17.02,-96.645370,302.153625,133.246994,-96.641937,309.030823,133.901184,-96.135048,304.354553,136.418671,,,
2503,20.858333,15:00:02:17.03,-96.645866,302.153809,133.247284,-96.643814,309.031952,133.903152,-96.138763,304.353271,136.419617,,,
2504,20.866667,15:00:02:18.00,-96.647537,302.152710,133.247055,-96.643250,309.031586,133.902298,-96.136978,304.354675,136.420578,,,
2505,20.875000,15:00:02:18.01,-96.647614,302.152527,133.245789,-96.641052,309.030975,133.901459,-96.136101,304.354492,136.420074,,,
2506,20.883333,15:00:02:18.02,-96.647934,302.151825,133.245712,-96.642960,309.030060,133.901642,-96.134575,304.352448,136.418350,,,
2507,20.891667,15:00:02:18.03,-96.643440,302.152252,133.246643,-96.642960,309.030334,133.901367,-96.136177,304.353516,136.418411,,,
2508,20.900000,15:00:02:19.00,-96.645027,302.152985,133.246948,-96.640816,309.031342,133.901688,-96.136078,304.352966,136.418915,,,
2509,20.908333,15:00:02:19.01,-96.646210,302.152466,133.246185,-96.641960,309.031616,133.901978,-96.138725,304.353180,136.419601,,,
2510,20.916667,15:00:02:19.02,-96.645485,302.153229,133.246017,-96.640762,309.031525,133.901749,-96.137039,304.352295,136.419312,,,
2511,20.925000,15:00:02:19.03,-96.645462,302.151642,133.246979,-96.640823,309.030640,133.902115,-96.136925,304.354065,136.418549,,,
2512,20.933333,15:00:02:20.00,-96.644897,302.152771,133.245377,-96.640808,309.030853,133.902252,-96.136131,304.352570,136.417816,,,
2513,20.941667,15:00:02:20.01,-96.645737,302.152740,133.245468,-96.642151,309.030670,133.901581,-96.136810,304.352417,136.418365,,,
2514,20.950000,15:00:02:20.02,-96.644409,302.152252,133.245987,-96.641068,309.029877,133.901489,-96.135727,304.351868,136.418655,,,
2515,20.958333,15:00:02:20.03,-96.644844,302.151642,133.245483,-96.641403,309.030640,133.902283,-96.119797,304.352081,136.418350,,,
2516,20.966667,15:00:02:21.00,-96.644096,302.152161,133.247559,-96.641754,309.030426,133.901154,-96.133720,304.353912,136.418350,,,
2517,20.975000,15:00:02:21.01,-96.643127,302.152649,133.245880,-96.641670,309.030090,133.901184,-96.136703,304.353821,136.418671,,,
2518,20.983333,15:00:02:21.02,-96.644318,302.153168,133.245010,-96.642593,309.030426,133.901535,-96.118668,304.353424,136.417389,,,
2519,20.991667,15:00:02:21.03,-96.646774,302.151886,133.245926,-96.643768,309.031311,133.901917,-96.135529,304.354248,136.419006,,,
2520,21.000000,15:00:02:22.00,-96.647598,302.152100,133.246368,-96.641914,309.031342,133.900742,-96.135384,304.352478,136.417938,,,
2521,21.008333,15:00:02:22.01,-96.645752,302.151550,133.245392,-96.642700,309.029724,133.901947,-96.137474,304.353058,136.419037,,,
2522,21.016667,15:00:02:22.02,-96.645042,302.151672,133.245575,-96.641792,309.030975,133.902664,-96.135757,304.353790,136.419800,,,
2523,21.025000,15:00:02:22.03,-96.645844,302.152802,133.245392,-96.640198,309.030731,133.901550,-96.136162,304.352142,136.419830,,,
2524,21.033333,15:00:02:23.00,-96.646431,302.152588,133.245010,-96.641907,309.030762,133.902634,-96.136414,304.352783,136.418472,,,
2525,21.041667,15:00:02:23.01,-96.647255,302.151855,133.244751,-96.641068,309.030457,133.901321,-96.137222,304.354218,136.418762,,,
2526,21.050000,15:00:02:23.02,-96.647797,302.154266,133.246658,-96.643509,309.031982,133.901962,-96.137550,304.354156,136.419266,,,
2527,21.058333,15:00:02:23.03,-96.647835,302.152527,133.247971,-96.642998,309.031097,133.902740,-96.137611,304.352417,136.419403,,,
2528,21.066667,15:00:02:24.00,-96.647064,302.151733,133.246964,-96.643082,309.029724,133.901855,-96.136490,304.351898,136.418732,,,
2529,21.075000,15:00:02:24.01,-96.645233,302.152954,133.246094,-96.641663,309.030212,133.901703,-96.136940,304.352661,136.418915,,,
2530,21.083333,15:00:02:24.02,-96.646004,302.152679,133.245972,-96.640991,309.030579,133.901459,-96.135468,304.352905,136.418503,,,
2531,21.091667,15:00:02:24.03,-96.646629,302.153351,133.246399,-96.640938,309.031525,133.901184,-96.135841,304.353851,136.418182,,,
2532,21.100000,15:00:02:25.00,-96.647034,302.154785,133.247101,-96.641991,309.031525,133.901031,-96.120003,304.353149,136.418289,,,
2533,21.108333,15:00:02:25.01,-96.647133,302.153381,133.246429,-96.644089,309.031525,133.902512,-96.136597,304.355927,136.420044,,,
2534,21.116667,15:00:02:25.02,-96.646202,302.153534,133.247009,-96.643272,309.031464,133.902481,-96.137741,304.354309,136.420670,,,
2535,21.125000,15:00:02:25.03,-96.647766,302.153290,133.248169,-96.644585,309.031128,133.901703,-96.137947,304.353516,136.419403,,,
2536,21.133333,15:00:02:26.00,-96.646996,302.152313,133.246155,-96.642044,309.030182,133.901459,-96.135742,304.351990,136.417999,,,
2537,21.141667,15:00:02:26.01,-96.645569,302.152405,133.246750,-96.640877,309.030426,133.901566,-96.134674,304.352753,136.418076,,,
2538,21.150000,15:00:02:26.02,-96.646423,302.152496,133.246185,-96.640572,309.030975,133.902054,-96.137589,304.353027,136.419098,,,
2539,21.158333,15:00:02:26.03,-96.647057,302.152466,133.246780,-96.641762,309.030762,133.902328,-96.137611,304.354523,136.420181,,,
2540,21.166667,15:00:02:27.00,-96.648010,302.153168,133.247131,-96.641296,309.031525,133.902069,-96.137527,304.353607,136.419052,,,
2541,21.175000,15:00:02:27.01,-96.644981,302.153076,133.246689,-96.643913,309.031738,133.902802,-96.137909,304.354797,136.420334,,,
2542,21.183333,15:00:02:27.02,-96.644882,302.152954,133.246231,-96.642357,309.030762,133.902527,-96.136528,304.353394,136.418762,,,
2543,21.191667,15:00:02:27.03,-96.644897,302.152557,133.245850,-96.641449,309.029663,133.900940,-96.136131,304.352814,136.418671,,,
2544,21.200000,15:00:02:28.00,-96.645630,302.152008,133.246475,-96.640320,309.029419,133.901443,-96.135017,304.352081,136.418060,,,
2545,21.208333,15:00:02:28.01,-96.647484,302.152130,133.245712,-96.641487,309.029907,133.902069,-96.119370,304.352539,136.418350,,,
2546,21.216667,15:00:02:28.02,-96.647377,302.152618,133.247086,-96.642273,309.031586,133.901855,-96.136269,304.355316,136.419220,,,
2547,21.225000,15:00:02:28.03,-96.647003,302.152649,133.247040,-96.643570,309.032715,133.901443,-96.122101,304.354248,136.418594,,,
2548,21.233333,15:00:02:29.00,-96.649048,302.152496,133.248016,-96.642128,309.031555,133.901993,-96.135399,304.356659,136.420242,,,
2549,21.241667,15:00:02:29.01,-96.646149,302.153595,133.246429,-96.641869,309.030212,133.902405,-96.136803,304.353790,136.418915,,,
2550,21.250000,15:00:02:29.02,-96.644440,302.152313,133.245636,-96.640900,309.031067,133.901794,-96.137001,304.353241,136.418686,,,
2551,21.258333,15:00:02:29.03,-96.647156,302.152161,133.245392,-96.640869,309.031311,133.902924,-96.135429,304.353241,136.418320,,,
2552,21.266667,15:00:03:00.00,-96.646225,302.153503,133.246765,-96.641098,309.030365,133.901794,-96.136597,304.353180,136.418793,,,
2553,21.275000,15:00:03:00.01,-96.645203,302.153168,133.246033,-96.641975,309.031128,133.902451,-96.138351,304.353699,136.418762,,,
2554,21.283333,15:00:03:00.02,-96.646080,302.153900,133.246307,-96.643181,309.030914,133.903183,-96.137962,304.355560,136.419495,,,
2555,21.291667,15:00:03:00.03,-96.645256,302.153931,133.248230,-96.644943,309.031250,133.902756,-96.137428,304.354736,136.420303,,,
2556,21.300000,15:00:03:01.00,-96.646446,302.152100,133.245544,-96.641815,309.031494,133.902420,-96.137680,304.353668,136.419983,,,
2557,21.308333,15:00:03:01.01,-96.645439,302.154114,133.247025,-96.640579,309.031982,133.902023,-96.136322,304.352966,136.417923,,,
2558,21.316667,15:00:03:01.02,-96.644302,302.153076,133.246201,-96.641571,309.031708,133.904312,-96.136055,304.353668,136.419449,,,
2559,21.325000,15:00:03:01.03,-96.646362,302.154388,133.246353,-96.641525,309.031616,133.901672,-96.118439,304.351837,136.418167,,,
2560,21.333333,15:00:03:02.00,-96.646164,302.152679,133.247452,-96.641144,309.030640,133.901520,-96.135071,304.354675,136.419357,,,
2561,21.341667,15:00:03:02.01,-96.646629,302.153290,133.246140,-96.643158,309.031952,133.901932,-96.140968,304.352509,136.424179,,,
2562,21.350000,15:00:03:02.02,-96.645912,302.152496,133.245605,-96.642853,309.030823,133.901093,-96.141602,304.354095,136.425262,,,
2563,21.358333,15:00:03:02.03,-96.644936,302.152405,133.245865,-96.642944,309.031586,133.902908,-96.122383,304.353790,136.421021,,,
2564,21.366667,15:00:03:03.00,-96.646156,302.152588,133.245834,-96.641357,309.031036,133.902679,-96.138458,304.356079,136.422119,,,
2565,21.375000,15:00:03:03.01,-96.646240,302.153503,133.245560,-96.642166,309.030975,133.901566,-96.138748,304.352936,136.419907,,,
2566,21.383333,15:00:03:03.02,-96.645355,302.153046,133.246429,-96.642914,309.031830,133.901978,-96.136055,304.352692,136.418701,,,
2567,21.391667,15:00:03:03.03,-96.647095,302.152405,133.245285,-96.642143,309.031647,133.901398,-96.118721,304.354156,136.418289,,,
2568,21.400000,15:00:03:04.00,-96.644112,302.153992,133.246429,-96.643158,309.031708,133.902039,-96.136147,304.356506,136.419861,,,
2569,21.408333,15:00:03:04.01,-96.646538,302.153229,133.246445,-96.641663,309.031586,133.901779,-96.136803,304.353394,136.419327,,,
2570,21.416667,15:00:03:04.02,-96.648857,302.154144,133.246689,-96.641197,309.031494,133.901337,-96.137924,304.353271,136.417969,,,
2571,21.425000,15:00:03:04.03,-96.648529,302.153412,133.246201,-96.641937,309.030853,133.902054,-96.137077,304.353973,136.420029,,,
2572,21.433333,15:00:03:05.00,-96.646721,302.152924,133.245941,-96.641846,309.031647,133.901718,-96.136856,304.353912,136.420090,,,
2573,21.441667,15:00:03:05.01,-96.645287,302.152771,133.246719,-96.642372,309.031616,133.902328,-96.136703,304.354553,136.419647,,,
2574,21.450000,15:00:03:05.02,-96.639404,302.148010,133.245773,-96.643372,309.031891,133.903503,-96.135918,304.353699,136.419571,,,
2575,21.458333,15:00:03:05.03,-96.643921,302.147888,133.247864,-96.642418,309.031525,133.901245,-96.136223,304.353485,136.418228,,,
2576,21.466667,15:00:03:06.00,-96.653633,302.153839,133.251465,-96.643921,309.030975,133.902344,-96.118042,304.347931,136.417633,,,
2577,21.475000,15:00:03:06.01,-96.656624,302.154602,133.251694,-96.643143,309.030945,133.901443,-96.137329,304.348602,136.423355,,,
2578,21.483333,15:00:03:06.02,-96.657768,302.154602,133.251602,-96.643250,309.030914,133.902176,-96.142677,304.350128,136.427109,,,
2579,21.491667,15:00:03:06.03,-96.651733,302.154083,133.249237,-96.644592,309.030640,133.901840,-96.146027,304.356567,136.428314,,,
2580,21.500000,15:00:03:07.00,-96.650284,302.154510,133.248169,-96.642487,309.032349,133.901794,-96.146736,304.360138,136.428421,,,
2581,21.508333,15:00:03:07.01,-96.651993,302.154694,133.251099,-96.642052,309.031769,133.903656,-96.145599,304.361694,136.425842,,,
2582,21.516667,15:00:03:07.02,-96.655914,302.155396,133.252029,-96.642639,309.032196,133.902084,-96.143013,304.360779,136.424225,,,
2583,21.525000,15:00:03:07.03,-96.655258,302.155914,133.251053,-96.643814,309.031982,133.902283,-96.140442,304.356018,136.421738,,,
2584,21.533333,15:00:03:08.00,-96.655159,302.154419,133.249619,-96.642776,309.029999,133.902466,-96.140068,304.353607,136.421280,,,
2585,21.541667,15:00:03:08.01,-96.652153,302.153534,133.248550,-96.643906,309.028564,133.904678,-96.123398,304.353363,136.420578,,,
2586,21.550000,15:00:03:08.02,-96.649864,302.153473,133.248154,-96.643700,309.029694,133.905441,-96.138725,304.354492,136.421234,,,
2587,21.558333,15:00:03:08.03,-96.650520,302.153900,133.247772,-96.648170,309.033325,133.908401,-96.137146,304.352844,136.420258,,,
2588,21.566667,15:00:03:09.00,-96.649643,302.154144,133.248810,-96.646149,309.033447,133.907089,-96.138008,304.353577,136.422760,,,
2589,21.575000,15:00:03:09.01,-96.649536,302.155396,133.248444,-96.647659,309.034851,133.906372,-96.140648,304.356171,136.423035,,,
2590,21.583333,15:00:03:09.02,-96.649323,302.154724,133.248489,-96.648567,309.035767,133.907532,-96.140152,304.357086,136.422516,,,
2591,21.591667,15:00:03:09.03,-96.648560,302.155426,133.248718,-96.649368,309.036102,133.907730,-96.140648,304.357727,136.422882,,,
2592,21.600000,15:00:03:10.00,-96.650620,302.154388,133.248505,-96.648132,309.035187,133.907440,-96.141830,304.356995,136.421921,,,
2593,21.608333,15:00:03:10.01,-96.650703,302.153931,133.248459,-96.645569,309.034210,133.904434,-96.140793,304.355682,136.422195,,,
2594,21.616667,15:00:03:10.02,-96.650154,302.152985,133.247726,-96.644447,309.032959,133.904160,-96.139008,304.354889,136.421387,,,
2595,21.625000,15:00:03:10.03,-96.651390,302.153076,133.248260,-96.643173,309.033051,133.903809,-96.120949,304.353058,136.421097,,,
2596,21.633333,15:00:03:11.00,-96.651039,302.153839,133.248749,-96.643845,309.033478,133.903961,-96.137817,304.356201,136.421585,,,
2597,21.641667,15:00:03:11.01,-96.649345,302.152771,133.247559,-96.644363,309.032837,133.903366,-96.142174,304.355774,136.423080,,,
2598,21.650000,15:00:03:11.02,-96.646408,302.150787,133.245926,-96.645477,309.032166,133.903091,-96.125168,304.353821,136.421051,,,
2599,21.658333,15:00:03:11.03,-96.642914,302.147034,133.246582,-96.645256,309.031525,133.903748,-96.139236,304.355255,136.421967,,,
2600,21.666667,15:00:03:12.00,-96.644562,302.148376,133.248688,-96.644958,309.032837,133.903687,-96.140038,304.354492,136.421844,,,
2601,21.675000,15:00:03:12.01,-96.651566,302.149933,133.250839,-96.644226,309.031036,133.901810,-96.138092,304.354614,136.421402,,,
2602,21.683333,15:00:03:12.02,-96.657372,302.154938,133.255783,-96.644402,309.031586,133.903061,-96.139839,304.353149,136.421036,,,
2603,21.691667,15:00:03:12.03,-96.666405,302.158264,133.258087,-96.644089,309.032990,133.903351,-96.138420,304.354492,136.422699,,,
2604,21.700000,15:00:03:13.00,-96.667519,302.159302,133.258667,-96.644958,309.033722,133.903915,-96.136475,304.352509,136.420471,,,
2605,21.708333,15:00:03:13.01,-96.664719,302.160431,133.257111,-96.647614,309.033478,133.905701,-96.137413,304.352722,136.421906,,,
2606,21.716667,15:00:03:13.02,-96.659470,302.161682,133.255417,-96.646759,309.032837,133.904358,-96.135628,304.351624,136.420547,,,
2607,21.725000,15:00:03:13.03,-96.651848,302.159729,133.251938,-96.645126,309.032166,133.904953,-96.135117,304.353180,136.419495,,,
2608,21.733333,15:00:03:14.00,-96.651863,302.158569,133.251236,-96.643814,309.033173,133.903320,-96.137512,304.354370,136.420578,,,
2609,21.741667,15:00:03:14.01,-96.649841,302.157257,133.250824,-96.644142,309.031342,133.903015,-96.135315,304.355347,136.420822,,,
2610,21.750000,15:00:03:14.02,-96.651840,302.158936,133.251114,-96.646996,309.030762,133.902039,-96.137672,304.356537,136.421768,,,
2611,21.758333,15:00:03:14.03,-96.649567,302.159607,133.251251,-96.647621,309.031799,133.902634,-96.141998,304.358704,136.422867,,,
2612,21.766667,15:00:03:15.00,-96.649132,302.158386,133.250275,-96.646812,309.032227,133.902817,-96.140663,304.358612,136.422379,,,
2613,21.775000,15:00:03:15.01,-96.650848,302.159180,133.251007,-96.648170,309.031403,133.902863,-96.139420,304.359009,136.423218,,,
2614,21.783333,15:00:03:15.02,-96.648949,302.159088,133.249588,-96.647438,309.031158,133.901901,-96.137764,304.357178,136.421631,,,
2615,21.791667,15:00:03:15.03,-96.648064,302.158691,133.249023,-96.646622,309.029633,133.901871,-96.139175,304.358185,136.421066,,,
2616,21.800000,15:00:03:16.00,-96.649017,302.157806,133.248749,-96.648636,309.028564,133.902512,-96.139290,304.358643,136.421967,,,
2617,21.808333,15:00:03:16.01,-96.649918,302.152069,133.245224,-96.648064,309.028687,133.902496,-96.139679,304.357635,136.421219,,,
2618,21.816667,15:00:03:16.02,-96.652969,302.158081,133.242416,-96.650764,309.030121,133.904602,-96.138054,304.358124,136.420685,,,
2619,21.825000,15:00:03:16.03,-96.645721,302.185944,133.257980,-96.651054,309.030579,133.904327,-96.138939,304.356262,136.419617,,,
2620,21.833333,15:00:03:17.00,-96.635399,302.150574,133.246613,-96.662201,309.035675,133.904053,-96.136620,304.350555,136.420792,,,
2621,21.841667,15:00:03:17.01,-96.646454,302.139130,133.242020,-96.654808,309.031097,133.905716,-96.138779,304.363647,136.421371,,,
2622,21.850000,15:00:03:17.02,-96.646332,302.137939,133.241440,-96.662369,309.038147,133.903366,-96.135017,304.377472,136.428452,,,
2623,21.858333,15:00:03:17.03,-96.650192,302.136810,133.240479,-96.653404,309.032227,133.905716,-96.130630,304.350891,136.423462,,,
2624,21.866667,15:00:03:18.00,-96.649933,302.136261,133.240677,-96.651695,309.033997,133.905899,-96.126266,304.358612,136.437347,,,
2625,21.875000,15:00:03:18.01,-96.646843,302.136810,133.240219,-96.653061,309.033478,133.906921,-96.120148,304.365936,136.445404,,,
2626,21.883333,15:00:03:18.02,-96.646469,302.138916,133.242096,-96.652962,309.033447,133.905869,-96.133644,304.359436,136.419220,,,
2627,21.891667,15:00:03:18.03,-96.651947,302.135986,133.240356,-96.653107,309.031738,133.903778,-96.129341,304.365295,136.426651,,,
2628,21.900000,15:00:03:19.00,-96.650940,302.138428,133.240723,-96.660835,309.033142,133.902664,-96.125725,304.380096,136.437729,,,
2629,21.908333,15:00:03:19.01,-96.650383,302.138763,133.241226,-96.662834,309.035431,133.904831,-96.121964,304.388794,136.447784,,,
2630,21.916667,15:00:03:19.02,-96.647804,302.139679,133.240845,-96.652870,309.033600,133.903946,-96.119904,304.360352,136.442261,,,
2631,21.925000,15:00:03:19.03,-96.650688,302.139404,133.239563,-96.650185,309.035156,133.903748,-96.132172,304.360870,136.421982,,,
2632,21.933333,15:00:03:20.00,-96.650757,302.137787,133.238739,-96.650269,309.034576,133.904099,-96.133598,304.352539,136.416794,,,
2633,21.941667,15:00:03:20.01,-96.651253,302.137726,133.237183,-96.659843,309.040771,133.902771,-96.134758,304.350708,136.414169,,,
2634,21.950000,15:00:03:20.02,-96.647316,302.138367,133.236725,-96.653374,309.033264,133.902222,-96.134880,304.357208,136.418671,,,
2635,21.958333,15:00:03:20.03,-96.644455,302.136414,133.238525,-96.652435,309.033661,133.903290,-96.135742,304.357178,136.420441,,,
2636,21.966667,15:00:03:21.00,-96.643623,302.137604,133.239685,-96.653488,309.034454,133.902939,-96.136307,304.357819,136.418762,,,
2637,21.975000,15:00:03:21.01,-96.642174,302.137390,133.241013,-96.651283,309.033844,133.904724,-96.136635,304.356750,136.419373,,,
2638,21.983333,15:00:03:21.02,-96.624580,302.151428,133.265961,-96.650780,309.034882,133.907135,-96.135162,304.356689,136.418915,,,
2639,21.991667,15:00:03:21.03,-96.614876,302.159454,133.263046,-96.648369,309.033783,133.905060,-96.135406,304.354889,136.417770,,,
2640,22.000000,15:00:03:22.00,-96.641792,302.155701,133.242126,-96.651161,309.034119,133.906143,-96.134850,304.355469,136.417160,,,
2641,22.008333,15:00:03:22.01,-96.648064,302.152740,133.245956,-96.660316,309.041107,133.903915,-96.135017,304.353943,136.417267,,,
2642,22.016667,15:00:03:22.02,-96.644577,302.153687,133.245987,-96.651634,309.032837,133.904709,-96.136642,304.354980,136.418945,,,
2643,22.025000,15:00:03:22.03,-96.642044,302.154877,133.244965,-96.648964,309.033264,133.903748,-96.134926,304.355469,136.418427,,,
2644,22.033333,15:00:03:23.00,-96.644516,302.155334,133.244919,-96.646866,309.032959,133.903900,-96.135681,304.354523,136.417740,,,
2645,22.041667,15:00:03:23.01,-96.643166,302.155914,133.245667,-96.645317,309.033783,133.904297,-96.135010,304.355652,136.418243,,,
2646,22.050000,15:00:03:23.02,-96.642670,302.153656,133.245529,-96.644867,309.032715,133.903320,-96.136391,304.354950,136.417358,,,
2647,22.058333,15:00:03:23.03,-96.644394,302.153839,133.245514,-96.645866,309.033600,133.902786,-96.135239,304.354431,136.418182,,,
2648,22.066667,15:00:03:24.00,-96.644043,302.154724,133.245850,-96.645157,309.033539,133.902695,-96.134735,304.354034,136.418961,,,
2649,22.075000,15:00:03:24.01,-96.644730,302.154327,133.245499,-96.645912,309.032715,133.903427,-96.136131,304.354767,136.419586,,,
2650,22.083333,15:00:03:24.02,-96.644684,302.153717,133.246857,-96.644112,309.032074,133.903290,-96.136444,304.355682,136.419144,,,
2651,22.091667,15:00:03:24.03,-96.647072,302.154327,133.246902,-96.644173,309.032593,133.902512,-96.135017,304.355072,136.418549,,,
2652,22.100000,15:00:03:25.00,-96.645729,302.153320,133.246033,-96.644302,309.032593,133.902161,-96.135864,304.354706,136.418457,,,
2653,22.108333,15:00:03:25.01,-96.643707,302.154175,133.245270,-96.644234,309.033478,133.902435,-96.119469,304.354065,136.417801,,,
2654,22.116667,15:00:03:25.02,-96.645660,302.153412,133.246445,-96.643837,309.033081,133.902069,-96.135178,304.355804,136.419266,,,
2655,22.125000,15:00:03:25.03,-96.643356,302.154816,133.245544,-96.644440,309.032776,133.903320,-96.136467,304.355377,136.419434,,,
2656,22.133333,15:00:03:26.00,-96.644699,302.154144,133.246155,-96.643791,309.032623,133.901566,-96.136894,304.353607,136.417709,,,
2657,22.141667,15:00:03:26.01,-96.647034,302.153778,133.245285,-96.642899,309.030518,133.902328,-96.136177,304.353912,136.418457,,,
2658,22.150000,15:00:03:26.02,-96.646721,302.153931,133.246643,-96.643082,309.030762,133.901306,-96.138115,304.353088,136.418228,,,
2659,22.158333,15:00:03:26.03,-96.646309,302.153442,133.245804,-96.642456,309.031311,133.901794,-96.137192,304.353180,136.418945,,,
2660,22.166667,15:00:03:27.00,-96.647697,302.153381,133.246429,-96.642525,309.031738,133.902634,-96.136917,304.353027,136.418777,,,
2661,22.175000,15:00:03:27.01,-96.644417,302.153503,133.245712,-96.642960,309.031158,133.902771,-96.138733,304.354492,136.418457,,,
2662,22.183333,15:00:03:27.02,-96.644714,302.153656,133.246872,-96.642746,309.032104,133.902283,-96.137932,304.355438,136.418671,,,
2663,22.191667,15:00:03:27.03,-96.644768,302.154480,133.245438,-96.642601,309.032135,133.902405,-96.137314,304.353607,136.418884,,,
2664,22.200000,15:00:03:28.00,-96.645996,302.152435,133.246216,-96.642937,309.031342,133.903778,-96.134483,304.354065,136.417892,,,
2665,22.208333,15:00:03:28.01,-96.644791,302.153625,133.246262,-96.641212,309.032318,133.902817,-96.135307,304.352722,136.417236,,,
2666,22.216667,15:00:03:28.02,-96.645065,302.154022,133.246002,-96.642136,309.031830,133.902878,-96.136185,304.352753,136.418289,,,
2667,22.225000,15:00:03:28.03,-96.643951,302.153839,133.246033,-96.641502,309.031311,133.901337,-96.137047,304.354187,136.419296,,,
2668,22.233333,15:00:03:29.00,-96.646439,302.153503,133.246429,-96.641365,309.032288,133.902039,-96.135765,304.355011,136.419022,,,
2669,22.241667,15:00:03:29.01,-96.644798,302.154816,133.245544,-96.642731,309.032440,133.902267,-96.137833,304.354187,136.418777,,,
2670,22.250000,15:00:03:29.02,-96.647163,302.154419,133.247269,-96.643234,309.033264,133.902466,-96.136810,304.353424,136.418564,,,
2671,22.258333,15:00:03:29.03,-96.647057,302.154724,133.245865,-96.641525,309.032837,133.901733,-96.137199,304.354797,136.419189,,,
2672,22.266667,15:00:04:00.00,-96.646202,302.154907,133.245224,-96.641052,309.033478,133.901672,-96.137245,304.356110,136.418549,,,
2673,22.275000,15:00:04:00.01,-96.646843,302.156982,133.246368,-96.651772,309.040985,133.899658,-96.137428,304.358063,136.419693,,,
2674,22.283333,15:00:04:00.02,-96.647461,302.158905,133.246368,-96.644547,309.036530,133.901016,-96.121445,304.359283,136.418503,,,
2675,22.291667,15:00:04:00.03,-96.645790,302.159058,133.245529,-96.640739,309.037170,133.900330,-96.119835,304.361115,136.418900,,,
2676,22.300000,15:00:04:01.00,-96.643417,302.159698,133.246536,-96.641449,309.037384,133.900970,-96.136032,304.362000,136.419052,,,
2677,22.308333,15:00:04:01.01,-96.641823,302.160461,133.246017,-96.639549,309.037933,133.900787,-96.135620,304.360535,136.420029,,,
2678,22.316667,15:00:04:01.02,-96.644081,302.160797,133.245865,-96.637283,309.038940,133.901627,-96.117340,304.363098,136.418182,,,
2679,22.325000,15:00:04:01.03,-96.642776,302.162659,133.245499,-96.637550,309.040161,133.900589,-96.113907,304.365021,136.419022,,,
2680,22.333333,15:00:04:02.00,-96.640091,302.164185,133.246475,-96.635658,309.041656,133.900055,-96.114990,304.367188,136.418991,,,
2681,22.341667,15:00:04:02.01,-96.639626,302.165558,133.247116,-96.635887,309.043640,133.901566,-96.113434,304.368530,136.418732,,,
2682,22.350000,15:00:04:02.02,-96.639122,302.166229,133.248093,-96.634453,309.041595,133.900848,-96.111557,304.368317,136.418396,,,
2683,22.358333,15:00:04:02.03,-96.640053,302.164703,133.246475,-96.635406,309.042511,133.900940,-96.112831,304.368652,136.418747,,,
2684,22.366667,15:00:04:03.00,-96.639458,302.163147,133.245667,-96.634903,309.041687,133.900574,-96.112045,304.366211,136.417114,,,
2685,22.375000,15:00:04:03.01,-96.645065,302.161285,133.246399,-96.637573,309.039612,133.900223,-96.116310,304.364563,136.418671,,,
2686,22.383333,15:00:04:03.02,-96.643608,302.159821,133.245407,-96.638580,309.037781,133.900208,-96.133423,304.362244,136.418564,,,
2687,22.391667,15:00:04:03.03,-96.647011,302.158295,133.246628,-96.641983,309.036865,133.901001,-96.121864,304.360077,136.418137,,,
2688,22.400000,15:00:04:04.00,-96.649017,302.157257,133.245667,-96.646149,309.035187,133.900986,-96.140495,304.359863,136.418610,,,
2689,22.408333,15:00:04:04.01,-96.652740,302.156342,133.245346,-96.645721,309.033539,133.901321,-96.142548,304.356689,136.419937,,,
2690,22.416667,15:00:04:04.02,-96.651886,302.154572,133.246292,-96.646057,309.033386,133.901794,-96.141396,304.355713,136.418915,,,
2691,22.425000,15:00:04:04.03,-96.652275,302.153320,133.245270,-96.644188,309.033325,133.902603,-96.138489,304.357330,136.420212,,,
2692,22.433333,15:00:04:05.00,-96.648529,302.154663,133.245743,-96.643158,309.033051,133.901779,-96.138725,304.356506,136.419403,,,
2693,22.441667,15:00:04:05.01,-96.643539,302.155914,133.246094,-96.641167,309.032684,133.900742,-96.119423,304.356079,136.418259,,,
2694,22.450000,15:00:04:05.02,-96.640404,302.154968,133.246094,-96.638084,309.033386,133.899872,-96.115837,304.357910,136.418640,,,
2695,22.458333,15:00:04:05.03,-96.639542,302.154816,133.246353,-96.639175,309.033752,133.901825,-96.115723,304.357025,136.418228,,,
2696,22.466667,15:00:04:06.00,-96.640602,302.155579,133.246384,-96.636879,309.033691,133.901443,-96.114052,304.356171,136.418015,,,
2697,22.475000,15:00:04:06.01,-96.639732,302.155151,133.245102,-96.637115,309.033478,133.901947,-96.112389,304.355896,136.417603,,,
2698,22.483333,15:00:04:06.02,-96.640923,302.154785,133.245224,-96.636597,309.033478,133.901886,-96.111862,304.354492,136.417908,,,
2699,22.491667,15:00:04:06.03,-96.641556,302.153870,133.246582,-96.637711,309.033722,133.901016,-96.112663,304.355774,136.417618,,,
2700,22.500000,15:00:04:07.00,-96.642738,302.155151,133.247116,-96.638687,309.033905,133.901840,-96.114647,304.354767,136.418564,,,
2701,22.508333,15:00:04:07.01,-96.643387,302.154907,133.247681,-96.637657,309.033447,133.900757,-96.114792,304.355957,136.418091,,,
2702,22.516667,15:00:04:07.02,-96.643089,302.154327,133.246750,-96.639435,309.031708,133.900635,-96.132538,304.355225,136.418854,,,
2703,22.525000,15:00:04:07.03,-96.644753,302.153748,133.245163,-96.641006,309.032806,133.900864,-96.135406,304.353394,136.419083,,,
2704,22.533333,15:00:04:08.00,-96.648315,302.151978,133.247131,-96.641525,309.030029,133.902023,-96.138344,304.352081,136.417953,,,
2705,22.541667,15:00:04:08.01,-96.647766,302.149933,133.246017,-96.643410,309.029572,133.902771,-96.140480,304.350159,136.418747,,,
2706,22.550000,15:00:04:08.02,-96.649414,302.149597,133.245850,-96.645844,309.028351,133.903519,-96.140656,304.347412,136.419449,,,
2707,22.558333,15:00:04:08.03,-96.648628,302.148499,133.245056,-96.649925,309.026794,133.903961,-96.142967,304.348206,136.419785,,,
2708,22.566667,15:00:04:09.00,-96.649666,302.149139,133.246033,-96.650650,309.027679,133.904114,-96.142479,304.347321,136.419495,,,
2709,22.575000,15:00:04:09.01,-96.649673,302.149017,133.245224,-96.647560,309.025909,133.902252,-96.141068,304.348541,136.418976,,,
2710,22.583333,15:00:04:09.02,-96.647873,302.148163,133.244904,-96.644470,309.027252,133.901459,-96.139267,304.348694,136.419601,,,
2711,22.591667,15:00:04:09.03,-96.647583,302.148376,133.246429,-96.642952,309.028748,133.902328,-96.138962,304.349762,136.418945,,,
2712,22.600000,15:00:04:10.00,-96.645660,302.150665,133.246811,-96.642593,309.027924,133.902573,-96.134964,304.349243,136.419128,,,
2713,22.608333,15:00:04:10.01,-96.642868,302.150238,133.245575,-96.639999,309.028198,133.901947,-96.133377,304.349915,136.419891,,,
2714,22.616667,15:00:04:10.02,-96.639885,302.151154,133.245987,-96.639397,309.029388,133.902405,-96.133842,304.351868,136.419724,,,
2715,22.625000,15:00:04:10.03,-96.642372,302.150970,133.247116,-96.648224,309.035004,133.900742,-96.115700,304.349518,136.419647,,,
2716,22.633333,15:00:04:11.00,-96.642441,302.150726,133.247299,-96.641289,309.028473,133.902878,-96.130417,304.352448,136.418045,,,
2717,22.641667,15:00:04:11.01,-96.641441,302.149078,133.245926,-96.636826,309.029083,133.901291,-96.114174,304.349670,136.418625,,,
2718,22.650000,15:00:04:11.02,-96.641212,302.151001,133.245865,-96.635742,309.030518,133.900925,-96.113052,304.352142,136.417831,,,
2719,22.658333,15:00:04:11.03,-96.642838,302.151855,133.245834,-96.636993,309.031464,133.902130,-96.115135,304.353394,136.417603,,,
2720,22.666667,15:00:04:12.00,-96.644913,302.153107,133.246429,-96.639481,309.031097,133.901947,-96.133171,304.354187,136.418411,,,
2721,22.675000,15:00:04:12.01,-96.643074,302.153168,133.245209,-96.641525,309.032166,133.903778,-96.136452,304.353241,136.419220,,,
2722,22.683333,15:00:04:12.02,-96.645905,302.155090,133.246323,-96.642632,309.034332,133.902161,-96.119263,304.353821,136.418381,,,
2723,22.691667,15:00:04:12.03,-96.645905,302.156097,133.245575,-96.642250,309.033203,133.901840,-96.137024,304.357605,136.418533,,,
2724,22.700000,15:00:04:13.00,-96.648682,302.155426,133.245453,-96.643639,309.033905,133.901688,-96.138931,304.355774,136.419037,,,
2725,22.708333,15:00:04:13.01,-96.651047,302.155457,133.245987,-96.644943,309.034332,133.902435,-96.140289,304.357605,136.418900,,,
2726,22.716667,15:00:04:13.02,-96.650055,302.157196,133.245956,-96.645523,309.032593,133.903168,-96.142097,304.357971,136.420395,,,
2727,22.725000,15:00:04:13.03,-96.648636,302.156006,133.245712,-96.647530,309.034210,133.902908,-96.140251,304.357788,136.419006,,,
2728,22.733333,15:00:04:14.00,-96.647247,302.157990,133.246109,-96.645065,309.035461,133.901733,-96.140137,304.357544,136.419632,,,
2729,22.741667,15:00:04:14.01,-96.647781,302.158356,133.246338,-96.642586,309.034424,133.901367,-96.139809,304.359161,136.419464,,,
2730,22.750000,15:00:04:14.02,-96.648270,302.158752,133.247345,-96.640396,309.036530,133.900375,-96.136765,304.359955,136.418732,,,
2731,22.758333,15:00:04:14.03,-96.645355,302.158539,133.246429,-96.650002,309.042114,133.900635,-96.117264,304.359375,136.418167,,,
2732,22.766667,15:00:04:15.00,-96.644341,302.158783,133.246811,-96.638771,309.036957,133.900085,-96.114754,304.362061,136.418533,,,
2733,22.775000,15:00:04:15.01,-96.642395,302.160126,133.247528,-96.638145,309.037292,133.901489,-96.113518,304.361938,136.419937,,,
2734,22.783333,15:00:04:15.02,-96.641739,302.160339,133.247345,-96.636009,309.037384,133.900635,-96.113167,304.361633,136.419052,,,
2735,22.791667,15:00:04:15.03,-96.640297,302.159668,133.246338,-96.635849,309.038055,133.900543,-96.112366,304.360687,136.417938,,,
2736,22.800000,15:00:04:16.00,-96.638885,302.158234,133.246597,-96.635818,309.038300,133.900177,-96.111305,304.359161,136.418564,,,
2737,22.808333,15:00:04:16.01,-96.640083,302.159058,133.245880,-96.636276,309.036652,133.900757,-96.111923,304.359711,136.417831,,,
2738,22.816667,15:00:04:16.02,-96.641518,302.157684,133.245163,-96.636444,309.037415,133.901352,-96.113892,304.359589,136.418137,,,
2739,22.825000,15:00:04:16.03,-96.642723,302.158020,133.245468,-96.646759,309.041748,133.900513,-96.133499,304.359955,136.419907,,,
2740,22.833333,15:00:04:17.00,-96.646507,302.157867,133.246033,-96.643051,309.036499,133.900528,-96.119995,304.357880,136.418182,,,
2741,22.841667,15:00:04:17.01,-96.648422,302.156067,133.245392,-96.644707,309.035980,133.902664,-96.137115,304.359650,136.419907,,,
2742,22.850000,15:00:04:17.02,-96.651260,302.156891,133.244843,-96.644981,309.035889,133.901520,-96.140694,304.358337,136.419128,,,
2743,22.858333,15:00:04:17.03,-96.652557,302.157623,133.246704,-96.647346,309.035645,133.901764,-96.142082,304.358276,136.419174,,,
2744,22.866667,15:00:04:18.00,-96.651810,302.157410,133.246780,-96.647552,309.034760,133.902222,-96.142426,304.357422,136.419266,,,
2745,22.875000,15:00:04:18.01,-96.650703,302.155548,133.246750,-96.646423,309.033539,133.901077,-96.141464,304.356659,136.419495,,,
2746,22.883333,15:00:04:18.02,-96.651367,302.155243,133.245621,-96.646072,309.031891,133.901108,-96.142181,304.354645,136.418701,,,
2747,22.891667,15:00:04:18.03,-96.649223,302.154205,133.245499,-96.645172,309.032196,133.901306,-96.140167,304.353302,136.418121,,,
2748,22.900000,15:00:04:19.00,-96.649673,302.154907,133.245544,-96.644905,309.031555,133.902252,-96.140701,304.354156,136.418091,,,
2749,22.908333,15:00:04:19.01,-96.647530,302.152649,133.244354,-96.643372,309.032501,133.903046,-96.136467,304.354706,136.418228,,,
2750,22.916667,15:00:04:19.02,-96.644585,302.152649,133.245712,-96.640297,309.033112,133.902390,-96.137146,304.354218,136.418411,,,
2751,22.925000,15:00:04:19.03,-96.645279,302.154816,133.247467,-96.638443,309.031952,133.901245,-96.117805,304.353424,136.417419,,,
2752,22.933333,15:00:04:20.00,-96.641785,302.154053,133.245667,-96.636452,309.032288,133.900757,-96.114960,304.354919,136.417557,,,
2753,22.941667,15:00:04:20.01,-96.639565,302.154816,133.245636,-96.637802,309.032959,133.901413,-96.111610,304.355316,136.417526,,,
2754,22.950000,15:00:04:20.02,-96.640305,302.154541,133.245743,-96.637657,309.033752,133.902145,-96.114616,304.356964,136.418686,,,
2755,22.958333,15:00:04:20.03,-96.640846,302.154114,133.245026,-96.636978,309.031952,133.901764,-96.114105,304.355194,136.417801,,,
2756,22.966667,15:00:04:21.00,-96.641556,302.154510,133.245987,-96.640327,309.031982,133.902222,-96.133026,304.355438,136.419525,,,
2757,22.975000,15:00:04:21.01,-96.642426,302.154999,133.246078,-96.639389,309.032959,133.901566,-96.117332,304.353943,136.417831,,,
2758,22.983333,15:00:04:21.02,-96.644661,302.153870,133.244827,-96.640434,309.032623,133.902100,-96.134010,304.355774,136.418503,,,
2759,22.991667,15:00:04:21.03,-96.646988,302.153320,133.245026,-96.641907,309.033600,133.901306,-96.137665,304.355499,136.418625,,,
2760,23.000000,15:00:04:22.00,-96.648987,302.154694,133.246475,-96.643501,309.032043,133.901154,-96.138687,304.355499,136.419083,,,
2761,23.008333,15:00:04:22.01,-96.647827,302.154938,133.244949,-96.644226,309.032745,133.902695,-96.139015,304.356659,136.418839,,,
2762,23.016667,15:00:04:22.02,-96.648636,302.156128,133.245529,-96.643875,309.033112,133.901245,-96.139717,304.355499,136.418777,,,
2763,23.025000,15:00:04:22.03,-96.648369,302.156372,133.246201,-96.645645,309.033295,133.901077,-96.139702,304.356720,136.418106,,,
2764,23.033333,15:00:04:23.00,-96.647606,302.157288,133.245712,-96.645760,309.034119,133.901199,-96.138794,304.358002,136.418976,,,
2765,23.041667,15:00:04:23.01,-96.649414,302.156677,133.246155,-96.645248,309.033783,133.901642,-96.138298,304.358795,136.417953,,,
2766,23.050000,15:00:04:23.02,-96.647232,302.156006,133.244812,-96.643929,309.034210,133.902496,-96.137260,304.358368,136.418121,,,
2767,23.058333,15:00:04:23.03,-96.644730,302.157501,133.245544,-96.641800,309.033813,133.901138,-96.118607,304.356171,136.417557,,,
2768,23.066667,15:00:04:24.00,-96.643654,302.156250,133.246155,-96.642044,309.034790,133.900803,-96.134506,304.358154,136.418335,,,
2769,23.075000,15:00:04:24.01,-96.644508,302.156189,133.245819,-96.640442,309.034119,133.901184,-96.135536,304.358521,136.418610,,,
2770,23.083333,15:00:04:24.02,-96.642365,302.156342,133.245880,-96.640465,309.034210,133.901535,-96.133133,304.356445,136.418335,,,
2771,23.091667,15:00:04:24.03,-96.645218,302.157837,133.246658,-96.638695,309.033844,133.901947,-96.134491,304.358185,136.418259,,,
2772,23.100000,15:00:04:25.00,-96.642670,302.156830,133.245163,-96.638596,309.036163,133.900543,-96.114609,304.356659,136.417496,,,
2773,23.108333,15:00:04:25.01,-96.641182,302.156128,133.246475,-96.638069,309.035034,133.901230,-96.131645,304.358246,136.418427,,,
2774,23.116667,15:00:04:25.02,-96.642303,302.157440,133.245499,-96.636650,309.034363,133.900421,-96.115784,304.356445,136.417358,,,
2775,23.125000,15:00:04:25.03,-96.641014,302.157318,133.245789,-96.637543,309.033905,133.901077,-96.114326,304.357788,136.418198,,,
2776,23.133333,15:00:04:26.00,-96.639740,302.155701,133.244614,-96.640808,309.034332,133.901840,-96.132591,304.357788,136.418365,,,
2777,23.141667,15:00:04:26.01,-96.643082,302.155396,133.244629,-96.640434,309.033478,133.900681,-96.117989,304.355774,136.417496,,,
2778,23.150000,15:00:04:26.02,-96.646782,302.155151,133.246979,-96.640785,309.033661,133.900375,-96.135925,304.357880,136.419312,,,
2779,23.158333,15:00:04:26.03,-96.646996,302.154877,133.245712,-96.642265,309.032532,133.901627,-96.137497,304.355682,136.418564,,,
2780,23.166667,15:00:04:27.00,-96.646515,302.153839,133.245010,-96.642944,309.031982,133.900970,-96.138313,304.355316,136.417007,,,
2781,23.175000,15:00:04:27.01,-96.646973,302.153870,133.246078,-96.643951,309.031830,133.901947,-96.139259,304.354797,136.418732,,,
2782,23.183333,15:00:04:27.02,-96.645813,302.154572,133.244263,-96.643600,309.034790,133.900742,-96.139763,304.355835,136.418076,,,
2783,23.191667,15:00:04:27.03,-96.647652,302.155273,133.246307,-96.645569,309.034027,133.902481,-96.138176,304.356140,136.418808,,,
2784,23.200000,15:00:04:28.00,-96.647171,302.156067,133.244751,-96.642860,309.033051,133.900101,-96.137970,304.356750,136.417648,,,
2785,23.208333,15:00:04:28.01,-96.645050,302.155762,133.244110,-96.640656,309.033417,133.900848,-96.137192,304.356750,136.419052,,,
2786,23.216667,15:00:04:28.02,-96.643463,302.155884,133.244736,-96.640686,309.035065,133.900970,-96.135826,304.356537,136.418732,,,
2787,23.225000,15:00:04:28.03,-96.643188,302.156403,133.245438,-96.638580,309.034546,133.901855,-96.117874,304.356262,136.418015,,,
2788,23.233333,15:00:04:29.00,-96.643829,302.156525,133.246796,-96.637993,309.035217,133.901718,-96.114494,304.357635,136.418015,,,
2789,23.241667,15:00:04:29.01,-96.641289,302.156982,133.245010,-96.637268,309.035522,133.900558,-96.113876,304.358734,136.418091,,,
2790,23.250000,15:00:04:29.02,-96.643143,302.155579,133.245819,-96.636917,309.034485,133.900589,-96.114143,304.357208,136.417969,,,
2791,23.258333,15:00:04:29.03,-96.641922,302.157135,133.246033,-96.637482,309.035004,133.901123,-96.113800,304.356537,136.418106,,,
2792,23.266667,15:00:05:00.00,-96.640907,302.156219,133.246384,-96.636787,309.034363,133.900650,-96.114685,304.357483,136.418594,,,
2793,23.275000,15:00:05:00.01,-96.642426,302.155548,133.246552,-96.636810,309.034149,133.900635,-96.112427,304.356323,136.416885,,,
2794,23.283333,15:00:05:00.02,-96.641937,302.156128,133.246414,-96.638199,309.033234,133.901062,-96.114845,304.355286,136.417206,,,
2795,23.291667,15:00:05:00.03,-96.641861,302.155640,133.245773,-96.639641,309.032593,133.901321,-96.115219,304.355042,136.417389,,,
2796,23.300000,15:00:05:01.00,-96.641602,302.153351,133.245468,-96.640175,309.031921,133.901352,-96.116348,304.354248,136.418228,,,
2797,23.308333,15:00:05:01.01,-96.643982,302.153473,133.245697,-96.641167,309.030121,133.901093,-96.134148,304.353638,136.418228,,,
2798,23.316667,15:00:05:01.02,-96.645149,302.150757,133.244400,-96.641594,309.028778,133.901901,-96.136871,304.351166,136.418442,,,
2799,23.325000,15:00:05:01.03,-96.647690,302.149658,133.244461,-96.643913,309.028015,133.901978,-96.137505,304.349640,136.418106,,,
2800,23.333333,15:00:05:02.00,-96.647484,302.150085,133.244720,-96.644836,309.028259,133.901520,-96.138107,304.348602,136.418488,,,
2801,23.341667,15:00:05:02.01,-96.648651,302.147736,133.245224,-96.644196,309.027130,133.902908,-96.138885,304.348389,136.419006,,,
2802,23.350000,15:00:05:02.02,-96.649269,302.148132,133.245667,-96.643692,309.027008,133.901596,-96.138802,304.348145,136.418991,,,
2803,23.358333,15:00:05:02.03,-96.646843,302.149872,133.246307,-96.642410,309.027222,133.902283,-96.137733,304.348389,136.418640,,,
2804,23.366667,15:00:05:03.00,-96.644165,302.150574,133.245193,-96.642746,309.028564,133.902603,-96.119331,304.349152,136.416794,,,
2805,23.375000,15:00:05:03.01,-96.643341,302.150940,133.244766,-96.640923,309.029541,133.901367,-96.134758,304.351746,136.418625,,,
2806,23.383333,15:00:05:03.02,-96.644180,302.151154,133.245407,-96.639793,309.029724,133.901321,-96.133430,304.350983,136.418427,,,
2807,23.391667,15:00:05:03.03,-96.641930,302.151215,133.246277,-96.638649,309.029999,133.901840,-96.131660,304.352081,136.417633,,,
2808,23.400000,15:00:05:04.00,-96.643761,302.151489,133.245880,-96.638031,309.030029,133.901489,-96.114937,304.351807,136.417542,,,
2809,23.408333,15:00:05:04.01,-96.641701,302.152008,133.245773,-96.638802,309.031067,133.901642,-96.115150,304.353607,136.417969,,,
2810,23.416667,15:00:05:04.02,-96.642570,302.153107,133.245132,-96.637589,309.031189,133.901627,-96.114021,304.352905,136.416901,,,
2811,23.425000,15:00:05:04.03,-96.644394,302.153809,133.245026,-96.638916,309.032410,133.901642,-96.115547,304.353943,136.418747,,,
2812,23.433333,15:00:05:05.00,-96.643532,302.152802,133.247070,-96.639252,309.032440,133.902069,-96.114304,304.354218,136.418198,,,
2813,23.441667,15:00:05:05.01,-96.640617,302.154541,133.246140,-96.640099,309.033325,133.901764,-96.115440,304.354584,136.416870,,,
2814,23.450000,15:00:05:05.02,-96.642372,302.155060,133.246094,-96.640343,309.032867,133.902390,-96.133896,304.357178,136.419647,,,
2815,23.458333,15:00:05:05.03,-96.646484,302.155334,133.246292,-96.641350,309.033417,133.901276,-96.119278,304.355774,136.418472,,,
2816,23.466667,15:00:05:06.00,-96.645653,302.154633,133.246536,-96.641121,309.033142,133.900696,-96.134804,304.357635,136.418869,,,
2817,23.475000,15:00:05:06.01,-96.646431,302.154449,133.246536,-96.641449,309.032440,133.902924,-96.138145,304.355347,136.418259,,,
2818,23.483333,15:00:05:06.02,-96.646667,302.153015,133.245605,-96.644211,309.031464,133.901962,-96.137657,304.353577,136.418655,,,
2819,23.491667,15:00:05:06.03,-96.648666,302.152313,133.247025,-96.644035,309.030243,133.901627,-96.138054,304.352966,136.418671,,,
2820,23.500000,15:00:05:07.00,-96.647278,302.151520,133.245377,-96.642792,309.029388,133.902100,-96.139267,304.351379,136.418137,,,
2821,23.508333,15:00:05:07.01,-96.646187,302.150787,133.245789,-96.645096,309.029297,133.902161,-96.137352,304.351837,136.419479,,,
2822,23.516667,15:00:05:07.02,-96.646568,302.150940,133.246033,-96.643105,309.029327,133.902283,-96.137276,304.351288,136.418289,,,
2823,23.525000,15:00:05:07.03,-96.646713,302.151581,133.246094,-96.641907,309.029694,133.902908,-96.136284,304.352844,136.419342,,,
2824,23.533333,15:00:05:08.00,-96.645714,302.151917,133.245895,-96.642479,309.030975,133.901901,-96.134224,304.352692,136.418854,,,
2825,23.541667,15:00:05:08.01,-96.644180,302.152252,133.246002,-96.639954,309.031433,133.901276,-96.134758,304.352966,136.417999,,,
2826,23.550000,15:00:05:08.02,-96.641357,302.152802,133.246201,-96.637955,309.031952,133.901352,-96.132210,304.354004,136.419235,,,
2827,23.558333,15:00:05:08.03,-96.640091,302.153717,133.246338,-96.638527,309.031738,133.901596,-96.115616,304.354889,136.419006,,,
2828,23.566667,15:00:05:09.00,-96.640015,302.154541,133.245605,-96.636513,309.031860,133.901062,-96.112640,304.355957,136.417984,,,
2829,23.575000,15:00:05:09.01,-96.638466,302.154724,133.247131,-96.636734,309.031738,133.901779,-96.114006,304.356323,136.418991,,,
2830,23.583333,15:00:05:09.02,-96.640411,302.156342,133.245926,-96.636711,309.034760,133.901764,-96.114311,304.356598,136.418549,,,
2831,23.591667,15:00:05:09.03,-96.639542,302.157898,133.246429,-96.637566,309.035004,133.902344,-96.113754,304.357361,136.418854,,,
2832,23.600000,15:00:05:10.00,-96.639725,302.157684,133.246124,-96.637390,309.035126,133.901047,-96.114639,304.358032,136.418915,,,
2833,23.608333,15:00:05:10.01,-96.644226,302.159210,133.248108,-96.637970,309.035919,133.900208,-96.115417,304.360016,136.417389,,,
2834,23.616667,15:00:05:10.02,-96.644882,302.159454,133.247681,-96.638153,309.036224,133.900757,-96.115715,304.360992,136.418365,,,
2835,23.625000,15:00:05:10.03,-96.644661,302.159271,133.245926,-96.639023,309.037292,133.900864,-96.114838,304.359802,136.417694,,,
2836,23.633333,15:00:05:11.00,-96.643929,302.158569,133.247055,-96.639114,309.036530,133.900681,-96.133041,304.358734,136.418152,,,
2837,23.641667,15:00:05:11.01,-96.642883,302.156128,133.244690,-96.640556,309.033691,133.902649,-96.117584,304.353912,136.417328,,,
2838,23.650000,15:00:05:11.02,-96.642479,302.153168,133.245667,-96.639732,309.032501,133.901199,-96.135216,304.355011,136.417770,,,
2839,23.658333,15:00:05:11.03,-96.643837,302.151642,133.245880,-96.640686,309.028534,133.900482,-96.136147,304.351654,136.419052,,,
2840,23.666667,15:00:05:12.00,-96.646645,302.148956,133.245010,-96.642548,309.027679,133.902039,-96.134384,304.350433,136.416977,,,
2841,23.675000,15:00:05:12.01,-96.645294,302.149078,133.244354,-96.643166,309.027283,133.902328,-96.135414,304.347778,136.417465,,,
2842,23.683333,15:00:05:12.02,-96.644920,302.148499,133.245773,-96.641281,309.027283,133.901428,-96.135834,304.348663,136.418015,,,
2843,23.691667,15:00:05:12.03,-96.643829,302.148163,133.245392,-96.640511,309.028656,133.901794,-96.116951,304.347778,136.417542,,,
2844,23.700000,15:00:05:13.00,-96.640739,302.149170,133.244537,-96.638161,309.028046,133.900696,-96.112717,304.349823,136.416550,,,
2845,23.708333,15:00:05:13.01,-96.641685,302.149902,133.244644,-96.638283,309.029541,133.901138,-96.113297,304.350647,136.417099,,,
2846,23.716667,15:00:05:13.02,-96.640198,302.150330,133.244781,-96.636490,309.028687,133.900940,-96.115173,304.350555,136.416611,,,
2847,23.725000,15:00:05:13.03,-96.642990,302.152283,133.245300,-96.636459,309.030243,133.901779,-96.132660,304.353271,136.417801,,,
2848,23.733333,15:00:05:14.00,-96.641907,302.153961,133.245667,-96.637711,309.032288,133.901001,-96.116196,304.354126,136.416794,,,
2849,23.741667,15:00:05:14.01,-96.642647,302.156250,133.246445,-96.639839,309.034424,133.900375,-96.115425,304.358398,136.417984,,,
2850,23.750000,15:00:05:14.02,-96.642647,302.158691,133.245712,-96.636810,309.036133,133.900238,-96.116074,304.360138,136.417572,,,
2851,23.758333,15:00:05:14.03,-96.641716,302.160797,133.246750,-96.637085,309.039581,133.900742,-96.114983,304.363281,136.417526,,,
2852,23.766667,15:00:05:15.00,-96.641495,302.163727,133.246140,-96.635742,309.041626,133.900391,-96.112862,304.365936,136.417068,,,
2853,23.775000,15:00:05:15.01,-96.642624,302.165466,133.247284,-96.633598,309.041779,133.898880,-96.112183,304.368011,136.418228,,,
2854,23.783333,15:00:05:15.02,-96.641380,302.166473,133.247559,-96.636620,309.043213,133.900101,-96.113289,304.369751,136.417770,,,
2855,23.791667,15:00:05:15.03,-96.643486,302.167084,133.246765,-96.635963,309.043335,133.900391,-96.115089,304.370972,136.419510,,,
2856,23.800000,15:00:05:16.00,-96.640358,302.166351,133.247375,-96.636360,309.042969,133.899536,-96.113441,304.369598,136.419128,,,
2857,23.808333,15:00:05:16.01,-96.642723,302.164886,133.246475,-96.635292,309.041229,133.900238,-96.113083,304.367645,136.418503,,,
2858,23.816667,15:00:05:16.02,-96.643486,302.161682,133.246078,-96.637405,309.040100,133.902420,-96.113823,304.365112,136.417618,,,
2859,23.825000,15:00:05:16.03,-96.641449,302.159729,133.246536,-96.636459,309.038788,133.900879,-96.113647,304.361267,136.417557,,,
2860,23.833333,15:00:05:17.00,-96.644447,302.158417,133.246780,-96.638489,309.036316,133.901672,-96.113998,304.358826,136.417511,,,
2861,23.841667,15:00:05:17.01,-96.644897,302.155762,133.246552,-96.639198,309.032959,133.901550,-96.132317,304.356598,136.419342,,,
2862,23.850000,15:00:05:17.02,-96.641464,302.153168,133.244598,-96.640793,309.031982,133.901535,-96.134666,304.354095,136.419159,,,
2863,23.858333,15:00:05:17.03,-96.642616,302.151398,133.246857,-96.640488,309.029816,133.902252,-96.116547,304.350189,136.418411,,,
2864,23.866667,15:00:05:18.00,-96.643761,302.148407,133.245438,-96.639618,309.027588,133.902390,-96.134399,304.350220,136.418350,,,
2865,23.875000,15:00:05:18.01,-96.643547,302.147247,133.244598,-96.640717,309.026428,133.902710,-96.133286,304.344879,136.416824,,,
2866,23.883333,15:00:05:18.02,-96.643730,302.144775,133.244263,-96.641312,309.023499,133.902405,-96.134674,304.342743,136.417496,,,
2867,23.891667,15:00:05:18.03,-96.645851,302.144135,133.244156,-96.643143,309.024414,133.902222,-96.135437,304.343048,136.417328,,,
2868,23.900000,15:00:05:19.00,-96.646423,302.143921,133.243423,-96.644699,309.022552,133.902298,-96.136955,304.342255,136.418152,,,
2869,23.908333,15:00:05:19.01,-96.648705,302.143799,133.244690,-96.645752,309.022766,133.901520,-96.139618,304.343262,136.418289,,,
2870,23.916667,15:00:05:19.02,-96.646858,302.145203,133.244308,-96.646347,309.023010,133.903214,-96.140518,304.343628,136.418335,,,
2871,23.925000,15:00:05:19.03,-96.649269,302.146423,133.244507,-96.646629,309.024872,133.902145,-96.140648,304.345642,136.417099,,,
2872,23.933333,15:00:05:20.00,-96.649948,302.148285,133.244919,-96.646187,309.026489,133.902756,-96.140480,304.347565,136.418915,,,
2873,23.941667,15:00:05:20.01,-96.649818,302.151001,133.245270,-96.645897,309.029114,133.901672,-96.139954,304.350983,136.418121,,,
2874,23.950000,15:00:05:20.02,-96.649437,302.155151,133.245773,-96.643692,309.032745,133.901672,-96.139481,304.354279,136.418335,,,
2875,23.958333,15:00:05:20.03,-96.646965,302.156860,133.246536,-96.643745,309.034698,133.901535,-96.137459,304.357971,136.418365,,,
2876,23.966667,15:00:05:21.00,-96.647133,302.159058,133.246429,-96.642868,309.036865,133.900940,-96.136688,304.359253,136.419586,,,
2877,23.975000,15:00:05:21.01,-96.644211,302.160461,133.246292,-96.643303,309.039307,133.901352,-96.120903,304.361603,136.418182,,,
2878,23.983333,15:00:05:21.02,-96.645668,302.161163,133.246689,-96.641090,309.038483,133.901306,-96.132576,304.364868,136.419678,,,
2879,23.991667,15:00:05:21.03,-96.642143,302.161682,133.246262,-96.639717,309.040344,133.901184,-96.116867,304.363983,136.417877,,,
2880,24.000000,15:00:05:22.00,-96.643341,302.162384,133.246582,-96.639374,309.039490,133.901840,-96.114113,304.364868,136.418030,,,
2881,24.008333,15:00:05:22.01,-96.644279,302.159393,133.246918,-96.639160,309.040253,133.900238,-96.116394,304.362427,136.418060,,,
2882,24.016667,15:00:05:22.02,-96.642860,302.159973,133.245972,-96.639153,309.036835,133.901047,-96.116226,304.361237,136.418289,,,
2883,24.025000,15:00:05:22.03,-96.644279,302.158112,133.245483,-96.639381,309.036346,133.901840,-96.116852,304.358887,136.417755,,,
2884,24.033333,15:00:05:23.00,-96.644005,302.156586,133.246780,-96.640350,309.035553,133.901810,-96.117683,304.357635,136.419159,,,
2885,24.041667,15:00:05:23.01,-96.642632,302.154633,133.245926,-96.641037,309.032898,133.901978,-96.117310,304.355469,136.417252,,,
2886,24.050000,15:00:05:23.02,-96.645515,302.152740,133.245529,-96.642258,309.032318,133.901474,-96.135040,304.354309,136.418625,,,
2887,24.058333,15:00:05:23.03,-96.647766,302.149994,133.245270,-96.643402,309.028534,133.901382,-96.136749,304.350220,136.418869,,,
2888,24.066667,15:00:05:24.00,-96.648232,302.148529,133.244461,-96.644730,309.026764,133.902191,-96.136986,304.348389,136.418228,,,
2889,24.075000,15:00:05:24.01,-96.648712,302.145996,133.244125,-96.645676,309.024658,133.902054,-96.139381,304.345551,136.418533,,,
2890,24.083333,15:00:05:24.02,-96.645424,302.144592,133.243500,-96.647209,309.023804,133.903076,-96.138550,304.343475,136.417892,,,
2891,24.091667,15:00:05:24.03,-96.648369,302.144531,133.242569,-96.647690,309.022888,133.902481,-96.139511,304.343048,136.417358,,,
2892,24.100000,15:00:05:25.00,-96.647667,302.145447,133.243164,-96.647408,309.023773,133.902924,-96.139664,304.344238,136.418610,,,
2893,24.108333,15:00:05:25.01,-96.647057,302.147034,133.243713,-96.647202,309.025848,133.901260,-96.140366,304.345581,136.418274,,,
2894,24.116667,15:00:05:25.02,-96.648712,302.148743,133.245758,-96.645500,309.026489,133.902283,-96.141266,304.350006,136.419815,,,
2895,24.125000,15:00:05:25.03,-96.646431,302.150848,133.245422,-96.643021,309.029449,133.902054,-96.137207,304.352692,136.417572,,,
2896,24.133333,15:00:05:26.00,-96.646477,302.152954,133.245972,-96.642265,309.031677,133.901184,-96.135849,304.354431,136.418777,,,
2897,24.141667,15:00:05:26.01,-96.644989,302.153381,133.245697,-96.640968,309.032776,133.900955,-96.134903,304.354645,136.417130,,,
2898,24.150000,15:00:05:26.02,-96.643265,302.156006,133.245499,-96.639755,309.034027,133.899933,-96.133575,304.355499,136.417145,,,
2899,24.158333,15:00:05:26.03,-96.644440,302.156494,133.246643,-96.638794,309.035339,133.900421,-96.118256,304.358002,136.417175,,,
2900,24.166667,15:00:05:27.00,-96.647125,302.159241,133.246857,-96.640625,309.036377,133.900421,-96.117493,304.360565,136.418549,,,
2901,24.175000,15:00:05:27.01,-96.646164,302.159637,133.248047,-96.640396,309.037201,133.901062,-96.117531,304.361664,136.418594,,,
2902,24.183333,15:00:05:27.02,-96.645248,302.159729,133.246887,-96.641029,309.037079,133.900803,-96.134361,304.363373,136.418884,,,
2903,24.191667,15:00:05:27.03,-96.645798,302.160675,133.246918,-96.640594,309.037750,133.902145,-96.118034,304.361877,136.418060,,,
2904,24.200000,15:00:05:28.00,-96.647369,302.159027,133.246857,-96.640610,309.037903,133.900925,-96.116409,304.359924,136.417404,,,
2905,24.208333,15:00:05:28.01,-96.647949,302.157745,133.246262,-96.642204,309.037231,133.901901,-96.118996,304.360352,136.418762,,,
2906,24.216667,15:00:05:28.02,-96.647392,302.156891,133.245804,-96.641663,309.035980,133.900650,-96.134453,304.359650,136.418503,,,
2907,24.225000,15:00:05:28.03,-96.647957,302.156128,133.247711,-96.644974,309.035980,133.902969,-96.137794,304.357361,136.419144,,,
2908,24.233333,15:00:05:29.00,-96.650681,302.154694,133.247910,-96.646011,309.034119,133.902496,-96.138474,304.355499,136.418655,,,
2909,24.241667,15:00:05:29.01,-96.649696,302.152222,133.247055,-96.645645,309.031067,133.902664,-96.138802,304.351807,136.417938,,,
2910,24.250000,15:00:05:29.02,-96.649055,302.149261,133.245010,-96.647308,309.029266,133.903198,-96.138260,304.348480,136.418182,,,
2911,24.258333,15:00:05:29.03,-96.646866,302.146851,133.243561,-96.646065,309.027771,133.903793,-96.137283,304.345734,136.417130,,,
2912,24.266667,15:00:06:00.00,-96.646240,302.146149,133.244751,-96.647102,309.026947,133.904572,-96.135864,304.344849,136.416809,,,
2913,24.275000,15:00:06:00.01,-96.646683,302.145721,133.243347,-96.656204,309.032928,133.901871,-96.136864,304.344513,136.417465,,,
2914,24.283333,15:00:06:00.02,-96.647385,302.146545,133.244278,-96.648659,309.026306,133.903854,-96.137726,304.345886,136.417877,,,
2915,24.291667,15:00:06:00.03,-96.643639,302.148315,133.245392,-96.645340,309.029114,133.903336,-96.135727,304.349091,136.419098,,,
2916,24.300000,15:00:06:01.00,-96.644165,302.149292,133.245789,-96.644348,309.030762,133.905334,-96.134407,304.350555,136.418701,,,
2917,24.308333,15:00:06:01.01,-96.642677,302.150452,133.245712,-96.642097,309.030853,133.903122,-96.134605,304.351105,136.418808,,,
2918,24.316667,15:00:06:01.02,-96.642464,302.150970,133.243546,-96.642509,309.031281,133.903214,-96.132126,304.350555,136.417206,,,
2919,24.325000,15:00:06:01.03,-96.642296,302.152710,133.244705,-96.641960,309.031830,133.902634,-96.116295,304.350403,136.417084,,,
2920,24.333333,15:00:06:02.00,-96.642891,302.153076,133.244812,-96.644501,309.033356,133.904343,-96.134148,304.354614,136.417908,,,
2921,24.341667,15:00:06:02.01,-96.646393,302.155334,133.244781,-96.655014,309.041107,133.903458,-96.135361,304.355469,136.419159,,,
2922,24.350000,15:00:06:02.02,-96.644562,302.157104,133.245056,-96.660065,309.043243,133.903137,-96.135864,304.358612,136.418091,,,
2923,24.358333,15:00:06:02.03,-96.645477,302.158630,133.246277,-96.660248,309.043884,133.901184,-96.134590,304.360687,136.418457,,,
2924,24.366667,15:00:06:03.00,-96.644028,302.159943,133.247314,-96.648529,309.038269,133.902527,-96.137680,304.362488,136.419128,,,
2925,24.375000,15:00:06:03.01,-96.644485,302.160431,133.246109,-96.645752,309.038544,133.902008,-96.119606,304.360321,136.418076,,,
2926,24.383333,15:00:06:03.02,-96.645912,302.159363,133.246063,-96.647606,309.038818,133.903290,-96.134911,304.362091,136.416565,,,
2927,24.391667,15:00:06:03.03,-96.647163,302.159821,133.246796,-96.649155,309.038269,133.904510,-96.137459,304.359528,136.418564,,,
2928,24.400000,15:00:06:04.00,-96.644951,302.158081,133.246109,-96.649223,309.037964,133.905304,-96.136055,304.357910,136.417847,,,
2929,24.408333,15:00:06:04.01,-96.645576,302.156891,133.245041,-96.648239,309.035767,133.903946,-96.136734,304.357819,136.418732,,,
2930,24.416667,15:00:06:04.02,-96.645531,302.155029,133.245117,-96.649536,309.034454,133.905945,-96.137962,304.355774,136.417725,,,
2931,24.425000,15:00:06:04.03,-96.644402,302.153290,133.243439,-96.648911,309.032837,133.905609,-96.135437,304.352570,136.416275,,,
2932,24.433333,15:00:06:05.00,-96.646530,302.152496,133.245010,-96.648964,309.030823,133.905975,-96.136322,304.351959,136.418274,,,
2933,24.441667,15:00:06:05.01,-96.646996,302.150360,133.245590,-96.648003,309.029907,133.905441,-96.134712,304.349579,136.417603,,,
2934,24.450000,15:00:06:05.02,-96.643822,302.150299,133.245544,-96.645958,309.028992,133.904510,-96.134415,304.349640,136.417526,,,
2935,24.458333,15:00:06:05.03,-96.642555,302.151001,133.245010,-96.645523,309.029114,133.904343,-96.134048,304.349670,136.417221,,,
2936,24.466667,15:00:06:06.00,-96.640717,302.150330,133.245926,-96.646408,309.029327,133.905136,-96.135017,304.349548,136.417587,,,
2937,24.475000,15:00:06:06.01,-96.641556,302.150879,133.243668,-96.655876,309.035553,133.902557,-96.131409,304.349548,136.416733,,,
2938,24.483333,15:00:06:06.02,-96.640305,302.150696,133.244888,-96.650124,309.029053,133.903946,-96.133827,304.349487,136.417038,,,
2939,24.491667,15:00:06:06.03,-96.642097,302.150940,133.244904,-96.656868,309.035675,133.902664,-96.117813,304.349548,136.417709,,,
2940,24.500000,15:00:06:07.00,-96.642693,302.151428,133.245270,-96.649155,309.029663,133.904160,-96.134361,304.352509,136.419495,,,
2941,24.508333,15:00:06:07.01,-96.644608,302.151794,133.244995,-96.647606,309.030914,133.903244,-96.135208,304.351501,136.417572,,,
2942,24.516667,15:00:06:07.02,-96.647736,302.153687,133.244797,-96.647278,309.032532,133.903473,-96.135376,304.353027,136.417511,,,
2943,24.525000,15:00:06:07.03,-96.647736,302.155670,133.244537,-96.657829,309.039673,133.900970,-96.136833,304.355896,136.417969,,,
2944,24.533333,15:00:06:08.00,-96.646484,302.157104,133.244415,-96.651093,309.034943,133.902512,-96.136856,304.357971,136.417633,,,
2945,24.541667,15:00:06:08.01,-96.645920,302.157654,133.246246,-96.649712,309.037170,133.903442,-96.137375,304.359161,136.419464,,,
2946,24.550000,15:00:06:08.02,-96.647324,302.159058,133.244278,-96.649467,309.038055,133.903885,-96.137901,304.360748,136.419373,,,
2947,24.558333,15:00:06:08.03,-96.645638,302.159302,133.246552,-96.647758,309.038269,133.903717,-96.136765,304.360046,136.418091,,,
2948,24.566667,15:00:06:09.00,-96.647362,302.159027,133.246628,-96.658974,309.044128,133.900452,-96.134750,304.360077,136.417374,,,
2949,24.575000,15:00:06:09.01,-96.644859,302.159180,133.245316,-96.662155,309.042084,133.901794,-96.136551,304.359894,136.417984,,,
2950,24.583333,15:00:06:09.02,-96.644081,302.158386,133.245056,-96.650810,309.035553,133.903214,-96.137222,304.359528,136.417740,,,
2951,24.591667,15:00:06:09.03,-96.644150,302.156677,133.245636,-96.646118,309.032867,133.901794,-96.135834,304.356659,136.417862,,,
2952,24.600000,15:00:06:10.00,-96.642464,302.156555,133.245392,-96.655991,309.039124,133.900345,-96.134171,304.355896,136.419052,,,
2953,24.608333,15:00:06:10.01,-96.643890,302.155518,133.244736,-96.659584,309.038574,133.900421,-96.135506,304.355255,136.418472,,,
2954,24.616667,15:00:06:10.02,-96.643623,302.155151,133.244568,-96.648308,309.030579,133.902328,-96.133659,304.353546,136.417374,,,
2955,24.625000,15:00:06:10.03,-96.644989,302.152954,133.245956,-96.655830,309.035095,133.900314,-96.132668,304.352112,136.417221,,,
2956,24.633333,15:00:06:11.00,-96.642151,302.151611,133.243637,-96.659317,309.035980,133.900665,-96.131775,304.352051,136.418411,,,
2957,24.641667,15:00:06:11.01,-96.640884,302.151794,133.243805,-96.647560,309.028351,133.901489,-96.133873,304.350372,136.417526,,,
2958,24.650000,15:00:06:11.02,-96.644630,302.150970,133.245712,-96.654610,309.035400,133.901398,-96.134033,304.350800,136.418732,,,
2959,24.658333,15:00:06:11.03,-96.641037,302.151154,133.244278,-96.647491,309.027466,133.902222,-96.135147,304.351196,136.418686,,,
2960,24.666667,15:00:06:12.00,-96.642143,302.150391,133.244095,-96.648140,309.028290,133.903076,-96.135521,304.351044,136.417664,,,
2961,24.675000,15:00:06:12.01,-96.643761,302.150391,133.244141,-96.656288,309.033875,133.901230,-96.135284,304.350555,136.418015,,,
2962,24.683333,15:00:06:12.02,-96.645531,302.150879,133.244171,-96.649757,309.028198,133.902542,-96.136223,304.350464,136.417343,,,
2963,24.691667,15:00:06:12.03,-96.645309,302.151886,133.244308,-96.649178,309.029816,133.901855,-96.136337,304.351654,136.417526,,,
2964,24.700000,15:00:06:13.00,-96.646835,302.153900,133.245102,-96.649376,309.030518,133.903091,-96.138405,304.353210,136.418640,,,
2965,24.708333,15:00:06:13.01,-96.644905,302.155151,133.244949,-96.649101,309.032043,133.902237,-96.138275,304.355286,136.417999,,,
2966,24.716667,15:00:06:13.02,-96.645317,302.157410,133.245789,-96.648140,309.032990,133.901352,-96.137360,304.356598,136.417847,,,
2967,24.725000,15:00:06:13.03,-96.645226,302.159241,133.246750,-96.648087,309.034119,133.902069,-96.136909,304.358643,136.418259,,,
2968,24.733333,15:00:06:14.00,-96.643951,302.159485,133.246307,-96.647575,309.034332,133.902222,-96.136139,304.358765,136.419403,,,
2969,24.741667,15:00:06:14.01,-96.642418,302.158813,133.245392,-96.656784,309.041718,133.900818,-96.135475,304.360016,136.418610,,,
2970,24.750000,15:00:06:14.02,-96.640800,302.158173,133.245544,-96.647850,309.035095,133.901077,-96.136055,304.360596,136.418030,,,
2971,24.758333,15:00:06:14.03,-96.644302,302.157013,133.246170,-96.644630,309.034454,133.901443,-96.134079,304.358185,136.418396,,,
2972,24.766667,15:00:06:15.00,-96.642799,302.158508,133.245270,-96.653740,309.039948,133.900818,-96.134201,304.358063,136.418518,,,
2973,24.775000,15:00:06:15.01,-96.644333,302.156952,133.245865,-96.647804,309.032928,133.901016,-96.133759,304.357300,136.418869,,,
2974,24.783333,15:00:06:15.02,-96.642738,302.157104,133.245850,-96.646584,309.033569,133.902557,-96.133606,304.356171,136.417862,,,
2975,24.791667,15:00:06:15.03,-96.642860,302.156494,133.245850,-96.655319,309.038544,133.900635,-96.134392,304.356476,136.419373,,,
2976,24.800000,15:00:06:16.00,-96.643501,302.155853,133.246643,-96.649406,309.032501,133.902374,-96.119408,304.355316,136.417221,,,
2977,24.808333,15:00:06:16.01,-96.645721,302.153900,133.246048,-96.645264,309.031769,133.902298,-96.117867,304.354950,136.417740,,,
2978,24.816667,15:00:06:16.02,-96.645279,302.151947,133.244934,-96.646133,309.032257,133.902435,-96.134277,304.354584,136.418823,,,
2979,24.825000,15:00:06:16.03,-96.643219,302.151703,133.244568,-96.657196,309.036102,133.901459,-96.135536,304.351532,136.417999,,,
2980,24.833333,15:00:06:17.00,-96.644386,302.151764,133.244354,-96.650482,309.029144,133.902893,-96.135231,304.350891,136.418777,,,
2981,24.841667,15:00:06:17.01,-96.646431,302.150513,133.245331,-96.658394,309.033844,133.900146,-96.135727,304.350891,136.417953,,,
2982,24.850000,15:00:06:17.02,-96.645088,302.151123,133.244400,-96.650307,309.028137,133.903244,-96.137466,304.351105,136.418274,,,
2983,24.858333,15:00:06:17.03,-96.645531,302.151733,133.244461,-96.647400,309.028015,133.902664,-96.137260,304.351562,136.418015,,,
2984,24.866667,15:00:06:18.00,-96.645996,302.151489,133.246109,-96.658249,309.033539,133.900742,-96.137306,304.352173,136.418259,,,
2985,24.875000,15:00:06:18.01,-96.646080,302.151978,133.245316,-96.649239,309.028625,133.901871,-96.135704,304.352173,136.417923,,,
2986,24.883333,15:00:06:18.02,-96.644897,302.153229,133.243851,-96.647057,309.030457,133.903519,-96.135193,304.353882,136.418015,,,
2987,24.891667,15:00:06:18.03,-96.646049,302.150574,133.242233,-96.646729,309.031189,133.902786,-96.134392,304.353333,136.418228,,,
2988,24.900000,15:00:06:19.00,-96.644890,302.150513,133.241623,-96.656952,309.038177,133.901230,-96.133507,304.355377,136.417557,,,
2989,24.908333,15:00:06:19.01,-96.645966,302.151703,133.243271,-96.658058,309.039368,133.900574,-96.135010,304.356781,136.419342,,,
2990,24.916667,15:00:06:19.02,-96.643898,302.154236,133.243927,-96.656952,309.040100,133.901184,-96.134239,304.358612,136.419434,,,
2991,24.925000,15:00:06:19.03,-96.642815,302.155365,133.242416,-96.656372,309.041138,133.901031,-96.131531,304.358154,136.419724,,,
2992,24.933333,15:00:06:20.00,-96.645523,302.154968,133.241150,-96.645897,309.033997,133.901215,-96.131973,304.358124,136.418259,,,
2993,24.941667,15:00:06:20.01,-96.646461,302.154083,133.239929,-96.654167,309.040009,133.899307,-96.133217,304.357544,136.418259,,,
2994,24.950000,15:00:06:20.02,-96.645630,302.152405,133.239014,-96.647224,309.033569,133.900696,-96.119019,304.357300,136.417648,,,
2995,24.958333,15:00:06:20.03,-96.645721,302.153687,133.241501,-96.645782,309.033539,133.901505,-96.131668,304.359283,136.417953,,,
2996,24.966667,15:00:06:21.00,-96.644173,302.155121,133.242844,-96.646614,309.033813,133.902771,-96.133728,304.357361,136.417572,,,
2997,24.975000,15:00:06:21.01,-96.643486,302.157440,133.245544,-96.648346,309.033813,133.902679,-96.136093,304.357117,136.417862,,,
2998,24.983333,15:00:06:21.02,-96.642433,302.157043,133.246780,-96.648010,309.032990,133.902740,-96.134979,304.356110,136.418076,,,
2999,24.991667,15:00:06:21.03,-96.643105,302.154602,133.244675,-96.646843,309.032166,133.903564,-96.134026,304.356323,136.418777,,,
3000,25.000000,15:00:06:22.00,-96.644684,302.152100,133.243805,-96.647675,309.032135,133.903641,-96.135483,304.355194,136.417496,,,
3001,25.008333,15:00:06:22.01,-96.643570,302.149963,133.243683,-96.647453,309.029907,133.903564,-96.134209,304.353516,136.417816,,,
3002,25.016667,15:00:06:22.02,-96.645340,302.150970,133.242599,-96.649559,309.030273,133.903809,-96.136040,304.352753,136.417511,,,
3003,25.025000,15:00:06:22.03,-96.643059,302.152954,133.244019,-96.648071,309.028809,133.903061,-96.136246,304.352081,136.417542,,,
3004,25.033333,15:00:06:23.00,-96.644012,302.152954,133.244080,-96.648582,309.028778,133.903458,-96.136414,304.351318,136.416855,,,
3005,25.041667,15:00:06:23.01,-96.644402,302.152130,133.244156,-96.649498,309.029144,133.903305,-96.135818,304.351959,136.418427,,,
3006,25.050000,15:00:06:23.02,-96.642181,302.151764,133.241684,-96.657372,309.035614,133.902161,-96.133179,304.352875,136.417191,,,
3007,25.058333,15:00:06:23.03,-96.642303,302.151978,133.242767,-96.648994,309.029877,133.901825,-96.133438,304.353088,136.418137,,,
3008,25.066667,15:00:06:24.00,-96.640610,302.154358,133.245163,-96.646538,309.031067,133.902069,-96.133820,304.354034,136.418457,,,
3009,25.075000,15:00:06:24.01,-96.638313,302.155243,133.246124,-96.656891,309.037048,133.901459,-96.133286,304.355469,136.417999,,,
3010,25.083333,15:00:06:24.02,-96.639305,302.154663,133.244461,-96.648689,309.031433,133.902679,-96.133270,304.352509,136.417709,,,
3011,25.091667,15:00:06:24.03,-96.641510,302.152863,133.242935,-96.645645,309.031494,133.901611,-96.134933,304.355072,136.419189,,,
3012,25.100000,15:00:06:25.00,-96.640953,302.152710,133.244415,-96.646187,309.033478,133.903458,-96.132851,304.356110,136.417496,,,
3013,25.108333,15:00:06:25.01,-96.641335,302.155243,133.244156,-96.655724,309.036896,133.900970,-96.133652,304.356354,136.418274,,,
3014,25.116667,15:00:06:25.02,-96.641548,302.156830,133.244965,-96.649994,309.033112,133.901413,-96.133400,304.355438,136.417831,,,
3015,25.125000,15:00:06:25.03,-96.639923,302.157440,133.244904,-96.648834,309.033630,133.903229,-96.134201,304.356476,136.418564,,,
3016,25.133333,15:00:06:26.00,-96.641251,302.157318,133.244461,-96.647072,309.034149,133.902710,-96.134384,304.356262,136.418503,,,
3017,25.141667,15:00:06:26.01,-96.640953,302.157135,133.244659,-96.656647,309.039459,133.901917,-96.133896,304.355713,136.417908,,,
3018,25.150000,15:00:06:26.02,-96.641251,302.157745,133.245544,-96.647728,309.033356,133.903152,-96.135124,304.356628,136.417969,,,
3019,25.158333,15:00:06:26.03,-96.642998,302.157623,133.245819,-96.647774,309.032654,133.902115,-96.137329,304.357239,136.418701,,,
3020,25.166667,15:00:06:27.00,-96.639771,302.156433,133.245422,-96.648933,309.033020,133.902985,-96.136368,304.357056,136.418121,,,
3021,25.175000,15:00:06:27.01,-96.643059,302.156494,133.245987,-96.659042,309.038147,133.900543,-96.134453,304.355377,136.419266,,,
3022,25.183333,15:00:06:27.02,-96.644852,302.155457,133.246201,-96.650352,309.031830,133.903030,-96.136055,304.355591,136.417740,,,
3023,25.191667,15:00:06:27.03,-96.642372,302.155060,133.245941,-96.657860,309.037628,133.902863,-96.134499,304.353607,136.417801,,,
3024,25.200000,15:00:06:28.00,-96.640594,302.152557,133.245667,-96.650085,309.029541,133.903473,-96.136223,304.353271,136.418701,,,
3025,25.208333,15:00:06:28.01,-96.640488,302.152740,133.244827,-96.657532,309.035858,133.902588,-96.134277,304.352997,136.418488,,,
3026,25.216667,15:00:06:28.02,-96.642906,302.154175,133.245453,-96.660011,309.035553,133.901932,-96.134193,304.352173,136.418045,,,
3027,25.225000,15:00:06:28.03,-96.641281,302.153198,133.244751,-96.647903,309.029724,133.902588,-96.134239,304.353180,136.417953,,,
3028,25.233333,15:00:06:29.00,-96.640396,302.153961,133.245361,-96.646675,309.029572,133.904083,-96.133537,304.351318,136.416992,,,
3029,25.241667,15:00:06:29.01,-96.638039,302.153625,133.244995,-96.645935,309.030029,133.904602,-96.133675,304.352173,136.417389,,,
3030,25.250000,15:00:06:29.02,-96.640747,302.153656,133.245819,-96.646790,309.030273,133.904648,-96.134537,304.352600,136.417572,,,
3031,25.258333,15:00:06:29.03,-96.640518,302.154236,133.244614,-96.647041,309.031036,133.903885,-96.133461,304.353577,136.417404,,,
3032,25.266667,15:00:07:00.00,-96.639145,302.155457,133.245377,-96.648407,309.030762,133.903305,-96.133377,304.353455,136.418091,,,
3033,25.275000,15:00:07:00.01,-96.639671,302.156311,133.246170,-96.647163,309.032013,133.904053,-96.134735,304.354919,136.419785,,,
3034,25.283333,15:00:07:00.02,-96.643661,302.154602,133.245026,-96.647369,309.032074,133.904633,-96.135834,304.356018,136.418137,,,
3035,25.291667,15:00:07:00.03,-96.641556,302.157196,133.245438,-96.648232,309.031372,133.902939,-96.134689,304.355988,136.418015,,,
3036,25.300000,15:00:07:01.00,-96.641205,302.157379,133.244980,-96.648689,309.033722,133.902527,-96.135017,304.357025,136.418427,,,
3037,25.308333,15:00:07:01.01,-96.640472,302.158295,133.246429,-96.658989,309.038391,133.901672,-96.135780,304.357178,136.418381,,,
3038,25.316667,15:00:07:01.02,-96.639343,302.158539,133.245270,-96.650391,309.032898,133.902237,-96.135223,304.357971,136.417953,,,
3039,25.325000,15:00:07:01.03,-96.641335,302.157806,133.245102,-96.647583,309.034576,133.903366,-96.136414,304.357086,136.418228,,,
3040,25.333333,15:00:07:02.00,-96.641304,302.159058,133.245178,-96.646378,309.033813,133.903168,-96.135185,304.357635,136.418427,,,
3041,25.341667,15:00:07:02.01,-96.639519,302.157776,133.245316,-96.656837,309.039337,133.900345,-96.136490,304.356750,136.418076,,,
3042,25.350000,15:00:07:02.02,-96.638695,302.158997,133.245605,-96.649162,309.032013,133.903091,-96.135536,304.356659,136.417770,,,
3043,25.358333,15:00:07:02.03,-96.639915,302.157501,133.244995,-96.654907,309.038757,133.902267,-96.136108,304.356110,136.418289,,,
3044,25.366667,15:00:07:03.00,-96.639603,302.156921,133.244888,-96.647858,309.031860,133.902466,-96.134239,304.355255,136.418076,,,
3045,25.375000,15:00:07:03.01,-96.637474,302.156677,133.245148,-96.646385,309.032257,133.903671,-96.134003,304.354950,136.417511,,,
3046,25.383333,15:00:07:03.02,-96.640022,302.155457,133.244293,-96.646065,309.031799,133.902786,-96.133133,304.353821,136.418076,,,
3047,25.391667,15:00:07:03.03,-96.641312,302.153870,133.245163,-96.655243,309.037170,133.901459,-96.133545,304.352966,136.418610,,,
3048,25.400000,15:00:07:04.00,-96.639862,302.154907,133.245026,-96.647614,309.031067,133.903244,-96.134232,304.353058,136.417572,,,
3049,25.408333,15:00:07:04.01,-96.638397,302.154602,133.245728,-96.646675,309.030975,133.903839,-96.133545,304.353271,136.418808,,,
3050,25.416667,15:00:07:04.02,-96.638031,302.155487,133.244751,-96.646355,309.030823,133.903214,-96.133484,304.353271,136.417419,,,
3051,25.425000,15:00:07:04.03,-96.640327,302.154510,133.243988,-96.645737,309.030487,133.903336,-96.133080,304.353546,136.418625,,,
3052,25.433333,15:00:07:05.00,-96.641174,302.154785,133.244492,-96.646461,309.031586,133.903824,-96.134117,304.354034,136.418076,,,
3053,25.441667,15:00:07:05.01,-96.641403,302.155426,133.245636,-96.646484,309.032715,133.903564,-96.135262,304.353821,136.418884,,,
3054,25.450000,15:00:07:05.02,-96.643021,302.155243,133.245056,-96.645737,309.031647,133.904846,-96.135750,304.353119,136.418503,,,
3055,25.458333,15:00:07:05.03,-96.643616,302.156708,133.246841,-96.647110,309.032135,133.903305,-96.136299,304.354889,136.418488,,,
3056,25.466667,15:00:07:06.00,-96.640923,302.155884,133.244797,-96.647354,309.031189,133.902878,-96.136299,304.355621,136.417801,,,
3057,25.475000,15:00:07:06.01,-96.639763,302.156555,133.245178,-96.647415,309.033813,133.904190,-96.137642,304.356079,136.418793,,,
3058,25.483333,15:00:07:06.02,-96.639893,302.158295,133.244492,-96.645668,309.033783,133.904190,-96.136269,304.355743,136.418488,,,
3059,25.491667,15:00:07:06.03,-96.641045,302.157410,133.245117,-96.647720,309.033569,133.904129,-96.134956,304.356812,136.418839,,,
3060,25.500000,15:00:07:07.00,-96.641983,302.156982,133.245636,-96.646935,309.034088,133.903305,-96.133865,304.355408,136.418884,,,
3061,25.508333,15:00:07:07.01,-96.642891,302.157135,133.245987,-96.646561,309.034454,133.902710,-96.134956,304.356873,136.418823,,,
3062,25.516667,15:00:07:07.02,-96.642380,302.156555,133.245346,-96.647049,309.034882,133.902054,-96.135620,304.356750,136.418961,,,
3063,25.525000,15:00:07:07.03,-96.642776,302.157440,133.247253,-96.645058,309.033691,133.903229,-96.135269,304.356110,136.418610,,,
3064,25.533333,15:00:07:08.00,-96.642494,302.157013,133.246536,-96.645760,309.034882,133.902512,-96.134552,304.356232,136.417770,,,
3065,25.541667,15:00:07:08.01,-96.640663,302.156555,133.245224,-96.646080,309.032318,133.903320,-96.133423,304.356445,136.419067,,,
3066,25.550000,15:00:07:08.02,-96.639542,302.156403,133.245346,-96.646294,309.032806,133.904327,-96.134254,304.355408,136.418335,,,
3067,25.558333,15:00:07:08.03,-96.639435,302.156311,133.245270,-96.655067,309.038483,133.902664,-96.132698,304.354492,136.418015,,,
3068,25.566667,15:00:07:09.00,-96.641884,302.156036,133.246185,-96.647797,309.032623,133.903214,-96.135277,304.354584,136.418884,,,
3069,25.575000,15:00:07:09.01,-96.640862,302.155121,133.245163,-96.645149,309.032654,133.904190,-96.134186,304.354279,136.419754,,,
3070,25.583333,15:00:07:09.02,-96.642265,302.154388,133.246323,-96.646217,309.031281,133.903580,-96.135872,304.353973,136.418228,,,
3071,25.591667,15:00:07:09.03,-96.642494,302.155243,133.246262,-96.645943,309.031952,133.903320,-96.135727,304.354004,136.418930,,,
3072,25.600000,15:00:07:10.00,-96.643211,302.155396,133.247131,-96.647202,309.030914,133.903305,-96.136108,304.354828,136.418777,,,
3073,25.608333,15:00:07:10.01,-96.642860,302.154724,133.245743,-96.647499,309.030853,133.903336,-96.135536,304.354248,136.418396,,,
3074,25.616667,15:00:07:10.02,-96.643028,302.154541,133.245422,-96.647728,309.032410,133.904190,-96.136841,304.352295,136.418701,,,
3075,25.625000,15:00:07:10.03,-96.644051,302.153839,133.245209,-96.646362,309.030396,133.903931,-96.136490,304.353180,136.418732,,,
3076,25.633333,15:00:07:11.00,-96.645638,302.153992,133.246124,-96.647697,309.030090,133.903809,-96.135605,304.353088,136.419754,,,
3077,25.641667,15:00:07:11.01,-96.643486,302.154816,133.246033,-96.647079,309.031891,133.903946,-96.136398,304.354645,136.418015,,,
3078,25.650000,15:00:07:11.02,-96.644127,302.155487,133.246094,-96.657440,309.038361,133.903076,-96.136192,304.355927,136.419220,,,
3079,25.658333,15:00:07:11.03,-96.643242,302.156952,133.246262,-96.648514,309.032349,133.902206,-96.134872,304.356232,136.418213,,,
3080,25.666667,15:00:07:12.00,-96.642296,302.156799,133.245895,-96.647377,309.033173,133.903137,-96.135468,304.356201,136.418579,,,
3081,25.675000,15:00:07:12.01,-96.642082,302.157623,133.245697,-96.645424,309.033417,133.902878,-96.134377,304.356171,136.418854,,,
3082,25.683333,15:00:07:12.02,-96.641304,302.157318,133.245270,-96.646622,309.033081,133.901520,-96.134140,304.356323,136.417694,,,
3083,25.691667,15:00:07:12.03,-96.639839,302.156891,133.245270,-96.645233,309.032593,133.901794,-96.135056,304.356781,136.418030,,,
3084,25.700000,15:00:07:13.00,-96.642235,302.156555,133.245911,-96.646553,309.033875,133.903534,-96.133461,304.356323,136.417572,,,
3085,25.708333,15:00:07:13.01,-96.645554,302.156158,133.246414,-96.656265,309.039581,133.901138,-96.135086,304.356995,136.419006,,,
3086,25.716667,15:00:07:13.02,-96.643272,302.155640,133.246063,-96.659180,309.039368,133.902084,-96.122025,304.355438,136.418243,,,
3087,25.725000,15:00:07:13.03,-96.642075,302.156525,133.246475,-96.648880,309.032166,133.903717,-96.134453,304.356171,136.417923,,,
3088,25.733333,15:00:07:14.00,-96.644577,302.156982,133.246689,-96.654861,309.037628,133.901367,-96.136108,304.354706,136.418671,,,
3089,25.741667,15:00:07:14.01,-96.642380,302.156860,133.245392,-96.647591,309.031616,133.902985,-96.136383,304.355774,136.419327,,,
3090,25.750000,15:00:07:14.02,-96.641861,302.155151,133.246017,-96.646561,309.031677,133.903687,-96.135590,304.355743,136.418839,,,
3091,25.758333,15:00:07:14.03,-96.647438,302.154816,133.247620,-96.647438,309.031586,133.903534,-96.137192,304.356323,136.418411,,,
3092,25.766667,15:00:07:15.00,-96.645561,302.153809,133.245361,-96.647141,309.032104,133.902969,-96.135925,304.354919,136.418823,,,
3093,25.775000,15:00:07:15.01,-96.645851,302.153687,133.247162,-96.648293,309.031555,133.903427,-96.136902,304.354950,136.418289,,,
3094,25.783333,15:00:07:15.02,-96.646187,302.154266,133.245499,-96.648743,309.031403,133.902863,-96.137215,304.354980,136.418411,,,
3095,25.791667,15:00:07:15.03,-96.644302,302.154907,133.245773,-96.647957,309.031158,133.903656,-96.136513,304.354004,136.419434,,,
3096,25.800000,15:00:07:16.00,-96.643509,302.154358,133.245453,-96.645912,309.031097,133.903625,-96.135201,304.353394,136.418076,,,
3097,25.808333,15:00:07:16.01,-96.643646,302.153503,133.244186,-96.645905,309.031342,133.903702,-96.135315,304.354431,136.418472,-196.339111,314.000214,159.936829
3098,25.816667,15:00:07:16.02,-96.643753,302.154358,133.246246,-96.647865,309.031647,133.903473,-96.134689,304.354584,136.418457,-196.382141,313.990631,159.892899
3099,25.825000,15:00:07:16.03,-96.643806,302.154694,133.245636,-96.646568,309.031342,133.903015,-96.135002,304.354004,136.419357,-196.406448,313.974976,159.868332
3100,25.833333,15:00:07:17.00,-96.643784,302.154816,133.246262,-96.646774,309.033569,133.903854,-96.135071,304.354553,136.418777,-196.437988,313.958374,159.907166
3101,25.841667,15:00:07:17.01,-96.645470,302.155304,133.246719,-96.646568,309.033478,133.903152,-96.134720,304.355194,136.418015,-196.463654,313.939178,159.961945
3102,25.850000,15:00:07:17.02,-96.641953,302.155853,133.247040,-96.645744,309.033447,133.902817,-96.134583,304.355316,136.418900,-196.492477,313.923340,159.996231
3103,25.858333,15:00:07:17.03,-96.641197,302.156067,133.244583,-96.645157,309.033661,133.903580,-96.133133,304.355042,136.418503,-196.531967,313.920074,160.000839
3104,25.866667,15:00:07:18.00,-96.643852,302.155396,133.246567,-96.645203,309.032043,133.902161,-96.134697,304.354889,136.418411,-196.578461,313.916718,159.990112
3105,25.875000,15:00:07:18.01,-96.644196,302.155029,133.245605,-96.644989,309.032776,133.902649,-96.135727,304.355011,136.418594,-196.621017,313.910400,159.984512
3106,25.883333,15:00:07:18.02,-96.645454,302.155273,133.246033,-96.644524,309.032227,133.902451,-96.136726,304.355957,136.420135,-196.671890,313.892303,159.992157
3107,25.891667,15:00:07:18.03,-96.645889,302.155396,133.245682,-96.645561,309.032471,133.902695,-96.136162,304.355255,136.418320,-196.739258,313.882904,160.007553
3108,25.900000,15:00:07:19.00,-96.644264,302.156006,133.245987,-96.646927,309.033234,133.903275,-96.134903,304.355560,136.418396,-196.786697,313.875153,160.041306
3109,25.908333,15:00:07:19.01,-96.644409,302.155243,133.245697,-96.647079,309.032288,133.902954,-96.135300,304.356018,136.418335,-196.824127,313.875397,160.078079
3110,25.916667,15:00:07:19.02,-96.646194,302.156464,133.246658,-96.646889,309.031860,133.902557,-96.136543,304.356750,136.418457,-196.876892,313.882538,160.100555
3111,25.925000,15:00:07:19.03,-96.644630,302.155121,133.245529,-96.646141,309.031616,133.901443,-96.135818,304.355072,136.417099,-196.950180,313.900452,160.102158
3112,25.933333,15:00:07:20.00,-96.645683,302.155945,133.245956,-96.647850,309.032684,133.902466,-96.136185,304.355225,136.417511,-197.002625,313.910522,160.095184
3113,25.941667,15:00:07:20.01,-96.647087,302.154694,133.246429,-96.646912,309.030823,133.902390,-96.135086,304.353882,136.418121,-197.056763,313.911926,160.068436
3114,25.950000,15:00:07:20.02,-96.644768,302.153839,133.245956,-96.657372,309.037140,133.900696,-96.135292,304.353485,136.417679,-197.117203,313.901459,160.029465
3115,25.958333,15:00:07:20.03,-96.643295,302.155151,133.245117,-96.646187,309.031525,133.902328,-96.134712,304.352936,136.418182,-197.194992,313.898773,159.979324
3116,25.966667,15:00:07:21.00,-96.645195,302.153717,133.246017,-96.645729,309.030853,133.903427,-96.135246,304.353027,136.417847,-197.261200,313.903656,159.949249
3117,25.975000,15:00:07:21.01,-96.646927,302.153290,133.245544,-96.644943,309.031189,133.902283,-96.135094,304.354156,136.418869,-197.304459,313.908997,159.939240
3118,25.983333,15:00:07:21.02,-96.646027,302.152710,133.244843,-96.645508,309.029999,133.901825,-96.136948,304.354584,136.418686,-197.325928,313.910309,159.942184
3119,25.991667,15:00:07:21.03,-96.643517,302.154053,133.244888,-96.644325,309.030426,133.901947,-96.134857,304.353455,136.417496,-197.341095,313.903687,159.942825
3120,26.000000,15:00:07:22.00,-96.643356,302.153687,133.244156,-96.643555,309.031281,133.902618,-96.133568,304.352448,136.417862,-197.363373,313.894958,159.943344
3121,26.008333,15:00:07:22.01,-96.645477,302.152527,133.245270,-96.644493,309.031769,133.903641,-96.134171,304.353668,136.418167,-197.386612,313.887817,159.953964
3122,26.016667,15:00:07:22.02,-96.643936,302.153839,133.245911,-96.644318,309.031403,133.901978,-96.134308,304.353241,136.417755,-197.407669,313.905365,159.997482
3123,26.025000,15:00:07:22.03,-96.645256,302.153839,133.246429,-96.643669,309.031677,133.902466,-96.133568,304.353912,136.418335,-197.423248,313.933502,160.053024
3124,26.033333,15:00:07:23.00,-96.644272,302.154572,133.246094,-96.646156,309.032196,133.902344,-96.134552,304.354370,136.418060,-197.430664,313.928345,160.109528
3125,26.041667,15:00:07:23.01,-96.645523,302.155365,133.245636,-96.645248,309.030640,133.901123,-96.136131,304.354523,136.417908,-197.433655,313.907135,160.148544
3126,26.050000,15:00:07:23.02,-96.645859,302.155914,133.244492,-96.645584,309.031982,133.901611,-96.136009,304.356018,136.417847,-197.437073,313.885406,160.161774
3127,26.058333,15:00:07:23.03,-96.645287,302.154846,133.246567,-96.645012,309.032623,133.902954,-96.134758,304.355682,136.418610,-197.436432,313.871948,160.153381
3128,26.066667,15:00:07:24.00,-96.643051,302.155884,133.244354,-96.645386,309.032440,133.902237,-96.135887,304.355347,136.418457,-197.436386,313.864471,160.139008
3129,26.075000,15:00:07:24.01,-96.643433,302.153961,133.244431,-96.645370,309.031342,133.902527,-96.135925,304.354156,136.418045,-197.438507,313.854584,160.127121
3130,26.083333,15:00:07:24.02,-96.645218,302.154388,133.245544,-96.648148,309.032593,133.902618,-96.137360,304.355408,136.417847,-197.443878,313.840637,160.131104
3131,26.091667,15:00:07:24.03,-96.645149,302.154846,133.245605,-96.656120,309.037323,133.900833,-96.119156,304.354523,136.417740,-197.439835,313.830963,160.147217
3132,26.100000,15:00:07:25.00,-96.642296,302.155945,133.245102,-96.648491,309.032379,133.903656,-96.134331,304.356598,136.417267,-197.436172,313.817444,160.153336
3133,26.108333,15:00:07:25.01,-96.645760,302.155396,133.246201,-96.655418,309.037354,133.900146,-96.135811,304.355255,136.417450,-197.425385,313.800842,160.147675
3134,26.116667,15:00:07:25.02,-96.645584,302.156433,133.245514,-96.647682,309.031860,133.902771,-96.136581,304.355499,136.418564,-197.410522,313.779694,160.127014
3135,26.125000,15:00:07:25.03,-96.646698,302.152649,133.245850,-96.645592,309.031403,133.902512,-96.134865,304.355347,136.417786,-197.383636,313.747437,160.112000
3136,26.133333,15:00:07:26.00,-96.648651,302.153259,133.245209,-96.645859,309.030487,133.902466,-96.133827,304.353638,136.417389,-197.352859,313.694489,160.105942
3137,26.141667,15:00:07:26.01,-96.645752,302.154144,133.245529,-96.646103,309.032104,133.902115,-96.136055,304.355133,136.419388,-197.324783,313.631042,160.103775
3138,26.150000,15:00:07:26.02,-96.643646,302.154785,133.245987,-96.645889,309.030304,133.902435,-96.135139,304.353180,136.417297,-197.301605,313.575806,160.097504
3139,26.158333,15:00:07:26.03,-96.645004,302.152618,133.246780,-96.645126,309.030304,133.901245,-96.134071,304.353394,136.418137,-197.276810,313.529816,160.090485
3140,26.166667,15:00:07:27.00,-96.647217,302.152863,133.247284,-96.645447,309.031281,133.902939,-96.134140,304.354248,136.418610,-197.251007,313.479340,160.082977
3141,26.175000,15:00:07:27.01,-96.647026,302.152496,133.245026,-96.646118,309.030426,133.903320,-96.119316,304.352966,136.418060,-197.201187,313.406708,160.083527
3142,26.183333,15:00:07:27.02,-96.645691,302.153625,133.245590,-96.646950,309.030609,133.903442,-96.134064,304.354034,136.418396,-197.122925,313.298279,160.085770
3143,26.191667,15:00:07:27.03,-96.645493,302.153656,133.245468,-96.646271,309.030457,133.902771,-96.134758,304.352905,136.418198,-197.069824,313.196594,160.078644
3144,26.200000,15:00:07:28.00,-96.644600,302.152954,133.243698,-96.644440,309.031799,133.902924,-96.135330,304.353455,136.418396,-196.999939,313.080750,160.065079
3145,26.208333,15:00:07:28.01,-96.644905,302.151794,133.246536,-96.645447,309.032349,133.902618,-96.133827,304.353760,136.418625,-196.915405,312.925476,160.039597
3146,26.216667,15:00:07:28.02,-96.649200,302.153870,133.246124,-96.646027,309.031311,133.902023,-96.136589,304.354401,136.418472,-196.819031,312.809113,160.042496
3147,26.225000,15:00:07:28.03,-96.646637,302.154266,133.246429,-96.645538,309.031433,133.903427,-96.134872,304.353821,136.419205,-196.716660,312.606903,159.992599
3148,26.233333,15:00:07:29.00,-96.645912,302.154388,133.246765,-96.655952,309.037628,133.901733,-96.137993,304.355225,136.418289,-196.581970,312.389343,159.949188
3149,26.241667,15:00:07:29.01,-96.647308,302.154327,133.246857,-96.646614,309.030640,133.903534,-96.135155,304.353821,136.418777,-196.442459,312.127411,159.937195
3150,26.250000,15:00:07:29.02,-96.648842,302.154999,133.245667,-96.645828,309.032471,133.903244,-96.135948,304.354919,136.417801,-196.288193,311.862457,159.920135
3151,26.258333,15:00:07:29.03,-96.648071,302.154816,133.245773,-96.646629,309.032135,133.903122,-96.136826,304.355377,136.419235,-196.141113,311.571014,159.879669
3152,26.266667,15:00:08:00.00,-96.646378,302.154907,133.246338,-96.645760,309.032928,133.902695,-96.135864,304.353607,136.418488,-195.963333,311.261230,159.845978
3153,26.275000,15:00:08:00.01,-96.647324,302.155945,133.246918,-96.645218,309.033356,133.902206,-96.135353,304.355133,136.417694,-195.795807,310.906128,159.817749
3154,26.283333,15:00:08:00.02,-96.644684,302.155914,133.246918,-96.646156,309.030945,133.902481,-96.136475,304.355011,136.419815,-195.630341,310.553802,159.796585
3155,26.291667,15:00:08:00.03,-96.646431,302.154388,133.246460,-96.645149,309.032257,133.902985,-96.135239,304.354858,136.418457,-195.461868,310.221069,159.749268
3156,26.300000,15:00:08:01.00,-96.647949,302.154755,133.247070,-96.645859,309.032562,133.903000,-96.135399,304.354706,136.418930,-195.299545,309.877899,159.696899
3157,26.308333,15:00:08:01.01,-96.646744,302.153748,133.245926,-96.644470,309.031006,133.902283,-96.135841,304.354797,136.419678,-195.144180,309.538361,159.638611
3158,26.316667,15:00:08:01.02,-96.646355,302.153351,133.245865,-96.646637,309.031738,133.902939,-96.137306,304.354736,136.419067,-195.006317,309.293671,159.599380
3159,26.325000,15:00:08:01.03,-96.645157,302.154602,133.246689,-96.645668,309.033081,133.903625,-96.135506,304.353363,136.418747,-194.932327,309.077362,159.544617
3160,26.333333,15:00:08:02.00,-96.646393,302.154938,133.246490,-96.646477,309.031189,133.904068,-96.137833,304.354065,136.418945,-194.849640,308.994934,159.481979
3161,26.341667,15:00:08:02.01,-96.649292,302.154938,133.246857,-96.646278,309.031311,133.902405,-96.137306,304.353302,136.419327,-194.807587,309.028778,159.452866
3162,26.350000,15:00:08:02.02,-96.647652,302.154816,133.246902,-96.645966,309.031952,133.903015,-96.137604,304.355835,136.418686,-194.796661,309.210541,159.438461
3163,26.358333,15:00:08:02.03,-96.646049,302.154999,133.245697,-96.647430,309.032837,133.903824,-96.136307,304.354370,136.419037,-194.819153,309.511047,159.456955
3164,26.366667,15:00:08:03.00,-96.646561,302.154999,133.246521,-96.646713,309.033600,133.904083,-96.137566,304.355103,136.419327,-194.904968,309.886963,159.491165
3165,26.375000,15:00:08:03.01,-96.649017,302.155121,133.246475,-96.646309,309.032867,133.903137,-96.136826,304.354828,136.419769,-195.055359,310.371674,159.545547
3166,26.383333,15:00:08:03.02,-96.650314,302.154877,133.246902,-96.647469,309.032776,133.903763,-96.137009,304.355408,136.418945,-195.191254,311.034546,159.625534
3167,26.391667,15:00:08:03.03,-96.649666,302.154694,133.247925,-96.646751,309.032379,133.904770,-96.136841,304.354370,136.419083,-195.401520,311.718872,159.728104
3168,26.400000,15:00:08:04.00,-96.648689,302.154236,133.247833,-96.648315,309.032501,133.903473,-96.137321,304.354370,136.419907,-195.718216,312.477631,159.809692
3169,26.408333,15:00:08:04.01,-96.649559,302.155151,133.246490,-96.648148,309.032257,133.904343,-96.137733,304.355011,136.419037,-196.024384,313.311646,159.901535
3170,26.416667,15:00:08:04.02,-96.648994,302.156189,133.245987,-96.647850,309.032654,133.904083,-96.137909,304.355682,136.420151,-196.366196,314.206207,160.109818
3171,26.425000,15:00:08:04.03,-96.649643,302.154755,133.247177,-96.647148,309.032135,133.904083,-96.136826,304.354431,136.419098,-196.833221,315.114838,160.240723
3172,26.433333,15:00:08:05.00,-96.649780,302.155701,133.248444,-96.656418,309.039673,133.901810,-96.136383,304.355927,136.418884,-197.364868,316.005219,160.472778
3173,26.441667,15:00:08:05.01,-96.649078,302.155487,133.245987,-96.648499,309.033203,133.903809,-96.135162,304.356537,136.418915,-197.899460,316.914551,160.664749
3174,26.450000,15:00:08:05.02,-96.645180,302.154175,133.246613,-96.645699,309.032501,133.902802,-96.135132,304.355133,136.419312,-198.569534,317.792786,160.909271
3175,26.458333,15:00:08:05.03,-96.644867,302.155518,133.245712,-96.646286,309.032684,133.902847,-96.133217,304.354065,136.417587,-199.130280,318.589203,161.123108
3176,26.466667,15:00:08:06.00,-96.644630,302.155579,133.246933,-96.646278,309.033356,133.903458,-96.135101,304.354462,136.418976,-199.653290,319.132660,161.339401
3177,26.475000,15:00:08:06.01,-96.644272,302.155151,133.245544,-96.654633,309.039551,133.900940,-96.135536,304.353699,136.417908,-199.949265,319.416016,161.556183
3178,26.483333,15:00:08:06.02,-96.643272,302.154480,133.246155,-96.646935,309.031952,133.902664,-96.135468,304.354034,136.418396,-199.986465,319.480133,161.726303
3179,26.491667,15:00:08:06.03,-96.642723,302.154938,133.245819,-96.646095,309.032593,133.903366,-96.135025,304.354706,136.419052,-199.880035,319.436951,161.839432
3180,26.500000,15:00:08:07.00,-96.643906,302.153137,133.245346,-96.656380,309.038147,133.901703,-96.134148,304.354065,136.419113,-199.643082,319.230194,161.797470
3181,26.508333,15:00:08:07.01,-96.644920,302.153900,133.245224,-96.647728,309.031464,133.903687,-96.134407,304.353271,136.418945,-199.348953,319.017059,161.636444
3182,26.516667,15:00:08:07.02,-96.645409,302.154449,133.247147,-96.645515,309.031403,133.903152,-96.134499,304.354034,136.418228,-198.967316,318.628662,161.365982
3183,26.525000,15:00:08:07.03,-96.642517,302.153839,133.245193,-96.646858,309.031647,133.902451,-96.134651,304.353821,136.419235,-198.520676,318.172302,161.088364
3184,26.533333,15:00:08:08.00,-96.643219,302.153931,133.245514,-96.646835,309.031189,133.903091,-96.135941,304.353729,136.417694,-198.008865,317.597168,160.808212
3185,26.541667,15:00:08:08.01,-96.642891,302.152649,133.246109,-96.646797,309.031738,133.903915,-96.134659,304.351135,136.417664,-197.463715,316.925415,160.539551
3186,26.550000,15:00:08:08.02,-96.644226,302.152618,133.243256,-96.647636,309.031738,133.903061,-96.134796,304.354462,136.418991,-196.957855,316.124573,160.305969
3187,26.558333,15:00:08:08.03,-96.643158,302.153503,133.245560,-96.647751,309.030701,133.903198,-96.135170,304.354095,136.418015,-196.432663,315.287476,160.095383
3188,26.566667,15:00:08:09.00,-96.644867,302.153503,133.245438,-96.647354,309.030151,133.901169,-96.134628,304.352966,136.418533,-195.920959,314.362579,159.881104
3189,26.575000,15:00:08:09.01,-96.639519,302.152924,133.244507,-96.645538,309.029175,133.902359,-96.135887,304.352966,136.417923,-195.467590,313.445770,159.682327
3190,26.583333,15:00:08:09.02,-96.642670,302.152832,133.244080,-96.646240,309.030273,133.902328,-96.135101,304.353455,136.417603,-195.016525,312.444153,159.532959
3191,26.591667,15:00:08:09.03,-96.643410,302.152649,133.246033,-96.645599,309.030029,133.901154,-96.134880,304.353668,136.417999,-194.622345,311.491577,159.433990
3192,26.600000,15:00:08:10.00,-96.642555,302.153168,133.245667,-96.644493,309.030334,133.901917,-96.132912,304.353119,136.416611,-194.331604,310.548492,159.409912
3193,26.608333,15:00:08:10.01,-96.642593,302.153870,133.244003,-96.645187,309.030762,133.902420,-96.132957,304.353363,136.417023,-194.054993,309.714661,159.406525
3194,26.616667,15:00:08:10.02,-96.646461,302.153290,133.244400,-96.644798,309.031067,133.901489,-96.118713,304.352966,136.417160,-193.850204,308.936157,159.432190
3195,26.625000,15:00:08:10.03,-96.641655,302.153381,133.245117,-96.643570,309.031647,133.901108,-96.131302,304.353882,136.416382,-193.719666,308.216492,159.432114
3196,26.633333,15:00:08:11.00,-96.642899,302.152954,133.245453,-96.644836,309.030579,133.901077,-96.132111,304.353485,136.417038,-193.581985,307.738953,159.425629
3197,26.641667,15:00:08:11.01,-96.642975,302.153839,133.244034,-96.645767,309.030212,133.902710,-96.132820,304.353516,136.417313,-193.506729,307.487823,159.442902
3198,26.650000,15:00:08:11.02,-96.644386,302.153076,133.244400,-96.644218,309.030579,133.901688,-96.134010,304.352844,136.418045,-193.467087,307.413605,159.446899
3199,26.658333,15:00:08:11.03,-96.644394,302.153717,133.245544,-96.643883,309.031586,133.901764,-96.135315,304.353607,136.418015,-193.459351,307.534088,159.456558
3200,26.666667,15:00:08:12.00,-96.641830,302.153351,133.245193,-96.645546,309.031830,133.901871,-96.134872,304.354095,136.416855,-193.518707,307.817444,159.473877
3201,26.675000,15:00:08:12.01,-96.645729,302.154327,133.245346,-96.645134,309.029816,133.901077,-96.134407,304.353760,136.417892,-193.498611,308.368622,159.563141
3202,26.683333,15:00:08:12.02,-96.643768,302.153107,133.245178,-96.655899,309.037292,133.901031,-96.134827,304.354279,136.417358,-193.636200,309.031403,159.602539
3203,26.691667,15:00:08:12.03,-96.640244,302.153503,133.245163,-96.647041,309.029999,133.900620,-96.134399,304.354340,136.417877,-193.733047,309.840942,159.656937
3204,26.700000,15:00:08:13.00,-96.643318,302.154175,133.244980,-96.645279,309.030914,133.901596,-96.135063,304.353302,136.417114,-193.944138,310.778442,159.692459
3205,26.708333,15:00:08:13.01,-96.644081,302.154388,133.245880,-96.655151,309.036224,133.899628,-96.134315,304.353821,136.418564,-194.160965,311.862122,159.759659
3206,26.716667,15:00:08:13.02,-96.642509,302.154449,133.245392,-96.647316,309.029877,133.901947,-96.135452,304.353516,136.417816,-194.552856,312.980255,159.804626
3207,26.725000,15:00:08:13.03,-96.641701,302.153442,133.244461,-96.647064,309.030518,133.902008,-96.136047,304.354248,136.418121,-194.943893,314.189850,159.861084
3208,26.733333,15:00:08:14.00,-96.642212,302.154053,133.245331,-96.646652,309.030914,133.903671,-96.134888,304.352661,136.417526,-195.505768,315.439209,159.957916
3209,26.741667,15:00:08:14.01,-96.640190,302.153290,133.244675,-96.645393,309.030365,133.902893,-96.134476,304.352844,136.417526,-196.113922,316.641998,160.092499
3210,26.750000,15:00:08:14.02,-96.640686,302.155029,133.245316,-96.645241,309.030640,133.902359,-96.135315,304.353760,136.418152,-196.797134,317.862701,160.244614
3211,26.758333,15:00:08:14.03,-96.638474,302.154877,133.244843,-96.643723,309.030304,133.902222,-96.135658,304.354584,136.417709,-197.590134,319.075806,160.490616
3212,26.766667,15:00:08:15.00,-96.640327,302.154175,133.245697,-96.654495,309.036713,133.899994,-96.133591,304.353058,136.417313,-198.444809,320.191040,160.704895
3213,26.775000,15:00:08:15.01,-96.639580,302.154449,133.244873,-96.648666,309.031067,133.901657,-96.135010,304.354401,136.418869,-199.388123,321.226685,160.931870
3214,26.783333,15:00:08:15.02,-96.637085,302.154510,133.244522,-96.654091,309.038147,133.901962,-96.133919,304.353851,136.417740,-200.369568,322.144592,161.166336
3215,26.791667,15:00:08:15.03,-96.639709,302.155243,133.246170,-96.646629,309.030640,133.902496,-96.132317,304.354156,136.417633,-201.381775,322.940369,161.411819
3216,26.800000,15:00:08:16.00,-96.638130,302.154816,133.245148,-96.644424,309.030853,133.902664,-96.134537,304.353943,136.417740,-202.337387,323.583740,161.655289
3217,26.808333,15:00:08:16.01,-96.640450,302.156342,133.245041,-96.654694,309.038849,133.901901,-96.133659,304.354553,136.419144,-203.177460,324.051758,161.897095
3218,26.816667,15:00:08:16.02,-96.640434,302.156128,133.245560,-96.648338,309.031311,133.902878,-96.136276,304.355011,136.417389,-203.816849,324.323425,162.137573
3219,26.825000,15:00:08:16.03,-96.639290,302.155457,133.245270,-96.646240,309.030731,133.903107,-96.135193,304.354156,136.417908,-204.273514,324.477448,162.350449
3220,26.833333,15:00:08:17.00,-96.638710,302.155548,133.244781,-96.647446,309.033020,133.903854,-96.134811,304.353973,136.417969,-204.500000,324.498718,162.474167
3221,26.841667,15:00:08:17.01,-96.636932,302.155426,133.245361,-96.647224,309.031433,133.903259,-96.135025,304.355591,136.417572,-204.524689,324.388489,162.520004
3222,26.850000,15:00:08:17.02,-96.641167,302.157257,133.245346,-96.657310,309.039246,133.902390,-96.133904,304.355469,136.418076,-204.363037,324.178314,162.497131
3223,26.858333,15:00:08:17.03,-96.640427,302.156311,133.244949,-96.649208,309.032104,133.901718,-96.134300,304.354736,136.418015,-204.001877,323.854248,162.441406
3224,26.866667,15:00:08:18.00,-96.641296,302.155762,133.244812,-96.646904,309.032379,133.901672,-96.134209,304.354980,136.417908,-203.465240,323.429657,162.329453
3225,26.875000,15:00:08:18.01,-96.642151,302.156647,133.245758,-96.647049,309.030823,133.902359,-96.134605,304.355103,136.418121,-202.771805,322.860229,162.221954
3226,26.883333,15:00:08:18.02,-96.639046,302.155243,133.245346,-96.645882,309.031708,133.902786,-96.135536,304.353912,136.418228,-201.939148,322.180481,162.047928
3227,26.891667,15:00:08:18.03,-96.639725,302.155762,133.243805,-96.655426,309.039185,133.901520,-96.135452,304.354492,136.418457,-201.003937,321.329132,161.823807
3228,26.900000,15:00:08:19.00,-96.640053,302.155182,133.245117,-96.649261,309.032379,133.903366,-96.135048,304.355103,136.419098,-200.029968,320.370422,161.557953
3229,26.908333,15:00:08:19.01,-96.641541,302.155151,133.245163,-96.644661,309.031464,133.902390,-96.133789,304.354279,136.418060,-199.007996,319.283234,161.269806
3230,26.916667,15:00:08:19.02,-96.642624,302.155365,133.246094,-96.644051,309.031036,133.901627,-96.135910,304.354309,136.418900,-197.991684,318.030762,160.993378
3231,26.925000,15:00:08:19.03,-96.643967,302.154999,133.245361,-96.643547,309.031036,133.903091,-96.134529,304.353119,136.419037,-197.023056,316.701569,160.704056
3232,26.933333,15:00:08:20.00,-96.644257,302.153229,133.246231,-96.646156,309.031189,133.903687,-96.135582,304.352539,136.418091,-196.078186,315.226440,160.452240
3233,26.941667,15:00:08:20.01,-96.644142,302.153137,133.246124,-96.646492,309.031311,133.903717,-96.134674,304.353271,136.418854,-195.227737,313.672577,160.256531
3234,26.950000,15:00:08:20.02,-96.646973,302.153473,133.245819,-96.645348,309.030365,133.903046,-96.118774,304.352722,136.417618,-194.414658,312.045502,160.069778
3235,26.958333,15:00:08:20.03,-96.645493,302.152954,133.245804,-96.645874,309.030396,133.902863,-96.136169,304.355194,136.419449,-193.733215,310.352051,159.936050
3236,26.966667,15:00:08:21.00,-96.645226,302.153961,133.246201,-96.644577,309.031067,133.903366,-96.136581,304.354248,136.418411,-193.181320,308.658905,159.848724
3237,26.975000,15:00:08:21.01,-96.646187,302.153442,133.246002,-96.645302,309.031525,133.902634,-96.135529,304.354523,136.418091,-192.723114,306.921051,159.771210
3238,26.983333,15:00:08:21.02,-96.647141,302.153656,133.246628,-96.644333,309.031403,133.902634,-96.136772,304.353485,136.419098,-192.368393,305.303711,159.746887
3239,26.991667,15:00:08:21.03,-96.645889,302.153412,133.246292,-96.643944,309.032227,133.903351,-96.135582,304.354889,136.419037,-192.123993,303.895538,159.787781
3240,27.000000,15:00:08:22.00,-96.645645,302.153320,133.247223,-96.645157,309.031952,133.902817,-96.136642,304.354156,136.419144,-191.956909,302.651611,159.889465
3241,27.008333,15:00:08:22.01,-96.646461,302.153809,133.248230,-96.644814,309.032776,133.903015,-96.119240,304.353363,136.418182,-191.850662,301.674347,160.009857
3242,27.016667,15:00:08:22.02,-96.645775,302.154114,133.247025,-96.644608,309.031830,133.901947,-96.117790,304.355469,136.418839,-191.830475,300.970764,160.060532
3243,27.025000,15:00:08:22.03,-96.647850,302.154114,133.245926,-96.644608,309.031067,133.901978,-96.118294,304.353760,136.417770,-191.862350,300.590057,160.113068
3244,27.033333,15:00:08:23.00,-96.648285,302.154388,133.247467,-96.644554,309.031281,133.902756,-96.135452,304.354736,136.418137,-191.853088,300.514374,160.218323
3245,27.041667,15:00:08:23.01,-96.647034,302.153931,133.246231,-96.644073,309.031647,133.902023,-96.135612,304.353455,136.419296,-191.815765,300.763092,160.327774
3246,27.050000,15:00:08:23.02,-96.645622,302.154480,133.246780,-96.645042,309.030701,133.903824,-96.136894,304.354492,136.419495,-191.797394,301.150024,160.423935
3247,27.058333,15:00:08:23.03,-96.645691,302.154205,133.247238,-96.644104,309.032288,133.903107,-96.136871,304.354065,136.418472,-191.736313,301.738373,160.546188
3248,27.066667,15:00:08:24.00,-96.644783,302.154175,133.246140,-96.645851,309.032013,133.903259,-96.136398,304.354218,136.419464,-191.796066,302.523682,160.645798
3249,27.075000,15:00:08:24.01,-96.645164,302.153442,133.246857,-96.643051,309.030518,133.901718,-96.120239,304.352539,136.419052,-191.814514,303.485382,160.733322
3250,27.083333,15:00:08:24.02,-96.645782,302.152435,133.246262,-96.644753,309.032623,133.902557,-96.118576,304.355621,136.417679,-191.931564,304.606567,160.772568
3251,27.091667,15:00:08:24.03,-96.645370,302.153687,133.245880,-96.644333,309.031433,133.901978,-96.135017,304.355774,136.418289,-192.138123,305.987183,160.894974
3252,27.100000,15:00:08:25.00,-96.646927,302.154694,133.246979,-96.645180,309.031799,133.901688,-96.135231,304.352692,136.417435,-192.435760,307.488586,161.059448
3253,27.108333,15:00:08:25.01,-96.644302,302.152710,133.245682,-96.644066,309.031067,133.902222,-96.120102,304.353607,136.418045,-192.848663,308.993958,161.202438
3254,27.116667,15:00:08:25.02,-96.644447,302.152283,133.246323,-96.643806,309.030853,133.902496,-96.117462,304.354004,136.417252,-193.476959,310.507019,161.422455
3255,27.125000,15:00:08:25.03,-96.644249,302.153290,133.246262,-96.645538,309.031281,133.903229,-96.134705,304.354431,136.419159,-194.116119,312.082245,161.654297
3256,27.133333,15:00:08:26.00,-96.646187,302.153625,133.246094,-96.646545,309.032349,133.902771,-96.135056,304.353821,136.417435,-194.969620,313.600586,161.892075
3257,27.141667,15:00:08:26.01,-96.646599,302.152924,133.245331,-96.646904,309.031158,133.903244,-96.135712,304.353271,136.417953,-195.902328,315.049957,162.147903
3258,27.150000,15:00:08:26.02,-96.645370,302.153839,133.245880,-96.655350,309.037292,133.901489,-96.135971,304.353577,136.419006,-196.996552,316.442017,162.433868
3259,27.158333,15:00:08:26.03,-96.645233,302.153168,133.245575,-96.646461,309.031250,133.902328,-96.135315,304.353760,136.418243,-198.244751,317.775177,162.713150
3260,27.166667,15:00:08:27.00,-96.643677,302.153015,133.245972,-96.645790,309.031616,133.903809,-96.135597,304.353729,136.417358,-199.579727,318.976654,163.023727
3261,27.175000,15:00:08:27.01,-96.642769,302.154999,133.244934,-96.645096,309.032318,133.903580,-96.136154,304.354187,136.418457,-201.000351,320.015106,163.366791
3262,27.183333,15:00:08:27.02,-96.641800,302.155365,133.246811,-96.646118,309.032166,133.904083,-96.136597,304.354889,136.419006,-202.468948,320.909790,163.719147
3263,27.191667,15:00:08:27.03,-96.639702,302.155121,133.245880,-96.654335,309.037292,133.900589,-96.135971,304.354797,136.418045,-203.942703,321.666626,164.127701
3264,27.200000,15:00:08:28.00,-96.641594,302.155121,133.244781,-96.645790,309.031097,133.901260,-96.135292,304.354034,136.418640,-205.371170,322.230804,164.530914
3265,27.208333,15:00:08:28.01,-96.639679,302.155853,133.245636,-96.644531,309.031311,133.902740,-96.134674,304.355347,136.418961,-206.764816,322.637451,164.894318
3266,27.216667,15:00:08:28.02,-96.639755,302.156403,133.245102,-96.644798,309.033051,133.902451,-96.134727,304.355164,136.417511,-208.080872,322.930023,165.263947
3267,27.225000,15:00:08:28.03,-96.641006,302.154480,133.244843,-96.645317,309.030762,133.901199,-96.133492,304.355713,136.417618,-209.307678,323.076202,165.572784
3268,27.233333,15:00:08:29.00,-96.639992,302.155792,133.244980,-96.647606,309.032257,133.902634,-96.133652,304.354156,136.418457,-210.456116,323.173523,165.872101
3269,27.241667,15:00:08:29.01,-96.638641,302.157532,133.244537,-96.645126,309.030823,133.902557,-96.133934,304.353973,136.417084,-211.434387,323.162537,166.126083
3270,27.250000,15:00:08:29.02,-96.638832,302.156189,133.245377,-96.644997,309.031830,133.902924,-96.134186,304.353333,136.417145,-212.234039,323.075562,166.342087
3271,27.258333,15:00:08:29.03,-96.641319,302.155365,133.244949,-96.644196,309.031189,133.902283,-96.134209,304.355225,136.419159,-212.729431,322.934662,166.510605
3272,27.266667,15:00:09:00.00,-96.640366,302.155396,133.245209,-96.643494,309.031525,133.902420,-96.134171,304.353668,136.418671,-212.946609,322.811584,166.662537
3273,27.275000,15:00:09:00.01,-96.640839,302.155029,133.245270,-96.643967,309.031860,133.902023,-96.135445,304.354706,136.417191,-212.897873,322.695343,166.724762
3274,27.283333,15:00:09:00.02,-96.641884,302.155396,133.245148,-96.645470,309.032166,133.901398,-96.134468,304.354309,136.418564,-212.573761,322.656311,166.728485
3275,27.291667,15:00:09:00.03,-96.644272,302.154907,133.244843,-96.645218,309.031525,133.902512,-96.135193,304.353943,136.417419,-212.040466,322.580597,166.585236
3276,27.300000,15:00:09:01.00,-96.640282,302.155975,133.244568,-96.655449,309.037292,133.901917,-96.134933,304.353241,136.417526,-211.297729,322.514954,166.371384
3277,27.308333,15:00:09:01.01,-96.641388,302.155396,133.244965,-96.649353,309.031433,133.903900,-96.135216,304.354584,136.417526,-210.319107,322.389343,166.121918
3278,27.316667,15:00:09:01.02,-96.641090,302.155304,133.244354,-96.646759,309.032257,133.903748,-96.136162,304.355072,136.418274,-209.198303,322.186829,165.850037
3279,27.325000,15:00:09:01.03,-96.642418,302.155640,133.244843,-96.647110,309.031921,133.902679,-96.134674,304.354706,136.417572,-207.839508,321.859375,165.550690
3280,27.333333,15:00:09:02.00,-96.644966,302.155579,133.246246,-96.646576,309.032166,133.903427,-96.136330,304.353821,136.418121,-206.348373,321.376770,165.213623
3281,27.341667,15:00:09:02.01,-96.643387,302.154236,133.245956,-96.644913,309.030640,133.903641,-96.135139,304.354004,136.417816,-204.714722,320.742920,164.874329
3282,27.350000,15:00:09:02.02,-96.642853,302.153625,133.246094,-96.644958,309.030884,133.902954,-96.136055,304.353394,136.417633,-203.065826,319.942017,164.511063
3283,27.358333,15:00:09:02.03,-96.642570,302.155029,133.245316,-96.644493,309.031616,133.902664,-96.136452,304.354309,136.418945,-201.377106,318.893829,164.088867
3284,27.366667,15:00:09:03.00,-96.643898,302.153961,133.246201,-96.645561,309.031921,133.902603,-96.135643,304.353943,136.418503,-199.700684,317.688629,163.696045
3285,27.375000,15:00:09:03.01,-96.645599,302.153839,133.246048,-96.644043,309.031067,133.901672,-96.135262,304.354126,136.418457,-198.103577,316.243774,163.303055
3286,27.383333,15:00:09:03.02,-96.646935,302.153564,133.246857,-96.653641,309.037018,133.900879,-96.136093,304.354614,136.419556,-196.605225,314.605896,162.953415
3287,27.391667,15:00:09:03.03,-96.645164,302.154999,133.245132,-96.645248,309.031494,133.901978,-96.135139,304.354095,136.418884,-195.247787,312.776245,162.598068
3288,27.400000,15:00:09:04.00,-96.643654,302.154144,133.246277,-96.651985,309.037445,133.900497,-96.135109,304.353821,136.417633,-194.064087,310.766113,162.260986
3289,27.408333,15:00:09:04.01,-96.646347,302.153046,133.245438,-96.645622,309.031067,133.901901,-96.136002,304.355011,136.418350,-193.083633,308.640533,161.957825
3290,27.416667,15:00:09:04.02,-96.649063,302.153839,133.245697,-96.643509,309.032562,133.901352,-96.137314,304.354706,136.419144,-192.314728,306.457336,161.673203
3291,27.425000,15:00:09:04.03,-96.648903,302.153503,133.246094,-96.643547,309.031860,133.902267,-96.136208,304.354340,136.418732,-191.796112,304.182800,161.394669
3292,27.433333,15:00:09:05.00,-96.646309,302.152924,133.245605,-96.643333,309.031189,133.901367,-96.137894,304.355347,136.418045,-191.444504,302.035492,161.198074
3293,27.441667,15:00:09:05.01,-96.647476,302.153107,133.245544,-96.642700,309.030670,133.900970,-96.120903,304.352905,136.417252,-191.339462,299.980927,161.114365
3294,27.450000,15:00:09:05.02,-96.646843,302.153015,133.244568,-96.643631,309.031433,133.900543,-96.136406,304.354370,136.417755,-191.497726,297.949066,161.102493
3295,27.458333,15:00:09:05.03,-96.648499,302.154602,133.245926,-96.643288,309.032043,133.901031,-96.119049,304.352722,136.417023,-191.761398,296.077881,161.116669
3296,27.466667,15:00:09:06.00,-96.645020,302.153351,133.244980,-96.644829,309.032806,133.902771,-96.137131,304.355072,136.418549,-192.189255,294.354614,161.108658
3297,27.475000,15:00:09:06.01,-96.645477,302.153107,133.245621,-96.644768,309.032410,133.901962,-96.135559,304.353210,136.419189,-192.739288,292.860352,161.122528
3298,27.483333,15:00:09:06.02,-96.643494,302.153503,133.243439,-96.644531,309.032593,133.901505,-96.137794,304.354584,136.418991,-193.300537,291.518402,161.075684
3299,27.491667,15:00:09:06.03,-96.645233,302.152710,133.245102,-96.653404,309.038391,133.901062,-96.136520,304.352631,136.418167,-193.902161,290.367554,160.967392
3300,27.500000,15:00:09:07.00,-96.644447,302.153931,133.246109,-96.646812,309.031952,133.902069,-96.135300,304.352386,136.418274,-194.474792,289.447540,160.827026
3301,27.508333,15:00:09:07.01,-96.644814,302.152740,133.245071,-96.644127,309.032806,133.903107,-96.136002,304.353485,136.418991,-194.872726,288.657104,160.717957
3302,27.516667,15:00:09:07.02,-96.645172,302.153717,133.244812,-96.644539,309.032654,133.903503,-96.136345,304.353516,136.418243,-195.232605,288.175629,160.591263
3303,27.525000,15:00:09:07.03,-96.645493,302.154602,133.245499,-96.644630,309.031616,133.903091,-96.136017,304.352661,136.418152,-195.514938,287.896851,160.488678
3304,27.533333,15:00:09:08.00,-96.644424,302.153717,133.245850,-96.645966,309.032074,133.903732,-96.135132,304.352051,136.417374,-195.675842,287.801636,160.362350
3305,27.541667,15:00:09:08.01,-96.645660,302.153839,133.245636,-96.646263,309.033142,133.904800,-96.135323,304.352478,136.417847,-195.680054,287.891785,160.175018
3306,27.550000,15:00:09:08.02,-96.647453,302.154480,133.246536,-96.644005,309.031403,133.902924,-96.118820,304.352509,136.417923,-195.679321,288.227020,159.974777
3307,27.558333,15:00:09:08.03,-96.645996,302.153107,133.245010,-96.646431,309.031982,133.903427,-96.136818,304.354492,136.418762,-195.458725,288.670197,159.780899
3308,27.566667,15:00:09:09.00,-96.646049,302.152649,133.244568,-96.645996,309.032990,133.904846,-96.136505,304.353180,136.417740,-195.255600,289.228363,159.522156
3309,27.575000,15:00:09:09.01,-96.646492,302.152100,133.245361,-96.645302,309.032288,133.904129,-96.135643,304.352051,136.418335,-194.981445,289.868195,159.296707
3310,27.583333,15:00:09:09.02,-96.646484,302.153656,133.245850,-96.645622,309.032593,133.904892,-96.135338,304.353119,136.419678,-194.686172,290.676117,159.016724
3311,27.591667,15:00:09:09.03,-96.644814,302.153168,133.246399,-96.645844,309.032288,133.906418,-96.134346,304.352081,136.417923,-194.329590,291.594696,158.729477
3312,27.600000,15:00:09:10.00,-96.645264,302.153137,133.245270,-96.645287,309.032501,133.905182,-96.136345,304.353760,136.417709,-193.964844,292.542908,158.396637
3313,27.608333,15:00:09:10.01,-96.645782,302.152252,133.245575,-96.645370,309.032166,133.904404,-96.135880,304.352234,136.418610,-193.653488,293.604980,158.004013
3314,27.616667,15:00:09:10.02,-96.645317,302.153564,133.246033,-96.646652,309.031769,133.904297,-96.136780,304.353302,136.418900,-193.386688,294.809418,157.577484
3315,27.625000,15:00:09:10.03,-96.645866,302.151855,133.246094,-96.647491,309.032593,133.905609,-96.118111,304.352173,136.417206,-193.032974,296.049683,157.182556
3316,27.633333,15:00:09:11.00,-96.646042,302.153381,133.245972,-96.646469,309.032043,133.905151,-96.133324,304.353424,136.418289,-192.856216,297.380554,156.693863
3317,27.641667,15:00:09:11.01,-96.646812,302.153320,133.246307,-96.645676,309.032379,133.904404,-96.135040,304.352631,136.418304,-192.610657,298.742432,156.240845
3318,27.650000,15:00:09:11.02,-96.645424,302.151978,133.245071,-96.646027,309.032593,133.904572,-96.135925,304.352966,136.418396,-192.432419,300.182220,155.791702
3319,27.658333,15:00:09:11.03,-96.645866,302.153381,133.245789,-96.646584,309.032410,133.903625,-96.119431,304.351074,136.418121,-192.400772,301.760834,155.286880
3320,27.666667,15:00:09:12.00,-96.644348,302.152649,133.245163,-96.646408,309.030945,133.903992,-96.132683,304.353882,136.418015,-192.433258,303.322418,154.796249
3321,27.675000,15:00:09:12.01,-96.644661,302.152313,133.245956,-96.647026,309.032715,133.903061,-96.134132,304.352966,136.418335,-192.547195,304.949371,154.337448
3322,27.683333,15:00:09:12.02,-96.644554,302.152740,133.244904,-96.646103,309.032471,133.903519,-96.134186,304.351562,136.417999,-192.708679,306.625580,153.873230
3323,27.691667,15:00:09:12.03,-96.644440,302.152435,133.246140,-96.647934,309.033051,133.904678,-96.133270,304.352509,136.417999,-193.003174,308.337891,153.449326
3324,27.700000,15:00:09:13.00,-96.644516,302.152985,133.244339,-96.656990,309.038422,133.902115,-96.134613,304.353577,136.416931,-193.331360,310.070374,153.006622
3325,27.708333,15:00:09:13.01,-96.643326,302.153961,133.244705,-96.647957,309.031311,133.902588,-96.133972,304.352692,136.419571,-193.730881,311.855042,152.632614
3326,27.716667,15:00:09:13.02,-96.643867,302.152954,133.245468,-96.646942,309.032593,133.903473,-96.134109,304.352173,136.417999,-194.297302,313.514099,152.315765
3327,27.725000,15:00:09:13.03,-96.643929,302.152191,133.244736,-96.647514,309.031433,133.903244,-96.134193,304.352264,136.417770,-194.830994,315.235382,152.081512
3328,27.733333,15:00:09:14.00,-96.643066,302.152893,133.245819,-96.646919,309.031677,133.902756,-96.134544,304.352295,136.417938,-195.490799,316.839905,151.839111
3329,27.741667,15:00:09:14.01,-96.643326,302.153473,133.245056,-96.646599,309.030579,133.902298,-96.133163,304.352081,136.417664,-196.109711,318.406036,151.659805
3330,27.750000,15:00:09:14.02,-96.642914,302.153809,133.245270,-96.645439,309.030884,133.901276,-96.133026,304.352051,136.417511,-196.816910,319.937958,151.505630
3331,27.758333,15:00:09:14.03,-96.643723,302.153290,133.243927,-96.647476,309.030792,133.901855,-96.134544,304.353973,136.417526,-197.574081,321.439087,151.371841
3332,27.766667,15:00:09:15.00,-96.642929,302.153168,133.243912,-96.647362,309.030579,133.902435,-96.134087,304.352966,136.417404,-198.387375,322.866364,151.250107
3333,27.775000,15:00:09:15.01,-96.642479,302.153778,133.244614,-96.647804,309.030518,133.902390,-96.134720,304.353210,136.417694,-199.174744,324.245239,151.167023
3334,27.783333,15:00:09:15.02,-96.642769,302.153290,133.244080,-96.647110,309.030334,133.901550,-96.132019,304.353821,136.416504,-199.951630,325.536163,151.120575
3335,27.791667,15:00:09:15.03,-96.644432,302.153931,133.244202,-96.656326,309.036896,133.900269,-96.133957,304.354736,136.418304,-200.739975,326.772430,151.113495
3336,27.800000,15:00:09:16.00,-96.645065,302.154968,133.246231,-96.647491,309.030243,133.901688,-96.134361,304.353729,136.417892,-201.486328,327.919525,151.097839
3337,27.808333,15:00:09:16.01,-96.641953,302.153412,133.244232,-96.653564,309.037170,133.899933,-96.134697,304.352539,136.417267,-202.212479,329.010712,151.106766
3338,27.816667,15:00:09:16.02,-96.642982,302.153564,133.244202,-96.646484,309.030701,133.901596,-96.135147,304.355133,136.418503,-202.930313,330.056610,151.126373
3339,27.825000,15:00:09:16.03,-96.641472,302.153687,133.245605,-96.645370,309.030090,133.901321,-96.134094,304.352264,136.417801,-203.647369,331.084259,151.164932
3340,27.833333,15:00:09:17.00,-96.640640,302.153198,133.244797,-96.645790,309.031158,133.901901,-96.133598,304.352631,136.417542,-204.365158,332.078491,151.266022
3341,27.841667,15:00:09:17.01,-96.641602,302.153748,133.244705,-96.645950,309.031403,133.902557,-96.133339,304.353851,136.417526,-205.077225,333.027710,151.420547
3342,27.850000,15:00:09:17.02,-96.645554,302.153503,133.246155,-96.645569,309.030701,133.901901,-96.133156,304.353058,136.417252,-205.761032,333.926056,151.585556
3343,27.858333,15:00:09:17.03,-96.644531,302.153687,133.246033,-96.645393,309.030792,133.901215,-96.134071,304.353943,136.417038,-206.405716,334.776550,151.800659
3344,27.866667,15:00:09:18.00,-96.645386,302.154694,133.246262,-96.652458,309.036530,133.899551,-96.135452,304.353638,136.417969,-207.024643,335.581635,152.037766
3345,27.875000,15:00:09:18.01,-96.645607,302.153564,133.245483,-96.645805,309.030457,133.901093,-96.135017,304.353271,136.417236,-207.598801,336.339478,152.280350
3346,27.883333,15:00:09:18.02,-96.646233,302.152588,133.244324,-96.642883,309.030304,133.901184,-96.134415,304.352661,136.417526,-208.117249,337.032593,152.525391
3347,27.891667,15:00:09:18.03,-96.645500,302.152557,133.244385,-96.653061,309.037720,133.900925,-96.136246,304.352234,136.417358,-208.581589,337.653259,152.754745
3348,27.900000,15:00:09:19.00,-96.644005,302.153595,133.245926,-96.646324,309.031555,133.901489,-96.136276,304.354156,136.418365,-209.003311,338.225494,152.988632
3349,27.908333,15:00:09:19.01,-96.646194,302.154175,133.245850,-96.643707,309.031403,133.901138,-96.119400,304.352509,136.417358,-209.373932,338.750854,153.258484
3350,27.916667,15:00:09:19.02,-96.646622,302.152649,133.246155,-96.643509,309.032684,133.901611,-96.136482,304.355713,136.417938,-209.700104,339.233734,153.572327
3351,27.925000,15:00:09:19.03,-96.647156,302.153015,133.245377,-96.644226,309.031982,133.902039,-96.137436,304.354248,136.418182,-209.989792,339.657745,153.906754
3352,27.933333,15:00:09:20.00,-96.643326,302.154266,133.245041,-96.642906,309.031586,133.902420,-96.136635,304.353271,136.418335,-210.234161,340.019043,154.245193
3353,27.941667,15:00:09:20.01,-96.644035,302.153839,133.244446,-96.643593,309.031311,133.901123,-96.135406,304.353119,136.417419,-210.456436,340.348785,154.587753
3354,27.950000,15:00:09:20.02,-96.646362,302.153625,133.245804,-96.642700,309.031647,133.902008,-96.136261,304.353638,136.418716,-210.606888,340.563293,154.949539
3355,27.958333,15:00:09:20.03,-96.645264,302.153839,133.245880,-96.644638,309.032379,133.902313,-96.136230,304.353577,136.418503,-210.708527,340.747253,155.307220
3356,27.966667,15:00:09:21.00,-96.645180,302.153259,133.245026,-96.644333,309.031830,133.901733,-96.135674,304.354065,136.416870,-210.792664,340.840759,155.718750
3357,27.975000,15:00:09:21.01,-96.647507,302.153748,133.246140,-96.643333,309.030792,133.901825,-96.120598,304.354279,136.419586,-210.839722,340.958649,156.157745
3358,27.983333,15:00:09:21.02,-96.649246,302.153168,133.246048,-96.653435,309.037292,133.900009,-96.134537,304.355286,136.417343,-210.865143,340.964783,156.648285
3359,27.991667,15:00:09:21.03,-96.646713,302.155365,133.246262,-96.644966,309.031311,133.899460,-96.119888,304.352905,136.417969,-210.884354,340.906555,157.146164
3360,28.000000,15:00:09:22.00,-96.642647,302.153778,133.244431,-96.641846,309.032135,133.902328,-96.136345,304.354767,136.418350,-210.857986,340.749756,157.705933
3361,28.008333,15:00:09:22.01,-96.644966,302.153625,133.246689,-96.640610,309.031311,133.901245,-96.118523,304.353546,136.417221,-210.844940,340.584351,158.287231
3362,28.016667,15:00:09:22.02,-96.644539,302.152740,133.245102,-96.642830,309.031158,133.902008,-96.133675,304.356323,136.418335,-210.793884,340.342285,158.906693
3363,28.025000,15:00:09:22.03,-96.646568,302.153778,133.245575,-96.652184,309.036743,133.899963,-96.136932,304.354523,136.418350,-210.725616,340.061340,159.532944
3364,28.033333,15:00:09:23.00,-96.646706,302.154480,133.246414,-96.646645,309.032043,133.901642,-96.135017,304.353607,136.417587,-210.616653,339.682770,160.172791
3365,28.041667,15:00:09:23.01,-96.645378,302.153870,133.244690,-96.643463,309.031311,133.900864,-96.135223,304.353485,136.416962,-210.470367,339.247681,160.818268
3366,28.050000,15:00:09:23.02,-96.643410,302.154266,133.245377,-96.643654,309.032013,133.901764,-96.136078,304.354004,136.417908,-210.274887,338.719452,161.467102
3367,28.058333,15:00:09:23.03,-96.642227,302.154572,133.245163,-96.652199,309.038147,133.900009,-96.135094,304.354309,136.418961,-210.071060,338.160583,162.116425
3368,28.066667,15:00:09:24.00,-96.643951,302.154175,133.246140,-96.644814,309.030975,133.901138,-96.134438,304.355042,136.417740,-209.845490,337.551453,162.795715
3369,28.075000,15:00:09:24.01,-96.643127,302.154816,133.245056,-96.651909,309.037018,133.899155,-96.134842,304.353973,136.418015,-209.603714,336.876526,163.461426
3370,28.083333,15:00:09:24.02,-96.643600,302.155457,133.245453,-96.658745,309.037964,133.900101,-96.135506,304.355774,136.417755,-209.371765,336.150909,164.111496
3371,28.091667,15:00:09:24.03,-96.642830,302.154694,133.243484,-96.648819,309.031647,133.902557,-96.135292,304.355774,136.418060,-209.091110,335.318420,164.763550
3372,28.100000,15:00:09:25.00,-96.644440,302.154083,133.244675,-96.656708,309.037842,133.901672,-96.134148,304.354004,136.417770,-208.807419,334.443207,165.391068
3373,28.108333,15:00:09:25.01,-96.644241,302.154083,133.245346,-96.659470,309.038147,133.901230,-96.134964,304.354797,136.417328,-208.497375,333.524170,165.993088
3374,28.116667,15:00:09:25.02,-96.640518,302.153992,133.246780,-96.647568,309.032135,133.901794,-96.134308,304.355347,136.417633,-208.172653,332.544006,166.598206
3375,28.125000,15:00:09:25.03,-96.642738,302.154572,133.246262,-96.645370,309.028870,133.901077,-96.134758,304.354706,136.417084,-207.833054,331.516205,167.176758
3376,28.133333,15:00:09:26.00,-96.627274,302.154266,133.258682,-96.647575,309.030121,133.896561,-96.134201,304.354706,136.418152,-207.463928,330.416107,167.708725
3377,28.141667,15:00:09:26.01,-96.615913,302.148346,133.261673,-96.648918,309.024872,133.896378,-96.132317,304.354736,136.419144,-207.115585,329.286652,168.219574
3378,28.150000,15:00:09:26.02,-96.639618,302.139984,133.241486,-96.647369,309.028778,133.899002,-96.133820,304.354797,136.418457,-206.734436,328.106140,168.712830
3379,28.158333,15:00:09:26.03,-96.646454,302.137482,133.238739,-96.646652,309.031281,133.901062,-96.134094,304.354309,136.418991,-206.337784,326.872742,169.149368
3380,28.166667,15:00:09:27.00,-96.642197,302.138275,133.239624,-96.655663,309.036407,133.899063,-96.133583,304.351196,136.415787,-205.962036,325.570312,169.529526
3381,28.175000,15:00:09:27.01,-96.639130,302.138977,133.237076,-96.649765,309.030945,133.900742,-96.133148,304.355927,136.418762,-205.551910,324.276855,169.882446
3382,28.183333,15:00:09:27.02,-96.636322,302.147034,133.246796,-96.647896,309.031525,133.900726,-96.132439,304.355499,136.418121,-205.146790,322.925903,170.210785
3383,28.191667,15:00:09:27.03,-96.629227,302.137878,133.247177,-96.648422,309.031189,133.901932,-96.132019,304.356445,136.416656,-204.749542,321.558441,170.465576
3384,28.200000,15:00:09:28.00,-96.638596,302.153931,133.243149,-96.648537,309.031281,133.901520,-96.133507,304.355438,136.417191,-204.323837,320.152649,170.687897
3385,28.208333,15:00:09:28.01,-96.637955,302.157135,133.242981,-96.658035,309.036255,133.899475,-96.133553,304.355774,136.417786,-203.897430,318.778107,170.848038
3386,28.216667,15:00:09:28.02,-96.638039,302.155701,133.243607,-96.660950,309.037415,133.899948,-96.133499,304.355408,136.419022,-203.449173,317.345337,170.944550
3387,28.225000,15:00:09:28.03,-96.638046,302.156219,133.244385,-96.648018,309.031647,133.901871,-96.133766,304.354553,136.418076,-203.010345,315.895691,170.976639
3388,28.233333,15:00:09:29.00,-96.639351,302.155060,133.244293,-96.653137,309.037140,133.900314,-96.134804,304.353943,136.417984,-202.570206,314.488098,170.975693
3389,28.241667,15:00:09:29.01,-96.643791,302.151703,133.244186,-96.655777,309.037170,133.900269,-96.136925,304.352936,136.417816,-202.110535,313.049347,170.904861
3390,28.250000,15:00:09:29.02,-96.643288,302.153290,133.245117,-96.646721,309.031921,133.902039,-96.136642,304.352844,136.417679,-201.662949,311.593231,170.759323
3391,28.258333,15:00:09:29.03,-96.644318,302.154114,133.246155,-96.643120,309.031738,133.903152,-96.134644,304.353058,136.417343,-201.170776,310.181152,170.570267
3392,28.266667,15:00:10:00.00,-96.646973,302.153107,133.245605,-96.643303,309.031342,133.901764,-96.135651,304.352112,136.418610,-200.675873,308.809845,170.321030
3393,28.275000,15:00:10:00.01,-96.649590,302.152954,133.245712,-96.642479,309.030457,133.900970,-96.137169,304.352814,136.418625,-200.232071,307.410492,170.005478
3394,28.283333,15:00:10:00.02,-96.647438,302.152649,133.246292,-96.641891,309.031525,133.901779,-96.137863,304.352112,136.419220,-199.752014,306.121490,169.628601
3395,28.291667,15:00:10:00.03,-96.645615,302.152649,133.245544,-96.640816,309.031525,133.901825,-96.119659,304.351257,136.417572,-199.255508,304.828766,169.184143
3396,28.300000,15:00:10:01.00,-96.643639,302.152069,133.244888,-96.641975,309.030914,133.902069,-96.134995,304.354523,136.419739,-198.776978,303.611420,168.700500
3397,28.308333,15:00:10:01.01,-96.647148,302.152832,133.246490,-96.643135,309.032349,133.901810,-96.118721,304.351898,136.416809,-198.283722,302.453766,168.149277
3398,28.316667,15:00:10:01.02,-96.645370,302.152863,133.245132,-96.641495,309.031067,133.900589,-96.134911,304.354370,136.417877,-197.836227,301.298553,167.563171
3399,28.325000,15:00:10:01.03,-96.645866,302.153046,133.246201,-96.642525,309.031494,133.900116,-96.119736,304.352417,136.417984,-197.339493,300.237122,166.908325
3400,28.333333,15:00:10:02.00,-96.645233,302.152710,133.245132,-96.642593,309.031830,133.901184,-96.118248,304.354309,136.418457,-196.908295,299.276886,166.206329
3401,28.341667,15:00:10:02.01,-96.645508,302.152863,133.245850,-96.640869,309.032043,133.901245,-96.135857,304.353790,136.418076,-196.438461,298.370850,165.458649
3402,28.350000,15:00:10:02.02,-96.645691,302.153748,133.245712,-96.641060,309.031708,133.901154,-96.138290,304.352875,136.419449,-195.999207,297.608765,164.707855
3403,28.358333,15:00:10:02.03,-96.649284,302.153259,133.247421,-96.641037,309.031952,133.901840,-96.137032,304.352631,136.419083,-195.642578,296.875153,163.920013
3404,28.366667,15:00:10:03.00,-96.645004,302.153015,133.246017,-96.641144,309.031616,133.901596,-96.136574,304.353546,136.418533,-195.241943,296.284485,163.132385
3405,28.375000,15:00:10:03.01,-96.646004,302.153961,133.246155,-96.642342,309.031891,133.901031,-96.136360,304.353943,136.418076,-194.836136,295.773254,162.399887
3406,28.383333,15:00:10:03.02,-96.647606,302.153564,133.246292,-96.641808,309.032349,133.901352,-96.134941,304.353912,136.418198,-194.483704,295.302094,161.646164
3407,28.391667,15:00:10:03.03,-96.647346,302.152954,133.246429,-96.642517,309.032196,133.901932,-96.137779,304.354065,136.418701,-194.132050,294.869537,160.901093
3408,28.400000,15:00:10:04.00,-96.649849,302.153168,133.246262,-96.641052,309.030701,133.901855,-96.137444,304.354248,136.418991,-193.817139,294.527924,160.091629
3409,28.408333,15:00:10:04.01,-96.644821,302.153931,133.245850,-96.641754,309.031189,133.901260,-96.137512,304.354248,136.419479,-193.543747,294.293579,159.165771
3410,28.416667,15:00:10:04.02,-96.643753,302.151855,133.244781,-96.643219,309.030792,133.901291,-96.136642,304.353241,136.418167,-193.254395,294.114746,158.348389
3411,28.425000,15:00:10:04.03,-96.644302,302.151764,133.246048,-96.640213,309.031128,133.900696,-96.136765,304.353333,136.418579,-193.001083,294.031250,157.534058
3412,28.433333,15:00:10:05.00,-96.644363,302.152313,133.246140,-96.639946,309.030609,133.901260,-96.138885,304.354248,136.420105,-192.804260,293.997131,156.781311
3413,28.441667,15:00:10:05.01,-96.647194,302.153595,133.247162,-96.641037,309.031647,133.900909,-96.120209,304.353027,136.417572,-192.563858,293.996002,156.077713
3414,28.450000,15:00:10:05.02,-96.647598,302.152618,133.245239,-96.642647,309.031708,133.902802,-96.134880,304.354553,136.419418,-192.334686,294.057129,155.423233
3415,28.458333,15:00:10:05.03,-96.645699,302.153564,133.245514,-96.641342,309.031647,133.901962,-96.136948,304.353668,136.418335,-192.162247,294.182404,154.781097
3416,28.466667,15:00:10:06.00,-96.646210,302.152039,133.245514,-96.641914,309.031616,133.901825,-96.134995,304.352600,136.418884,-191.982788,294.330109,154.146545
3417,28.475000,15:00:10:06.01,-96.646805,302.153381,133.247253,-96.642197,309.032654,133.903168,-96.136162,304.353088,136.419174,-191.839935,294.571838,153.538330
3418,28.483333,15:00:10:06.02,-96.644356,302.152954,133.244934,-96.642128,309.031921,133.901886,-96.137123,304.352203,136.418381,-191.725510,294.854065,152.962112
3419,28.491667,15:00:10:06.03,-96.643883,302.152161,133.246033,-96.643173,309.031586,133.901077,-96.119118,304.352509,136.418564,-191.667770,295.215576,152.436203
3420,28.500000,15:00:10:07.00,-96.646378,302.151520,133.245667,-96.642624,309.031067,133.901840,-96.134468,304.353485,136.417755,-191.524567,295.594940,151.920456
3421,28.508333,15:00:10:07.01,-96.646065,302.152557,133.244904,-96.641335,309.030426,133.901077,-96.138176,304.353790,136.419235,-191.467361,296.010742,151.456421
3422,28.516667,15:00:10:07.02,-96.644821,302.152740,133.245926,-96.640175,309.030975,133.901443,-96.136932,304.353119,136.418671,-191.393311,296.470490,151.028992
3423,28.525000,15:00:10:07.03,-96.644585,302.153320,133.246307,-96.640648,309.030426,133.901520,-96.136627,304.352966,136.418564,-191.304703,296.979095,150.618118
3424,28.533333,15:00:10:08.00,-96.645569,302.153107,133.245667,-96.642593,309.031311,133.902512,-96.136765,304.353394,136.418335,-191.291992,297.511566,150.194717
3425,28.541667,15:00:10:08.01,-96.647552,302.153320,133.246368,-96.641525,309.030426,133.901352,-96.136574,304.352570,136.417114,-191.272369,298.175323,149.820053
3426,28.550000,15:00:10:08.02,-96.646919,302.151764,133.246429,-96.642044,309.031128,133.901886,-96.137772,304.352295,136.418472,-191.248886,298.808136,149.456360
3427,28.558333,15:00:10:08.03,-96.646851,302.153076,133.246368,-96.652122,309.036133,133.900665,-96.134995,304.352661,136.418182,-191.276276,299.527771,149.138763
3428,28.566667,15:00:10:09.00,-96.646263,302.153412,133.245193,-96.644623,309.030121,133.901443,-96.136360,304.354126,136.419800,-191.275955,300.279449,148.819794
3429,28.575000,15:00:10:09.01,-96.647278,302.153290,133.246170,-96.640656,309.031097,133.900314,-96.137016,304.352722,136.419342,-191.310532,301.073242,148.543701
3430,28.583333,15:00:10:09.02,-96.645744,302.152954,133.245377,-96.640144,309.030029,133.900497,-96.136978,304.352631,136.418686,-191.380615,301.930664,148.317871
3431,28.591667,15:00:10:09.03,-96.646408,302.153625,133.245987,-96.641266,309.031006,133.901215,-96.135712,304.352844,136.417999,-191.386124,302.846741,148.094986
3432,28.600000,15:00:10:10.00,-96.646317,302.153717,133.245422,-96.642883,309.029694,133.901413,-96.137283,304.353058,136.418167,-191.500183,303.757721,147.905838
3433,28.608333,15:00:10:10.01,-96.647491,302.152374,133.246567,-96.642899,309.030975,133.902145,-96.119133,304.352844,136.417282,-191.577606,304.785858,147.724609
3434,28.616667,15:00:10:10.02,-96.645683,302.152679,133.246582,-96.641228,309.030975,133.902130,-96.135216,304.353851,136.418640,-191.647751,305.826599,147.614502
3435,28.625000,15:00:10:10.03,-96.643982,302.153351,133.245071,-96.642410,309.031738,133.902237,-96.134193,304.351807,136.417969,-191.823608,306.909668,147.481049
3436,28.633333,15:00:10:11.00,-96.643738,302.153168,133.246292,-96.641815,309.031738,133.902527,-96.137772,304.354828,136.418579,-191.974396,308.032867,147.366119
3437,28.641667,15:00:10:11.01,-96.646103,302.154053,133.246643,-96.642593,309.032776,133.902267,-96.119537,304.352081,136.417633,-192.081726,309.274597,147.307724
3438,28.650000,15:00:10:11.02,-96.644241,302.152954,133.245544,-96.641144,309.031342,133.901901,-96.136116,304.354004,136.418839,-192.245056,310.501465,147.238953
3439,28.658333,15:00:10:11.03,-96.647133,302.153290,133.247574,-96.642784,309.031128,133.901413,-96.136452,304.353210,136.419006,-192.462494,311.721771,147.161285
3440,28.666667,15:00:10:12.00,-96.646706,302.152832,133.246109,-96.640999,309.030792,133.902100,-96.137619,304.353302,136.419266,-192.664154,312.975555,147.083588
3441,28.675000,15:00:10:12.01,-96.648315,302.152802,133.246582,-96.642075,309.031189,133.901871,-96.135590,304.352325,136.418671,-192.884354,314.332825,147.027664
3442,28.683333,15:00:10:12.02,-96.645935,302.152924,133.245178,-96.641640,309.032196,133.901413,-96.136681,304.352783,136.417694,-193.100677,315.730591,146.962814
3443,28.691667,15:00:10:12.03,-96.645081,302.152008,133.244568,-96.642815,309.031128,133.902008,-96.137054,304.352631,136.418915,-193.353714,317.125458,146.892471
3444,28.700000,15:00:10:13.00,-96.644821,302.153381,133.246033,-96.643173,309.031128,133.902359,-96.136314,304.352539,136.418182,-193.620041,318.577087,146.860092
3445,28.708333,15:00:10:13.01,-96.646538,302.152344,133.245834,-96.651627,309.037628,133.899521,-96.137115,304.353546,136.420364,-193.895737,319.993164,146.769302
3446,28.716667,15:00:10:13.02,-96.645683,302.152161,133.245499,-96.644432,309.030334,133.901733,-96.138161,304.353821,136.418533,-194.145020,321.431396,146.696594
3447,28.725000,15:00:10:13.03,-96.646332,302.152557,133.245117,-96.652100,309.036102,133.900192,-96.119835,304.352936,136.417648,-194.385269,322.948090,146.630386
3448,28.733333,15:00:10:14.00,-96.645668,302.153412,133.245926,-96.655006,309.037994,133.900208,-96.134407,304.353882,136.418198,-194.652618,324.437958,146.510925
3449,28.741667,15:00:10:14.01,-96.646698,302.152283,133.245987,-96.654823,309.036957,133.899612,-96.135017,304.352295,136.417603,-194.926010,325.881226,146.385544
3450,28.750000,15:00:10:14.02,-96.645515,302.152679,133.244736,-96.644989,309.030518,133.902481,-96.136024,304.352661,136.418564,-195.182983,327.365265,146.255859
3451,28.758333,15:00:10:14.03,-96.646675,302.152557,133.245605,-96.642487,309.031067,133.903259,-96.136253,304.352997,136.419128,-195.409332,328.865875,146.061081
3452,28.766667,15:00:10:15.00,-96.647331,302.152466,133.245804,-96.641121,309.030762,133.901291,-96.137321,304.352478,136.418137,-195.656769,330.313477,145.863113
3453,28.775000,15:00:10:15.01,-96.644852,302.152710,133.245270,-96.642815,309.030670,133.901337,-96.136162,304.352936,136.418945,-195.915588,331.750427,145.619400
3454,28.783333,15:00:10:15.02,-96.646027,302.154022,133.244888,-96.641449,309.030609,133.900970,-96.134666,304.352448,136.418732,-196.178665,333.214417,145.353546
3455,28.791667,15:00:10:15.03,-96.645508,302.152313,133.245285,-96.641037,309.031403,133.901413,-96.135681,304.353943,136.418121,-196.438538,334.608490,145.043655
3456,28.800000,15:00:10:16.00,-96.645210,302.152222,133.244293,-96.640854,309.030975,133.901428,-96.137100,304.354065,136.418503,-196.682678,336.006653,144.710968
3457,28.808333,15:00:10:16.01,-96.645782,302.151978,133.244400,-96.642021,309.031494,133.901108,-96.136322,304.353424,136.418945,-196.938782,337.326630,144.355682
3458,28.816667,15:00:10:16.02,-96.645943,302.152802,133.245712,-96.642570,309.030731,133.900772,-96.135139,304.353729,136.417831,-197.167816,338.624420,143.985748
3459,28.825000,15:00:10:16.03,-96.646820,302.153564,133.246201,-96.641983,309.031067,133.901291,-96.135010,304.352570,136.417892,-197.392776,339.890137,143.626907
3460,28.833333,15:00:10:17.00,-96.646202,302.152863,133.244690,-96.641907,309.031708,133.902237,-96.136200,304.353119,136.418564,-197.599625,341.049133,143.247742
3461,28.841667,15:00:10:17.01,-96.647583,302.152740,133.244980,-96.642181,309.031860,133.902222,-96.136818,304.353851,136.418762,-197.775787,342.197449,142.860596
3462,28.850000,15:00:10:17.02,-96.646301,302.153473,133.246002,-96.642448,309.031067,133.901550,-96.136765,304.352783,136.417114,-197.964447,343.296417,142.505325
3463,28.858333,15:00:10:17.03,-96.648880,302.152832,133.245819,-96.640709,309.030273,133.901566,-96.134506,304.353516,136.417725,-198.131439,344.347260,142.120178
3464,28.866667,15:00:10:18.00,-96.649811,302.153717,133.246399,-96.642563,309.031769,133.901962,-96.136597,304.353943,136.417664,-198.301773,345.302399,141.717590
3465,28.875000,15:00:10:18.01,-96.646698,302.153229,133.245483,-96.642593,309.031189,133.901382,-96.120613,304.352753,136.417923,-198.463455,346.266998,141.331512
3466,28.883333,15:00:10:18.02,-96.647446,302.152466,133.245361,-96.641632,309.031464,133.901291,-96.134735,304.354584,136.418030,-198.614578,347.131622,140.927109
3467,28.891667,15:00:10:18.03,-96.646729,302.152374,133.244278,-96.641640,309.030853,133.901520,-96.138016,304.353363,136.418640,-198.757431,347.933746,140.518509
3468,28.900000,15:00:10:19.00,-96.645546,302.152893,133.245239,-96.641632,309.031281,133.901230,-96.137070,304.352936,136.418533,-198.872253,348.681213,140.103668
3469,28.908333,15:00:10:19.01,-96.645195,302.153717,133.245422,-96.642464,309.031281,133.901413,-96.136406,304.353546,136.418289,-198.995880,349.322235,139.685562
3470,28.916667,15:00:10:19.02,-96.647957,302.154053,133.245804,-96.641808,309.031281,133.900345,-96.137604,304.353119,136.418823,-199.096024,349.956238,139.298370
3471,28.925000,15:00:10:19.03,-96.646980,302.152557,133.244843,-96.640816,309.031189,133.899933,-96.135620,304.352966,136.417770,-199.185654,350.496185,138.903671
3472,28.933333,15:00:10:20.00,-96.647224,302.152039,133.244949,-96.640144,309.031311,133.900909,-96.134705,304.353058,136.418060,-199.276489,351.036652,138.546524
3473,28.941667,15:00:10:20.01,-96.645447,302.151672,133.245087,-96.640305,309.030518,133.900879,-96.135384,304.353058,136.418503,-199.373474,351.491882,138.205612
3474,28.950000,15:00:10:20.02,-96.644699,302.151764,133.244904,-96.640884,309.031311,133.901718,-96.137222,304.353027,136.418320,-199.430878,351.888855,137.886154
3475,28.958333,15:00:10:20.03,-96.646851,302.151886,133.245819,-96.640411,309.030853,133.901443,-96.136971,304.353394,136.419052,-199.483704,352.222595,137.620316
3476,28.966667,15:00:10:21.00,-96.648567,302.152405,133.246048,-96.641754,309.031311,133.901047,-96.137115,304.352936,136.418640,-199.521225,352.476624,137.393219
3477,28.975000,15:00:10:21.01,-96.646896,302.152954,133.246002,-96.641579,309.031464,133.902908,-96.135620,304.351715,136.417297,-199.529266,352.735443,137.202118
3478,28.983333,15:00:10:21.02,-96.645638,302.151947,133.244507,-96.641441,309.031769,133.900452,-96.137833,304.352814,136.417496,-199.516373,352.856049,137.029617
3479,28.991667,15:00:10:21.03,-96.645645,302.153625,133.246216,-96.641075,309.031189,133.901291,-96.137253,304.353271,136.419067,-199.480194,352.976440,136.903534
3480,29.000000,15:00:10:22.00,-96.647079,302.152771,133.245178,-96.641586,309.030457,133.900467,-96.136528,304.353821,136.418182,-199.447906,353.034851,136.791580
3481,29.008333,15:00:10:22.01,-96.646271,302.153687,133.245834,-96.641975,309.030304,133.901505,-96.135254,304.354065,136.417557,-199.416245,353.021973,136.702545
3482,29.016667,15:00:10:22.02,-96.643738,302.153320,133.244095,-96.639847,309.030670,133.900467,-96.138123,304.353546,136.419022,-199.353455,352.960266,136.636429
3483,29.025000,15:00:10:22.03,-96.646286,302.153015,133.245316,-96.640579,309.032196,133.900909,-96.120583,304.351807,136.418121,-199.295731,352.867676,136.612625
3484,29.033333,15:00:10:23.00,-96.649521,302.153748,133.245911,-96.639915,309.031189,133.900528,-96.136078,304.354156,136.419037,-199.210312,352.708496,136.589722
3485,29.041667,15:00:10:23.01,-96.647789,302.153503,133.246429,-96.640739,309.031189,133.900681,-96.136993,304.352814,136.419205,-199.121124,352.485626,136.619095
3486,29.050000,15:00:10:23.02,-96.647301,302.154053,133.246292,-96.639679,309.032562,133.900970,-96.136765,304.353180,136.418518,-198.998535,352.176544,136.646957
3487,29.058333,15:00:10:23.03,-96.645294,302.152588,133.244675,-96.640289,309.032166,133.901901,-96.135963,304.353699,136.417725,-198.883850,351.850372,136.721085
3488,29.066667,15:00:10:24.00,-96.645660,302.152344,133.245865,-96.641403,309.031677,133.901489,-96.137276,304.353394,136.418335,-198.756607,351.463318,136.815796
3489,29.075000,15:00:10:24.01,-96.644669,302.152649,133.244568,-96.641594,309.031219,133.901474,-96.135262,304.352051,136.417953,-198.617096,351.034149,136.945068
3490,29.083333,15:00:10:24.02,-96.642189,302.153717,133.245148,-96.640556,309.031403,133.900421,-96.119835,304.352264,136.417358,-198.470505,350.563873,137.116348
3491,29.091667,15:00:10:24.03,-96.645134,302.153473,133.245667,-96.640137,309.030609,133.900879,-96.134445,304.353546,136.418015,-198.301682,350.025726,137.273880
3492,29.100000,15:00:10:25.00,-96.644127,302.152344,133.244629,-96.639908,309.031219,133.900131,-96.137794,304.352600,136.416412,-198.134705,349.434174,137.482101
3493,29.108333,15:00:10:25.01,-96.645065,302.152344,133.245438,-96.640305,309.031708,133.901398,-96.135780,304.352295,136.417618,-197.955338,348.761536,137.689499
3494,29.116667,15:00:10:25.02,-96.645554,302.153656,133.244736,-96.640793,309.031586,133.900955,-96.136803,304.354095,136.417938,-197.771301,348.080566,137.987564
3495,29.125000,15:00:10:25.03,-96.644325,302.153564,133.244751,-96.641335,309.031250,133.901062,-96.119156,304.353271,136.417618,-197.561081,347.326813,138.222809
3496,29.133333,15:00:10:26.00,-96.645340,302.152191,133.246613,-96.641693,309.031830,133.901306,-96.136589,304.354889,136.417694,-197.335251,346.516968,138.515167
3497,29.141667,15:00:10:26.01,-96.645584,302.153320,133.244034,-96.640694,309.032410,133.901031,-96.138023,304.352295,136.419159,-197.130936,345.637360,138.799850
3498,29.150000,15:00:10:26.02,-96.646271,302.153320,133.245987,-96.642319,309.031464,133.900513,-96.137321,304.353058,136.418350,-196.934723,344.733337,139.076965
3499,29.158333,15:00:10:26.03,-96.645737,302.153290,133.245178,-96.642334,309.031525,133.901321,-96.136368,304.354706,136.418533,-196.683075,343.833313,139.412567
3500,29.166667,15:00:10:27.00,-96.644363,302.152618,133.244537,-96.641823,309.030945,133.900955,-96.135941,304.353546,136.417908,-196.487259,342.771240,139.681793
3501,29.175000,15:00:10:27.01,-96.642654,302.153290,133.245178,-96.640945,309.032135,133.901978,-96.136246,304.353302,136.418152,-196.269547,341.735901,139.988297
3502,29.183333,15:00:10:27.02,-96.645668,302.152405,133.244461,-96.641281,309.031097,133.900543,-96.135452,304.353546,136.417587,-196.011169,340.670929,140.303833
3503,29.191667,15:00:10:27.03,-96.646759,302.153046,133.244476,-96.640549,309.030518,133.900375,-96.136238,304.352539,136.418015,-195.793564,339.524261,140.647064
3504,29.200000,15:00:10:28.00,-96.646393,302.153503,133.244949,-96.641655,309.032440,133.901657,-96.136436,304.352661,136.418167,-195.540985,338.335236,140.984329
3505,29.208333,15:00:10:28.01,-96.644348,302.152100,133.245148,-96.640076,309.031128,133.900482,-96.135292,304.353821,136.417908,-195.326813,337.146606,141.322708
3506,29.216667,15:00:10:28.02,-96.644081,302.152863,133.244568,-96.641281,309.031830,133.900574,-96.135056,304.354279,136.416702,-195.085876,335.897400,141.622803
3507,29.225000,15:00:10:28.03,-96.644897,302.152893,133.245544,-96.640427,309.031067,133.901398,-96.136543,304.353394,136.418716,-194.873657,334.624084,141.944412
3508,29.233333,15:00:10:29.00,-96.641991,302.152954,133.243912,-96.641289,309.032043,133.900711,-96.136299,304.352936,136.417038,-194.612305,333.321777,142.226257
3509,29.241667,15:00:10:29.01,-96.644745,302.152893,133.246323,-96.641464,309.032043,133.901291,-96.118958,304.352600,136.416946,-194.443268,332.012115,142.537338
3510,29.250000,15:00:10:29.02,-96.645470,302.153229,133.245529,-96.639923,309.030640,133.899445,-96.134933,304.355103,136.417969,-194.256897,330.670319,142.798218
3511,29.258333,15:00:10:29.03,-96.646133,302.153412,133.246063,-96.641487,309.031250,133.901077,-96.135971,304.352692,136.419785,-193.973755,329.323975,143.067459
3512,29.266667,15:00:11:00.00,-96.643410,302.153168,133.245331,-96.642120,309.031647,133.901550,-96.136169,304.353546,136.418808,-193.816818,327.988495,143.298035
3513,29.275000,15:00:11:00.01,-96.644684,302.151978,133.244705,-96.639847,309.030884,133.900864,-96.136597,304.353699,136.417938,-193.619827,326.566925,143.457001
3514,29.283333,15:00:11:00.02,-96.644417,302.151642,133.244812,-96.640381,309.032196,133.902161,-96.119270,304.352203,136.417007,-193.471344,325.209198,143.618134
3515,29.291667,15:00:11:00.03,-96.646896,302.151978,133.245758,-96.641624,309.032166,133.901550,-96.134399,304.353607,136.418549,-193.282349,323.808289,143.754883
3516,29.300000,15:00:11:01.00,-96.644608,302.153168,133.246597,-96.641251,309.031311,133.900757,-96.137306,304.353485,136.418610,-193.112396,322.440979,143.832764
3517,29.308333,15:00:11:01.01,-96.645859,302.152863,133.245621,-96.640144,309.031219,133.900269,-96.135918,304.352966,136.418839,-192.979736,321.056305,143.879547
3518,29.316667,15:00:11:01.02,-96.643982,302.151764,133.245026,-96.640915,309.031250,133.901947,-96.136307,304.353333,136.418686,-192.846756,319.678986,143.923019
3519,29.325000,15:00:11:01.03,-96.646004,302.152130,133.245575,-96.641907,309.031403,133.901352,-96.135178,304.354034,136.417908,-192.725494,318.332245,143.952042
3520,29.333333,15:00:11:02.00,-96.644897,302.152771,133.245193,-96.641830,309.031403,133.901550,-96.136345,304.352997,136.418137,-192.590866,316.938995,143.946762
3521,29.341667,15:00:11:02.01,-96.647224,302.151978,133.245651,-96.641426,309.030670,133.901535,-96.136543,304.353821,136.418228,-192.465042,315.585663,143.916016
3522,29.350000,15:00:11:02.02,-96.646706,302.153381,133.246155,-96.641197,309.031189,133.902313,-96.136551,304.353180,136.419678,-192.363861,314.225281,143.832809
3523,29.358333,15:00:11:02.03,-96.645737,302.153687,133.245422,-96.641144,309.031433,133.901901,-96.136436,304.353394,136.418320,-192.258347,312.846375,143.742416
3524,29.366667,15:00:11:03.00,-96.642754,302.153381,133.244644,-96.640846,309.031006,133.900925,-96.135025,304.353607,136.418167,-192.162354,311.516541,143.620148
3525,29.375000,15:00:11:03.01,-96.643570,302.152405,133.244614,-96.639977,309.031189,133.901520,-96.135254,304.354126,136.418335,-192.075073,310.247162,143.512085
3526,29.383333,15:00:11:03.02,-96.645493,302.153961,133.245422,-96.639694,309.031158,133.901077,-96.119202,304.351471,136.418228,-192.003281,308.965668,143.336243
3527,29.391667,15:00:11:03.03,-96.642097,302.153046,133.246170,-96.638748,309.030304,133.900299,-96.136299,304.354645,136.418503,-191.920609,307.700409,143.146545
3528,29.400000,15:00:11:04.00,-96.645142,302.152710,133.245331,-96.640396,309.031189,133.901001,-96.118752,304.352722,136.417877,-191.862320,306.423767,142.949265
3529,29.408333,15:00:11:04.01,-96.646233,302.152527,133.246094,-96.641281,309.031067,133.901764,-96.135262,304.355133,136.418228,-191.790710,305.184570,142.687363
3530,29.416667,15:00:11:04.02,-96.646622,302.152405,133.245926,-96.640862,309.031250,133.900543,-96.135223,304.354553,136.418762,-191.754333,303.960144,142.460541
3531,29.425000,15:00:11:04.03,-96.645264,302.153046,133.244614,-96.641251,309.030579,133.900757,-96.118301,304.352509,136.417145,-191.704636,302.782715,142.153625
3532,29.433333,15:00:11:05.00,-96.644630,302.152679,133.244080,-96.640778,309.031006,133.900589,-96.135178,304.353882,136.417953,-191.691879,301.667938,141.851044
3533,29.441667,15:00:11:05.01,-96.643463,302.152527,133.244904,-96.641136,309.030975,133.902176,-96.117393,304.352417,136.418228,-191.665115,300.564423,141.550369
3534,29.450000,15:00:11:05.02,-96.645592,302.151886,133.246033,-96.639046,309.032166,133.901398,-96.136452,304.354309,136.419388,-191.614182,299.492249,141.229370
3535,29.458333,15:00:11:05.03,-96.645195,302.152344,133.245819,-96.640854,309.032074,133.902283,-96.135414,304.352509,136.418045,-191.600555,298.444061,140.942520
3536,29.466667,15:00:11:06.00,-96.643532,302.152527,133.244492,-96.640778,309.031769,133.901108,-96.119156,304.353058,136.418076,-191.550858,297.373901,140.623749
3537,29.475000,15:00:11:06.01,-96.642265,302.152344,133.244843,-96.642052,309.031158,133.901855,-96.136459,304.354828,136.419495,-191.484207,296.408417,140.304016
3538,29.483333,15:00:11:06.02,-96.644585,302.152313,133.244904,-96.642242,309.031158,133.901352,-96.136612,304.351868,136.419189,-191.480209,295.469604,139.959656
3539,29.491667,15:00:11:06.03,-96.643097,302.153778,133.245651,-96.641937,309.030640,133.901398,-96.135323,304.353180,136.418762,-191.445129,294.622925,139.613892
3540,29.500000,15:00:11:07.00,-96.643913,302.152863,133.245056,-96.641808,309.030945,133.901245,-96.118996,304.351593,136.417175,-191.379150,293.809814,139.245667
3541,29.508333,15:00:11:07.01,-96.646042,302.153046,133.245789,-96.640167,309.030304,133.901794,-96.136696,304.354248,136.418991,-191.389633,293.026215,138.890442
3542,29.516667,15:00:11:07.02,-96.644394,302.152496,133.244781,-96.639328,309.030884,133.901794,-96.135658,304.353546,136.418335,-191.397552,292.332733,138.541840
3543,29.525000,15:00:11:07.03,-96.647026,302.152802,133.245789,-96.641624,309.030975,133.900970,-96.136307,304.354034,136.419952,-191.373154,291.664429,138.263687
3544,29.533333,15:00:11:08.00,-96.644920,302.153717,133.244812,-96.641251,309.030457,133.900772,-96.118561,304.353394,136.417938,-191.361923,291.039124,137.915482
3545,29.541667,15:00:11:08.01,-96.644936,302.153381,133.245850,-96.639893,309.029785,133.900604,-96.133629,304.354034,136.418808,-191.341705,290.487762,137.582123
3546,29.550000,15:00:11:08.02,-96.642563,302.153839,133.244629,-96.640297,309.029907,133.899933,-96.136398,304.351868,136.418533,-191.306900,290.001709,137.265686
3547,29.558333,15:00:11:08.03,-96.644897,302.152740,133.244781,-96.639954,309.030090,133.901459,-96.135353,304.352173,136.418777,-191.325653,289.575256,136.938568
3548,29.566667,15:00:11:09.00,-96.646667,302.152832,133.245621,-96.641029,309.031616,133.901520,-96.136253,304.352509,136.418732,-191.330048,289.255249,136.646973
3549,29.575000,15:00:11:09.01,-96.643585,302.152008,133.245041,-96.641838,309.030396,133.901291,-96.136215,304.352600,136.417664,-191.284210,288.996887,136.374069
3550,29.583333,15:00:11:09.02,-96.644112,302.152893,133.245316,-96.639732,309.031189,133.900604,-96.135872,304.352081,136.417526,-191.283295,288.777527,136.143997
3551,29.591667,15:00:11:09.03,-96.644768,302.152069,133.245911,-96.641075,309.031189,133.902267,-96.136360,304.352722,136.418991,-191.285522,288.578613,135.927551
3552,29.600000,15:00:11:10.00,-96.644173,302.152466,133.244720,-96.640984,309.031555,133.900589,-96.136421,304.352173,136.418030,-191.261093,288.514221,135.724289
3553,29.608333,15:00:11:10.01,-96.641800,302.152466,133.245499,-96.640182,309.030792,133.899948,-96.136131,304.352295,136.419235,-191.223541,288.499512,135.538010
3554,29.616667,15:00:11:10.02,-96.643173,302.151978,133.245026,-96.641594,309.031403,133.901947,-96.135628,304.351868,136.418549,-191.205841,288.566193,135.360031
3555,29.625000,15:00:11:10.03,-96.643501,302.152863,133.246063,-96.640968,309.031464,133.901657,-96.135391,304.352814,136.417633,-191.208237,288.714966,135.163254
3556,29.633333,15:00:11:11.00,-96.644386,302.152313,133.245010,-96.639931,309.030182,133.902130,-96.118187,304.352692,136.417465,-191.203979,288.961700,134.997665
3557,29.641667,15:00:11:11.01,-96.644196,302.151825,133.244980,-96.650154,309.037018,133.898773,-96.135094,304.354034,136.418640,-191.190216,289.288361,134.914917
3558,29.650000,15:00:11:11.02,-96.643204,302.153076,133.244614,-96.644623,309.031982,133.900864,-96.135742,304.352753,136.418243,-191.170410,289.626495,134.853226
3559,29.658333,15:00:11:11.03,-96.645561,302.152679,133.245529,-96.642113,309.031494,133.901825,-96.118904,304.352722,136.418320,-191.200455,290.008484,134.818192
3560,29.666667,15:00:11:12.00,-96.645050,302.152954,133.246460,-96.641167,309.029663,133.901138,-96.135101,304.354889,136.419266,-191.142365,290.512909,134.837662
3561,29.675000,15:00:11:12.01,-96.642380,302.151642,133.244843,-96.640602,309.030975,133.901871,-96.136490,304.352295,136.418137,-191.158707,291.031250,134.850418
3562,29.683333,15:00:11:12.02,-96.644768,302.151611,133.245117,-96.641357,309.031464,133.901215,-96.135681,304.352966,136.417740,-191.115509,291.651520,134.918137
3563,29.691667,15:00:11:12.03,-96.645500,302.151855,133.244827,-96.640221,309.030426,133.901001,-96.119865,304.351929,136.417145,-191.165024,292.325989,134.965103
3564,29.700000,15:00:11:13.00,-96.645691,302.152802,133.244843,-96.641449,309.030975,133.900528,-96.135307,304.355133,136.419067,-191.182404,293.125549,135.103851
3565,29.708333,15:00:11:13.01,-96.643936,302.154053,133.245056,-96.641228,309.031250,133.901459,-96.135345,304.353210,136.418076,-191.188187,293.971100,135.228531
3566,29.716667,15:00:11:13.02,-96.644127,302.152802,133.245056,-96.641632,309.031250,133.901718,-96.136032,304.352417,136.417953,-191.247864,294.835602,135.414688
3567,29.725000,15:00:11:13.03,-96.646347,302.151855,133.244934,-96.641640,309.030640,133.901642,-96.135788,304.352936,136.418274,-191.335327,295.784790,135.646179
3568,29.733333,15:00:11:14.00,-96.646561,302.152222,133.245026,-96.641342,309.030518,133.899948,-96.137352,304.352112,136.418243,-191.385681,296.729095,135.896988
3569,29.741667,15:00:11:14.01,-96.645660,302.151642,133.246506,-96.641747,309.030975,133.901321,-96.137276,304.354279,136.419083,-191.418213,297.759430,136.180908
3570,29.750000,15:00:11:14.02,-96.645721,302.152649,133.244980,-96.642097,309.031311,133.901520,-96.136269,304.353058,136.417786,-191.470306,298.847565,136.508072
3571,29.758333,15:00:11:14.03,-96.645767,302.153381,133.245819,-96.640488,309.030914,133.900620,-96.136024,304.352631,136.419098,-191.510696,299.957123,136.762756
3572,29.766667,15:00:11:15.00,-96.645493,302.152405,133.244888,-96.641968,309.031036,133.901260,-96.137344,304.352783,136.418900,-191.569595,301.109741,137.085022
3573,29.775000,15:00:11:15.01,-96.643845,302.152466,133.244934,-96.640419,309.030579,133.900986,-96.135315,304.352753,136.417847,-191.652023,302.298187,137.366501
3574,29.783333,15:00:11:15.02,-96.644829,302.152893,133.245575,-96.641144,309.030975,133.900955,-96.135353,304.353546,136.419037,-191.722641,303.531036,137.645935
3575,29.791667,15:00:11:15.03,-96.645401,302.152466,133.245056,-96.641205,309.030273,133.901138,-96.136650,304.353149,136.417847,-191.804581,304.825775,138.003174
3576,29.800000,15:00:11:16.00,-96.643974,302.151886,133.244568,-96.641960,309.030975,133.900894,-96.135345,304.352875,136.417740,-191.871628,306.130402,138.268494
3577,29.808333,15:00:11:16.01,-96.643845,302.151978,133.244995,-96.642982,309.030304,133.901505,-96.136116,304.353027,136.417740,-191.948196,307.433044,138.535172
3578,29.816667,15:00:11:16.02,-96.645149,302.152588,133.244720,-96.640167,309.029877,133.900055,-96.135696,304.353180,136.418015,-192.021591,308.775452,138.807434
3579,29.825000,15:00:11:16.03,-96.644684,302.151855,133.244156,-96.640999,309.031738,133.901596,-96.118446,304.353485,136.417618,-192.083282,310.141571,139.035309
3580,29.833333,15:00:11:17.00,-96.643936,302.152191,133.245178,-96.641037,309.031860,133.902161,-96.134033,304.354431,136.417999,-192.161438,311.450775,139.232056
3581,29.841667,15:00:11:17.01,-96.646484,302.152313,133.245148,-96.639160,309.030640,133.900772,-96.118507,304.352295,136.418030,-192.235382,312.774536,139.408234
3582,29.850000,15:00:11:17.02,-96.645912,302.152740,133.246140,-96.640549,309.030304,133.900757,-96.135223,304.354919,136.418030,-192.335098,314.128723,139.530533
3583,29.858333,15:00:11:17.03,-96.644531,302.152100,133.244614,-96.641785,309.031006,133.901321,-96.137306,304.352722,136.418045,-192.443039,315.502106,139.668716
3584,29.866667,15:00:11:18.00,-96.645721,302.151978,133.245071,-96.640869,309.031616,133.902435,-96.137238,304.352600,136.419220,-192.532974,316.803314,139.719803
3585,29.875000,15:00:11:18.01,-96.642693,302.152832,133.243576,-96.640709,309.030701,133.901657,-96.118172,304.352081,136.416916,-192.629852,318.120270,139.752548
3586,29.883333,15:00:11:18.02,-96.643867,302.153534,133.246017,-96.640480,309.031311,133.901413,-96.134956,304.353912,136.417419,-192.743713,319.519714,139.828430
3587,29.891667,15:00:11:18.03,-96.643921,302.152496,133.245804,-96.639702,309.030945,133.900818,-96.136803,304.351807,136.418610,-192.872131,320.864929,139.865250
3588,29.900000,15:00:11:19.00,-96.645775,302.151337,133.245575,-96.641281,309.031342,133.901184,-96.136139,304.352722,136.418549,-192.963684,322.157135,139.821060
3589,29.908333,15:00:11:19.01,-96.645905,302.154205,133.245743,-96.641632,309.030914,133.901215,-96.119438,304.352631,136.417389,-193.054016,323.477356,139.750610
3590,29.916667,15:00:11:19.02,-96.644859,302.151978,133.245438,-96.641914,309.031097,133.901688,-96.134262,304.354919,136.417953,-193.150833,324.818909,139.691299
3591,29.925000,15:00:11:19.03,-96.646400,302.151978,133.245331,-96.640129,309.031311,133.900345,-96.136505,304.353333,136.418762,-193.246185,326.096832,139.578217
3592,29.933333,15:00:11:20.00,-96.645676,302.152100,133.244980,-96.641533,309.030853,133.901398,-96.136215,304.352448,136.418213,-193.361664,327.300598,139.449524
3593,29.941667,15:00:11:20.01,-96.645607,302.153931,133.244904,-96.639755,309.030396,133.900269,-96.136932,304.352509,136.417740,-193.497879,328.454803,139.315369
3594,29.950000,15:00:11:20.02,-96.645813,302.152344,133.245605,-96.641327,309.030640,133.900986,-96.120644,304.351746,136.418839,-193.585754,329.630432,139.200684
3595,29.958333,15:00:11:20.03,-96.643173,302.151733,133.244720,-96.642502,309.031647,133.900742,-96.134010,304.353058,136.418640,-193.630005,330.735077,139.100891
3596,29.966667,15:00:11:21.00,-96.642204,302.152863,133.244553,-96.642502,309.031860,133.900909,-96.119484,304.351624,136.417770,-193.743423,331.820801,138.982346
3597,29.975000,15:00:11:21.01,-96.643791,302.152710,133.245743,-96.639816,309.031311,133.901031,-96.118477,304.353455,136.417892,-193.849945,332.796844,138.857285
3598,29.983333,15:00:11:21.02,-96.643898,302.153381,133.245148,-96.641037,309.031281,133.901459,-96.133560,304.352570,136.417267,-193.940002,333.744141,138.779297
3599,29.991667,15:00:11:21.03,-96.643959,302.152191,133.245667,-96.641823,309.031708,133.901443,-96.137672,304.353119,136.418823,-194.018692,334.625183,138.728714
3600,30.000000,15:00:11:22.00,-96.644058,302.152405,133.244888,-96.640816,309.031067,133.900421,-96.135429,304.352417,136.418015,-194.098419,335.456146,138.703674
3601,30.008333,15:00:11:22.01,-96.643623,302.152161,133.245926,-96.640656,309.030426,133.901199,-96.118927,304.352325,136.417816,-194.204971,336.250275,138.710342
3602,30.016667,15:00:11:22.02,-96.643761,302.151794,133.243912,-96.641693,309.031311,133.901138,-96.135040,304.353668,136.418427,-194.324814,336.994324,138.712936
3603,30.025000,15:00:11:22.03,-96.644722,302.151337,133.244492,-96.640701,309.031189,133.900818,-96.136261,304.352051,136.418396,-194.474472,337.665741,138.780746
3604,30.033333,15:00:11:23.00,-96.645111,302.153290,133.245453,-96.641769,309.032196,133.901062,-96.135422,304.352264,136.417542,-194.602188,338.307281,138.880081
3605,30.041667,15:00:11:23.01,-96.644737,302.152191,133.245163,-96.642174,309.030884,133.901184,-96.118332,304.353241,136.418365,-194.762253,338.904633,138.996796
3606,30.050000,15:00:11:23.02,-96.644424,302.152863,133.244141,-96.642250,309.031036,133.901749,-96.117569,304.353577,136.417923,-194.917877,339.412628,139.141891
3607,30.058333,15:00:11:23.03,-96.643524,302.152924,133.244370,-96.640099,309.031647,133.901459,-96.135948,304.354126,136.418686,-195.087738,339.919098,139.327682
3608,30.066667,15:00:11:24.00,-96.645264,302.152039,133.245605,-96.640106,309.030487,133.901154,-96.119171,304.351105,136.417633,-195.268280,340.382751,139.532837
3609,30.075000,15:00:11:24.01,-96.644104,302.152771,133.245163,-96.641983,309.030304,133.901611,-96.133621,304.353210,136.418259,-195.440323,340.774658,139.780319
3610,30.083333,15:00:11:24.02,-96.644882,302.152771,133.245880,-96.641159,309.030243,133.900894,-96.119835,304.351746,136.417725,-195.630295,341.133484,140.051910
3611,30.091667,15:00:11:24.03,-96.644821,302.152954,133.245255,-96.641937,309.030457,133.901276,-96.136322,304.354675,136.418350,-195.849426,341.451324,140.370544
3612,30.100000,15:00:11:25.00,-96.646088,302.151062,133.245956,-96.643356,309.030426,133.903214,-96.136276,304.352844,136.417450,-196.025192,341.708313,140.719376
3613,30.108333,15:00:11:25.01,-96.645149,302.150818,133.244080,-96.641747,309.031067,133.901306,-96.134956,304.352295,136.418777,-196.277496,341.904297,141.076248
3614,30.116667,15:00:11:25.02,-96.644493,302.152069,133.245056,-96.642319,309.031006,133.902481,-96.117348,304.351105,136.417236,-196.477173,342.081848,141.470856
3615,30.125000,15:00:11:25.03,-96.643700,302.151611,133.244354,-96.639969,309.030182,133.900375,-96.136215,304.354218,136.418823,-196.704376,342.192139,141.898605
3616,30.133333,15:00:11:26.00,-96.641273,302.152100,133.244080,-96.641289,309.031677,133.902695,-96.135071,304.352448,136.417587,-196.935593,342.229950,142.362091
3617,30.141667,15:00:11:26.01,-96.644081,302.153381,133.246628,-96.640953,309.030457,133.902084,-96.137787,304.352417,136.418335,-197.165756,342.250061,142.859604
3618,30.150000,15:00:11:26.02,-96.644020,302.152374,133.245895,-96.641167,309.030945,133.901031,-96.136818,304.351654,136.419479,-197.409958,342.233429,143.411011
3619,30.158333,15:00:11:26.03,-96.642014,302.151978,133.245132,-96.642075,309.030975,133.901733,-96.134842,304.351410,136.418030,-197.644363,342.182983,143.982559
3620,30.166667,15:00:11:27.00,-96.642136,302.151245,133.245499,-96.642159,309.031128,133.901886,-96.136597,304.351959,136.418884,-197.894363,342.036346,144.580963
3621,30.175000,15:00:11:27.01,-96.644524,302.151794,133.246124,-96.640770,309.030151,133.899963,-96.115631,304.350555,136.417419,-198.137146,341.888245,145.205185
3622,30.183333,15:00:11:27.02,-96.645477,302.150879,133.245239,-96.640526,309.031616,133.901199,-96.116913,304.352966,136.417969,-198.370361,341.670837,145.844040
3623,30.191667,15:00:11:27.03,-96.643326,302.152527,133.246033,-96.640839,309.030762,133.901093,-96.134895,304.353333,136.418488,-198.598587,341.364502,146.502426
3624,30.200000,15:00:11:28.00,-96.642685,302.152313,133.244492,-96.640160,309.030853,133.901520,-96.118881,304.350952,136.418106,-198.791977,341.021637,147.159393
3625,30.208333,15:00:11:28.01,-96.640938,302.151428,133.244034,-96.639534,309.029785,133.900726,-96.117592,304.351990,136.417496,-198.996216,340.642395,147.826889
3626,30.216667,15:00:11:28.02,-96.642822,302.151489,133.245300,-96.640793,309.029785,133.900909,-96.135376,304.353088,136.417160,-199.200577,340.211548,148.494385
3627,30.225000,15:00:11:28.03,-96.642319,302.150726,133.245255,-96.640434,309.030396,133.901505,-96.135185,304.351654,136.417160,-199.406250,339.706573,149.150589
3628,30.233333,15:00:11:29.00,-96.643654,302.151978,133.245392,-96.640396,309.030884,133.899658,-96.136734,304.352112,136.418030,-199.567612,339.171295,149.797623
3629,30.241667,15:00:11:29.01,-96.642647,302.151276,133.246002,-96.641525,309.030762,133.900589,-96.135658,304.351074,136.417435,-199.755966,338.590149,150.446823
3630,30.250000,15:00:11:29.02,-96.641678,302.150940,133.244354,-96.640808,309.029755,133.901016,-96.135071,304.350800,136.417160,-199.909973,338.014862,151.062927
3631,30.258333,15:00:11:29.03,-96.643486,302.151093,133.245468,-96.640640,309.028839,133.900650,-96.117188,304.350616,136.417847,-200.070618,337.304413,151.685181
3632,30.266667,15:00:12:00.00,-96.644341,302.151642,133.245117,-96.638733,309.030426,133.900620,-96.134735,304.352722,136.417740,-200.200409,336.638855,152.290054
3633,30.275000,15:00:12:00.01,-96.643608,302.151794,133.245773,-96.641518,309.031250,133.902420,-96.116882,304.349731,136.416809,-200.337296,335.907104,152.871399
3634,30.283333,15:00:12:00.02,-96.642601,302.151123,133.245270,-96.642120,309.030518,133.901077,-96.134171,304.352966,136.417114,-200.534897,335.150574,153.469391
3635,30.291667,15:00:12:00.03,-96.643211,302.152313,133.244476,-96.638176,309.029633,133.899948,-96.119743,304.350311,136.416885,-200.642517,334.373108,154.053146
3636,30.300000,15:00:12:01.00,-96.642799,302.152527,133.245605,-96.639740,309.030701,133.901459,-96.134789,304.352539,136.418137,-200.819321,333.587280,154.664963
3637,30.308333,15:00:12:01.01,-96.642494,302.151550,133.244293,-96.641045,309.029938,133.900101,-96.136063,304.351318,136.417953,-201.030823,332.765717,155.234650
3638,30.316667,15:00:12:01.02,-96.641747,302.152039,133.245346,-96.642349,309.029907,133.900772,-96.135124,304.352417,136.417664,-201.186630,331.955719,155.785614
3639,30.325000,15:00:12:01.03,-96.641594,302.152618,133.244125,-96.640953,309.030396,133.900864,-96.134445,304.353180,136.418274,-201.340607,331.068512,156.288773
3640,30.333333,15:00:12:02.00,-96.643440,302.151947,133.244812,-96.641663,309.030457,133.902328,-96.136963,304.351837,136.419022,-201.515839,330.193481,156.793030
3641,30.341667,15:00:12:02.01,-96.643669,302.152618,133.244507,-96.641235,309.031189,133.901230,-96.134422,304.352295,136.418015,-201.764862,329.294556,157.333984
3642,30.350000,15:00:12:02.02,-96.641632,302.151428,133.245010,-96.642212,309.030060,133.901733,-96.132675,304.351471,136.417252,-201.978683,328.387482,157.821320
3643,30.358333,15:00:12:02.03,-96.641731,302.152557,133.245117,-96.643982,309.030609,133.901794,-96.133842,304.352631,136.417618,-202.164871,327.450256,158.289963
3644,30.366667,15:00:12:03.00,-96.641708,302.152771,133.244003,-96.652290,309.035889,133.899109,-96.132599,304.353271,136.417465,-202.395386,326.493225,158.773895
3645,30.375000,15:00:12:03.01,-96.642754,302.152100,133.244522,-96.646812,309.029327,133.902359,-96.133331,304.351654,136.417709,-202.628189,325.566589,159.195511
3646,30.383333,15:00:12:03.02,-96.640427,302.152069,133.245346,-96.643257,309.028931,133.901352,-96.133530,304.351959,136.416855,-202.879333,324.642212,159.570206
3647,30.391667,15:00:12:03.03,-96.643898,302.152069,133.245697,-96.653496,309.035980,133.899765,-96.134247,304.352997,136.418304,-203.180176,323.689697,159.895355
3648,30.400000,15:00:12:04.00,-96.642372,302.152283,133.244034,-96.645645,309.030029,133.902054,-96.134041,304.352509,136.417648,-203.441528,322.772064,160.178513
3649,30.408333,15:00:12:04.01,-96.642601,302.151733,133.246155,-96.644279,309.030121,133.903091,-96.132942,304.352203,136.417496,-203.696014,321.826782,160.429626
3650,30.416667,15:00:12:04.02,-96.644821,302.152100,133.245499,-96.644783,309.029419,133.901581,-96.134895,304.351501,136.417892,-203.974152,320.875427,160.658173
3651,30.425000,15:00:12:04.03,-96.643036,302.151459,133.244751,-96.644356,309.031403,133.901810,-96.119316,304.350159,136.418045,-204.212311,319.908752,160.804077
3652,30.433333,15:00:12:05.00,-96.645370,302.151642,133.245178,-96.644630,309.030762,133.901932,-96.134369,304.354034,136.418442,-204.465622,318.936432,160.938599
3653,30.441667,15:00:12:05.01,-96.642441,302.151428,133.245499,-96.642723,309.030426,133.901764,-96.135056,304.351196,136.417053,-204.687683,317.981171,161.037003
3654,30.450000,15:00:12:05.02,-96.641640,302.152313,133.244858,-96.644249,309.029449,133.903061,-96.135208,304.350220,136.418045,-204.936432,317.035187,161.110397
3655,30.458333,15:00:12:05.03,-96.643761,302.151520,133.245377,-96.644157,309.029999,133.902191,-96.134201,304.350922,136.418396,-205.144974,316.101593,161.149734
3656,30.466667,15:00:12:06.00,-96.644112,302.150879,133.244812,-96.652679,309.037384,133.900879,-96.135117,304.352325,136.418091,-205.326584,315.179962,161.156799
3657,30.475000,15:00:12:06.01,-96.641655,302.151703,133.245010,-96.642242,309.030212,133.900925,-96.135834,304.351166,136.418457,-205.470093,314.283203,161.147522
3658,30.483333,15:00:12:06.02,-96.643005,302.150574,133.245255,-96.641235,309.030090,133.901215,-96.135101,304.351318,136.418442,-205.577057,313.367584,161.136948
3659,30.491667,15:00:12:06.03,-96.643486,302.150391,133.245255,-96.640366,309.030121,133.900772,-96.134972,304.350983,136.418198,-205.638702,312.477020,161.145340
3660,30.500000,15:00:12:07.00,-96.645180,302.150635,133.244247,-96.641441,309.029846,133.902359,-96.135803,304.350250,136.418732,-205.664749,311.590424,161.129562
3661,30.508333,15:00:12:07.01,-96.645348,302.151428,133.245651,-96.640953,309.029785,133.901413,-96.117378,304.349121,136.418442,-205.700333,310.741821,161.089966
3662,30.516667,15:00:12:07.02,-96.642067,302.151855,133.245880,-96.641029,309.030212,133.901581,-96.133835,304.351868,136.418304,-205.649689,309.942200,161.012543
3663,30.525000,15:00:12:07.03,-96.644608,302.152130,133.245941,-96.641602,309.029724,133.901947,-96.120407,304.349701,136.417114,-205.596588,309.159027,160.934906
3664,30.533333,15:00:12:08.00,-96.645966,302.152191,133.245285,-96.640862,309.029449,133.900955,-96.136353,304.351990,136.418182,-205.521912,308.388367,160.854202
3665,30.541667,15:00:12:08.01,-96.645584,302.151825,133.245300,-96.641525,309.029694,133.901657,-96.117958,304.350006,136.416718,-205.379013,307.663452,160.740692
3666,30.550000,15:00:12:08.02,-96.644104,302.150452,133.244858,-96.640137,309.029327,133.901352,-96.135292,304.351440,136.418152,-205.270767,306.942596,160.635513
3667,30.558333,15:00:12:08.03,-96.643158,302.150238,133.245056,-96.640839,309.029633,133.901886,-96.136620,304.351166,136.418625,-205.108292,306.270660,160.549957
3668,30.566667,15:00:12:09.00,-96.645187,302.150879,133.245300,-96.641365,309.029236,133.901016,-96.134605,304.350800,136.418320,-204.857056,305.627716,160.461945
3669,30.575000,15:00:12:09.01,-96.644707,302.152283,133.245590,-96.640671,309.029633,133.901337,-96.117439,304.350494,136.418472,-204.637360,304.971069,160.344833
3670,30.583333,15:00:12:09.02,-96.644341,302.152069,133.245529,-96.641541,309.030548,133.901627,-96.134560,304.353271,136.418884,-204.424835,304.381500,160.247772
3671,30.591667,15:00:12:09.03,-96.644989,302.151031,133.245117,-96.640762,309.029999,133.901932,-96.136566,304.352325,136.418655,-204.063034,303.790375,160.158218
3672,30.600000,15:00:12:10.00,-96.643585,302.150787,133.244629,-96.640457,309.030823,133.901733,-96.135757,304.351593,136.418716,-203.729370,303.277222,160.048447
3673,30.608333,15:00:12:10.01,-96.641716,302.150665,133.244492,-96.641251,309.030823,133.902817,-96.134895,304.350159,136.418182,-203.387619,302.728210,159.945267
3674,30.616667,15:00:12:10.02,-96.644348,302.150604,133.246277,-96.640343,309.030579,133.902283,-96.119278,304.349762,136.419815,-203.051514,302.270142,159.807495
3675,30.625000,15:00:12:10.03,-96.645248,302.151855,133.245895,-96.642006,309.031860,133.902222,-96.117142,304.350647,136.417587,-202.627350,301.792633,159.699326
3676,30.633333,15:00:12:11.00,-96.645554,302.151642,133.245270,-96.643242,309.031982,133.902206,-96.135536,304.352875,136.419174,-202.208588,301.356323,159.537201
3677,30.641667,15:00:12:11.01,-96.644302,302.152496,133.245743,-96.642204,309.033264,133.903687,-96.135979,304.351532,136.419052,-201.743790,300.990143,159.427109
3678,30.650000,15:00:12:11.02,-96.642754,302.152466,133.246185,-96.643959,309.032898,133.904236,-96.136337,304.352631,136.418884,-201.307434,300.627502,159.252472
3679,30.658333,15:00:12:11.03,-96.643448,302.151306,133.245956,-96.642418,309.031982,133.903198,-96.118393,304.350128,136.417465,-200.898148,300.292297,159.092331
3680,30.666667,15:00:12:12.00,-96.642670,302.151489,133.245575,-96.643311,309.031891,133.904678,-96.134972,304.353241,136.419403,-200.376297,299.969940,158.921906
3681,30.675000,15:00:12:12.01,-96.644943,302.151611,133.246552,-96.643265,309.032837,133.903458,-96.136978,304.351257,136.418732,-199.849884,299.707733,158.722870
3682,30.683333,15:00:12:12.02,-96.647316,302.152649,133.247192,-96.644035,309.032990,133.904861,-96.137497,304.351624,136.418335,-199.340225,299.446045,158.517014
3683,30.691667,15:00:12:12.03,-96.646210,302.152252,133.247025,-96.644386,309.032104,133.905487,-96.137047,304.351959,136.418930,-198.781097,299.203796,158.336411
3684,30.700000,15:00:12:13.00,-96.642448,302.152649,133.245865,-96.644798,309.032166,133.905624,-96.136673,304.352966,136.420013,-198.248322,298.983246,158.113403
3685,30.708333,15:00:12:13.01,-96.645317,302.152191,133.246048,-96.643303,309.032166,133.905655,-96.117577,304.352112,136.419006,-197.657257,298.812653,157.882858
3686,30.716667,15:00:12:13.02,-96.644661,302.151886,133.245209,-96.644142,309.032532,133.905716,-96.135735,304.353424,136.418747,-197.107513,298.694885,157.633728
3687,30.725000,15:00:12:13.03,-96.642563,302.151306,133.245270,-96.643196,309.032166,133.906479,-96.136787,304.352051,136.419098,-196.544128,298.576904,157.367630
3688,30.733333,15:00:12:14.00,-96.642967,302.152405,133.245605,-96.641853,309.032349,133.904648,-96.134735,304.350922,136.418045,-195.884216,298.492798,157.121475
3689,30.741667,15:00:12:14.01,-96.644325,302.152649,133.245163,-96.643166,309.031738,133.905624,-96.134659,304.351868,136.419373,-195.275955,298.461182,156.846985
3690,30.750000,15:00:12:14.02,-96.646706,302.152771,133.246475,-96.644440,309.031738,133.906525,-96.136902,304.352997,136.418945,-194.679382,298.371124,156.559296
3691,30.758333,15:00:12:14.03,-96.647057,302.153320,133.246429,-96.643669,309.030518,133.904572,-96.119186,304.352478,136.418839,-194.090790,298.388580,156.261627
3692,30.766667,15:00:12:15.00,-96.643402,302.152710,133.245651,-96.643135,309.032166,133.904449,-96.135750,304.354218,136.418686,-193.407318,298.411652,155.951004
3693,30.775000,15:00:12:15.01,-96.641068,302.151306,133.244949,-96.642838,309.031555,133.905365,-96.135384,304.353333,136.418564,-192.777191,298.426453,155.643845
3694,30.783333,15:00:12:15.02,-96.645813,302.152527,133.245270,-96.642693,309.031738,133.904846,-96.135429,304.353546,136.418900,-192.138947,298.521790,155.322433
3695,30.791667,15:00:12:15.03,-96.646278,302.152954,133.245758,-96.643250,309.032837,133.905396,-96.136520,304.355408,136.419266,-191.513855,298.640045,154.969757
3696,30.800000,15:00:12:16.00,-96.645538,302.152863,133.245178,-96.642593,309.031952,133.904480,-96.136734,304.356171,136.419373,-190.877014,298.743042,154.603485
3697,30.808333,15:00:12:16.01,-96.645691,302.151642,133.246277,-96.642319,309.031555,133.902817,-96.121262,304.355865,136.419144,-190.250671,298.875671,154.281281
3698,30.816667,15:00:12:16.02,-96.646683,302.152313,133.246384,-96.642921,309.032196,133.904449,-96.136017,304.356659,136.420135,-189.550385,299.048553,153.941101
3699,30.825000,15:00:12:16.03,-96.647781,302.153778,133.246994,-96.643219,309.032379,133.904388,-96.139618,304.355011,136.420288,-188.821503,299.238556,153.589783
3700,30.833333,15:00:12:17.00,-96.644112,302.153290,133.246262,-96.643303,309.032196,133.905029,-96.138306,304.355469,136.420166,-188.138123,299.447021,153.226395
3701,30.841667,15:00:12:17.01,-96.647148,302.153534,133.245789,-96.642410,309.032471,133.902969,-96.138206,304.357117,136.421906,-187.485580,299.664368,152.861649
3702,30.850000,15:00:12:17.02,-96.644081,302.152649,133.245407,-96.643326,309.032318,133.905502,-96.138016,304.356232,136.420074,-186.752380,299.933868,152.485229
3703,30.858333,15:00:12:17.03,-96.645889,302.153412,133.246964,-96.642235,309.033173,133.904541,-96.139954,304.356873,136.420166,-186.006317,300.189362,152.119553
3704,30.866667,15:00:12:18.00,-96.642578,302.153656,133.246521,-96.642975,309.033600,133.904953,-96.138992,304.356689,136.420792,-185.245148,300.449524,151.749634
3705,30.875000,15:00:12:18.01,-96.644005,302.154510,133.246750,-96.643669,309.031525,133.903748,-96.137100,304.356323,136.419922,-184.475845,300.720459,151.362228
3706,30.883333,15:00:12:18.02,-96.644691,302.152313,133.246231,-96.643959,309.031616,133.904358,-96.138672,304.355469,136.419647,-183.721313,301.011047,150.964172
3707,30.891667,15:00:12:18.03,-96.647247,302.153137,133.246490,-96.643013,309.032501,133.904648,-96.138733,304.355225,136.420380,-182.916489,301.351654,150.548309
3708,30.900000,15:00:12:19.00,-96.646950,302.152832,133.246429,-96.642342,309.031952,133.905243,-96.121040,304.353271,136.418762,-182.116486,301.659760,150.138519
3709,30.908333,15:00:12:19.01,-96.644104,302.152008,133.244232,-96.643036,309.032227,133.904465,-96.119591,304.355774,136.419876,-181.261673,301.953156,149.692642
3710,30.916667,15:00:12:19.02,-96.642128,302.153534,133.245712,-96.642975,309.032318,133.904617,-96.136116,304.356323,136.419983,-180.449692,302.270142,149.264542
3711,30.925000,15:00:12:19.03,-96.643814,302.153076,133.245819,-96.643387,309.031586,133.903687,-96.120956,304.354706,136.418030,-179.548508,302.648132,148.825089
3712,30.933333,15:00:12:20.00,-96.645485,302.153076,133.245468,-96.642212,309.032349,133.904205,-96.137108,304.356110,136.419632,-178.703522,303.019501,148.357971
3713,30.941667,15:00:12:20.01,-96.643196,302.153320,133.245392,-96.641670,309.032257,133.904007,-96.136185,304.353180,136.418579,-177.813675,303.354340,147.897644
3714,30.950000,15:00:12:20.02,-96.644943,302.153198,133.244797,-96.645523,309.032776,133.906097,-96.137222,304.354156,136.418991,-176.854889,303.741455,147.470642
3715,30.958333,15:00:12:20.03,-96.644142,302.153320,133.245483,-96.645264,309.031952,133.905106,-96.136269,304.354034,136.417908,-175.932388,304.090027,147.019882
3716,30.966667,15:00:12:21.00,-96.643059,302.152740,133.245544,-96.642662,309.032379,133.904236,-96.134300,304.354279,136.418503,-174.947891,304.478912,146.572556
3717,30.975000,15:00:12:21.01,-96.645813,302.154144,133.245865,-96.642593,309.031738,133.904221,-96.118370,304.352966,136.417419,-173.977356,304.826477,146.090973
3718,30.983333,15:00:12:21.02,-96.645508,302.153168,133.246643,-96.641556,309.032074,133.903992,-96.116814,304.354187,136.416534,-173.013580,305.214294,145.577515
3719,30.991667,15:00:12:21.03,-96.645828,302.153290,133.245987,-96.641838,309.031952,133.903198,-96.135361,304.356506,136.418381,-172.051208,305.675415,145.048798
3720,31.000000,15:00:12:22.00,-96.643547,302.153473,133.245117,-96.642426,309.033569,133.902725,-96.137413,304.353760,136.418442,-171.149963,306.038544,144.436508
3721,31.008333,15:00:12:22.01,-96.644638,302.154083,133.245377,-96.644279,309.033234,133.903503,-96.136948,304.354736,136.418457,-170.177795,306.502289,143.884460
3722,31.016667,15:00:12:22.02,-96.646378,302.152863,133.245773,-96.644829,309.032532,133.904510,-96.119217,304.351898,136.418228,-169.265091,306.860809,143.300476
3723,31.025000,15:00:12:22.03,-96.645370,302.152313,133.244843,-96.643654,309.032837,133.904022,-96.134941,304.353973,136.418335,-168.268799,307.281250,142.759369
3724,31.033333,15:00:12:23.00,-96.643921,302.152252,133.243362,-96.643867,309.032379,133.903992,-96.118454,304.350769,136.416595,-167.379578,307.649445,142.183228
3725,31.041667,15:00:12:23.01,-96.646210,302.153168,133.245193,-96.643822,309.034668,133.904846,-96.133652,304.354126,136.418335,-166.452209,308.061249,141.604523
3726,31.050000,15:00:12:23.02,-96.645821,302.153412,133.245300,-96.644684,309.033447,133.903854,-96.136818,304.353516,136.417725,-165.584885,308.430267,140.996582
3727,31.058333,15:00:12:23.03,-96.645119,302.154480,133.245163,-96.645531,309.033386,133.904388,-96.118858,304.353851,136.416626,-164.739243,308.906342,140.440948
3728,31.066667,15:00:12:24.00,-96.642342,302.154297,133.245010,-96.647163,309.035065,133.905884,-96.133690,304.355225,136.418442,-163.965393,309.266174,139.816803
3729,31.075000,15:00:12:24.01,-96.644760,302.153290,133.246674,-96.644943,309.033569,133.903564,-96.118889,304.352844,136.417664,-163.229233,309.655212,139.235825
3730,31.083333,15:00:12:24.02,-96.641548,302.153503,133.244019,-96.644119,309.032104,133.902878,-96.134476,304.354736,136.417847,-162.484833,309.978638,138.637863
3731,31.091667,15:00:12:24.03,-96.641777,302.152222,133.244690,-96.645546,309.033325,133.903748,-96.134125,304.352783,136.417313,-161.761719,310.250916,138.050644
3732,31.100000,15:00:12:25.00,-96.644653,302.152588,133.244934,-96.653343,309.038239,133.901459,-96.133614,304.352142,136.417221,-161.074631,310.508575,137.457092
3733,31.108333,15:00:12:25.01,-96.644417,302.153229,133.243912,-96.645523,309.032684,133.903137,-96.136452,304.353790,136.418350,-160.406235,310.758545,136.863220
3734,31.116667,15:00:12:25.02,-96.643700,302.152405,133.244583,-96.644478,309.033020,133.903183,-96.134239,304.353607,136.417542,-159.769180,311.021515,136.273392
3735,31.125000,15:00:12:25.03,-96.644905,302.154022,133.246796,-96.644455,309.033295,133.903351,-96.136063,304.355011,136.419464,-159.199814,311.225494,135.696411
3736,31.133333,15:00:12:26.00,-96.643181,302.154205,133.245270,-96.643417,309.033478,133.903336,-96.135582,304.352814,136.419159,-158.659500,311.425476,135.136871
3737,31.141667,15:00:12:26.01,-96.643356,302.153076,133.245544,-96.641518,309.031067,133.902588,-96.135757,304.353607,136.418991,-158.173111,311.585907,134.586807
3738,31.150000,15:00:12:26.02,-96.643738,302.153564,133.244354,-96.641220,309.031158,133.902390,-96.134583,304.351868,136.417755,-157.693268,311.750946,134.097214
3739,31.158333,15:00:12:26.03,-96.642738,302.152710,133.244720,-96.641228,309.030853,133.901184,-96.117714,304.353058,136.417542,-157.260773,311.891693,133.631592
3740,31.166667,15:00:12:27.00,-96.643463,302.153564,133.244415,-96.642479,309.031952,133.902176,-96.135712,304.355743,136.419327,-156.854538,312.049042,133.202911
3741,31.175000,15:00:12:27.01,-96.642670,302.153931,133.246155,-96.643265,309.033020,133.902924,-96.137421,304.353882,136.419601,-156.481461,312.176666,132.773849
3742,31.183333,15:00:12:27.02,-96.643044,302.154236,133.245163,-96.643845,309.033569,133.902267,-96.135963,304.354492,136.418533,-156.165024,312.304535,132.388184
3743,31.191667,15:00:12:27.03,-96.642670,302.154724,133.245712,-96.640778,309.032715,133.902954,-96.133812,304.353760,136.418365,-155.860443,312.448242,132.037735
3744,31.200000,15:00:12:28.00,-96.640450,302.154816,133.245468,-96.639542,309.031677,133.901978,-96.136223,304.355316,136.419022,-155.616608,312.566315,131.716446
3745,31.208333,15:00:12:28.01,-96.638824,302.154846,133.246307,-96.649445,309.039337,133.900421,-96.132210,304.353729,136.419250,-155.427704,312.675201,131.433945
3746,31.216667,15:00:12:28.02,-96.640533,302.155151,133.246841,-96.642662,309.032593,133.902512,-96.117989,304.355316,136.419479,-155.258850,312.753723,131.167953
3747,31.225000,15:00:12:28.03,-96.644302,302.156860,133.249084,-96.640816,309.034210,133.903397,-96.134308,304.358612,136.421616,-155.134491,312.849579,130.976624
3748,31.233333,15:00:12:29.00,-96.642792,302.157166,133.248520,-96.640923,309.033142,133.903687,-96.135551,304.357056,136.420135,-155.032883,312.949341,130.806274
3749,31.241667,15:00:12:29.01,-96.639374,302.155548,133.246689,-96.640892,309.033905,133.903244,-96.133911,304.355682,136.421066,-154.964432,313.095032,130.682465
3750,31.250000,15:00:12:29.02,-96.641418,302.155670,133.247025,-96.640648,309.033142,133.904129,-96.117310,304.355133,136.419815,-154.954666,313.187683,130.549591
3751,31.258333,15:00:12:29.03,-96.643814,302.155701,133.247131,-96.640030,309.032898,133.903397,-96.133736,304.357483,136.419937,-154.991364,313.279114,130.452301
3752,31.266667,15:00:13:00.00,-96.643158,302.156708,133.248795,-96.641068,309.033051,133.904175,-96.115746,304.353912,136.418686,-155.044922,313.486664,130.444412
3753,31.275000,15:00:13:00.01,-96.644424,302.155945,133.247406,-96.640572,309.032898,133.903152,-96.133560,304.357635,136.420197,-155.184448,313.577759,130.420929
3754,31.283333,15:00:13:00.02,-96.642273,302.155304,133.248001,-96.641800,309.033295,133.903366,-96.135498,304.356232,136.420273,-155.312668,313.736511,130.490204
3755,31.291667,15:00:13:00.03,-96.642914,302.155426,133.248047,-96.641045,309.032959,133.903915,-96.135262,304.356323,136.420700,-155.496719,313.868286,130.615112
3756,31.300000,15:00:13:01.00,-96.642868,302.153900,133.248611,-96.642250,309.031830,133.903152,-96.135483,304.355743,136.420380,-155.715149,313.969879,130.741516
3757,31.308333,15:00:13:01.01,-96.644524,302.154327,133.247208,-96.643486,309.032990,133.903152,-96.118591,304.352448,136.419388,-155.947464,314.111389,130.942932
3758,31.316667,15:00:13:01.02,-96.646576,302.153534,133.247162,-96.643158,309.032745,133.903717,-96.134109,304.355499,136.418915,-156.237915,314.185120,131.130661
3759,31.325000,15:00:13:01.03,-96.644814,302.154114,133.246384,-96.640694,309.031860,133.901566,-96.133873,304.354614,136.419281,-156.561417,314.317627,131.376663
3760,31.333333,15:00:13:02.00,-96.643425,302.154266,133.246414,-96.641815,309.033691,133.903046,-96.134659,304.353851,136.418106,-156.919617,314.391968,131.640930
3761,31.341667,15:00:13:02.01,-96.643707,302.154388,133.246948,-96.651169,309.038940,133.901581,-96.134941,304.353424,136.420197,-157.297562,314.505066,131.971588
3762,31.350000,15:00:13:02.02,-96.643036,302.152802,133.245972,-96.644279,309.032410,133.903885,-96.135780,304.354980,136.420624,-157.734207,314.537903,132.329865
3763,31.358333,15:00:13:02.03,-96.643669,302.154083,133.246719,-96.642212,309.031982,133.902664,-96.135262,304.354095,136.419052,-158.178787,314.628906,132.744507
3764,31.366667,15:00:13:03.00,-96.642914,302.153778,133.246002,-96.642891,309.032166,133.904404,-96.134895,304.354156,136.418304,-158.663101,314.646515,133.183426
3765,31.375000,15:00:13:03.01,-96.643623,302.154449,133.246384,-96.650833,309.038147,133.900223,-96.135117,304.354034,136.418747,-159.192352,314.682068,133.670685
3766,31.383333,15:00:13:03.02,-96.644356,302.154388,133.247025,-96.643372,309.033234,133.902054,-96.135300,304.353912,136.418457,-159.742401,314.721741,134.208984
3767,31.391667,15:00:13:03.03,-96.642815,302.154175,133.246643,-96.642044,309.032471,133.901794,-96.136124,304.354675,136.418243,-160.365158,314.729828,134.742310
3768,31.400000,15:00:13:04.00,-96.641098,302.155762,133.246597,-96.642944,309.033325,133.902313,-96.135742,304.355072,136.419861,-161.019440,314.763977,135.303421
3769,31.408333,15:00:13:04.01,-96.642281,302.154022,133.247467,-96.652657,309.037567,133.901001,-96.135559,304.354858,136.419312,-161.738312,314.793427,135.892990
3770,31.416667,15:00:13:04.02,-96.643570,302.153839,133.246307,-96.645760,309.032501,133.902023,-96.135307,304.352997,136.417526,-162.517685,314.804565,136.510864
3771,31.425000,15:00:13:04.03,-96.642860,302.153290,133.245941,-96.642235,309.032166,133.902527,-96.136559,304.354462,136.419159,-163.324814,314.858368,137.170914
3772,31.433333,15:00:13:05.00,-96.646568,302.154083,133.247116,-96.642540,309.033325,133.904251,-96.136375,304.353394,136.418213,-164.209732,314.823639,137.842377
3773,31.441667,15:00:13:05.01,-96.645462,302.153839,133.246201,-96.642647,309.031616,133.902542,-96.134819,304.353607,136.418274,-165.118958,314.857483,138.585037
3774,31.450000,15:00:13:05.02,-96.644897,302.154663,133.247070,-96.643845,309.031830,133.903275,-96.133759,304.351898,136.418472,-166.063858,314.881897,139.372391
3775,31.458333,15:00:13:05.03,-96.643600,302.152802,133.246033,-96.643990,309.032623,133.902420,-96.118355,304.351959,136.418259,-167.110748,314.823914,140.159866
3776,31.466667,15:00:13:06.00,-96.642235,302.153717,133.244156,-96.653801,309.038605,133.901245,-96.133263,304.355499,136.418274,-168.178894,314.873657,140.998001
3777,31.475000,15:00:13:06.01,-96.642738,302.153107,133.245377,-96.646240,309.032166,133.903000,-96.135399,304.353943,136.418777,-169.323685,314.821472,141.764038
3778,31.483333,15:00:13:06.02,-96.641693,302.153900,133.246750,-96.644798,309.031067,133.904388,-96.135078,304.352509,136.418152,-170.481216,314.815369,142.589325
3779,31.491667,15:00:13:06.03,-96.642204,302.152344,133.246246,-96.643951,309.031311,133.904343,-96.134567,304.354462,136.419296,-171.775284,314.738739,143.404312
3780,31.500000,15:00:13:07.00,-96.643608,302.153503,133.246017,-96.644768,309.031464,133.903046,-96.135796,304.354370,136.419052,-173.014359,314.723633,144.191559
3781,31.508333,15:00:13:07.01,-96.642273,302.153534,133.245529,-96.645790,309.032257,133.903580,-96.135361,304.353638,136.418549,-174.430496,314.781311,145.092255
3782,31.516667,15:00:13:07.02,-96.645264,302.154572,133.245728,-96.644020,309.031006,133.902496,-96.134476,304.354218,136.418335,-175.807114,314.763947,145.951218
3783,31.525000,15:00:13:07.03,-96.642838,302.154022,133.246124,-96.652184,309.038086,133.900711,-96.134949,304.353058,136.418732,-177.211761,314.703522,146.754227
3784,31.533333,15:00:13:08.00,-96.642570,302.154907,133.245972,-96.646118,309.031494,133.902817,-96.135651,304.353882,136.418488,-178.649017,314.648926,147.548935
3785,31.541667,15:00:13:08.01,-96.642166,302.153442,133.245865,-96.653831,309.038269,133.902008,-96.120300,304.354614,136.419632,-180.187363,314.583099,148.289215
3786,31.550000,15:00:13:08.02,-96.645782,302.154816,133.246582,-96.645332,309.032166,133.903366,-96.135162,304.356323,136.418732,-181.704208,314.530548,149.030869
3787,31.558333,15:00:13:08.03,-96.646088,302.154053,133.246307,-96.653458,309.038147,133.901321,-96.119232,304.353516,136.418152,-183.306229,314.487305,149.699661
3788,31.566667,15:00:13:09.00,-96.644699,302.152832,133.244781,-96.645531,309.031189,133.903091,-96.134605,304.355682,136.419159,-184.881226,314.348236,150.375595
3789,31.575000,15:00:13:09.01,-96.644470,302.153259,133.245987,-96.643997,309.032776,133.902054,-96.120445,304.353973,136.418488,-186.504074,314.260590,150.982697
3790,31.583333,15:00:13:09.02,-96.645966,302.154327,133.246704,-96.652924,309.037231,133.900482,-96.135643,304.354919,136.419327,-188.159653,314.130707,151.542816
3791,31.591667,15:00:13:09.03,-96.645584,302.154144,133.246277,-96.645340,309.032288,133.902924,-96.136116,304.353790,136.417801,-189.779129,314.026672,152.043686
3792,31.600000,15:00:13:10.00,-96.648422,302.152893,133.247162,-96.641266,309.032166,133.902893,-96.136154,304.354614,136.419373,-191.430817,313.860565,152.522797
3793,31.608333,15:00:13:10.01,-96.644890,302.154175,133.246384,-96.641609,309.031860,133.902557,-96.134224,304.353699,136.418640,-193.086838,313.717804,152.941299
3794,31.616667,15:00:13:10.02,-96.644745,302.153076,133.247116,-96.639946,309.032013,133.901672,-96.135620,304.352417,136.419312,-194.722900,313.567108,153.381332
3795,31.625000,15:00:13:10.03,-96.643173,302.153137,133.245438,-96.638580,309.030426,133.901459,-96.134430,304.351990,136.419235,-196.292084,313.383392,153.826874
3796,31.633333,15:00:13:11.00,-96.644020,302.152893,133.246475,-96.640800,309.030396,133.901520,-96.134109,304.353241,136.417969,-197.824875,313.190460,154.251190
3797,31.641667,15:00:13:11.01,-96.644295,302.152740,133.246674,-96.641022,309.030487,133.901474,-96.117935,304.351929,136.417755,-199.369843,312.960236,154.652908
3798,31.650000,15:00:13:11.02,-96.642441,302.152679,133.246414,-96.640396,309.031036,133.900879,-96.133789,304.353058,136.418793,-200.858490,312.739502,155.062073
3799,31.658333,15:00:13:11.03,-96.643791,302.152039,133.246857,-96.641182,309.030334,133.902435,-96.118240,304.351471,136.418182,-202.300385,312.539459,155.483841
3800,31.666667,15:00:13:12.00,-96.642998,302.152527,133.245346,-96.640602,309.031067,133.900543,-96.115349,304.351715,136.418503,-203.708466,312.301636,155.841599
3801,31.675000,15:00:13:12.01,-96.644577,302.151306,133.245499,-96.639618,309.031433,133.902054,-96.115585,304.351074,136.417694,-205.048843,312.058411,156.193329
3802,31.683333,15:00:13:12.02,-96.644440,302.152344,133.246780,-96.640984,309.030884,133.902664,-96.136078,304.353485,136.417801,-206.312256,311.844604,156.543991
3803,31.691667,15:00:13:12.03,-96.643051,302.152740,133.245163,-96.640640,309.031250,133.900604,-96.134674,304.352631,136.418884,-207.573959,311.648743,156.942184
3804,31.700000,15:00:13:13.00,-96.642097,302.151855,133.245499,-96.638649,309.030579,133.902084,-96.136543,304.353485,136.418289,-208.775513,311.372833,157.338821
3805,31.708333,15:00:13:13.01,-96.643318,302.153229,133.244949,-96.640320,309.031311,133.901657,-96.134758,304.352295,136.417709,-209.827255,311.144745,157.709473
3806,31.716667,15:00:13:13.02,-96.643486,302.152100,133.246155,-96.641281,309.031219,133.900803,-96.135651,304.353149,136.418839,-210.865662,310.908295,158.126694
3807,31.725000,15:00:13:13.03,-96.643883,302.150696,133.245789,-96.641968,309.030212,133.901367,-96.136406,304.351288,136.418182,-211.791992,310.676514,158.529007
3808,31.733333,15:00:13:14.00,-96.645042,302.151337,133.244995,-96.641808,309.031555,133.902451,-96.136108,304.352081,136.418823,-212.717102,310.416016,158.936218
3809,31.741667,15:00:13:14.01,-96.644379,302.151062,133.244919,-96.641769,309.031219,133.901886,-96.136086,304.352448,136.417877,-213.574509,310.192291,159.329010
3810,31.750000,15:00:13:14.02,-96.645393,302.152710,133.245651,-96.642319,309.030884,133.902054,-96.135849,304.352539,136.418060,-214.363831,309.962982,159.704056
3811,31.758333,15:00:13:14.03,-96.644661,302.152313,133.246094,-96.641121,309.030090,133.901260,-96.136757,304.352356,136.417480,-215.089767,309.763855,160.069351
3812,31.766667,15:00:13:15.00,-96.646980,302.152008,133.246063,-96.642570,309.030334,133.901932,-96.135986,304.352173,136.419022,-215.792053,309.580200,160.427216
3813,31.775000,15:00:13:15.01,-96.645538,302.152344,133.246597,-96.640106,309.030640,133.901459,-96.136322,304.351959,136.417908,-216.460388,309.424194,160.789963
3814,31.783333,15:00:13:15.02,-96.644089,302.151672,133.245514,-96.640076,309.029877,133.901932,-96.136871,304.353271,136.418411,-217.057556,309.267883,161.115219
3815,31.791667,15:00:13:15.03,-96.642967,302.152771,133.245178,-96.639076,309.030426,133.901306,-96.119186,304.352020,136.418289,-217.575577,309.156494,161.458008
3816,31.800000,15:00:13:16.00,-96.642998,302.152649,133.245117,-96.640495,309.031799,133.901093,-96.133789,304.353577,136.417984,-218.104767,309.044189,161.753326
3817,31.808333,15:00:13:16.01,-96.641457,302.151917,133.246140,-96.640022,309.032349,133.902512,-96.135300,304.353058,136.418335,-218.624588,308.946991,162.047577
3818,31.816667,15:00:13:16.02,-96.642929,302.152557,133.245392,-96.640335,309.031006,133.902390,-96.135788,304.352600,136.418991,-219.013504,308.910889,162.354935
3819,31.825000,15:00:13:16.03,-96.645042,302.152557,133.245804,-96.641380,309.030426,133.901031,-96.134529,304.351837,136.417831,-219.443512,308.862915,162.611221
3820,31.833333,15:00:13:17.00,-96.645439,302.151611,133.245361,-96.641556,309.030487,133.900940,-96.134644,304.352814,136.418320,-219.789078,308.862366,162.836594
3821,31.841667,15:00:13:17.01,-96.645447,302.150726,133.245102,-96.641701,309.031372,133.901764,-96.118233,304.351562,136.418427,-220.105698,308.858521,163.039291
3822,31.850000,15:00:13:17.02,-96.645943,302.152527,133.245880,-96.639740,309.030731,133.899796,-96.134491,304.352966,136.417358,-220.425827,308.856689,163.237946
3823,31.858333,15:00:13:17.03,-96.645721,302.152649,133.245621,-96.641518,309.032043,133.902008,-96.136063,304.352600,136.418518,-220.644592,308.886414,163.430527
3824,31.866667,15:00:13:18.00,-96.646027,302.152191,133.245193,-96.640533,309.030304,133.901230,-96.119026,304.352295,136.417007,-220.836823,308.955597,163.592712
3825,31.875000,15:00:13:18.01,-96.645287,302.152374,133.244843,-96.641586,309.031067,133.901871,-96.133652,304.353058,136.418121,-221.048767,309.034576,163.704620
3826,31.883333,15:00:13:18.02,-96.645233,302.152893,133.244583,-96.642014,309.030518,133.901840,-96.119652,304.351227,136.417664,-221.225220,309.103363,163.830475
3827,31.891667,15:00:13:18.03,-96.644417,302.152100,133.245010,-96.642181,309.030762,133.901794,-96.134270,304.353485,136.418274,-221.351410,309.224701,163.937683
3828,31.900000,15:00:13:19.00,-96.643723,302.152039,133.244949,-96.642059,309.030853,133.902191,-96.136620,304.351715,136.417938,-221.469925,309.371399,164.040192
3829,31.908333,15:00:13:19.01,-96.646942,302.151733,133.245682,-96.641487,309.029968,133.902039,-96.137756,304.351410,136.419266,-221.499847,309.508881,164.141159
3830,31.916667,15:00:13:19.02,-96.648628,302.150879,133.246475,-96.641739,309.030090,133.901443,-96.136002,304.352203,136.418594,-221.548218,309.704742,164.221436
3831,31.925000,15:00:13:19.03,-96.644081,302.151550,133.246323,-96.639938,309.030304,133.901031,-96.136086,304.352142,136.419113,-221.571564,309.898315,164.264709
3832,31.933333,15:00:13:20.00,-96.646629,302.151886,133.245270,-96.640518,309.030487,133.901260,-96.134651,304.353607,136.416962,-221.575897,310.142029,164.276337
3833,31.941667,15:00:13:20.01,-96.644569,302.151978,133.245163,-96.639565,309.031250,133.900101,-96.117897,304.351837,136.417374,-221.577789,310.397980,164.283569
3834,31.950000,15:00:13:20.02,-96.642792,302.151947,133.245270,-96.638962,309.030304,133.901566,-96.135155,304.353180,136.418228,-221.544464,310.726135,164.257919
3835,31.958333,15:00:13:20.03,-96.644279,302.152466,133.246689,-96.639763,309.030518,133.901459,-96.117661,304.351562,136.417847,-221.500305,311.063538,164.210709
3836,31.966667,15:00:13:21.00,-96.646309,302.151581,133.246155,-96.640648,309.031555,133.901947,-96.135124,304.353699,136.418930,-221.457199,311.417664,164.147720
3837,31.975000,15:00:13:21.01,-96.644936,302.151855,133.245590,-96.640266,309.030914,133.901703,-96.119049,304.352844,136.418091,-221.330444,311.841309,164.084213
3838,31.983333,15:00:13:21.02,-96.645561,302.151520,133.246277,-96.641609,309.031525,133.901688,-96.135078,304.352844,136.419907,-221.286591,312.242615,163.980026
3839,31.991667,15:00:13:21.03,-96.646080,302.151947,133.245148,-96.641838,309.030914,133.902298,-96.136520,304.351562,136.418839,-221.120361,312.752014,163.894623
3840,32.000000,15:00:13:22.00,-96.645630,302.151428,133.245316,-96.640388,309.030121,133.901871,-96.137146,304.352692,136.418625,-221.057343,313.249908,163.711334
3841,32.008333,15:00:13:22.01,-96.646271,302.152100,133.246048,-96.640640,309.030731,133.901459,-96.137146,304.353638,136.419266,-220.917938,313.831238,163.589935
3842,32.016667,15:00:13:22.02,-96.645767,302.152374,133.245193,-96.641624,309.030853,133.900787,-96.133888,304.353668,136.418076,-220.814819,314.396667,163.432281
3843,32.025000,15:00:13:22.03,-96.645111,302.152954,133.247223,-96.642120,309.030762,133.901901,-96.119461,304.352142,136.418121,-220.693665,315.035645,163.298203
3844,32.033333,15:00:13:23.00,-96.642754,302.152405,133.246155,-96.641693,309.030975,133.901871,-96.135941,304.354950,136.418564,-220.506973,315.759430,163.182693
3845,32.041667,15:00:13:23.01,-96.644821,302.152588,133.247238,-96.640572,309.030487,133.902618,-96.135780,304.353027,136.419174,-220.347565,316.513367,163.013916
3846,32.050000,15:00:13:23.02,-96.644730,302.152710,133.244995,-96.640633,309.029907,133.901291,-96.134300,304.352173,136.417557,-220.209412,317.323456,162.884445
3847,32.058333,15:00:13:23.03,-96.642891,302.151855,133.245499,-96.641678,309.031189,133.902328,-96.134903,304.351807,136.418594,-220.076706,318.238525,162.754211
3848,32.066667,15:00:13:24.00,-96.642128,302.152313,133.244690,-96.641312,309.029755,133.902115,-96.134537,304.353027,136.418640,-219.980743,319.212616,162.630280
3849,32.075000,15:00:13:24.01,-96.642624,302.152649,133.245010,-96.639549,309.029205,133.900757,-96.134560,304.352966,136.417648,-219.883179,320.283691,162.510605
3850,32.083333,15:00:13:24.02,-96.642456,302.153473,133.246017,-96.639038,309.030975,133.901184,-96.134132,304.354126,136.418777,-219.826370,321.459686,162.385803
3851,32.091667,15:00:13:24.03,-96.642090,302.152527,133.244293,-96.639908,309.030640,133.901031,-96.115471,304.351410,136.417145,-219.787552,322.743103,162.273697
3852,32.100000,15:00:13:25.00,-96.640099,302.152679,133.243759,-96.641052,309.030518,133.899765,-96.131966,304.354736,136.417892,-219.839554,324.088379,162.161606
3853,32.108333,15:00:13:25.01,-96.638840,302.152161,133.244461,-96.640121,309.030060,133.900284,-96.133598,304.352631,136.418777,-219.927353,325.575012,162.063187
3854,32.116667,15:00:13:25.02,-96.639503,302.152069,133.243881,-96.649940,309.036652,133.900375,-96.116394,304.351501,136.416351,-220.058777,327.042694,161.936981
3855,32.125000,15:00:13:25.03,-96.639076,302.151581,133.244736,-96.643486,309.030029,133.900681,-96.115318,304.352661,136.417419,-220.225403,328.588867,161.829514
3856,32.133333,15:00:13:26.00,-96.640884,302.153168,133.244019,-96.639999,309.030731,133.901520,-96.132072,304.352631,136.417465,-220.448471,330.164459,161.743286
3857,32.141667,15:00:13:26.01,-96.644608,302.153076,133.245010,-96.649170,309.036316,133.899536,-96.134773,304.351776,136.417465,-220.683914,331.742065,161.669022
3858,32.150000,15:00:13:26.02,-96.643372,302.152649,133.244568,-96.644142,309.030304,133.901535,-96.135475,304.354309,136.418167,-220.971497,333.341919,161.594910
3859,32.158333,15:00:13:26.03,-96.647278,302.153687,133.246582,-96.643326,309.032166,133.901672,-96.134155,304.353149,136.418045,-221.318848,334.916626,161.507706
3860,32.166667,15:00:13:27.00,-96.645454,302.153076,133.244507,-96.652580,309.037170,133.900650,-96.134926,304.353973,136.418106,-221.712463,336.487518,161.412109
3861,32.175000,15:00:13:27.01,-96.644089,302.153625,133.245163,-96.645058,309.031189,133.901291,-96.119606,304.352234,136.417572,-222.144409,338.004028,161.280975
3862,32.183333,15:00:13:27.02,-96.645393,302.152649,133.245819,-96.641586,309.031738,133.901993,-96.136055,304.354767,136.418274,-222.592850,339.468140,161.131516
3863,32.191667,15:00:13:27.03,-96.643150,302.153900,133.245209,-96.640900,309.031189,133.901459,-96.134758,304.353210,136.418411,-223.061203,340.861237,160.979523
3864,32.200000,15:00:13:28.00,-96.643440,302.153198,133.245056,-96.640869,309.031128,133.902496,-96.135742,304.353790,136.418701,-223.520477,342.169739,160.837372
3865,32.208333,15:00:13:28.01,-96.643494,302.153015,133.245453,-96.642395,309.031494,133.902618,-96.136559,304.354309,136.418350,-223.924072,343.400848,160.695343
3866,32.216667,15:00:13:28.02,-96.643295,302.153961,133.245926,-96.642197,309.031647,133.901993,-96.135864,304.355103,136.418961,-224.340897,344.532501,160.555771
3867,32.225000,15:00:13:28.03,-96.643333,302.153503,133.245041,-96.640366,309.030762,133.902557,-96.136925,304.355682,136.419479,-224.792740,345.574310,160.418884
3868,32.233333,15:00:13:29.00,-96.643547,302.152954,133.245560,-96.642212,309.031311,133.903015,-96.136948,304.354736,136.419083,-225.227142,346.510864,160.283020
3869,32.241667,15:00:13:29.01,-96.644073,302.152191,133.245880,-96.640999,309.030975,133.902878,-96.117462,304.352356,136.417725,-225.599594,347.358276,160.100800
3870,32.250000,15:00:13:29.02,-96.645340,302.152374,133.247070,-96.640594,309.031281,133.901352,-96.134598,304.355560,136.418655,-225.875763,348.093933,159.940735
3871,32.258333,15:00:13:29.03,-96.644646,302.152374,133.246033,-96.640686,309.031189,133.901581,-96.119049,304.352570,136.418396,-226.075577,348.764587,159.831238
3872,32.266667,15:00:14:00.00,-96.646431,302.152924,133.245789,-96.639732,309.030975,133.901276,-96.134102,304.355133,136.418671,-226.096176,349.286530,159.767227
3873,32.275000,15:00:14:00.01,-96.644745,302.153168,133.246964,-96.640404,309.031738,133.901459,-96.136765,304.354553,136.419846,-225.963715,349.737030,159.681625
3874,32.283333,15:00:14:00.02,-96.642891,302.153473,133.245819,-96.640320,309.031311,133.901215,-96.136597,304.353638,136.418076,-225.741547,350.118225,159.567932
3875,32.291667,15:00:14:00.03,-96.643936,302.154846,133.246384,-96.641312,309.030579,133.902023,-96.136223,304.352966,136.419357,-225.440247,350.418274,159.462524
3876,32.300000,15:00:14:01.00,-96.643799,302.152618,133.245361,-96.642456,309.031616,133.902740,-96.135971,304.352112,136.418945,-225.013107,350.655212,159.302414
3877,32.308333,15:00:14:01.01,-96.645271,302.153717,133.245605,-96.640869,309.030457,133.901688,-96.136452,304.353821,136.419708,-224.452835,350.788666,159.122009
3878,32.316667,15:00:14:01.02,-96.646202,302.152893,133.246582,-96.641846,309.030914,133.901138,-96.136101,304.352753,136.419098,-223.871399,350.860809,158.988434
3879,32.325000,15:00:14:01.03,-96.647415,302.153229,133.246338,-96.643738,309.030640,133.902084,-96.137238,304.353119,136.418503,-223.111298,350.797455,158.827286
3880,32.333333,15:00:14:02.00,-96.646835,302.152802,133.245590,-96.644081,309.031219,133.903275,-96.137276,304.353821,136.418808,-222.311813,350.692535,158.650589
3881,32.341667,15:00:14:02.01,-96.648621,302.153290,133.246918,-96.642899,309.030518,133.902039,-96.136932,304.354736,136.419769,-221.386505,350.469238,158.472290
3882,32.350000,15:00:14:02.02,-96.645752,302.154297,133.246567,-96.642128,309.030792,133.901535,-96.137009,304.353882,136.419357,-220.426590,350.104675,158.285065
3883,32.358333,15:00:14:02.03,-96.645180,302.153595,133.245163,-96.641479,309.030975,133.901733,-96.135918,304.353699,136.417801,-219.399521,349.665131,158.104889
3884,32.366667,15:00:14:03.00,-96.644547,302.152679,133.245453,-96.642471,309.030945,133.902283,-96.135963,304.352966,136.418518,-218.321045,349.097076,157.950684
3885,32.375000,15:00:14:03.01,-96.645844,302.152679,133.245331,-96.642853,309.031769,133.902481,-96.136116,304.353210,136.418167,-217.231827,348.432220,157.852020
3886,32.383333,15:00:14:03.02,-96.647255,302.152435,133.245438,-96.641563,309.031952,133.901962,-96.135567,304.352844,136.418228,-216.101425,347.599731,157.764191
3887,32.391667,15:00:14:03.03,-96.644630,302.152557,133.246567,-96.642097,309.031311,133.901566,-96.137222,304.354706,136.420410,-214.979858,346.654785,157.713837
3888,32.400000,15:00:14:04.00,-96.645149,302.151825,133.245407,-96.641899,309.030701,133.902573,-96.136292,304.353119,136.417725,-213.872696,345.537079,157.696060
3889,32.408333,15:00:14:04.01,-96.644791,302.152069,133.245499,-96.641907,309.031006,133.902039,-96.136925,304.353424,136.418854,-212.776978,344.318787,157.715042
3890,32.416667,15:00:14:04.02,-96.643814,302.153625,133.244858,-96.640602,309.031555,133.901886,-96.134331,304.352844,136.418533,-211.748932,342.971283,157.795364
3891,32.425000,15:00:14:04.03,-96.645042,302.151917,133.244247,-96.641678,309.032135,133.902328,-96.137238,304.354095,136.418869,-210.774475,341.490753,157.874115
3892,32.433333,15:00:14:05.00,-96.645325,302.152496,133.245331,-96.640350,309.031708,133.901062,-96.136826,304.353699,136.419266,-209.914536,339.894043,157.932129
3893,32.441667,15:00:14:05.01,-96.645805,302.153717,133.246399,-96.641037,309.031708,133.901855,-96.136154,304.354340,136.418915,-209.144592,338.235535,158.055878
3894,32.450000,15:00:14:05.02,-96.647110,302.153931,133.246414,-96.642708,309.032410,133.902664,-96.137794,304.354858,136.420227,-208.519699,336.539764,158.252579
3895,32.458333,15:00:14:05.03,-96.644203,302.153625,133.245514,-96.643410,309.031952,133.902664,-96.121109,304.353424,136.418991,-208.002335,334.816010,158.479767
3896,32.466667,15:00:14:06.00,-96.645607,302.153076,133.245712,-96.643410,309.031158,133.901566,-96.136192,304.354767,136.419373,-207.568497,333.071411,158.751160
3897,32.475000,15:00:14:06.01,-96.647293,302.153503,133.246185,-96.643997,309.032715,133.901321,-96.120140,304.353271,136.417572,-207.290192,331.348175,159.012253
3898,32.483333,15:00:14:06.02,-96.646027,302.153381,133.246384,-96.642349,309.031128,133.901627,-96.136185,304.353943,136.418396,-207.126923,329.577118,159.190720
3899,32.491667,15:00:14:06.03,-96.646072,302.153168,133.245865,-96.642525,309.032104,133.902710,-96.137794,304.352661,136.419098,-207.055450,327.861206,159.366379
3900,32.500000,15:00:14:07.00,-96.649078,302.153290,133.246414,-96.642136,309.031647,133.902634,-96.136963,304.353973,136.419495,-207.007309,326.247040,159.513168
3901,32.508333,15:00:14:07.01,-96.650131,302.154236,133.247040,-96.643517,309.032928,133.903091,-96.136238,304.354584,136.419693,-207.066208,324.716888,159.664383
3902,32.516667,15:00:14:07.02,-96.650124,302.152954,133.247299,-96.643463,309.031067,133.902328,-96.139732,304.354919,136.419357,-207.157608,323.192200,159.778290
3903,32.525000,15:00:14:07.03,-96.647308,302.152679,133.246902,-96.642944,309.031586,133.901321,-96.136490,304.354034,136.419785,-207.311035,321.812897,159.886185
3904,32.533333,15:00:14:08.00,-96.646080,302.153015,133.245926,-96.642082,309.031464,133.901947,-96.137756,304.354034,136.420029,-207.503372,320.466461,159.988632
3905,32.541667,15:00:14:08.01,-96.647209,302.153687,133.246490,-96.642326,309.032410,133.902695,-96.136131,304.353058,136.419220,-207.705185,319.204193,160.053055
3906,32.550000,15:00:14:08.02,-96.646797,302.153931,133.246643,-96.641197,309.033386,133.902252,-96.135330,304.354584,136.419037,-207.887817,317.970520,160.090515
3907,32.558333,15:00:14:08.03,-96.644646,302.154266,133.247025,-96.641777,309.032806,133.903275,-96.135040,304.355072,136.419769,-208.082932,316.766296,160.140854
3908,32.566667,15:00:14:09.00,-96.644630,302.152771,133.245667,-96.642586,309.031982,133.902817,-96.119736,304.355408,136.418335,-208.296585,315.673004,160.185684
3909,32.575000,15:00:14:09.01,-96.644196,302.154785,133.246292,-96.641724,309.031525,133.901672,-96.134171,304.356018,136.419388,-208.484818,314.560974,160.193649
3910,32.583333,15:00:14:09.02,-96.646553,302.153625,133.246796,-96.652412,309.037933,133.901093,-96.135376,304.352509,136.418182,-208.629196,313.599670,160.238205
3911,32.591667,15:00:14:09.03,-96.645332,302.154053,133.246918,-96.645943,309.032562,133.902985,-96.137497,304.353607,136.419861,-208.761078,312.677673,160.257294
3912,32.600000,15:00:14:10.00,-96.647278,302.154205,133.246674,-96.653191,309.038300,133.901428,-96.135254,304.355072,136.419434,-208.856033,311.818726,160.242493
3913,32.608333,15:00:14:10.01,-96.648117,302.153503,133.245865,-96.645668,309.032135,133.903183,-96.118340,304.354126,136.418732,-208.961441,310.997620,160.198395
3914,32.616667,15:00:14:10.02,-96.647400,302.153046,133.246185,-96.643570,309.033569,133.903122,-96.134903,304.355011,136.418915,-208.971832,310.189178,160.143250
3915,32.625000,15:00:14:10.03,-96.642807,302.154388,133.245850,-96.653191,309.038147,133.900574,-96.137337,304.353943,136.419006,-209.060959,309.434021,160.067780
3916,32.633333,15:00:14:11.00,-96.643852,302.153839,133.245911,-96.647377,309.032501,133.903473,-96.138283,304.354828,136.419266,-209.077316,308.717224,159.954651
3917,32.641667,15:00:14:11.01,-96.646622,302.153198,133.246475,-96.644386,309.032043,133.903427,-96.138351,304.354492,136.419708,-208.926895,307.983124,159.858597
3918,32.650000,15:00:14:11.02,-96.646378,302.153381,133.246536,-96.644035,309.032654,133.903610,-96.138153,304.354828,136.420349,-208.794617,307.275330,159.771500
3919,32.658333,15:00:14:11.03,-96.646927,302.153931,133.246994,-96.644524,309.032501,133.902893,-96.137207,304.354187,136.419754,-208.694046,306.708710,159.633865
3920,32.666667,15:00:14:12.00,-96.645851,302.152679,133.245743,-96.644279,309.032043,133.903854,-96.120041,304.353485,136.418182,-208.356354,306.095703,159.487228
3921,32.675000,15:00:14:12.01,-96.645111,302.154297,133.246643,-96.644958,309.032104,133.903748,-96.135239,304.356445,136.420166,-208.084961,305.636871,159.316879
3922,32.683333,15:00:14:12.02,-96.647797,302.154999,133.247452,-96.644058,309.032715,133.902985,-96.136681,304.354279,136.418991,-207.752686,305.239105,159.111328
3923,32.691667,15:00:14:12.03,-96.648346,302.153717,133.247787,-96.643875,309.031921,133.902817,-96.135658,304.353821,136.418610,-207.407837,304.884064,158.847565
3924,32.700000,15:00:14:13.00,-96.646217,302.153503,133.244812,-96.643906,309.032593,133.903412,-96.137222,304.355225,136.419861,-207.043152,304.535492,158.645401
3925,32.708333,15:00:14:13.01,-96.646263,302.153320,133.246582,-96.643219,309.032562,133.903091,-96.135864,304.354797,136.420303,-206.585693,304.228851,158.461258
3926,32.716667,15:00:14:13.02,-96.647415,302.154205,133.247040,-96.643639,309.033752,133.905121,-96.135101,304.354126,136.418945,-206.103378,303.959595,158.251633
3927,32.725000,15:00:14:13.03,-96.646011,302.154358,133.246582,-96.642212,309.032837,133.904129,-96.137169,304.355286,136.418335,-205.690720,303.746155,158.080826
3928,32.733333,15:00:14:14.00,-96.644569,302.153381,133.246262,-96.642128,309.031738,133.903030,-96.136208,304.354370,136.419662,-205.210114,303.647888,157.967133
3929,32.741667,15:00:14:14.01,-96.644890,302.153778,133.245987,-96.642120,309.032288,133.903336,-96.136353,304.354218,136.419052,-204.768677,303.625732,157.826599
3930,32.750000,15:00:14:14.02,-96.644073,302.153259,133.246887,-96.643196,309.032318,133.903595,-96.135880,304.353455,136.419754,-204.285294,303.670715,157.806732
3931,32.758333,15:00:14:14.03,-96.644043,302.154083,133.246231,-96.642403,309.033142,133.903137,-96.137108,304.355133,136.419754,-203.907913,303.820038,157.786530
3932,32.766667,15:00:14:15.00,-96.648132,302.153778,133.245560,-96.641830,309.031799,133.903076,-96.136147,304.354431,136.419922,-203.590485,304.049072,157.810593
3933,32.775000,15:00:14:15.01,-96.647362,302.154449,133.246124,-96.642265,309.032074,133.900848,-96.136871,304.355164,136.419647,-203.263885,304.389526,157.909500
3934,32.783333,15:00:14:15.02,-96.646965,302.153900,133.246155,-96.642334,309.031799,133.902817,-96.138603,304.355316,136.419540,-203.055161,304.728455,157.986374
3935,32.791667,15:00:14:15.03,-96.650787,302.153137,133.247452,-96.643051,309.032074,133.902267,-96.135658,304.353973,136.417847,-202.997635,305.131470,158.196991
3936,32.800000,15:00:14:16.00,-96.648232,302.153137,133.246964,-96.641869,309.031738,133.902603,-96.138344,304.354340,136.419632,-203.030487,305.616486,158.477570
3937,32.808333,15:00:14:16.01,-96.647263,302.153503,133.246918,-96.642097,309.031738,133.902435,-96.138710,304.354126,136.419479,-203.180008,306.042175,158.720352
3938,32.816667,15:00:14:16.02,-96.646469,302.153168,133.247269,-96.642906,309.030640,133.903015,-96.138077,304.354095,136.419952,-203.466888,306.413483,158.983902
3939,32.825000,15:00:14:16.03,-96.644905,302.154053,133.246918,-96.642265,309.031342,133.903198,-96.139084,304.354401,136.420303,-203.904099,306.728851,159.216354
3940,32.833333,15:00:14:17.00,-96.645126,302.154419,133.246689,-96.642319,309.032806,133.902496,-96.138199,304.354919,136.420197,-204.454208,306.958069,159.409958
3941,32.841667,15:00:14:17.01,-96.648094,302.153931,133.247025,-96.642029,309.032166,133.902267,-96.136597,304.353699,136.420654,-205.112808,307.141052,159.556107
3942,32.850000,15:00:14:17.02,-96.648994,302.153290,133.246704,-96.641975,309.032257,133.901474,-96.136871,304.352631,136.419235,-205.844833,307.149048,159.684814
3943,32.858333,15:00:14:17.03,-96.646637,302.152832,133.247620,-96.642052,309.031860,133.902435,-96.135475,304.354004,136.420029,-206.683929,307.121948,159.848373
3944,32.866667,15:00:14:18.00,-96.647171,302.153564,133.248291,-96.641716,309.030731,133.903198,-96.136917,304.354401,136.418961,-207.483002,306.918030,160.019760
3945,32.875000,15:00:14:18.01,-96.643692,302.154175,133.246475,-96.642426,309.031982,133.902496,-96.136284,304.354584,136.419495,-208.271072,306.556427,160.218124
3946,32.883333,15:00:14:18.02,-96.645538,302.153717,133.246643,-96.642120,309.032166,133.902756,-96.136925,304.354340,136.419632,-209.026031,306.089722,160.380142
3947,32.891667,15:00:14:18.03,-96.644783,302.153595,133.246643,-96.640121,309.032715,133.903244,-96.120300,304.354187,136.418839,-209.708618,305.510162,160.479660
3948,32.900000,15:00:14:19.00,-96.644928,302.153503,133.246262,-96.641388,309.032501,133.903000,-96.135437,304.354584,136.418533,-210.318283,304.877716,160.519623
3949,32.908333,15:00:14:19.01,-96.646072,302.153870,133.247910,-96.640739,309.031494,133.902206,-96.120766,304.351959,136.418610,-210.892731,304.207581,160.461700
3950,32.916667,15:00:14:19.02,-96.644501,302.153839,133.246140,-96.641640,309.032318,133.902481,-96.134689,304.353271,136.418213,-211.418777,303.558075,160.354538
3951,32.925000,15:00:14:19.03,-96.645218,302.152740,133.246872,-96.649643,309.037384,133.900528,-96.137680,304.352905,136.419113,-211.891052,302.886108,160.165512
3952,32.933333,15:00:14:20.00,-96.646919,302.152344,133.246735,-96.644112,309.030457,133.901413,-96.137398,304.354553,136.419769,-212.225983,302.130676,159.959747
3953,32.941667,15:00:14:20.01,-96.648476,302.152649,133.246628,-96.644249,309.032593,133.903091,-96.138840,304.353943,136.419266,-212.499664,301.376495,159.774078
3954,32.950000,15:00:14:20.02,-96.645905,302.155121,133.247498,-96.643272,309.031403,133.902969,-96.139771,304.354248,136.420013,-212.616272,300.553284,159.584885
3955,32.958333,15:00:14:20.03,-96.646423,302.154510,133.246094,-96.644020,309.030853,133.901840,-96.137138,304.352417,136.419708,-212.643311,299.722992,159.345490
3956,32.966667,15:00:14:21.00,-96.646523,302.153412,133.246887,-96.641388,309.031311,133.902176,-96.136124,304.353210,136.418518,-212.526871,298.928223,159.127045
3957,32.975000,15:00:14:21.01,-96.647194,302.153656,133.246902,-96.641068,309.031769,133.902023,-96.136787,304.354156,136.420364,-212.298340,298.124603,158.862686
3958,32.983333,15:00:14:21.02,-96.647957,302.153351,133.246582,-96.642059,309.031769,133.902771,-96.137077,304.355225,136.418671,-211.967163,297.327698,158.572037
3959,32.991667,15:00:14:21.03,-96.647186,302.152954,133.246796,-96.643394,309.031189,133.902725,-96.136833,304.352966,136.419113,-211.535126,296.544159,158.253510
3960,33.000000,15:00:14:22.00,-96.644890,302.152649,133.244934,-96.643654,309.031769,133.902618,-96.140251,304.354706,136.420212,-211.015396,295.766296,157.900925
3961,33.008333,15:00:14:22.01,-96.646568,302.152466,133.246399,-96.641830,309.032043,133.902756,-96.136574,304.354187,136.419861,-210.403580,294.948029,157.505936
3962,33.016667,15:00:14:22.02,-96.646965,302.152954,133.246353,-96.640732,309.030914,133.901794,-96.135368,304.353027,136.419373,-209.695465,294.139160,157.079239
3963,33.025000,15:00:14:22.03,-96.647873,302.153412,133.245651,-96.641800,309.032227,133.903091,-96.117661,304.351868,136.418777,-208.965775,293.331482,156.573624
3964,33.033333,15:00:14:23.00,-96.644814,302.153503,133.246124,-96.642387,309.031830,133.902603,-96.135536,304.356110,136.419495,-208.162384,292.534973,156.059540
3965,33.041667,15:00:14:23.01,-96.645561,302.152679,133.245758,-96.641937,309.032593,133.902725,-96.135643,304.353607,136.419144,-207.312561,291.661346,155.485107
3966,33.050000,15:00:14:23.02,-96.647346,302.153290,133.246582,-96.642921,309.031189,133.902969,-96.138130,304.353516,136.419800,-206.407333,290.783112,154.859375
3967,33.058333,15:00:14:23.03,-96.645950,302.153351,133.246429,-96.642113,309.031372,133.902832,-96.138176,304.353699,136.420151,-205.452103,289.859039,154.158234
3968,33.066667,15:00:14:24.00,-96.646156,302.152374,133.246597,-96.641090,309.031586,133.902924,-96.137962,304.353363,136.419739,-204.435181,288.838135,153.415649
3969,33.075000,15:00:14:24.01,-96.647110,302.152924,133.247223,-96.642853,309.032379,133.903000,-96.137962,304.354156,136.420303,-203.304367,287.692688,152.546265
3970,33.083333,15:00:14:24.02,-96.648117,302.154236,133.247238,-96.642990,309.031555,133.903259,-96.136757,304.353394,136.421188,-202.103561,286.466278,151.615356
3971,33.091667,15:00:14:24.03,-96.648392,302.152924,133.247314,-96.643875,309.031952,133.902878,-96.138641,304.355164,136.421066,-200.930573,285.045715,150.648315
3972,33.100000,15:00:14:25.00,-96.649673,302.153748,133.247787,-96.645439,309.032593,133.904404,-96.138962,304.355103,136.420746,-199.811478,283.534485,149.654312
3973,33.108333,15:00:14:25.01,-96.648064,302.154480,133.247345,-96.645370,309.032928,133.904236,-96.139175,304.355682,136.420410,-198.826675,281.817535,148.534271
3974,33.116667,15:00:14:25.02,-96.647362,302.154572,133.248535,-96.644386,309.032898,133.903168,-96.139694,304.354156,136.420685,-198.006729,280.220825,147.478622
3975,33.125000,15:00:14:25.03,-96.649429,302.154572,133.248718,-96.645630,309.034393,133.905777,-96.140282,304.356110,136.422256,-197.383026,278.627563,146.450699
3976,33.133333,15:00:14:26.00,-96.652206,302.154785,133.248489,-96.645546,309.033142,133.904892,-96.140045,304.356079,136.421051,-196.962097,276.993408,145.481506
3977,33.141667,15:00:14:26.01,-96.651802,302.155884,133.249832,-96.654716,309.039032,133.904083,-96.139061,304.355835,136.421768,-196.621353,275.324219,144.638519
3978,33.150000,15:00:14:26.02,-96.650879,302.155212,133.250351,-96.648201,309.033325,133.905701,-96.123146,304.355133,136.420792,-196.382156,273.670746,143.953079
3979,33.158333,15:00:14:26.03,-96.651855,302.155090,133.249786,-96.645271,309.033020,133.905045,-96.121559,304.356171,136.421448,-196.305145,272.013672,143.364975
3980,33.166667,15:00:14:27.00,-96.651863,302.155060,133.249725,-96.644577,309.033936,133.906128,-96.121773,304.356232,136.421066,-196.277451,270.576782,142.866516
3981,33.175000,15:00:14:27.01,-96.649460,302.157227,133.248871,-96.645798,309.033813,133.906036,-96.137978,304.356323,136.421783,-196.487976,269.462158,142.374420
3982,33.183333,15:00:14:27.02,-96.650276,302.156494,133.249359,-96.644257,309.034180,133.904312,-96.138458,304.355774,136.422073,-196.676682,268.624603,141.913467
3983,33.191667,15:00:14:27.03,-96.649597,302.156006,133.248047,-96.644043,309.032745,133.904007,-96.139549,304.355560,136.421127,-196.871017,268.078125,141.559250
3984,33.200000,15:00:14:28.00,-96.650055,302.155579,133.248840,-96.643730,309.033325,133.903915,-96.139183,304.355042,136.420151,-197.057037,267.612396,141.331451
3985,33.208333,15:00:14:28.01,-96.649628,302.154694,133.248108,-96.643707,309.032257,133.903656,-96.138344,304.355011,136.421005,-197.226929,267.290741,141.280396
3986,33.216667,15:00:14:28.02,-96.648827,302.154694,133.247559,-96.644958,309.032928,133.903214,-96.138603,304.354797,136.420197,-197.398193,267.023560,141.298340
3987,33.225000,15:00:14:28.03,-96.648178,302.154633,133.247238,-96.642906,309.033112,133.902710,-96.119362,304.354309,136.419220,-197.546570,266.882751,141.334946
3988,33.233333,15:00:14:29.00,-96.648209,302.153809,133.247208,-96.642212,309.032501,133.902679,-96.136116,304.356750,136.421036,-197.620178,266.909546,141.364868
3989,33.241667,15:00:14:29.01,-96.646645,302.155457,133.247910,-96.642731,309.032623,133.902008,-96.137138,304.353699,136.419754,-197.720840,267.147461,141.339279
3990,33.250000,15:00:14:29.02,-96.645103,302.154266,133.246307,-96.643898,309.032166,133.902893,-96.137665,304.354950,136.418671,-197.761963,267.429230,141.296143
3991,33.258333,15:00:14:29.03,-96.647064,302.154175,133.246628,-96.641411,309.031586,133.901077,-96.138405,304.354126,136.420197,-197.761765,267.850159,141.283875
3992,33.266667,15:00:15:00.00,-96.649879,302.153412,133.248108,-96.642662,309.033142,133.901505,-96.137642,304.354584,136.419357,-197.807999,268.319977,141.306030
3993,33.275000,15:00:15:00.01,-96.647446,302.154083,133.246429,-96.641037,309.032013,133.901825,-96.137344,304.354828,136.420227,-197.836975,268.874939,141.367203
3994,33.283333,15:00:15:00.02,-96.646149,302.153595,133.245987,-96.640953,309.032776,133.901871,-96.137299,304.355499,136.418884,-197.850525,269.425201,141.449326
3995,33.291667,15:00:15:00.03,-96.645706,302.154541,133.246094,-96.641853,309.032166,133.902634,-96.136406,304.354309,136.418884,-197.815781,270.032623,141.514618
3996,33.300000,15:00:15:01.00,-96.646973,302.154175,133.245789,-96.641136,309.031403,133.900665,-96.137314,304.354858,136.419601,-197.861267,270.697906,141.531631
3997,33.308333,15:00:15:01.01,-96.646843,302.152985,133.245056,-96.641449,309.032104,133.901947,-96.136024,304.354645,136.419815,-197.800018,271.440399,141.569748
3998,33.316667,15:00:15:01.02,-96.643982,302.154846,133.246429,-96.643471,309.032196,133.902969,-96.137001,304.355316,136.419861,-197.727844,272.251007,141.600937
3999,33.325000,15:00:15:01.03,-96.648636,302.154663,133.246674,-96.643349,309.032501,133.902512,-96.136765,304.355530,136.420227,-197.712601,273.115234,141.647095
4000,33.333333,15:00:15:02.00,-96.646263,302.155304,133.246948,-96.642479,309.032562,133.902405,-96.137871,304.355164,136.419464,-197.688812,274.057190,141.700882
4001,33.341667,15:00:15:02.01,-96.646454,302.154510,133.247040,-96.641312,309.032166,133.903442,-96.134453,304.354370,136.418259,-197.661713,275.040039,141.742477
4002,33.350000,15:00:15:02.02,-96.645828,302.154205,133.245285,-96.642464,309.032043,133.902328,-96.137604,304.355133,136.419861,-197.632935,276.109528,141.777908
4003,33.358333,15:00:15:02.03,-96.644119,302.153229,133.245667,-96.641655,309.031464,133.901947,-96.137024,304.354767,136.418976,-197.581451,277.180450,141.822021
4004,33.366667,15:00:15:03.00,-96.644829,302.154297,133.246536,-96.643677,309.031189,133.904556,-96.120308,304.354034,136.417908,-197.548599,278.370819,141.861496
4005,33.375000,15:00:15:03.01,-96.648041,302.154388,133.247681,-96.644714,309.033447,133.904221,-96.138046,304.356384,136.419617,-197.464218,279.605133,141.924133
4006,33.383333,15:00:15:03.02,-96.646629,302.154022,133.245773,-96.643700,309.033600,133.902618,-96.135506,304.354919,136.418762,-197.445160,280.929901,141.978531
4007,33.391667,15:00:15:03.03,-96.647537,302.154510,133.246445,-96.645096,309.032959,133.903214,-96.137207,304.354156,136.418839,-197.479950,282.300964,142.017334
4008,33.400000,15:00:15:04.00,-96.647987,302.153870,133.245834,-96.642593,309.032166,133.902557,-96.137306,304.355225,136.419220,-197.373062,283.826172,142.147583
4009,33.408333,15:00:15:04.01,-96.647026,302.153259,133.246307,-96.642830,309.032166,133.901291,-96.136497,304.354462,136.419296,-197.416412,285.396118,142.289062
4010,33.416667,15:00:15:04.02,-96.647873,302.154663,133.246765,-96.644974,309.033112,133.903534,-96.138290,304.353943,136.419434,-197.419327,287.015472,142.455048
4011,33.425000,15:00:15:04.03,-96.646423,302.154205,133.246521,-96.644516,309.032257,133.903610,-96.139343,304.354950,136.419098,-197.454865,288.683167,142.639145
4012,33.433333,15:00:15:05.00,-96.649109,302.154785,133.246811,-96.644356,309.033875,133.903305,-96.137390,304.354187,136.419998,-197.497940,290.393951,142.787308
4013,33.441667,15:00:15:05.01,-96.647095,302.154602,133.246201,-96.642395,309.032898,133.902817,-96.137802,304.355225,136.419281,-197.564453,292.170441,142.997482
4014,33.450000,15:00:15:05.02,-96.646309,302.154327,133.245773,-96.643295,309.033203,133.902451,-96.120232,304.354126,136.418610,-197.681168,294.013916,143.153992
4015,33.458333,15:00:15:05.03,-96.644173,302.154297,133.246780,-96.642838,309.032654,133.900925,-96.135620,304.355347,136.418442,-197.817474,295.864563,143.338684
4016,33.466667,15:00:15:06.00,-96.645958,302.152649,133.246735,-96.641365,309.033173,133.902496,-96.137009,304.353973,136.419159,-197.984436,297.776093,143.521057
4017,33.475000,15:00:15:06.01,-96.647820,302.153625,133.247131,-96.642662,309.032013,133.901718,-96.137512,304.354401,136.420364,-198.164307,299.702026,143.744873
4018,33.483333,15:00:15:06.02,-96.648254,302.153503,133.246857,-96.641869,309.031891,133.900635,-96.120094,304.353699,136.418411,-198.381958,301.666992,143.949234
4019,33.491667,15:00:15:06.03,-96.646530,302.153381,133.246643,-96.642212,309.030975,133.902191,-96.136551,304.355072,136.419891,-198.643616,303.622803,144.229813
4020,33.500000,15:00:15:07.00,-96.644630,302.154419,133.245941,-96.641899,309.032562,133.902328,-96.136246,304.353027,136.418610,-198.914963,305.551666,144.562332
4021,33.508333,15:00:15:07.01,-96.646629,302.154663,133.245865,-96.640717,309.032959,133.900970,-96.120285,304.353149,136.418839,-199.157562,307.546844,144.938553
4022,33.516667,15:00:15:07.02,-96.649994,302.154297,133.245880,-96.641853,309.032837,133.902039,-96.136383,304.355316,136.417603,-199.521729,309.474945,145.241135
4023,33.525000,15:00:15:07.03,-96.645607,302.153137,133.245453,-96.641174,309.031982,133.900970,-96.137085,304.354126,136.419662,-199.883286,311.374908,145.469986
4024,33.533333,15:00:15:08.00,-96.646004,302.153046,133.245880,-96.642044,309.031219,133.902771,-96.136543,304.353271,136.418869,-200.244614,313.412628,145.816010
4025,33.541667,15:00:15:08.01,-96.646637,302.154510,133.246262,-96.641838,309.032562,133.901215,-96.137039,304.354492,136.419327,-200.668213,315.471832,146.118149
4026,33.550000,15:00:15:08.02,-96.646591,302.154114,133.245377,-96.643127,309.031982,133.901138,-96.137352,304.356201,136.420029,-201.170059,317.499939,146.317429
4027,33.558333,15:00:15:08.03,-96.645325,302.154327,133.246323,-96.642944,309.031830,133.901306,-96.137695,304.353821,136.417862,-201.687973,319.475403,146.539322
4028,33.566667,15:00:15:09.00,-96.646912,302.153778,133.246262,-96.641525,309.030701,133.901596,-96.137688,304.353333,136.418747,-202.227310,321.436890,146.814270
4029,33.575000,15:00:15:09.01,-96.645676,302.154480,133.245911,-96.641907,309.031769,133.901550,-96.136292,304.353973,136.417908,-202.735764,323.309692,147.036621
4030,33.583333,15:00:15:09.02,-96.644089,302.153473,133.245010,-96.641769,309.031769,133.901901,-96.136528,304.353577,136.418320,-203.224594,325.135193,147.320526
4031,33.591667,15:00:15:09.03,-96.642838,302.153290,133.245605,-96.640182,309.033661,133.901474,-96.135262,304.352966,136.418213,-203.745178,326.924744,147.631210
4032,33.600000,15:00:15:10.00,-96.646034,302.153015,133.245758,-96.641472,309.031311,133.901321,-96.137543,304.353241,136.419052,-204.314850,328.603760,147.886795
4033,33.608333,15:00:15:10.01,-96.646477,302.154480,133.245544,-96.641785,309.031189,133.900833,-96.137581,304.353577,136.418457,-204.905579,330.303314,148.113708
4034,33.616667,15:00:15:10.02,-96.648445,302.153351,133.246643,-96.641953,309.031738,133.900101,-96.138191,304.352448,136.418930,-205.481216,331.964600,148.368988
4035,33.625000,15:00:15:10.03,-96.646675,302.153717,133.245834,-96.641014,309.031250,133.899658,-96.136627,304.354431,136.418518,-206.127975,333.559692,148.639374
4036,33.633333,15:00:15:11.00,-96.644081,302.153961,133.245285,-96.641068,309.032227,133.901138,-96.135910,304.353363,136.418915,-206.772522,335.086975,148.915100
4037,33.641667,15:00:15:11.01,-96.644600,302.152863,133.245621,-96.639641,309.031708,133.901291,-96.116531,304.351837,136.417419,-207.401016,336.555420,149.208542
4038,33.650000,15:00:15:11.02,-96.646500,302.153748,133.244507,-96.639565,309.031433,133.900558,-96.135406,304.354584,136.417831,-208.058197,337.958130,149.500778
4039,33.658333,15:00:15:11.03,-96.645752,302.154266,133.245712,-96.642319,309.031708,133.901184,-96.138153,304.354095,136.418884,-208.678131,339.261810,149.787598
4040,33.666667,15:00:15:12.00,-96.644005,302.153259,133.244720,-96.642014,309.030853,133.900925,-96.137329,304.353485,136.418671,-209.299713,340.531281,150.063507
4041,33.675000,15:00:15:12.01,-96.643387,302.153015,133.244202,-96.642372,309.031952,133.901764,-96.137848,304.353973,136.418915,-209.925171,341.728119,150.342209
4042,33.683333,15:00:15:12.02,-96.645325,302.153381,133.244812,-96.643074,309.031952,133.901474,-96.137032,304.353271,136.417725,-210.545059,342.852295,150.627914
4043,33.691667,15:00:15:12.03,-96.646324,302.153107,133.245117,-96.640572,309.031311,133.899902,-96.136795,304.352814,136.418152,-211.146454,343.911255,150.901779
4044,33.700000,15:00:15:13.00,-96.646187,302.153564,133.245377,-96.640083,309.031128,133.901276,-96.137024,304.352325,136.417648,-211.740082,344.891113,151.172913
4045,33.708333,15:00:15:13.01,-96.645317,302.153290,133.245468,-96.640091,309.030518,133.900879,-96.120445,304.351868,136.417633,-212.323929,345.827515,151.451904
4046,33.716667,15:00:15:13.02,-96.645203,302.153473,133.245911,-96.641808,309.031525,133.900864,-96.136482,304.354950,136.418060,-212.879761,346.666016,151.740005
4047,33.725000,15:00:15:13.03,-96.645828,302.153168,133.246140,-96.641800,309.029785,133.899521,-96.136887,304.352783,136.419159,-213.410477,347.477966,152.070389
4048,33.733333,15:00:15:14.00,-96.644501,302.152344,133.244446,-96.642700,309.031189,133.900635,-96.136543,304.353638,136.418747,-213.934204,348.178467,152.394028
4049,33.741667,15:00:15:14.01,-96.646385,302.152863,133.245117,-96.642670,309.030182,133.901718,-96.137253,304.352966,136.418137,-214.463730,348.860229,152.736130
4050,33.750000,15:00:15:14.02,-96.646675,302.152863,133.244537,-96.641296,309.030853,133.899979,-96.135834,304.353271,136.416977,-214.997940,349.486115,153.112244
4051,33.758333,15:00:15:14.03,-96.646408,302.153564,133.244904,-96.641930,309.031189,133.901764,-96.137230,304.353699,136.418320,-215.553101,349.986359,153.494476
4052,33.766667,15:00:15:15.00,-96.647720,302.152557,133.246597,-96.640488,309.029877,133.901062,-96.137062,304.352783,136.417999,-216.065399,350.404968,153.974121
4053,33.775000,15:00:15:15.01,-96.645164,302.152649,133.244736,-96.642021,309.031158,133.901611,-96.136276,304.352448,136.418793,-216.565155,350.697479,154.551117
4054,33.783333,15:00:15:15.02,-96.646080,302.153229,133.245728,-96.642609,309.031067,133.901627,-96.136978,304.353546,136.418076,-217.058990,350.896271,155.192230
4055,33.791667,15:00:15:15.03,-96.645287,302.154053,133.246002,-96.641617,309.031891,133.901077,-96.121239,304.353577,136.417969,-217.535431,351.019653,155.858368
4056,33.800000,15:00:15:16.00,-96.647133,302.152985,133.245132,-96.640938,309.031952,133.901276,-96.135391,304.355560,136.418259,-218.019531,351.073242,156.544632
4057,33.808333,15:00:15:16.01,-96.645149,302.153290,133.244812,-96.640869,309.031830,133.900406,-96.118301,304.352631,136.417343,-218.527191,351.062469,157.253067
4058,33.816667,15:00:15:16.02,-96.646141,302.151642,133.245346,-96.640930,309.030579,133.900314,-96.134926,304.353577,136.418335,-219.029572,350.986877,157.959106
4059,33.825000,15:00:15:16.03,-96.644203,302.150818,133.243942,-96.640388,309.030853,133.899979,-96.136658,304.352600,136.417328,-219.540833,350.868652,158.694321
4060,33.833333,15:00:15:17.00,-96.644318,302.153076,133.245041,-96.642296,309.031830,133.901703,-96.134392,304.353363,136.417053,-220.049286,350.644836,159.457077
4061,33.841667,15:00:15:17.01,-96.643631,302.153290,133.245926,-96.642212,309.031036,133.900345,-96.135712,304.352722,136.418335,-220.515305,350.348938,160.208450
4062,33.850000,15:00:15:17.02,-96.645432,302.152710,133.245712,-96.642860,309.030701,133.901016,-96.136375,304.353394,136.418564,-220.953659,350.003052,160.943298
4063,33.858333,15:00:15:17.03,-96.646774,302.154114,133.245590,-96.642372,309.029907,133.900314,-96.135826,304.352631,136.417435,-221.360474,349.579346,161.659958
4064,33.866667,15:00:15:18.00,-96.643814,302.151550,133.245224,-96.641258,309.030518,133.899780,-96.136871,304.352692,136.417969,-221.694595,349.092682,162.367050
4065,33.875000,15:00:15:18.01,-96.644379,302.152679,133.246185,-96.639847,309.030029,133.900253,-96.137070,304.353516,136.418121,-221.993088,348.548462,163.018875
4066,33.883333,15:00:15:18.02,-96.643600,302.152924,133.244904,-96.642426,309.031708,133.901566,-96.136589,304.353119,136.417542,-222.194366,347.886139,163.628922
4067,33.891667,15:00:15:18.03,-96.644844,302.152588,133.244904,-96.642662,309.031799,133.901199,-96.119637,304.352081,136.416489,-222.398895,347.209320,164.225723
4068,33.900000,15:00:15:19.00,-96.645996,302.152466,133.246094,-96.642113,309.031464,133.901245,-96.136238,304.354736,136.419601,-222.480698,346.428284,164.775620
4069,33.908333,15:00:15:19.01,-96.644417,302.152649,133.246246,-96.642464,309.029938,133.900528,-96.136795,304.353363,136.418625,-222.511597,345.590881,165.304642
4070,33.916667,15:00:15:19.02,-96.646156,302.152344,133.245331,-96.641914,309.031128,133.901794,-96.135284,304.352448,136.418610,-222.475479,344.669189,165.773178
4071,33.925000,15:00:15:19.03,-96.646385,302.152435,133.246017,-96.642075,309.031067,133.900787,-96.134865,304.353119,136.418137,-222.355240,343.649841,166.209534
4072,33.933333,15:00:15:20.00,-96.647224,302.153625,133.245163,-96.640915,309.030884,133.900513,-96.135643,304.352661,136.418182,-222.213013,342.571777,166.627869
4073,33.941667,15:00:15:20.01,-96.645920,302.153381,133.245163,-96.642395,309.031158,133.901764,-96.136436,304.353394,136.418106,-222.025467,341.392242,166.991699
4074,33.950000,15:00:15:20.02,-96.643242,302.152466,133.244995,-96.641998,309.031921,133.902176,-96.136124,304.353455,136.418213,-221.775986,340.131561,167.342239
4075,33.958333,15:00:15:20.03,-96.643570,302.152588,133.246201,-96.642067,309.032593,133.901672,-96.137093,304.353760,136.419235,-221.508209,338.755798,167.590057
4076,33.966667,15:00:15:21.00,-96.646965,302.153503,133.246567,-96.642616,309.031738,133.902344,-96.136787,304.354279,136.419083,-221.223419,337.367584,167.861145
4077,33.975000,15:00:15:21.01,-96.643135,302.153381,133.245819,-96.642471,309.031616,133.902283,-96.136818,304.354492,136.419235,-220.931366,335.883850,168.041702
4078,33.983333,15:00:15:21.02,-96.644524,302.152954,133.245773,-96.643822,309.032013,133.901474,-96.137688,304.353943,136.419128,-220.637726,334.359222,168.224564
4079,33.991667,15:00:15:21.03,-96.645027,302.153320,133.244583,-96.641792,309.031525,133.900818,-96.135727,304.353546,136.419083,-220.360641,332.814453,168.359039
4080,34.000000,15:00:15:22.00,-96.644524,302.153168,133.245819,-96.641411,309.031830,133.901642,-96.137474,304.354492,136.418945,-220.094009,331.283905,168.457214
4081,34.008333,15:00:15:22.01,-96.643486,302.154510,133.245361,-96.641090,309.031464,133.900543,-96.136375,304.354523,136.418640,-219.832474,329.710358,168.516464
4082,34.016667,15:00:15:22.02,-96.644814,302.152954,133.245499,-96.642609,309.030762,133.901703,-96.137894,304.354462,136.418655,-219.547485,328.174988,168.522629
4083,34.025000,15:00:15:22.03,-96.646072,302.153168,133.244003,-96.643517,309.031067,133.902344,-96.138779,304.354370,136.419342,-219.275665,326.669800,168.459091
4084,34.033333,15:00:15:23.00,-96.644699,302.152832,133.245743,-96.643242,309.032288,133.901566,-96.135345,304.354401,136.419098,-219.002869,325.259918,168.402115
4085,34.041667,15:00:15:23.01,-96.644554,302.154144,133.246918,-96.643494,309.031982,133.901947,-96.138062,304.353485,136.419189,-218.749954,323.813354,168.268219
4086,34.050000,15:00:15:23.02,-96.647118,302.154053,133.245926,-96.643028,309.031250,133.902664,-96.119797,304.353485,136.418564,-218.513794,322.489868,168.066391
4087,34.058333,15:00:15:23.03,-96.647476,302.153137,133.246201,-96.642380,309.031311,133.901245,-96.117714,304.355713,136.417969,-218.281006,321.218536,167.852676
4088,34.066667,15:00:15:24.00,-96.645271,302.153290,133.245178,-96.640831,309.031525,133.901199,-96.118019,304.354767,136.418213,-217.966583,320.034851,167.632156
4089,34.075000,15:00:15:24.01,-96.647469,302.153625,133.246216,-96.641769,309.031433,133.902161,-96.135468,304.354889,136.419159,-217.631790,318.959473,167.381790
4090,34.083333,15:00:15:24.02,-96.646591,302.153778,133.246552,-96.642494,309.031738,133.902222,-96.138458,304.353882,136.418808,-217.215591,318.098480,167.154877
4091,34.091667,15:00:15:24.03,-96.645546,302.153839,133.246628,-96.641853,309.031799,133.901550,-96.119606,304.352417,136.418869,-216.777924,317.377991,166.884720
4092,34.100000,15:00:15:25.00,-96.646423,302.153442,133.246674,-96.641525,309.032532,133.903107,-96.119278,304.353821,136.418945,-216.232117,316.850708,166.571121
4093,34.108333,15:00:15:25.01,-96.646568,302.153839,133.246155,-96.640587,309.031525,133.902603,-96.136314,304.355225,136.418030,-215.694244,316.575165,166.193985
4094,34.116667,15:00:15:25.02,-96.645027,302.153198,133.246262,-96.643417,309.032135,133.902664,-96.138954,304.353882,136.418777,-215.076797,316.556946,165.834915
4095,34.125000,15:00:15:25.03,-96.642731,302.153717,133.244400,-96.653557,309.038239,133.901566,-96.136116,304.353180,136.418243,-214.506577,316.664276,165.476852
4096,34.133333,15:00:15:26.00,-96.645699,302.154358,133.246384,-96.644501,309.032227,133.903397,-96.136482,304.353271,136.419067,-213.951782,316.882233,165.194077
4097,34.141667,15:00:15:26.01,-96.645508,302.153961,133.245773,-96.650330,309.036743,133.899979,-96.135757,304.354431,136.419434,-213.392166,317.256836,164.892334
4098,34.150000,15:00:15:26.02,-96.646080,302.153748,133.245972,-96.643509,309.031250,133.902100,-96.136246,304.354248,136.418411,-212.820862,317.793884,164.640686
4099,34.158333,15:00:15:26.03,-96.644447,302.153473,133.245514,-96.643486,309.032440,133.902451,-96.135818,304.354645,136.419373,-212.278580,318.487640,164.330078
4100,34.166667,15:00:15:27.00,-96.646484,302.154846,133.246063,-96.642342,309.032501,133.901794,-96.136169,304.354370,136.418228,-211.840652,319.343231,163.990204
4101,34.175000,15:00:15:27.01,-96.647972,302.155243,133.247025,-96.642349,309.031952,133.901611,-96.134834,304.354034,136.419312,-211.455841,320.344666,163.646347
4102,34.183333,15:00:15:27.02,-96.646835,302.154083,133.244980,-96.643845,309.031128,133.901672,-96.135674,304.353912,136.419220,-211.190552,321.493652,163.333694
4103,34.191667,15:00:15:27.03,-96.645523,302.153625,133.244659,-96.643234,309.031189,133.900650,-96.135727,304.353821,136.418335,-211.062149,322.691833,163.031677
4104,34.200000,15:00:15:28.00,-96.645775,302.153595,133.245773,-96.652061,309.037506,133.900528,-96.137413,304.353882,136.419113,-211.122604,323.921570,162.791092
4105,34.208333,15:00:15:28.01,-96.645660,302.153442,133.245880,-96.656853,309.037933,133.900101,-96.137177,304.353088,136.417801,-211.328476,325.115295,162.592010
4106,34.216667,15:00:15:28.02,-96.646423,302.154480,133.246216,-96.645592,309.031494,133.901825,-96.135475,304.354797,136.419022,-211.578400,326.349121,162.407806
4107,34.225000,15:00:15:28.03,-96.647331,302.153931,133.246658,-96.653137,309.038605,133.900803,-96.137108,304.355194,136.419479,-212.052338,327.537811,162.209061
4108,34.233333,15:00:15:29.00,-96.647224,302.154083,133.245544,-96.655640,309.037689,133.899460,-96.136391,304.354706,136.417969,-212.655228,328.659973,162.042953
4109,34.241667,15:00:15:29.01,-96.645973,302.153870,133.245178,-96.646370,309.031067,133.901627,-96.134697,304.353027,136.418182,-213.375381,329.659454,161.875870
4110,34.250000,15:00:15:29.02,-96.645668,302.153900,133.245743,-96.643097,309.031647,133.901367,-96.133995,304.352783,136.417313,-214.149857,330.459747,161.728424
4111,34.258333,15:00:15:29.03,-96.646942,302.153259,133.246002,-96.652412,309.037140,133.900757,-96.136459,304.352875,136.418274,-214.918045,331.074799,161.652344
4112,34.266667,15:00:16:00.00,-96.646576,302.153137,133.245682,-96.645355,309.031799,133.902328,-96.136749,304.353088,136.417740,-215.614029,331.530396,161.651169
4113,34.275000,15:00:16:00.01,-96.645294,302.152771,133.245041,-96.652580,309.037140,133.899933,-96.134529,304.353333,136.418365,-216.273254,331.859589,161.685669
4114,34.283333,15:00:16:00.02,-96.644997,302.153625,133.243103,-96.654953,309.037262,133.900345,-96.118912,304.352325,136.417526,-216.878860,332.055298,161.683929
4115,34.291667,15:00:16:00.03,-96.643570,302.152893,133.245316,-96.653297,309.037567,133.899261,-96.134392,304.355377,136.418198,-217.505127,332.173431,161.606094
4116,34.300000,15:00:16:01.00,-96.645203,302.152100,133.245224,-96.644745,309.031403,133.900772,-96.135834,304.353424,136.417145,-218.128204,332.230682,161.501389
4117,34.308333,15:00:16:01.01,-96.646179,302.153687,133.245117,-96.642593,309.031311,133.902359,-96.136436,304.353851,136.418564,-218.640656,332.142303,161.406967
4118,34.316667,15:00:16:01.02,-96.647522,302.153198,133.245010,-96.643318,309.031006,133.902130,-96.137177,304.353333,136.419357,-218.941711,331.886230,161.374969
4119,34.325000,15:00:16:01.03,-96.644157,302.153534,133.246292,-96.643982,309.030884,133.902283,-96.136078,304.353058,136.417694,-218.980331,331.543915,161.401581
4120,34.333333,15:00:16:02.00,-96.645264,302.152588,133.246048,-96.642601,309.031799,133.902283,-96.135307,304.353760,136.419083,-218.767685,331.124817,161.427780
4121,34.341667,15:00:16:02.01,-96.645378,302.153290,133.245499,-96.641312,309.031586,133.900940,-96.134026,304.354034,136.418289,-218.404694,330.704071,161.383514
4122,34.350000,15:00:16:02.02,-96.643829,302.152313,133.244965,-96.653404,309.037994,133.900589,-96.134911,304.352966,136.417862,-217.964767,330.267914,161.219498
4123,34.358333,15:00:16:02.03,-96.644119,302.154694,133.246109,-96.643112,309.030487,133.901352,-96.134644,304.352234,136.418686,-217.454407,329.780853,160.940018
4124,34.366667,15:00:16:03.00,-96.644867,302.153168,133.245895,-96.651237,309.037445,133.900986,-96.136368,304.354584,136.418686,-216.834000,329.293793,160.636765
4125,34.375000,15:00:16:03.01,-96.645744,302.153046,133.244919,-96.654778,309.037231,133.900803,-96.135597,304.352966,136.419266,-216.078476,328.711121,160.367966
4126,34.383333,15:00:16:03.02,-96.643982,302.152954,133.244751,-96.645210,309.030151,133.901581,-96.133896,304.353302,136.418549,-215.239594,328.075195,160.135025
4127,34.391667,15:00:16:03.03,-96.642700,302.152710,133.245163,-96.642563,309.030884,133.902466,-96.135864,304.353119,136.418686,-214.281967,327.380463,159.916992
4128,34.400000,15:00:16:04.00,-96.642006,302.152954,133.244370,-96.642906,309.031647,133.901733,-96.134552,304.352814,136.418533,-213.294052,326.656830,159.641541
4129,34.408333,15:00:16:04.01,-96.643562,302.151642,133.244781,-96.642830,309.031433,133.901276,-96.134682,304.352722,136.418381,-212.252991,325.825958,159.255524
4130,34.416667,15:00:16:04.02,-96.642754,302.152313,133.244461,-96.641678,309.031403,133.901489,-96.134460,304.352173,136.419220,-211.206055,325.079376,158.811630
4131,34.425000,15:00:16:04.03,-96.644211,302.153534,133.246262,-96.642273,309.031158,133.901199,-96.136322,304.352478,136.418671,-210.074707,324.206085,158.244614
4132,34.433333,15:00:16:05.00,-96.645340,302.152863,133.245987,-96.642921,309.030609,133.901062,-96.135773,304.352356,136.417877,-208.930298,323.300232,157.630859
4133,34.441667,15:00:16:05.01,-96.645195,302.152527,133.245499,-96.641922,309.031403,133.902145,-96.120110,304.352661,136.418396,-207.706070,322.317902,156.983322
4134,34.450000,15:00:16:05.02,-96.645103,302.151459,133.245010,-96.641197,309.031799,133.901382,-96.134697,304.354645,136.418304,-206.439789,321.263031,156.276489
4135,34.458333,15:00:16:05.03,-96.644585,302.153351,133.246094,-96.642036,309.031433,133.901169,-96.134811,304.351837,136.418289,-205.135315,320.105042,155.514938
4136,34.466667,15:00:16:06.00,-96.646683,302.153748,133.246048,-96.641701,309.030457,133.900696,-96.136581,304.351898,136.418381,-203.863617,318.919495,154.661484
4137,34.475000,15:00:16:06.01,-96.643562,302.153015,133.244568,-96.641243,309.030701,133.900925,-96.134880,304.353638,136.418274,-202.551773,317.589111,153.681198
4138,34.483333,15:00:16:06.02,-96.643074,302.152466,133.245010,-96.641090,309.030701,133.900208,-96.118721,304.353119,136.417175,-201.279373,316.182678,152.644867
4139,34.491667,15:00:16:06.03,-96.646088,302.152954,133.246582,-96.642632,309.030975,133.901047,-96.136528,304.354980,136.419540,-199.965042,314.663635,151.510803
4140,34.500000,15:00:16:07.00,-96.645775,302.153290,133.245270,-96.642189,309.030701,133.900482,-96.137718,304.353760,136.417801,-198.715164,313.067688,150.374420
4141,34.508333,15:00:16:07.01,-96.646698,302.151978,133.245926,-96.642410,309.031006,133.900528,-96.136223,304.352783,136.416550,-197.455078,311.320801,149.193756
4142,34.516667,15:00:16:07.02,-96.644142,302.151855,133.245071,-96.641624,309.030518,133.901291,-96.137123,304.353546,136.416290,-196.236710,309.548309,148.075409
4143,34.525000,15:00:16:07.03,-96.642258,302.152740,133.244446,-96.641045,309.030579,133.899811,-96.135338,304.352478,136.417465,-195.080154,307.753693,146.984833
4144,34.533333,15:00:16:08.00,-96.643463,302.152832,133.244080,-96.641609,309.030640,133.900665,-96.135910,304.352600,136.417969,-193.991623,305.813995,145.796341
4145,34.541667,15:00:16:08.01,-96.642723,302.152161,133.245132,-96.640564,309.031616,133.899872,-96.137413,304.354370,136.417404,-192.986877,303.809845,144.643677
4146,34.550000,15:00:16:08.02,-96.643463,302.153168,133.244965,-96.640862,309.031311,133.901169,-96.135643,304.354004,136.418716,-192.030594,301.793060,143.532166
4147,34.558333,15:00:16:08.03,-96.643944,302.153137,133.246704,-96.639992,309.029633,133.899872,-96.135948,304.353180,136.418152,-191.091141,299.829041,142.455231
4148,34.566667,15:00:16:09.00,-96.644279,302.152466,133.243988,-96.640579,309.031128,133.900940,-96.136894,304.352081,136.417435,-190.229706,297.883667,141.406311
4149,34.575000,15:00:16:09.01,-96.644348,302.152710,133.244034,-96.640007,309.030426,133.900757,-96.135437,304.352325,136.418427,-189.474350,296.028961,140.386124
4150,34.583333,15:00:16:09.02,-96.645096,302.152618,133.245560,-96.641449,309.030365,133.901611,-96.136787,304.353821,136.417862,-188.761566,294.236847,139.400391
4151,34.591667,15:00:16:09.03,-96.644333,302.153320,133.245056,-96.641808,309.030365,133.900803,-96.137032,304.352631,136.417999,-188.143753,292.586792,138.451202
4152,34.600000,15:00:16:10.00,-96.644196,302.152649,133.244507,-96.640610,309.031586,133.901550,-96.137978,304.353119,136.418015,-187.596069,291.011200,137.551147
4153,34.608333,15:00:16:10.01,-96.644775,302.151794,133.244949,-96.641777,309.030670,133.901184,-96.136734,304.353363,136.418121,-187.063446,289.520874,136.684647
4154,34.616667,15:00:16:10.02,-96.646057,302.152802,133.245926,-96.642555,309.029694,133.900528,-96.136559,304.353271,136.417603,-186.552841,288.086792,135.835510
4155,34.625000,15:00:16:10.03,-96.646729,302.153259,133.245682,-96.643089,309.031525,133.900925,-96.138016,304.354095,136.418182,-186.054611,286.723694,134.977036
4156,34.633333,15:00:16:11.00,-96.646614,302.153503,133.245499,-96.641563,309.031738,133.901154,-96.118835,304.351898,136.417114,-185.621719,285.531250,134.094589
4157,34.641667,15:00:16:11.01,-96.644714,302.152466,133.244156,-96.640625,309.031738,133.900665,-96.134132,304.353851,136.417526,-185.203247,284.460083,133.173096
4158,34.650000,15:00:16:11.02,-96.644669,302.152985,133.244629,-96.642303,309.032013,133.900482,-96.120438,304.353180,136.417313,-184.781433,283.534210,132.254929
4159,34.658333,15:00:16:11.03,-96.646034,302.152374,133.245544,-96.643425,309.031433,133.901367,-96.135941,304.354279,136.418442,-184.410477,282.705475,131.408066
4160,34.666667,15:00:16:12.00,-96.647148,302.152954,133.246368,-96.641319,309.030670,133.900177,-96.137749,304.353210,136.417633,-184.010590,281.958374,130.605988
4161,34.675000,15:00:16:12.01,-96.646461,302.153229,133.246201,-96.641953,309.030396,133.900467,-96.137085,304.353485,136.417740,-183.670227,281.172119,129.843246
4162,34.683333,15:00:16:12.02,-96.646080,302.153076,133.244888,-96.643379,309.031738,133.900772,-96.137413,304.353699,136.418579,-183.259766,280.419189,129.141449
4163,34.691667,15:00:16:12.03,-96.646484,302.153503,133.246277,-96.643005,309.031616,133.900803,-96.135643,304.352020,136.417847,-182.950287,279.667603,128.414856
4164,34.700000,15:00:16:13.00,-96.645714,302.152954,133.244980,-96.640182,309.031555,133.900375,-96.136314,304.352173,136.417755,-182.577209,279.021271,127.763451
4165,34.708333,15:00:16:13.01,-96.646149,302.153168,133.246735,-96.640137,309.030945,133.900696,-96.137054,304.353058,136.417572,-182.244858,278.508698,127.099167
4166,34.716667,15:00:16:13.02,-96.644249,302.152924,133.245331,-96.641273,309.030548,133.900772,-96.135796,304.353241,136.417648,-181.914581,278.109131,126.512085
4167,34.725000,15:00:16:13.03,-96.646179,302.151764,133.245270,-96.641296,309.031036,133.900528,-96.136871,304.352539,136.418884,-181.661636,277.778809,126.000702
4168,34.733333,15:00:16:14.00,-96.646782,302.151947,133.244675,-96.642082,309.030365,133.901215,-96.137749,304.353455,136.419113,-181.346756,277.500641,125.604507
4169,34.741667,15:00:16:14.01,-96.646996,302.152924,133.246231,-96.641739,309.030457,133.900833,-96.136925,304.352814,136.418015,-181.056580,277.233856,125.354156
4170,34.750000,15:00:16:14.02,-96.646538,302.153595,133.244781,-96.641747,309.031311,133.900864,-96.136429,304.352509,136.417648,-180.816147,277.009583,125.152763
4171,34.758333,15:00:16:14.03,-96.643517,302.152527,133.244827,-96.640686,309.030731,133.900345,-96.136467,304.352631,136.418823,-180.579071,276.822815,125.022827
4172,34.766667,15:00:16:15.00,-96.646042,302.152710,133.245743,-96.641106,309.031891,133.901779,-96.138329,304.352814,136.417786,-180.363007,276.766052,124.960999
4173,34.775000,15:00:16:15.01,-96.645805,302.152924,133.244781,-96.642273,309.032196,133.901123,-96.136971,304.354034,136.417633,-180.067108,276.817688,124.942482
4174,34.783333,15:00:16:15.02,-96.647217,302.152740,133.245285,-96.642235,309.030426,133.901474,-96.137115,304.352844,136.416824,-179.898148,276.963654,124.964157
4175,34.791667,15:00:16:15.03,-96.645660,302.152893,133.245209,-96.641251,309.031799,133.900177,-96.136681,304.352722,136.418289,-179.650345,277.213684,125.111893
4176,34.800000,15:00:16:16.00,-96.645287,302.152863,133.245331,-96.639870,309.031372,133.901611,-96.138092,304.353241,136.418564,-179.471588,277.556549,125.331688
4177,34.808333,15:00:16:16.01,-96.645767,302.153168,133.246628,-96.641937,309.031738,133.900482,-96.136787,304.353516,136.417419,-179.278534,278.071869,125.708351
4178,34.816667,15:00:16:16.02,-96.645523,302.152466,133.245926,-96.641815,309.031372,133.900436,-96.137215,304.351685,136.418442,-179.072311,278.658234,126.161865
4179,34.825000,15:00:16:16.03,-96.645119,302.153625,133.244125,-96.640678,309.031189,133.900070,-96.138062,304.353607,136.417572,-178.906296,279.419495,126.680145
4180,34.833333,15:00:16:17.00,-96.644363,302.154388,133.246338,-96.640411,309.032135,133.901337,-96.120224,304.353180,136.416916,-178.768127,280.361115,127.291504
4181,34.841667,15:00:16:17.01,-96.645248,302.153778,133.245239,-96.641609,309.032166,133.900894,-96.134895,304.354034,136.417938,-178.693863,281.467499,127.963623
4182,34.850000,15:00:16:17.02,-96.648033,302.153687,133.245392,-96.641388,309.032043,133.900391,-96.137039,304.352997,136.417984,-178.691284,282.627563,128.687042
4183,34.858333,15:00:16:17.03,-96.645508,302.153259,133.244461,-96.640411,309.030975,133.900986,-96.137840,304.353149,136.417236,-178.675552,283.987274,129.581375
4184,34.866667,15:00:16:18.00,-96.646461,302.153015,133.244049,-96.641151,309.031403,133.900269,-96.137589,304.354004,136.417038,-178.779495,285.352264,130.456467
4185,34.875000,15:00:16:18.01,-96.647110,302.153442,133.245636,-96.642227,309.031006,133.901550,-96.136436,304.353821,136.417694,-178.950592,286.841522,131.453369
4186,34.883333,15:00:16:18.02,-96.647301,302.153503,133.244629,-96.641777,309.031067,133.900375,-96.138046,304.353912,136.418503,-179.157227,288.414520,132.461853
4187,34.891667,15:00:16:18.03,-96.644402,302.153473,133.245010,-96.642715,309.031799,133.900803,-96.136269,304.352875,136.418289,-179.492538,290.036987,133.513611
4188,34.900000,15:00:16:19.00,-96.645454,302.153625,133.245804,-96.641167,309.031311,133.899948,-96.137459,304.353577,136.418015,-179.832260,291.722687,134.570679
4189,34.908333,15:00:16:19.01,-96.646423,302.154175,133.245926,-96.641861,309.032288,133.900574,-96.135353,304.353821,136.419235,-180.242020,293.448029,135.665390
4190,34.916667,15:00:16:19.02,-96.647057,302.152527,133.244629,-96.641762,309.031982,133.901215,-96.136520,304.352814,136.419632,-180.731812,295.111786,136.757202
4191,34.925000,15:00:16:19.03,-96.646484,302.152008,133.244644,-96.642860,309.031952,133.900620,-96.137772,304.353394,136.419052,-181.259552,296.755890,137.867218
4192,34.933333,15:00:16:20.00,-96.645752,302.152100,133.245651,-96.643051,309.032288,133.900970,-96.119873,304.354492,136.416595,-181.818695,298.392975,138.941589
4193,34.941667,15:00:16:20.01,-96.647194,302.153839,133.245651,-96.642372,309.032104,133.902313,-96.134781,304.355957,136.417984,-182.380692,300.053070,140.015945
4194,34.950000,15:00:16:20.02,-96.645149,302.154266,133.245621,-96.640762,309.032227,133.902008,-96.137650,304.355621,136.418015,-182.945465,301.666748,141.028320
4195,34.958333,15:00:16:20.03,-96.644524,302.154694,133.245453,-96.640739,309.032135,133.901352,-96.137260,304.354248,136.418701,-183.488571,303.298615,142.015656
4196,34.966667,15:00:16:21.00,-96.647728,302.154022,133.246078,-96.642326,309.032043,133.901062,-96.136208,304.353394,136.417175,-184.021103,304.922577,142.955185
4197,34.975000,15:00:16:21.01,-96.645592,302.153931,133.244949,-96.643669,309.032471,133.901154,-96.120293,304.353699,136.417984,-184.525543,306.484070,143.765594
4198,34.983333,15:00:16:21.02,-96.644554,302.153961,133.245087,-96.642052,309.031372,133.900742,-96.135910,304.356110,136.417572,-185.032516,308.015503,144.561142
4199,34.991667,15:00:16:21.03,-96.646980,302.153931,133.245819,-96.641640,309.032196,133.900009,-96.119102,304.352966,136.416275,-185.555161,309.494537,145.277237
4200,35.000000,15:00:16:22.00,-96.647110,302.152771,133.245789,-96.642532,309.032166,133.901108,-96.135147,304.354523,136.417374,-186.056503,310.963623,145.985794
4201,35.008333,15:00:16:22.01,-96.645142,302.152985,133.245499,-96.642769,309.031403,133.900253,-96.136543,304.353271,136.417816,-186.529358,312.323608,146.641525
4202,35.016667,15:00:16:22.02,-96.646736,302.154877,133.244675,-96.642426,309.031219,133.901123,-96.137451,304.355408,136.418732,-186.974167,313.655243,147.221878
4203,35.025000,15:00:16:22.03,-96.647110,302.153168,133.244736,-96.641487,309.032104,133.900101,-96.136581,304.355499,136.417999,-187.354919,314.927307,147.759872
4204,35.033333,15:00:16:23.00,-96.645561,302.154083,133.245926,-96.643105,309.032013,133.900955,-96.137253,304.354706,136.418274,-187.737488,316.181946,148.236710
4205,35.041667,15:00:16:23.01,-96.644325,302.153015,133.244904,-96.640770,309.033234,133.901123,-96.119270,304.353485,136.417313,-188.056259,317.358246,148.680191
4206,35.050000,15:00:16:23.02,-96.645042,302.152649,133.244904,-96.642929,309.032043,133.902298,-96.134743,304.354248,136.417999,-188.347015,318.491180,149.100845
4207,35.058333,15:00:16:23.03,-96.646797,302.153961,133.245895,-96.644333,309.030823,133.901627,-96.136780,304.354370,136.416733,-188.595612,319.559418,149.486603
4208,35.066667,15:00:16:24.00,-96.645218,302.153442,133.245087,-96.644112,309.031403,133.901733,-96.136566,304.354248,136.417969,-188.782425,320.547302,149.815842
4209,35.075000,15:00:16:24.01,-96.648079,302.153076,133.246475,-96.644394,309.031952,133.901596,-96.136185,304.353638,136.416885,-188.917023,321.428314,150.110489
4210,35.083333,15:00:16:24.02,-96.645538,302.153320,133.244125,-96.644867,309.032501,133.902328,-96.120186,304.353516,136.416565,-188.971741,322.233215,150.366211
4211,35.091667,15:00:16:24.03,-96.644310,302.152679,133.244995,-96.653587,309.037292,133.900406,-96.134018,304.354706,136.417984,-188.957077,322.959869,150.592468
4212,35.100000,15:00:16:25.00,-96.643303,302.154419,133.243896,-96.646477,309.031189,133.902283,-96.137527,304.354523,136.417389,-188.875137,323.555908,150.849716
4213,35.108333,15:00:16:25.01,-96.643478,302.154907,133.243561,-96.645287,309.032043,133.901703,-96.136024,304.355225,136.416870,-188.735657,324.100311,151.138962
4214,35.116667,15:00:16:25.02,-96.644554,302.154144,133.244629,-96.645905,309.031616,133.901566,-96.135948,304.355225,136.415878,-188.580444,324.571503,151.496704
4215,35.125000,15:00:16:25.03,-96.645340,302.154663,133.244598,-96.656868,309.038391,133.900528,-96.136177,304.354980,136.417740,-188.423782,324.961853,151.921768
4216,35.133333,15:00:16:26.00,-96.644073,302.154938,133.244690,-96.648254,309.031189,133.902206,-96.135643,304.354797,136.416122,-188.250534,325.292908,152.376740
4217,35.141667,15:00:16:26.01,-96.644943,302.153839,133.244400,-96.646378,309.032257,133.901337,-96.136269,304.355133,136.417648,-188.115433,325.605286,152.855637
4218,35.150000,15:00:16:26.02,-96.644119,302.155579,133.244751,-96.645325,309.032501,133.901947,-96.136627,304.357758,136.418564,-188.032074,325.897491,153.293701
4219,35.158333,15:00:16:26.03,-96.641556,302.156036,133.243317,-96.645477,309.032593,133.901108,-96.135445,304.356232,136.417206,-188.006561,326.176666,153.705811
4220,35.166667,15:00:16:27.00,-96.641045,302.156738,133.244553,-96.646400,309.032227,133.901031,-96.134506,304.356476,136.416595,-188.011520,326.479584,154.085083
4221,35.175000,15:00:16:27.01,-96.642601,302.156494,133.244568,-96.647057,309.033417,133.900803,-96.134415,304.357300,136.417114,-188.085129,326.793671,154.426804
4222,35.183333,15:00:16:27.02,-96.643150,302.155792,133.244461,-96.655182,309.037720,133.899765,-96.132957,304.355347,136.417252,-188.122116,327.111664,154.856415
4223,35.191667,15:00:16:27.03,-96.641960,302.156006,133.244553,-96.648186,309.032715,133.902222,-96.134682,304.355652,136.416534,-188.189026,327.375732,155.290314
4224,35.200000,15:00:16:28.00,-96.641594,302.155304,133.245300,-96.644943,309.032379,133.902390,-96.135239,304.355347,136.417862,-188.299591,327.608093,155.726654
4225,35.208333,15:00:16:28.01,-96.633804,302.154816,133.254837,-96.643349,309.031555,133.899429,-96.134834,304.355682,136.417557,-188.439545,327.797424,156.216690
4226,35.216667,15:00:16:28.02,-96.621399,302.157745,133.264236,-96.645332,309.029694,133.895493,-96.119278,304.354919,136.416901,-188.567215,327.961792,156.748917
4227,35.225000,15:00:16:28.03,-96.639862,302.142944,133.242371,-96.636841,309.032745,133.913498,-96.133652,304.357483,136.417145,-188.639282,328.196533,157.350952
4228,35.233333,15:00:16:29.00,-96.650879,302.133881,133.238541,-96.620331,309.055542,133.938187,-96.134666,304.355011,136.417923,-188.758270,328.348816,157.903183
4229,35.241667,15:00:16:29.01,-96.655228,302.134430,133.238190,-96.625412,309.060730,133.926361,-96.136665,304.353577,136.415176,-188.929626,328.538239,158.443695
4230,35.250000,15:00:16:29.02,-96.652893,302.135101,133.237808,-96.627228,309.056885,133.922836,-96.132492,304.360443,136.425980,-189.134140,328.701508,158.994156
4231,35.258333,15:00:16:29.03,-96.654480,302.133331,133.237320,-96.627922,309.054504,133.922104,-96.123665,304.360138,136.440903,-189.344162,328.844482,159.511078
4232,35.266667,15:00:17:00.00,-96.654152,302.134369,133.238846,-96.626961,309.055450,133.922852,-96.130714,304.346741,136.420517,-189.534958,328.994659,160.038651
4233,35.275000,15:00:17:00.01,-96.653198,302.133057,133.238403,-96.626595,309.055054,133.922272,-96.132111,304.342102,136.420135,-189.758041,329.145966,160.540329
4234,35.283333,15:00:17:00.02,-96.651909,302.133392,133.238388,-96.626839,309.055450,133.921036,-96.133171,304.342041,136.421036,-189.960892,329.306488,161.038925
4235,35.291667,15:00:17:00.03,-96.650070,302.134491,133.238373,-96.627159,309.056091,133.922333,-96.134323,304.341278,136.421112,-190.198502,329.430115,161.481644
4236,35.300000,15:00:17:01.00,-96.651894,302.133667,133.238388,-96.625702,309.054474,133.923019,-96.133682,304.342102,136.420792,-190.403519,329.568909,161.904663
4237,35.308333,15:00:17:01.01,-96.654472,302.133881,133.236725,-96.635132,309.063568,133.922546,-96.131409,304.341980,136.419327,-190.621582,329.710449,162.282043
4238,35.316667,15:00:17:01.02,-96.653473,302.132233,133.238312,-96.626732,309.056702,133.922852,-96.131081,304.342865,136.420975,-190.836578,329.796234,162.643250
4239,35.325000,15:00:17:01.03,-96.653633,302.133118,133.237823,-96.624237,309.055573,133.921158,-96.114960,304.342041,136.421631,-191.042404,329.915802,162.990265
4240,35.333333,15:00:17:02.00,-96.650299,302.134460,133.239334,-96.624672,309.055603,133.922394,-96.132828,304.343903,136.419937,-191.247147,330.017365,163.304962
4241,35.341667,15:00:17:02.01,-96.651886,302.134552,133.239365,-96.633339,309.062836,133.919907,-96.133461,304.342163,136.419754,-191.482925,330.104431,163.586502
4242,35.350000,15:00:17:02.02,-96.651192,302.135498,133.238159,-96.625580,309.055176,133.922424,-96.133438,304.343262,136.420319,-191.690170,330.202209,163.818863
4243,35.358333,15:00:17:02.03,-96.650383,302.133148,133.238724,-96.626541,309.056976,133.922150,-96.132538,304.343567,136.419571,-191.876480,330.265778,164.025543
4244,35.366667,15:00:17:03.00,-96.651672,302.132385,133.235580,-96.625725,309.055176,133.921188,-96.131142,304.343262,136.421524,-192.071854,330.337677,164.194946
4245,35.375000,15:00:17:03.01,-96.652832,302.132965,133.236938,-96.624596,309.054840,133.920502,-96.132271,304.343658,136.419983,-192.235580,330.436737,164.323959
4246,35.383333,15:00:17:03.02,-96.651657,302.134552,133.238480,-96.625023,309.057251,133.921341,-96.132973,304.341156,136.419220,-192.418564,330.525909,164.434509
4247,35.391667,15:00:17:03.03,-96.650085,302.133911,133.238281,-96.633202,309.063721,133.920914,-96.130714,304.343445,136.419495,-192.607803,330.595459,164.524429
4248,35.400000,15:00:17:04.00,-96.650108,302.134766,133.239227,-96.626404,309.055786,133.921707,-96.132195,304.341980,136.418503,-192.805603,330.671906,164.566986
4249,35.408333,15:00:17:04.01,-96.652557,302.134949,133.238174,-96.625740,309.055817,133.921951,-96.132942,304.344055,136.421341,-193.009155,330.743683,164.569061
4250,35.416667,15:00:17:04.02,-96.651787,302.134003,133.238251,-96.624451,309.056519,133.923279,-96.131317,304.344238,136.419739,-193.193542,330.810364,164.539246
4251,35.425000,15:00:17:04.03,-96.650902,302.133789,133.237869,-96.625320,309.056244,133.923309,-96.131447,304.342529,136.419632,-193.369598,330.926941,164.495056
4252,35.433333,15:00:17:05.00,-96.651688,302.133301,133.238693,-96.626457,309.056458,133.922974,-96.131226,304.342987,136.418472,-193.587433,331.038269,164.455215
4253,35.441667,15:00:17:05.01,-96.651611,302.134399,133.237701,-96.626892,309.055756,133.921875,-96.130898,304.343597,136.419632,-193.792969,331.148315,164.451630
4254,35.450000,15:00:17:05.02,-96.651657,302.132477,133.237274,-96.624680,309.054504,133.921570,-96.133095,304.345001,136.419937,-194.005066,331.293488,164.469406
4255,35.458333,15:00:17:05.03,-96.652100,302.133026,133.239197,-96.625893,309.055817,133.922714,-96.130219,304.344482,136.419647,-194.208984,331.417236,164.498199
4256,35.466667,15:00:17:06.00,-96.651222,302.133728,133.237534,-96.627220,309.055359,133.922943,-96.130730,304.343811,136.419708,-194.382507,331.562775,164.528168
4257,35.475000,15:00:17:06.01,-96.649399,302.134247,133.237076,-96.626541,309.056549,133.921722,-96.131989,304.344025,136.421005,-194.617340,331.732391,164.566727
4258,35.483333,15:00:17:06.02,-96.650505,302.134369,133.238251,-96.626701,309.055176,133.922226,-96.115448,304.342316,136.422134,-194.924835,331.940704,164.672821
4259,35.491667,15:00:17:06.03,-96.652634,302.133575,133.237625,-96.634331,309.062134,133.920639,-96.130783,304.345764,136.420654,-195.243973,332.151215,164.777603
4260,35.500000,15:00:17:07.00,-96.650787,302.134613,133.237503,-96.628464,309.055634,133.922119,-96.131203,304.343842,136.419388,-195.548447,332.299438,164.909363
4261,35.508333,15:00:17:07.01,-96.649345,302.135834,133.237762,-96.627167,309.053833,133.921570,-96.132957,304.343567,136.420380,-195.866364,332.423004,165.016800
4262,35.516667,15:00:17:07.02,-96.644356,302.137115,133.237747,-96.628395,309.055267,133.922653,-96.131256,304.343689,136.419006,-196.208771,332.481750,165.136459
4263,35.525000,15:00:17:07.03,-96.647430,302.138275,133.236969,-96.629356,309.056030,133.923706,-96.130867,304.344269,136.418610,-196.508682,332.465302,165.170914
4264,35.533333,15:00:17:08.00,-96.644913,302.139008,133.236923,-96.630417,309.056976,133.923477,-96.129951,304.344818,136.419418,-196.830200,332.427795,165.199860
4265,35.541667,15:00:17:08.01,-96.643097,302.137482,133.236877,-96.631638,309.055145,133.922302,-96.129852,304.344604,136.418182,-197.092834,332.351654,165.226044
4266,35.550000,15:00:17:08.02,-96.643051,302.137817,133.237854,-96.630447,309.054260,133.923508,-96.129784,304.344910,136.417221,-197.374237,332.234100,165.237946
4267,35.558333,15:00:17:08.03,-96.643082,302.138031,133.236588,-96.631050,309.053772,133.921753,-96.130524,304.344269,136.417145,-197.614426,332.064880,165.197220
4268,35.566667,15:00:17:09.00,-96.647217,302.138367,133.236649,-96.630432,309.054016,133.921768,-96.130028,304.346497,136.419159,-197.849503,331.777191,165.161362
4269,35.575000,15:00:17:09.01,-96.647423,302.136902,133.237061,-96.640373,309.062500,133.921234,-96.131905,304.342712,136.418076,-198.041748,331.520172,165.107895
4270,35.583333,15:00:17:09.02,-96.646210,302.137909,133.235519,-96.633156,309.055328,133.922806,-96.131340,304.342743,136.417648,-198.218933,331.234650,165.054245
4271,35.591667,15:00:17:09.03,-96.646729,302.137848,133.237488,-96.630623,309.053101,133.920868,-96.129295,304.343323,136.417297,-198.370239,330.823059,164.966019
4272,35.600000,15:00:17:10.00,-96.645287,302.136353,133.237717,-96.632011,309.055115,133.923752,-96.129951,304.343109,136.416962,-198.483551,330.426544,164.837296
4273,35.608333,15:00:17:10.01,-96.647888,302.135468,133.237915,-96.632401,309.053986,133.922302,-96.129807,304.344330,136.417969,-198.599625,329.983459,164.713882
4274,35.616667,15:00:17:10.02,-96.648308,302.136292,133.235794,-96.632568,309.053558,133.922165,-96.130333,304.344940,136.417740,-198.700470,329.510132,164.610886
4275,35.625000,15:00:17:10.03,-96.647926,302.136169,133.236313,-96.640381,309.062134,133.919922,-96.116257,304.343719,136.420166,-198.799118,328.997711,164.515656
4276,35.633333,15:00:17:11.00,-96.646118,302.134979,133.237000,-96.631882,309.054565,133.922150,-96.128853,304.345917,136.416519,-198.843903,328.465546,164.409760
4277,35.641667,15:00:17:11.01,-96.646240,302.135986,133.235535,-96.639023,309.061554,133.919922,-96.129761,304.344849,136.417633,-198.927063,327.913818,164.318802
4278,35.650000,15:00:17:11.02,-96.646812,302.136749,133.237213,-96.624550,309.080658,133.948654,-96.130386,304.344177,136.416977,-198.987488,327.404602,164.222183
4279,35.658333,15:00:17:11.03,-96.645348,302.137024,133.237915,-96.643105,309.057068,133.910828,-96.127754,304.372711,136.430206,-199.057175,326.855743,164.141785
4280,35.666667,15:00:17:12.00,-96.642265,302.138275,133.238708,-96.647240,309.025757,133.897858,-96.129814,304.347565,136.417297,-199.109482,326.273071,164.056259
4281,35.675000,15:00:17:12.01,-96.642761,302.137177,133.235657,-96.648773,309.031006,133.899078,-96.134743,304.348724,136.410904,-199.185059,325.734863,163.988113
4282,35.683333,15:00:17:12.02,-96.645287,302.135925,133.238251,-96.646194,309.031769,133.898575,-96.134094,304.353180,136.414200,-199.254028,325.142761,163.906540
4283,35.691667,15:00:17:12.03,-96.642609,302.139771,133.238098,-96.647026,309.031952,133.900406,-96.131424,304.355988,136.416214,-199.255722,324.582611,163.826447
4284,35.700000,15:00:17:13.00,-96.642014,302.138672,133.237534,-96.646461,309.031372,133.899277,-96.132751,304.355347,136.415466,-199.270737,324.047363,163.733887
4285,35.708333,15:00:17:13.01,-96.617958,302.158844,133.264587,-96.647087,309.031860,133.901031,-96.133583,304.356232,136.416168,-199.283096,323.468170,163.625839
4286,35.716667,15:00:17:13.02,-96.608902,302.156403,133.258560,-96.647255,309.031403,133.901077,-96.133377,304.356537,136.416656,-199.253540,322.922974,163.524994
4287,35.725000,15:00:17:13.03,-96.634254,302.143860,133.237686,-96.656082,309.037292,133.898651,-96.133842,304.354980,136.417099,-199.244156,322.400574,163.454788
4288,35.733333,15:00:17:14.00,-96.640503,302.153839,133.240875,-96.648010,309.030762,133.900131,-96.132561,304.356018,136.416473,-199.185760,321.830719,163.364944
4289,35.741667,15:00:17:14.01,-96.636612,302.155884,133.242340,-96.647118,309.031311,133.900497,-96.132187,304.355560,136.416275,-199.098389,321.316345,163.247604
4290,35.750000,15:00:17:14.02,-96.638550,302.156067,133.242554,-96.647430,309.030457,133.900909,-96.131943,304.355103,136.416672,-199.015503,320.836121,163.121979
4291,35.758333,15:00:17:14.03,-96.641121,302.154816,133.242767,-96.657516,309.036530,133.899231,-96.132591,304.355560,136.417160,-198.951035,320.335022,163.003799
4292,35.766667,15:00:17:15.00,-96.637718,302.156006,133.242874,-96.649689,309.029877,133.900864,-96.132256,304.356262,136.417847,-198.847046,319.875397,162.826096
4293,35.775000,15:00:17:15.01,-96.638710,302.156189,133.243530,-96.646049,309.031067,133.901413,-96.133461,304.355225,136.418045,-198.765274,319.439240,162.665482
4294,35.783333,15:00:17:15.02,-96.639961,302.156677,133.244339,-96.644890,309.032928,133.903061,-96.131721,304.353149,136.416794,-198.682404,319.056702,162.490463
4295,35.791667,15:00:17:15.03,-96.641693,302.156616,133.243439,-96.645218,309.032318,133.901978,-96.134911,304.353607,136.417038,-198.596786,318.671570,162.325073
4296,35.800000,15:00:17:16.00,-96.642319,302.155975,133.244690,-96.644913,309.032837,133.901489,-96.133553,304.354401,136.417206,-198.508896,318.296722,162.192780
4297,35.808333,15:00:17:16.01,-96.640556,302.154663,133.242905,-96.644440,309.031036,133.902008,-96.135452,304.355713,136.418442,-198.375610,317.957642,162.029587
4298,35.816667,15:00:17:16.02,-96.639458,302.154846,133.246094,-96.644318,309.032501,133.903229,-96.133675,304.355011,136.417786,-198.231232,317.645782,161.895966
4299,35.825000,15:00:17:16.03,-96.640747,302.155396,133.244980,-96.645538,309.031494,133.902054,-96.134209,304.354675,136.418747,-198.073761,317.369324,161.737488
4300,35.833333,15:00:17:17.00,-96.642784,302.154724,133.246216,-96.655121,309.038147,133.901535,-96.134186,304.354584,136.417084,-197.926682,317.058044,161.612122
4301,35.841667,15:00:17:17.01,-96.643089,302.154755,133.246109,-96.645218,309.032257,133.902161,-96.135803,304.354248,136.417633,-197.753815,316.789398,161.466110
4302,35.850000,15:00:17:17.02,-96.643135,302.154541,133.246582,-96.643044,309.031281,133.901428,-96.120331,304.353516,136.416809,-197.590775,316.541687,161.324127
4303,35.858333,15:00:17:17.03,-96.641663,302.154968,133.246353,-96.643600,309.031616,133.903091,-96.134941,304.354401,136.419037,-197.397232,316.328369,161.219299
4304,35.866667,15:00:17:18.00,-96.643562,302.154633,133.246323,-96.642838,309.031342,133.902130,-96.135094,304.353821,136.417969,-197.185822,316.078735,161.084427
4305,35.875000,15:00:17:18.01,-96.643631,302.154266,133.247177,-96.652657,309.037231,133.900757,-96.135231,304.354034,136.418915,-196.933502,315.894379,160.983200
4306,35.883333,15:00:17:18.02,-96.644264,302.155090,133.245804,-96.646248,309.032135,133.902924,-96.135155,304.354614,136.417068,-196.677551,315.708740,160.898392
4307,35.891667,15:00:17:18.03,-96.643539,302.154022,133.245544,-96.643456,309.031616,133.903671,-96.135605,304.355194,136.418564,-196.416870,315.496307,160.767715
4308,35.900000,15:00:17:19.00,-96.642204,302.153717,133.246201,-96.644424,309.032593,133.903809,-96.137123,304.354706,136.418808,-196.115372,315.339996,160.668488
4309,35.908333,15:00:17:19.01,-96.645317,302.155243,133.246628,-96.644547,309.032196,133.902924,-96.135521,304.354034,136.418610,-195.816071,315.169189,160.549438
4310,35.916667,15:00:17:19.02,-96.642250,302.154053,133.244934,-96.644272,309.031830,133.902481,-96.134926,304.354950,136.419083,-195.487534,315.045776,160.450455
4311,35.925000,15:00:17:19.03,-96.640610,302.154388,133.245499,-96.644386,309.031311,133.903168,-96.135506,304.354309,136.419601,-195.156708,314.883698,160.318542
4312,35.933333,15:00:17:20.00,-96.641823,302.154236,133.246613,-96.645584,309.032837,133.903244,-96.136406,304.354248,136.418793,-194.795471,314.760956,160.218140
4313,35.941667,15:00:17:20.01,-96.639580,302.153625,133.245575,-96.645203,309.032379,133.902832,-96.134750,304.354736,136.419327,-194.435608,314.633301,160.106613
4314,35.950000,15:00:17:20.02,-96.641441,302.155273,133.246765,-96.645180,309.032410,133.903198,-96.135941,304.354614,136.419281,-194.063309,314.476196,159.952393
4315,35.958333,15:00:17:20.03,-96.642860,302.154694,133.245392,-96.643745,309.031769,133.902786,-96.134125,304.354797,136.419022,-193.656189,314.364258,159.818665
4316,35.966667,15:00:17:21.00,-96.645416,302.155426,133.245834,-96.643959,309.033112,133.904190,-96.134712,304.353912,136.419785,-193.249802,314.188446,159.672134
4317,35.975000,15:00:17:21.01,-96.643364,302.154114,133.247147,-96.644211,309.031494,133.902084,-96.136024,304.355286,136.418488,-192.867188,314.066986,159.472183
4318,35.983333,15:00:17:21.02,-96.645714,302.154541,133.245422,-96.644127,309.031616,133.903091,-96.135155,304.354675,136.419388,-192.446838,313.923676,159.295624
4319,35.991667,15:00:17:21.03,-96.641441,302.154907,133.245056,-96.644035,309.031342,133.903091,-96.136246,304.356171,136.418945,-192.057220,313.799133,159.109283
4320,36.000000,15:00:17:22.00,-96.643295,302.154694,133.246582,-96.644974,309.031219,133.902847,-96.136230,304.354797,136.417877,-191.655731,313.704529,158.884323
4321,36.008333,15:00:17:22.01,-96.641037,302.155792,133.246262,-96.645340,309.032379,133.903381,-96.135155,304.354584,136.418640,-191.292786,313.612518,158.655167
4322,36.016667,15:00:17:22.02,-96.641426,302.154572,133.245010,-96.645317,309.031525,133.903320,-96.135872,304.354553,136.418701,-190.967590,313.519928,158.445496
4323,36.025000,15:00:17:22.03,-96.641312,302.155518,133.244675,-96.646194,309.032288,133.902557,-96.134941,304.354614,136.419205,-190.600677,313.474060,158.235550
4324,36.033333,15:00:17:23.00,-96.642990,302.155579,133.244598,-96.646217,309.032837,133.902939,-96.132210,304.354645,136.418427,-190.252060,313.389618,158.016617
4325,36.041667,15:00:17:23.01,-96.638596,302.155579,133.244507,-96.645607,309.031708,133.903198,-96.135101,304.356384,136.419205,-189.927856,313.315582,157.829391
4326,36.050000,15:00:17:23.02,-96.638954,302.156769,133.245163,-96.644707,309.032379,133.903580,-96.133575,304.354919,136.417313,-189.543976,313.267700,157.663803
4327,36.058333,15:00:17:23.03,-96.637054,302.155884,133.244049,-96.646591,309.031403,133.902740,-96.135437,304.354828,136.418320,-189.211929,313.169495,157.482025
4328,36.066667,15:00:17:24.00,-96.638771,302.156219,133.244141,-96.646652,309.033325,133.903580,-96.133949,304.355164,136.418243,-188.887711,313.121765,157.303909
4329,36.075000,15:00:17:24.01,-96.638596,302.155670,133.244019,-96.645607,309.032532,133.902542,-96.134605,304.354797,136.418243,-188.556961,313.095398,157.139221
4330,36.083333,15:00:17:24.02,-96.636513,302.156860,133.241577,-96.646294,309.032227,133.901932,-96.134323,304.356018,136.419022,-188.259537,313.037048,156.977814
4331,36.091667,15:00:17:24.03,-96.639786,302.156982,133.243530,-96.655716,309.038086,133.900513,-96.132767,304.355164,136.417694,-187.957245,313.020050,156.853027
4332,36.100000,15:00:17:25.00,-96.638443,302.156342,133.241425,-96.658745,309.037415,133.899658,-96.131966,304.355743,136.416962,-187.651810,313.026215,156.744034
4333,36.108333,15:00:17:25.01,-96.635475,302.155762,133.242218,-96.648499,309.030365,133.899887,-96.131958,304.356995,136.417847,-187.351608,313.065552,156.676682
4334,36.116667,15:00:17:25.02,-96.636368,302.156799,133.243042,-96.646057,309.031403,133.900467,-96.133705,304.356842,136.417953,-187.066391,313.088043,156.597214
4335,36.125000,15:00:17:25.03,-96.635307,302.156006,133.242599,-96.647423,309.031250,133.901672,-96.132401,304.355225,136.417145,-186.838425,313.121277,156.541138
4336,36.133333,15:00:17:26.00,-96.635979,302.157379,133.243301,-96.647278,309.031525,133.901245,-96.133186,304.355988,136.418076,-186.594513,313.217194,156.462036
4337,36.141667,15:00:17:26.01,-96.636108,302.159027,133.242538,-96.656998,309.036682,133.898468,-96.132149,304.356293,136.417526,-186.347061,313.327820,156.377777
4338,36.150000,15:00:17:26.02,-96.635086,302.157532,133.241821,-96.649109,309.031281,133.899612,-96.130920,304.356964,136.417038,-186.134262,313.486694,156.348373
4339,36.158333,15:00:17:26.03,-96.635880,302.156708,133.241959,-96.645424,309.032623,133.900620,-96.133026,304.355835,136.418411,-185.923752,313.613953,156.266708
4340,36.166667,15:00:17:27.00,-96.638504,302.156738,133.243011,-96.646294,309.031403,133.900070,-96.133484,304.356110,136.417358,-185.734634,313.802460,156.246155
4341,36.175000,15:00:17:27.01,-96.640228,302.155426,133.241196,-96.657669,309.037048,133.900009,-96.132523,304.355133,136.417465,-185.561890,313.987854,156.233734
4342,36.183333,15:00:17:27.02,-96.638084,302.154449,133.239670,-96.648842,309.029968,133.900452,-96.131805,304.356720,136.418488,-185.391510,314.139557,156.219620
4343,36.191667,15:00:17:27.03,-96.640808,302.154449,133.237686,-96.645592,309.030396,133.899719,-96.132019,304.355896,136.417908,-185.230942,314.381561,156.211044
4344,36.200000,15:00:17:28.00,-96.641724,302.155792,133.236511,-96.646500,309.031952,133.899811,-96.130241,304.355804,136.416229,-185.061722,314.582886,156.189636
4345,36.208333,15:00:17:28.01,-96.641998,302.152618,133.237915,-96.656586,309.036804,133.899017,-96.131302,304.354584,136.416153,-184.945389,314.781647,156.181442
4346,36.216667,15:00:17:28.02,-96.639862,302.149750,133.236267,-96.648544,309.029816,133.901077,-96.131760,304.355225,136.416809,-184.794891,315.021698,156.164139
4347,36.225000,15:00:17:28.03,-96.634995,302.148743,133.239441,-96.646515,309.030518,133.899643,-96.132210,304.355255,136.417450,-184.641037,315.213501,156.171127
4348,36.233333,15:00:17:29.00,-96.628799,302.152832,133.248169,-96.654678,309.036530,133.898666,-96.131729,304.354858,136.416519,-184.529999,315.415558,156.180161
4349,36.241667,15:00:17:29.01,-96.610306,302.169861,133.264603,-96.659111,309.037048,133.899658,-96.131172,304.355988,136.416092,-184.403458,315.599426,156.193436
4350,36.250000,15:00:17:29.02,-96.587440,302.200378,133.279358,-96.647873,309.029541,133.899750,-96.133034,304.355377,136.415390,-184.265060,315.792328,156.207230
4351,36.258333,15:00:17:29.03,-96.569351,302.220337,133.279343,-96.645531,309.031189,133.900467,-96.133430,304.352478,136.412430,-184.181076,315.972656,156.232407
4352,36.266667,15:00:18:00.00,-96.582436,302.177368,133.255035,-96.645348,309.032013,133.900894,-96.136398,304.350616,136.407669,-184.039948,316.118469,156.271164
4353,36.275000,15:00:18:00.01,-96.634033,302.141724,133.239609,-96.646423,309.031891,133.900665,-96.135757,304.351288,136.407227,-183.927750,316.281372,156.288712
4354,36.283333,15:00:18:00.02,-96.645622,302.135529,133.237137,-96.647270,309.030273,133.900314,-96.136169,304.351959,136.408264,-183.860413,316.453186,156.339447
4355,36.291667,15:00:18:00.03,-96.643677,302.136017,133.236176,-96.656395,309.036163,133.898453,-96.134911,304.353516,136.409241,-183.734756,316.553772,156.383316
4356,36.300000,15:00:18:01.00,-96.637665,302.137878,133.237411,-96.650192,309.031982,133.899948,-96.134499,304.355560,136.412338,-183.626404,316.664032,156.423767
4357,36.308333,15:00:18:01.01,-96.641541,302.140106,133.237930,-96.646233,309.030670,133.899582,-96.134575,304.355713,136.413986,-183.538940,316.776398,156.472473
4358,36.316667,15:00:18:01.02,-96.638832,302.139130,133.237442,-96.646690,309.029816,133.900528,-96.119514,304.354370,136.415131,-183.449417,316.822998,156.527344
4359,36.325000,15:00:18:01.03,-96.642555,302.138458,133.238281,-96.647850,309.031372,133.900574,-96.132698,304.356537,136.414917,-183.354752,316.869171,156.573166
4360,36.333333,15:00:18:02.00,-96.643898,302.136383,133.238327,-96.647820,309.030121,133.899536,-96.132729,304.355560,136.416046,-183.232208,316.950531,156.601746
4361,36.341667,15:00:18:02.01,-96.643768,302.137146,133.236832,-96.657471,309.035919,133.896988,-96.132652,304.355774,136.416153,-183.139618,317.018921,156.616821
4362,36.350000,15:00:18:02.02,-96.642868,302.137146,133.237595,-96.650085,309.029114,133.897720,-96.131912,304.354401,136.416245,-183.089859,317.076599,156.595032
4363,36.358333,15:00:18:02.03,-96.645218,302.136444,133.238632,-96.648254,309.030121,133.897934,-96.130768,304.355072,136.416824,-183.032211,317.121674,156.568741
4364,36.366667,15:00:18:03.00,-96.641212,302.135468,133.238083,-96.647820,309.029724,133.896790,-96.131554,304.356201,136.416916,-182.959717,317.170776,156.574951
4365,36.375000,15:00:18:03.01,-96.641930,302.137085,133.236496,-96.657684,309.034363,133.895554,-96.132072,304.356171,136.415894,-182.898651,317.208191,156.611984
4366,36.383333,15:00:18:03.02,-96.644142,302.136810,133.238297,-96.650650,309.029541,133.897507,-96.133492,304.356506,136.416763,-182.865005,317.231415,156.657654
4367,36.391667,15:00:18:03.03,-96.644127,302.137146,133.236252,-96.657150,309.035278,133.894577,-96.131424,304.356781,136.415848,-182.842484,317.254913,156.698914
4368,36.400000,15:00:18:04.00,-96.641724,302.136841,133.238464,-96.659492,309.034973,133.894531,-96.132805,304.357330,136.415466,-182.819153,317.293182,156.721588
4369,36.408333,15:00:18:04.01,-96.642944,302.137695,133.238449,-96.649780,309.030243,133.897003,-96.133736,304.357513,136.414413,-182.802094,317.348694,156.719208
4370,36.416667,15:00:18:04.02,-96.644302,302.136566,133.238693,-96.656044,309.036713,133.894760,-96.133659,304.356628,136.413773,-182.798660,317.432953,156.701904
4371,36.425000,15:00:18:04.03,-96.644234,302.136932,133.236542,-96.661720,309.036041,133.895340,-96.133461,304.356537,136.413055,-182.811340,317.524658,156.686478
4372,36.433333,15:00:18:05.00,-96.644386,302.138153,133.237640,-96.652451,309.029694,133.896164,-96.135124,304.357330,136.413727,-182.816727,317.587769,156.671234
4373,36.441667,15:00:18:05.01,-96.645699,302.136566,133.237854,-96.657318,309.036102,133.896378,-96.133858,304.355530,136.412460,-182.820862,317.637817,156.650040
4374,36.450000,15:00:18:05.02,-96.647392,302.135681,133.237122,-96.660362,309.036102,133.895233,-96.133194,304.356598,136.413544,-182.828629,317.691071,156.632553
4375,36.458333,15:00:18:05.03,-96.647224,302.134705,133.237518,-96.651543,309.030701,133.895905,-96.133629,304.357300,136.413162,-182.848709,317.747467,156.616425
4376,36.466667,15:00:18:06.00,-96.647850,302.136078,133.237152,-96.649399,309.030243,133.896042,-96.134033,304.356262,136.413818,-182.865540,317.811249,156.610748
4377,36.475000,15:00:18:06.01,-96.647018,302.136841,133.237259,-96.649017,309.029785,133.896210,-96.133438,304.354858,136.412018,-182.886932,317.875092,156.595032
4378,36.483333,15:00:18:06.02,-96.646210,302.136932,133.236832,-96.651199,309.029938,133.897202,-96.134727,304.355713,136.412338,-182.908722,317.942963,156.575623
4379,36.491667,15:00:18:06.03,-96.646324,302.136017,133.237320,-96.658966,309.035553,133.894775,-96.135422,304.354187,136.410950,-182.937531,318.002625,156.556885
4380,36.500000,15:00:18:07.00,-96.647003,302.137360,133.237747,-96.652237,309.030701,133.896698,-96.134430,304.356903,136.411224,-182.990723,318.066467,156.524261
4381,36.508333,15:00:18:07.01,-96.648254,302.137390,133.236755,-96.649117,309.030609,133.897385,-96.134499,304.357391,136.411362,-183.045441,318.132690,156.501129
4382,36.516667,15:00:18:07.02,-96.648300,302.135315,133.238190,-96.648193,309.031616,133.896866,-96.135239,304.358276,136.410706,-183.095901,318.187408,156.488876
4383,36.525000,15:00:18:07.03,-96.644577,302.136597,133.236954,-96.650131,309.030487,133.895386,-96.135460,304.357391,136.410583,-183.143936,318.219147,156.495483
4384,36.533333,15:00:18:08.00,-96.645966,302.135895,133.237274,-96.649971,309.029785,133.896454,-96.135590,304.358704,136.411835,-183.205643,318.243683,156.511749
4385,36.541667,15:00:18:08.01,-96.642700,302.137024,133.237350,-96.658905,309.037018,133.895523,-96.136330,304.358490,136.412231,-183.267105,318.257751,156.533463
4386,36.550000,15:00:18:08.02,-96.645889,302.136688,133.237106,-96.651833,309.031952,133.895721,-96.136284,304.359375,136.411865,-183.317032,318.262878,156.559326
4387,36.558333,15:00:18:08.03,-96.647743,302.135864,133.237091,-96.648636,309.031708,133.895798,-96.135620,304.359650,136.412216,-183.367218,318.266571,156.601685
4388,36.566667,15:00:18:09.00,-96.644661,302.135437,133.237427,-96.647934,309.031097,133.897812,-96.134979,304.359863,136.411194,-183.415558,318.266052,156.649963
4389,36.575000,15:00:18:09.01,-96.644226,302.136078,133.236343,-96.657486,309.036011,133.896286,-96.134583,304.359070,136.412354,-183.462967,318.266663,156.690735
4390,36.583333,15:00:18:09.02,-96.644958,302.137329,133.237183,-96.662224,309.036865,133.896393,-96.134239,304.357056,136.412354,-183.497665,318.265778,156.719818
4391,36.591667,15:00:18:09.03,-96.646240,302.136353,133.237122,-96.651649,309.029785,133.895813,-96.133125,304.357788,136.412811,-183.544235,318.256195,156.748306
4392,36.600000,15:00:18:10.00,-96.646675,302.136902,133.237152,-96.649673,309.031158,133.897903,-96.135643,304.356659,136.413086,-183.597443,318.243530,156.777176
4393,36.608333,15:00:18:10.01,-96.646049,302.136383,133.236450,-96.647934,309.031250,133.897476,-96.135757,304.355774,136.414474,-183.652817,318.223938,156.808960
4394,36.616667,15:00:18:10.02,-96.646210,302.135498,133.237045,-96.658157,309.037720,133.896057,-96.134521,304.355072,136.413666,-183.693314,318.201324,156.839340
4395,36.625000,15:00:18:10.03,-96.644417,302.137329,133.238327,-96.650139,309.029083,133.897781,-96.134377,304.355865,136.413055,-183.747375,318.178223,156.853912
4396,36.633333,15:00:18:11.00,-96.645042,302.135406,133.238129,-96.647865,309.030121,133.898132,-96.134338,304.355286,136.413345,-183.819656,318.161499,156.874878
4397,36.641667,15:00:18:11.01,-96.644958,302.136292,133.237595,-96.648697,309.030487,133.897537,-96.132812,304.354584,136.411163,-183.875717,318.144379,156.897522
4398,36.650000,15:00:18:11.02,-96.642227,302.137482,133.238266,-96.648232,309.030365,133.898346,-96.134064,304.355225,136.413666,-183.917053,318.119751,156.918839
4399,36.658333,15:00:18:11.03,-96.641388,302.137360,133.237808,-96.647591,309.030457,133.898697,-96.134033,304.354919,136.413498,-183.979218,318.108032,156.916672
4400,36.666667,15:00:18:12.00,-96.641914,302.138580,133.237427,-96.648911,309.031128,133.898895,-96.133087,304.355804,136.411591,-184.065720,318.109589,156.899292
4401,36.675000,15:00:18:12.01,-96.644104,302.135864,133.236603,-96.657120,309.037323,133.898010,-96.133026,304.355347,136.412079,-184.122147,318.112091,156.887543
4402,36.683333,15:00:18:12.02,-96.641716,302.138153,133.237427,-96.649414,309.030365,133.897858,-96.132736,304.353668,136.412460,-184.166840,318.116608,156.864258
4403,36.691667,15:00:18:12.03,-96.640480,302.137695,133.238724,-96.655769,309.035339,133.896790,-96.132835,304.354309,136.412659,-184.222565,318.115295,156.827911
4404,36.700000,15:00:18:13.00,-96.642899,302.138641,133.238632,-96.650085,309.029999,133.899719,-96.132156,304.355164,136.411392,-184.283844,318.109741,156.797516
4405,36.708333,15:00:18:13.01,-96.644745,302.138794,133.236206,-96.647491,309.031067,133.899475,-96.135353,304.355011,136.411316,-184.334152,318.098389,156.783066
4406,36.716667,15:00:18:13.02,-96.644005,302.137421,133.237350,-96.647743,309.030548,133.900101,-96.135155,304.354797,136.412018,-184.371170,318.074860,156.787918
4407,36.725000,15:00:18:13.03,-96.643211,302.136841,133.237305,-96.658089,309.036499,133.897797,-96.135277,304.354370,136.410950,-184.412308,318.046265,156.797760
4408,36.733333,15:00:18:14.00,-96.640518,302.136566,133.236694,-96.649727,309.031036,133.899475,-96.134384,304.355133,136.411499,-184.470261,318.031433,156.807327
4409,36.741667,15:00:18:14.01,-96.640053,302.138794,133.238632,-96.655739,309.036255,133.897690,-96.134506,304.352478,136.410019,-184.542923,318.021790,156.820862
4410,36.750000,15:00:18:14.02,-96.640930,302.137451,133.236832,-96.648315,309.028870,133.898682,-96.136162,304.354248,136.408707,-184.597961,318.013702,156.832611
4411,36.758333,15:00:18:14.03,-96.640900,302.137482,133.237732,-96.656128,309.036102,133.898331,-96.135345,304.353302,136.410065,-184.652176,318.018829,156.822174
4412,36.766667,15:00:18:15.00,-96.640686,302.137024,133.236710,-96.650002,309.031860,133.899765,-96.137985,304.350220,136.407394,-184.699600,318.023376,156.813049
4413,36.775000,15:00:18:15.01,-96.641151,302.137695,133.236115,-96.656418,309.036774,133.896866,-96.138161,304.351074,136.408600,-184.741104,318.027344,156.805069
4414,36.783333,15:00:18:15.02,-96.641830,302.136536,133.236328,-96.651146,309.031952,133.899765,-96.136848,304.350342,136.407761,,,
4415,36.791667,15:00:18:15.03,-96.641670,302.139435,133.237045,-96.648224,309.030457,133.898865,-96.138222,304.350708,136.407425,,,
4416,36.800000,15:00:18:16.00,-96.641975,302.138306,133.237152,-96.647629,309.030823,133.899612,-96.135971,304.350250,136.407928,,,
4417,36.808333,15:00:18:16.01,-96.640526,302.138977,133.236618,-96.648560,309.031647,133.899323,-96.136642,304.350006,136.408066,,,
4418,36.816667,15:00:18:16.02,-96.641884,302.137360,133.236893,-96.648666,309.030853,133.899094,-96.136284,304.351654,136.408707,,,
4419,36.825000,15:00:18:16.03,-96.641418,302.137238,133.238297,-96.655518,309.035309,133.898178,-96.135628,304.350647,136.410477,,,
4420,36.833333,15:00:18:17.00,-96.641434,302.138153,133.237442,-96.657799,309.036743,133.897705,-96.135178,304.351135,136.410614,,,
4421,36.841667,15:00:18:17.01,-96.639969,302.137146,133.236115,-96.649475,309.030121,133.898788,-96.135147,304.351715,136.412323,,,
4422,36.850000,15:00:18:17.02,-96.641800,302.138306,133.237213,-96.655449,309.036041,133.897018,-96.134743,304.352051,136.413483,,,
4423,36.858333,15:00:18:17.03,-96.641701,302.139008,133.236679,-96.648438,309.031036,133.898499,-96.134384,304.353302,136.414383,,,
4424,36.866667,15:00:18:18.00,-96.640984,302.139221,133.237076,-96.655998,309.034882,133.896851,-96.132416,304.354126,136.414688,,,
4425,36.875000,15:00:18:18.01,-96.629868,302.156738,133.252823,-96.649605,309.029846,133.899002,-96.132385,304.354706,136.415527,,,
4426,36.883333,15:00:18:18.02,-96.611366,302.171478,133.263626,-96.647522,309.031067,133.899704,-96.132454,304.355957,136.416290,,,
4427,36.891667,15:00:18:18.03,-96.589066,302.181732,133.272644,-96.646408,309.030884,133.899658,-96.132973,304.354187,136.415573,,,
4428,36.900000,15:00:18:19.00,-96.571419,302.193542,133.280624,-96.647293,309.030762,133.899353,-96.133270,304.355896,136.416214,,,
4429,36.908333,15:00:18:19.01,-96.557472,302.208099,133.288269,-96.648399,309.030518,133.898788,-96.132729,304.354034,136.416092,,,
4430,36.916667,15:00:18:19.02,-96.553787,302.220642,133.288742,-96.656929,309.035797,133.897598,-96.133194,304.355133,136.415634,,,
4431,36.925000,15:00:18:19.03,-96.555855,302.216919,133.284134,-96.649078,309.030762,133.899261,-96.130577,304.356171,136.416931,,,
4432,36.933333,15:00:18:20.00,-96.566696,302.209015,133.275803,-96.646988,309.030792,133.899750,-96.132591,304.355804,136.416382,,,
4433,36.941667,15:00:18:20.01,-96.581787,302.200256,133.269135,-96.646378,309.030396,133.899384,-96.131157,304.356323,136.415421,,,
4434,36.950000,15:00:18:20.02,-96.600586,302.192810,133.265274,-96.646103,309.031036,133.897812,-96.132034,304.355499,136.415863,,,
4435,36.958333,15:00:18:20.03,-96.611237,302.186920,133.262939,-96.654976,309.035767,133.897171,-96.133453,304.355835,136.415833,,,
4436,36.966667,15:00:18:21.00,-96.616676,302.185760,133.260574,-96.648705,309.030853,133.898468,-96.132607,304.355560,136.416351,,,
4437,36.975000,15:00:18:21.01,-96.616920,302.183197,133.259232,-96.646896,309.029785,133.899033,-96.131477,304.354797,136.415833,,,
4438,36.983333,15:00:18:21.02,-96.617317,302.181519,133.258133,-96.655807,309.036285,133.898285,-96.130325,304.355743,136.415131,,,
4439,36.991667,15:00:18:21.03,-96.617355,302.180695,133.256363,-96.648621,309.030640,133.899780,-96.130905,304.355469,136.416000,,,
4440,37.000000,15:00:18:22.00,-96.618576,302.178162,133.256317,-96.647141,309.030640,133.899307,-96.132423,304.355286,136.415787,,,
4441,37.008333,15:00:18:22.01,-96.620712,302.178192,133.255814,-96.645996,309.030182,133.898575,-96.132721,304.356201,136.415680,,,
4442,37.016667,15:00:18:22.02,-96.621201,302.178894,133.257812,-96.645653,309.030762,133.898941,-96.134048,304.355957,136.415787,,,
4443,37.025000,15:00:18:22.03,-96.619728,302.178680,133.256149,-96.657433,309.036957,133.898651,-96.132439,304.354675,136.415680,,,
4444,37.033333,15:00:18:23.00,-96.619247,302.180542,133.255112,-96.650063,309.030701,133.898788,-96.132401,304.355469,136.415848,,,
4445,37.041667,15:00:18:23.01,-96.620285,302.180847,133.255310,-96.647369,309.032593,133.898849,-96.131416,304.355469,136.415726,,,
4446,37.050000,15:00:18:23.02,-96.622231,302.182098,133.255524,-96.646019,309.031616,133.899918,-96.131500,304.355743,136.415314,,,
4447,37.058333,15:00:18:23.03,-96.622261,302.182922,133.254990,-96.647171,309.031586,133.899460,-96.132011,304.355804,136.415924,,,
4448,37.066667,15:00:18:24.00,-96.623764,302.184662,133.254303,-96.656403,309.037292,133.897995,-96.131607,304.356232,136.415939,,,
4449,37.075000,15:00:18:24.01,-96.625542,302.186859,133.255280,-96.648041,309.030670,133.899521,-96.130417,304.355133,136.415787,,,
4450,37.083333,15:00:18:24.02,-96.624725,302.189850,133.257187,-96.646751,309.031952,133.898499,-96.131958,304.355286,136.415161,,,
4451,37.091667,15:00:18:24.03,-96.621590,302.193359,133.259659,-96.646904,309.032379,133.899750,-96.132072,304.355530,136.415787,,,
4452,37.100000,15:00:18:25.00,-96.614349,302.197205,133.260635,-96.654282,309.037140,133.898041,-96.131683,304.355896,136.414627,,,
4453,37.108333,15:00:18:25.01,-96.607880,302.201904,133.264282,-96.657562,309.038025,133.897949,-96.132484,304.355988,136.416611,,,
4454,37.116667,15:00:18:25.02,-96.599487,302.202942,133.269165,-96.648537,309.031067,133.898727,-96.132385,304.356964,136.415329,,,
4455,37.125000,15:00:18:25.03,-96.590469,302.203003,133.270462,-96.646812,309.031738,133.899918,-96.130081,304.355316,136.415024,,,
4456,37.133333,15:00:18:26.00,-96.582764,302.201477,133.273346,-96.646614,309.032928,133.900696,-96.132309,304.356018,136.415894,,,
4457,37.141667,15:00:18:26.01,-96.577385,302.198486,133.272308,-96.645241,309.032104,133.899780,-96.131271,304.356598,136.416275,,,
4458,37.150000,15:00:18:26.02,-96.579292,302.197205,133.271606,-96.644997,309.031616,133.899750,-96.132881,304.356354,136.416458,,,
4459,37.158333,15:00:18:26.03,-96.584053,302.196747,133.270020,-96.653809,309.037506,133.897385,-96.132446,304.355896,136.415451,,,
4460,37.166667,15:00:18:27.00,-96.578423,302.192780,133.276001,-96.646675,309.031311,133.899582,-96.130791,304.356232,136.416702,,,
4461,37.175000,15:00:18:27.01,-96.570282,302.180939,133.279984,-96.646233,309.032043,133.900131,-96.133186,304.355896,136.416794,,,
4462,37.183333,15:00:18:27.02,-96.574623,302.170959,133.277298,-96.646675,309.031921,133.900482,-96.130386,304.356293,136.416306,,,
4463,37.191667,15:00:18:27.03,-96.596069,302.165070,133.265610,-96.646431,309.031189,133.899994,-96.132515,304.355591,136.417023,,,
4464,37.200000,15:00:18:28.00,-96.617882,302.160797,133.254242,-96.646332,309.032318,133.899933,-96.132347,304.355164,136.416687,,,
4465,37.208333,15:00:18:28.01,-96.628616,302.152954,133.243042,-96.653740,309.036713,133.897476,-96.130463,304.355255,136.416016,,,
4466,37.216667,15:00:18:28.02,-96.638855,302.149261,133.238647,-96.648766,309.030426,133.899323,-96.131424,304.356171,136.417786,,,
4467,37.225000,15:00:18:28.03,-96.635635,302.147949,133.241928,-96.648285,309.031586,133.899612,-96.131912,304.355469,136.417618,,,
4468,37.233333,15:00:18:29.00,-96.625778,302.148438,133.248215,-96.645599,309.029968,133.898026,-96.133217,304.356323,136.417877,,,
4469,37.241667,15:00:18:29.01,-96.623444,302.151337,133.249115,-96.646904,309.031525,133.900726,-96.134048,304.355133,136.417419,,,
4470,37.250000,15:00:18:29.02,-96.630684,302.152924,133.244324,-96.658958,309.037964,133.898804,-96.133438,304.354095,136.416672,,,
4471,37.258333,15:00:18:29.03,-96.635742,302.151550,133.242416,-96.649994,309.030975,133.899994,-96.118568,304.353424,136.415848,,,
4472,37.266667,15:00:19:00.00,-96.629150,302.153137,133.248566,-96.655670,309.036774,133.899673,-96.132195,304.356018,136.416992,,,
4473,37.275000,15:00:19:00.01,-96.632317,302.152283,133.240555,-96.658936,309.037018,133.898682,-96.133675,304.355713,136.416626,,,
4474,37.283333,15:00:19:00.02,-96.645691,302.154327,133.233398,-96.659294,309.037872,133.899231,-96.132172,304.355957,136.416565,,,
4475,37.291667,15:00:19:00.03,-96.651802,302.154572,133.231979,-96.647079,309.030548,133.901672,-96.132866,304.354950,136.416611,,,
4476,37.300000,15:00:19:01.00,-96.647285,302.151794,133.237396,-96.647552,309.032379,133.902069,-96.134323,304.355682,136.417435,,,
4477,37.308333,15:00:19:01.01,-96.640152,302.153839,133.242874,-96.654953,309.037933,133.900421,-96.133469,304.354431,136.416946,,,
4478,37.316667,15:00:19:01.02,-96.637329,302.155762,133.245331,-96.659050,309.038147,133.900909,-96.134476,304.354218,136.417648,,,
4479,37.325000,15:00:19:01.03,-96.637978,302.154602,133.243866,-96.659943,309.037750,133.901031,-96.132294,304.353943,136.416214,,,
4480,37.333333,15:00:19:02.00,-96.638542,302.154602,133.243042,-96.647850,309.030884,133.901016,-96.132301,304.354675,136.417801,,,
4481,37.341667,15:00:19:02.01,-96.639549,302.154236,133.244949,-96.645569,309.030823,133.900681,-96.131584,304.354462,136.416885,,,
4482,37.350000,15:00:19:02.02,-96.640945,302.153839,133.243622,-96.646797,309.031281,133.901382,-96.133369,304.354492,136.416336,,,
4483,37.358333,15:00:19:02.03,-96.640900,302.154968,133.243973,-96.646515,309.030945,133.902130,-96.133499,304.354034,136.415436,,,
4484,37.366667,15:00:19:03.00,-96.640450,302.154785,133.245087,-96.654800,309.037292,133.898987,-96.134117,304.355713,136.417206,,,
4485,37.375000,15:00:19:03.01,-96.641518,302.155579,133.244781,-96.648499,309.031311,133.901199,-96.132980,304.355255,136.416809,,,
4486,37.383333,15:00:19:03.02,-96.641891,302.154480,133.245255,-96.645012,309.031464,133.902405,-96.133400,304.354370,136.416687,,,
4487,37.391667,15:00:19:03.03,-96.642456,302.155365,133.244827,-96.644745,309.030853,133.900940,-96.134712,304.354279,136.417587,,,
4488,37.400000,15:00:19:04.00,-96.641609,302.154694,133.245132,-96.647438,309.031219,133.902145,-96.133911,304.353394,136.416931,,,
4489,37.408333,15:00:19:04.01,-96.640869,302.152924,133.243820,-96.656105,309.038269,133.899994,-96.134438,304.353699,136.418427,,,
4490,37.416667,15:00:19:04.02,-96.641457,302.153442,133.244339,-96.647873,309.030975,133.901947,-96.133736,304.354156,136.417023,,,
4491,37.425000,15:00:19:04.03,-96.641663,302.154663,133.244202,-96.646454,309.031189,133.902924,-96.134552,304.354706,136.416595,,,
4492,37.433333,15:00:19:05.00,-96.641434,302.155243,133.243622,-96.644905,309.030853,133.901123,-96.134140,304.354431,136.416931,,,
4493,37.441667,15:00:19:05.01,-96.641273,302.155457,133.244690,-96.646233,309.031738,133.900986,-96.134064,304.354584,136.417328,,,
4494,37.450000,15:00:19:05.02,-96.638832,302.154388,133.244278,-96.644722,309.031525,133.901840,-96.135399,304.355408,136.417252,,,
4495,37.458333,15:00:19:05.03,-96.640511,302.154633,133.245987,-96.643272,309.031403,133.900864,-96.134483,304.355011,136.416580,,,
4496,37.466667,15:00:19:06.00,-96.641258,302.154694,133.245560,-96.652756,309.037811,133.898987,-96.133934,304.354889,136.417145,,,
4497,37.475000,15:00:19:06.01,-96.641312,302.153564,133.245392,-96.656395,309.037384,133.899277,-96.134949,304.354340,136.418289,,,
4498,37.483333,15:00:19:06.02,-96.642242,302.154388,133.244751,-96.645699,309.031525,133.901474,-96.135101,304.354156,136.417252,,,
4499,37.491667,15:00:19:06.03,-96.641418,302.154053,133.244370,-96.641541,309.031250,133.900711,-96.135399,304.353943,136.418427,,,
4500,37.500000,15:00:19:07.00,-96.643326,302.154755,133.245728,-96.643799,309.031921,133.901443,-96.136330,304.354218,136.417755,,,
4501,37.508333,15:00:19:07.01,-96.643051,302.153839,133.244720,-96.643402,309.031525,133.900787,-96.135460,304.353668,136.416748,,,
4502,37.516667,15:00:19:07.02,-96.643898,302.152618,133.244873,-96.642982,309.032837,133.901031,-96.134872,304.353699,136.417252,,,
4503,37.525000,15:00:19:07.03,-96.643753,302.152740,133.245117,-96.643112,309.032288,133.900482,-96.118080,304.353882,136.416580,,,
4504,37.533333,15:00:19:08.00,-96.644417,302.152802,133.243744,-96.652687,309.037323,133.898819,-96.118347,304.354340,136.416779,,,
4505,37.541667,15:00:19:08.01,-96.642883,302.153442,133.244507,-96.643883,309.031586,133.899857,-96.134987,304.354431,136.418228,,,
4506,37.550000,15:00:19:08.02,-96.643913,302.154694,133.245300,-96.642090,309.030975,133.900955,-96.136520,304.354553,136.418564,,,
4507,37.558333,15:00:19:08.03,-96.644897,302.154236,133.244690,-96.642090,309.031097,133.899811,-96.134621,304.354431,136.417542,,,
4508,37.566667,15:00:19:09.00,-96.642998,302.153290,133.245117,-96.642067,309.031677,133.901398,-96.136505,304.354370,136.417923,,,
4509,37.575000,15:00:19:09.01,-96.642365,302.153656,133.244156,-96.642464,309.031982,133.900726,-96.117691,304.352814,136.416962,,,
4510,37.583333,15:00:19:09.02,-96.643272,302.153259,133.244629,-96.642937,309.030762,133.900482,-96.133980,304.355530,136.417465,,,
4511,37.591667,15:00:19:09.03,-96.644135,302.153168,133.244690,-96.641335,309.031921,133.900635,-96.137222,304.353912,136.419083,,,
4512,37.600000,15:00:19:10.00,-96.644821,302.153839,133.245651,-96.642105,309.033112,133.901031,-96.135849,304.352722,136.417206,,,
4513,37.608333,15:00:19:10.01,-96.644798,302.154083,133.245987,-96.642342,309.031860,133.903091,-96.135483,304.354370,136.417343,,,
4514,37.616667,15:00:19:10.02,-96.644203,302.153198,133.245102,-96.640579,309.031799,133.901718,-96.136139,304.354797,136.419022,,,
4515,37.625000,15:00:19:10.03,-96.644310,302.153198,133.245041,-96.642426,309.031189,133.902023,-96.136513,304.354095,136.417526,,,
4516,37.633333,15:00:19:11.00,-96.642715,302.153290,133.245270,-96.642212,309.031677,133.901993,-96.134659,304.354370,136.418076,,,
4517,37.641667,15:00:19:11.01,-96.641762,302.153168,133.244461,-96.641449,309.032562,133.901672,-96.118431,304.353699,136.416336,,,
4518,37.650000,15:00:19:11.02,-96.643738,302.153961,133.245789,-96.640816,309.032043,133.902206,-96.133644,304.353882,136.417816,,,
4519,37.658333,15:00:19:11.03,-96.644585,302.153809,133.244385,-96.639709,309.031647,133.900513,-96.136627,304.353699,136.418732,,,
4520,37.666667,15:00:19:12.00,-96.642715,302.153412,133.245316,-96.641060,309.032227,133.901474,-96.134575,304.354065,136.417328,,,
4521,37.675000,15:00:19:12.01,-96.641388,302.154236,133.245560,-96.641121,309.032715,133.902008,-96.136032,304.354187,136.418076,,,
4522,37.683333,15:00:19:12.02,-96.643486,302.153931,133.245850,-96.640816,309.032776,133.901718,-96.136574,304.354675,136.418045,,,
4523,37.691667,15:00:19:12.03,-96.644951,302.154541,133.245361,-96.640381,309.031921,133.900558,-96.119217,304.354553,136.417343,,,
4524,37.700000,15:00:19:13.00,-96.646133,302.153564,133.245590,-96.642288,309.032104,133.901184,-96.133629,304.355774,136.418076,,,
4525,37.708333,15:00:19:13.01,-96.646935,302.154114,133.245682,-96.641983,309.031189,133.900604,-96.136459,304.353210,136.418991,,,
4526,37.716667,15:00:19:13.02,-96.644905,302.153168,133.245987,-96.642563,309.031403,133.900406,-96.135422,304.353577,136.418365,,,
4527,37.725000,15:00:19:13.03,-96.644417,302.153137,133.245056,-96.642586,309.032227,133.900925,-96.136284,304.354584,136.418564,,,
4528,37.733333,15:00:19:14.00,-96.646858,302.153809,133.245972,-96.640572,309.031311,133.900055,-96.136299,304.355560,136.418884,,,
4529,37.741667,15:00:19:14.01,-96.643166,302.153778,133.245880,-96.641068,309.031921,133.901398,-96.136574,304.353821,136.418228,,,
4530,37.750000,15:00:19:14.02,-96.644447,302.152863,133.245804,-96.639992,309.031952,133.900421,-96.136406,304.353149,136.418610,,,
4531,37.758333,15:00:19:14.03,-96.644882,302.153076,133.245117,-96.640335,309.032104,133.900269,-96.135674,304.352722,136.418106,,,
4532,37.766667,15:00:19:15.00,-96.644600,302.153259,133.245087,-96.642616,309.030823,133.901657,-96.135300,304.352722,136.417313,,,
4533,37.775000,15:00:19:15.01,-96.643311,302.152649,133.244308,-96.642067,309.031830,133.901260,-96.135292,304.353973,136.418503,,,
4534,37.783333,15:00:19:15.02,-96.644920,302.152740,133.245438,-96.642014,309.030060,133.901566,-96.136017,304.354340,136.419052,,,
4535,37.791667,15:00:19:15.03,-96.644585,302.153168,133.244522,-96.641777,309.031830,133.901520,-96.135376,304.353058,136.417526,,,
4536,37.800000,15:00:19:16.00,-96.644501,302.154175,133.245178,-96.640686,309.031647,133.901581,-96.135643,304.354218,136.418198,,,
4537,37.808333,15:00:19:16.01,-96.644745,302.153046,133.245773,-96.640419,309.031281,133.901413,-96.135178,304.352692,136.418076,,,
4538,37.816667,15:00:19:16.02,-96.646919,302.153046,133.245163,-96.640930,309.032013,133.901459,-96.135773,304.354462,136.418304,,,
4539,37.825000,15:00:19:16.03,-96.647057,302.153809,133.243912,-96.642120,309.032288,133.900620,-96.118599,304.351685,136.416779,,,
4540,37.833333,15:00:19:17.00,-96.646187,302.152588,133.245117,-96.640747,309.030609,133.900131,-96.134315,304.354340,136.417465,,,
4541,37.841667,15:00:19:17.01,-96.644302,302.153992,133.244888,-96.641411,309.031494,133.901596,-96.137314,304.353577,136.418060,,,
4542,37.850000,15:00:19:17.02,-96.643280,302.153534,133.245895,-96.641953,309.031830,133.900757,-96.136414,304.354553,136.418304,,,
4543,37.858333,15:00:19:17.03,-96.645805,302.153076,133.244781,-96.641029,309.032562,133.900909,-96.136246,304.354370,136.418579,,,
4544,37.866667,15:00:19:18.00,-96.646240,302.152985,133.244858,-96.641090,309.031403,133.901260,-96.136734,304.353485,136.417633,,,
4545,37.875000,15:00:19:18.01,-96.644470,302.153961,133.245224,-96.640938,309.031525,133.900787,-96.136337,304.353973,136.417801,,,
4546,37.883333,15:00:19:18.02,-96.644714,302.152893,133.244507,-96.641296,309.031952,133.900131,-96.137611,304.353485,136.418732,,,
4547,37.891667,15:00:19:18.03,-96.645935,302.152527,133.244736,-96.642303,309.031342,133.901077,-96.136208,304.353363,136.417862,,,
4548,37.900000,15:00:19:19.00,-96.646759,302.153931,133.245621,-96.643318,309.031555,133.901840,-96.136841,304.354065,136.418198,,,
4549,37.908333,15:00:19:19.01,-96.645996,302.153503,133.246475,-96.639595,309.031036,133.900421,-96.136589,304.354034,136.418457,,,
4550,37.916667,15:00:19:19.02,-96.643867,302.153534,133.245224,-96.641830,309.031311,133.901489,-96.136353,304.352692,136.417160,,,
4551,37.925000,15:00:19:19.03,-96.646339,302.152374,133.245224,-96.642494,309.031311,133.901459,-96.136459,304.354858,136.418610,,,
4552,37.933333,15:00:19:20.00,-96.646164,302.153076,133.245697,-96.642059,309.030914,133.901245,-96.138390,304.354248,136.419235,,,
4553,37.941667,15:00:19:20.01,-96.649071,302.153351,133.245667,-96.641991,309.030792,133.901031,-96.134834,304.352722,136.419037,,,
4554,37.950000,15:00:19:20.02,-96.645645,302.153839,133.244781,-96.642624,309.031311,133.901337,-96.138344,304.353790,136.418076,,,
4555,37.958333,15:00:19:20.03,-96.644859,302.152924,133.243759,-96.642036,309.030518,133.900986,-96.136971,304.352417,136.416916,,,
4556,37.966667,15:00:19:21.00,-96.643051,302.153473,133.244629,-96.641556,309.030396,133.900330,-96.136124,304.353760,136.417526,,,
4557,37.975000,15:00:19:21.01,-96.643700,302.152924,133.245041,-96.639816,309.030640,133.900131,-96.136292,304.353210,136.418808,,,
4558,37.983333,15:00:19:21.02,-96.645813,302.151886,133.244186,-96.641747,309.031097,133.901047,-96.136230,304.353485,136.418182,,,
4559,37.991667,15:00:19:21.03,-96.647453,302.152802,133.245773,-96.640984,309.029572,133.899719,-96.136391,304.352051,136.417969,,,
4560,38.000000,15:00:19:22.00,-96.645355,302.152954,133.245010,-96.642357,309.030090,133.901291,-96.136688,304.352875,136.418015,,,
4561,38.008333,15:00:19:22.01,-96.645477,302.152588,133.245331,-96.642502,309.031525,133.900528,-96.118561,304.351349,136.417267,,,
4562,38.016667,15:00:19:22.02,-96.644730,302.152863,133.245895,-96.640900,309.030487,133.900925,-96.118660,304.354004,136.418671,,,
4563,38.025000,15:00:19:22.03,-96.646049,302.154144,133.245346,-96.642509,309.031494,133.900879,-96.118683,304.352325,136.417038,,,
4564,38.033333,15:00:19:23.00,-96.645180,302.152435,133.244583,-96.641884,309.030334,133.900604,-96.119347,304.352325,136.417252,,,
4565,38.041667,15:00:19:23.01,-96.642540,302.152802,133.245331,-96.641678,309.029999,133.900650,-96.135445,304.353668,136.417679,,,
4566,38.050000,15:00:19:23.02,-96.643082,302.151825,133.244049,-96.639435,309.030609,133.900055,-96.137001,304.352356,136.417526,,,
4567,38.058333,15:00:19:23.03,-96.643150,302.152374,133.245422,-96.640549,309.030701,133.900269,-96.136238,304.353455,136.417923,,,
4568,38.066667,15:00:19:24.00,-96.642929,302.152710,133.244354,-96.641708,309.030426,133.900589,-96.136543,304.354706,136.418533,,,
4569,38.075000,15:00:19:24.01,-96.641800,302.152100,133.244781,-96.640518,309.030518,133.901566,-96.135231,304.351959,136.418777,,,
4570,38.083333,15:00:19:24.02,-96.643898,302.152893,133.244186,-96.640617,309.030304,133.900940,-96.134407,304.352173,136.416748,,,
4571,38.091667,15:00:19:24.03,-96.642166,302.152588,133.244675,-96.641373,309.030426,133.901031,-96.136703,304.353241,136.417740,,,
4572,38.100000,15:00:19:25.00,-96.644943,302.151459,133.244843,-96.639862,309.031128,133.900360,-96.136192,304.352509,136.417389,,,
4573,38.108333,15:00:19:25.01,-96.645874,302.152985,133.245926,-96.640877,309.030914,133.900696,-96.117439,304.351959,136.416809,,,
4574,38.116667,15:00:19:25.02,-96.642860,302.152832,133.243622,-96.642548,309.030334,133.900009,-96.135033,304.354858,136.417786,,,
4575,38.125000,15:00:19:25.03,-96.645981,302.152588,133.244843,-96.641342,309.030914,133.900421,-96.136307,304.352661,136.416672,,,
4576,38.133333,15:00:19:26.00,-96.644897,302.152863,133.244690,-96.641098,309.030090,133.900543,-96.135490,304.351654,136.417648,,,
4577,38.141667,15:00:19:26.01,-96.641533,302.153351,133.245468,-96.650894,309.037109,133.900452,-96.135887,304.351837,136.418121,,,
4578,38.150000,15:00:19:26.02,-96.642197,302.153290,133.244629,-96.642838,309.030548,133.901672,-96.134102,304.353485,136.417358,,,
4579,38.158333,15:00:19:26.03,-96.644089,302.151703,133.245987,-96.641510,309.032166,133.901443,-96.134743,304.352844,136.418076,,,
4580,38.166667,15:00:19:27.00,-96.645432,302.153107,133.245926,-96.640167,309.032288,133.901535,-96.137497,304.352722,136.418045,,,
4581,38.175000,15:00:19:27.01,-96.644966,302.153046,133.245819,-96.640503,309.031860,133.901154,-96.118141,304.351715,136.417221,,,
4582,38.183333,15:00:19:27.02,-96.643250,302.152802,133.244614,-96.642128,309.031281,133.901413,-96.134758,304.355042,136.418457,,,
4583,38.191667,15:00:19:27.03,-96.644249,302.152344,133.244644,-96.641090,309.030426,133.900497,-96.136169,304.353821,136.418747,,,
4584,38.200000,15:00:19:28.00,-96.646347,302.152679,133.245544,-96.641342,309.030182,133.900604,-96.135368,304.353699,136.417526,,,
4585,38.208333,15:00:19:28.01,-96.643074,302.153076,133.244736,-96.640709,309.030884,133.900223,-96.135422,304.353058,136.417725,,,
4586,38.216667,15:00:19:28.02,-96.643799,302.153595,133.245987,-96.640015,309.031158,133.900375,-96.137596,304.352722,136.418121,,,
4587,38.225000,15:00:19:28.03,-96.644539,302.153168,133.244568,-96.639748,309.031616,133.900040,-96.135574,304.354645,136.417969,,,
4588,38.233333,15:00:19:29.00,-96.642151,302.154175,133.244537,-96.640839,309.032257,133.898758,-96.136162,304.355530,136.416672,,,
4589,38.241667,15:00:19:29.01,-96.644714,302.153137,133.243591,-96.642296,309.031311,133.898773,-96.136932,304.355438,136.417801,,,
4590,38.250000,15:00:19:29.02,-96.644402,302.153931,133.242554,-96.642838,309.031250,133.900024,-96.137131,304.353302,136.417114,,,
4591,38.258333,15:00:19:29.03,-96.643806,302.154816,133.243698,-96.640991,309.031494,133.900497,-96.135628,304.355347,136.417343,,,
4592,38.266667,15:00:20:00.00,-96.644073,302.154266,133.242767,-96.641251,309.033234,133.900024,-96.119347,304.355164,136.416000,,,
4593,38.275000,15:00:20:00.01,-96.643364,302.156494,133.244202,-96.639664,309.034424,133.899414,-96.134987,304.359436,136.417221,,,
4594,38.283333,15:00:20:00.02,-96.645889,302.159729,133.245010,-96.640640,309.037781,133.898392,-96.137100,304.360352,136.418381,,,
4595,38.291667,15:00:20:00.03,-96.645447,302.160187,133.244934,-96.639236,309.039337,133.898621,-96.135864,304.362762,136.416702,,,
4596,38.300000,15:00:20:01.00,-96.642372,302.161041,133.244644,-96.637383,309.040405,133.898682,-96.115883,304.364075,136.416641,,,
4597,38.308333,15:00:20:01.01,-96.642212,302.163086,133.246765,-96.636978,309.039764,133.900055,-96.113487,304.366943,136.417114,,,
4598,38.316667,15:00:20:01.02,-96.640289,302.161896,133.245056,-96.638130,309.041199,133.900589,-96.112206,304.365479,136.416519,,,
4599,38.325000,15:00:20:01.03,-96.642174,302.160370,133.245178,-96.637825,309.039795,133.900772,-96.113907,304.363190,136.416931,,,
4600,38.333333,15:00:20:02.00,-96.642746,302.160889,133.247818,-96.638176,309.037933,133.900589,-96.132729,304.363403,136.418045,,,
4601,38.341667,15:00:20:02.01,-96.642197,302.159973,133.247787,-96.639786,309.037445,133.900284,-96.118561,304.361450,136.418503,,,
4602,38.350000,15:00:20:02.02,-96.642792,302.158997,133.247070,-96.642479,309.036102,133.901794,-96.136749,304.361481,136.419540,,,
4603,38.358333,15:00:20:02.03,-96.646538,302.157227,133.246735,-96.643700,309.033905,133.901566,-96.121887,304.357788,136.418732,,,
4604,38.366667,15:00:20:03.00,-96.648094,302.152985,133.243912,-96.643639,309.031403,133.900360,-96.138680,304.355347,136.418030,,,
4605,38.375000,15:00:20:03.01,-96.647766,302.150513,133.244003,-96.642754,309.028290,133.900589,-96.139648,304.350403,136.417465,,,
4606,38.383333,15:00:20:03.02,-96.648201,302.148987,133.245270,-96.645370,309.025787,133.901672,-96.138695,304.348877,136.417389,,,
4607,38.391667,15:00:20:03.03,-96.648811,302.146240,133.243256,-96.644936,309.025269,133.901367,-96.138489,304.345520,136.417786,,,
4608,38.400000,15:00:20:04.00,-96.646568,302.146454,133.244217,-96.645676,309.025299,133.902603,-96.139526,304.344788,136.416885,,,
4609,38.408333,15:00:20:04.01,-96.647278,302.145569,133.244629,-96.646172,309.025421,133.902771,-96.140686,304.344299,136.417877,,,
4610,38.416667,15:00:20:04.02,-96.647285,302.144623,133.244644,-96.645378,309.023407,133.902206,-96.138657,304.343842,136.418274,,,
4611,38.425000,15:00:20:04.03,-96.646049,302.144836,133.244843,-96.643196,309.024200,133.901001,-96.138214,304.344360,136.417450,,,
4612,38.433333,15:00:20:05.00,-96.643349,302.146332,133.243576,-96.641937,309.026154,133.901184,-96.134499,304.345978,136.417374,,,
4613,38.441667,15:00:20:05.01,-96.641197,302.148041,133.243851,-96.641441,309.027222,133.901428,-96.117577,304.346222,136.416931,,,
4614,38.450000,15:00:20:05.02,-96.642258,302.150024,133.243637,-96.640358,309.029236,133.901093,-96.131638,304.350769,136.417221,,,
4615,38.458333,15:00:20:05.03,-96.641121,302.151978,133.244339,-96.639450,309.030518,133.901627,-96.118736,304.353149,136.417252,,,
4616,38.466667,15:00:20:06.00,-96.642937,302.154663,133.245331,-96.638344,309.033173,133.899323,-96.134583,304.357788,136.418228,,,
4617,38.475000,15:00:20:06.01,-96.643814,302.156677,133.247513,-96.639214,309.035553,133.900085,-96.133713,304.358826,136.418076,,,
4618,38.483333,15:00:20:06.02,-96.641937,302.158844,133.246170,-96.638977,309.036957,133.900574,-96.116844,304.360260,136.417419,,,
4619,38.491667,15:00:20:06.03,-96.640663,302.158417,133.245544,-96.639458,309.037903,133.900482,-96.115059,304.361481,136.418015,,,
4620,38.500000,15:00:20:07.00,-96.641029,302.159393,133.246124,-96.641006,309.036926,133.901947,-96.116371,304.361115,136.417465,,,
4621,38.508333,15:00:20:07.01,-96.646889,302.159058,133.246735,-96.641106,309.038391,133.901154,-96.135559,304.361725,136.418777,,,
4622,38.516667,15:00:20:07.02,-96.647324,302.160278,133.247131,-96.642632,309.037231,133.900223,-96.137100,304.361877,136.418945,,,
4623,38.525000,15:00:20:07.03,-96.648697,302.161224,133.246582,-96.643784,309.037842,133.900528,-96.138374,304.362213,136.418839,,,
4624,38.533333,15:00:20:08.00,-96.647064,302.158905,133.245605,-96.645248,309.036407,133.900208,-96.138680,304.361023,136.418350,,,
4625,38.541667,15:00:20:08.01,-96.646309,302.156769,133.246689,-96.643784,309.034698,133.900879,-96.137619,304.358398,136.418747,,,
4626,38.550000,15:00:20:08.02,-96.643753,302.155365,133.245285,-96.643509,309.032623,133.900711,-96.137611,304.357391,136.417725,,,
4627,38.558333,15:00:20:08.03,-96.645142,302.154694,133.245010,-96.645042,309.031555,133.900879,-96.136215,304.353485,136.417542,,,
4628,38.566667,15:00:20:09.00,-96.645996,302.150787,133.244736,-96.642929,309.029694,133.901077,-96.135918,304.351288,136.417389,,,
4629,38.575000,15:00:20:09.01,-96.646179,302.149597,133.244339,-96.642700,309.027161,133.901794,-96.136993,304.348907,136.418182,,,
4630,38.583333,15:00:20:09.02,-96.644180,302.147949,133.243622,-96.642906,309.026733,133.900375,-96.137924,304.347290,136.417099,,,
4631,38.591667,15:00:20:09.03,-96.642319,302.147064,133.243408,-96.642372,309.026215,133.900848,-96.137009,304.348358,136.417358,,,
4632,38.600000,15:00:20:10.00,-96.644363,302.146545,133.243790,-96.642921,309.024750,133.901428,-96.136101,304.345917,136.416855,,,
4633,38.608333,15:00:20:10.01,-96.643410,302.146301,133.243851,-96.640900,309.025024,133.900742,-96.134911,304.346222,136.416779,,,
4634,38.616667,15:00:20:10.02,-96.644058,302.146729,133.244247,-96.641357,309.025543,133.901230,-96.132698,304.346283,136.417221,,,
4635,38.625000,15:00:20:10.03,-96.642029,302.148163,133.243958,-96.639259,309.026733,133.900894,-96.132919,304.348267,136.417740,,,
4636,38.633333,15:00:20:11.00,-96.641380,302.149963,133.244019,-96.640259,309.027832,133.901093,-96.132812,304.349854,136.416611,,,
4637,38.641667,15:00:20:11.01,-96.643333,302.151672,133.243637,-96.641243,309.029419,133.900406,-96.133827,304.351654,136.417435,,,
4638,38.650000,15:00:20:11.02,-96.642670,302.152802,133.244308,-96.642685,309.031372,133.900589,-96.136787,304.354431,136.416763,,,
4639,38.658333,15:00:20:11.03,-96.644913,302.154968,133.245163,-96.642647,309.032227,133.900299,-96.136566,304.355591,136.417603,,,
4640,38.666667,15:00:20:12.00,-96.645874,302.156342,133.246399,-96.642410,309.033356,133.900330,-96.137932,304.357788,136.417252,,,
4641,38.675000,15:00:20:12.01,-96.645393,302.157532,133.244370,-96.653282,309.040894,133.899963,-96.135902,304.357086,136.417465,,,
4642,38.683333,15:00:20:12.02,-96.645439,302.157623,133.245239,-96.645737,309.035095,133.900452,-96.137283,304.359680,136.417740,,,
4643,38.691667,15:00:20:12.03,-96.648529,302.157806,133.245163,-96.652916,309.041870,133.897720,-96.137863,304.360199,136.417343,,,
4644,38.700000,15:00:20:13.00,-96.647766,302.158875,133.245117,-96.645309,309.036621,133.898880,-96.139656,304.361237,136.418518,,,
4645,38.708333,15:00:20:13.01,-96.645126,302.159668,133.245911,-96.642532,309.036224,133.899979,-96.137611,304.359680,136.417587,,,
4646,38.716667,15:00:20:13.02,-96.645683,302.159729,133.246429,-96.642967,309.035583,133.899384,-96.138405,304.360321,136.419174,,,
4647,38.725000,15:00:20:13.03,-96.644867,302.157227,133.246094,-96.641800,309.034576,133.900208,-96.136452,304.358612,136.418045,,,
4648,38.733333,15:00:20:14.00,-96.645508,302.155212,133.244461,-96.640381,309.033691,133.899582,-96.134361,304.356995,136.417694,,,
4649,38.741667,15:00:20:14.01,-96.643082,302.153625,133.243942,-96.640968,309.031952,133.901627,-96.133362,304.356476,136.417053,,,
4650,38.750000,15:00:20:14.02,-96.644760,302.152740,133.245697,-96.640259,309.030273,133.901459,-96.134300,304.353302,136.417053,,,
4651,38.758333,15:00:20:14.03,-96.643105,302.151215,133.245056,-96.640968,309.028595,133.900528,-96.133171,304.350525,136.417191,,,
4652,38.766667,15:00:20:15.00,-96.642685,302.148712,133.244064,-96.641884,309.026764,133.901245,-96.133507,304.349457,136.416870,,,
4653,38.775000,15:00:20:15.01,-96.644096,302.148560,133.243820,-96.649353,309.033478,133.899445,-96.118332,304.347961,136.416534,,,
4654,38.783333,15:00:20:15.02,-96.643631,302.149506,133.244858,-96.642517,309.026184,133.900879,-96.133247,304.348633,136.417267,,,
4655,38.791667,15:00:20:15.03,-96.641914,302.148590,133.243500,-96.640671,309.026611,133.901077,-96.135078,304.348663,136.417419,,,
4656,38.800000,15:00:20:16.00,-96.645096,302.148499,133.244812,-96.641800,309.027374,133.901871,-96.135559,304.348053,136.416550,,,
4657,38.808333,15:00:20:16.01,-96.643326,302.149445,133.243286,-96.642738,309.027039,133.902344,-96.118935,304.347931,136.416290,,,
4658,38.816667,15:00:20:16.02,-96.645340,302.150848,133.243698,-96.643532,309.028168,133.901764,-96.137093,304.350525,136.417862,,,
4659,38.825000,15:00:20:16.03,-96.647850,302.150787,133.244354,-96.637512,309.027283,133.908371,-96.137199,304.351654,136.416443,,,
4660,38.833333,15:00:20:17.00,-96.647102,302.151794,133.243744,-96.620888,309.037842,133.934647,-96.139580,304.353302,136.417725,,,
4661,38.841667,15:00:20:17.01,-96.643852,302.153564,133.243637,-96.626320,309.056091,133.926117,-96.139297,304.354462,136.417831,,,
4662,38.850000,15:00:20:17.02,-96.646164,302.155945,133.246109,-96.628220,309.056824,133.924454,-96.139046,304.355347,136.417908,,,
4663,38.858333,15:00:20:17.03,-96.648941,302.155762,133.246933,-96.626312,309.057037,133.923462,-96.138588,304.357086,136.418762,,,
4664,38.866667,15:00:20:18.00,-96.649055,302.156464,133.247147,-96.625786,309.058350,133.923370,-96.137344,304.359100,136.418335,,,
4665,38.875000,15:00:20:18.01,-96.648476,302.160278,133.245331,-96.634384,309.066132,133.922287,-96.120369,304.358734,136.417389,,,
4666,38.883333,15:00:20:18.02,-96.641472,302.157867,133.253830,-96.626831,309.059448,133.923508,-96.136467,304.362976,136.416367,,,
4667,38.891667,15:00:20:18.03,-96.617203,302.141296,133.269882,-96.623024,309.058228,133.923279,-96.130974,304.355225,136.425079,,,
4668,38.900000,15:00:20:19.00,-96.644264,302.140503,133.241684,-96.623390,309.059082,133.922104,-96.124359,304.333008,136.431900,,,
4669,38.908333,15:00:20:19.01,-96.652603,302.133453,133.240860,-96.624207,309.057495,133.923965,-96.131882,304.342072,136.420517,,,
4670,38.916667,15:00:20:19.02,-96.654358,302.132721,133.239182,-96.623680,309.056366,133.923157,-96.113495,304.344879,136.423874,,,
4671,38.925000,15:00:20:19.03,-96.650780,302.130768,133.239410,-96.625183,309.055939,133.923477,-96.128380,304.345184,136.422211,,,
4672,38.933333,15:00:20:20.00,-96.649384,302.130219,133.239182,-96.622742,309.053864,133.922913,-96.131042,304.339508,136.419281,,,
4673,38.941667,15:00:20:20.01,-96.652969,302.128235,133.239273,-96.624687,309.053314,133.923599,-96.113457,304.340149,136.421890,,,
4674,38.950000,15:00:20:20.02,-96.650978,302.128235,133.237457,-96.625595,309.053864,133.923508,-96.130157,304.339081,136.421432,,,
4675,38.958333,15:00:20:20.03,-96.652641,302.127441,133.239410,-96.626831,309.051636,133.923691,-96.134560,304.336334,136.421661,,,
4676,38.966667,15:00:20:21.00,-96.652878,302.126373,133.238464,-96.627419,309.051422,133.923843,-96.134773,304.337341,136.421783,,,
4677,38.975000,15:00:20:21.01,-96.653076,302.127258,133.238205,-96.626694,309.050781,133.922516,-96.134209,304.337372,136.420746,,,
4678,38.983333,15:00:20:21.02,-96.656509,302.127014,133.240280,-96.625908,309.050354,133.924728,-96.134338,304.335175,136.419662,,,
4679,38.991667,15:00:20:21.03,-96.656227,302.124603,133.238434,-96.628174,309.049957,133.924088,-96.134331,304.338135,136.421432,,,
4680,39.000000,15:00:20:22.00,-96.653526,302.128235,133.237839,-96.630783,309.050812,133.924835,-96.135376,304.336609,136.421066,,,
4681,39.008333,15:00:20:22.01,-96.653648,302.126953,133.239105,-96.629982,309.050903,133.923233,-96.134758,304.335388,136.420868,,,
4682,39.016667,15:00:20:22.02,-96.651405,302.128113,133.238831,-96.637054,309.058411,133.922882,-96.135574,304.337372,136.420059,,,
4683,39.025000,15:00:20:22.03,-96.654602,302.128479,133.239120,-96.629730,309.051300,133.922272,-96.131699,304.339722,136.421021,,,
4684,39.033333,15:00:20:23.00,-96.656090,302.132080,133.239227,-96.629761,309.053314,133.923004,-96.133789,304.338348,136.419968,,,
4685,39.041667,15:00:20:23.01,-96.653931,302.133667,133.240250,-96.635437,309.062714,133.920059,-96.133980,304.340881,136.419968,,,
4686,39.050000,15:00:20:23.02,-96.648972,302.136078,133.237991,-96.627785,309.056305,133.923309,-96.132942,304.343933,136.418869,,,
4687,39.058333,15:00:20:23.03,-96.648254,302.137665,133.238663,-96.625183,309.057983,133.922043,-96.112991,304.345306,136.420578,,,
4688,39.066667,15:00:20:24.00,-96.645477,302.137939,133.237030,-96.624870,309.058258,133.921814,-96.127411,304.348907,136.418671,,,
4689,39.075000,15:00:20:24.01,-96.645287,302.139526,133.237549,-96.625595,309.056030,133.921890,-96.128426,304.347198,136.417953,,,
4690,39.083333,15:00:20:24.02,-96.645721,302.138458,133.237152,-96.627922,309.057861,133.921875,-96.127930,304.347687,136.418930,,,
4691,39.091667,15:00:20:24.03,-96.644035,302.140350,133.238129,-96.628952,309.057343,133.921402,-96.114632,304.346405,136.419373,,,
4692,39.100000,15:00:20:25.00,-96.644997,302.139435,133.237457,-96.629593,309.055450,133.922516,-96.114037,304.347595,136.421417,,,
4693,39.108333,15:00:20:25.01,-96.646049,302.137268,133.236343,-96.629974,309.056519,133.923264,-96.126335,304.345062,136.417953,,,
4694,39.116667,15:00:20:25.02,-96.647308,302.136322,133.237045,-96.630249,309.056152,133.923798,-96.128754,304.347717,136.419189,,,
4695,39.125000,15:00:20:25.03,-96.645004,302.136383,133.237900,-96.630775,309.053955,133.923477,-96.129425,304.343140,136.416962,,,
4696,39.133333,15:00:20:26.00,-96.644119,302.136841,133.237762,-96.641144,309.060883,133.922211,-96.132156,304.342407,136.417984,,,
4697,39.141667,15:00:20:26.01,-96.647125,302.133728,133.237656,-96.635040,309.051239,133.922058,-96.130302,304.341095,136.418640,,,
4698,39.150000,15:00:20:26.02,-96.647057,302.132141,133.236099,-96.633926,309.051270,133.921570,-96.131828,304.342255,136.417740,,,
4699,39.158333,15:00:20:26.03,-96.645584,302.132141,133.235703,-96.640602,309.057831,133.920532,-96.130783,304.340851,136.417419,,,
4700,39.166667,15:00:20:27.00,-96.647705,302.133423,133.237427,-96.644409,309.058655,133.921631,-96.129944,304.341583,136.417252,,,
4701,39.175000,15:00:20:27.01,-96.647728,302.133606,133.236481,-96.634277,309.050751,133.923340,-96.132324,304.340302,136.417999,,,
4702,39.183333,15:00:20:27.02,-96.648087,302.131287,133.236481,-96.647018,309.074768,133.914032,-96.133171,304.338806,136.417984,,,
4703,39.191667,15:00:20:27.03,-96.646706,302.131134,133.236664,-96.643356,309.030731,133.901947,-96.130928,304.339447,136.417831,,,
4704,39.200000,15:00:20:28.00,-96.651802,302.133331,133.236862,-96.647476,309.027771,133.899719,-96.130020,304.341461,136.418152,,,
4705,39.208333,15:00:20:28.01,-96.647781,302.135223,133.237152,-96.647064,309.030151,133.899155,-96.129967,304.341400,136.418076,,,
4706,39.216667,15:00:20:28.02,-96.648911,302.135681,133.238754,-96.646797,309.031128,133.900146,-96.129837,304.344147,136.418808,,,
4707,39.225000,15:00:20:28.03,-96.643883,302.137573,133.237747,-96.646263,309.032990,133.901001,-96.128204,304.344696,136.419159,,,
4708,39.233333,15:00:20:29.00,-96.640495,302.138763,133.237000,-96.646111,309.032135,133.901489,-96.131454,304.378906,136.424149,,,
4709,39.241667,15:00:20:29.01,-96.641541,302.141663,133.237366,-96.644852,309.032806,133.900757,-96.130104,304.349640,136.412796,,,
4710,39.250000,15:00:20:29.02,-96.656372,302.168030,133.229034,-96.645042,309.032684,133.900330,-96.133797,304.356750,136.415100,,,
4711,39.258333,15:00:20:29.03,-96.641472,302.155640,133.242752,-96.656403,309.039734,133.899124,-96.133812,304.358521,136.416977,,,
4712,39.266667,15:00:21:00.00,-96.638359,302.158966,133.244507,-96.648094,309.033600,133.900925,-96.132523,304.358856,136.416595,,,
4713,39.275000,15:00:21:00.01,-96.640137,302.158447,133.244339,-96.647552,309.033966,133.901810,-96.134064,304.358643,136.416550,,,
4714,39.283333,15:00:21:00.02,-96.641228,302.158752,133.243576,-96.647026,309.032837,133.901230,-96.135674,304.358582,136.416916,,,
4715,39.291667,15:00:21:00.03,-96.640663,302.156525,133.244110,-96.645607,309.032928,133.900803,-96.135742,304.357971,136.417343,,,
4716,39.300000,15:00:21:01.00,-96.641685,302.157227,133.244400,-96.646179,309.033630,133.900986,-96.134300,304.356995,136.415619,,,
4717,39.308333,15:00:21:01.01,-96.638870,302.154602,133.244263,-96.645668,309.031677,133.900757,-96.136597,304.357086,136.418015,,,
4718,39.316667,15:00:21:01.02,-96.642097,302.154816,133.244400,-96.644875,309.031464,133.901321,-96.135887,304.354858,136.416275,,,
4719,39.325000,15:00:21:01.03,-96.643539,302.153595,133.243607,-96.655022,309.037628,133.901520,-96.136574,304.355286,136.417145,,,
4720,39.333333,15:00:21:02.00,-96.644958,302.152679,133.245544,-96.645447,309.030060,133.901184,-96.136932,304.353485,136.417328,,,
4721,39.341667,15:00:21:02.01,-96.645393,302.150665,133.245087,-96.643433,309.029114,133.902618,-96.134888,304.351562,136.417786,,,
4722,39.350000,15:00:21:02.02,-96.644852,302.150269,133.244308,-96.652328,309.036102,133.902039,-96.119019,304.350006,136.417587,,,
4723,39.358333,15:00:21:02.03,-96.644798,302.150299,133.246582,-96.644791,309.028687,133.902252,-96.135208,304.352295,136.418167,,,
4724,39.366667,15:00:21:03.00,-96.643967,302.150330,133.244995,-96.642990,309.029327,133.902069,-96.136131,304.350739,136.419159,,,
4725,39.375000,15:00:21:03.01,-96.643532,302.150208,133.244339,-96.642509,309.030243,133.902161,-96.135590,304.350403,136.418198,,,
4726,39.383333,15:00:21:03.02,-96.645126,302.151215,133.244904,-96.642426,309.029510,133.902664,-96.136124,304.351624,136.419220,,,
4727,39.391667,15:00:21:03.03,-96.645561,302.151154,133.246368,-96.641830,309.031250,133.901794,-96.118645,304.352081,136.418457,,,
4728,39.400000,15:00:21:04.00,-96.646683,302.153473,133.244598,-96.642761,309.032227,133.903000,-96.134903,304.354248,136.417969,,,
4729,39.408333,15:00:21:04.01,-96.647621,302.154022,133.246704,-96.642410,309.032928,133.902573,-96.135536,304.353912,136.418610,,,
4730,39.416667,15:00:21:04.02,-96.647194,302.154602,133.245605,-96.642998,309.032623,133.902725,-96.136681,304.355255,136.418961,,,
4731,39.425000,15:00:21:04.03,-96.644890,302.155365,133.246033,-96.642181,309.032990,133.901535,-96.136421,304.356323,136.418411,,,
4732,39.433333,15:00:21:05.00,-96.643837,302.154175,133.245529,-96.642853,309.034424,133.903534,-96.137733,304.355469,136.417801,,,
4733,39.441667,15:00:21:05.01,-96.647804,302.155151,133.246750,-96.642944,309.033356,133.900803,-96.136810,304.356262,136.419922,,,
4734,39.450000,15:00:21:05.02,-96.648499,302.154724,133.244843,-96.645447,309.033752,133.900955,-96.137337,304.356049,136.417496,,,
4735,39.458333,15:00:21:05.03,-96.646584,302.155762,133.245300,-96.644333,309.032654,133.900406,-96.138557,304.355103,136.418610,,,
4736,39.466667,15:00:21:06.00,-96.646965,302.155792,133.245895,-96.644279,309.032745,133.902603,-96.137047,304.354065,136.417908,,,
4737,39.475000,15:00:21:06.01,-96.647484,302.155243,133.246704,-96.643585,309.032806,133.901566,-96.138252,304.356018,136.418655,,,
4738,39.483333,15:00:21:06.02,-96.644951,302.154114,133.244797,-96.643631,309.032501,133.902512,-96.137169,304.355896,136.418427,,,
4739,39.491667,15:00:21:06.03,-96.644920,302.154114,133.246246,-96.644135,309.033081,133.901749,-96.137634,304.354218,136.418335,,,
4740,39.500000,15:00:21:07.00,-96.644333,302.153442,133.245346,-96.643494,309.032593,133.899826,-96.137802,304.355011,136.419052,,,
4741,39.508333,15:00:21:07.01,-96.646385,302.152496,133.245270,-96.642891,309.032257,133.902359,-96.136871,304.353271,136.418854,,,
4742,39.516667,15:00:21:07.02,-96.648010,302.152344,133.245911,-96.642906,309.030853,133.901459,-96.118980,304.352631,136.418015,,,
4743,39.525000,15:00:21:07.03,-96.646736,302.149597,133.244736,-96.640686,309.029907,133.901627,-96.116272,304.351044,136.417053,,,
4744,39.533333,15:00:21:08.00,-96.644966,302.150879,133.246155,-96.640602,309.028717,133.901764,-96.134186,304.351715,136.417969,,,
4745,39.541667,15:00:21:08.01,-96.643814,302.150635,133.245224,-96.641541,309.029724,133.901978,-96.118164,304.349365,136.417221,,,
4746,39.550000,15:00:21:08.02,-96.645180,302.150879,133.245071,-96.641205,309.029388,133.901978,-96.133781,304.351624,136.418182,,,
4747,39.558333,15:00:21:08.03,-96.646881,302.151611,133.245041,-96.642250,309.031250,133.902710,-96.136047,304.350250,136.418472,,,
4748,39.566667,15:00:21:09.00,-96.644455,302.151398,133.244843,-96.643021,309.030853,133.902618,-96.138245,304.352081,136.417786,,,
4749,39.575000,15:00:21:09.01,-96.646301,302.151428,133.245773,-96.643692,309.029541,133.902161,-96.139565,304.353302,136.418793,,,
4750,39.583333,15:00:21:09.02,-96.646568,302.150818,133.246002,-96.643494,309.029633,133.901199,-96.139771,304.354706,136.419464,,,
4751,39.591667,15:00:21:09.03,-96.647575,302.152161,133.245712,-96.642410,309.030731,133.902664,-96.138542,304.352081,136.420624,,,
4752,39.600000,15:00:21:10.00,-96.652847,302.153381,133.246841,-96.644379,309.031738,133.901840,-96.138611,304.351990,136.420135,,,
4753,39.608333,15:00:21:10.01,-96.652878,302.155060,133.246948,-96.644020,309.032562,133.901703,-96.140800,304.353546,136.421158,,,
4754,39.616667,15:00:21:10.02,-96.653786,302.154388,133.247650,-96.643066,309.032043,133.901306,-96.141182,304.354034,136.419815,,,
4755,39.625000,15:00:21:10.03,-96.651062,302.155548,133.247086,-96.644798,309.031494,133.901306,-96.139931,304.355469,136.420013,,,
4756,39.633333,15:00:21:11.00,-96.652100,302.154785,133.246857,-96.643814,309.033569,133.901306,-96.141029,304.355042,136.421326,,,
4757,39.641667,15:00:21:11.01,-96.651176,302.154907,133.248260,-96.643021,309.033356,133.902405,-96.138268,304.355194,136.419434,,,
4758,39.650000,15:00:21:11.02,-96.651054,302.154877,133.247604,-96.642357,309.032379,133.901566,-96.138664,304.355438,136.419327,,,
4759,39.658333,15:00:21:11.03,-96.650284,302.154358,133.247833,-96.642838,309.032898,133.901733,-96.136383,304.353149,136.418564,,,
4760,39.666667,15:00:21:12.00,-96.649109,302.154053,133.246887,-96.643150,309.032959,133.902222,-96.138168,304.356415,136.420898,,,
4761,39.675000,15:00:21:12.01,-96.649368,302.155396,133.246674,-96.641861,309.032776,133.902176,-96.137794,304.355225,136.419937,,,
4762,39.683333,15:00:21:12.02,-96.648712,302.153900,133.247177,-96.642670,309.033203,133.902267,-96.135948,304.354797,136.419357,,,
4763,39.691667,15:00:21:12.03,-96.648376,302.153290,133.247650,-96.643982,309.031830,133.902710,-96.120331,304.353485,136.418991,,,
4764,39.700000,15:00:21:13.00,-96.651939,302.152557,133.248001,-96.644005,309.031586,133.903198,-96.136246,304.354950,136.419800,,,
4765,39.708333,15:00:21:13.01,-96.651932,302.151917,133.247757,-96.642853,309.031555,133.902512,-96.137711,304.351196,136.419113,,,
4766,39.716667,15:00:21:13.02,-96.650604,302.152130,133.247162,-96.644035,309.030060,133.903549,-96.139969,304.351654,136.421097,,,
4767,39.725000,15:00:21:13.03,-96.650055,302.152100,133.247025,-96.644928,309.030670,133.904770,-96.122437,304.350494,136.420227,,,
4768,39.733333,15:00:21:14.00,-96.653023,302.152527,133.248947,-96.646729,309.031433,133.904892,-96.138741,304.352661,136.421432,,,
4769,39.741667,15:00:21:14.01,-96.655533,302.152649,133.250458,-96.646515,309.030212,133.903961,-96.123741,304.351440,136.422806,,,
4770,39.750000,15:00:21:14.02,-96.654404,302.152161,133.249023,-96.646172,309.031464,133.905869,-96.139351,304.353180,136.421204,,,
4771,39.758333,15:00:21:14.03,-96.655479,302.153137,133.249146,-96.647255,309.032227,133.905579,-96.123917,304.349274,136.421173,,,
4772,39.766667,15:00:21:15.00,-96.654739,302.152740,133.249298,-96.647453,309.031891,133.906189,-96.138390,304.351532,136.420883,,,
4773,39.775000,15:00:21:15.01,-96.656357,302.153046,133.250671,-96.646515,309.031525,133.906555,-96.140724,304.352081,136.420502,,,
4774,39.783333,15:00:21:15.02,-96.657433,302.154449,133.250168,-96.648026,309.032471,133.906403,-96.141052,304.352722,136.421295,,,
4775,39.791667,15:00:21:15.03,-96.655479,302.153870,133.250488,-96.647606,309.034454,133.906860,-96.140739,304.352753,136.421341,,,
4776,39.800000,15:00:21:16.00,-96.655571,302.154083,133.250671,-96.647934,309.036194,133.907455,-96.140076,304.354675,136.421722,,,
4777,39.808333,15:00:21:16.01,-96.651932,302.154907,133.249084,-96.649033,309.035461,133.909088,-96.140793,304.354584,136.421173,,,
4778,39.816667,15:00:21:16.02,-96.650726,302.154816,133.250931,-96.648010,309.033691,133.908005,-96.140434,304.355133,136.422791,,,
4779,39.825000,15:00:21:16.03,-96.653648,302.156128,133.251434,-96.647102,309.035370,133.908325,-96.137505,304.355774,136.422516,,,
4780,39.833333,15:00:21:17.00,-96.650986,302.155365,133.250153,-96.646332,309.036041,133.910416,-96.122704,304.356049,136.424194,,,
4781,39.841667,15:00:21:17.01,-96.652573,302.156677,133.252686,-96.648560,309.036224,133.911591,-96.137299,304.357880,136.423950,,,
4782,39.850000,15:00:21:17.02,-96.650558,302.156982,133.251984,-96.648697,309.035797,133.911774,-96.123711,304.355560,136.423767,,,
4783,39.858333,15:00:21:17.03,-96.651054,302.155701,133.252853,-96.643349,309.030090,133.906693,-96.138153,304.356323,136.425262,,,
4784,39.866667,15:00:21:18.00,-96.652046,302.155548,133.251648,-96.640167,309.029785,133.903473,-96.124245,304.356323,136.423386,,,
4785,39.875000,15:00:21:18.01,-96.655830,302.154694,133.253235,-96.640686,309.029999,133.902252,-96.140686,304.358124,136.424805,,,
4786,39.883333,15:00:21:18.02,-96.655983,302.155396,133.253296,-96.643372,309.030273,133.902008,-96.142662,304.357330,136.426193,,,
4787,39.891667,15:00:21:18.03,-96.655388,302.154053,133.253662,-96.643005,309.030426,133.902466,-96.139114,304.353607,136.424622,,,
4788,39.900000,15:00:21:19.00,-96.657784,302.156403,133.253830,-96.643417,309.031006,133.902603,-96.132111,304.345642,136.420395,,,
4789,39.908333,15:00:21:19.01,-96.657646,302.155701,133.254868,-96.644493,309.030640,133.903381,-96.130058,304.343475,136.416885,,,
4790,39.916667,15:00:21:19.02,-96.659492,302.154480,133.255386,-96.642540,309.029236,133.902283,-96.136162,304.350311,136.417908,,,
4791,39.925000,15:00:21:19.03,-96.654602,302.152588,133.253601,-96.643341,309.030212,133.902435,-96.137733,304.351318,136.419342,,,
4792,39.933333,15:00:21:20.00,-96.645699,302.146759,133.247726,-96.643036,309.030701,133.901398,-96.137527,304.352386,136.419205,,,
4793,39.941667,15:00:21:20.01,-96.637833,302.145813,133.244186,-96.642548,309.029724,133.902939,-96.138107,304.352509,136.420273,,,
4794,39.950000,15:00:21:20.02,-96.643730,302.152191,133.245743,-96.642494,309.029358,133.902023,-96.137573,304.354187,136.420258,,,
4795,39.958333,15:00:21:20.03,-96.647827,302.152954,133.247482,-96.644417,309.030426,133.902390,-96.135208,304.353333,136.419281,,,
4796,39.966667,15:00:21:21.00,-96.646790,302.152740,133.246719,-96.642609,309.031281,133.902435,-96.135803,304.352570,136.418549,,,
4797,39.975000,15:00:21:21.01,-96.645767,302.154053,133.247101,-96.641144,309.031189,133.901871,-96.118431,304.351959,136.416748,,,
4798,39.983333,15:00:21:21.02,-96.642937,302.153503,133.246048,-96.642654,309.031830,133.901886,-96.135025,304.353485,136.419006,,,
4799,39.991667,15:00:21:21.03,-96.642738,302.154388,133.244904,-96.640846,309.031250,133.901031,-96.119072,304.353485,136.418091,,,
4800,40.000000,15:00:21:22.00,-96.644478,302.153717,133.246353,-96.640709,309.032501,133.901794,-96.132828,304.355255,136.418854,,,
4801,40.008333,15:00:21:22.01,-96.643639,302.154205,133.245850,-96.640190,309.032166,133.899933,-96.118713,304.354218,136.418182,,,
4802,40.016667,15:00:21:22.02,-96.644089,302.153503,133.246292,-96.640930,309.032379,133.901260,-96.134117,304.356232,136.419006,,,
4803,40.025000,15:00:21:22.03,-96.643181,302.154297,133.246033,-96.639999,309.032074,133.901352,-96.117012,304.354034,136.418106,,,
4804,40.033333,15:00:21:23.00,-96.644241,302.154388,133.245819,-96.640831,309.032593,133.901291,-96.134521,304.356476,136.418076,,,
4805,40.041667,15:00:21:23.01,-96.644684,302.153473,133.245224,-96.641479,309.031830,133.902420,-96.137474,304.355225,136.418976,,,
4806,40.050000,15:00:21:23.02,-96.643784,302.153992,133.245804,-96.642105,309.031830,133.901917,-96.136414,304.354584,136.419098,,,
4807,40.058333,15:00:21:23.03,-96.644760,302.153229,133.245850,-96.641930,309.031189,133.901169,-96.137894,304.355133,136.418793,,,
4808,40.066667,15:00:21:24.00,-96.646591,302.153625,133.244904,-96.642464,309.030731,133.900467,-96.136696,304.353088,136.418335,,,
4809,40.075000,15:00:21:24.01,-96.647186,302.152954,133.245087,-96.643074,309.031403,133.900391,-96.120926,304.353088,136.417938,,,
4810,40.083333,15:00:21:24.02,-96.646408,302.153412,133.245331,-96.642365,309.030670,133.901123,-96.136269,304.354004,136.418777,,,
4811,40.091667,15:00:21:24.03,-96.646561,302.153229,133.246490,-96.641281,309.030029,133.900665,-96.118774,304.351990,136.417343,,,
4812,40.100000,15:00:21:25.00,-96.642311,302.153076,133.244324,-96.642342,309.030487,133.901245,-96.134987,304.353027,136.418228,,,
4813,40.108333,15:00:21:25.01,-96.643867,302.152374,133.245117,-96.641281,309.029236,133.900864,-96.119537,304.351257,136.417099,,,
4814,40.116667,15:00:21:25.02,-96.645088,302.152466,133.244568,-96.640915,309.029663,133.901245,-96.135460,304.352722,136.417389,,,
4815,40.125000,15:00:21:25.03,-96.645683,302.151459,133.244659,-96.641312,309.030762,133.901672,-96.137177,304.350220,136.417694,,,
4816,40.133333,15:00:21:26.00,-96.645775,302.151581,133.245331,-96.640327,309.030426,133.900970,-96.133812,304.352325,136.417816,,,
4817,40.141667,15:00:21:26.01,-96.646538,302.152527,133.245148,-96.638809,309.028870,133.899872,-96.134506,304.351196,136.418732,,,
4818,40.150000,15:00:21:26.02,-96.641716,302.152069,133.245377,-96.641747,309.030304,133.901398,-96.135803,304.351196,136.417999,,,
4819,40.158333,15:00:21:26.03,-96.644981,302.152435,133.245300,-96.639931,309.030182,133.900284,-96.134827,304.352142,136.418228,,,
4820,40.166667,15:00:21:27.00,-96.644379,302.152863,133.245392,-96.641136,309.030762,133.901047,-96.115982,304.351105,136.417633,,,
4821,40.175000,15:00:21:27.01,-96.644287,302.153137,133.245667,-96.641365,309.030853,133.901978,-96.118408,304.353485,136.417480,,,
4822,40.183333,15:00:21:27.02,-96.643166,302.152924,133.245468,-96.640648,309.030518,133.900803,-96.134865,304.354584,136.418991,,,
4823,40.191667,15:00:21:27.03,-96.645279,302.152771,133.244904,-96.642334,309.030579,133.901550,-96.135056,304.352112,136.417374,,,
4824,40.200000,15:00:21:28.00,-96.647232,302.153564,133.247131,-96.640602,309.030640,133.900146,-96.137093,304.352966,136.417816,,,
4825,40.208333,15:00:21:28.01,-96.647598,302.152588,133.245834,-96.641815,309.030151,133.902100,-96.134842,304.352173,136.418472,,,
4826,40.216667,15:00:21:28.02,-96.645790,302.153046,133.245422,-96.643929,309.030975,133.901596,-96.137314,304.353912,136.418503,,,
4827,40.225000,15:00:21:28.03,-96.645905,302.152740,133.245010,-96.643112,309.031433,133.901749,-96.137619,304.353180,136.418106,,,
4828,40.233333,15:00:21:29.00,-96.646408,302.153351,133.245224,-96.642532,309.030426,133.900635,-96.137589,304.353973,136.418655,,,
4829,40.241667,15:00:21:29.01,-96.646996,302.153381,133.245621,-96.641090,309.030029,133.899963,-96.136459,304.353088,136.418747,,,
4830,40.250000,15:00:21:29.02,-96.647224,302.152679,133.246613,-96.642967,309.030731,133.901749,-96.135277,304.353699,136.418716,,,
4831,40.258333,15:00:21:29.03,-96.646393,302.152161,133.246368,-96.641937,309.031189,133.902115,-96.134781,304.352295,136.417862,,,
4832,40.266667,15:00:22:00.00,-96.647919,302.152649,133.246307,-96.641449,309.030945,133.901489,-96.136482,304.353210,136.419037,,,
4833,40.275000,15:00:22:00.01,-96.644646,302.152405,133.245804,-96.640480,309.029205,133.902344,-96.118378,304.351624,136.418198,,,
4834,40.283333,15:00:22:00.02,-96.645386,302.151184,133.246887,-96.641258,309.031128,133.901169,-96.133186,304.353027,136.418213,,,
4835,40.291667,15:00:22:00.03,-96.642593,302.152344,133.245453,-96.642128,309.029114,133.901733,-96.136780,304.352142,136.419647,,,
4836,40.300000,15:00:22:01.00,-96.644119,302.153381,133.245804,-96.641624,309.031311,133.901596,-96.135262,304.351379,136.417892,,,
4837,40.308333,15:00:22:01.01,-96.643929,302.152740,133.245621,-96.642159,309.029663,133.901169,-96.134583,304.352295,136.418716,,,
4838,40.316667,15:00:22:01.02,-96.644196,302.152802,133.245941,-96.642448,309.031219,133.902588,-96.134758,304.352844,136.419281,,,
4839,40.325000,15:00:22:01.03,-96.645134,302.153137,133.246323,-96.641991,309.030304,133.902206,-96.117516,304.351196,136.416672,,,
4840,40.333333,15:00:22:02.00,-96.642654,302.153229,133.246002,-96.641235,309.030914,133.901840,-96.135155,304.354370,136.418121,,,
4841,40.341667,15:00:22:02.01,-96.644066,302.152649,133.246033,-96.641319,309.030090,133.901520,-96.118675,304.351440,136.417923,,,
4842,40.350000,15:00:22:02.02,-96.646797,302.152771,133.245804,-96.642746,309.031860,133.901260,-96.135788,304.353943,136.418457,,,
4843,40.358333,15:00:22:02.03,-96.647522,302.152771,133.245056,-96.642700,309.031403,133.901962,-96.137985,304.352936,136.418076,,,
4844,40.366667,15:00:22:03.00,-96.645256,302.153839,133.246338,-96.642113,309.032715,133.902542,-96.138557,304.353271,136.419495,,,
4845,40.375000,15:00:22:03.01,-96.646080,302.152740,133.245850,-96.641693,309.032623,133.901077,-96.136650,304.354370,136.418884,,,
4846,40.383333,15:00:22:03.02,-96.648796,302.154236,133.245926,-96.642479,309.031433,133.901337,-96.120163,304.354370,136.418335,,,
4847,40.391667,15:00:22:03.03,-96.646431,302.154388,133.246704,-96.642593,309.031860,133.901154,-96.136604,304.356079,136.418732,,,
4848,40.400000,15:00:22:04.00,-96.648590,302.153900,133.244049,-96.642776,309.031433,133.900909,-96.137573,304.353973,136.419540,,,
4849,40.408333,15:00:22:04.01,-96.649452,302.153870,133.246353,-96.641975,309.030975,133.901443,-96.136795,304.354706,136.418854,,,
4850,40.416667,15:00:22:04.02,-96.645714,302.154022,133.246353,-96.643837,309.032043,133.902206,-96.137344,304.354034,136.417740,,,
4851,40.425000,15:00:22:04.03,-96.647530,302.153717,133.245895,-96.640633,309.032440,133.901352,-96.136497,304.354706,136.418930,,,
4852,40.433333,15:00:22:05.00,-96.646797,302.153717,133.247009,-96.640648,309.032013,133.900482,-96.135612,304.354523,136.418015,,,
4853,40.441667,15:00:22:05.01,-96.646370,302.153381,133.246033,-96.641663,309.032166,133.901138,-96.135841,304.353912,136.418320,,,
4854,40.450000,15:00:22:05.02,-96.643402,302.152130,133.244644,-96.640083,309.030426,133.900955,-96.136665,304.353455,136.417923,,,
4855,40.458333,15:00:22:05.03,-96.642975,302.151642,133.245438,-96.640411,309.030151,133.900726,-96.118317,304.352295,136.417480,,,
4856,40.466667,15:00:22:06.00,-96.644592,302.152008,133.245224,-96.641731,309.032227,133.902435,-96.134384,304.353821,136.417938,,,
4857,40.475000,15:00:22:06.01,-96.646828,302.153229,133.245865,-96.642212,309.031738,133.901596,-96.118942,304.352783,136.417740,,,
4858,40.483333,15:00:22:06.02,-96.645737,302.153503,133.245102,-96.642090,309.029999,133.900314,-96.134979,304.355103,136.417908,,,
4859,40.491667,15:00:22:06.03,-96.646698,302.151703,133.245392,-96.640755,309.030762,133.899597,-96.135422,304.352386,136.417252,,,
4860,40.500000,15:00:22:07.00,-96.646088,302.152679,133.245651,-96.643188,309.030518,133.900909,-96.137276,304.352173,136.419159,,,
4861,40.508333,15:00:22:07.01,-96.644737,302.152527,133.245438,-96.641403,309.030334,133.900681,-96.137199,304.352051,136.418259,,,
4862,40.516667,15:00:22:07.02,-96.644981,302.152954,133.246170,-96.642181,309.031189,133.900986,-96.137962,304.351562,136.418839,,,
4863,40.525000,15:00:22:07.03,-96.645294,302.151886,133.245926,-96.642357,309.030701,133.901077,-96.120087,304.352509,136.418015,,,
4864,40.533333,15:00:22:08.00,-96.643356,302.153381,133.244888,-96.641449,309.031189,133.900696,-96.135841,304.354126,136.417908,,,
4865,40.541667,15:00:22:08.01,-96.644783,302.152100,133.245407,-96.641472,309.030762,133.901077,-96.136703,304.352844,136.418808,,,
4866,40.550000,15:00:22:08.02,-96.647850,302.152710,133.245987,-96.642479,309.031525,133.900467,-96.136169,304.353210,136.417572,,,
4867,40.558333,15:00:22:08.03,-96.648056,302.153320,133.245071,-96.642036,309.031403,133.900833,-96.137962,304.353699,136.417953,,,
4868,40.566667,15:00:22:09.00,-96.646606,302.152954,133.246048,-96.643661,309.031891,133.902557,-96.136620,304.353699,136.418671,,,
4869,40.575000,15:00:22:09.01,-96.643211,302.152954,133.244370,-96.641418,309.029816,133.900009,-96.135384,304.353546,136.419128,,,
4870,40.583333,15:00:22:09.02,-96.645805,302.152527,133.246002,-96.642509,309.030762,133.899887,-96.119308,304.353302,136.417801,,,
4871,40.591667,15:00:22:09.03,-96.645012,302.152283,133.245728,-96.642067,309.031097,133.901093,-96.134964,304.354919,136.418564,,,
4872,40.600000,15:00:22:10.00,-96.646606,302.153900,133.245178,-96.641548,309.032043,133.901184,-96.118011,304.353119,136.417908,,,
4873,40.608333,15:00:22:10.01,-96.645828,302.153168,133.245682,-96.640724,309.031616,133.900223,-96.133575,304.354980,136.419189,,,
4874,40.616667,15:00:22:10.02,-96.645592,302.153931,133.246307,-96.641998,309.031281,133.902390,-96.136131,304.352844,136.418289,,,
4875,40.625000,15:00:22:10.03,-96.646637,302.153564,133.244690,-96.641800,309.031281,133.902390,-96.136574,304.352844,136.419418,,,
4876,40.633333,15:00:22:11.00,-96.645668,302.153107,133.245605,-96.642189,309.030731,133.901566,-96.137901,304.353516,136.418350,,,
4877,40.641667,15:00:22:11.01,-96.647224,302.153015,133.245544,-96.641731,309.029785,133.901062,-96.136688,304.352722,136.418533,,,
4878,40.650000,15:00:22:11.02,-96.646927,302.152283,133.244949,-96.641556,309.031067,133.901031,-96.136024,304.352600,136.417694,,,
4879,40.658333,15:00:22:11.03,-96.646423,302.152985,133.244919,-96.640549,309.030670,133.901871,-96.119057,304.351440,136.418457,,,
4880,40.666667,15:00:22:12.00,-96.647438,302.152740,133.245468,-96.641762,309.030762,133.902603,-96.136604,304.354401,136.418076,,,
4881,40.675000,15:00:22:12.01,-96.646759,302.151886,133.246490,-96.641655,309.030365,133.901810,-96.137817,304.351532,136.419159,,,
4882,40.683333,15:00:22:12.02,-96.647743,302.153625,133.246140,-96.643570,309.030518,133.901428,-96.138512,304.353607,136.418732,,,
4883,40.691667,15:00:22:12.03,-96.647087,302.151703,133.245010,-96.644547,309.030304,133.900070,-96.136566,304.354797,136.418320,,,
4884,40.700000,15:00:22:13.00,-96.648186,302.152618,133.245209,-96.643333,309.029968,133.901367,-96.135948,304.352661,136.417664,,,
4885,40.708333,15:00:22:13.01,-96.646744,302.152435,133.245178,-96.642471,309.030243,133.901718,-96.137413,304.352936,136.418732,,,
4886,40.716667,15:00:22:13.02,-96.644470,302.152557,133.245499,-96.642319,309.030853,133.901306,-96.118652,304.352173,136.416977,,,
4887,40.725000,15:00:22:13.03,-96.644722,302.153687,133.245819,-96.642525,309.031555,133.902512,-96.135918,304.354858,136.419022,,,
4888,40.733333,15:00:22:14.00,-96.645958,302.153320,133.246414,-96.641853,309.031311,133.900665,-96.121124,304.353180,136.417664,,,
4889,40.741667,15:00:22:14.01,-96.644424,302.155182,133.245255,-96.642296,309.031647,133.901260,-96.135582,304.353729,136.419617,,,
4890,40.750000,15:00:22:14.02,-96.645645,302.154388,133.246506,-96.641197,309.031738,133.901031,-96.137032,304.354706,136.419067,,,
4891,40.758333,15:00:22:14.03,-96.647636,302.152649,133.246094,-96.642479,309.030762,133.900833,-96.135696,304.353210,136.418518,,,
4892,40.766667,15:00:22:15.00,-96.647575,302.152618,133.246033,-96.641655,309.030304,133.902145,-96.116516,304.352448,136.417267,,,
4893,40.775000,15:00:22:15.01,-96.648308,302.153595,133.246033,-96.641579,309.031036,133.902054,-96.117096,304.354401,136.417984,,,
4894,40.783333,15:00:22:15.02,-96.647224,302.154114,133.246246,-96.641777,309.032562,133.902496,-96.135529,304.355988,136.419708,,,
4895,40.791667,15:00:22:15.03,-96.648392,302.153931,133.246964,-96.641556,309.033051,133.901840,-96.120277,304.353333,136.418030,,,
4896,40.800000,15:00:22:16.00,-96.649208,302.154175,133.247177,-96.642349,309.033386,133.902908,-96.118744,304.356506,136.419449,,,
4897,40.808333,15:00:22:16.01,-96.648720,302.155090,133.246582,-96.642776,309.033295,133.901413,-96.135345,304.355774,136.418762,,,
4898,40.816667,15:00:22:16.02,-96.647751,302.154449,133.245529,-96.642448,309.032745,133.903061,-96.136078,304.353485,136.418945,,,
4899,40.825000,15:00:22:16.03,-96.647438,302.152863,133.246017,-96.640831,309.032654,133.901627,-96.119598,304.351166,136.418427,,,
4900,40.833333,15:00:22:17.00,-96.650032,302.152649,133.246521,-96.642578,309.032471,133.901794,-96.136513,304.353821,136.418915,,,
4901,40.841667,15:00:22:17.01,-96.647011,302.153351,133.246307,-96.641830,309.031097,133.901596,-96.138069,304.353546,136.418610,,,
4902,40.850000,15:00:22:17.02,-96.648064,302.154022,133.246857,-96.642654,309.032288,133.902191,-96.136345,304.352142,136.419495,,,
4903,40.858333,15:00:22:17.03,-96.649567,302.152924,133.246750,-96.643463,309.031586,133.902100,-96.138168,304.354706,136.419235,,,
4904,40.866667,15:00:22:18.00,-96.647034,302.153412,133.245255,-96.645180,309.032257,133.902679,-96.137650,304.354065,136.419189,,,
4905,40.875000,15:00:22:18.01,-96.646629,302.153137,133.245773,-96.642265,309.030182,133.902069,-96.136185,304.352722,136.418564,,,
4906,40.883333,15:00:22:18.02,-96.645531,302.152313,133.245850,-96.643158,309.030518,133.902710,-96.136864,304.352875,136.418915,,,
4907,40.891667,15:00:22:18.03,-96.644066,302.152435,133.246414,-96.641563,309.031860,133.901520,-96.118507,304.352814,136.418030,,,
4908,40.900000,15:00:22:19.00,-96.647766,302.154236,133.246033,-96.640915,309.031128,133.902222,-96.135292,304.353943,136.418564,,,
4909,40.908333,15:00:22:19.01,-96.648598,302.153442,133.246429,-96.641747,309.032715,133.902374,-96.137688,304.354919,136.419052,,,
4910,40.916667,15:00:22:19.02,-96.648453,302.154083,133.246948,-96.640732,309.032776,133.901535,-96.137245,304.355042,136.418793,,,
4911,40.925000,15:00:22:19.03,-96.646347,302.154175,133.247208,-96.642380,309.032532,133.902618,-96.135269,304.354919,136.419174,,,
4912,40.933333,15:00:22:20.00,-96.647934,302.153809,133.246597,-96.641609,309.031799,133.902847,-96.135918,304.354675,136.418274,,,
4913,40.941667,15:00:22:20.01,-96.648155,302.154816,133.246353,-96.639503,309.032379,133.902008,-96.117477,304.353790,136.418457,,,
4914,40.950000,15:00:22:20.02,-96.647148,302.153961,133.246902,-96.640182,309.032074,133.901642,-96.135071,304.355469,136.419342,,,
4915,40.958333,15:00:22:20.03,-96.647865,302.154327,133.246033,-96.641235,309.032288,133.902084,-96.135620,304.353699,136.418610,,,
4916,40.966667,15:00:22:21.00,-96.647491,302.154022,133.246735,-96.642754,309.033478,133.902710,-96.135406,304.355042,136.419373,,,
4917,40.975000,15:00:22:21.01,-96.649460,302.154327,133.246490,-96.642288,309.032928,133.901794,-96.137932,304.355774,136.420090,,,
4918,40.983333,15:00:22:21.02,-96.648232,302.155029,133.247223,-96.642357,309.032288,133.902817,-96.138672,304.355988,136.419449,,,
4919,40.991667,15:00:22:21.03,-96.644669,302.153534,133.245697,-96.642342,309.032501,133.902908,-96.136406,304.354797,136.419983,,,
4920,41.000000,15:00:22:22.00,-96.645500,302.154694,133.246567,-96.642128,309.032745,133.902771,-96.136696,304.354706,136.418961,,,
4921,41.008333,15:00:22:22.01,-96.645477,302.154846,133.245789,-96.642532,309.031616,133.902451,-96.137535,304.354675,136.420410,,,
4922,41.016667,15:00:22:22.02,-96.647011,302.154358,133.245712,-96.642998,309.032196,133.903656,-96.138077,304.355835,136.418777,,,
4923,41.025000,15:00:22:22.03,-96.647400,302.153839,133.245392,-96.642189,309.032959,133.902908,-96.120148,304.353607,136.417816,,,
4924,41.033333,15:00:22:23.00,-96.645203,302.153381,133.245270,-96.642868,309.032379,133.902771,-96.135429,304.355072,136.419128,,,
4925,41.041667,15:00:22:23.01,-96.643684,302.153381,133.245239,-96.641945,309.030365,133.901703,-96.119316,304.353394,136.418488,,,
4926,41.050000,15:00:22:23.02,-96.646141,302.154816,133.246582,-96.642044,309.031006,133.901993,-96.136780,304.355194,136.419876,,,
4927,41.058333,15:00:22:23.03,-96.646362,302.153748,133.246628,-96.641449,309.032501,133.901978,-96.120163,304.352203,136.418182,,,
4928,41.066667,15:00:22:24.00,-96.646454,302.152863,133.246475,-96.641396,309.031555,133.902328,-96.118523,304.355042,136.419647,,,
4929,41.075000,15:00:22:24.01,-96.649178,302.153839,133.246048,-96.641571,309.033142,133.901917,-96.135529,304.356171,136.418884,,,
4930,41.083333,15:00:22:24.02,-96.647804,302.153107,133.246399,-96.642639,309.033142,133.902924,-96.120300,304.352722,136.419052,,,
4931,41.091667,15:00:22:24.03,-96.644928,302.153809,133.245728,-96.642044,309.032379,133.902878,-96.118385,304.355286,136.418396,,,
4932,41.100000,15:00:22:25.00,-96.646431,302.153290,133.246368,-96.641373,309.031158,133.901947,-96.135399,304.354706,136.418686,,,
4933,41.108333,15:00:22:25.01,-96.648796,302.153503,133.246429,-96.640480,309.032410,133.902359,-96.138123,304.353851,136.419281,,,
4934,41.116667,15:00:22:25.02,-96.647522,302.152954,133.245941,-96.641251,309.033417,133.902893,-96.138290,304.353668,136.419159,,,
4935,41.125000,15:00:22:25.03,-96.648827,302.153809,133.246170,-96.641891,309.032349,133.901474,-96.137817,304.354156,136.419418,,,
4936,41.133333,15:00:22:26.00,-96.647659,302.153168,133.246933,-96.644386,309.032562,133.902527,-96.138092,304.355438,136.418854,,,
4937,41.141667,15:00:22:26.01,-96.647736,302.154053,133.246735,-96.643303,309.031067,133.902313,-96.119789,304.353699,136.418274,,,
4938,41.150000,15:00:22:26.02,-96.646248,302.153473,133.246109,-96.642838,309.031952,133.902710,-96.136589,304.354675,136.419327,,,
4939,41.158333,15:00:22:26.03,-96.649979,302.153229,133.246002,-96.643105,309.032501,133.902847,-96.138451,304.354584,136.419846,,,
4940,41.166667,15:00:22:27.00,-96.649750,302.153564,133.246216,-96.643784,309.031616,133.901886,-96.137009,304.353607,136.419037,,,
4941,41.175000,15:00:22:27.01,-96.649231,302.154053,133.246643,-96.643188,309.030640,133.902191,-96.138893,304.354492,136.419708,,,
4942,41.183333,15:00:22:27.02,-96.649864,302.153992,133.247131,-96.643677,309.031586,133.903244,-96.136581,304.354584,136.417755,,,
4943,41.191667,15:00:22:27.03,-96.648193,302.153809,133.246384,-96.640450,309.032166,133.901382,-96.120682,304.354797,136.420090,,,
4944,41.200000,15:00:22:28.00,-96.647972,302.152893,133.247238,-96.641960,309.032928,133.903809,-96.135452,304.355133,136.419540,,,
4945,41.208333,15:00:22:28.01,-96.647530,302.152954,133.246368,-96.642540,309.031830,133.901840,-96.135574,304.352295,136.418213,,,
4946,41.216667,15:00:22:28.02,-96.647705,302.153625,133.245392,-96.642159,309.031830,133.902802,-96.135971,304.353424,136.418106,,,
4947,41.225000,15:00:22:28.03,-96.647194,302.153168,133.245117,-96.642914,309.031311,133.902725,-96.119789,304.353210,136.418030,,,
4948,41.233333,15:00:22:29.00,-96.646088,302.151978,133.245667,-96.642914,309.032257,133.902664,-96.136650,304.354492,136.419449,,,
4949,41.241667,15:00:22:29.01,-96.648796,302.152557,133.247803,-96.644257,309.031921,133.902771,-96.136047,304.352417,136.418732,,,
4950,41.250000,15:00:22:29.02,-96.647774,302.152740,133.245972,-96.641090,309.030945,133.902023,-96.119888,304.353821,136.419022,,,
4951,41.258333,15:00:22:29.03,-96.648468,302.152313,133.247192,-96.643661,309.031525,133.902145,-96.136299,304.354431,136.421295,,,
4952,41.266667,15:00:23:00.00,-96.645210,302.152954,133.246094,-96.642227,309.031403,133.902451,-96.135887,304.352966,136.418961,,,
4953,41.275000,15:00:23:00.01,-96.646034,302.153381,133.246689,-96.642883,309.031311,133.903198,-96.136497,304.353821,136.418182,,,
4954,41.283333,15:00:23:00.02,-96.646866,302.153717,133.246750,-96.643440,309.032593,133.902176,-96.136543,304.353943,136.419281,,,
4955,41.291667,15:00:23:00.03,-96.646599,302.153503,133.246872,-96.642883,309.031525,133.902222,-96.136543,304.353607,136.418365,,,
4956,41.300000,15:00:23:01.00,-96.645889,302.153046,133.246643,-96.644218,309.031616,133.903534,-96.138748,304.354950,136.420410,,,
4957,41.308333,15:00:23:01.01,-96.647316,302.154419,133.247208,-96.642998,309.031769,133.902496,-96.120255,304.354156,136.418884,,,
4958,41.316667,15:00:23:01.02,-96.645615,302.153534,133.245529,-96.642006,309.031494,133.902878,-96.135887,304.355347,136.419495,,,
4959,41.325000,15:00:23:01.03,-96.646240,302.154541,133.246582,-96.641426,309.031647,133.902542,-96.136253,304.352966,136.419327,,,
4960,41.333333,15:00:23:02.00,-96.645828,302.154175,133.247070,-96.641693,309.032379,133.902725,-96.137115,304.355743,136.419464,,,
4961,41.341667,15:00:23:02.01,-96.646057,302.153717,133.246155,-96.641884,309.033539,133.901932,-96.136841,304.355927,136.419205,,,
4962,41.350000,15:00:23:02.02,-96.646919,302.155334,133.246445,-96.642426,309.033020,133.902451,-96.118019,304.354492,136.418640,,,
4963,41.358333,15:00:23:02.03,-96.647850,302.154114,133.247147,-96.642212,309.033264,133.902603,-96.117676,304.355438,136.419205,,,
4964,41.366667,15:00:23:03.00,-96.645187,302.154175,133.246826,-96.640167,309.031525,133.901291,-96.133369,304.355255,136.419327,,,
4965,41.375000,15:00:23:03.01,-96.643105,302.153381,133.246536,-96.640724,309.031799,133.902832,-96.135490,304.353210,136.419205,,,
4966,41.383333,15:00:23:03.02,-96.645073,302.153809,133.246414,-96.641068,309.032074,133.901489,-96.135971,304.354126,136.419250,,,
4967,41.391667,15:00:23:03.03,-96.646393,302.154694,133.246170,-96.640961,309.031616,133.902237,-96.117531,304.353851,136.418015,,,
4968,41.400000,15:00:23:04.00,-96.646111,302.154510,133.247253,-96.641678,309.031555,133.902603,-96.134529,304.355560,136.418777,,,
4969,41.408333,15:00:23:04.01,-96.644852,302.153931,133.245499,-96.642807,309.031372,133.902817,-96.118904,304.353699,136.418427,,,
4970,41.416667,15:00:23:04.02,-96.644958,302.154114,133.247253,-96.643318,309.032959,133.903717,-96.134384,304.355347,136.419754,,,
4971,41.425000,15:00:23:04.03,-96.646179,302.153168,133.247253,-96.641716,309.032593,133.902740,-96.119156,304.352478,136.418396,,,
4972,41.433333,15:00:23:05.00,-96.645279,302.153381,133.246368,-96.641045,309.032166,133.902740,-96.136414,304.355927,136.420105,,,
4973,41.441667,15:00:23:05.01,-96.646202,302.154144,133.246170,-96.642197,309.032715,133.902298,-96.119202,304.353180,136.418228,,,
4974,41.450000,15:00:23:05.02,-96.645317,302.153076,133.245697,-96.641525,309.032410,133.901443,-96.137222,304.356812,136.418625,,,
4975,41.458333,15:00:23:05.03,-96.645569,302.154449,133.246368,-96.641861,309.031403,133.902328,-96.136787,304.354034,136.419891,,,
4976,41.466667,15:00:23:06.00,-96.646385,302.154388,133.246277,-96.642235,309.031799,133.902466,-96.135727,304.354614,136.419327,,,
4977,41.475000,15:00:23:06.01,-96.646088,302.153595,133.245972,-96.641663,309.032959,133.903030,-96.137108,304.355865,136.419495,,,
4978,41.483333,15:00:23:06.02,-96.647095,302.155273,133.247192,-96.641380,309.031982,133.902466,-96.136856,304.354858,136.417618,,,
4979,41.491667,15:00:23:06.03,-96.646721,302.152893,133.247025,-96.641426,309.032501,133.902008,-96.135185,304.354004,136.418121,,,
4980,41.500000,15:00:23:07.00,-96.645996,302.154419,133.247192,-96.641144,309.033600,133.902252,-96.135674,304.354218,136.417923,,,
4981,41.508333,15:00:23:07.01,-96.645508,302.154297,133.247421,-96.641129,309.032013,133.902969,-96.134369,304.355011,136.419952,,,
4982,41.516667,15:00:23:07.02,-96.645203,302.153931,133.246582,-96.640480,309.032837,133.902328,-96.135101,304.354248,136.418182,,,
4983,41.525000,15:00:23:07.03,-96.644745,302.153687,133.246582,-96.641640,309.032166,133.902725,-96.135284,304.355042,136.419662,,,
4984,41.533333,15:00:23:08.00,-96.644470,302.154602,133.246536,-96.640686,309.033386,133.903320,-96.135345,304.354431,136.418304,,,
4985,41.541667,15:00:23:08.01,-96.646011,302.154480,133.246750,-96.638618,309.032410,133.901764,-96.134407,304.354675,136.419418,,,
4986,41.550000,15:00:23:08.02,-96.646255,302.154846,133.247162,-96.640182,309.032379,133.903091,-96.133965,304.355438,136.418396,,,
4987,41.558333,15:00:23:08.03,-96.646614,302.154144,133.245102,-96.641403,309.032593,133.901733,-96.117889,304.354004,136.418304,,,
4988,41.566667,15:00:23:09.00,-96.645454,302.154022,133.246857,-96.643097,309.032745,133.903275,-96.135277,304.355560,136.419922,,,
4989,41.575000,15:00:23:09.01,-96.647125,302.154480,133.247086,-96.641106,309.031281,133.903229,-96.136177,304.355560,136.419113,,,
4990,41.583333,15:00:23:09.02,-96.646103,302.154175,133.246689,-96.641769,309.032166,133.901596,-96.135628,304.353424,136.419037,,,
4991,41.591667,15:00:23:09.03,-96.645767,302.153839,133.244827,-96.642845,309.031372,133.902039,-96.136864,304.353333,136.419754,,,
4992,41.600000,15:00:23:10.00,-96.647354,302.153259,133.246552,-96.641502,309.030579,133.900864,-96.138664,304.355408,136.419540,,,
4993,41.608333,15:00:23:10.01,-96.646118,302.153534,133.245804,-96.643494,309.033020,133.901978,-96.137283,304.353821,136.419403,,,
4994,41.616667,15:00:23:10.02,-96.647797,302.152283,133.245865,-96.652184,309.036865,133.900558,-96.136627,304.354645,136.418732,,,
4995,41.625000,15:00:23:10.03,-96.646255,302.152954,133.246170,-96.642883,309.030090,133.901352,-96.137085,304.354309,136.419617,,,
4996,41.633333,15:00:23:11.00,-96.646919,302.154053,133.246918,-96.641296,309.031982,133.901764,-96.136002,304.354126,136.419861,,,
4997,41.641667,15:00:23:11.01,-96.646797,302.153931,133.245773,-96.642113,309.031952,133.902527,-96.136024,304.354034,136.418839,,,
4998,41.650000,15:00:23:11.02,-96.647812,302.153625,133.245972,-96.640450,309.031586,133.900894,-96.134987,304.352600,136.417374,,,
4999,41.658333,15:00:23:11.03,-96.646553,302.154755,133.245148,-96.641968,309.030975,133.901154,-96.135338,304.354462,136.418991,,,
5000,41.666667,15:00:23:12.00,-96.646210,302.152985,133.246063,-96.640083,309.032166,133.901352,-96.135872,304.354492,136.419174,,,
5001,41.675000,15:00:23:12.01,-96.646118,302.152649,133.245193,-96.641068,309.032135,133.901566,-96.118454,304.353516,136.417969,,,
5002,41.683333,15:00:23:12.02,-96.646584,302.154480,133.246521,-96.641678,309.032257,133.901794,-96.136353,304.356659,136.418152,,,
5003,41.691667,15:00:23:12.03,-96.645309,302.154663,133.245148,-96.640495,309.032562,133.900711,-96.118370,304.354401,136.416550,,,
5004,41.700000,15:00:23:13.00,-96.645966,302.154144,133.245605,-96.640167,309.031860,133.899902,-96.133179,304.356201,136.418671,,,
5005,41.708333,15:00:23:13.01,-96.646011,302.154633,133.244949,-96.641121,309.031677,133.900482,-96.134079,304.354950,136.418488,,,
5006,41.716667,15:00:23:13.02,-96.645401,302.153992,133.246964,-96.640930,309.031250,133.899490,-96.134705,304.354889,136.418274,,,
5007,41.725000,15:00:23:13.03,-96.645767,302.153778,133.245270,-96.641342,309.032104,133.900894,-96.135185,304.354248,136.417633,,,
5008,41.733333,15:00:23:14.00,-96.647392,302.154877,133.245178,-96.642075,309.032288,133.901810,-96.135674,304.354767,136.418381,,,
5009,41.741667,15:00:23:14.01,-96.646759,302.154205,133.245377,-96.641083,309.032257,133.901459,-96.136032,304.355530,136.419281,,,
5010,41.750000,15:00:23:14.02,-96.648399,302.154297,133.246536,-96.642136,309.032288,133.902328,-96.117821,304.353119,136.416687,,,
5011,41.758333,15:00:23:14.03,-96.645355,302.153229,133.244995,-96.642601,309.032166,133.901367,-96.117691,304.355347,136.418793,,,
5012,41.766667,15:00:23:15.00,-96.645775,302.153961,133.245071,-96.642197,309.032043,133.901291,-96.134224,304.353912,136.417313,,,
5013,41.775000,15:00:23:15.01,-96.648026,302.153656,133.245636,-96.641937,309.031006,133.900635,-96.138176,304.353394,136.418671,,,
5014,41.783333,15:00:23:15.02,-96.647575,302.153625,133.246384,-96.641609,309.029785,133.901337,-96.137146,304.352722,136.417831,,,
5015,41.791667,15:00:23:15.03,-96.647339,302.154846,133.246735,-96.641449,309.030731,133.900589,-96.135483,304.353546,136.418869,,,
5016,41.800000,15:00:23:16.00,-96.647621,302.154144,133.245148,-96.642250,309.032471,133.901627,-96.119675,304.353363,136.417557,,,
5017,41.808333,15:00:23:16.01,-96.648201,302.152679,133.245438,-96.639877,309.031525,133.900146,-96.116852,304.354248,136.416855,,,
5018,41.816667,15:00:23:16.02,-96.647079,302.152679,133.245255,-96.640503,309.031403,133.900803,-96.134880,304.353607,136.418793,,,
5019,41.825000,15:00:23:16.03,-96.647789,302.152863,133.245819,-96.642387,309.032440,133.901779,-96.134720,304.352417,136.418411,,,
5020,41.833333,15:00:23:17.00,-96.647110,302.151825,133.246033,-96.643066,309.031738,133.902771,-96.135902,304.352936,136.417084,,,
5021,41.841667,15:00:23:17.01,-96.644821,302.151703,133.245285,-96.642380,309.032196,133.901840,-96.119156,304.352539,136.417969,,,
5022,41.850000,15:00:23:17.02,-96.644798,302.153198,133.245636,-96.641983,309.031433,133.901627,-96.116486,304.354614,136.417633,,,
5023,41.858333,15:00:23:17.03,-96.645264,302.153778,133.245605,-96.640984,309.032532,133.901413,-96.134308,304.353638,136.418320,,,
5024,41.866667,15:00:23:18.00,-96.646812,302.154785,133.246750,-96.642288,309.031586,133.901474,-96.135796,304.353516,136.417084,,,
5025,41.875000,15:00:23:18.01,-96.647713,302.153198,133.245529,-96.640709,309.031799,133.900009,-96.136383,304.354004,136.419357,,,
5026,41.883333,15:00:23:18.02,-96.647018,302.153687,133.245712,-96.641991,309.031403,133.900970,-96.135918,304.352539,136.417770,,,
5027,41.891667,15:00:23:18.03,-96.643631,302.153778,133.245056,-96.642845,309.032074,133.902588,-96.136879,304.353455,136.418228,,,
5028,41.900000,15:00:23:19.00,-96.646538,302.154053,133.245575,-96.641762,309.031403,133.900803,-96.134827,304.353119,136.417267,,,
5029,41.908333,15:00:23:19.01,-96.646706,302.153198,133.245911,-96.642479,309.032684,133.901611,-96.118385,304.355316,136.418457,,,
5030,41.916667,15:00:23:19.02,-96.647957,302.153839,133.245422,-96.642815,309.032074,133.901031,-96.134453,304.356415,136.417877,,,
5031,41.925000,15:00:23:19.03,-96.646973,302.153656,133.246033,-96.642479,309.031464,133.901367,-96.119858,304.352722,136.417938,,,
5032,41.933333,15:00:23:20.00,-96.646568,302.152863,133.245941,-96.642731,309.032623,133.901489,-96.135132,304.354675,136.418762,,,
5033,41.941667,15:00:23:20.01,-96.647278,302.153320,133.246216,-96.642860,309.032623,133.901810,-96.135620,304.354492,136.418671,,,
5034,41.950000,15:00:23:20.02,-96.645409,302.153931,133.245880,-96.641502,309.030975,133.901245,-96.118393,304.353058,136.417908,,,
5035,41.958333,15:00:23:20.03,-96.643921,302.153290,133.245316,-96.640083,309.031311,133.900970,-96.134033,304.353790,136.417252,,,
5036,41.966667,15:00:23:21.00,-96.645042,302.153351,133.245224,-96.642128,309.031128,133.902115,-96.119667,304.351898,136.417389,,,
5037,41.975000,15:00:23:21.01,-96.647041,302.152832,133.246460,-96.639481,309.030426,133.900131,-96.135521,304.353973,136.417343,,,
5038,41.983333,15:00:23:21.02,-96.648109,302.153534,133.245712,-96.640953,309.030518,133.901276,-96.136948,304.354370,136.418289,,,
5039,41.991667,15:00:23:21.03,-96.646278,302.152191,133.246429,-96.641510,309.032013,133.901901,-96.135666,304.353729,136.419601,,,
5040,42.000000,15:00:23:22.00,-96.645874,302.152863,133.246201,-96.641975,309.031586,133.901505,-96.136116,304.354370,136.418640,,,
5041,42.008333,15:00:23:22.01,-96.647331,302.153992,133.245728,-96.642296,309.029877,133.901428,-96.135635,304.353424,136.419189,,,
5042,42.016667,15:00:23:22.02,-96.648438,302.152405,133.246689,-96.641418,309.030853,133.901169,-96.136719,304.353027,136.417755,,,
5043,42.025000,15:00:23:22.03,-96.647888,302.152679,133.245514,-96.641197,309.030579,133.901077,-96.136246,304.352966,136.417465,,,
5044,42.033333,15:00:23:23.00,-96.646477,302.152222,133.246979,-96.642570,309.030762,133.902618,-96.135643,304.353790,136.418900,,,
5045,42.041667,15:00:23:23.01,-96.644554,302.152466,133.246704,-96.642021,309.031281,133.902222,-96.119453,304.353851,136.418396,,,
5046,42.050000,15:00:23:23.02,-96.644119,302.153198,133.245743,-96.641159,309.031860,133.901428,-96.135612,304.355865,136.419540,,,
5047,42.058333,15:00:23:23.03,-96.646439,302.153931,133.246643,-96.641884,309.032135,133.901352,-96.118355,304.354065,136.417892,,,
5048,42.066667,15:00:23:24.00,-96.644463,302.152588,133.244904,-96.642288,309.031799,133.901413,-96.135437,304.354797,136.419006,,,
5049,42.075000,15:00:23:24.01,-96.646988,302.152435,133.246872,-96.643143,309.031403,133.902008,-96.119820,304.352966,136.418396,,,
5050,42.083333,15:00:23:24.02,-96.648743,302.152740,133.246933,-96.642471,309.031830,133.901520,-96.135452,304.354492,136.419693,,,
5051,42.091667,15:00:23:24.03,-96.648125,302.154480,133.248596,-96.642044,309.031464,133.902267,-96.119125,304.353058,136.418030,,,
5052,42.100000,15:00:23:25.00,-96.647316,302.153198,133.247299,-96.642082,309.031433,133.902283,-96.134865,304.354736,136.418137,,,
5053,42.108333,15:00:23:25.01,-96.645149,302.153717,133.245377,-96.641624,309.032074,133.901779,-96.135689,304.353943,136.420242,,,
5054,42.116667,15:00:23:25.02,-96.646362,302.153229,133.245117,-96.640747,309.031677,133.902008,-96.134903,304.354584,136.418747,,,
5055,42.125000,15:00:23:25.03,-96.645599,302.153717,133.246414,-96.642540,309.031006,133.902847,-96.135750,304.353851,136.419678,,,
5056,42.133333,15:00:23:26.00,-96.645370,302.153290,133.245773,-96.642303,309.031250,133.903915,-96.117950,304.352142,136.418182,,,
5057,42.141667,15:00:23:26.01,-96.646317,302.153839,133.246445,-96.640297,309.031311,133.902069,-96.115669,304.354095,136.418793,,,
5058,42.150000,15:00:23:26.02,-96.645592,302.153076,133.246460,-96.640114,309.031158,133.902588,-96.117912,304.354340,136.418625,,,
5059,42.158333,15:00:23:26.03,-96.642860,302.153381,133.246933,-96.641350,309.031128,133.901840,-96.135941,304.355225,136.419647,,,
5060,42.166667,15:00:23:27.00,-96.644394,302.153290,133.246216,-96.641502,309.031158,133.902054,-96.118393,304.352264,136.417847,,,
5061,42.175000,15:00:23:27.01,-96.645561,302.152527,133.245758,-96.641533,309.030640,133.901810,-96.133141,304.354584,136.418655,,,
5062,42.183333,15:00:23:27.02,-96.644897,302.153076,133.246902,-96.641258,309.032501,133.902527,-96.136292,304.354614,136.418930,,,
5063,42.191667,15:00:23:27.03,-96.645134,302.152405,133.246460,-96.641479,309.031403,133.902725,-96.137062,304.352753,136.419754,,,
5064,42.200000,15:00:23:28.00,-96.645287,302.152618,133.246475,-96.641586,309.030853,133.902390,-96.137733,304.354187,136.419266,,,
5065,42.208333,15:00:23:28.01,-96.645485,302.152954,133.246643,-96.642365,309.030884,133.902542,-96.118965,304.353333,136.418533,,,
5066,42.216667,15:00:23:28.02,-96.647194,302.153442,133.247894,-96.642845,309.031403,133.902283,-96.135025,304.355591,136.418625,,,
5067,42.225000,15:00:23:28.03,-96.647194,302.153412,133.247055,-96.642342,309.031799,133.901520,-96.118004,304.352509,136.418976,,,
5068,42.233333,15:00:23:29.00,-96.646759,302.153473,133.247040,-96.641953,309.031647,133.901077,-96.135078,304.355530,136.417847,,,
5069,42.241667,15:00:23:29.01,-96.646774,302.152924,133.246887,-96.642311,309.030975,133.901855,-96.120155,304.354126,136.418076,,,
5070,42.250000,15:00:23:29.02,-96.646080,302.154175,133.245636,-96.642014,309.031525,133.902924,-96.133492,304.355347,136.418335,,,
5071,42.258333,15:00:23:29.03,-96.643379,302.153168,133.246140,-96.642075,309.031403,133.902771,-96.136223,304.353668,136.419205,,,
5072,42.266667,15:00:24:00.00,-96.646744,302.153656,133.246460,-96.640411,309.031616,133.901672,-96.135788,304.354004,136.419693,,,
5073,42.275000,15:00:24:00.01,-96.646538,302.153900,133.246201,-96.640076,309.032288,133.901474,-96.118469,304.354126,136.418503,,,
5074,42.283333,15:00:24:00.02,-96.646423,302.153809,133.247299,-96.641174,309.032104,133.901947,-96.134949,304.356995,136.418823,,,
5075,42.291667,15:00:24:00.03,-96.646515,302.154388,133.246750,-96.640358,309.032227,133.901077,-96.136757,304.355957,136.419525,,,
5076,42.300000,15:00:24:01.00,-96.649055,302.153778,133.247101,-96.641182,309.031189,133.902374,-96.137825,304.355804,136.420242,,,
5077,42.308333,15:00:24:01.01,-96.647644,302.153778,133.246750,-96.643105,309.033173,133.904251,-96.135399,304.354309,136.420029,,,
5078,42.316667,15:00:24:01.02,-96.645081,302.153442,133.246307,-96.640526,309.034454,133.901993,-96.136131,304.356018,136.419968,,,
5079,42.325000,15:00:24:01.03,-96.647087,302.155029,133.245987,-96.640831,309.033081,133.903275,-96.118637,304.355499,136.419250,,,
5080,42.333333,15:00:24:02.00,-96.647621,302.154175,133.247559,-96.642197,309.033051,133.903229,-96.136681,304.356384,136.420517,,,
5081,42.341667,15:00:24:02.01,-96.649384,302.154388,133.247635,-96.642464,309.032318,133.903763,-96.120590,304.353760,136.418793,,,
5082,42.350000,15:00:24:02.02,-96.649689,302.154175,133.247437,-96.643356,309.033173,133.903641,-96.137100,304.355865,136.420303,,,
5083,42.358333,15:00:24:02.03,-96.647766,302.154358,133.246994,-96.642693,309.032990,133.903091,-96.137909,304.355347,136.420898,,,
5084,42.366667,15:00:24:03.00,-96.648003,302.154541,133.247192,-96.642693,309.032990,133.903122,-96.136444,304.354492,136.420563,,,
5085,42.375000,15:00:24:03.01,-96.650383,302.154266,133.247833,-96.641693,309.032074,133.902344,-96.137459,304.355896,136.418732,,,
5086,42.383333,15:00:24:03.02,-96.651176,302.154175,133.248444,-96.643082,309.031891,133.903320,-96.136742,304.355835,136.419907,,,
5087,42.391667,15:00:24:03.03,-96.649422,302.154877,133.247162,-96.642693,309.032349,133.903763,-96.138016,304.356110,136.419601,,,
5088,42.400000,15:00:24:04.00,-96.649727,302.155243,133.246567,-96.644333,309.033813,133.904404,-96.137383,304.354706,136.419235,,,
5089,42.408333,15:00:24:04.01,-96.650307,302.155029,133.247116,-96.643181,309.032593,133.902985,-96.137947,304.355804,136.420761,,,
5090,42.416667,15:00:24:04.02,-96.647491,302.155273,133.247955,-96.642220,309.033508,133.902451,-96.138535,304.356628,136.419678,,,
5091,42.425000,15:00:24:04.03,-96.648598,302.156006,133.247177,-96.642952,309.032990,133.903351,-96.137306,304.356476,136.418320,,,
5092,42.433333,15:00:24:05.00,-96.645370,302.154388,133.246368,-96.642960,309.033051,133.902557,-96.138351,304.356964,136.419830,,,
5093,42.441667,15:00:24:05.01,-96.646431,302.154846,133.247101,-96.642227,309.032654,133.902298,-96.135826,304.356079,136.418533,,,
5094,42.450000,15:00:24:05.02,-96.649376,302.154846,133.247559,-96.642868,309.034485,133.902985,-96.137634,304.357269,136.419708,,,
5095,42.458333,15:00:24:05.03,-96.649979,302.155487,133.247757,-96.643402,309.034119,133.903473,-96.138657,304.356934,136.420914,,,
5096,42.466667,15:00:24:06.00,-96.650368,302.155914,133.247513,-96.642700,309.034241,133.902832,-96.136658,304.356812,136.419342,,,
5097,42.475000,15:00:24:06.01,-96.650169,302.157440,133.247742,-96.642670,309.034363,133.901901,-96.122025,304.356873,136.419357,,,
5098,42.483333,15:00:24:06.02,-96.648827,302.155884,133.247589,-96.643913,309.034058,133.903625,-96.135620,304.357391,136.419815,,,
5099,42.491667,15:00:24:06.03,-96.649803,302.155731,133.247238,-96.642609,309.034729,133.903198,-96.138329,304.356445,136.419922,,,
5100,42.500000,15:00:24:07.00,-96.649200,302.155670,133.246735,-96.642761,309.033325,133.903091,-96.136353,304.355591,136.418106,,,
5101,42.508333,15:00:24:07.01,-96.650452,302.155853,133.246719,-96.642899,309.033051,133.903122,-96.120796,304.355469,136.418823,,,
5102,42.516667,15:00:24:07.02,-96.649277,302.156097,133.246536,-96.644646,309.033478,133.904480,-96.119621,304.356995,136.418564,,,
5103,42.525000,15:00:24:07.03,-96.649147,302.155701,133.245834,-96.642372,309.034119,133.903366,-96.120033,304.357635,136.418900,,,
5104,42.533333,15:00:24:08.00,-96.647598,302.155212,133.246643,-96.643539,309.034119,133.903717,-96.137398,304.356750,136.419510,,,
5105,42.541667,15:00:24:08.01,-96.649353,302.156311,133.247040,-96.643250,309.033661,133.902725,-96.137032,304.356232,136.418655,,,
5106,42.550000,15:00:24:08.02,-96.652260,302.155396,133.247574,-96.643082,309.033478,133.902939,-96.138161,304.355530,136.418503,,,
5107,42.558333,15:00:24:08.03,-96.650444,302.155823,133.246536,-96.642189,309.032532,133.901138,-96.136475,304.356018,136.418839,,,
5108,42.566667,15:00:24:09.00,-96.650864,302.155182,133.246475,-96.643135,309.034851,133.903580,-96.137627,304.356903,136.419022,,,
5109,42.575000,15:00:24:09.01,-96.651558,302.155823,133.247314,-96.642265,309.033203,133.902664,-96.121162,304.356628,136.418915,,,
5110,42.583333,15:00:24:09.02,-96.650124,302.156677,133.246582,-96.643005,309.033997,133.904083,-96.137802,304.356842,136.419968,,,
5111,42.591667,15:00:24:09.03,-96.648338,302.156036,133.247711,-96.642517,309.034454,133.902664,-96.120415,304.354706,136.418427,,,
5112,42.600000,15:00:24:10.00,-96.647980,302.155426,133.246506,-96.644119,309.034393,133.902756,-96.137299,304.358063,136.418777,,,
5113,42.608333,15:00:24:10.01,-96.650139,302.155609,133.246460,-96.642532,309.033722,133.902847,-96.137215,304.356445,136.418777,,,
5114,42.616667,15:00:24:10.02,-96.648064,302.155029,133.246246,-96.643425,309.034332,133.902924,-96.138206,304.356476,136.419617,,,
5115,42.625000,15:00:24:10.03,-96.648460,302.155060,133.246582,-96.645348,309.032654,133.903198,-96.121956,304.356232,136.418991,,,
5116,42.633333,15:00:24:11.00,-96.649643,302.157684,133.246887,-96.643478,309.033478,133.903427,-96.119461,304.356720,136.417953,,,
5117,42.641667,15:00:24:11.01,-96.648720,302.156006,133.246307,-96.644135,309.033356,133.902725,-96.137421,304.357422,136.420380,,,
5118,42.650000,15:00:24:11.02,-96.649750,302.155731,133.247437,-96.644096,309.033417,133.902771,-96.139038,304.355682,136.419327,,,
5119,42.658333,15:00:24:11.03,-96.650536,302.155365,133.247803,-96.642632,309.032837,133.901337,-96.120598,304.356659,136.418365,,,
5120,42.666667,15:00:24:12.00,-96.651230,302.155579,133.247955,-96.644035,309.032837,133.902679,-96.135696,304.356873,136.418869,,,
5121,42.675000,15:00:24:12.01,-96.649651,302.154999,133.246429,-96.644470,309.034088,133.902191,-96.138977,304.355896,136.419495,,,
5122,42.683333,15:00:24:12.02,-96.652313,302.155060,133.246643,-96.644440,309.034058,133.902451,-96.138321,304.356842,136.419159,,,
5123,42.691667,15:00:24:12.03,-96.651093,302.155365,133.247452,-96.644485,309.032959,133.902298,-96.138840,304.357422,136.418777,,,
5124,42.700000,15:00:24:13.00,-96.652199,302.155060,133.248077,-96.645752,309.033081,133.902451,-96.121124,304.356201,136.417542,,,
5125,42.708333,15:00:24:13.01,-96.651016,302.155365,133.247833,-96.643646,309.032837,133.901794,-96.136620,304.357574,136.419983,,,
5126,42.716667,15:00:24:13.02,-96.652740,302.155914,133.248108,-96.644150,309.032593,133.902649,-96.121529,304.355469,136.418381,,,
5127,42.725000,15:00:24:13.03,-96.651146,302.155792,133.245865,-96.645561,309.033020,133.903564,-96.136925,304.357391,136.419769,,,
5128,42.733333,15:00:24:14.00,-96.651649,302.156250,133.247025,-96.644608,309.034149,133.902328,-96.138123,304.355225,136.418106,,,
5129,42.741667,15:00:24:14.01,-96.649887,302.155029,133.246994,-96.644821,309.032837,133.904297,-96.137100,304.355377,136.418549,,,
5130,42.750000,15:00:24:14.02,-96.652313,302.155731,133.247345,-96.644073,309.033051,133.902344,-96.137726,304.356628,136.418823,,,
5131,42.758333,15:00:24:14.03,-96.652046,302.154846,133.246277,-96.645378,309.033234,133.902222,-96.121284,304.355682,136.417679,,,
5132,42.766667,15:00:24:15.00,-96.652458,302.154572,133.246307,-96.645737,309.032318,133.903366,-96.138283,304.358337,136.419785,,,
5133,42.775000,15:00:24:15.01,-96.653130,302.154663,133.246338,-96.644539,309.032898,133.902878,-96.136681,304.355804,136.419174,,,
5134,42.783333,15:00:24:15.02,-96.652397,302.155579,133.246902,-96.644699,309.032318,133.902435,-96.137451,304.355682,136.418488,,,
5135,42.791667,15:00:24:15.03,-96.650574,302.154266,133.247070,-96.644966,309.033264,133.903244,-96.138832,304.355896,136.417801,,,
5136,42.800000,15:00:24:16.00,-96.651825,302.156342,133.247360,-96.644920,309.032715,133.901352,-96.138481,304.355530,136.418777,,,
5137,42.808333,15:00:24:16.01,-96.651855,302.155487,133.247894,-96.645340,309.032959,133.903015,-96.138588,304.355652,136.419098,,,
5138,42.816667,15:00:24:16.02,-96.652397,302.155090,133.246567,-96.644501,309.032837,133.902496,-96.138878,304.356110,136.418579,,,
5139,42.825000,15:00:24:16.03,-96.652473,302.155273,133.246704,-96.644020,309.032928,133.901886,-96.121826,304.354980,136.419296,,,
5140,42.833333,15:00:24:17.00,-96.650612,302.155487,133.246674,-96.644661,309.033203,133.902542,-96.136772,304.357208,136.419159,,,
5141,42.841667,15:00:24:17.01,-96.650345,302.155365,133.247406,-96.644958,309.032806,133.902924,-96.139305,304.354706,136.418884,,,
5142,42.850000,15:00:24:17.02,-96.650063,302.155457,133.246735,-96.644684,309.032379,133.902435,-96.140747,304.355347,136.419907,,,
5143,42.858333,15:00:24:17.03,-96.649178,302.155518,133.247726,-96.644585,309.033630,133.901993,-96.138374,304.354889,136.418503,,,
5144,42.866667,15:00:24:18.00,-96.650253,302.154541,133.247162,-96.644493,309.033936,133.902908,-96.137192,304.356659,136.419250,,,
5145,42.875000,15:00:24:18.01,-96.649567,302.155426,133.247406,-96.644638,309.034271,133.902954,-96.137405,304.356354,136.418869,,,
5146,42.883333,15:00:24:18.02,-96.650192,302.155365,133.247726,-96.646561,309.032867,133.903671,-96.138588,304.356201,136.418976,,,
5147,42.891667,15:00:24:18.03,-96.650871,302.154877,133.247223,-96.644753,309.031799,133.902130,-96.120758,304.355011,136.418839,,,
5148,42.900000,15:00:24:19.00,-96.648720,302.154572,133.246674,-96.645012,309.032501,133.902435,-96.136620,304.355774,136.419388,,,
5149,42.908333,15:00:24:19.01,-96.651588,302.154877,133.248108,-96.644196,309.033295,133.902832,-96.137665,304.355347,136.419373,,,
5150,42.916667,15:00:24:19.02,-96.651535,302.155029,133.247955,-96.642265,309.032837,133.903076,-96.121979,304.355682,136.419479,,,
5151,42.925000,15:00:24:19.03,-96.648567,302.153839,133.247833,-96.643448,309.032715,133.902695,-96.119415,304.356537,136.419617,,,
5152,42.933333,15:00:24:20.00,-96.651253,302.154877,133.247299,-96.644295,309.033783,133.903091,-96.138535,304.357208,136.419922,,,
5153,42.941667,15:00:24:20.01,-96.653000,302.154358,133.247971,-96.644783,309.032684,133.902756,-96.121437,304.354492,136.419373,,,
5154,42.950000,15:00:24:20.02,-96.652222,302.155182,133.247620,-96.644989,309.033844,133.904877,-96.138153,304.356934,136.418671,,,
5155,42.958333,15:00:24:20.03,-96.653297,302.153656,133.248611,-96.643890,309.032501,133.904266,-96.138245,304.355133,136.420898,,,
5156,42.966667,15:00:24:21.00,-96.650421,302.154083,133.246826,-96.643585,309.032379,133.902939,-96.138817,304.355194,136.420181,,,
5157,42.975000,15:00:24:21.01,-96.652084,302.154205,133.247818,-96.643135,309.032623,133.902084,-96.138115,304.354706,136.419846,,,
5158,42.983333,15:00:24:21.02,-96.648979,302.155029,133.247025,-96.644798,309.033203,133.904572,-96.122055,304.354614,136.419281,,,
5159,42.991667,15:00:24:21.03,-96.649353,302.153748,133.247864,-96.644096,309.031982,133.904190,-96.137527,304.356384,136.420792,,,
5160,43.000000,15:00:24:22.00,-96.650970,302.154633,133.248764,-96.644279,309.034027,133.903763,-96.139183,304.354492,136.421127,,,
5161,43.008333,15:00:24:22.01,-96.647522,302.155914,133.247696,-96.643272,309.032318,133.904083,-96.138588,304.354889,136.420578,,,
5162,43.016667,15:00:24:22.02,-96.648300,302.154877,133.247879,-96.643593,309.032227,133.903687,-96.121323,304.354401,136.419678,,,
5163,43.025000,15:00:24:22.03,-96.647850,302.154449,133.248413,-96.644218,309.033112,133.905930,-96.136223,304.356812,136.420746,,,
5164,43.033333,15:00:24:23.00,-96.649918,302.154480,133.248550,-96.643822,309.032776,133.904175,-96.137558,304.354706,136.420197,,,
5165,43.041667,15:00:24:23.01,-96.648178,302.154449,133.247894,-96.643814,309.031525,133.903320,-96.137978,304.354919,136.420639,,,
5166,43.050000,15:00:24:23.02,-96.650803,302.154480,133.249161,-96.642258,309.032806,133.903748,-96.137711,304.355011,136.420700,,,
5167,43.058333,15:00:24:23.03,-96.649048,302.154694,133.249084,-96.641373,309.032410,133.904099,-96.137032,304.355682,136.420776,,,
5168,43.066667,15:00:24:24.00,-96.646164,302.154694,133.248993,-96.642982,309.032959,133.904190,-96.137360,304.355591,136.422028,,,
5169,43.075000,15:00:24:24.01,-96.646301,302.154175,133.248428,-96.642838,309.033264,133.903732,-96.134758,304.354553,136.419342,,,
5170,43.083333,15:00:24:24.02,-96.646240,302.154510,133.249405,-96.644417,309.032166,133.905594,-96.138069,304.355652,136.421555,,,
5171,43.091667,15:00:24:24.03,-96.647926,302.154327,133.248184,-96.641609,309.033356,133.904526,-96.136635,304.353973,136.421158,,,
5172,43.100000,15:00:24:25.00,-96.647491,302.155304,133.248917,-96.640343,309.031616,133.904785,-96.119087,304.354034,136.421066,,,
5173,43.108333,15:00:24:25.01,-96.647011,302.154083,133.250000,-96.641121,309.033844,133.903885,-96.136299,304.358032,136.422638,,,
5174,43.116667,15:00:24:25.02,-96.645096,302.155212,133.249054,-96.642220,309.033142,133.904099,-96.136108,304.354218,136.421509,,,
5175,43.125000,15:00:24:25.03,-96.646011,302.154266,133.249084,-96.641701,309.032043,133.903946,-96.118179,304.354034,136.420212,,,
5176,43.133333,15:00:24:26.00,-96.645851,302.155426,133.249054,-96.641747,309.032379,133.905716,-96.134995,304.355225,136.420959,,,
5177,43.141667,15:00:24:26.01,-96.646019,302.154449,133.249603,-96.642639,309.032166,133.905609,-96.138069,304.355621,136.421021,,,
5178,43.150000,15:00:24:26.02,-96.647781,302.154907,133.249237,-96.642372,309.031952,133.904953,-96.138138,304.355408,136.421417,,,
5179,43.158333,15:00:24:26.03,-96.647171,302.153778,133.248901,-96.641808,309.032074,133.904068,-96.136375,304.355225,136.421967,,,
5180,43.166667,15:00:24:27.00,-96.644608,302.153381,133.248016,-96.641716,309.032837,133.904465,-96.137230,304.353729,136.422012,,,
5181,43.175000,15:00:24:27.01,-96.645866,302.154846,133.248840,-96.643051,309.033630,133.904541,-96.137886,304.354584,136.422043,,,
5182,43.183333,15:00:24:27.02,-96.647278,302.154694,133.249252,-96.642075,309.033356,133.903885,-96.135399,304.353333,136.419495,,,
5183,43.191667,15:00:24:27.03,-96.649101,302.152649,133.247406,-96.642563,309.032715,133.904800,-96.136368,304.354584,136.421066,,,
5184,43.200000,15:00:24:28.00,-96.649208,302.154572,133.249146,-96.641266,309.032440,133.903854,-96.136337,304.354340,136.420044,,,
5185,43.208333,15:00:24:28.01,-96.646194,302.154724,133.249023,-96.642395,309.031830,133.903992,-96.137169,304.355042,136.421005,,,
5186,43.216667,15:00:24:28.02,-96.645531,302.154266,133.247620,-96.644844,309.031525,133.903931,-96.137703,304.355560,136.420364,,,
5187,43.225000,15:00:24:28.03,-96.648315,302.154175,133.247498,-96.643059,309.030334,133.902893,-96.136513,304.353790,136.420090,,,
5188,43.233333,15:00:24:29.00,-96.648041,302.153809,133.247787,-96.642685,309.031799,133.902222,-96.136841,304.354523,136.421280,,,
5189,43.241667,15:00:24:29.01,-96.646538,302.153625,133.247787,-96.642227,309.031616,133.904312,-96.119514,304.354187,136.419220,,,
5190,43.250000,15:00:24:29.02,-96.646835,302.154724,133.247894,-96.641830,309.033234,133.903564,-96.136887,304.356110,136.419601,,,
5191,43.258333,15:00:24:29.03,-96.647781,302.154388,133.247421,-96.642281,309.032928,133.902527,-96.120071,304.354126,136.419693,,,
5192,43.266667,15:00:25:00.00,-96.646835,302.152802,133.247498,-96.642502,309.032043,133.902420,-96.136131,304.355988,136.421005,,,
5193,43.275000,15:00:25:00.01,-96.647751,302.153564,133.247147,-96.642220,309.032532,133.902878,-96.137634,304.353790,136.420181,,,
5194,43.283333,15:00:25:00.02,-96.649338,302.153778,133.248047,-96.642891,309.033447,133.903137,-96.136024,304.354248,136.418915,,,
5195,43.291667,15:00:25:00.03,-96.648499,302.152313,133.247238,-96.642517,309.032501,133.903534,-96.118233,304.353607,136.419067,,,
5196,43.300000,15:00:25:01.00,-96.648949,302.152954,133.246506,-96.642258,309.031311,133.902054,-96.134827,304.355530,136.419296,,,
5197,43.308333,15:00:25:01.01,-96.648430,302.153168,133.247757,-96.642372,309.031891,133.903580,-96.120117,304.353790,136.419159,,,
5198,43.316667,15:00:25:01.02,-96.648827,302.152374,133.246124,-96.642914,309.032959,133.903275,-96.136246,304.355713,136.420563,,,
5199,43.325000,15:00:25:01.03,-96.649040,302.153961,133.247177,-96.642082,309.032745,133.902390,-96.136223,304.354065,136.418869,,,
5200,43.333333,15:00:25:02.00,-96.649757,302.153778,133.247284,-96.642197,309.032288,133.902222,-96.136726,304.353943,136.418945,,,
5201,43.341667,15:00:25:02.01,-96.648056,302.153320,133.245575,-96.642197,309.031799,133.903305,-96.120232,304.354309,136.418991,,,
5202,43.350000,15:00:25:02.02,-96.647354,302.154388,133.246429,-96.641693,309.032257,133.902328,-96.137245,304.355804,136.419312,,,
5203,43.358333,15:00:25:02.03,-96.648727,302.153381,133.247955,-96.642212,309.031738,133.902924,-96.119476,304.352631,136.418762,,,
5204,43.366667,15:00:25:03.00,-96.649002,302.153229,133.247406,-96.642685,309.031830,133.902023,-96.136078,304.356079,136.419159,,,
5205,43.375000,15:00:25:03.01,-96.645958,302.154236,133.246094,-96.642860,309.032288,133.902130,-96.137321,304.353821,136.419495,,,
5206,43.383333,15:00:25:03.02,-96.646324,302.153656,133.245850,-96.642685,309.032654,133.903152,-96.137749,304.353729,136.419510,,,
5207,43.391667,15:00:25:03.03,-96.648666,302.153961,133.247223,-96.642273,309.033569,133.902679,-96.136917,304.354034,136.418915,,,
5208,43.400000,15:00:25:04.00,-96.647987,302.152740,133.246109,-96.640953,309.032013,133.901184,-96.137886,304.354065,136.419052,,,
5209,43.408333,15:00:25:04.01,-96.648941,302.153473,133.245590,-96.643097,309.031677,133.902100,-96.119133,304.354675,136.418427,,,
5210,43.416667,15:00:25:04.02,-96.646133,302.154175,133.247757,-96.644341,309.031952,133.903198,-96.135742,304.356812,136.419128,,,
5211,43.425000,15:00:25:04.03,-96.646561,302.153503,133.246094,-96.641953,309.032043,133.902954,-96.120247,304.354156,136.419357,,,
5212,43.433333,15:00:25:05.00,-96.646843,302.155579,133.247192,-96.640739,309.031311,133.902206,-96.136353,304.355225,136.418945,,,
5213,43.441667,15:00:25:05.01,-96.644363,302.154083,133.244843,-96.642723,309.032379,133.902374,-96.135887,304.352478,136.418900,,,
5214,43.450000,15:00:25:05.02,-96.646111,302.153961,133.245392,-96.643295,309.031708,133.902145,-96.137909,304.354340,136.419815,,,
5215,43.458333,15:00:25:05.03,-96.646255,302.154480,133.246368,-96.642532,309.032379,133.902206,-96.136475,304.353943,136.419647,,,
5216,43.466667,15:00:25:06.00,-96.646240,302.154816,133.246826,-96.642509,309.032623,133.901901,-96.138245,304.354584,136.419006,,,
5217,43.475000,15:00:25:06.01,-96.645905,302.154388,133.246979,-96.644585,309.032837,133.903000,-96.137459,304.353821,136.419739,,,
5218,43.483333,15:00:25:06.02,-96.648285,302.153748,133.247513,-96.643433,309.031342,133.903015,-96.137840,304.354401,136.419861,,,
5219,43.491667,15:00:25:06.03,-96.649353,302.153961,133.246918,-96.642647,309.031433,133.901978,-96.137825,304.355927,136.421280,,,
5220,43.500000,15:00:25:07.00,-96.649101,302.154541,133.247482,-96.642876,309.032471,133.902100,-96.137222,304.353943,136.419601,,,
5221,43.508333,15:00:25:07.01,-96.646851,302.154785,133.246857,-96.642754,309.033356,133.902176,-96.136383,304.354218,136.419266,,,
5222,43.516667,15:00:25:07.02,-96.648895,302.155151,133.247437,-96.642792,309.031921,133.902496,-96.118454,304.353912,136.418777,,,
5223,43.525000,15:00:25:07.03,-96.646378,302.154480,133.247513,-96.644196,309.033234,133.903778,-96.137886,304.357056,136.420074,,,
5224,43.533333,15:00:25:08.00,-96.648880,302.155029,133.246735,-96.644142,309.033600,133.903580,-96.137291,304.354370,136.418564,,,
5225,43.541667,15:00:25:08.01,-96.649971,302.154572,133.247299,-96.643059,309.032349,133.903152,-96.137299,304.354370,136.418991,,,
5226,43.550000,15:00:25:08.02,-96.645981,302.154175,133.245926,-96.641182,309.032623,133.901993,-96.138397,304.354706,136.419632,,,
5227,43.558333,15:00:25:08.03,-96.647232,302.154053,133.245895,-96.642517,309.033203,133.903320,-96.136139,304.354706,136.419556,,,
5228,43.566667,15:00:25:09.00,-96.650467,302.153809,133.246445,-96.643570,309.033051,133.903122,-96.136940,304.355774,136.419357,,,
5229,43.575000,15:00:25:09.01,-96.650055,302.153503,133.246323,-96.643784,309.032227,133.902298,-96.121292,304.355133,136.419708,,,
5230,43.583333,15:00:25:09.02,-96.647408,302.154816,133.247055,-96.642464,309.033173,133.902725,-96.118797,304.354858,136.419373,,,
5231,43.591667,15:00:25:09.03,-96.647385,302.153625,133.247559,-96.642876,309.033112,133.902435,-96.137215,304.355194,136.419922,,,
5232,43.600000,15:00:25:10.00,-96.648285,302.154510,133.246567,-96.643730,309.032196,133.902802,-96.136765,304.353882,136.417725,,,
5233,43.608333,15:00:25:10.01,-96.648857,302.154907,133.246857,-96.642975,309.033142,133.903061,-96.138290,304.354950,136.420944,,,
5234,43.616667,15:00:25:10.02,-96.646912,302.154236,133.245224,-96.642067,309.032837,133.902969,-96.120468,304.355133,136.418732,,,
5235,43.625000,15:00:25:10.03,-96.646927,302.153687,133.246399,-96.643723,309.032684,133.902161,-96.135826,304.356262,136.419556,,,
5236,43.633333,15:00:25:11.00,-96.648643,302.154388,133.247787,-96.643028,309.032379,133.902328,-96.137314,304.354828,136.419983,,,
5237,43.641667,15:00:25:11.01,-96.648415,302.153656,133.247604,-96.644821,309.032074,133.903366,-96.137253,304.354706,136.418671,,,
5238,43.650000,15:00:25:11.02,-96.646851,302.153076,133.247116,-96.642776,309.032501,133.903290,-96.137993,304.355804,136.419601,,,
5239,43.658333,15:00:25:11.03,-96.647354,302.154572,133.246246,-96.642876,309.032013,133.903152,-96.136841,304.355865,136.419678,,,
5240,43.666667,15:00:25:12.00,-96.648949,302.154816,133.246643,-96.643570,309.032227,133.903366,-96.137062,304.355560,136.420197,,,
5241,43.675000,15:00:25:12.01,-96.646446,302.154266,133.247192,-96.642479,309.033051,133.902985,-96.137543,304.355133,136.419983,,,
5242,43.683333,15:00:25:12.02,-96.648293,302.155304,133.245865,-96.643379,309.033142,133.903580,-96.137962,304.356720,136.419907,,,
5243,43.691667,15:00:25:12.03,-96.645676,302.155243,133.245239,-96.641747,309.032593,133.903412,-96.136398,304.353912,136.418976,,,
5244,43.700000,15:00:25:13.00,-96.648369,302.154083,133.248047,-96.641113,309.033081,133.901718,-96.137375,304.355499,136.418884,,,
5245,43.708333,15:00:25:13.01,-96.648438,302.153900,133.247208,-96.643417,309.032532,133.903381,-96.136864,304.355255,136.420502,,,
5246,43.716667,15:00:25:13.02,-96.649063,302.154205,133.247131,-96.643265,309.032990,133.903351,-96.136673,304.355408,136.418182,,,
5247,43.725000,15:00:25:13.03,-96.647995,302.154083,133.247345,-96.642288,309.033264,133.903000,-96.136963,304.355835,136.420471,,,
5248,43.733333,15:00:25:14.00,-96.646919,302.153992,133.246872,-96.651306,309.037170,133.901535,-96.120094,304.355530,136.418594,,,
5249,43.741667,15:00:25:14.01,-96.646515,302.155151,133.245758,-96.642723,309.032928,133.901566,-96.135757,304.356140,136.419434,,,
5250,43.750000,15:00:25:14.02,-96.648453,302.155151,133.247650,-96.642448,309.032532,133.901901,-96.137474,304.354645,136.419327,,,
5251,43.758333,15:00:25:14.03,-96.648094,302.155457,133.247116,-96.642288,309.033966,133.902557,-96.138397,304.355469,136.419479,,,
5252,43.766667,15:00:25:15.00,-96.650024,302.154053,133.247467,-96.642982,309.032104,133.902222,-96.137779,304.354034,136.420074,,,
5253,43.775000,15:00:25:15.01,-96.650909,302.153503,133.247131,-96.642975,309.031586,133.901550,-96.137390,304.353790,136.420258,,,
5254,43.783333,15:00:25:15.02,-96.649246,302.152924,133.246185,-96.643745,309.032684,133.903046,-96.137955,304.354431,136.418777,,,
5255,43.791667,15:00:25:15.03,-96.651215,302.153839,133.248001,-96.643532,309.032440,133.902527,-96.138992,304.354584,136.420502,,,
5256,43.800000,15:00:25:16.00,-96.645950,302.153137,133.246521,-96.642052,309.031738,133.902603,-96.138268,304.354156,136.419724,,,
5257,43.808333,15:00:25:16.01,-96.648232,302.154358,133.247009,-96.640991,309.032318,133.901138,-96.119652,304.353455,136.417557,,,
5258,43.816667,15:00:25:16.02,-96.649651,302.155792,133.248077,-96.642860,309.032990,133.902817,-96.134918,304.356628,136.420288,,,
5259,43.825000,15:00:25:16.03,-96.647888,302.154480,133.246994,-96.642982,309.032227,133.902603,-96.137230,304.355621,136.420135,,,
5260,43.833333,15:00:25:17.00,-96.649132,302.154388,133.246506,-96.642281,309.032104,133.902756,-96.136200,304.353271,136.419205,,,
5261,43.841667,15:00:25:17.01,-96.646515,302.153748,133.245941,-96.643257,309.031891,133.903152,-96.137657,304.354126,136.419617,,,
5262,43.850000,15:00:25:17.02,-96.649567,302.152863,133.246307,-96.644562,309.031189,133.902740,-96.137665,304.354584,136.418945,,,
5263,43.858333,15:00:25:17.03,-96.649200,302.153778,133.247070,-96.642799,309.031738,133.901886,-96.137169,304.354034,136.419205,,,
5264,43.866667,15:00:25:18.00,-96.648773,302.154205,133.247360,-96.642143,309.031982,133.901566,-96.138145,304.354340,136.418289,,,
5265,43.875000,15:00:25:18.01,-96.646851,302.154449,133.246780,-96.642418,309.030945,133.902145,-96.120842,304.354553,136.419144,,,
5266,43.883333,15:00:25:18.02,-96.646439,302.154236,133.246628,-96.643097,309.030640,133.902100,-96.138474,304.354919,136.420135,,,
5267,43.891667,15:00:25:18.03,-96.647354,302.153564,133.246185,-96.644180,309.031677,133.902557,-96.137604,304.354156,136.419434,,,
5268,43.900000,15:00:25:19.00,-96.647522,302.153839,133.246307,-96.644348,309.032684,133.902878,-96.119728,304.352386,136.418991,,,
5269,43.908333,15:00:25:19.01,-96.648285,302.154388,133.246552,-96.643082,309.032227,133.902115,-96.136841,304.355652,136.419800,,,
5270,43.916667,15:00:25:19.02,-96.646538,302.153229,133.247650,-96.643326,309.031464,133.902328,-96.139046,304.354095,136.419708,,,
5271,43.925000,15:00:25:19.03,-96.650742,302.154510,133.247498,-96.643463,309.031891,133.903839,-96.137688,304.354889,136.420166,,,
5272,43.933333,15:00:25:20.00,-96.648544,302.154175,133.246750,-96.643578,309.032898,133.903595,-96.137482,304.354309,136.420288,,,
5273,43.941667,15:00:25:20.01,-96.649918,302.154053,133.246964,-96.642662,309.031616,133.902313,-96.137657,304.354980,136.419983,,,
5274,43.950000,15:00:25:20.02,-96.646393,302.152557,133.245438,-96.641983,309.032745,133.902222,-96.137062,304.354340,136.419266,,,
5275,43.958333,15:00:25:20.03,-96.648254,302.154663,133.247910,-96.642212,309.032166,133.903244,-96.138313,304.354614,136.419540,,,
5276,43.966667,15:00:25:21.00,-96.648026,302.154388,133.246307,-96.643631,309.030945,133.902267,-96.138313,304.355438,136.419571,,,
5277,43.975000,15:00:25:21.01,-96.647614,302.153931,133.246933,-96.643295,309.032257,133.902664,-96.137749,304.354309,136.420349,,,
5278,43.983333,15:00:25:21.02,-96.650261,302.152679,133.246506,-96.643623,309.033325,133.903519,-96.137840,304.354553,136.419525,,,
5279,43.991667,15:00:25:21.03,-96.648773,302.154175,133.247070,-96.643425,309.031586,133.903702,-96.138016,304.355011,136.420410,,,
5280,44.000000,15:00:25:22.00,-96.646675,302.153931,133.246857,-96.644279,309.032715,133.903473,-96.138672,304.354492,136.419220,,,
5281,44.008333,15:00:25:22.01,-96.648445,302.153320,133.246887,-96.643318,309.032135,133.904175,-96.138344,304.354218,136.419693,,,
5282,44.016667,15:00:25:22.02,-96.649361,302.153473,133.246292,-96.643898,309.031525,133.902939,-96.137100,304.354553,136.420105,,,
5283,44.025000,15:00:25:22.03,-96.648720,302.153381,133.246841,-96.643837,309.032349,133.903503,-96.138290,304.354980,136.419434,,,
5284,44.033333,15:00:25:23.00,-96.649040,302.153290,133.246078,-96.642639,309.031616,133.902847,-96.138748,304.354065,136.419647,,,
5285,44.041667,15:00:25:23.01,-96.649925,302.154602,133.248718,-96.643585,309.033234,133.903183,-96.138405,304.355072,136.419830,,,
5286,44.050000,15:00:25:23.02,-96.649429,302.153290,133.247452,-96.643890,309.032593,133.903610,-96.138092,304.353699,136.419540,,,
5287,44.058333,15:00:25:23.03,-96.647911,302.153503,133.247238,-96.642723,309.032043,133.902939,-96.139160,304.354919,136.420547,,,
5288,44.066667,15:00:25:24.00,-96.648743,302.153564,133.246155,-96.643219,309.031830,133.903717,-96.136230,304.353485,136.419083,,,
5289,44.075000,15:00:25:24.01,-96.650085,302.154419,133.246216,-96.643814,309.032043,133.903427,-96.137444,304.353790,136.418991,,,
5290,44.083333,15:00:25:24.02,-96.648117,302.153381,133.246750,-96.643684,309.032227,133.903534,-96.137993,304.353394,136.419235,,,
5291,44.091667,15:00:25:24.03,-96.649078,302.153564,133.246109,-96.642990,309.032166,133.903091,-96.138893,304.354065,136.419739,,,
5292,44.100000,15:00:25:25.00,-96.649284,302.155151,133.248169,-96.643303,309.032135,133.902664,-96.138016,304.353973,136.418930,,,
5293,44.108333,15:00:25:25.01,-96.647041,302.154724,133.245102,-96.644417,309.033478,133.903687,-96.136948,304.354889,136.420258,,,
5294,44.116667,15:00:25:25.02,-96.648560,302.154480,133.246658,-96.642815,309.031158,133.901947,-96.138199,304.354431,136.419815,,,
5295,44.125000,15:00:25:25.03,-96.647301,302.153503,133.247223,-96.642563,309.031219,133.901901,-96.119537,304.353607,136.419159,,,
5296,44.133333,15:00:25:26.00,-96.649391,302.153687,133.247025,-96.643188,309.031647,133.902222,-96.135445,304.354492,136.419418,,,
5297,44.141667,15:00:25:26.01,-96.650383,302.152466,133.247223,-96.643105,309.031677,133.903198,-96.136757,304.353729,136.420013,,,
5298,44.150000,15:00:25:26.02,-96.651779,302.152863,133.247192,-96.642357,309.032623,133.901947,-96.138451,304.353882,136.419647,,,
5299,44.158333,15:00:25:26.03,-96.650238,302.154663,133.245987,-96.642105,309.031189,133.901932,-96.139305,304.354919,136.418579,,,
5300,44.166667,15:00:25:27.00,-96.648926,302.154327,133.246841,-96.643272,309.031403,133.903152,-96.137512,304.354126,136.419144,,,
5301,44.175000,15:00:25:27.01,-96.650757,302.154236,133.246399,-96.642456,309.031311,133.902435,-96.137253,304.354492,136.419174,,,
5302,44.183333,15:00:25:27.02,-96.648392,302.153870,133.246841,-96.644142,309.032410,133.902771,-96.138298,304.354279,136.419830,,,
5303,44.191667,15:00:25:27.03,-96.648285,302.153625,133.246582,-96.644501,309.031860,133.902115,-96.137276,304.353180,136.419174,,,
5304,44.200000,15:00:25:28.00,-96.649811,302.153564,133.246582,-96.642807,309.031677,133.902557,-96.137756,304.354248,136.418777,,,
5305,44.208333,15:00:25:28.01,-96.648758,302.153534,133.245605,-96.643784,309.032959,133.902603,-96.138542,304.354706,136.420685,,,
5306,44.216667,15:00:25:28.02,-96.649918,302.154083,133.246872,-96.644791,309.032715,133.903183,-96.138100,304.354950,136.419510,,,
5307,44.225000,15:00:25:28.03,-96.650040,302.155090,133.246735,-96.642609,309.032318,133.902115,-96.136963,304.354401,136.419571,,,
5308,44.233333,15:00:25:29.00,-96.651901,302.153412,133.247726,-96.643509,309.032501,133.902985,-96.121590,304.354462,136.418945,,,
5309,44.241667,15:00:25:29.01,-96.653214,302.152527,133.246063,-96.645195,309.032990,133.903931,-96.139175,304.356812,136.420074,,,
5310,44.250000,15:00:25:29.02,-96.651199,302.154449,133.246994,-96.644249,309.031158,133.903091,-96.138710,304.354431,136.419159,,,
5311,44.258333,15:00:25:29.03,-96.651169,302.153137,133.246826,-96.643913,309.032257,133.903046,-96.139145,304.353912,136.419312,,,
5312,44.266667,15:00:26:00.00,-96.652519,302.154144,133.246567,-96.644279,309.032379,133.903046,-96.139458,304.354431,136.419342,,,
5313,44.275000,15:00:26:00.01,-96.648827,302.154694,133.246750,-96.643372,309.032440,133.902802,-96.137825,304.354462,136.418976,,,
5314,44.283333,15:00:26:00.02,-96.648819,302.153625,133.246643,-96.643379,309.032715,133.903793,-96.138451,304.354523,136.419266,,,
5315,44.291667,15:00:26:00.03,-96.648369,302.154541,133.247009,-96.643715,309.031616,133.903168,-96.137932,304.354004,136.419403,,,
5316,44.300000,15:00:26:01.00,-96.649490,302.154724,133.247879,-96.644852,309.032196,133.903549,-96.138725,304.354919,136.419662,,,
5317,44.308333,15:00:26:01.01,-96.648613,302.154205,133.247833,-96.644089,309.032013,133.903259,-96.137314,304.354706,136.419159,,,
5318,44.316667,15:00:26:01.02,-96.646049,302.154755,133.245407,-96.643700,309.031769,133.903214,-96.138420,304.355042,136.419785,,,
5319,44.325000,15:00:26:01.03,-96.645630,302.153168,133.246033,-96.644058,309.033142,133.903168,-96.138054,304.354095,136.419540,,,
5320,44.333333,15:00:26:02.00,-96.648964,302.154663,133.247345,-96.643288,309.032715,133.902878,-96.139999,304.354492,136.419052,,,
5321,44.341667,15:00:26:02.01,-96.648582,302.153992,133.246155,-96.643242,309.033112,133.902466,-96.136162,304.354370,136.418457,,,
5322,44.350000,15:00:26:02.02,-96.648697,302.152924,133.245605,-96.642776,309.033142,133.902985,-96.137840,304.354584,136.419495,,,
5323,44.358333,15:00:26:02.03,-96.648773,302.154358,133.246323,-96.652817,309.038696,133.901566,-96.137932,304.355743,136.418747,,,
5324,44.366667,15:00:26:03.00,-96.644798,302.153076,133.245926,-96.645683,309.032684,133.901535,-96.135590,304.353577,136.418228,,,
5325,44.375000,15:00:26:03.01,-96.647659,302.154266,133.245361,-96.641724,309.031555,133.901016,-96.135468,304.354156,136.418503,,,
5326,44.383333,15:00:26:03.02,-96.648453,302.153473,133.245834,-96.641830,309.032166,133.902664,-96.134605,304.353394,136.416992,,,
5327,44.391667,15:00:26:03.03,-96.649483,302.153503,133.246689,-96.641754,309.032196,133.902298,-96.137123,304.354401,136.417633,,,
5328,44.400000,15:00:26:04.00,-96.647377,302.154388,133.246643,-96.642433,309.032166,133.903091,-96.136734,304.353851,136.419601,,,
5329,44.408333,15:00:26:04.01,-96.644775,302.154022,133.245422,-96.641571,309.031555,133.903046,-96.136391,304.353699,136.419601,,,
5330,44.416667,15:00:26:04.02,-96.643692,302.153534,133.245987,-96.642380,309.031830,133.902985,-96.136703,304.354614,136.419296,,,
5331,44.425000,15:00:26:04.03,-96.645149,302.153839,133.247070,-96.640297,309.031860,133.901474,-96.136536,304.353607,136.419586,,,
5332,44.433333,15:00:26:05.00,-96.643753,302.153564,133.246231,-96.641769,309.032837,133.902618,-96.136108,304.354828,136.419098,,,
5333,44.441667,15:00:26:05.01,-96.642982,302.152679,133.245605,-96.640907,309.032776,133.901260,-96.135971,304.353424,136.418793,,,
5334,44.450000,15:00:26:05.02,-96.640709,302.153839,133.245117,-96.640381,309.031433,133.901840,-96.135078,304.353241,136.419708,,,
5335,44.458333,15:00:26:05.03,-96.642754,302.153931,133.245773,-96.641052,309.030670,133.902054,-96.119865,304.353577,136.419785,,,
5336,44.466667,15:00:26:06.00,-96.642754,302.154358,133.247467,-96.639839,309.032867,133.901520,-96.135063,304.354950,136.419800,,,
5337,44.475000,15:00:26:06.01,-96.641624,302.155060,133.245773,-96.639572,309.032562,133.902084,-96.135422,304.353912,136.418884,,,
5338,44.483333,15:00:26:06.02,-96.644203,302.153717,133.246185,-96.639870,309.032959,133.902328,-96.118553,304.353821,136.418671,,,
5339,44.491667,15:00:26:06.03,-96.643707,302.153809,133.246155,-96.640686,309.033478,133.902130,-96.134781,304.355011,136.418472,,,
5340,44.500000,15:00:26:07.00,-96.644157,302.153198,133.245941,-96.640625,309.032196,133.901550,-96.135872,304.354034,136.419861,,,
5341,44.508333,15:00:26:07.01,-96.644669,302.154480,133.247421,-96.639977,309.031616,133.901337,-96.134720,304.354095,136.419861,,,
5342,44.516667,15:00:26:07.02,-96.643211,302.153107,133.246918,-96.639198,309.032623,133.900665,-96.134552,304.353424,136.418854,,,
5343,44.525000,15:00:26:07.03,-96.641739,302.153229,133.244980,-96.640266,309.032013,133.901733,-96.117180,304.352600,136.419098,,,
5344,44.533333,15:00:26:08.00,-96.642509,302.153625,133.245529,-96.639343,309.032471,133.902298,-96.133232,304.355774,136.418945,,,
5345,44.541667,15:00:26:08.01,-96.643082,302.154053,133.245544,-96.637672,309.031128,133.900955,-96.135612,304.353180,136.418167,,,
5346,44.550000,15:00:26:08.02,-96.642532,302.153290,133.246262,-96.639656,309.031494,133.901260,-96.134392,304.352997,136.418427,,,
5347,44.558333,15:00:26:08.03,-96.641129,302.154388,133.246323,-96.639473,309.032074,133.900314,-96.134247,304.355133,136.418411,,,
5348,44.566667,15:00:26:09.00,-96.642044,302.154663,133.245926,-96.641266,309.032135,133.901672,-96.134911,304.354950,136.419205,,,
5349,44.575000,15:00:26:09.01,-96.643295,302.154694,133.246979,-96.639496,309.032684,133.901566,-96.136269,304.353607,136.419510,,,
5350,44.583333,15:00:26:09.02,-96.644089,302.153381,133.246140,-96.638702,309.032593,133.900970,-96.135597,304.353912,136.419464,,,
5351,44.591667,15:00:26:09.03,-96.642960,302.154266,133.245895,-96.639900,309.032837,133.902161,-96.135719,304.353424,136.418961,,,
5352,44.600000,15:00:26:10.00,-96.641792,302.154144,133.246719,-96.641121,309.031891,133.901978,-96.134552,304.354370,136.418671,,,
5353,44.608333,15:00:26:10.01,-96.642151,302.153961,133.245331,-96.640778,309.032806,133.902039,-96.137650,304.355652,136.419586,,,
5354,44.616667,15:00:26:10.02,-96.641533,302.154083,133.246353,-96.640327,309.032135,133.901428,-96.135811,304.354645,136.419022,,,
5355,44.625000,15:00:26:10.03,-96.644302,302.154266,133.246689,-96.639473,309.032135,133.902267,-96.135262,304.354370,136.417633,,,
5356,44.633333,15:00:26:11.00,-96.644585,302.154053,133.246750,-96.640732,309.032898,133.902786,-96.135422,304.354492,136.418884,,,
5357,44.641667,15:00:26:11.01,-96.643074,302.155426,133.246292,-96.641403,309.033661,133.902283,-96.132851,304.353394,136.418884,,,
5358,44.650000,15:00:26:11.02,-96.641289,302.154633,133.246216,-96.641113,309.032501,133.901260,-96.136436,304.355469,136.418564,,,
5359,44.658333,15:00:26:11.03,-96.642891,302.153992,133.245407,-96.640160,309.031586,133.902054,-96.135338,304.355560,136.419830,,,
5360,44.666667,15:00:26:12.00,-96.642563,302.153107,133.245621,-96.639862,309.032043,133.901352,-96.118301,304.354370,136.418625,,,
5361,44.675000,15:00:26:12.01,-96.643700,302.153870,133.245605,-96.638710,309.031403,133.900848,-96.115974,304.354156,136.417953,,,
5362,44.683333,15:00:26:12.02,-96.642075,302.154297,133.245499,-96.640953,309.032837,133.902466,-96.135124,304.355560,136.418594,,,
5363,44.691667,15:00:26:12.03,-96.642662,302.154297,133.245117,-96.641006,309.032593,133.903046,-96.134262,304.353699,136.419174,,,
5364,44.700000,15:00:26:13.00,-96.643684,302.153961,133.245819,-96.641556,309.032928,133.901947,-96.137932,304.354797,136.419128,,,
5365,44.708333,15:00:26:13.01,-96.642082,302.153290,133.245651,-96.640549,309.032135,133.902435,-96.136215,304.353973,136.419159,,,
5366,44.716667,15:00:26:13.02,-96.644218,302.153870,133.245224,-96.640648,309.033203,133.901550,-96.136353,304.355347,136.418610,,,
5367,44.725000,15:00:26:13.03,-96.641731,302.153778,133.245880,-96.639755,309.032013,133.901123,-96.134438,304.354156,136.418335,,,
5368,44.733333,15:00:26:14.00,-96.644196,302.153900,133.245544,-96.640442,309.032318,133.901398,-96.136589,304.354706,136.418884,,,
5369,44.741667,15:00:26:14.01,-96.645058,302.153656,133.246643,-96.641960,309.032959,133.901596,-96.135208,304.353516,136.418182,,,
5370,44.750000,15:00:26:14.02,-96.643753,302.153839,133.245453,-96.641281,309.031677,133.901413,-96.136787,304.355469,136.419754,,,
5371,44.758333,15:00:26:14.03,-96.643074,302.154205,133.244400,-96.641716,309.033295,133.902496,-96.136925,304.354797,136.417740,,,
5372,44.766667,15:00:26:15.00,-96.643608,302.154266,133.246201,-96.642685,309.032837,133.902573,-96.136330,304.353699,136.419159,,,
5373,44.775000,15:00:26:15.01,-96.644577,302.154297,133.246948,-96.640762,309.033447,133.901840,-96.134613,304.353394,136.418259,,,
5374,44.783333,15:00:26:15.02,-96.644508,302.153931,133.245071,-96.640472,309.031952,133.900970,-96.133598,304.353271,136.418289,,,
5375,44.791667,15:00:26:15.03,-96.643265,302.153137,133.244263,-96.641876,309.032654,133.902344,-96.137032,304.353699,136.417404,,,
5376,44.800000,15:00:26:16.00,-96.643517,302.152405,133.245712,-96.641251,309.032257,133.902161,-96.135689,304.354706,136.418152,,,
5377,44.808333,15:00:26:16.01,-96.642647,302.153503,133.244446,-96.641006,309.032379,133.901627,-96.135345,304.353760,136.418060,,,
5378,44.816667,15:00:26:16.02,-96.644745,302.153137,133.246399,-96.641594,309.032257,133.901352,-96.119041,304.353790,136.417740,,,
5379,44.825000,15:00:26:16.03,-96.645927,302.153503,133.244385,-96.640762,309.033203,133.901855,-96.134827,304.356598,136.417892,,,
5380,44.833333,15:00:26:17.00,-96.643852,302.153076,133.245056,-96.640549,309.032593,133.901077,-96.136414,304.353943,136.418015,,,
5381,44.841667,15:00:26:17.01,-96.643555,302.153931,133.244141,-96.641975,309.032135,133.901596,-96.134880,304.354309,136.417801,,,
5382,44.850000,15:00:26:17.02,-96.643425,302.154297,133.244598,-96.641037,309.031952,133.900024,-96.136749,304.354248,136.417694,,,
5383,44.858333,15:00:26:17.03,-96.644638,302.154266,133.245132,-96.641884,309.032593,133.900909,-96.136162,304.353912,136.417847,,,
5384,44.866667,15:00:26:18.00,-96.645180,302.153595,133.245087,-96.641777,309.031403,133.900803,-96.136719,304.352966,136.417694,,,
5385,44.875000,15:00:26:18.01,-96.647827,302.154175,133.246597,-96.643219,309.031158,133.901749,-96.119049,304.352966,136.417511,,,
5386,44.883333,15:00:26:18.02,-96.645081,302.154663,133.245010,-96.642387,309.032288,133.901031,-96.136192,304.354065,136.417114,,,
5387,44.891667,15:00:26:18.03,-96.646408,302.152191,133.245728,-96.641327,309.032715,133.901398,-96.136314,304.354034,136.418243,,,
5388,44.900000,15:00:26:19.00,-96.649475,302.153290,133.245712,-96.640991,309.031525,133.901169,-96.137329,304.354614,136.417572,,,
5389,44.908333,15:00:26:19.01,-96.644875,302.152527,133.245010,-96.641525,309.030762,133.901276,-96.137512,304.353912,136.418015,,,
5390,44.916667,15:00:26:19.02,-96.644409,302.152557,133.243362,-96.643204,309.031494,133.901199,-96.136841,304.353851,136.416977,,,
5391,44.925000,15:00:26:19.03,-96.646408,302.153381,133.245712,-96.642868,309.031738,133.901947,-96.120049,304.352295,136.417694,,,
5392,44.933333,15:00:26:20.00,-96.647720,302.153625,133.244553,-96.642365,309.031494,133.902298,-96.135345,304.354492,136.417206,,,
5393,44.941667,15:00:26:20.01,-96.647102,302.153351,133.245117,-96.642189,309.031097,133.900940,-96.137794,304.353485,136.418671,,,
5394,44.950000,15:00:26:20.02,-96.645554,302.152679,133.245026,-96.643242,309.031281,133.900391,-96.137115,304.353455,136.417969,,,
5395,44.958333,15:00:26:20.03,-96.643433,302.153351,133.245102,-96.641846,309.030731,133.901810,-96.135094,304.353394,136.419189,,,
5396,44.966667,15:00:26:21.00,-96.643700,302.153107,133.244614,-96.641319,309.030670,133.901367,-96.135536,304.353149,136.419693,,,
5397,44.975000,15:00:26:21.01,-96.646080,302.153107,133.245239,-96.642082,309.031311,133.901672,-96.137115,304.353943,136.418076,,,
5398,44.983333,15:00:26:21.02,-96.647209,302.153778,133.245773,-96.642326,309.031586,133.901794,-96.135918,304.354187,136.418121,,,
5399,44.991667,15:00:26:21.03,-96.646706,302.154114,133.246445,-96.641006,309.030762,133.900787,-96.135468,304.353851,136.419006,,,
5400,45.000000,15:00:26:22.00,-96.643646,302.153076,133.245590,-96.641281,309.030945,133.901688,-96.137390,304.353912,136.418777,,,
5401,45.008333,15:00:26:22.01,-96.644569,302.152588,133.244614,-96.642181,309.031616,133.902267,-96.137131,304.353088,136.418991,,,
5402,45.016667,15:00:26:22.02,-96.645775,302.153076,133.245178,-96.640434,309.031219,133.900650,-96.135834,304.352448,136.418182,,,
5403,45.025000,15:00:26:22.03,-96.646988,302.152771,133.244644,-96.643463,309.031158,133.900833,-96.136505,304.354065,136.418152,,,
5404,45.033333,15:00:26:23.00,-96.648369,302.153076,133.245392,-96.652023,309.037170,133.900879,-96.137650,304.352844,136.419098,,,
5405,45.041667,15:00:26:23.01,-96.647186,302.152954,133.244965,-96.644524,309.032288,133.901810,-96.135918,304.353821,136.418930,,,
5406,45.050000,15:00:26:23.02,-96.647575,302.151855,133.245880,-96.643326,309.031128,133.902435,-96.136673,304.353638,136.418182,,,
5407,45.058333,15:00:26:23.03,-96.646591,302.153198,133.245819,-96.641388,309.029999,133.901230,-96.120094,304.351196,136.417694,,,
5408,45.066667,15:00:26:24.00,-96.644180,302.152588,133.245605,-96.644333,309.031158,133.901657,-96.119469,304.354156,136.419647,,,
5409,45.075000,15:00:26:24.01,-96.645287,302.152435,133.246292,-96.643486,309.031158,133.902252,-96.116951,304.353271,136.417282,,,
5410,45.083333,15:00:26:24.02,-96.645111,302.152802,133.246231,-96.642914,309.030304,133.901031,-96.136162,304.353790,136.417908,,,
5411,45.091667,15:00:26:24.03,-96.645264,302.153931,133.246475,-96.642166,309.030396,133.900635,-96.137245,304.352814,136.417862,,,
5412,45.100000,15:00:26:25.00,-96.647270,302.152954,133.245911,-96.642075,309.031738,133.901520,-96.137573,304.353882,136.419098,,,
5413,45.108333,15:00:26:25.01,-96.646423,302.152313,133.246368,-96.643143,309.030273,133.901886,-96.121193,304.352844,136.418564,,,
5414,45.116667,15:00:26:25.02,-96.647850,302.152924,133.245193,-96.642380,309.031006,133.901001,-96.135628,304.354370,136.419022,,,
5415,45.125000,15:00:26:25.03,-96.646149,302.152740,133.244568,-96.641991,309.031158,133.901077,-96.119408,304.353088,136.417648,,,
5416,45.133333,15:00:26:26.00,-96.645676,302.152344,133.245102,-96.641907,309.031616,133.900848,-96.135406,304.353790,136.417892,,,
5417,45.141667,15:00:26:26.01,-96.647102,302.152374,133.246216,-96.642517,309.030060,133.901459,-96.136848,304.351715,136.417450,,,
5418,45.150000,15:00:26:26.02,-96.647247,302.152893,133.245224,-96.642570,309.031372,133.900803,-96.136627,304.352966,136.417419,,,
5419,45.158333,15:00:26:26.03,-96.645790,302.151978,133.247040,-96.641472,309.030579,133.901215,-96.137169,304.352966,136.418808,,,
5420,45.166667,15:00:26:27.00,-96.645500,302.152710,133.245010,-96.642151,309.031677,133.900269,-96.137222,304.353180,136.418152,,,
5421,45.175000,15:00:26:27.01,-96.644806,302.153076,133.244766,-96.642700,309.031738,133.901276,-96.136154,304.352112,136.417816,,,
5422,45.183333,15:00:26:27.02,-96.645058,302.152802,133.245331,-96.641617,309.030792,133.902496,-96.135620,304.353271,136.417664,,,
5423,45.191667,15:00:26:27.03,-96.645805,302.152008,133.245575,-96.640274,309.030548,133.901169,-96.134232,304.351746,136.417145,,,
5424,45.200000,15:00:26:28.00,-96.642403,302.152313,133.245300,-96.640106,309.031555,133.902573,-96.136871,304.353638,136.418945,,,
5425,45.208333,15:00:26:28.01,-96.642479,302.153076,133.245438,-96.640198,309.032013,133.901398,-96.135643,304.352692,136.418716,,,
5426,45.216667,15:00:26:28.02,-96.643044,302.152740,133.244583,-96.641129,309.031677,133.901016,-96.135254,304.352112,136.418243,,,
5427,45.225000,15:00:26:28.03,-96.644081,302.153259,133.246689,-96.640984,309.031891,133.901321,-96.135216,304.352356,136.417831,,,
5428,45.233333,15:00:26:29.00,-96.644821,302.152039,133.246124,-96.641495,309.031738,133.902008,-96.135590,304.353485,136.417892,,,
5429,45.241667,15:00:26:29.01,-96.642441,302.152802,133.244720,-96.641449,309.031647,133.901672,-96.136688,304.353943,136.418381,,,
5430,45.250000,15:00:26:29.02,-96.641548,302.153381,133.244629,-96.641281,309.031616,133.900497,-96.134254,304.352844,136.417770,,,
5431,45.258333,15:00:26:29.03,-96.642097,302.152405,133.244629,-96.639275,309.030640,133.901031,-96.136536,304.353790,136.418381,,,
5432,45.266667,15:00:27:00.00,-96.644859,302.153900,133.245193,-96.640564,309.031097,133.901245,-96.136177,304.353241,136.418030,,,
5433,45.275000,15:00:27:00.01,-96.643021,302.151764,133.245377,-96.641083,309.030304,133.901062,-96.135445,304.351440,136.417572,,,
5434,45.283333,15:00:27:00.02,-96.643326,302.152924,133.244064,-96.641914,309.031738,133.902618,-96.135429,304.353760,136.417740,,,
5435,45.291667,15:00:27:00.03,-96.644890,302.153412,133.245590,-96.641396,309.030975,133.901642,-96.135048,304.353424,136.418320,,,
5436,45.300000,15:00:27:01.00,-96.644836,302.154236,133.246780,-96.642136,309.030975,133.901779,-96.135017,304.352844,136.417435,,,
5437,45.308333,15:00:27:01.01,-96.643867,302.153839,133.244568,-96.641525,309.030975,133.900040,-96.118408,304.351990,136.417206,,,
5438,45.316667,15:00:27:01.02,-96.644341,302.153625,133.246201,-96.642181,309.031219,133.902054,-96.135147,304.354248,136.419250,,,
5439,45.325000,15:00:27:01.03,-96.645180,302.153534,133.246643,-96.639305,309.031342,133.900848,-96.135033,304.351868,136.418655,,,
5440,45.333333,15:00:27:02.00,-96.645981,302.153503,133.246506,-96.641533,309.031464,133.901505,-96.136871,304.353027,136.418732,,,
5441,45.341667,15:00:27:02.01,-96.645287,302.153381,133.246201,-96.641678,309.031036,133.901184,-96.134720,304.352936,136.417603,,,
5442,45.350000,15:00:27:02.02,-96.646675,302.153046,133.246277,-96.640381,309.031708,133.901794,-96.135750,304.352722,136.418015,,,
5443,45.358333,15:00:27:02.03,-96.647316,302.152191,133.245422,-96.640167,309.030853,133.901672,-96.136162,304.353699,136.418808,,,
5444,45.366667,15:00:27:03.00,-96.645645,302.153259,133.245499,-96.640167,309.030975,133.901398,-96.137733,304.353516,136.419586,,,
5445,45.375000,15:00:27:03.01,-96.643181,302.152588,133.245087,-96.640800,309.031860,133.900513,-96.136993,304.353394,136.419662,,,
5446,45.383333,15:00:27:03.02,-96.645844,302.152985,133.246429,-96.642998,309.031952,133.902344,-96.136841,304.353333,136.418945,,,
5447,45.391667,15:00:27:03.03,-96.645180,302.154236,133.246948,-96.640488,309.031189,133.901810,-96.136581,304.353943,136.419342,,,
5448,45.400000,15:00:27:04.00,-96.644768,302.154205,133.246597,-96.641678,309.032379,133.902344,-96.119522,304.354034,136.418457,,,
5449,45.408333,15:00:27:04.01,-96.644623,302.153625,133.246796,-96.643074,309.031982,133.902740,-96.135262,304.355927,136.419189,,,
5450,45.416667,15:00:27:04.02,-96.645615,302.154175,133.245499,-96.640823,309.031647,133.901917,-96.136414,304.353638,136.419098,,,
5451,45.425000,15:00:27:04.03,-96.648750,302.153992,133.248077,-96.642097,309.033691,133.902542,-96.137688,304.353943,136.418991,,,
5452,45.433333,15:00:27:05.00,-96.648407,302.155670,133.247070,-96.642647,309.033569,133.901733,-96.136513,304.355682,136.419907,,,
5453,45.441667,15:00:27:05.01,-96.648613,302.154938,133.247025,-96.643700,309.033020,133.902405,-96.136116,304.356049,136.418839,,,
5454,45.450000,15:00:27:05.02,-96.649414,302.156067,133.247833,-96.644318,309.032928,133.902390,-96.138725,304.355225,136.419983,,,
5455,45.458333,15:00:27:05.03,-96.648010,302.154907,133.246552,-96.644043,309.034363,133.903732,-96.137642,304.354797,136.419434,,,
5456,45.466667,15:00:27:06.00,-96.645844,302.156433,133.247452,-96.644089,309.034424,133.903275,-96.139099,304.354980,136.419708,,,
5457,45.475000,15:00:27:06.01,-96.646561,302.155670,133.247513,-96.642853,309.033752,133.903183,-96.121819,304.355743,136.420090,,,
5458,45.483333,15:00:27:06.02,-96.650398,302.156036,133.248169,-96.643364,309.033875,133.904007,-96.120560,304.357758,136.420334,,,
5459,45.491667,15:00:27:06.03,-96.651924,302.156036,133.246902,-96.642387,309.034027,133.904602,-96.137711,304.357147,136.421005,,,
5460,45.500000,15:00:27:07.00,-96.649796,302.156494,133.247940,-96.644058,309.035065,133.904510,-96.137604,304.357300,136.420425,,,
5461,45.508333,15:00:27:07.01,-96.647560,302.155365,133.247559,-96.642090,309.033722,133.903244,-96.137390,304.357117,136.420380,,,
5462,45.516667,15:00:27:07.02,-96.649818,302.154114,133.246582,-96.643623,309.035248,133.904617,-96.138069,304.356415,136.421173,,,
5463,45.525000,15:00:27:07.03,-96.646217,302.155396,133.247986,-96.643456,309.034241,133.903519,-96.137779,304.355927,136.419861,,,
5464,45.533333,15:00:27:08.00,-96.646378,302.155487,133.246155,-96.642838,309.033478,133.902405,-96.137444,304.356262,136.420273,,,
5465,45.541667,15:00:27:08.01,-96.645836,302.154694,133.246613,-96.641396,309.032837,133.902771,-96.136757,304.355347,136.419205,,,
5466,45.550000,15:00:27:08.02,-96.647797,302.155212,133.247635,-96.641953,309.033051,133.903275,-96.139114,304.355408,136.419708,,,
5467,45.558333,15:00:27:08.03,-96.646912,302.154510,133.246613,-96.642120,309.032867,133.902512,-96.137062,304.355225,136.419067,,,
5468,45.566667,15:00:27:09.00,-96.645012,302.154205,133.246490,-96.642761,309.032379,133.902924,-96.137566,304.355347,136.420364,,,
5469,45.575000,15:00:27:09.01,-96.645195,302.154266,133.245255,-96.641678,309.032288,133.901733,-96.119049,304.353638,136.417877,,,
5470,45.583333,15:00:27:09.02,-96.648010,302.152649,133.245422,-96.640274,309.032562,133.901459,-96.117142,304.354950,136.418747,,,
5471,45.591667,15:00:27:09.03,-96.645126,302.152893,133.246704,-96.641884,309.031158,133.901794,-96.135651,304.354919,136.419266,,,
5472,45.600000,15:00:27:10.00,-96.646484,302.153503,133.246872,-96.643517,309.032043,133.902847,-96.120087,304.352905,136.418182,,,
5473,45.608333,15:00:27:10.01,-96.643982,302.154327,133.246811,-96.642067,309.031311,133.901474,-96.118111,304.354156,136.418304,,,
5474,45.616667,15:00:27:10.02,-96.645821,302.153931,133.246964,-96.640900,309.031921,133.902283,-96.137306,304.354401,136.418945,,,
5475,45.625000,15:00:27:10.03,-96.645149,302.154480,133.245911,-96.640457,309.031525,133.901260,-96.120369,304.351990,136.417770,,,
5476,45.633333,15:00:27:11.00,-96.644974,302.152100,133.245926,-96.639816,309.031036,133.900909,-96.136032,304.355499,136.418594,,,
5477,45.641667,15:00:27:11.01,-96.645676,302.153534,133.246201,-96.642159,309.031525,133.901047,-96.118973,304.353271,136.417847,,,
5478,45.650000,15:00:27:11.02,-96.644768,302.153076,133.245972,-96.641205,309.031952,133.901199,-96.134308,304.355408,136.419250,,,
5479,45.658333,15:00:27:11.03,-96.645737,302.152618,133.246460,-96.640793,309.031403,133.901184,-96.137978,304.353760,136.419281,,,
5480,45.666667,15:00:27:12.00,-96.646454,302.153137,133.246582,-96.640213,309.032074,133.901947,-96.136024,304.354004,136.418472,,,
5481,45.675000,15:00:27:12.01,-96.643837,302.153717,133.246719,-96.640465,309.031403,133.901489,-96.135674,304.354553,136.419052,,,
5482,45.683333,15:00:27:12.02,-96.642799,302.152802,133.246307,-96.640877,309.031311,133.900269,-96.135803,304.354431,136.418549,,,
5483,45.691667,15:00:27:12.03,-96.642593,302.153748,133.245972,-96.641365,309.031067,133.901672,-96.119568,304.353394,136.417938,,,
5484,45.700000,15:00:27:13.00,-96.648201,302.154053,133.247116,-96.640053,309.031189,133.901382,-96.117172,304.354248,136.419418,,,
5485,45.708333,15:00:27:13.01,-96.645531,302.154083,133.245621,-96.640953,309.030304,133.900650,-96.117332,304.353760,136.418442,,,
5486,45.716667,15:00:27:13.02,-96.643204,302.153625,133.245895,-96.641411,309.030823,133.901062,-96.134811,304.353943,136.418930,,,
5487,45.725000,15:00:27:13.03,-96.641068,302.153503,133.244949,-96.640167,309.031250,133.901352,-96.119461,304.352509,136.418015,,,
5488,45.733333,15:00:27:14.00,-96.644043,302.153107,133.245956,-96.641190,309.031616,133.901627,-96.135994,304.354919,136.419388,,,
5489,45.741667,15:00:27:14.01,-96.643051,302.153076,133.246201,-96.641792,309.030609,133.901810,-96.136734,304.353363,136.418411,,,
5490,45.750000,15:00:27:14.02,-96.642769,302.152863,133.245270,-96.640839,309.031616,133.900528,-96.136978,304.352875,136.418549,,,
5491,45.758333,15:00:27:14.03,-96.644142,302.152893,133.245926,-96.641388,309.030914,133.901352,-96.118622,304.352173,136.417435,,,
5492,45.766667,15:00:27:15.00,-96.646294,302.154083,133.245483,-96.642342,309.031342,133.902161,-96.134422,304.353943,136.418625,,,
5493,45.775000,15:00:27:15.01,-96.646156,302.153168,133.246078,-96.639755,309.031830,133.901215,-96.134483,304.352814,136.417084,,,
5494,45.783333,15:00:27:15.02,-96.643913,302.153503,133.245789,-96.640144,309.030762,133.900726,-96.136063,304.353607,136.419586,,,
5495,45.791667,15:00:27:15.03,-96.645309,302.153534,133.245529,-96.639267,309.031342,133.900681,-96.119781,304.353424,136.418381,,,
5496,45.800000,15:00:27:16.00,-96.643867,302.153137,133.245010,-96.640663,309.031097,133.901031,-96.134956,304.354370,136.418289,,,
5497,45.808333,15:00:27:16.01,-96.644005,302.152649,133.244080,-96.639458,309.030304,133.900406,-96.135712,304.353943,136.418320,,,
5498,45.816667,15:00:27:16.02,-96.643906,302.153351,133.244995,-96.641426,309.031311,133.901016,-96.135887,304.353149,136.418442,,,
5499,45.825000,15:00:27:16.03,-96.645508,302.153076,133.246109,-96.640312,309.030090,133.899170,-96.136108,304.353271,136.418350,,,
5500,45.833333,15:00:27:17.00,-96.643486,302.152649,133.246307,-96.639160,309.031403,133.900360,-96.134911,304.352783,136.418091,,,
5501,45.841667,15:00:27:17.01,-96.642906,302.152466,133.245224,-96.639603,309.030762,133.901062,-96.135155,304.353546,136.418121,,,
5502,45.850000,15:00:27:17.02,-96.645500,302.152435,133.244949,-96.640358,309.031097,133.899994,-96.136627,304.353088,136.419357,,,
5503,45.858333,15:00:27:17.03,-96.645515,302.152313,133.245026,-96.640640,309.029999,133.900818,-96.135536,304.352600,136.417358,,,
5504,45.866667,15:00:27:18.00,-96.643356,302.152527,133.243851,-96.641449,309.031067,133.901794,-96.136436,304.353821,136.418427,,,
5505,45.875000,15:00:27:18.01,-96.641617,302.152954,133.244766,-96.640526,309.031342,133.901047,-96.118454,304.352600,136.417694,,,
5506,45.883333,15:00:27:18.02,-96.643051,302.152100,133.244507,-96.640289,309.030609,133.900909,-96.133255,304.354797,136.417847,,,
5507,45.891667,15:00:27:18.03,-96.647049,302.152496,133.244736,-96.641197,309.031097,133.900543,-96.136490,304.352112,136.417557,,,
5508,45.900000,15:00:27:19.00,-96.641312,302.152222,133.243668,-96.640129,309.030518,133.899704,-96.117867,304.351776,136.416870,,,
5509,45.908333,15:00:27:19.01,-96.643425,302.152527,133.244583,-96.641006,309.030640,133.900513,-96.134750,304.354858,136.417618,,,
5510,45.916667,15:00:27:19.02,-96.644363,302.152130,133.244629,-96.641388,309.030212,133.898788,-96.136147,304.353516,136.418655,,,
5511,45.925000,15:00:27:19.03,-96.645325,302.153351,133.244781,-96.641273,309.030090,133.899994,-96.136108,304.352539,136.417572,,,
5512,45.933333,15:00:27:20.00,-96.645119,302.153046,133.244217,-96.640236,309.030304,133.899109,-96.136459,304.353668,136.417633,,,
5513,45.941667,15:00:27:20.01,-96.642166,302.151917,133.243042,-96.640518,309.031158,133.899841,-96.136307,304.354584,136.418488,,,
5514,45.950000,15:00:27:20.02,-96.642151,302.152130,133.244507,-96.640900,309.031433,133.901306,-96.134773,304.353607,136.417419,,,
5515,45.958333,15:00:27:20.03,-96.643089,302.154266,133.244293,-96.639259,309.031494,133.899826,-96.135284,304.352905,136.418655,,,
5516,45.966667,15:00:27:21.00,-96.644424,302.152863,133.245697,-96.639565,309.031616,133.900604,-96.135559,304.353729,136.417572,,,
5517,45.975000,15:00:27:21.01,-96.643150,302.153168,133.244263,-96.641891,309.032043,133.900482,-96.135048,304.353790,136.417496,,,
5518,45.983333,15:00:27:21.02,-96.645599,302.152252,133.244431,-96.640381,309.031616,133.899551,-96.136024,304.353363,136.417297,,,
5519,45.991667,15:00:27:21.03,-96.644905,302.152893,133.243973,-96.641006,309.031403,133.900208,-96.135208,304.353485,136.416809,,,
5520,46.000000,15:00:27:22.00,-96.643829,302.152588,133.244949,-96.641006,309.031830,133.899719,-96.135681,304.353607,136.418350,,,
5521,46.008333,15:00:27:22.01,-96.645500,302.151917,133.243973,-96.640305,309.031311,133.900513,-96.136314,304.353058,136.417206,,,
5522,46.016667,15:00:27:22.02,-96.645149,302.151428,133.244370,-96.640610,309.031555,133.900284,-96.135201,304.354248,136.417358,,,
5523,46.025000,15:00:27:22.03,-96.643555,302.152527,133.244812,-96.640961,309.031738,133.900162,-96.134392,304.353333,136.416962,,,
5524,46.033333,15:00:27:23.00,-96.646286,302.152954,133.245605,-96.640984,309.031403,133.900543,-96.136391,304.352722,136.418396,,,
5525,46.041667,15:00:27:23.01,-96.644478,302.153351,133.244431,-96.642113,309.030304,133.900848,-96.135536,304.352692,136.418457,,,
5526,46.050000,15:00:27:23.02,-96.644661,302.153442,133.244507,-96.640945,309.030487,133.899338,-96.136673,304.353882,136.418671,,,
5527,46.058333,15:00:27:23.03,-96.646538,302.153717,133.245544,-96.640854,309.031006,133.900925,-96.137772,304.354156,136.418869,,,
5528,46.066667,15:00:27:24.00,-96.643028,302.153442,133.243973,-96.640167,309.030518,133.900208,-96.134277,304.351135,136.416367,,,
5529,46.075000,15:00:27:24.01,-96.645439,302.152649,133.246109,-96.640800,309.031769,133.900635,-96.134613,304.353119,136.418503,,,
5530,46.083333,15:00:27:24.02,-96.645134,302.152527,133.245270,-96.640030,309.030731,133.899841,-96.134216,304.353485,136.417557,,,
5531,46.091667,15:00:27:24.03,-96.643288,302.152313,133.243866,-96.640968,309.031433,133.900970,-96.119148,304.351532,136.417130,,,
5532,46.100000,15:00:27:25.00,-96.643623,302.153717,133.244354,-96.641823,309.031738,133.901138,-96.135101,304.354767,136.417587,,,
5533,46.108333,15:00:27:25.01,-96.643143,302.153412,133.243698,-96.639618,309.030487,133.900543,-96.136086,304.352753,136.417618,,,
5534,46.116667,15:00:27:25.02,-96.643822,302.153595,133.245651,-96.640938,309.031006,133.900055,-96.136421,304.353394,136.417374,,,
5535,46.125000,15:00:27:25.03,-96.644051,302.152130,133.245285,-96.641457,309.032288,133.900803,-96.117973,304.352295,136.417526,,,
5536,46.133333,15:00:27:26.00,-96.645714,302.153381,133.245667,-96.641060,309.030609,133.900284,-96.134087,304.354645,136.416992,,,
5537,46.141667,15:00:27:26.01,-96.642593,302.153625,133.243896,-96.640717,309.030334,133.899567,-96.118721,304.352997,136.417465,,,
5538,46.150000,15:00:27:26.02,-96.644295,302.153107,133.244858,-96.640739,309.031769,133.900223,-96.118256,304.353119,136.417740,,,
5539,46.158333,15:00:27:26.03,-96.644875,302.152863,133.245255,-96.638664,309.030975,133.900833,-96.134987,304.353699,136.418198,,,
5540,46.166667,15:00:27:27.00,-96.644608,302.152069,133.245605,-96.640289,309.031616,133.901459,-96.135643,304.352417,136.418076,,,
5541,46.175000,15:00:27:27.01,-96.643623,302.153198,133.244263,-96.640984,309.030823,133.900146,-96.118027,304.352783,136.417038,,,
5542,46.183333,15:00:27:27.02,-96.646057,302.153900,133.244263,-96.642609,309.031067,133.900665,-96.116425,304.354156,136.417313,,,
5543,46.191667,15:00:27:27.03,-96.645432,302.153290,133.244339,-96.641525,309.030975,133.900696,-96.133980,304.354492,136.418228,,,
5544,46.200000,15:00:27:28.00,-96.647766,302.153290,133.246506,-96.641960,309.031342,133.901291,-96.119926,304.353271,136.416946,,,
5545,46.208333,15:00:27:28.01,-96.646408,302.151733,133.244919,-96.641495,309.030975,133.899948,-96.135422,304.354248,136.417526,,,
5546,46.216667,15:00:27:28.02,-96.646172,302.152740,133.245392,-96.640869,309.032501,133.900406,-96.136307,304.352417,136.417526,,,
5547,46.225000,15:00:27:28.03,-96.646042,302.152374,133.245895,-96.638580,309.031494,133.899811,-96.136002,304.353180,136.418365,,,
5548,46.233333,15:00:27:29.00,-96.643440,302.152954,133.244354,-96.640320,309.031311,133.901093,-96.135643,304.353943,136.418777,,,
5549,46.241667,15:00:27:29.01,-96.645081,302.155029,133.245956,-96.641502,309.031189,133.901520,-96.135719,304.353699,136.417252,,,
5550,46.250000,15:00:27:29.02,-96.642693,302.153625,133.245300,-96.640610,309.030365,133.901428,-96.135521,304.354034,136.417694,,,
5551,46.258333,15:00:27:29.03,-96.644325,302.152954,133.245010,-96.640793,309.031616,133.901459,-96.135918,304.353699,136.418304,,,
5552,46.266667,15:00:28:00.00,-96.642807,302.151855,133.244949,-96.639923,309.032257,133.900421,-96.135757,304.354126,136.418121,,,
5553,46.275000,15:00:28:00.01,-96.644241,302.153076,133.244812,-96.639641,309.031067,133.900894,-96.134483,304.354218,136.417633,,,
5554,46.283333,15:00:28:00.02,-96.643539,302.153381,133.244904,-96.641533,309.032349,133.902374,-96.135376,304.352783,136.417755,,,
5555,46.291667,15:00:28:00.03,-96.641754,302.152710,133.244461,-96.641342,309.032257,133.901703,-96.136192,304.353943,136.419022,,,
5556,46.300000,15:00:28:01.00,-96.640625,302.152405,133.244431,-96.639801,309.030518,133.899857,-96.119553,304.352081,136.417252,,,
5557,46.308333,15:00:28:01.01,-96.642563,302.152863,133.244507,-96.642136,309.030762,133.900528,-96.118362,304.353088,136.417953,,,
5558,46.316667,15:00:28:01.02,-96.642754,302.153320,133.245102,-96.641624,309.031281,133.899933,-96.134964,304.353851,136.417252,,,
5559,46.325000,15:00:28:01.03,-96.644508,302.153442,133.246582,-96.641251,309.031830,133.900940,-96.120239,304.352997,136.416626,,,
5560,46.333333,15:00:28:02.00,-96.645592,302.152313,133.246201,-96.640808,309.031097,133.901123,-96.134811,304.353882,136.416626,,,
5561,46.341667,15:00:28:02.01,-96.643112,302.152954,133.245377,-96.641350,309.031525,133.900940,-96.134415,304.352936,136.418945,,,
5562,46.350000,15:00:28:02.02,-96.641663,302.151123,133.245071,-96.640526,309.031830,133.901016,-96.135651,304.353302,136.418488,,,
5563,46.358333,15:00:28:02.03,-96.644501,302.153625,133.244690,-96.640656,309.032074,133.901077,-96.119820,304.353424,136.418686,,,
5564,46.366667,15:00:28:03.00,-96.646210,302.153351,133.246109,-96.642128,309.031189,133.900787,-96.135017,304.354492,136.417984,,,
5565,46.375000,15:00:28:03.01,-96.644905,302.151794,133.244629,-96.642128,309.030579,133.899902,-96.135292,304.352631,136.417587,,,
5566,46.383333,15:00:28:03.02,-96.643326,302.152649,133.245224,-96.641571,309.031525,133.900757,-96.135696,304.354706,136.417862,,,
5567,46.391667,15:00:28:03.03,-96.643555,302.152130,133.245682,-96.641380,309.031464,133.901520,-96.135666,304.354492,136.418030,,,
5568,46.400000,15:00:28:04.00,-96.642479,302.152313,133.245361,-96.641991,309.030945,133.900314,-96.133690,304.353394,136.418076,,,
5569,46.408333,15:00:28:04.01,-96.641396,302.152649,133.245255,-96.642059,309.031006,133.900970,-96.135689,304.353180,136.417770,,,
5570,46.416667,15:00:28:04.02,-96.644089,302.152618,133.245285,-96.639175,309.031281,133.900528,-96.116180,304.352112,136.416763,,,
5571,46.425000,15:00:28:04.03,-96.644035,302.152557,133.244171,-96.639908,309.031189,133.900894,-96.134720,304.354553,136.417648,,,
5572,46.433333,15:00:28:05.00,-96.643303,302.152618,133.245010,-96.639343,309.031464,133.901077,-96.135223,304.353455,136.418182,,,
5573,46.441667,15:00:28:05.01,-96.644638,302.153564,133.245636,-96.640808,309.031708,133.900543,-96.119156,304.353394,136.418213,,,
5574,46.450000,15:00:28:05.02,-96.643990,302.152771,133.244431,-96.640251,309.031769,133.901184,-96.134689,304.353668,136.417450,,,
5575,46.458333,15:00:28:05.03,-96.644379,302.153625,133.244629,-96.641319,309.031433,133.899460,-96.118401,304.352448,136.417358,,,
5576,46.466667,15:00:28:06.00,-96.645203,302.152222,133.245392,-96.640862,309.032013,133.901199,-96.134529,304.354492,136.417969,,,
5577,46.475000,15:00:28:06.01,-96.643219,302.152740,133.244293,-96.641655,309.031830,133.901474,-96.134644,304.352142,136.417252,,,
5578,46.483333,15:00:28:06.02,-96.645409,302.154022,133.246475,-96.641327,309.031708,133.901855,-96.136803,304.353363,136.418503,,,
5579,46.491667,15:00:28:06.03,-96.644615,302.152649,133.244446,-96.639557,309.031158,133.900558,-96.134621,304.353638,136.418839,,,
5580,46.500000,15:00:28:07.00,-96.646049,302.152679,133.244461,-96.639885,309.031311,133.901215,-96.119102,304.353607,136.417252,,,
5581,46.508333,15:00:28:07.01,-96.645401,302.152863,133.244736,-96.640785,309.031189,133.900818,-96.117249,304.353363,136.418350,,,
5582,46.516667,15:00:28:07.02,-96.644440,302.154144,133.246216,-96.641441,309.030762,133.899521,-96.117821,304.351746,136.416748,,,
5583,46.525000,15:00:28:07.03,-96.643860,302.152802,133.244034,-96.640938,309.030731,133.900650,-96.134636,304.354034,136.417648,,,
5584,46.533333,15:00:28:08.00,-96.647484,302.152313,133.245621,-96.639977,309.030396,133.901199,-96.136055,304.353485,136.418671,,,
5585,46.541667,15:00:28:08.01,-96.645775,302.152649,133.245483,-96.641472,309.031189,133.901260,-96.117310,304.351410,136.417313,,,
5586,46.550000,15:00:28:08.02,-96.644089,302.152130,133.244827,-96.641785,309.030792,133.900635,-96.115829,304.352875,136.417557,,,
5587,46.558333,15:00:28:08.03,-96.645020,302.153381,133.245041,-96.639626,309.029968,133.899719,-96.117691,304.352448,136.417999,,,
5588,46.566667,15:00:28:09.00,-96.645508,302.152008,133.244293,-96.640343,309.030914,133.900421,-96.118202,304.353027,136.417267,,,
5589,46.575000,15:00:28:09.01,-96.646271,302.152252,133.245667,-96.638954,309.030548,133.900314,-96.134796,304.353577,136.417999,,,
5590,46.583333,15:00:28:09.02,-96.645325,302.154388,133.246155,-96.641335,309.031067,133.901688,-96.134682,304.353058,136.417908,,,
5591,46.591667,15:00:28:09.03,-96.644928,302.152527,133.245117,-96.641312,309.031982,133.901276,-96.118950,304.353333,136.417694,,,
5592,46.600000,15:00:28:10.00,-96.642303,302.151703,133.244751,-96.641464,309.031067,133.901489,-96.133263,304.353851,136.418671,,,
5593,46.608333,15:00:28:10.01,-96.642509,302.153076,133.244675,-96.640617,309.031372,133.900772,-96.118530,304.352844,136.418411,,,
5594,46.616667,15:00:28:10.02,-96.644508,302.153320,133.244843,-96.641541,309.031586,133.901352,-96.135300,304.354187,136.417969,,,
5595,46.625000,15:00:28:10.03,-96.643242,302.153442,133.245285,-96.640305,309.031311,133.899628,-96.134232,304.352631,136.417282,,,
5596,46.633333,15:00:28:11.00,-96.644798,302.152191,133.244507,-96.640839,309.030853,133.901138,-96.135887,304.353912,136.418427,,,
5597,46.641667,15:00:28:11.01,-96.643272,302.152863,133.244293,-96.641769,309.031128,133.900696,-96.118286,304.353729,136.417847,,,
5598,46.650000,15:00:28:11.02,-96.643921,302.153290,133.245285,-96.641594,309.030945,133.900375,-96.134338,304.354919,136.418213,,,
5599,46.658333,15:00:28:11.03,-96.646286,302.152802,133.245789,-96.639046,309.031097,133.900513,-96.135971,304.352661,136.417419,,,
5600,46.666667,15:00:28:12.00,-96.643845,302.153595,133.244751,-96.641899,309.031219,133.901474,-96.118141,304.353271,136.416199,,,
5601,46.675000,15:00:28:12.01,-96.643684,302.153137,133.245743,-96.639229,309.030182,133.900909,-96.118187,304.354126,136.417633,,,
5602,46.683333,15:00:28:12.02,-96.642998,302.153534,133.244141,-96.640434,309.031311,133.901489,-96.118286,304.354156,136.418686,,,
5603,46.691667,15:00:28:12.03,-96.643669,302.153198,133.245453,-96.641441,309.031525,133.901688,-96.117401,304.353180,136.417755,,,
5604,46.700000,15:00:28:13.00,-96.646324,302.153229,133.244705,-96.641548,309.031891,133.901688,-96.116814,304.353241,136.417358,,,
5605,46.708333,15:00:28:13.01,-96.645172,302.153748,133.246017,-96.640549,309.030914,133.900330,-96.134750,304.354370,136.417038,,,
5606,46.716667,15:00:28:13.02,-96.643776,302.153503,133.245010,-96.642639,309.031372,133.902252,-96.136307,304.353088,136.418076,,,
5607,46.725000,15:00:28:13.03,-96.645363,302.153625,133.246262,-96.642456,309.032593,133.901184,-96.118805,304.352631,136.418274,,,
5608,46.733333,15:00:28:14.00,-96.645744,302.153748,133.245789,-96.641869,309.032043,133.901047,-96.136101,304.355072,136.418213,,,
5609,46.741667,15:00:28:14.01,-96.644691,302.153442,133.245773,-96.641052,309.031982,133.900925,-96.136360,304.352386,136.418564,,,
5610,46.750000,15:00:28:14.02,-96.644081,302.152618,133.246796,-96.641075,309.031952,133.901443,-96.137039,304.353485,136.417969,,,
5611,46.758333,15:00:28:14.03,-96.645164,302.153717,133.245361,-96.642296,309.032227,133.902069,-96.135880,304.353088,136.419022,,,
5612,46.766667,15:00:28:15.00,-96.647003,302.153717,133.246277,-96.641518,309.031525,133.902161,-96.136154,304.353424,136.418503,,,
5613,46.775000,15:00:28:15.01,-96.646667,302.154236,133.245651,-96.641357,309.031830,133.900925,-96.136147,304.354248,136.418076,,,
5614,46.783333,15:00:28:15.02,-96.644844,302.154297,133.247208,-96.642616,309.031738,133.900864,-96.135750,304.353394,136.418503,,,
5615,46.791667,15:00:28:15.03,-96.645058,302.154846,133.246384,-96.642593,309.032166,133.901398,-96.118721,304.353699,136.417603,,,
5616,46.800000,15:00:28:16.00,-96.644272,302.152985,133.246460,-96.642044,309.031006,133.902328,-96.134201,304.354584,136.418472,,,
5617,46.808333,15:00:28:16.01,-96.645721,302.153992,133.246536,-96.641830,309.031616,133.902176,-96.119110,304.352631,136.417313,,,
5618,46.816667,15:00:28:16.02,-96.644966,302.153046,133.246979,-96.641747,309.031006,133.903687,-96.117897,304.353058,136.418182,,,
5619,46.825000,15:00:28:16.03,-96.644302,302.152863,133.246780,-96.642036,309.031647,133.901886,-96.117760,304.354095,136.418335,,,
5620,46.833333,15:00:28:17.00,-96.644417,302.153168,133.246658,-96.641960,309.031921,133.902603,-96.136368,304.354218,136.418854,,,
5621,46.841667,15:00:28:17.01,-96.644310,302.152679,133.245407,-96.641823,309.031616,133.901855,-96.137695,304.352997,136.419800,,,
5622,46.850000,15:00:28:17.02,-96.646713,302.151886,133.246780,-96.641853,309.031311,133.902283,-96.135422,304.352966,136.418472,,,
5623,46.858333,15:00:28:17.03,-96.645714,302.153412,133.246307,-96.642700,309.031311,133.901321,-96.137024,304.353546,136.418854,,,
5624,46.866667,15:00:28:18.00,-96.646240,302.153076,133.246246,-96.642151,309.031006,133.901886,-96.135384,304.353943,136.419250,,,
5625,46.875000,15:00:28:18.01,-96.643242,302.153687,133.245911,-96.641144,309.030945,133.900513,-96.137383,304.353760,136.419479,,,
5626,46.883333,15:00:28:18.02,-96.642410,302.153717,133.245407,-96.641296,309.030396,133.902252,-96.118393,304.352722,136.417679,,,
5627,46.891667,15:00:28:18.03,-96.645462,302.152893,133.246490,-96.642517,309.031433,133.902466,-96.132904,304.354980,136.418610,,,
5628,46.900000,15:00:28:19.00,-96.648232,302.153503,133.247055,-96.641991,309.030884,133.901154,-96.119835,304.352966,136.416840,,,
5629,46.908333,15:00:28:19.01,-96.648178,302.152100,133.246918,-96.642609,309.030518,133.901520,-96.135696,304.355621,136.420197,,,
5630,46.916667,15:00:28:19.02,-96.645889,302.152679,133.245331,-96.641808,309.030518,133.901337,-96.135727,304.352753,136.418884,,,
5631,46.925000,15:00:28:19.03,-96.645660,302.153229,133.245041,-96.641609,309.031372,133.900696,-96.135307,304.352844,136.418106,,,
5632,46.933333,15:00:28:20.00,-96.645126,302.153076,133.245605,-96.639832,309.029053,133.899597,-96.136833,304.352905,136.418152,,,
5633,46.941667,15:00:28:20.01,-96.645287,302.152679,133.245880,-96.641068,309.030914,133.900909,-96.136406,304.352783,136.417862,,,
5634,46.950000,15:00:28:20.02,-96.646400,302.153229,133.245270,-96.641556,309.031494,133.900162,-96.135422,304.352997,136.418579,,,
5635,46.958333,15:00:28:20.03,-96.646080,302.151642,133.245941,-96.640793,309.031036,133.900925,-96.134773,304.352234,136.417740,,,
5636,46.966667,15:00:28:21.00,-96.645943,302.151733,133.246170,-96.641800,309.032196,133.900940,-96.137222,304.354370,136.418396,,,
5637,46.975000,15:00:28:21.01,-96.644135,302.153168,133.245224,-96.641479,309.030762,133.900879,-96.117767,304.352844,136.417587,,,
5638,46.983333,15:00:28:21.02,-96.646324,302.153320,133.244690,-96.642242,309.030640,133.900925,-96.135094,304.353455,136.418121,,,
5639,46.991667,15:00:28:21.03,-96.646019,302.152924,133.246109,-96.642036,309.030853,133.901001,-96.136398,304.352173,136.418900,,,
5640,47.000000,15:00:28:22.00,-96.645668,302.152191,133.245239,-96.641251,309.029724,133.901291,-96.136574,304.352844,136.417908,,,
5641,47.008333,15:00:28:22.01,-96.646507,302.152313,133.246490,-96.642464,309.030762,133.901199,-96.119698,304.351837,136.417648,,,
5642,47.016667,15:00:28:22.02,-96.646019,302.152130,133.245499,-96.641357,309.029449,133.900620,-96.134308,304.353760,136.417648,,,
5643,47.025000,15:00:28:22.03,-96.647926,302.151642,133.244675,-96.642479,309.029785,133.900864,-96.136223,304.351990,136.419754,,,
5644,47.033333,15:00:28:23.00,-96.649513,302.150940,133.246307,-96.641693,309.030090,133.900909,-96.137878,304.351440,136.417831,,,
5645,47.041667,15:00:28:23.01,-96.645370,302.151947,133.246078,-96.641708,309.031281,133.900955,-96.136322,304.353363,136.417694,,,
5646,47.050000,15:00:28:23.02,-96.644791,302.151947,133.245773,-96.642532,309.030090,133.901917,-96.135612,304.353180,136.418442,,,
5647,47.058333,15:00:28:23.03,-96.644173,302.153442,133.245743,-96.641891,309.029663,133.900269,-96.118835,304.351715,136.416916,,,
5648,47.066667,15:00:28:24.00,-96.644302,302.151978,133.245926,-96.642509,309.030334,133.900940,-96.135071,304.354187,136.418716,,,
5649,47.075000,15:00:28:24.01,-96.645233,302.151978,133.244629,-96.640411,309.029388,133.900742,-96.135864,304.352081,136.418716,,,
5650,47.083333,15:00:28:24.02,-96.644722,302.151337,133.245682,-96.641602,309.030640,133.900864,-96.136360,304.351959,136.418671,,,
5651,47.091667,15:00:28:24.03,-96.645317,302.152557,133.245850,-96.641296,309.030487,133.900970,-96.118805,304.351532,136.417480,,,
5652,47.100000,15:00:28:25.00,-96.642746,302.152161,133.244507,-96.641808,309.030609,133.901428,-96.133911,304.355072,136.418228,,,
5653,47.108333,15:00:28:25.01,-96.642464,302.152313,133.245209,-96.640930,309.030640,133.901550,-96.118073,304.350830,136.416946,,,
5654,47.116667,15:00:28:25.02,-96.643982,302.152893,133.245041,-96.640198,309.029877,133.900101,-96.115692,304.352386,136.416901,,,
5655,47.125000,15:00:28:25.03,-96.645531,302.153351,133.245132,-96.640862,309.030792,133.901367,-96.118126,304.352966,136.416809,,,
5656,47.133333,15:00:28:26.00,-96.647156,302.152771,133.246475,-96.640060,309.031769,133.901688,-96.134026,304.352356,136.416946,,,
5657,47.141667,15:00:28:26.01,-96.644958,302.152924,133.245712,-96.641701,309.031097,133.902527,-96.135803,304.352386,136.418594,,,
5658,47.150000,15:00:28:26.02,-96.643791,302.152588,133.245789,-96.642044,309.031250,133.901077,-96.118034,304.350342,136.416763,,,
5659,47.158333,15:00:28:26.03,-96.642097,302.151611,133.244766,-96.639488,309.030396,133.900955,-96.116989,304.351959,136.417374,,,
5660,47.166667,15:00:28:27.00,-96.644577,302.152985,133.245163,-96.640411,309.029755,133.900726,-96.134171,304.351990,136.417801,,,
5661,47.175000,15:00:28:27.01,-96.644646,302.151550,133.245300,-96.639732,309.031281,133.900421,-96.118965,304.351013,136.417755,,,
5662,47.183333,15:00:28:27.02,-96.645164,302.152313,133.245667,-96.640152,309.031525,133.900406,-96.134697,304.353271,136.418076,,,
5663,47.191667,15:00:28:27.03,-96.641838,302.153076,133.244629,-96.641174,309.030426,133.900421,-96.134964,304.350555,136.416367,,,
5664,47.200000,15:00:28:28.00,-96.643890,302.151276,133.245010,-96.641251,309.029968,133.900360,-96.135483,304.350616,136.416931,,,
5665,47.208333,15:00:28:28.01,-96.643341,302.150879,133.245575,-96.638474,309.029358,133.899521,-96.117020,304.350647,136.417801,,,
5666,47.216667,15:00:28:28.02,-96.643570,302.152374,133.245529,-96.640511,309.029694,133.900848,-96.116104,304.353058,136.417297,,,
5667,47.225000,15:00:28:28.03,-96.643517,302.151001,133.245041,-96.640961,309.029449,133.901047,-96.117691,304.351593,136.416824,,,
5668,47.233333,15:00:28:29.00,-96.643837,302.151489,133.245499,-96.640495,309.030151,133.900528,-96.134430,304.352295,136.418854,,,
5669,47.241667,15:00:28:29.01,-96.644287,302.152557,133.245972,-96.641251,309.029358,133.900879,-96.135017,304.350372,136.419373,,,
5670,47.250000,15:00:28:29.02,-96.643654,302.151764,133.244781,-96.640778,309.029205,133.900375,-96.134789,304.350891,136.416962,,,
5671,47.258333,15:00:28:29.03,-96.644302,302.151733,133.244705,-96.640175,309.030945,133.901062,-96.134689,304.352295,136.417664,,,
5672,47.266667,15:00:29:00.00,-96.645317,302.151154,133.245270,-96.640434,309.030640,133.900101,-96.117462,304.351196,136.417282,,,
5673,47.275000,15:00:29:00.01,-96.642914,302.152679,133.246094,-96.639069,309.030029,133.899506,-96.134109,304.352295,136.417313,,,
5674,47.283333,15:00:29:00.02,-96.644501,302.151855,133.245743,-96.640854,309.030060,133.900681,-96.117630,304.350433,136.417374,,,
5675,47.291667,15:00:29:00.03,-96.644295,302.152466,133.245270,-96.650162,309.034882,133.898788,-96.116859,304.352020,136.418884,,,
5676,47.300000,15:00:29:01.00,-96.645973,302.151550,133.245911,-96.642311,309.029480,133.899078,-96.134377,304.352753,136.417694,,,
5677,47.308333,15:00:29:01.01,-96.646133,302.152039,133.245544,-96.639679,309.030457,133.900482,-96.135452,304.350342,136.418335,,,
5678,47.316667,15:00:29:01.02,-96.644302,302.152527,133.244553,-96.638863,309.029846,133.899933,-96.118301,304.351624,136.418060,,,
5679,47.325000,15:00:29:01.03,-96.642944,302.152313,133.245300,-96.641182,309.030212,133.901382,-96.133514,304.353943,136.417465,,,
5680,47.333333,15:00:29:02.00,-96.645340,302.152374,133.245926,-96.642006,309.029877,133.900482,-96.135605,304.352173,136.418228,,,
5681,47.341667,15:00:29:02.01,-96.645081,302.152924,133.244736,-96.640762,309.030304,133.899994,-96.136162,304.352081,136.417908,,,
5682,47.350000,15:00:29:02.02,-96.641266,302.152649,133.244797,-96.639732,309.030518,133.900116,-96.135384,304.353027,136.418594,,,
5683,47.358333,15:00:29:02.03,-96.643417,302.153046,133.245636,-96.640297,309.031555,133.900009,-96.118683,304.351624,136.417877,,,
5684,47.366667,15:00:29:03.00,-96.645401,302.153381,133.247025,-96.639481,309.030853,133.899567,-96.134552,304.353912,136.418594,,,
5685,47.375000,15:00:29:03.01,-96.643646,302.152039,133.245697,-96.641548,309.030518,133.901352,-96.135323,304.352417,136.417740,,,
5686,47.383333,15:00:29:03.02,-96.643913,302.152100,133.245499,-96.641243,309.031128,133.900146,-96.118889,304.351562,136.416580,,,
5687,47.391667,15:00:29:03.03,-96.645996,302.152954,133.245926,-96.640686,309.030853,133.901093,-96.133522,304.353516,136.418503,,,
5688,47.400000,15:00:29:04.00,-96.642281,302.152832,133.244629,-96.638908,309.030304,133.900223,-96.136215,304.352325,136.418121,,,
5689,47.408333,15:00:29:04.01,-96.644341,302.152863,133.244324,-96.640846,309.031525,133.900940,-96.136154,304.352295,136.418030,,,
5690,47.416667,15:00:29:04.02,-96.647522,302.152802,133.245300,-96.641251,309.030853,133.901062,-96.136215,304.352173,136.418884,,,
5691,47.425000,15:00:29:04.03,-96.646866,302.153717,133.244980,-96.642075,309.030762,133.900421,-96.135849,304.352631,136.418304,,,
5692,47.433333,15:00:29:05.00,-96.646263,302.152100,133.245087,-96.640823,309.029694,133.900452,-96.134224,304.352997,136.418518,,,
5693,47.441667,15:00:29:05.01,-96.646446,302.151764,133.245926,-96.641144,309.032227,133.900757,-96.134361,304.352509,136.418106,,,
5694,47.450000,15:00:29:05.02,-96.647224,302.152313,133.245468,-96.641800,309.030701,133.901489,-96.136627,304.352478,136.417313,,,
5695,47.458333,15:00:29:05.03,-96.648506,302.151428,133.246521,-96.644707,309.031403,133.902313,-96.118614,304.351440,136.417664,,,
5696,47.466667,15:00:29:06.00,-96.647430,302.152588,133.246292,-96.643486,309.031067,133.902649,-96.116402,304.353271,136.416855,,,
5697,47.475000,15:00:29:06.01,-96.645836,302.151703,133.246124,-96.643059,309.030975,133.902191,-96.135590,304.353912,136.418991,,,
5698,47.483333,15:00:29:06.02,-96.645210,302.152985,133.245743,-96.642578,309.028961,133.901764,-96.136765,304.350555,136.418549,,,
5699,47.491667,15:00:29:06.03,-96.645218,302.152588,133.245941,-96.640572,309.029205,133.900101,-96.135880,304.351562,136.418884,,,
5700,47.500000,15:00:29:07.00,-96.646172,302.152100,133.246155,-96.641663,309.029449,133.901627,-96.134750,304.351868,136.417343,,,
5701,47.508333,15:00:29:07.01,-96.647369,302.153442,133.244888,-96.640656,309.029572,133.901489,-96.135124,304.351624,136.418182,,,
5702,47.516667,15:00:29:07.02,-96.648773,302.153381,133.244873,-96.641273,309.031433,133.901184,-96.118546,304.351257,136.417847,,,
5703,47.525000,15:00:29:07.03,-96.646431,302.151764,133.244827,-96.642586,309.029510,133.901352,-96.117577,304.353485,136.418137,,,
5704,47.533333,15:00:29:08.00,-96.644897,302.152283,133.245590,-96.641823,309.029999,133.901138,-96.135132,304.353851,136.418488,,,
5705,47.541667,15:00:29:08.01,-96.645073,302.152527,133.243896,-96.640999,309.030182,133.901566,-96.118904,304.351471,136.417908,,,
5706,47.550000,15:00:29:08.02,-96.645462,302.153107,133.244949,-96.641434,309.030457,133.901321,-96.135376,304.354584,136.418365,,,
5707,47.558333,15:00:29:08.03,-96.645706,302.152740,133.245636,-96.640953,309.030334,133.901138,-96.136604,304.351959,136.418304,,,
5708,47.566667,15:00:29:09.00,-96.644356,302.152313,133.244507,-96.642578,309.029999,133.901917,-96.135536,304.351959,136.417892,,,
5709,47.575000,15:00:29:09.01,-96.646149,302.153137,133.245499,-96.642265,309.031219,133.901596,-96.119041,304.352081,136.418076,,,
5710,47.583333,15:00:29:09.02,-96.646912,302.152252,133.245102,-96.642136,309.030548,133.901733,-96.135742,304.353210,136.418121,,,
5711,47.591667,15:00:29:09.03,-96.644432,302.150726,133.244675,-96.641815,309.030518,133.900635,-96.119728,304.351135,136.416550,,,
5712,47.600000,15:00:29:10.00,-96.647545,302.152008,133.245926,-96.641769,309.029816,133.900589,-96.136200,304.352692,136.417862,,,
5713,47.608333,15:00:29:10.01,-96.646271,302.152588,133.245667,-96.643494,309.030731,133.901093,-96.136955,304.351746,136.418243,,,
5714,47.616667,15:00:29:10.02,-96.644806,302.151428,133.244614,-96.641518,309.030518,133.900528,-96.119225,304.351349,136.417999,,,
5715,47.625000,15:00:29:10.03,-96.643845,302.151642,133.244003,-96.641945,309.030121,133.901459,-96.133713,304.354553,136.416504,,,
5716,47.633333,15:00:29:11.00,-96.643677,302.153137,133.244354,-96.643066,309.031464,133.901566,-96.136177,304.352173,136.418015,,,
5717,47.641667,15:00:29:11.01,-96.644173,302.153351,133.245575,-96.642044,309.030640,133.900223,-96.135529,304.352264,136.418076,,,
5718,47.650000,15:00:29:11.02,-96.645309,302.152039,133.245850,-96.641609,309.030884,133.901871,-96.117912,304.350830,136.416901,,,
5719,47.658333,15:00:29:11.03,-96.647415,302.152313,133.246124,-96.641640,309.030518,133.901489,-96.135475,304.353760,136.417801,,,
5720,47.666667,15:00:29:12.00,-96.645241,302.151306,133.244629,-96.641365,309.030212,133.901947,-96.135368,304.352997,136.417419,,,
5721,47.675000,15:00:29:12.01,-96.647232,302.152008,133.245880,-96.641838,309.030914,133.900757,-96.135620,304.352386,136.418518,,,
5722,47.683333,15:00:29:12.02,-96.646225,302.151581,133.246094,-96.641647,309.030151,133.901154,-96.135590,304.352203,136.418442,,,
5723,47.691667,15:00:29:12.03,-96.646278,302.151978,133.245422,-96.641579,309.031006,133.901917,-96.136261,304.353394,136.418991,,,
5724,47.700000,15:00:29:13.00,-96.646431,302.152740,133.244720,-96.641319,309.030670,133.900696,-96.137199,304.352020,136.419113,,,
5725,47.708333,15:00:29:13.01,-96.642876,302.152771,133.245377,-96.641083,309.030060,133.901733,-96.119240,304.352295,136.417419,,,
5726,47.716667,15:00:29:13.02,-96.643730,302.152710,133.245026,-96.640877,309.030731,133.901062,-96.134171,304.353668,136.418137,,,
5727,47.725000,15:00:29:13.03,-96.645561,302.153107,133.244492,-96.640564,309.030212,133.900024,-96.118614,304.352020,136.417084,,,
5728,47.733333,15:00:29:14.00,-96.647583,302.152039,133.246918,-96.641357,309.030365,133.901001,-96.116844,304.353455,136.417557,,,
5729,47.741667,15:00:29:14.01,-96.646805,302.152466,133.246201,-96.642609,309.030151,133.901321,-96.134499,304.353333,136.418335,,,
5730,47.750000,15:00:29:14.02,-96.647003,302.152832,133.245422,-96.641243,309.030334,133.900940,-96.137833,304.351410,136.418259,,,
5731,47.758333,15:00:29:14.03,-96.645317,302.152405,133.245529,-96.640755,309.029755,133.900925,-96.136360,304.352173,136.417252,,,
5732,47.766667,15:00:29:15.00,-96.646484,302.152344,133.245285,-96.641258,309.029968,133.900970,-96.118324,304.351990,136.417969,,,
5733,47.775000,15:00:29:15.01,-96.645233,302.152405,133.245865,-96.640961,309.029999,133.899628,-96.134232,304.353821,136.417969,,,
5734,47.783333,15:00:29:15.02,-96.644318,302.151459,133.246048,-96.641754,309.030304,133.899872,-96.136650,304.352051,136.417801,,,
5735,47.791667,15:00:29:15.03,-96.643982,302.152405,133.245712,-96.641579,309.030426,133.900818,-96.136978,304.352142,136.418945,,,
5736,47.800000,15:00:29:16.00,-96.644295,302.151764,133.245239,-96.641365,309.030548,133.901581,-96.119308,304.351807,136.418823,,,
5737,47.808333,15:00:29:16.01,-96.644554,302.153290,133.245346,-96.640915,309.030609,133.900879,-96.134888,304.352417,136.418610,,,
5738,47.816667,15:00:29:16.02,-96.644333,302.152740,133.246033,-96.641808,309.030304,133.901627,-96.137802,304.354370,136.419571,,,
5739,47.825000,15:00:29:16.03,-96.645584,302.153107,133.246368,-96.641747,309.030457,133.901703,-96.135918,304.353394,136.418594,,,
5740,47.833333,15:00:29:17.00,-96.642448,302.152527,133.244843,-96.641975,309.030884,133.902664,-96.135887,304.352234,136.418503,,,
5741,47.841667,15:00:29:17.01,-96.643318,302.152954,133.246201,-96.641266,309.030670,133.902100,-96.135666,304.352264,136.418777,,,
5742,47.850000,15:00:29:17.02,-96.645683,302.152679,133.246033,-96.640808,309.031189,133.901123,-96.136604,304.352112,136.418839,,,
5743,47.858333,15:00:29:17.03,-96.645317,302.151581,133.245102,-96.642365,309.031403,133.901535,-96.136353,304.352997,136.419662,,,
5744,47.866667,15:00:29:18.00,-96.643631,302.152740,133.245987,-96.640724,309.029816,133.901718,-96.136955,304.353607,136.418900,,,
5745,47.875000,15:00:29:18.01,-96.643806,302.153442,133.245773,-96.641090,309.030731,133.901169,-96.136787,304.353851,136.419037,,,
5746,47.883333,15:00:29:18.02,-96.645279,302.151917,133.245605,-96.641502,309.030945,133.901978,-96.134743,304.352051,136.417389,,,
5747,47.891667,15:00:29:18.03,-96.645180,302.152100,133.246536,-96.640182,309.031281,133.901306,-96.118889,304.352753,136.418320,,,
5748,47.900000,15:00:29:19.00,-96.646408,302.151794,133.246155,-96.641037,309.030396,133.901108,-96.117958,304.353546,136.417847,,,
5749,47.908333,15:00:29:19.01,-96.646255,302.151764,133.245544,-96.641197,309.030396,133.900955,-96.116562,304.352905,136.417877,,,
5750,47.916667,15:00:29:19.02,-96.645775,302.151825,133.246552,-96.642273,309.030579,133.902084,-96.134880,304.352478,136.419052,,,
5751,47.925000,15:00:29:19.03,-96.645546,302.152161,133.246429,-96.642632,309.029022,133.902527,-96.135658,304.351837,136.419205,,,
5752,47.933333,15:00:29:20.00,-96.646332,302.152374,133.247208,-96.642029,309.029877,133.901382,-96.137009,304.352753,136.419037,,,
5753,47.941667,15:00:29:20.01,-96.645805,302.152252,133.244598,-96.642845,309.030762,133.901657,-96.137512,304.352509,136.419830,,,
5754,47.950000,15:00:29:20.02,-96.645782,302.151733,133.246552,-96.642097,309.030975,133.901794,-96.136192,304.352661,136.418961,,,
5755,47.958333,15:00:29:20.03,-96.645599,302.151672,133.245193,-96.641251,309.030487,133.901535,-96.135910,304.352417,136.418686,,,
5756,47.966667,15:00:29:21.00,-96.643684,302.151398,133.244766,-96.639946,309.030914,133.901077,-96.135918,304.352295,136.418396,,,
5757,47.975000,15:00:29:21.01,-96.643883,302.152618,133.246735,-96.641487,309.031189,133.901016,-96.136299,304.352142,136.419266,,,
5758,47.983333,15:00:29:21.02,-96.648323,302.152435,133.246033,-96.641830,309.030334,133.900894,-96.136757,304.353271,136.418884,,,
5759,47.991667,15:00:29:21.03,-96.649551,302.151215,133.246414,-96.642166,309.029999,133.901382,-96.135925,304.352234,136.418549,,,
5760,48.000000,15:00:29:22.00,-96.646324,302.152008,133.245804,-96.642326,309.030731,133.901321,-96.118858,304.352051,136.417236,,,
5761,48.008333,15:00:29:22.01,-96.645004,302.153381,133.246689,-96.642319,309.029907,133.901596,-96.117714,304.353394,136.419083,,,
5762,48.016667,15:00:29:22.02,-96.646103,302.152863,133.245682,-96.641838,309.029541,133.901123,-96.117775,304.350922,136.418121,,,
5763,48.025000,15:00:29:22.03,-96.646347,302.151855,133.245697,-96.642593,309.029633,133.901627,-96.118073,304.352295,136.417526,,,
5764,48.033333,15:00:29:23.00,-96.647285,302.152527,133.245667,-96.641457,309.029633,133.901733,-96.134781,304.352692,136.418625,,,
5765,48.041667,15:00:29:23.01,-96.646805,302.151825,133.245819,-96.641335,309.030792,133.901077,-96.119171,304.351257,136.418640,,,
5766,48.050000,15:00:29:23.02,-96.646263,302.152161,133.246124,-96.641663,309.029999,133.901047,-96.136406,304.353851,136.418625,,,
5767,48.058333,15:00:29:23.03,-96.646210,302.152100,133.246140,-96.642693,309.029510,133.901291,-96.119011,304.349518,136.417252,,,
5768,48.066667,15:00:29:24.00,-96.647530,302.151947,133.246429,-96.643738,309.030182,133.901245,-96.135979,304.353699,136.418411,,,
5769,48.075000,15:00:29:24.01,-96.648392,302.152985,133.246658,-96.641853,309.030029,133.900864,-96.136597,304.351501,136.419464,,,
5770,48.083333,15:00:29:24.02,-96.648804,302.151276,133.246841,-96.643272,309.030884,133.901901,-96.136627,304.352509,136.418945,,,
5771,48.091667,15:00:29:24.03,-96.649208,302.152161,133.246460,-96.641968,309.029724,133.901794,-96.136894,304.352631,136.419266,,,
5772,48.100000,15:00:29:25.00,-96.648941,302.151978,133.246399,-96.641907,309.030518,133.901581,-96.136322,304.351990,136.419128,,,
5773,48.108333,15:00:29:25.01,-96.648582,302.152740,133.245819,-96.642265,309.029633,133.902252,-96.136192,304.352600,136.418777,,,
5774,48.116667,15:00:29:25.02,-96.649101,302.152557,133.247787,-96.643570,309.029816,133.902313,-96.138229,304.353638,136.419647,,,
5775,48.125000,15:00:29:25.03,-96.647919,302.152313,133.246155,-96.642082,309.030151,133.901672,-96.137283,304.352325,136.419495,,,
5776,48.133333,15:00:29:26.00,-96.648384,302.151031,133.245590,-96.643082,309.030273,133.902344,-96.137306,304.352478,136.418930,,,
5777,48.141667,15:00:29:26.01,-96.647850,302.152161,133.246674,-96.643242,309.030182,133.902405,-96.135170,304.352203,136.419006,,,
5778,48.150000,15:00:29:26.02,-96.648155,302.152039,133.246109,-96.643044,309.030579,133.901749,-96.136841,304.352966,136.419159,,,
5779,48.158333,15:00:29:26.03,-96.646820,302.152313,133.246368,-96.642891,309.030487,133.901505,-96.137596,304.352417,136.418564,,,
5780,48.166667,15:00:29:27.00,-96.645592,302.151489,133.245697,-96.643486,309.030426,133.901520,-96.136650,304.352020,136.418976,,,
5781,48.175000,15:00:29:27.01,-96.648048,302.151520,133.245529,-96.644539,309.031067,133.902832,-96.136833,304.353882,136.419281,,,
5782,48.183333,15:00:29:27.02,-96.647629,302.151337,133.246490,-96.645081,309.030762,133.902710,-96.138596,304.353699,136.419922,,,
5783,48.191667,15:00:29:27.03,-96.648979,302.152466,133.246338,-96.643097,309.029572,133.902191,-96.136345,304.352478,136.418671,,,
5784,48.200000,15:00:29:28.00,-96.649376,302.152802,133.247452,-96.643303,309.031189,133.902664,-96.137230,304.352631,136.418884,,,
5785,48.208333,15:00:29:28.01,-96.647301,302.153717,133.246582,-96.643303,309.030457,133.901886,-96.120193,304.352753,136.418777,,,
5786,48.216667,15:00:29:28.02,-96.648079,302.151764,133.246368,-96.643021,309.029388,133.900970,-96.135323,304.353180,136.418152,,,
5787,48.225000,15:00:29:28.03,-96.647522,302.152405,133.246368,-96.641922,309.030853,133.902191,-96.137001,304.352081,136.419601,,,
5788,48.233333,15:00:29:29.00,-96.646324,302.153076,133.246063,-96.642288,309.029755,133.902283,-96.137314,304.353699,136.419632,,,
5789,48.241667,15:00:29:29.01,-96.646988,302.153076,133.245712,-96.643639,309.030853,133.901947,-96.135483,304.352692,136.418396,,,
5790,48.250000,15:00:29:29.02,-96.648956,302.152740,133.246872,-96.642387,309.030304,133.900864,-96.137032,304.353607,136.418930,,,
5791,48.258333,15:00:29:29.03,-96.645584,302.152527,133.246536,-96.643631,309.031128,133.901855,-96.137009,304.353149,136.417664,,,
5792,48.266667,15:00:30:00.00,-96.645683,302.152924,133.245773,-96.643158,309.030823,133.902054,-96.136612,304.352661,136.419403,,,
5793,48.275000,15:00:30:00.01,-96.647247,302.152618,133.245712,-96.641563,309.030914,133.901932,-96.134857,304.352997,136.418777,,,
5794,48.283333,15:00:30:00.02,-96.647148,302.152527,133.245773,-96.642647,309.032654,133.902390,-96.137657,304.352081,136.418732,,,
5795,48.291667,15:00:30:00.03,-96.644058,302.152863,133.244949,-96.641472,309.030151,133.902054,-96.137123,304.352844,136.418884,,,
5796,48.300000,15:00:30:01.00,-96.646400,302.152527,133.246628,-96.641029,309.030640,133.901276,-96.136848,304.353271,136.419601,,,
5797,48.308333,15:00:30:01.01,-96.649162,302.152313,133.246307,-96.642609,309.030334,133.901672,-96.135918,304.352631,136.419708,,,
5798,48.316667,15:00:30:01.02,-96.647911,302.152222,133.246078,-96.642960,309.030762,133.901230,-96.135880,304.353119,136.419144,,,
5799,48.325000,15:00:30:01.03,-96.648575,302.153015,133.245987,-96.643204,309.030975,133.901245,-96.135971,304.352142,136.418030,,,
5800,48.333333,15:00:30:02.00,-96.645576,302.152527,133.245773,-96.642654,309.030487,133.900452,-96.119240,304.351532,136.417267,,,
5801,48.341667,15:00:30:02.01,-96.645149,302.152039,133.246231,-96.640694,309.030396,133.901779,-96.134644,304.354431,136.418640,,,
5802,48.350000,15:00:30:02.02,-96.646851,302.153198,133.246719,-96.639999,309.030975,133.900848,-96.136490,304.352905,136.417847,,,
5803,48.358333,15:00:30:02.03,-96.647522,302.153412,133.246948,-96.642242,309.031067,133.902054,-96.119537,304.352753,136.418015,,,
5804,48.366667,15:00:30:03.00,-96.646347,302.153625,133.244095,-96.642548,309.031158,133.901871,-96.136269,304.354248,136.418655,,,
5805,48.375000,15:00:30:03.01,-96.645668,302.153137,133.246521,-96.641609,309.031067,133.900986,-96.137787,304.352875,136.419174,,,
5806,48.383333,15:00:30:03.02,-96.650093,302.153290,133.247101,-96.642181,309.030640,133.901459,-96.136887,304.352051,136.417801,,,
5807,48.391667,15:00:30:03.03,-96.646378,302.153259,133.245224,-96.641960,309.031311,133.900330,-96.136215,304.352875,136.418381,,,
5808,48.400000,15:00:30:04.00,-96.645927,302.153320,133.246078,-96.643181,309.030853,133.901794,-96.136398,304.352875,136.417801,,,
5809,48.408333,15:00:30:04.01,-96.645721,302.152802,133.245010,-96.642235,309.030151,133.900726,-96.119560,304.352661,136.418137,,,
5810,48.416667,15:00:30:04.02,-96.648026,302.152985,133.246033,-96.642525,309.030823,133.900528,-96.134499,304.354034,136.417419,,,
5811,48.425000,15:00:30:04.03,-96.645027,302.152740,133.246094,-96.642593,309.030701,133.901184,-96.120110,304.352509,136.417892,,,
5812,48.433333,15:00:30:05.00,-96.644638,302.151123,133.244629,-96.640068,309.030945,133.900314,-96.116837,304.353271,136.418182,,,
5813,48.441667,15:00:30:05.01,-96.648254,302.153290,133.245834,-96.640533,309.031189,133.902084,-96.136055,304.354736,136.419052,,,
5814,48.450000,15:00:30:05.02,-96.646141,302.153381,133.246155,-96.641640,309.031250,133.901077,-96.137268,304.353149,136.419113,,,
5815,48.458333,15:00:30:05.03,-96.646675,302.153839,133.246414,-96.642342,309.030884,133.899857,-96.136765,304.352997,136.419113,,,
5816,48.466667,15:00:30:06.00,-96.645279,302.153503,133.245773,-96.642464,309.031128,133.901657,-96.136543,304.352966,136.418777,,,
5817,48.475000,15:00:30:06.01,-96.645493,302.153015,133.245560,-96.641296,309.031586,133.900757,-96.136894,304.353424,136.418304,,,
5818,48.483333,15:00:30:06.02,-96.646164,302.152710,133.246109,-96.640221,309.030762,133.901810,-96.136536,304.353027,136.418732,,,
5819,48.491667,15:00:30:06.03,-96.644951,302.153168,133.246170,-96.641823,309.030243,133.902985,-96.119240,304.353271,136.418457,,,
5820,48.500000,15:00:30:07.00,-96.646843,302.153381,133.246429,-96.641968,309.031067,133.902527,-96.134506,304.353485,136.418442,,,
5821,48.508333,15:00:30:07.01,-96.645943,302.151001,133.246262,-96.640854,309.032043,133.901031,-96.120155,304.352325,136.417557,,,
5822,48.516667,15:00:30:07.02,-96.646591,302.152679,133.245575,-96.640312,309.029877,133.900391,-96.137207,304.356232,136.419418,,,
5823,48.525000,15:00:30:07.03,-96.646973,302.152313,133.246475,-96.642204,309.030334,133.902817,-96.136353,304.353058,136.418564,,,
5824,48.533333,15:00:30:08.00,-96.643227,302.152374,133.245697,-96.641045,309.031982,133.901352,-96.136246,304.353394,136.418472,,,
5825,48.541667,15:00:30:08.01,-96.643265,302.153625,133.245850,-96.640511,309.031281,133.901794,-96.136024,304.352112,136.418518,,,
5826,48.550000,15:00:30:08.02,-96.644821,302.152679,133.247055,-96.641563,309.031921,133.901779,-96.136398,304.353394,136.418869,,,
5827,48.558333,15:00:30:08.03,-96.647209,302.152893,133.245438,-96.640572,309.030029,133.900101,-96.136490,304.352875,136.418350,,,
5828,48.566667,15:00:30:09.00,-96.646217,302.151917,133.246307,-96.641785,309.031189,133.901901,-96.137329,304.353180,136.418625,,,
5829,48.575000,15:00:30:09.01,-96.644783,302.153625,133.246262,-96.642273,309.030304,133.901428,-96.119896,304.352722,136.417206,,,
5830,48.583333,15:00:30:09.02,-96.646675,302.154205,133.246307,-96.641953,309.030853,133.902222,-96.135101,304.353546,136.419159,,,
5831,48.591667,15:00:30:09.03,-96.645782,302.153137,133.246429,-96.638908,309.029999,133.900299,-96.136307,304.352234,136.418442,,,
5832,48.600000,15:00:30:10.00,-96.645775,302.151733,133.244812,-96.640488,309.031525,133.901169,-96.136047,304.353149,136.418564,,,
5833,48.608333,15:00:30:10.01,-96.645554,302.152649,133.245911,-96.641052,309.030182,133.900528,-96.136703,304.353577,136.418808,,,
5834,48.616667,15:00:30:10.02,-96.646103,302.152802,133.245285,-96.642235,309.031769,133.900986,-96.137093,304.353485,136.418472,,,
5835,48.625000,15:00:30:10.03,-96.646309,302.153229,133.245285,-96.641365,309.030548,133.900467,-96.135765,304.352234,136.417969,,,
5836,48.633333,15:00:30:11.00,-96.647484,302.152496,133.246490,-96.642593,309.029938,133.901169,-96.136612,304.353424,136.417313,,,
5837,48.641667,15:00:30:11.01,-96.645218,302.153412,133.244522,-96.642967,309.031464,133.901520,-96.135490,304.353149,136.417358,,,
5838,48.650000,15:00:30:11.02,-96.644073,302.153290,133.245712,-96.640961,309.030701,133.901108,-96.136650,304.354767,136.418610,,,
5839,48.658333,15:00:30:11.03,-96.644531,302.153198,133.244507,-96.640015,309.030975,133.899963,-96.136017,304.353699,136.417877,,,
5840,48.666667,15:00:30:12.00,-96.643707,302.152100,133.245377,-96.640701,309.030762,133.900513,-96.135117,304.352295,136.417679,,,
5841,48.675000,15:00:30:12.01,-96.644180,302.152557,133.244720,-96.641068,309.031433,133.900253,-96.136337,304.353271,136.418015,,,
5842,48.683333,15:00:30:12.02,-96.643608,302.152740,133.245300,-96.641205,309.031525,133.900742,-96.136566,304.352722,136.417099,,,
5843,48.691667,15:00:30:12.03,-96.644577,302.153107,133.245697,-96.640717,309.030029,133.900131,-96.138123,304.353302,136.418182,,,
5844,48.700000,15:00:30:13.00,-96.644356,302.152771,133.245010,-96.642265,309.030304,133.901154,-96.136726,304.353424,136.417313,,,
5845,48.708333,15:00:30:13.01,-96.645851,302.153198,133.245468,-96.641579,309.030548,133.900345,-96.135986,304.352264,136.418076,,,
5846,48.716667,15:00:30:13.02,-96.646965,302.153076,133.245377,-96.641342,309.030762,133.901291,-96.136200,304.353210,136.418091,,,
5847,48.725000,15:00:30:13.03,-96.647789,302.153259,133.246109,-96.640839,309.029541,133.900131,-96.136475,304.353027,136.418015,,,
5848,48.733333,15:00:30:14.00,-96.646149,302.152954,133.245636,-96.642021,309.030426,133.901260,-96.136833,304.352905,136.417648,,,
5849,48.741667,15:00:30:14.01,-96.646240,302.152069,133.245438,-96.641502,309.031281,133.900406,-96.117935,304.351105,136.417358,,,
5850,48.750000,15:00:30:14.02,-96.645752,302.152100,133.244598,-96.643028,309.029785,133.899933,-96.135971,304.355133,136.418335,,,
5851,48.758333,15:00:30:14.03,-96.643234,302.152100,133.245575,-96.641525,309.030426,133.900482,-96.137604,304.352539,136.418533,,,
5852,48.766667,15:00:30:15.00,-96.642044,302.151794,133.244385,-96.641251,309.031311,133.901535,-96.136215,304.351746,136.417633,,,
5853,48.775000,15:00:30:15.01,-96.644524,302.153717,133.245728,-96.642525,309.031860,133.901550,-96.117577,304.351776,136.417007,,,
5854,48.783333,15:00:30:15.02,-96.646736,302.152954,133.245865,-96.640236,309.031250,133.900208,-96.134277,304.355896,136.417252,,,
5855,48.791667,15:00:30:15.03,-96.646393,302.153351,133.245148,-96.640503,309.030365,133.900955,-96.118309,304.352051,136.416321,,,
5856,48.800000,15:00:30:16.00,-96.643616,302.151947,133.246109,-96.640091,309.031067,133.901306,-96.134277,304.354126,136.417618,,,
5857,48.808333,15:00:30:16.01,-96.645149,302.153778,133.244995,-96.640724,309.030640,133.901657,-96.136703,304.352173,136.418900,,,
5858,48.816667,15:00:30:16.02,-96.646103,302.152466,133.245575,-96.641243,309.031128,133.900803,-96.137009,304.352844,136.418594,,,
5859,48.825000,15:00:30:16.03,-96.644142,302.152283,133.245270,-96.641525,309.031250,133.901382,-96.118950,304.352631,136.418213,,,
5860,48.833333,15:00:30:17.00,-96.645531,302.152313,133.245270,-96.641708,309.030365,133.901367,-96.133545,304.354919,136.418625,,,
5861,48.841667,15:00:30:17.01,-96.642395,302.152740,133.244980,-96.642265,309.030609,133.900909,-96.137146,304.352966,136.419601,,,
5862,48.850000,15:00:30:17.02,-96.646629,302.152740,133.246216,-96.641525,309.030792,133.901184,-96.136757,304.353149,136.418991,,,
5863,48.858333,15:00:30:17.03,-96.645798,302.151611,133.245438,-96.641136,309.031677,133.901627,-96.134300,304.351746,136.418564,,,
5864,48.866667,15:00:30:18.00,-96.644684,302.151428,133.246414,-96.640953,309.030853,133.901764,-96.119698,304.352905,136.416870,,,
5865,48.875000,15:00:30:18.01,-96.642342,302.152039,133.244934,-96.641235,309.030884,133.900955,-96.134201,304.354340,136.418777,,,
5866,48.883333,15:00:30:18.02,-96.645058,302.152100,133.245834,-96.641663,309.029877,133.900803,-96.136078,304.352234,136.418427,,,
5867,48.891667,15:00:30:18.03,-96.643959,302.150818,133.243958,-96.641655,309.030426,133.900467,-96.118057,304.351990,136.418015,,,
5868,48.900000,15:00:30:19.00,-96.644958,302.151978,133.245483,-96.641785,309.031250,133.901794,-96.134087,304.353790,136.417801,,,
5869,48.908333,15:00:30:19.01,-96.644859,302.152863,133.245422,-96.640892,309.029236,133.900864,-96.136597,304.353302,136.418503,,,
5870,48.916667,15:00:30:19.02,-96.645119,302.152283,133.244781,-96.639404,309.030121,133.900833,-96.136703,304.352081,136.419479,,,
5871,48.925000,15:00:30:19.03,-96.646416,302.152313,133.246582,-96.640305,309.030579,133.901031,-96.136414,304.352844,136.418365,,,
5872,48.933333,15:00:30:20.00,-96.646767,302.151978,133.245987,-96.640785,309.029999,133.900635,-96.135178,304.353912,136.418686,,,
5873,48.941667,15:00:30:20.01,-96.648865,302.152557,133.246979,-96.641632,309.030304,133.901489,-96.117630,304.351898,136.417099,,,
5874,48.950000,15:00:30:20.02,-96.647720,302.152344,133.244629,-96.642151,309.029846,133.901138,-96.135208,304.353882,136.419159,,,
5875,48.958333,15:00:30:20.03,-96.647141,302.152222,133.246155,-96.642014,309.030304,133.900284,-96.117958,304.351379,136.417496,,,
5876,48.966667,15:00:30:21.00,-96.645432,302.152100,133.246262,-96.642151,309.030670,133.901520,-96.134445,304.354584,136.418625,,,
5877,48.975000,15:00:30:21.01,-96.645012,302.151947,133.245178,-96.642159,309.030823,133.902222,-96.135658,304.352875,136.417465,,,
5878,48.983333,15:00:30:21.02,-96.648727,302.151978,133.245682,-96.641602,309.031464,133.901596,-96.135498,304.353058,136.418350,,,
5879,48.991667,15:00:30:21.03,-96.647812,302.152527,133.246094,-96.640862,309.030731,133.901001,-96.117737,304.350311,136.417480,,,
5880,49.000000,15:00:30:22.00,-96.647217,302.152283,133.246002,-96.640221,309.030640,133.900269,-96.134254,304.353485,136.418091,,,
5881,49.008333,15:00:30:22.01,-96.648277,302.153320,133.246750,-96.641289,309.029633,133.900543,-96.136421,304.352509,136.419327,,,
5882,49.016667,15:00:30:22.02,-96.644203,302.152039,133.244919,-96.642036,309.030457,133.900696,-96.137497,304.352417,136.418564,,,
5883,49.025000,15:00:30:22.03,-96.646614,302.152863,133.245621,-96.640503,309.029846,133.900375,-96.118683,304.352051,136.417542,,,
5884,49.033333,15:00:30:23.00,-96.647720,302.153168,133.245667,-96.640732,309.030151,133.901459,-96.136185,304.353302,136.418961,,,
5885,49.041667,15:00:30:23.01,-96.647552,302.153748,133.245895,-96.642441,309.030304,133.901382,-96.137611,304.352753,136.419022,,,
5886,49.050000,15:00:30:23.02,-96.646912,302.152344,133.244843,-96.641937,309.029846,133.901031,-96.136086,304.351746,136.417526,,,
5887,49.058333,15:00:30:23.03,-96.647354,302.152771,133.245193,-96.642197,309.029755,133.900757,-96.117249,304.351257,136.417938,,,
5888,49.066667,15:00:30:24.00,-96.646851,302.153381,133.245499,-96.642357,309.030853,133.901459,-96.134979,304.354370,136.418915,,,
5889,49.075000,15:00:30:24.01,-96.644775,302.152283,133.245224,-96.641861,309.030823,133.900620,-96.118393,304.352051,136.417038,,,
5890,49.083333,15:00:30:24.02,-96.645180,302.152527,133.244507,-96.642738,309.029419,133.901764,-96.135986,304.354370,136.418839,,,
5891,49.091667,15:00:30:24.03,-96.646286,302.152069,133.246307,-96.643539,309.030670,133.900421,-96.136024,304.352692,136.418030,,,
5892,49.100000,15:00:30:25.00,-96.646164,302.151855,133.245880,-96.642616,309.029816,133.902390,-96.135345,304.352173,136.418671,,,
5893,49.108333,15:00:30:25.01,-96.646294,302.152374,133.246887,-96.642479,309.030151,133.901291,-96.136314,304.352661,136.418411,,,
5894,49.116667,15:00:30:25.02,-96.645218,302.152466,133.243347,-96.641937,309.029938,133.901184,-96.135956,304.352509,136.418732,,,
5895,49.125000,15:00:30:25.03,-96.647171,302.152191,133.245758,-96.640648,309.031647,133.900970,-96.118927,304.352722,136.418701,,,
5896,49.133333,15:00:30:26.00,-96.644753,302.152863,133.246246,-96.641342,309.030304,133.901367,-96.135475,304.354797,136.418091,,,
5897,49.141667,15:00:30:26.01,-96.645370,302.152771,133.245499,-96.642838,309.032104,133.901978,-96.117958,304.350464,136.417419,,,
5898,49.150000,15:00:30:26.02,-96.645348,302.151855,133.245789,-96.641533,309.030212,133.901138,-96.135307,304.352722,136.418610,,,
5899,49.158333,15:00:30:26.03,-96.647141,302.151703,133.245636,-96.641617,309.029816,133.899567,-96.136658,304.351990,136.417450,,,
5900,49.166667,15:00:30:27.00,-96.645042,302.151978,133.246109,-96.641609,309.032043,133.901352,-96.135620,304.352997,136.418549,,,
5901,49.175000,15:00:30:27.01,-96.644562,302.152405,133.245178,-96.642593,309.031372,133.901749,-96.135353,304.352386,136.419052,,,
5902,49.183333,15:00:30:27.02,-96.645782,302.151215,133.245987,-96.640846,309.030640,133.900055,-96.136482,304.352264,136.417831,,,
5903,49.191667,15:00:30:27.03,-96.644157,302.152344,133.245132,-96.641251,309.030182,133.900635,-96.135612,304.352722,136.418472,,,
5904,49.200000,15:00:30:28.00,-96.643982,302.152283,133.245178,-96.642441,309.032043,133.901535,-96.134743,304.352966,136.418762,,,
5905,49.208333,15:00:30:28.01,-96.645012,302.151886,133.245026,-96.642441,309.030304,133.902435,-96.118790,304.351868,136.416550,,,
5906,49.216667,15:00:30:28.02,-96.644211,302.152039,133.245865,-96.641777,309.029694,133.901367,-96.134468,304.353455,136.417313,,,
5907,49.225000,15:00:30:28.03,-96.642281,302.152161,133.244293,-96.642807,309.031067,133.900970,-96.135750,304.352417,136.417526,,,
5908,49.233333,15:00:30:29.00,-96.643433,302.152588,133.245316,-96.642532,309.029816,133.901077,-96.137543,304.351868,136.417984,,,
5909,49.241667,15:00:30:29.01,-96.644081,302.151917,133.245865,-96.643257,309.030060,133.901245,-96.134933,304.351135,136.418350,,,
5910,49.250000,15:00:30:29.02,-96.644890,302.151123,133.245605,-96.643494,309.031128,133.901474,-96.136368,304.352417,136.417725,,,
5911,49.258333,15:00:30:29.03,-96.644768,302.151459,133.245590,-96.641556,309.030304,133.900375,-96.135956,304.351532,136.418045,,,
5912,49.266667,15:00:31:00.00,-96.642616,302.151825,133.244843,-96.641113,309.029999,133.900269,-96.117432,304.350677,136.417557,,,
5913,49.275000,15:00:31:00.01,-96.645378,302.151337,133.246063,-96.641075,309.031189,133.900696,-96.117882,304.353058,136.418472,,,
5914,49.283333,15:00:31:00.02,-96.645775,302.152130,133.245438,-96.641281,309.029938,133.899841,-96.135849,304.353394,136.418350,,,
5915,49.291667,15:00:31:00.03,-96.645721,302.151062,133.245575,-96.642647,309.030853,133.901276,-96.136787,304.352020,136.417923,,,
5916,49.300000,15:00:31:01.00,-96.644814,302.153076,133.245880,-96.643661,309.030457,133.901352,-96.136894,304.351868,136.418228,,,
5917,49.308333,15:00:31:01.01,-96.645103,302.153046,133.245346,-96.642014,309.030029,133.900726,-96.137299,304.353271,136.418488,,,
5918,49.316667,15:00:31:01.02,-96.646744,302.152100,133.245956,-96.641922,309.030182,133.902222,-96.136475,304.351746,136.418121,,,
5919,49.325000,15:00:31:01.03,-96.647522,302.152100,133.246033,-96.640091,309.031036,133.901978,-96.135674,304.351257,136.418915,,,
5920,49.333333,15:00:31:02.00,-96.646851,302.152496,133.245743,-96.642166,309.030121,133.899750,-96.135941,304.351471,136.418991,,,
5921,49.341667,15:00:31:02.01,-96.647865,302.151886,133.245880,-96.642319,309.029663,133.901077,-96.136055,304.351013,136.418610,,,
5922,49.350000,15:00:31:02.02,-96.646835,302.151764,133.245926,-96.642288,309.028870,133.900970,-96.118340,304.351318,136.418167,,,
5923,49.358333,15:00:31:02.03,-96.645531,302.151855,133.245758,-96.642975,309.029785,133.901672,-96.133652,304.353149,136.418549,,,
5924,49.366667,15:00:31:03.00,-96.644928,302.152832,133.245377,-96.641617,309.030579,133.901138,-96.119125,304.350433,136.417679,,,
5925,49.375000,15:00:31:03.01,-96.642761,302.152679,133.246170,-96.640724,309.029663,133.901093,-96.134445,304.352936,136.417877,,,
5926,49.383333,15:00:31:03.02,-96.644630,302.151550,133.245499,-96.641907,309.030090,133.901230,-96.120293,304.351379,136.417603,,,
5927,49.391667,15:00:31:03.03,-96.645531,302.153259,133.245880,-96.640846,309.030640,133.900955,-96.134926,304.352844,136.419159,,,
5928,49.400000,15:00:31:04.00,-96.645012,302.152191,133.246109,-96.641068,309.030396,133.901794,-96.118896,304.350647,136.416656,,,
5929,49.408333,15:00:31:04.01,-96.644211,302.152710,133.245743,-96.641708,309.030701,133.901459,-96.135101,304.353851,136.419098,,,
5930,49.416667,15:00:31:04.02,-96.644730,302.152893,133.245804,-96.639771,309.030090,133.900497,-96.135925,304.352417,136.418381,,,
5931,49.425000,15:00:31:04.03,-96.647842,302.150696,133.245712,-96.641968,309.030243,133.901352,-96.136864,304.352356,136.419281,,,
5932,49.433333,15:00:31:05.00,-96.645882,302.152313,133.246735,-96.640793,309.029602,133.900696,-96.136063,304.352692,136.417923,,,
5933,49.441667,15:00:31:05.01,-96.642418,302.152740,133.245529,-96.641151,309.030060,133.900848,-96.134819,304.352448,136.417419,,,
5934,49.450000,15:00:31:05.02,-96.644447,302.152100,133.244659,-96.639854,309.030975,133.901474,-96.135620,304.352264,136.417831,,,
5935,49.458333,15:00:31:05.03,-96.644852,302.152405,133.246658,-96.641418,309.031342,133.900421,-96.136490,304.353180,136.418396,,,
5936,49.466667,15:00:31:06.00,-96.643944,302.153168,133.245651,-96.642235,309.030853,133.901413,-96.136002,304.352417,136.418076,,,
5937,49.475000,15:00:31:06.01,-96.644119,302.153168,133.245331,-96.641502,309.031067,133.900299,-96.136070,304.352173,136.419052,,,
5938,49.483333,15:00:31:06.02,-96.644821,302.152740,133.245361,-96.641747,309.031158,133.901398,-96.136871,304.352417,136.417603,,,
5939,49.491667,15:00:31:06.03,-96.646622,302.153076,133.245392,-96.641312,309.031311,133.900925,-96.119576,304.352234,136.417847,,,
5940,49.500000,15:00:31:07.00,-96.645096,302.152344,133.244812,-96.640877,309.030640,133.901367,-96.133438,304.353455,136.417206,,,
5941,49.508333,15:00:31:07.01,-96.647736,302.152710,133.246872,-96.640594,309.030487,133.901215,-96.135933,304.351898,136.418015,,,
5942,49.516667,15:00:31:07.02,-96.646538,302.153809,133.246567,-96.641983,309.031219,133.900131,-96.137787,304.352844,136.418106,,,
5943,49.525000,15:00:31:07.03,-96.645912,302.151581,133.244598,-96.641815,309.030640,133.901794,-96.136299,304.352722,136.419220,,,
5944,49.533333,15:00:31:08.00,-96.644730,302.152679,133.246292,-96.641281,309.031372,133.900696,-96.135262,304.353668,136.418610,,,
5945,49.541667,15:00:31:08.01,-96.644814,302.153656,133.245453,-96.642288,309.031494,133.900803,-96.136436,304.353210,136.418732,,,
5946,49.550000,15:00:31:08.02,-96.644943,302.153076,133.245010,-96.642311,309.031738,133.900528,-96.137772,304.353058,136.419525,,,
5947,49.558333,15:00:31:08.03,-96.644707,302.152802,133.245514,-96.641823,309.030243,133.900970,-96.136742,304.353088,136.418045,,,
5948,49.566667,15:00:31:09.00,-96.643883,302.153503,133.244904,-96.641762,309.031006,133.900253,-96.120209,304.351593,136.417923,,,
5949,49.575000,15:00:31:09.01,-96.645111,302.153778,133.245560,-96.641571,309.031464,133.901855,-96.117416,304.353546,136.417404,,,
5950,49.583333,15:00:31:09.02,-96.641502,302.152191,133.244644,-96.641121,309.030609,133.900650,-96.136208,304.353882,136.418015,,,
5951,49.591667,15:00:31:09.03,-96.643440,302.154114,133.245255,-96.641136,309.031738,133.901382,-96.118805,304.352570,136.417694,,,
5952,49.600000,15:00:31:10.00,-96.643326,302.152527,133.244568,-96.640915,309.031555,133.900970,-96.118378,304.354370,136.418015,,,
5953,49.608333,15:00:31:10.01,-96.643776,302.153015,133.245178,-96.641830,309.031281,133.901245,-96.117424,304.352997,136.417679,,,
5954,49.616667,15:00:31:10.02,-96.644440,302.153809,133.246231,-96.641586,309.031403,133.900757,-96.135292,304.354279,136.417908,,,
5955,49.625000,15:00:31:10.03,-96.643867,302.151825,133.245285,-96.640938,309.030823,133.900558,-96.138046,304.353973,136.418243,,,
5956,49.633333,15:00:31:11.00,-96.642891,302.152435,133.244553,-96.640099,309.031403,133.900772,-96.136742,304.354279,136.418106,,,
5957,49.641667,15:00:31:11.01,-96.643181,302.152954,133.244843,-96.641090,309.031158,133.900803,-96.133812,304.353485,136.416641,,,
5958,49.650000,15:00:31:11.02,-96.642616,302.153717,133.244705,-96.640381,309.031036,133.901108,-96.135422,304.353668,136.417984,,,
5959,49.658333,15:00:31:11.03,-96.644470,302.151917,133.244675,-96.640671,309.031311,133.900360,-96.119225,304.353790,136.417465,,,
5960,49.666667,15:00:31:12.00,-96.645058,302.153625,133.245575,-96.640755,309.031647,133.900635,-96.132706,304.355896,136.416931,,,
5961,49.675000,15:00:31:12.01,-96.644165,302.153381,133.245209,-96.641747,309.032013,133.900345,-96.136124,304.353851,136.418701,,,
5962,49.683333,15:00:31:12.02,-96.645859,302.153625,133.245438,-96.642372,309.031311,133.900131,-96.119171,304.352905,136.418015,,,
5963,49.691667,15:00:31:12.03,-96.644798,302.152100,133.245056,-96.641029,309.032104,133.900375,-96.133827,304.354370,136.418228,,,
5964,49.700000,15:00:31:13.00,-96.642403,302.152649,133.245712,-96.641228,309.031433,133.901154,-96.135269,304.353790,136.418137,,,
5965,49.708333,15:00:31:13.01,-96.642693,302.153168,133.245056,-96.641296,309.031433,133.900925,-96.136002,304.353302,136.417694,,,
5966,49.716667,15:00:31:13.02,-96.643684,302.152252,133.244949,-96.641167,309.031128,133.901733,-96.136360,304.354004,136.418289,,,
5967,49.725000,15:00:31:13.03,-96.644524,302.153839,133.246033,-96.639626,309.030457,133.900818,-96.135048,304.353485,136.417419,,,
5968,49.733333,15:00:31:14.00,-96.642670,302.152191,133.244766,-96.641335,309.031525,133.901566,-96.135536,304.353394,136.418854,,,
5969,49.741667,15:00:31:14.01,-96.645081,302.153076,133.245377,-96.641716,309.031860,133.900818,-96.118805,304.351776,136.417404,,,
5970,49.750000,15:00:31:14.02,-96.644936,302.153412,133.245346,-96.641411,309.031158,133.900024,-96.133873,304.353943,136.418320,,,
5971,49.758333,15:00:31:14.03,-96.644493,302.153290,133.245270,-96.641991,309.031525,133.901184,-96.136284,304.352570,136.419159,,,
5972,49.766667,15:00:31:15.00,-96.644859,302.153137,133.245697,-96.641319,309.031403,133.900436,-96.135490,304.353699,136.417130,,,
5973,49.775000,15:00:31:15.01,-96.644196,302.152740,133.244614,-96.641762,309.031525,133.902069,-96.137436,304.352753,136.418396,,,
5974,49.783333,15:00:31:15.02,-96.644470,302.152374,133.245712,-96.641045,309.031891,133.902512,-96.136078,304.352661,136.418457,,,
5975,49.791667,15:00:31:15.03,-96.644112,302.152130,133.245056,-96.642250,309.032074,133.901611,-96.137177,304.352722,136.418488,,,
5976,49.800000,15:00:31:16.00,-96.645531,302.153809,133.246246,-96.642647,309.031494,133.900726,-96.135628,304.353638,136.418839,,,
5977,49.808333,15:00:31:16.01,-96.647308,302.153290,133.245712,-96.642029,309.032166,133.901749,-96.134987,304.353180,136.417694,,,
5978,49.816667,15:00:31:16.02,-96.647018,302.153046,133.244919,-96.642250,309.031067,133.902008,-96.135750,304.353760,136.419022,,,
5979,49.825000,15:00:31:16.03,-96.644867,302.152985,133.245544,-96.641678,309.030975,133.901321,-96.135605,304.353058,136.418076,,,
5980,49.833333,15:00:31:17.00,-96.646545,302.153870,133.246033,-96.642288,309.030731,133.900772,-96.135750,304.352966,136.418365,,,
5981,49.841667,15:00:31:17.01,-96.643745,302.152863,133.245193,-96.642395,309.031708,133.901398,-96.118874,304.352600,136.418732,,,
5982,49.850000,15:00:31:17.02,-96.645576,302.153168,133.246063,-96.641670,309.031860,133.900360,-96.134933,304.355743,136.418137,,,
5983,49.858333,15:00:31:17.03,-96.645393,302.153931,133.246109,-96.641541,309.031525,133.901413,-96.118843,304.353790,136.416855,,,
5984,49.866667,15:00:31:18.00,-96.644821,302.153625,133.245422,-96.641411,309.031738,133.901459,-96.134369,304.354309,136.417770,,,
5985,49.875000,15:00:31:18.01,-96.646904,302.154266,133.245636,-96.641296,309.030731,133.901505,-96.118988,304.353821,136.418884,,,
5986,49.883333,15:00:31:18.02,-96.646774,302.153320,133.246399,-96.641487,309.031891,133.901962,-96.134201,304.354919,136.418961,,,
5987,49.891667,15:00:31:18.03,-96.641991,302.152649,133.245102,-96.640358,309.032318,133.901672,-96.135780,304.353699,136.418564,,,
5988,49.900000,15:00:31:19.00,-96.642235,302.153046,133.245392,-96.641121,309.032318,133.902145,-96.134865,304.353058,136.418503,,,
5989,49.908333,15:00:31:19.01,-96.643883,302.153412,133.246506,-96.641937,309.032501,133.901627,-96.136147,304.353973,136.420517,,,
5990,49.916667,15:00:31:19.02,-96.644417,302.153168,133.246780,-96.641273,309.032166,133.900269,-96.136314,304.353943,136.418594,,,
5991,49.925000,15:00:31:19.03,-96.644272,302.152832,133.246231,-96.641685,309.032043,133.901093,-96.136299,304.353760,136.418839,,,
5992,49.933333,15:00:31:20.00,-96.644783,302.152313,133.245438,-96.641197,309.032898,133.900635,-96.116867,304.351898,136.417038,,,
5993,49.941667,15:00:31:20.01,-96.644821,302.153931,133.246140,-96.641037,309.032349,133.900894,-96.134926,304.354706,136.418503,,,
5994,49.950000,15:00:31:20.02,-96.646210,302.153778,133.245712,-96.639984,309.031311,133.901947,-96.135803,304.353638,136.418564,,,
5995,49.958333,15:00:31:20.03,-96.647469,302.154175,133.247299,-96.641373,309.031738,133.902176,-96.136391,304.354492,136.418365,,,
5996,49.966667,15:00:31:21.00,-96.645691,302.152802,133.246048,-96.641205,309.032288,133.900909,-96.136124,304.354706,136.417801,,,
5997,49.975000,15:00:31:21.01,-96.645706,302.153687,133.246475,-96.642166,309.032043,133.902710,-96.119896,304.353455,136.417923,,,
5998,49.983333,15:00:31:21.02,-96.644043,302.153839,133.246445,-96.640846,309.031830,133.901993,-96.119041,304.354492,136.418015,,,
5999,49.991667,15:00:31:21.03,-96.645645,302.153839,133.246353,-96.642075,309.032074,133.902603,-96.136253,304.353638,136.418823,,,
6000,50.000000,15:00:31:22.00,-96.647308,302.154022,133.246231,-96.640778,309.030457,133.900375,-96.135735,304.354065,136.417923,,,
6001,50.008333,15:00:31:22.01,-96.644501,302.153625,133.245682,-96.640427,309.031799,133.901184,-96.135513,304.354034,136.418121,,,
6002,50.016667,15:00:31:22.02,-96.646538,302.153717,133.245880,-96.641342,309.032501,133.902420,-96.134773,304.353271,136.418045,,,
6003,50.025000,15:00:31:22.03,-96.642838,302.152802,133.246399,-96.641121,309.031494,133.902374,-96.137085,304.354828,136.418961,,,
6004,50.033333,15:00:31:23.00,-96.644737,302.153870,133.246170,-96.642006,309.031952,133.902634,-96.136734,304.354370,136.418869,,,
6005,50.041667,15:00:31:23.01,-96.644577,302.152618,133.246063,-96.642319,309.030670,133.902145,-96.117508,304.353210,136.418289,,,
6006,50.050000,15:00:31:23.02,-96.646027,302.153229,133.246323,-96.641853,309.031311,133.902328,-96.133293,304.356110,136.418533,,,
6007,50.058333,15:00:31:23.03,-96.645493,302.152832,133.246811,-96.641197,309.031708,133.902328,-96.135559,304.352844,136.418594,,,
6008,50.066667,15:00:31:24.00,-96.646416,302.153076,133.246536,-96.642242,309.030914,133.901657,-96.136864,304.353638,136.418732,,,
6009,50.075000,15:00:31:24.01,-96.644447,302.152832,133.245056,-96.644295,309.031189,133.902267,-96.137848,304.353912,136.419769,,,
6010,50.083333,15:00:31:24.02,-96.644890,302.153076,133.246307,-96.641785,309.031677,133.902008,-96.137512,304.354645,136.419662,,,
6011,50.091667,15:00:31:24.03,-96.645042,302.153564,133.246689,-96.641838,309.031281,133.902481,-96.118553,304.353149,136.418274,,,
6012,50.100000,15:00:31:25.00,-96.644852,302.153320,133.246643,-96.641602,309.031586,133.901138,-96.136276,304.356049,136.420517,,,
6013,50.108333,15:00:31:25.01,-96.646141,302.153076,133.246429,-96.642715,309.031067,133.902985,-96.137657,304.351929,136.420197,,,
6014,50.116667,15:00:31:25.02,-96.647148,302.152740,133.246002,-96.643242,309.030457,133.902176,-96.136131,304.352539,136.418228,,,
6015,50.125000,15:00:31:25.03,-96.646286,302.152466,133.245743,-96.641701,309.032196,133.901779,-96.137794,304.354553,136.419388,,,
6016,50.133333,15:00:31:26.00,-96.646179,302.152069,133.245590,-96.642441,309.032013,133.902374,-96.136093,304.353638,136.419357,,,
6017,50.141667,15:00:31:26.01,-96.648705,302.153290,133.246918,-96.643005,309.031494,133.901840,-96.137642,304.354279,136.419098,,,
6018,50.150000,15:00:31:26.02,-96.647713,302.151062,133.246033,-96.642586,309.031738,133.900665,-96.137718,304.354706,136.419708,,,
6019,50.158333,15:00:31:26.03,-96.646919,302.152588,133.246140,-96.641983,309.032227,133.902451,-96.118912,304.353180,136.417709,,,
6020,50.166667,15:00:31:27.00,-96.645500,302.152832,133.244904,-96.642349,309.031281,133.902924,-96.135475,304.354065,136.418869,,,
6021,50.175000,15:00:31:27.01,-96.647171,302.154083,133.247299,-96.642212,309.031952,133.902328,-96.120247,304.353333,136.418457,,,
6022,50.183333,15:00:31:27.02,-96.646591,302.152100,133.245667,-96.642746,309.032166,133.901733,-96.118355,304.354279,136.418167,,,
6023,50.191667,15:00:31:27.03,-96.645340,302.152954,133.245728,-96.642189,309.031952,133.900955,-96.136963,304.355377,136.419540,,,
6024,50.200000,15:00:31:28.00,-96.645531,302.153900,133.245895,-96.643761,309.030426,133.901627,-96.136276,304.354065,136.419327,,,
6025,50.208333,15:00:31:28.01,-96.643600,302.152740,133.244461,-96.643387,309.031555,133.902054,-96.136185,304.353424,136.419022,,,
6026,50.216667,15:00:31:28.02,-96.644470,302.153259,133.245392,-96.641136,309.031738,133.901840,-96.136253,304.355011,136.419983,,,
6027,50.225000,15:00:31:28.03,-96.646111,302.153076,133.245682,-96.641853,309.031799,133.901169,-96.135254,304.352844,136.417725,,,
6028,50.233333,15:00:31:29.00,-96.645660,302.153381,133.245514,-96.641632,309.031952,133.902618,-96.135307,304.353088,136.418304,,,
6029,50.241667,15:00:31:29.01,-96.644630,302.153992,133.245895,-96.640747,309.031281,133.901474,-96.136925,304.353607,136.419189,,,
6030,50.250000,15:00:31:29.02,-96.646667,302.152344,133.246368,-96.640930,309.031616,133.900589,-96.137100,304.353241,136.418976,,,
6031,50.258333,15:00:31:29.03,-96.645752,302.151825,133.246582,-96.641029,309.030975,133.902222,-96.136246,304.353729,136.419083,,,
6032,50.266667,15:00:32:00.00,-96.646622,302.152924,133.245270,-96.642754,309.031952,133.901031,-96.134964,304.353943,136.419510,,,
6033,50.275000,15:00:32:00.01,-96.645279,302.152435,133.246368,-96.642365,309.031372,133.901703,-96.137260,304.353943,136.418015,,,
6034,50.283333,15:00:32:00.02,-96.645454,302.153625,133.246201,-96.641373,309.031616,133.901520,-96.137245,304.353607,136.418610,,,
6035,50.291667,15:00:32:00.03,-96.647049,302.153076,133.246384,-96.641632,309.031708,133.901581,-96.118942,304.352448,136.418671,,,
6036,50.300000,15:00:32:01.00,-96.644897,302.153015,133.245117,-96.641251,309.031799,133.901184,-96.119560,304.353821,136.417892,,,
6037,50.308333,15:00:32:01.01,-96.645485,302.153137,133.245758,-96.641319,309.030243,133.899918,-96.118477,304.354492,136.418182,,,
6038,50.316667,15:00:32:01.02,-96.646538,302.152985,133.246185,-96.641281,309.031097,133.901031,-96.135887,304.353851,136.418655,,,
6039,50.325000,15:00:32:01.03,-96.645805,302.152100,133.245499,-96.641876,309.031189,133.901245,-96.119576,304.352356,136.417999,,,
6040,50.333333,15:00:32:02.00,-96.645721,302.152374,133.245148,-96.641014,309.031555,133.901199,-96.136826,304.355652,136.419495,,,
6041,50.341667,15:00:32:02.01,-96.645599,302.152954,133.245865,-96.640358,309.030640,133.902008,-96.119553,304.351990,136.418777,,,
6042,50.350000,15:00:32:02.02,-96.646286,302.152649,133.245667,-96.641800,309.031738,133.902008,-96.135841,304.354065,136.418488,,,
6043,50.358333,15:00:32:02.03,-96.644020,302.152252,133.244904,-96.641197,309.030487,133.901215,-96.134804,304.353943,136.419113,,,
6044,50.366667,15:00:32:03.00,-96.644218,302.154083,133.245544,-96.641907,309.030640,133.901413,-96.135635,304.353729,136.419830,,,
6045,50.375000,15:00:32:03.01,-96.644989,302.152649,133.245438,-96.641449,309.031586,133.900757,-96.135902,304.353912,136.419006,,,
6046,50.383333,15:00:32:03.02,-96.644501,302.152100,133.245773,-96.641068,309.031189,133.901672,-96.137817,304.354248,136.417923,,,
6047,50.391667,15:00:32:03.03,-96.646683,302.153137,133.245331,-96.641685,309.030640,133.901566,-96.135658,304.352966,136.418365,,,
6048,50.400000,15:00:32:04.00,-96.645058,302.154388,133.245010,-96.641380,309.031433,133.901031,-96.134476,304.352661,136.418259,,,
