Format Version,1.24,Take Name,Take 2026-08-04 02.46.02 PM,Take Notes,,Capture Frame Rate,120.000000,Export Frame Rate,120.000000,Capture Start Time,2026-08-04 02.46.03.114 ,Capture Start Frame,583112,Total Frames in Take,6347,Total Exported Frames,6347,Rotation Type,Quaternion,Length Units,Centimeters,Coordinate Space,Global

,Type,,Marker,Marker,Marker,Marker,Marker,Marker,Marker,Marker,Marker,Marker,Marker,Marker
,Name,,Oak-D-Kamera:Marker 001,Oak-D-Kamera:Marker 001,Oak-D-Kamera:Marker 001,Oak-D-Kamera:Marker 002,Oak-D-Kamera:Marker 002,Oak-D-Kamera:Marker 002,Oak-D-Kamera:Marker 003,Oak-D-Kamera:Marker 003,Oak-D-Kamera:Marker 003,Unlabeled 1113,Unlabeled 1113,Unlabeled 1113
,ID,,"E52E2D97900211F1794CD665D3A07481","E52E2D97900211F1794CD665D3A07481","E52E2D97900211F1794CD665D3A07481","E52E2D95900211F1794CD665D3A07481","E52E2D95900211F1794CD665D3A07481","E52E2D95900211F1794CD665D3A07481","E52E2D96900211F1794CD665D3A07481","E52E2D96900211F1794CD665D3A07481","E52E2D96900211F1794CD665D3A07481","571FB6146D28FE711F1","571FB6146D28FE711F1","571FB6146D28FE711F1"
,,,Position,Position,Position,Position,Position,Position,Position,Position,Position,Position,Position,Position
Frame,Time (Seconds),TimeCode,X,Y,Z,X,Y,Z,X,Y,Z,X,Y,Z
0,0.000000,14:47:09:09.01,-96.617683,302.190552,133.289444,-96.618629,309.066833,133.940628,-96.083229,304.399750,136.457993,,,
1,0.008333,14:47:09:09.02,-96.617966,302.190521,133.289902,-96.618805,309.066162,133.940994,-96.088966,304.396271,136.457245,,,
2,0.016667,14:47:09:09.03,-96.619812,302.189667,133.290283,-96.618362,309.066711,133.940704,-96.089378,304.395569,136.458313,,,
3,0.025000,14:47:09:10.00,-96.620506,302.190033,133.291382,-96.619621,309.065094,133.940414,-96.088966,304.395874,136.457687,,,
4,0.033333,14:47:09:10.01,-96.619263,302.190155,133.290131,-96.619835,309.066437,133.941193,-96.088074,304.395264,136.457596,,,
5,0.041667,14:47:09:10.02,-96.617256,302.190430,133.290085,-96.617317,309.066162,133.939255,-96.087891,304.396362,136.458054,,,
6,0.050000,14:47:09:10.03,-96.618256,302.189606,133.291046,-96.617706,309.065948,133.941849,-96.088394,304.395874,136.457794,,,
7,0.058333,14:47:09:11.00,-96.618439,302.190613,133.291550,-96.617935,309.065826,133.939301,-96.089005,304.395447,136.457413,,,
8,0.066667,14:47:09:11.01,-96.620323,302.189941,133.291428,-96.619102,309.066620,133.939972,-96.088310,304.396210,136.457687,,,
9,0.075000,14:47:09:11.02,-96.618370,302.190948,133.289642,-96.619789,309.066895,133.941147,-96.087791,304.396149,136.458664,,,
10,0.083333,14:47:09:11.03,-96.616638,302.189789,133.289841,-96.618362,309.067383,133.939865,-96.088295,304.395477,136.457230,,,
11,0.091667,14:47:09:12.00,-96.615273,302.190125,133.290070,-96.618469,309.066833,133.940933,-96.089012,304.395752,136.457230,,,
12,0.100000,14:47:09:12.01,-96.616394,302.190338,133.289307,-96.617371,309.066040,133.940903,-96.081581,304.400208,136.458115,,,
13,0.108333,14:47:09:12.02,-96.617317,302.190063,133.289581,-96.618721,309.067719,133.942184,-96.087440,304.397583,136.458389,,,
14,0.116667,14:47:09:12.03,-96.619835,302.191010,133.291611,-96.617104,309.066406,133.940796,-96.089546,304.396790,136.458298,,,
15,0.125000,14:47:09:13.00,-96.617699,302.190369,133.290390,-96.618568,309.066132,133.941467,-96.089615,304.395569,136.458282,,,
16,0.133333,14:47:09:13.01,-96.617821,302.189819,133.290527,-96.618744,309.066956,133.940857,-96.089005,304.395691,136.457916,,,
17,0.141667,14:47:09:13.02,-96.616608,302.189758,133.289261,-96.618286,309.065521,133.941025,-96.082680,304.401123,136.458984,,,
18,0.150000,14:47:09:13.03,-96.616478,302.190552,133.290237,-96.618240,309.065857,133.940521,-96.081177,304.400330,136.457962,,,
19,0.158333,14:47:09:14.00,-96.614845,302.191162,133.289261,-96.617279,309.065643,133.940048,-96.088394,304.397186,136.458069,,,
20,0.166667,14:47:09:14.01,-96.615349,302.191223,133.289993,-96.617249,309.066620,133.940979,-96.088913,304.395508,136.458450,,,
21,0.175000,14:47:09:14.02,-96.617218,302.191803,133.289215,-96.618759,309.066406,133.940536,-96.087967,304.396210,136.457657,,,
22,0.183333,14:47:09:14.03,-96.618263,302.189453,133.291153,-96.618515,309.065887,133.939529,-96.087929,304.395874,136.457397,,,
23,0.191667,14:47:09:15.00,-96.617363,302.190155,133.289459,-96.619240,309.065948,133.940536,-96.088448,304.396545,136.457718,,,
24,0.200000,14:47:09:15.01,-96.616646,302.189362,133.290466,-96.618149,309.065430,133.941101,-96.089081,304.397003,136.457138,,,
25,0.208333,14:47:09:15.02,-96.619240,302.191101,133.290573,-96.617424,309.066406,133.940552,-96.087715,304.396606,136.457474,,,
26,0.216667,14:47:09:15.03,-96.616104,302.190491,133.289703,-96.617508,309.067047,133.940506,-96.086899,304.394653,136.456268,,,
27,0.225000,14:47:09:16.00,-96.616035,302.189301,133.290573,-96.617767,309.066711,133.940674,-96.087524,304.395966,136.457932,,,
28,0.233333,14:47:09:16.01,-96.616982,302.190887,133.290176,-96.618423,309.067017,133.940262,-96.087524,304.395660,136.457245,,,
29,0.241667,14:47:09:16.02,-96.617226,302.190979,133.290054,-96.618362,309.066345,133.941116,-96.088341,304.396729,136.457642,,,
30,0.250000,14:47:09:16.03,-96.617989,302.190552,133.289963,-96.617577,309.065826,133.940094,-96.089760,304.396301,136.458344,,,
31,0.258333,14:47:09:17.00,-96.617378,302.191040,133.289474,-96.616730,309.066376,133.941025,-96.082489,304.400238,136.457016,,,
32,0.266667,14:47:09:17.01,-96.617027,302.189972,133.289780,-96.617989,309.067230,133.941269,-96.082375,304.400696,136.458130,,,
33,0.275000,14:47:09:17.02,-96.616821,302.190460,133.289078,-96.619301,309.067139,133.940308,-96.088318,304.397064,136.457520,,,
34,0.283333,14:47:09:17.03,-96.616493,302.189301,133.289536,-96.618332,309.065155,133.939987,-96.087593,304.395233,136.457977,,,
35,0.291667,14:47:09:18.00,-96.618774,302.191071,133.289703,-96.617912,309.065216,133.940475,-96.083000,304.400604,136.458069,,,
36,0.300000,14:47:09:18.01,-96.616158,302.190674,133.288284,-96.618217,309.066376,133.940567,-96.082756,304.401245,136.458115,,,
37,0.308333,14:47:09:18.02,-96.618530,302.191559,133.290619,-96.617645,309.066437,133.940338,-96.082771,304.401123,136.457413,,,
38,0.316667,14:47:09:18.03,-96.618355,302.190704,133.290222,-96.617210,309.065308,133.940582,-96.086189,304.396912,136.458084,,,
39,0.325000,14:47:09:19.00,-96.618614,302.190674,133.290344,-96.617920,309.066620,133.939590,-96.088631,304.395996,136.458221,,,
40,0.333333,14:47:09:19.01,-96.618156,302.189850,133.288651,-96.618050,309.066620,133.939743,-96.082336,304.400574,136.457458,,,
41,0.341667,14:47:09:19.02,-96.615486,302.191376,133.289749,-96.617004,309.065552,133.939499,-96.087387,304.398010,136.458511,,,
42,0.350000,14:47:09:19.03,-96.617577,302.189819,133.289856,-96.618141,309.066162,133.940933,-96.089249,304.396484,136.457687,,,
43,0.358333,14:47:09:20.00,-96.617531,302.189697,133.289154,-96.616852,309.066742,133.940247,-96.089302,304.395996,136.458450,,,
44,0.366667,14:47:09:20.01,-96.618980,302.190948,133.289886,-96.617867,309.067017,133.940475,-96.082954,304.400238,136.457687,,,
45,0.375000,14:47:09:20.02,-96.618896,302.191223,133.290253,-96.618668,309.066589,133.940094,-96.082451,304.400360,136.457138,,,
46,0.383333,14:47:09:20.03,-96.617271,302.190552,133.290451,-96.620384,309.067047,133.941254,-96.080620,304.400970,136.457565,,,
47,0.391667,14:47:09:21.00,-96.618980,302.190125,133.290344,-96.617455,309.066071,133.939880,-96.087524,304.397583,136.457794,,,
48,0.400000,14:47:09:21.01,-96.618744,302.189301,133.290726,-96.616104,309.066284,133.940521,-96.088860,304.394379,136.457123,,,
49,0.408333,14:47:09:21.02,-96.616837,302.190552,133.290695,-96.618454,309.066315,133.940720,-96.088097,304.395874,136.457733,,,
50,0.416667,14:47:09:21.03,-96.618095,302.190796,133.290283,-96.619598,309.066040,133.941544,-96.089050,304.396118,136.457687,,,
51,0.425000,14:47:09:22.00,-96.619759,302.190338,133.291107,-96.617050,309.065369,133.939880,-96.087822,304.396179,136.458328,,,
52,0.433333,14:47:09:22.01,-96.618172,302.191315,133.290451,-96.617493,309.065308,133.940323,-96.083397,304.399597,136.456909,,,
53,0.441667,14:47:09:22.02,-96.617920,302.190918,133.290131,-96.618256,309.066284,133.940079,-96.082794,304.400421,136.457993,,,
54,0.450000,14:47:09:22.03,-96.619186,302.190826,133.290787,-96.617363,309.066559,133.939713,-96.087540,304.397095,136.457977,,,
55,0.458333,14:47:09:23.00,-96.620239,302.189880,133.289078,-96.617340,309.066040,133.940598,-96.082855,304.400391,136.457611,,,
56,0.466667,14:47:09:23.01,-96.618210,302.190552,133.290390,-96.618706,309.066406,133.940369,-96.082527,304.399780,136.456894,,,
57,0.475000,14:47:09:23.02,-96.617249,302.191956,133.290543,-96.619774,309.065338,133.939972,-96.082344,304.400482,136.457123,,,
58,0.483333,14:47:09:23.03,-96.615608,302.191162,133.290405,-96.618622,309.066071,133.939499,-96.088547,304.396423,136.458694,,,
59,0.491667,14:47:09:24.00,-96.614914,302.189667,133.289688,-96.618202,309.066254,133.941849,-96.088737,304.396637,136.458237,,,
60,0.500000,14:47:09:24.01,-96.617088,302.190674,133.289963,-96.618614,309.067261,133.940628,-96.082268,304.399628,136.456650,,,
61,0.508333,14:47:09:24.02,-96.620468,302.190002,133.289551,-96.618523,309.066650,133.940308,-96.087807,304.397736,136.458115,,,
62,0.516667,14:47:09:24.03,-96.620216,302.190887,133.290131,-96.618927,309.066284,133.940613,-96.089516,304.396027,136.458740,,,
63,0.525000,14:47:09:25.00,-96.617767,302.190918,133.290512,-96.618706,309.065765,133.940567,-96.083336,304.400482,136.458130,,,
64,0.533333,14:47:09:25.01,-96.616859,302.190338,133.290222,-96.618362,309.065826,133.939713,-96.081940,304.400543,136.457077,,,
65,0.541667,14:47:09:25.02,-96.617584,302.190857,133.290512,-96.618721,309.066315,133.939941,-96.090027,304.397430,136.458069,,,
66,0.550000,14:47:09:25.03,-96.616104,302.190430,133.290695,-96.619286,309.067566,133.941788,-96.089012,304.394623,136.457916,,,
67,0.558333,14:47:09:26.00,-96.617645,302.191040,133.289932,-96.617470,309.065186,133.939209,-96.087936,304.396118,136.457794,,,
68,0.566667,14:47:09:26.01,-96.618065,302.191010,133.289368,-96.618355,309.065857,133.940125,-96.087280,304.396362,136.457199,,,
69,0.575000,14:47:09:26.02,-96.615707,302.190674,133.290878,-96.618423,309.064819,133.940643,-96.089439,304.396698,136.458130,,,
70,0.583333,14:47:09:26.03,-96.617851,302.190186,133.290466,-96.617493,309.066071,133.940414,-96.087646,304.395477,136.457352,,,
71,0.591667,14:47:09:27.00,-96.618698,302.191315,133.290573,-96.619019,309.066437,133.941406,-96.089432,304.395691,136.456909,,,
72,0.600000,14:47:09:27.01,-96.617256,302.191986,133.289688,-96.618393,309.066315,133.940872,-96.089569,304.395447,136.457657,,,
73,0.608333,14:47:09:27.02,-96.618393,302.190918,133.289810,-96.617798,309.065857,133.940323,-96.088066,304.396179,136.457779,,,
74,0.616667,14:47:09:27.03,-96.614937,302.190155,133.288223,-96.617531,309.066071,133.939575,-96.084129,304.399628,136.456467,,,
75,0.625000,14:47:09:28.00,-96.615646,302.191071,133.289413,-96.617630,309.065948,133.939865,-96.088135,304.397247,136.457520,,,
76,0.633333,14:47:09:28.01,-96.616096,302.190216,133.289062,-96.618179,309.065308,133.939743,-96.088951,304.395599,136.457977,,,
77,0.641667,14:47:09:28.02,-96.617432,302.190948,133.290771,-96.617081,309.065613,133.939331,-96.089981,304.396759,136.457748,,,
78,0.650000,14:47:09:28.03,-96.619164,302.190063,133.289764,-96.618011,309.066956,133.940109,-96.090805,304.396362,136.459152,,,
79,0.658333,14:47:09:29.00,-96.619080,302.190125,133.289810,-96.618179,309.065216,133.940094,-96.088432,304.396423,136.457764,,,
80,0.666667,14:47:09:29.01,-96.618103,302.189789,133.290619,-96.617928,309.065247,133.939987,-96.089172,304.396057,136.457855,,,
81,0.675000,14:47:09:29.02,-96.618820,302.190155,133.289581,-96.617546,309.066284,133.939651,-96.088577,304.396118,136.457901,,,
82,0.683333,14:47:09:29.03,-96.616173,302.189148,133.289734,-96.617271,309.066071,133.939804,-96.084373,304.400024,136.457367,,,
83,0.691667,14:47:10:00.00,-96.617310,302.190796,133.289688,-96.617088,309.066437,133.940582,-96.088142,304.396149,136.457306,,,
84,0.700000,14:47:10:00.01,-96.619041,302.190521,133.290039,-96.618446,309.066254,133.940613,-96.088036,304.394653,136.457275,,,
85,0.708333,14:47:10:00.02,-96.617302,302.191010,133.290314,-96.617050,309.067078,133.939713,-96.088997,304.395905,136.458405,,,
86,0.716667,14:47:10:00.03,-96.615982,302.191010,133.289886,-96.617744,309.066193,133.939484,-96.090210,304.396088,136.457565,,,
87,0.725000,14:47:10:01.00,-96.617554,302.191315,133.290375,-96.618546,309.064636,133.939651,-96.088936,304.395630,136.456802,,,
88,0.733333,14:47:10:01.01,-96.617004,302.189880,133.289688,-96.618561,309.065765,133.940201,-96.084747,304.400391,136.457458,,,
89,0.741667,14:47:10:01.02,-96.619110,302.190430,133.290161,-96.617798,309.066406,133.939438,-96.082634,304.400940,136.457504,,,
90,0.750000,14:47:10:01.03,-96.618462,302.190552,133.290665,-96.618774,309.066010,133.941238,-96.087685,304.397675,136.457382,,,
91,0.758333,14:47:10:02.00,-96.616867,302.190826,133.289444,-96.617302,309.066101,133.940720,-96.084076,304.399536,136.457581,,,
92,0.766667,14:47:10:02.01,-96.618263,302.190796,133.289795,-96.617767,309.065430,133.939819,-96.083107,304.398285,136.457382,,,
93,0.775000,14:47:10:02.02,-96.616524,302.190338,133.287994,-96.618057,309.065826,133.940521,-96.081612,304.399353,136.456146,,,
94,0.783333,14:47:10:02.03,-96.614006,302.190460,133.288422,-96.616783,309.066406,133.940903,-96.087570,304.396393,136.458176,,,
95,0.791667,14:47:10:03.00,-96.615089,302.190430,133.290436,-96.617012,309.066132,133.940659,-96.089630,304.394836,136.457855,,,
96,0.800000,14:47:10:03.01,-96.617287,302.190094,133.289444,-96.618103,309.065765,133.940826,-96.089134,304.395660,136.457581,,,
97,0.808333,14:47:10:03.02,-96.617134,302.190582,133.289276,-96.617310,309.066711,133.939880,-96.090401,304.395935,136.458344,,,
98,0.816667,14:47:10:03.03,-96.616867,302.189270,133.288910,-96.618835,309.066223,133.940048,-96.088989,304.395660,136.457977,,,
99,0.825000,14:47:10:04.00,-96.618393,302.190125,133.289444,-96.617279,309.065613,133.940094,-96.088608,304.396210,136.458145,,,
100,0.833333,14:47:10:04.01,-96.617088,302.190796,133.290436,-96.616692,309.065735,133.940475,-96.083138,304.399445,136.457520,,,
101,0.841667,14:47:10:04.02,-96.614769,302.191376,133.289291,-96.618050,309.066833,133.940704,-96.085770,304.396423,136.458237,,,
102,0.850000,14:47:10:04.03,-96.618042,302.190277,133.289749,-96.618141,309.066711,133.941269,-96.082153,304.400909,136.457031,,,
103,0.858333,14:47:10:05.00,-96.619347,302.190063,133.289749,-96.617729,309.066254,133.941269,-96.087227,304.397583,136.458466,,,
104,0.866667,14:47:10:05.01,-96.619690,302.190338,133.290298,-96.618301,309.066284,133.941544,-96.087593,304.396149,136.457306,,,
105,0.875000,14:47:10:05.02,-96.618942,302.190887,133.289749,-96.617943,309.067078,133.940704,-96.089569,304.395569,136.457657,,,
106,0.883333,14:47:10:05.03,-96.618744,302.190277,133.289261,-96.617958,309.066803,133.940781,-96.090088,304.396271,136.458481,,,
107,0.891667,14:47:10:06.00,-96.617836,302.189880,133.289185,-96.617897,309.066406,133.940155,-96.087837,304.396362,136.458115,,,
108,0.900000,14:47:10:06.01,-96.617325,302.190002,133.290146,-96.619133,309.065491,133.939514,-96.089523,304.397095,136.458099,,,
109,0.908333,14:47:10:06.02,-96.617142,302.190155,133.290070,-96.617775,309.065796,133.939804,-96.083412,304.400146,136.458466,,,
110,0.916667,14:47:10:06.03,-96.617599,302.190643,133.289047,-96.618698,309.066986,133.940659,-96.088661,304.396973,136.457901,,,
111,0.925000,14:47:10:07.00,-96.617355,302.189911,133.290237,-96.619507,309.066833,133.939941,-96.089195,304.396851,136.457596,,,
112,0.933333,14:47:10:07.01,-96.618912,302.190002,133.289459,-96.618233,309.065460,133.939392,-96.089134,304.396454,136.458511,,,
113,0.941667,14:47:10:07.02,-96.619995,302.190979,133.289627,-96.617668,309.066101,133.939957,-96.088776,304.395782,136.457825,,,
114,0.950000,14:47:10:07.03,-96.619690,302.190796,133.290848,-96.617813,309.065948,133.940048,-96.088867,304.396271,136.457428,,,
115,0.958333,14:47:10:08.00,-96.618492,302.190430,133.289749,-96.617134,309.066193,133.940002,-96.082161,304.399994,136.457367,,,
116,0.966667,14:47:10:08.01,-96.618362,302.189728,133.288712,-96.619118,309.066620,133.940201,-96.087036,304.396881,136.458572,,,
117,0.975000,14:47:10:08.02,-96.616432,302.189758,133.289581,-96.616760,309.065735,133.939407,-96.082512,304.398132,136.455338,,,
118,0.983333,14:47:10:08.03,-96.616135,302.189697,133.288254,-96.617981,309.066833,133.940170,-96.082291,304.401062,136.457611,,,
119,0.991667,14:47:10:09.00,-96.616127,302.190643,133.289734,-96.617477,309.066010,133.940765,-96.087143,304.397095,136.456467,,,
120,1.000000,14:47:10:09.01,-96.614822,302.190552,133.289658,-96.617805,309.066284,133.940216,-96.083076,304.399719,136.456802,,,
121,1.008333,14:47:10:09.02,-96.616486,302.190002,133.289062,-96.618179,309.066132,133.940369,-96.080620,304.400513,136.456924,,,
122,1.016667,14:47:10:09.03,-96.620193,302.191650,133.289688,-96.619675,309.065704,133.941299,-96.087646,304.396729,136.457489,,,
123,1.025000,14:47:10:10.00,-96.618065,302.190125,133.289658,-96.617546,309.066193,133.939499,-96.089661,304.395874,136.457596,,,
124,1.033333,14:47:10:10.01,-96.617592,302.190002,133.290421,-96.618134,309.065735,133.939819,-96.087608,304.395264,136.458008,,,
125,1.041667,14:47:10:10.02,-96.616264,302.190063,133.290176,-96.618126,309.065979,133.939514,-96.088509,304.396393,136.457993,,,
126,1.050000,14:47:10:10.03,-96.618416,302.190460,133.290344,-96.617477,309.066284,133.939270,-96.083809,304.400330,136.457382,,,
127,1.058333,14:47:10:11.00,-96.617699,302.190338,133.290161,-96.617928,309.066132,133.939896,-96.087807,304.397125,136.458206,,,
128,1.066667,14:47:10:11.01,-96.619247,302.190613,133.289642,-96.618141,309.066650,133.940308,-96.088402,304.395325,136.457581,,,
129,1.075000,14:47:10:11.02,-96.618759,302.190887,133.290298,-96.618286,309.066406,133.940186,-96.088661,304.396332,136.457764,,,
130,1.083333,14:47:10:11.03,-96.617645,302.191467,133.290344,-96.620056,309.067352,133.941330,-96.087868,304.396027,136.456436,,,
131,1.091667,14:47:10:12.00,-96.619377,302.190521,133.290070,-96.618401,309.067322,133.939590,-96.088882,304.395538,136.458420,,,
132,1.100000,14:47:10:12.01,-96.617584,302.190704,133.290237,-96.617714,309.066467,133.940918,-96.090210,304.396027,136.457703,,,
133,1.108333,14:47:10:12.02,-96.616982,302.191040,133.289673,-96.619377,309.066711,133.940826,-96.083466,304.400482,136.458359,,,
134,1.116667,14:47:10:12.03,-96.618561,302.190033,133.289764,-96.618011,309.065826,133.939850,-96.087112,304.397278,136.457367,,,
135,1.125000,14:47:10:13.00,-96.618011,302.190002,133.290009,-96.618073,309.065765,133.939621,-96.089363,304.396820,136.457932,,,
136,1.133333,14:47:10:13.01,-96.616226,302.191193,133.289627,-96.619484,309.066925,133.940750,-96.089066,304.396332,136.457626,,,
137,1.141667,14:47:10:13.02,-96.617867,302.191772,133.289948,-96.618004,309.067383,133.940964,-96.087708,304.396149,136.457535,,,
138,1.150000,14:47:10:13.03,-96.617424,302.190674,133.290009,-96.618195,309.066406,133.939957,-96.088928,304.395264,136.457626,,,
139,1.158333,14:47:10:14.00,-96.618256,302.190277,133.289856,-96.617516,309.065735,133.938995,-96.087959,304.396576,136.458008,,,
140,1.166667,14:47:10:14.01,-96.621117,302.190369,133.289398,-96.618362,309.066345,133.939606,-96.089172,304.396027,136.457626,,,
141,1.175000,14:47:10:14.02,-96.616859,302.188751,133.289169,-96.618080,309.066650,133.940613,-96.083794,304.400360,136.456116,,,
142,1.183333,14:47:10:14.03,-96.619446,302.190765,133.290695,-96.618111,309.066132,133.940186,-96.081451,304.400360,136.455780,,,
143,1.191667,14:47:10:15.00,-96.618195,302.189636,133.289749,-96.618011,309.065369,133.940369,-96.082535,304.400055,136.457199,,,
144,1.200000,14:47:10:15.01,-96.617714,302.189819,133.290451,-96.618065,309.064697,133.940460,-96.089157,304.397858,136.457077,,,
145,1.208333,14:47:10:15.02,-96.619682,302.190674,133.290024,-96.619019,309.065826,133.940643,-96.088631,304.395538,136.458496,,,
146,1.216667,14:47:10:15.03,-96.619797,302.189301,133.290298,-96.618416,309.066071,133.939468,-96.089211,304.396240,136.457870,,,
147,1.225000,14:47:10:16.00,-96.617851,302.190002,133.289795,-96.618286,309.065552,133.939392,-96.082542,304.401215,136.457184,,,
148,1.233333,14:47:10:16.01,-96.613991,302.189667,133.289780,-96.617958,309.066833,133.940750,-96.085831,304.397491,136.456985,,,
149,1.241667,14:47:10:16.02,-96.616707,302.189789,133.290192,-96.617554,309.066071,133.938980,-96.088470,304.396881,136.457367,,,
150,1.250000,14:47:10:16.03,-96.618355,302.190002,133.289642,-96.618523,309.066681,133.939392,-96.082458,304.399200,136.456497,,,
151,1.258333,14:47:10:17.00,-96.617073,302.190582,133.290390,-96.618538,309.067596,133.940521,-96.081985,304.400665,136.457031,,,
152,1.266667,14:47:10:17.01,-96.618820,302.190887,133.290512,-96.618874,309.066986,133.940109,-96.083069,304.400208,136.456909,,,
153,1.275000,14:47:10:17.02,-96.619972,302.190247,133.290131,-96.617271,309.065704,133.939789,-96.087608,304.397430,136.457092,,,
154,1.283333,14:47:10:17.03,-96.617912,302.190369,133.290024,-96.617950,309.067017,133.940796,-96.088799,304.395416,136.457092,,,
155,1.291667,14:47:10:18.00,-96.616257,302.190094,133.289795,-96.618126,309.066010,133.939987,-96.090240,304.396210,136.457642,,,
156,1.300000,14:47:10:18.01,-96.616455,302.190796,133.289246,-96.618103,309.065582,133.940216,-96.088554,304.395996,136.457413,,,
157,1.308333,14:47:10:18.02,-96.619049,302.190887,133.289688,-96.617577,309.065460,133.938858,-96.088203,304.396332,136.457962,,,
158,1.316667,14:47:10:18.03,-96.617439,302.190948,133.288925,-96.616631,309.065277,133.938843,-96.082909,304.400085,136.457748,,,
159,1.325000,14:47:10:19.00,-96.617203,302.190643,133.289719,-96.617096,309.065857,133.939743,-96.087257,304.396545,136.456497,,,
160,1.333333,14:47:10:19.01,-96.619949,302.190308,133.290131,-96.618431,309.067627,133.940201,-96.089348,304.397156,136.457855,,,
161,1.341667,14:47:10:19.02,-96.618477,302.191315,133.289124,-96.617317,309.065735,133.940109,-96.082733,304.400848,136.458572,,,
162,1.350000,14:47:10:19.03,-96.617065,302.191223,133.289673,-96.619049,309.065186,133.941071,-96.087509,304.398285,136.456757,,,
163,1.358333,14:47:10:20.00,-96.616257,302.189606,133.288879,-96.618111,309.066406,133.940094,-96.082382,304.398895,136.456894,,,
164,1.366667,14:47:10:20.01,-96.617058,302.190002,133.288849,-96.618256,309.066498,133.939880,-96.083244,304.399933,136.458527,,,
165,1.375000,14:47:10:20.02,-96.618988,302.191010,133.289459,-96.619537,309.066010,133.939957,-96.088692,304.397095,136.456482,,,
166,1.383333,14:47:10:20.03,-96.616737,302.190674,133.289597,-96.618118,309.065948,133.939423,-96.082497,304.399719,136.457458,,,
167,1.391667,14:47:10:21.00,-96.619354,302.190247,133.290558,-96.619705,309.066071,133.940979,-96.087410,304.396973,136.456909,,,
168,1.400000,14:47:10:21.01,-96.617386,302.190125,133.289749,-96.619072,309.065796,133.939819,-96.089043,304.395905,136.457687,,,
169,1.408333,14:47:10:21.02,-96.616714,302.191101,133.289368,-96.620628,309.066498,133.940094,-96.088707,304.395782,136.458054,,,
170,1.416667,14:47:10:21.03,-96.615509,302.190582,133.290146,-96.617752,309.064575,133.938782,-96.087936,304.396057,136.458405,,,
171,1.425000,14:47:10:22.00,-96.616875,302.189850,133.289230,-96.618530,309.066925,133.939590,-96.089523,304.395386,136.457779,,,
172,1.433333,14:47:10:22.01,-96.618378,302.190552,133.289474,-96.618675,309.065308,133.939178,-96.084915,304.399292,136.457275,,,
173,1.441667,14:47:10:22.02,-96.617760,302.189484,133.288895,-96.618790,309.065704,133.940277,-96.088234,304.398224,136.456955,,,
174,1.450000,14:47:10:22.03,-96.616653,302.190491,133.288879,-96.617378,309.067566,133.940414,-96.084312,304.399292,136.456146,,,
175,1.458333,14:47:10:23.00,-96.615929,302.190887,133.290192,-96.617447,309.065918,133.939941,-96.082184,304.400055,136.457687,,,
176,1.466667,14:47:10:23.01,-96.617477,302.189911,133.289352,-96.620087,309.066132,133.940796,-96.083397,304.399841,136.456055,,,
177,1.475000,14:47:10:23.02,-96.620224,302.190247,133.290619,-96.619507,309.066040,133.939743,-96.088432,304.395691,136.458511,,,
178,1.483333,14:47:10:23.03,-96.619102,302.190796,133.289276,-96.617798,309.067261,133.940323,-96.089401,304.396179,136.457092,,,
179,1.491667,14:47:10:24.00,-96.616241,302.189545,133.289749,-96.619675,309.066315,133.940430,-96.089371,304.396851,136.457153,,,
180,1.500000,14:47:10:24.01,-96.617928,302.189941,133.289215,-96.618446,309.066467,133.939240,-96.090027,304.396210,136.456406,,,
181,1.508333,14:47:10:24.02,-96.616592,302.190796,133.288895,-96.618065,309.066101,133.939819,-96.089966,304.395691,136.457901,,,
182,1.516667,14:47:10:24.03,-96.617653,302.189178,133.290405,-96.618614,309.066559,133.940231,-96.089729,304.396576,136.457687,,,
183,1.525000,14:47:10:25.00,-96.616478,302.190033,133.289551,-96.618042,309.066345,133.939896,-96.088295,304.395660,136.457108,,,
184,1.533333,14:47:10:25.01,-96.618507,302.189575,133.290009,-96.618675,309.066193,133.940475,-96.088989,304.396423,136.457977,,,
185,1.541667,14:47:10:25.02,-96.617439,302.190125,133.289368,-96.618668,309.067047,133.940521,-96.088417,304.396423,136.457520,,,
186,1.550000,14:47:10:25.03,-96.617210,302.191681,133.289627,-96.619888,309.066010,133.940613,-96.087410,304.395355,136.457947,,,
187,1.558333,14:47:10:26.00,-96.615967,302.191223,133.289536,-96.618942,309.065948,133.939835,-96.088638,304.396606,136.457870,,,
188,1.566667,14:47:10:26.01,-96.615639,302.190643,133.290512,-96.618515,309.065399,133.939713,-96.089066,304.396271,136.456284,,,
189,1.575000,14:47:10:26.02,-96.617477,302.190125,133.289749,-96.617973,309.066650,133.939987,-96.088501,304.396149,136.457458,,,
190,1.583333,14:47:10:26.03,-96.615051,302.190125,133.288742,-96.617104,309.066071,133.940933,-96.082619,304.399506,136.458023,,,
191,1.591667,14:47:10:27.00,-96.617470,302.189941,133.289474,-96.618843,309.066345,133.940582,-96.087189,304.396667,136.457687,,,
192,1.600000,14:47:10:27.01,-96.617279,302.190277,133.289917,-96.618515,309.065857,133.939819,-96.089844,304.395813,136.457748,,,
193,1.608333,14:47:10:27.02,-96.619484,302.191315,133.290527,-96.617538,309.065918,133.940216,-96.084328,304.400269,136.457733,,,
194,1.616667,14:47:10:27.03,-96.619125,302.190613,133.290741,-96.616287,309.066711,133.939270,-96.088440,304.396210,136.457962,,,
195,1.625000,14:47:10:28.00,-96.618721,302.189880,133.289963,-96.617935,309.065491,133.939499,-96.089584,304.394897,136.456573,,,
196,1.633333,14:47:10:28.01,-96.618904,302.189270,133.289642,-96.619370,309.066864,133.939789,-96.089516,304.395142,136.457886,,,
197,1.641667,14:47:10:28.02,-96.619621,302.190887,133.289581,-96.617943,309.065552,133.940918,-96.088570,304.395355,136.456741,,,
198,1.650000,14:47:10:28.03,-96.620056,302.190125,133.290894,-96.619446,309.065430,133.941193,-96.089569,304.396362,136.457581,,,
199,1.658333,14:47:10:29.00,-96.615471,302.189240,133.288956,-96.618050,309.065460,133.939117,-96.083900,304.400024,136.456665,,,
200,1.666667,14:47:10:29.01,-96.616318,302.190887,133.290680,-96.618561,309.064972,133.940308,-96.088303,304.396362,136.457764,,,
201,1.675000,14:47:10:29.02,-96.618713,302.191162,133.291046,-96.619965,309.066498,133.941025,-96.083641,304.399231,136.456818,,,
202,1.683333,14:47:10:29.03,-96.617523,302.189240,133.290344,-96.617935,309.067139,133.939987,-96.088768,304.397461,136.457184,,,
203,1.691667,14:47:11:00.00,-96.615982,302.190887,133.289154,-96.618034,309.065399,133.939529,-96.082626,304.398926,136.457306,,,
204,1.700000,14:47:11:00.01,-96.617386,302.191406,133.289749,-96.619049,309.065277,133.940598,-96.082680,304.399933,136.456116,,,
205,1.708333,14:47:11:00.02,-96.617516,302.190887,133.290268,-96.620087,309.065399,133.940063,-96.088326,304.396545,136.457092,,,
206,1.716667,14:47:11:00.03,-96.617249,302.190002,133.289642,-96.618286,309.065521,133.939468,-96.087898,304.395508,136.456802,,,
207,1.725000,14:47:11:01.00,-96.618477,302.190582,133.290253,-96.618797,309.066132,133.939484,-96.083107,304.399597,136.456268,,,
208,1.733333,14:47:11:01.01,-96.617661,302.189911,133.289932,-96.617188,309.066345,133.939880,-96.088753,304.397919,136.457977,,,
209,1.741667,14:47:11:01.02,-96.617355,302.189697,133.290100,-96.618393,309.066437,133.940826,-96.089668,304.396637,136.456619,,,
210,1.750000,14:47:11:01.03,-96.616867,302.190125,133.289093,-96.617195,309.065704,133.939606,-96.088638,304.395569,136.456924,,,
211,1.758333,14:47:11:02.00,-96.618286,302.189911,133.290543,-96.618401,309.066193,133.939697,-96.088829,304.395905,136.456757,,,
212,1.766667,14:47:11:02.01,-96.617218,302.190460,133.289566,-96.618477,309.065735,133.939209,-96.090050,304.395782,136.456970,,,
213,1.775000,14:47:11:02.02,-96.616234,302.190247,133.289749,-96.619629,309.065796,133.940536,-96.081772,304.399323,136.456528,,,
214,1.783333,14:47:11:02.03,-96.616623,302.190125,133.288574,-96.619019,309.066132,133.939697,-96.087021,304.397949,136.456573,,,
215,1.791667,14:47:11:03.00,-96.618370,302.190369,133.289932,-96.619102,309.066498,133.940186,-96.088882,304.395630,136.457581,,,
216,1.800000,14:47:11:03.01,-96.621452,302.190643,133.290482,-96.618721,309.066284,133.939575,-96.088875,304.396332,136.456573,,,
217,1.808333,14:47:11:03.02,-96.615494,302.190887,133.289200,-96.617821,309.066193,133.939880,-96.089310,304.396027,136.457764,,,
218,1.816667,14:47:11:03.03,-96.616074,302.190063,133.289474,-96.618500,309.066437,133.940369,-96.088860,304.397064,136.456955,,,
219,1.825000,14:47:11:04.00,-96.615807,302.190918,133.289490,-96.618759,309.066132,133.940048,-96.089012,304.395660,136.456329,,,
220,1.833333,14:47:11:04.01,-96.617966,302.189758,133.289688,-96.617981,309.065460,133.939911,-96.089745,304.396332,136.458008,,,
221,1.841667,14:47:11:04.02,-96.619774,302.190552,133.289307,-96.618462,309.065735,133.939621,-96.089577,304.396332,136.456711,,,
222,1.850000,14:47:11:04.03,-96.618126,302.190887,133.290863,-96.618263,309.066742,133.940262,-96.089508,304.396423,136.457230,,,
223,1.858333,14:47:11:05.00,-96.616577,302.190674,133.289261,-96.619934,309.066833,133.941193,-96.088669,304.395752,136.457184,,,
224,1.866667,14:47:11:05.01,-96.615906,302.189575,133.289368,-96.617981,309.065491,133.939819,-96.083473,304.399689,136.456390,,,
225,1.875000,14:47:11:05.02,-96.617546,302.189667,133.288757,-96.617561,309.065369,133.939392,-96.087578,304.395691,136.457092,,,
226,1.883333,14:47:11:05.03,-96.617661,302.191833,133.290497,-96.617744,309.065704,133.940430,-96.082901,304.400909,136.457108,,,
227,1.891667,14:47:11:06.00,-96.617409,302.190033,133.289795,-96.618080,309.066895,133.940247,-96.087875,304.396393,136.457367,,,
228,1.900000,14:47:11:06.01,-96.615150,302.190338,133.290009,-96.619392,309.066559,133.940445,-96.090050,304.395233,136.457474,,,
229,1.908333,14:47:11:06.02,-96.617943,302.191620,133.289764,-96.618042,309.065796,133.939362,-96.082497,304.399658,136.457550,,,
230,1.916667,14:47:11:06.03,-96.615578,302.189514,133.290131,-96.617752,309.065186,133.940201,-96.088341,304.397095,136.456024,,,
231,1.925000,14:47:11:07.00,-96.619865,302.189453,133.289474,-96.619461,309.065582,133.940201,-96.089386,304.396149,136.457413,,,
232,1.933333,14:47:11:07.01,-96.619873,302.190491,133.289474,-96.619232,309.066559,133.939682,-96.084251,304.399475,136.457291,,,
233,1.941667,14:47:11:07.02,-96.614662,302.190125,133.288727,-96.618217,309.066071,133.939545,-96.087418,304.396118,136.456924,,,
234,1.950000,14:47:11:07.03,-96.616913,302.190125,133.289551,-96.621452,309.065643,133.941406,-96.089432,304.395233,136.457581,,,
235,1.958333,14:47:11:08.00,-96.617516,302.190338,133.290131,-96.620087,309.065887,133.940079,-96.088989,304.396423,136.457993,,,
236,1.966667,14:47:11:08.01,-96.618774,302.191223,133.289810,-96.618843,309.066406,133.940292,-96.082840,304.399384,136.456787,,,
237,1.975000,14:47:11:08.02,-96.619385,302.191345,133.290466,-96.617432,309.065582,133.940048,-96.082092,304.399384,136.457382,,,
238,1.983333,14:47:11:08.03,-96.617386,302.189972,133.289551,-96.618835,309.066650,133.940094,-96.088509,304.396637,136.457779,,,
239,1.991667,14:47:11:09.00,-96.615662,302.189331,133.289963,-96.619812,309.066406,133.941406,-96.087799,304.395142,136.456314,,,
240,2.000000,14:47:11:09.01,-96.617546,302.189697,133.289368,-96.618759,309.066467,133.940262,-96.089615,304.395813,136.458008,,,
241,2.008333,14:47:11:09.02,-96.619865,302.190247,133.290726,-96.616577,309.065704,133.940872,-96.088783,304.394745,136.457306,,,
242,2.016667,14:47:11:09.03,-96.620621,302.191101,133.290894,-96.619843,309.066620,133.941803,-96.089325,304.395599,136.457275,,,
243,2.025000,14:47:11:10.00,-96.617126,302.189850,133.288818,-96.618919,309.066132,133.939545,-96.087471,304.396484,136.457230,,,
244,2.033333,14:47:11:10.01,-96.616707,302.189789,133.288879,-96.618042,309.066895,133.940292,-96.089722,304.395935,136.457245,,,
245,2.041667,14:47:11:10.02,-96.619240,302.190460,133.290176,-96.619186,309.066620,133.939880,-96.089539,304.396667,136.457977,,,
246,2.050000,14:47:11:10.03,-96.619972,302.189697,133.289810,-96.619392,309.065979,133.939743,-96.087959,304.394470,136.456436,,,
247,2.058333,14:47:11:11.00,-96.615967,302.189392,133.289108,-96.619431,309.065948,133.940704,-96.083153,304.399811,136.458221,,,
248,2.066667,14:47:11:11.01,-96.616707,302.189728,133.289124,-96.617439,309.065094,133.939529,-96.087517,304.396851,136.457138,,,
249,2.075000,14:47:11:11.02,-96.616966,302.189758,133.289444,-96.619186,309.066620,133.941177,-96.083138,304.399445,136.457001,,,
250,2.083333,14:47:11:11.03,-96.618843,302.189575,133.289200,-96.618347,309.066986,133.938416,-96.083519,304.400391,136.457611,,,
251,2.091667,14:47:11:12.00,-96.617340,302.190552,133.288712,-96.619133,309.066498,133.941025,-96.083679,304.399780,136.457230,,,
252,2.100000,14:47:11:12.01,-96.615799,302.189911,133.288742,-96.618301,309.065399,133.940430,-96.088020,304.395691,136.458466,,,
253,2.108333,14:47:11:12.02,-96.615875,302.190552,133.290710,-96.617821,309.066071,133.940186,-96.083534,304.398956,136.457504,,,
254,2.116667,14:47:11:12.03,-96.615837,302.189697,133.289642,-96.617790,309.065155,133.940201,-96.087807,304.397949,136.458359,,,
255,2.125000,14:47:11:13.00,-96.619560,302.191010,133.290253,-96.619301,309.065765,133.940109,-96.083244,304.398376,136.457153,,,
256,2.133333,14:47:11:13.01,-96.619019,302.189270,133.289795,-96.617683,309.065857,133.940201,-96.088684,304.396240,136.457108,,,
257,2.141667,14:47:11:13.02,-96.619484,302.190186,133.289200,-96.619865,309.066010,133.940491,-96.089348,304.396515,136.457901,,,
258,2.150000,14:47:11:13.03,-96.617867,302.190186,133.290283,-96.618362,309.065155,133.940414,-96.088707,304.396820,136.458008,,,
259,2.158333,14:47:11:14.00,-96.620491,302.190521,133.290268,-96.617805,309.065216,133.938828,-96.087334,304.395935,136.457047,,,
260,2.166667,14:47:11:14.01,-96.619102,302.190216,133.290100,-96.619087,309.065552,133.940323,-96.087196,304.396088,136.457596,,,
261,2.175000,14:47:11:14.02,-96.616180,302.189697,133.288391,-96.617760,309.065552,133.938965,-96.088997,304.395660,136.457092,,,
262,2.183333,14:47:11:14.03,-96.615837,302.189911,133.289352,-96.618614,309.065918,133.939331,-96.089012,304.395905,136.457138,,,
263,2.191667,14:47:11:15.00,-96.614960,302.190216,133.288925,-96.618561,309.065857,133.940216,-96.089111,304.395630,136.457352,,,
264,2.200000,14:47:11:15.01,-96.614876,302.190918,133.289413,-96.617645,309.066498,133.939606,-96.088913,304.394897,136.457352,,,
265,2.208333,14:47:11:15.02,-96.616783,302.190338,133.290375,-96.618118,309.066498,133.939880,-96.088020,304.395020,136.457535,,,
266,2.216667,14:47:11:15.03,-96.618919,302.191010,133.290436,-96.619179,309.066864,133.939987,-96.082146,304.399780,136.456482,,,
267,2.225000,14:47:11:16.00,-96.616920,302.190033,133.289734,-96.620293,309.064972,133.940536,-96.082352,304.399841,136.456390,,,
268,2.233333,14:47:11:16.01,-96.616089,302.189911,133.287476,-96.618607,309.066406,133.940353,-96.087990,304.396301,136.457184,,,
269,2.241667,14:47:11:16.02,-96.616379,302.189545,133.289566,-96.618095,309.066315,133.940338,-96.089363,304.394897,136.457581,,,
270,2.250000,14:47:11:16.03,-96.618530,302.189148,133.289856,-96.617203,309.065674,133.939209,-96.088860,304.395050,136.456940,,,
271,2.258333,14:47:11:17.00,-96.618591,302.189575,133.289658,-96.617165,309.065216,133.939011,-96.088615,304.395081,136.457901,,,
272,2.266667,14:47:11:17.01,-96.616898,302.189697,133.288971,-96.617477,309.065186,133.939651,-96.087517,304.396301,136.457718,,,
273,2.275000,14:47:11:17.02,-96.616920,302.188904,133.290894,-96.618843,309.066895,133.941010,-96.088547,304.394653,136.457306,,,
274,2.283333,14:47:11:17.03,-96.617958,302.190399,133.289017,-96.618103,309.066040,133.940201,-96.088394,304.395355,136.456879,,,
275,2.291667,14:47:11:18.00,-96.615479,302.190552,133.289474,-96.618065,309.066040,133.939743,-96.089272,304.397308,136.456772,,,
276,2.300000,14:47:11:18.01,-96.615105,302.190887,133.289963,-96.618355,309.065948,133.941238,-96.083191,304.399689,136.456696,,,
277,2.308333,14:47:11:18.02,-96.619690,302.191101,133.290771,-96.619484,309.066162,133.940155,-96.087494,304.395020,136.457977,,,
278,2.316667,14:47:11:18.03,-96.618340,302.190216,133.289642,-96.618118,309.065979,133.938843,-96.083481,304.399414,136.456711,,,
279,2.325000,14:47:11:19.00,-96.617920,302.189728,133.288742,-96.617805,309.066711,133.938477,-96.084183,304.400238,136.457962,,,
280,2.333333,14:47:11:19.01,-96.619820,302.189026,133.290085,-96.618675,309.064697,133.939880,-96.089264,304.396759,136.457855,,,
281,2.341667,14:47:11:19.02,-96.616745,302.189270,133.288651,-96.618744,309.065826,133.939728,-96.083260,304.400116,136.456818,,,
282,2.350000,14:47:11:19.03,-96.617531,302.190002,133.289825,-96.618561,309.065826,133.940369,-96.083138,304.399963,136.457306,,,
283,2.358333,14:47:11:20.00,-96.618340,302.190094,133.289032,-96.619827,309.066895,133.940247,-96.088509,304.396820,136.457047,,,
284,2.366667,14:47:11:20.01,-96.620033,302.189270,133.290131,-96.617661,309.067139,133.940262,-96.089264,304.394531,136.456802,,,
285,2.375000,14:47:11:20.02,-96.621529,302.189789,133.290680,-96.618629,309.066254,133.939529,-96.088478,304.395721,136.457367,,,
286,2.383333,14:47:11:20.03,-96.616478,302.189880,133.288849,-96.618149,309.066071,133.939972,-96.088036,304.396576,136.456863,,,
287,2.391667,14:47:11:21.00,-96.616951,302.190125,133.289032,-96.617874,309.065857,133.939606,-96.088371,304.394562,136.456619,,,
288,2.400000,14:47:11:21.01,-96.619011,302.190338,133.290787,-96.617142,309.066132,133.940475,-96.089600,304.396484,136.458115,,,
289,2.408333,14:47:11:21.02,-96.618263,302.189667,133.289505,-96.618042,309.067352,133.940842,-96.082993,304.400543,136.456497,,,
290,2.416667,14:47:11:21.03,-96.620056,302.189789,133.288940,-96.617165,309.066284,133.939560,-96.082031,304.399719,136.456879,,,
291,2.425000,14:47:11:22.00,-96.619453,302.190308,133.288422,-96.618019,309.066071,133.939774,-96.086845,304.394867,136.456482,,,
292,2.433333,14:47:11:22.01,-96.618462,302.189209,133.290298,-96.616898,309.065186,133.939331,-96.087486,304.394928,136.457047,,,
293,2.441667,14:47:11:22.02,-96.618019,302.190002,133.289719,-96.618721,309.065735,133.940048,-96.088120,304.396271,136.457428,,,
294,2.450000,14:47:11:22.03,-96.619286,302.190430,133.290268,-96.617393,309.065125,133.939255,-96.088608,304.396027,136.456985,,,
295,2.458333,14:47:11:23.00,-96.617279,302.190582,133.289093,-96.616966,309.065887,133.939880,-96.081940,304.399261,136.456482,,,
296,2.466667,14:47:11:23.01,-96.619835,302.190338,133.290680,-96.618698,309.066376,133.940643,-96.087837,304.396515,136.457855,,,
297,2.475000,14:47:11:23.02,-96.617393,302.189819,133.289856,-96.617302,309.065674,133.939926,-96.082672,304.399200,136.456024,,,
298,2.483333,14:47:11:23.03,-96.616989,302.189789,133.288788,-96.618820,309.065735,133.940598,-96.082130,304.400085,136.455933,,,
299,2.491667,14:47:11:24.00,-96.617416,302.190369,133.289459,-96.617691,309.066345,133.939468,-96.087418,304.395691,136.457108,,,
300,2.500000,14:47:11:24.01,-96.615105,302.191315,133.289688,-96.618118,309.066345,133.940521,-96.088753,304.395569,136.457397,,,
301,2.508333,14:47:11:24.02,-96.616440,302.191528,133.289291,-96.617401,309.065826,133.940048,-96.087982,304.396210,136.457687,,,
302,2.516667,14:47:11:24.03,-96.619598,302.189362,133.289261,-96.617661,309.065857,133.939407,-96.089630,304.395905,136.457138,,,
303,2.525000,14:47:11:25.00,-96.619019,302.190338,133.289230,-96.618286,309.066681,133.940262,-96.083473,304.398499,136.457794,,,
304,2.533333,14:47:11:25.01,-96.617943,302.191254,133.289825,-96.618271,309.066284,133.940308,-96.087440,304.396149,136.457581,,,
305,2.541667,14:47:11:25.02,-96.616531,302.189423,133.289780,-96.617836,309.065125,133.941193,-96.089211,304.396240,136.456223,,,
306,2.550000,14:47:11:25.03,-96.617294,302.189697,133.289566,-96.618637,309.066437,133.939972,-96.089050,304.395874,136.458038,,,
307,2.558333,14:47:11:26.00,-96.616402,302.189697,133.289047,-96.619049,309.065002,133.940292,-96.088486,304.395782,136.456467,,,
308,2.566667,14:47:11:26.01,-96.617577,302.191589,133.290894,-96.617134,309.065735,133.940247,-96.083328,304.398285,136.456833,,,
309,2.575000,14:47:11:26.02,-96.618881,302.190887,133.290253,-96.618752,309.066772,133.941635,-96.082001,304.399597,136.456924,,,
310,2.583333,14:47:11:26.03,-96.620911,302.190063,133.290482,-96.618675,309.066071,133.940979,-96.088188,304.397278,136.457901,,,
311,2.591667,14:47:11:27.00,-96.618690,302.189209,133.289139,-96.617683,309.065308,133.939468,-96.082405,304.398651,136.456879,,,
312,2.600000,14:47:11:27.01,-96.617767,302.189423,133.289551,-96.617233,309.065369,133.939209,-96.087730,304.396606,136.457123,,,
313,2.608333,14:47:11:27.02,-96.618584,302.190887,133.289673,-96.617493,309.066071,133.940247,-96.089401,304.395325,136.457214,,,
314,2.616667,14:47:11:27.03,-96.615021,302.189880,133.289139,-96.618454,309.066711,133.940094,-96.087845,304.396484,136.456848,,,
315,2.625000,14:47:11:28.00,-96.613083,302.190887,133.290100,-96.617760,309.066071,133.940430,-96.088829,304.396423,136.455719,,,
316,2.633333,14:47:11:28.01,-96.615562,302.190399,133.288513,-96.617340,309.066132,133.940735,-96.088066,304.396667,136.456985,,,
317,2.641667,14:47:11:28.02,-96.619072,302.190277,133.290451,-96.618042,309.067322,133.940094,-96.088631,304.396210,136.457962,,,
318,2.650000,14:47:11:28.03,-96.618134,302.189545,133.289658,-96.618095,309.066620,133.940552,-96.088722,304.396667,136.457443,,,
319,2.658333,14:47:11:29.00,-96.618477,302.190094,133.291275,-96.619453,309.067139,133.940887,-96.089241,304.395386,136.456146,,,
320,2.666667,14:47:11:29.01,-96.617493,302.189972,133.289322,-96.617874,309.065735,133.938828,-96.088142,304.394989,136.456924,,,
321,2.675000,14:47:11:29.02,-96.616043,302.190247,133.289200,-96.618179,309.066071,133.940567,-96.083298,304.399200,136.456787,,,
322,2.683333,14:47:11:29.03,-96.617043,302.190186,133.289185,-96.619583,309.065735,133.940933,-96.089050,304.397675,136.457886,,,
323,2.691667,14:47:12:00.00,-96.618774,302.190582,133.289856,-96.618423,309.065857,133.940216,-96.089096,304.396576,136.458084,,,
324,2.700000,14:47:12:00.01,-96.615700,302.189850,133.289307,-96.618629,309.065613,133.940811,-96.081474,304.399292,136.456436,,,
325,2.708333,14:47:12:00.02,-96.614822,302.190125,133.289642,-96.617905,309.065094,133.940292,-96.083374,304.399750,136.457016,,,
326,2.716667,14:47:12:00.03,-96.617752,302.190338,133.288925,-96.617241,309.066284,133.940369,-96.087624,304.396332,136.456879,,,
327,2.725000,14:47:12:01.00,-96.619156,302.189941,133.289505,-96.617790,309.066071,133.940094,-96.089485,304.395233,136.456573,,,
328,2.733333,14:47:12:01.01,-96.619301,302.189941,133.290329,-96.618164,309.066132,133.940399,-96.089432,304.396271,136.458008,,,
329,2.741667,14:47:12:01.02,-96.618958,302.191101,133.290161,-96.617111,309.065399,133.939590,-96.087471,304.395569,136.457764,,,
330,2.750000,14:47:12:01.03,-96.618912,302.189667,133.289246,-96.617668,309.065308,133.940399,-96.088280,304.395721,136.456818,,,
331,2.758333,14:47:12:02.00,-96.615097,302.189758,133.290314,-96.618584,309.066620,133.940353,-96.090210,304.396393,136.458176,,,
332,2.766667,14:47:12:02.01,-96.614380,302.189850,133.288162,-96.618675,309.066071,133.939209,-96.087730,304.395905,136.457581,,,
333,2.775000,14:47:12:02.02,-96.618774,302.190247,133.290604,-96.618828,309.064209,133.939041,-96.088608,304.396606,136.457581,,,
334,2.783333,14:47:12:02.03,-96.617973,302.190460,133.288757,-96.618446,309.064575,133.940704,-96.080467,304.399902,136.456558,,,
335,2.791667,14:47:12:03.00,-96.617302,302.190338,133.288757,-96.617638,309.065338,133.940201,-96.083000,304.400330,136.457199,,,
336,2.800000,14:47:12:03.01,-96.618156,302.190918,133.289825,-96.617691,309.064972,133.939194,-96.089478,304.397614,136.457306,,,
337,2.808333,14:47:12:03.02,-96.617279,302.190704,133.289856,-96.618347,309.064880,133.939850,-96.089241,304.396088,136.457626,,,
338,2.816667,14:47:12:03.03,-96.619873,302.190308,133.290253,-96.617027,309.065125,133.939011,-96.089211,304.395996,136.457932,,,
339,2.825000,14:47:12:04.00,-96.618286,302.190277,133.289154,-96.617218,309.065796,133.938293,-96.086563,304.396057,136.456406,,,
340,2.833333,14:47:12:04.01,-96.618919,302.190247,133.290070,-96.618637,309.065399,133.939285,-96.083305,304.400574,136.457169,,,
341,2.841667,14:47:12:04.02,-96.618080,302.190887,133.290314,-96.618385,309.065552,133.939880,-96.086624,304.397278,136.457748,,,
342,2.850000,14:47:12:04.03,-96.617989,302.191101,133.290070,-96.618599,309.066925,133.940750,-96.090637,304.395844,136.458466,,,
343,2.858333,14:47:12:05.00,-96.615784,302.189911,133.289230,-96.617516,309.065063,133.939835,-96.088585,304.394989,136.457672,,,
344,2.866667,14:47:12:05.01,-96.618446,302.189484,133.289047,-96.616776,309.066498,133.940369,-96.085068,304.399689,136.457565,,,
345,2.875000,14:47:12:05.02,-96.619583,302.190338,133.289719,-96.617828,309.065399,133.940857,-96.089348,304.397858,136.457748,,,
346,2.883333,14:47:12:05.03,-96.618828,302.190063,133.288940,-96.617874,309.066681,133.941376,-96.082382,304.399933,136.458389,,,
347,2.891667,14:47:12:06.00,-96.618088,302.190796,133.289246,-96.618813,309.066254,133.940720,-96.082954,304.401306,136.457367,,,
348,2.900000,14:47:12:06.01,-96.617699,302.190308,133.288651,-96.618874,309.066162,133.939850,-96.088203,304.396667,136.457855,,,
349,2.908333,14:47:12:06.02,-96.616615,302.190125,133.289902,-96.618805,309.066010,133.939926,-96.089989,304.395386,136.457794,,,
350,2.916667,14:47:12:06.03,-96.616020,302.190002,133.288651,-96.618011,309.064941,133.940491,-96.090355,304.395569,136.457626,,,
351,2.925000,14:47:12:07.00,-96.616447,302.190033,133.288498,-96.618492,309.065857,133.939392,-96.087715,304.396454,136.456482,,,
352,2.933333,14:47:12:07.01,-96.617790,302.189911,133.289963,-96.618195,309.065521,133.939987,-96.088623,304.395691,136.457428,,,
353,2.941667,14:47:12:07.02,-96.616676,302.190125,133.289062,-96.617874,309.066833,133.939774,-96.088829,304.396118,136.457535,,,
354,2.950000,14:47:12:07.03,-96.617882,302.190491,133.289642,-96.618042,309.066742,133.940475,-96.087639,304.395447,136.458817,,,
355,2.958333,14:47:12:08.00,-96.618126,302.189087,133.288605,-96.617577,309.067017,133.940903,-96.090042,304.395142,136.457947,,,
356,2.966667,14:47:12:08.01,-96.617439,302.189819,133.288284,-96.617996,309.066498,133.940506,-96.089409,304.396210,136.456970,,,
357,2.975000,14:47:12:08.02,-96.616241,302.190186,133.289368,-96.617485,309.065887,133.938919,-96.084427,304.398926,136.457825,,,
358,2.983333,14:47:12:08.03,-96.606041,302.194183,133.288330,-96.619179,309.067261,133.940628,-96.080719,304.398621,136.456207,,,
359,2.991667,14:47:12:09.00,-96.613586,302.190857,133.290558,-96.619102,309.065277,133.940475,-96.089409,304.396057,136.458481,,,
360,3.000000,14:47:12:09.01,-96.619263,302.189636,133.289871,-96.618088,309.065552,133.940643,-96.088348,304.394806,136.457275,,,
361,3.008333,14:47:12:09.02,-96.617958,302.190643,133.289749,-96.619019,309.065826,133.939362,-96.083755,304.399292,136.457458,,,
362,3.016667,14:47:12:09.03,-96.619003,302.189972,133.289673,-96.618065,309.065063,133.940231,-96.083351,304.399933,136.457855,,,
363,3.025000,14:47:12:10.00,-96.619949,302.190063,133.289017,-96.617752,309.064453,133.939819,-96.087601,304.395447,136.456940,,,
364,3.033333,14:47:12:10.01,-96.618729,302.189850,133.289673,-96.618721,309.065826,133.939697,-96.083031,304.399139,136.458206,,,
365,3.041667,14:47:12:10.02,-96.617035,302.190002,133.289291,-96.618370,309.065338,133.940643,-96.086288,304.396088,136.456711,,,
366,3.050000,14:47:12:10.03,-96.616821,302.190796,133.289566,-96.617783,309.067017,133.939255,-96.082596,304.400177,136.458023,,,
367,3.058333,14:47:12:11.00,-96.616623,302.190674,133.288239,-96.617905,309.065277,133.941071,-96.088440,304.396942,136.457520,,,
368,3.066667,14:47:12:11.01,-96.617828,302.190491,133.288864,-96.617790,309.065460,133.940506,-96.089867,304.395142,136.456863,,,
369,3.075000,14:47:12:11.02,-96.620071,302.190948,133.291275,-96.616928,309.066071,133.940643,-96.090187,304.397034,136.456909,,,
370,3.083333,14:47:12:11.03,-96.619049,302.189514,133.290466,-96.617905,309.065704,133.940018,-96.088821,304.395569,136.457413,,,
371,3.091667,14:47:12:12.00,-96.616394,302.190186,133.289581,-96.619797,309.066467,133.941498,-96.088982,304.396362,136.457138,,,
372,3.100000,14:47:12:12.01,-96.616417,302.189392,133.288712,-96.619614,309.064819,133.940506,-96.082458,304.399353,136.457184,,,
373,3.108333,14:47:12:12.02,-96.617088,302.190430,133.290009,-96.616844,309.066467,133.939438,-96.082405,304.400299,136.457962,,,
374,3.116667,14:47:12:12.03,-96.617867,302.190216,133.289917,-96.615829,309.066193,133.940414,-96.087875,304.396912,136.457870,,,
375,3.125000,14:47:12:13.00,-96.616577,302.190247,133.289215,-96.617661,309.065491,133.940598,-96.082863,304.398682,136.456879,,,
376,3.133333,14:47:12:13.01,-96.616432,302.189667,133.290115,-96.619194,309.066071,133.940460,-96.082306,304.400238,136.457535,,,
377,3.141667,14:47:12:13.02,-96.616493,302.189697,133.289139,-96.618332,309.065857,133.940659,-96.087738,304.397217,136.457123,,,
378,3.150000,14:47:12:13.03,-96.617279,302.189117,133.288391,-96.617737,309.065735,133.939636,-96.082947,304.399933,136.457703,,,
379,3.158333,14:47:12:14.00,-96.615662,302.190216,133.289322,-96.618118,309.067047,133.940659,-96.088455,304.396484,136.457611,,,
380,3.166667,14:47:12:14.01,-96.617538,302.189575,133.289352,-96.617332,309.067230,133.940491,-96.089424,304.394806,136.457138,,,
381,3.175000,14:47:12:14.02,-96.618378,302.189819,133.289413,-96.618996,309.066406,133.941284,-96.089157,304.396118,136.458069,,,
382,3.183333,14:47:12:14.03,-96.617363,302.189819,133.288879,-96.619141,309.065216,133.941193,-96.088310,304.396057,136.457169,,,
383,3.191667,14:47:12:15.00,-96.618652,302.190338,133.289291,-96.617279,309.065369,133.939941,-96.089561,304.395508,136.458237,,,
384,3.200000,14:47:12:15.01,-96.617767,302.189148,133.288971,-96.619286,309.065216,133.940369,-96.083138,304.398773,136.456650,,,
385,3.208333,14:47:12:15.02,-96.617516,302.189911,133.289413,-96.618355,309.065430,133.940430,-96.086281,304.397308,136.458878,,,
386,3.216667,14:47:12:15.03,-96.618820,302.190247,133.290329,-96.617973,309.065491,133.939117,-96.087738,304.395355,136.457672,,,
387,3.225000,14:47:12:16.00,-96.620445,302.190125,133.289169,-96.618179,309.066528,133.939575,-96.090126,304.396545,136.458450,,,
388,3.233333,14:47:12:16.01,-96.618904,302.190308,133.289642,-96.617210,309.065704,133.940094,-96.083733,304.399811,136.457581,,,
389,3.241667,14:47:12:16.02,-96.617035,302.189972,133.289841,-96.617851,309.066406,133.940292,-96.087090,304.397552,136.457153,,,
390,3.250000,14:47:12:16.03,-96.617081,302.190186,133.290009,-96.617142,309.065613,133.940033,-96.088860,304.395569,136.456818,,,
391,3.258333,14:47:12:17.00,-96.615639,302.190155,133.289856,-96.617706,309.065887,133.939758,-96.090141,304.395325,136.457581,,,
392,3.266667,14:47:12:17.01,-96.616821,302.189911,133.290100,-96.618706,309.065216,133.940765,-96.088943,304.395630,136.457489,,,
393,3.275000,14:47:12:17.02,-96.619316,302.190460,133.289734,-96.617241,309.066284,133.939667,-96.088875,304.395447,136.457718,,,
394,3.283333,14:47:12:17.03,-96.618446,302.190094,133.289642,-96.616646,309.065125,133.939697,-96.087471,304.394653,136.456650,,,
395,3.291667,14:47:12:18.00,-96.618065,302.190125,133.288513,-96.616432,309.065460,133.939606,-96.089348,304.396637,136.457657,,,
396,3.300000,14:47:12:18.01,-96.618279,302.189789,133.289230,-96.618187,309.065704,133.940048,-96.089363,304.395996,136.457535,,,
397,3.308333,14:47:12:18.02,-96.619110,302.191437,133.289978,-96.618057,309.065399,133.940262,-96.089722,304.396515,136.457870,,,
398,3.316667,14:47:12:18.03,-96.617561,302.191010,133.289185,-96.618774,309.065338,133.940384,-96.088898,304.395752,136.457413,,,
399,3.325000,14:47:12:19.00,-96.617142,302.190887,133.289307,-96.620071,309.065918,133.939819,-96.089912,304.397095,136.457138,,,
400,3.333333,14:47:12:19.01,-96.618523,302.189911,133.289474,-96.616890,309.064911,133.939316,-96.089088,304.396149,136.457199,,,
401,3.341667,14:47:12:19.02,-96.617729,302.191071,133.289627,-96.618797,309.065521,133.940094,-96.083275,304.400787,136.457382,,,
402,3.350000,14:47:12:19.03,-96.619446,302.191223,133.290009,-96.617592,309.066193,133.939850,-96.081230,304.400055,136.456604,,,
403,3.358333,14:47:12:20.00,-96.616508,302.190247,133.289291,-96.618286,309.065735,133.940277,-96.082962,304.400299,136.457275,,,
404,3.366667,14:47:12:20.01,-96.616974,302.190765,133.290222,-96.619652,309.065765,133.940643,-96.083603,304.400024,136.457748,,,
405,3.375000,14:47:12:20.02,-96.617043,302.189697,133.289154,-96.617332,309.064972,133.939728,-96.088951,304.395844,136.456741,,,
406,3.383333,14:47:12:20.03,-96.618050,302.189026,133.289108,-96.618660,309.065613,133.941055,-96.089104,304.395630,136.457047,,,
407,3.391667,14:47:12:21.00,-96.619919,302.189331,133.290512,-96.618790,309.066711,133.940216,-96.088966,304.396240,136.457581,,,
408,3.400000,14:47:12:21.01,-96.618690,302.189911,133.289932,-96.618225,309.065521,133.939972,-96.089020,304.395538,136.457520,,,
409,3.408333,14:47:12:21.02,-96.616875,302.190460,133.289536,-96.617813,309.065521,133.940475,-96.089500,304.394684,136.457581,,,
410,3.416667,14:47:12:21.03,-96.619293,302.189392,133.290070,-96.618309,309.065643,133.940399,-96.089462,304.394989,136.457199,,,
411,3.425000,14:47:12:22.00,-96.618050,302.189301,133.289124,-96.618584,309.065094,133.939835,-96.089600,304.396210,136.457611,,,
412,3.433333,14:47:12:22.01,-96.617752,302.190552,133.289307,-96.619087,309.065033,133.940491,-96.083893,304.399597,136.456650,,,
413,3.441667,14:47:12:22.02,-96.617393,302.188995,133.289520,-96.619026,309.066498,133.940384,-96.088570,304.395233,136.457138,,,
414,3.450000,14:47:12:22.03,-96.617767,302.191559,133.290176,-96.618431,309.065521,133.939911,-96.088722,304.394684,136.456772,,,
415,3.458333,14:47:12:23.00,-96.615616,302.190552,133.288574,-96.618088,309.066284,133.940933,-96.088181,304.395416,136.458069,,,
416,3.466667,14:47:12:23.01,-96.617218,302.190033,133.289154,-96.617302,309.065796,133.939560,-96.088997,304.395996,136.456924,,,
417,3.475000,14:47:12:23.02,-96.617493,302.191162,133.289398,-96.617897,309.066040,133.939301,-96.087418,304.395691,136.457352,,,
418,3.483333,14:47:12:23.03,-96.617607,302.190948,133.290344,-96.618088,309.065125,133.939865,-96.089188,304.395691,136.458527,,,
419,3.491667,14:47:12:24.00,-96.618988,302.190216,133.290283,-96.617798,309.065002,133.939758,-96.083984,304.399719,136.456619,,,
420,3.500000,14:47:12:24.01,-96.618340,302.189331,133.288849,-96.618156,309.066162,133.940048,-96.083450,304.400024,136.456787,,,
421,3.508333,14:47:12:24.02,-96.616295,302.190521,133.289627,-96.619362,309.066620,133.939377,-96.083710,304.400238,136.456314,,,
422,3.516667,14:47:12:24.03,-96.616104,302.189728,133.288971,-96.618095,309.064514,133.939545,-96.088173,304.396698,136.457062,,,
423,3.525000,14:47:12:25.00,-96.617210,302.189758,133.289780,-96.618011,309.065399,133.939041,-96.087341,304.394073,136.457428,,,
424,3.533333,14:47:12:25.01,-96.619209,302.190033,133.289932,-96.616516,309.065094,133.939117,-96.088799,304.395996,136.457443,,,
425,3.541667,14:47:12:25.02,-96.618759,302.190063,133.290237,-96.616776,309.064728,133.939850,-96.082520,304.400543,136.456238,,,
426,3.550000,14:47:12:25.03,-96.619072,302.190125,133.289322,-96.618484,309.065033,133.939758,-96.088753,304.397858,136.458038,,,
427,3.558333,14:47:12:26.00,-96.617767,302.190338,133.290070,-96.617310,309.065613,133.938690,-96.082809,304.400055,136.456940,,,
428,3.566667,14:47:12:26.01,-96.619095,302.188507,133.288986,-96.617577,309.065735,133.939636,-96.088127,304.396423,136.457855,,,
429,3.575000,14:47:12:26.02,-96.619186,302.190491,133.290070,-96.619125,309.066254,133.940491,-96.089241,304.394958,136.456772,,,
430,3.583333,14:47:12:26.03,-96.619141,302.191223,133.289551,-96.618813,309.067596,133.940445,-96.089050,304.395355,136.455826,,,
431,3.591667,14:47:12:27.00,-96.615913,302.189667,133.288956,-96.617065,309.064423,133.938416,-96.089813,304.395172,136.457611,,,
432,3.600000,14:47:12:27.01,-96.616539,302.189728,133.288620,-96.619087,309.066284,133.939880,-96.089241,304.396545,136.456985,,,
433,3.608333,14:47:12:27.02,-96.618614,302.190155,133.289017,-96.618759,309.065308,133.939606,-96.089142,304.396973,136.457642,,,
434,3.616667,14:47:12:27.03,-96.618393,302.190247,133.289642,-96.618034,309.065613,133.939499,-96.088150,304.394440,136.456924,,,
435,3.625000,14:47:12:28.00,-96.616074,302.190521,133.289047,-96.618233,309.066589,133.939545,-96.083641,304.399475,136.456665,,,
436,3.633333,14:47:12:28.01,-96.616158,302.190582,133.289505,-96.618645,309.066193,133.939880,-96.082420,304.400024,136.457062,,,
437,3.641667,14:47:12:28.02,-96.618538,302.189789,133.289368,-96.618668,309.065399,133.939972,-96.088081,304.395569,136.456879,,,
438,3.650000,14:47:12:28.03,-96.618057,302.190063,133.289978,-96.617142,309.065552,133.940323,-96.088882,304.395477,136.457336,,,
439,3.658333,14:47:12:29.00,-96.617104,302.190430,133.289291,-96.618050,309.065308,133.939880,-96.088341,304.396301,136.457245,,,
440,3.666667,14:47:12:29.01,-96.619003,302.190979,133.289230,-96.618797,309.064941,133.940323,-96.088539,304.395630,136.457764,,,
441,3.675000,14:47:12:29.02,-96.616486,302.190002,133.290237,-96.617638,309.064453,133.940582,-96.088326,304.395477,136.457291,,,
442,3.683333,14:47:12:29.03,-96.615105,302.189728,133.288132,-96.618164,309.065613,133.939880,-96.087730,304.394318,136.457031,,,
443,3.691667,14:47:13:00.00,-96.617058,302.190460,133.290161,-96.617340,309.065582,133.939453,-96.088760,304.395844,136.456757,,,
444,3.700000,14:47:13:00.01,-96.616707,302.190125,133.290131,-96.617249,309.064636,133.938080,-96.087646,304.397186,136.457550,,,
445,3.708333,14:47:13:00.02,-96.616997,302.188660,133.289215,-96.617523,309.065521,133.939575,-96.087746,304.395691,136.456360,,,
446,3.716667,14:47:13:00.03,-96.617149,302.189056,133.288879,-96.617439,309.064453,133.940094,-96.089813,304.395844,136.457672,,,
447,3.725000,14:47:13:01.00,-96.617851,302.189667,133.290436,-96.616615,309.065918,133.939713,-96.089859,304.395416,136.458008,,,
448,3.733333,14:47:13:01.01,-96.618805,302.190948,133.288635,-96.618896,309.066498,133.940521,-96.082268,304.399658,136.457642,,,
449,3.741667,14:47:13:01.02,-96.617004,302.189941,133.288605,-96.618118,309.065247,133.938660,-96.087173,304.396973,136.457748,,,
450,3.750000,14:47:13:01.03,-96.617470,302.188751,133.290131,-96.619827,309.066772,133.940155,-96.089485,304.395691,136.457275,,,
451,3.758333,14:47:13:02.00,-96.618477,302.189423,133.288559,-96.617455,309.065125,133.939346,-96.089317,304.395264,136.457108,,,
452,3.766667,14:47:13:02.01,-96.618195,302.189514,133.288940,-96.618721,309.065460,133.939667,-96.090279,304.394897,136.456268,,,
453,3.775000,14:47:13:02.02,-96.617165,302.189331,133.288788,-96.617630,309.065094,133.938919,-96.088043,304.395264,136.456116,,,
454,3.783333,14:47:13:02.03,-96.616592,302.189911,133.287537,-96.617470,309.066406,133.938889,-96.087990,304.396271,136.457108,,,
455,3.791667,14:47:13:03.00,-96.616394,302.189026,133.288574,-96.617058,309.065399,133.939041,-96.083649,304.400208,136.456467,,,
456,3.800000,14:47:13:03.01,-96.616730,302.189484,133.289490,-96.617188,309.065521,133.939392,-96.087769,304.395477,136.457260,,,
457,3.808333,14:47:13:03.02,-96.616547,302.189880,133.288330,-96.616837,309.064880,133.938599,-96.083054,304.398682,136.457321,,,
458,3.816667,14:47:13:03.03,-96.619095,302.190796,133.288712,-96.618011,309.065491,133.940475,-96.086975,304.395569,136.455841,,,
459,3.825000,14:47:13:04.00,-96.616920,302.190338,133.289886,-96.618263,309.065704,133.938782,-96.087936,304.395050,136.456314,,,
460,3.833333,14:47:13:04.01,-96.614746,302.188599,133.287796,-96.618423,309.065155,133.939072,-96.089714,304.395813,136.456329,,,
461,3.841667,14:47:13:04.02,-96.614990,302.190399,133.288559,-96.617767,309.065491,133.939438,-96.082825,304.399048,136.456284,,,
462,3.850000,14:47:13:04.03,-96.617447,302.189117,133.288528,-96.618202,309.065186,133.939011,-96.086761,304.396637,136.456619,,,
463,3.858333,14:47:13:05.00,-96.614143,302.190979,133.287598,-96.615936,309.065277,133.938339,-96.082085,304.399353,136.456284,,,
464,3.866667,14:47:13:05.01,-96.615807,302.190002,133.289688,-96.616997,309.065216,133.939682,-96.087479,304.397705,136.457367,,,
465,3.875000,14:47:13:05.02,-96.616867,302.190125,133.289047,-96.619232,309.065582,133.938751,-96.090042,304.395905,136.456543,,,
466,3.883333,14:47:13:05.03,-96.617599,302.190216,133.289261,-96.617630,309.065247,133.939285,-96.083771,304.399811,136.457092,,,
467,3.891667,14:47:13:06.00,-96.619156,302.189392,133.289612,-96.616539,309.064789,133.938004,-96.081978,304.399506,136.456314,,,
468,3.900000,14:47:13:06.01,-96.616951,302.189392,133.288971,-96.617332,309.066284,133.938507,-96.087952,304.395386,136.457275,,,
469,3.908333,14:47:13:06.02,-96.615067,302.189911,133.289795,-96.619835,309.065948,133.940048,-96.082237,304.398407,136.456635,,,
470,3.916667,14:47:13:06.03,-96.616539,302.190125,133.289490,-96.618561,309.065247,133.939392,-96.089050,304.396637,136.456619,,,
471,3.925000,14:47:13:07.00,-96.617851,302.190338,133.289093,-96.617493,309.065308,133.939178,-96.088409,304.394501,136.457214,,,
472,3.933333,14:47:13:07.01,-96.618538,302.189545,133.289642,-96.618095,309.065308,133.939972,-96.082893,304.399048,136.457260,,,
473,3.941667,14:47:13:07.02,-96.617302,302.189392,133.289200,-96.617790,309.065094,133.939835,-96.087563,304.396210,136.457291,,,
474,3.950000,14:47:13:07.03,-96.618614,302.189240,133.289917,-96.618584,309.065582,133.939865,-96.090096,304.395782,136.458527,,,
475,3.958333,14:47:13:08.00,-96.617462,302.190002,133.289749,-96.618767,309.066406,133.939545,-96.082161,304.398956,136.457092,,,
476,3.966667,14:47:13:08.01,-96.616623,302.190002,133.288940,-96.618721,309.065826,133.940079,-96.086868,304.397247,136.456985,,,
477,3.975000,14:47:13:08.02,-96.616112,302.189484,133.288162,-96.617424,309.066528,133.939957,-96.083740,304.399445,136.457504,,,
478,3.983333,14:47:13:08.03,-96.618599,302.189667,133.288956,-96.618248,309.065857,133.940918,-96.081940,304.399170,136.457413,,,
479,3.991667,14:47:13:09.00,-96.615189,302.188751,133.288330,-96.616013,309.065765,133.939133,-96.087852,304.396423,136.456818,,,
480,4.000000,14:47:13:09.01,-96.617043,302.190002,133.289474,-96.617653,309.065765,133.940338,-96.081390,304.400360,136.457306,,,
481,4.008333,14:47:13:09.02,-96.618820,302.190674,133.290558,-96.618561,309.066162,133.940186,-96.086670,304.396851,136.457642,,,
482,4.016667,14:47:13:09.03,-96.617584,302.189575,133.288696,-96.617584,309.064728,133.938568,-96.082657,304.399872,136.455948,,,
483,4.025000,14:47:13:10.00,-96.620346,302.190125,133.289520,-96.618073,309.065704,133.938843,-96.088562,304.397339,136.457047,,,
484,4.033333,14:47:13:10.01,-96.619568,302.190643,133.290817,-96.616722,309.066162,133.939224,-96.089699,304.395538,136.457382,,,
485,4.041667,14:47:13:10.02,-96.618965,302.190308,133.289215,-96.617661,309.066040,133.940216,-96.082458,304.399872,136.456482,,,
486,4.050000,14:47:13:10.03,-96.619347,302.190002,133.290192,-96.619728,309.065857,133.940598,-96.088539,304.396820,136.457581,,,
487,4.058333,14:47:13:11.00,-96.616539,302.190369,133.288834,-96.618607,309.064819,133.939667,-96.088249,304.394806,136.456863,,,
488,4.066667,14:47:13:11.01,-96.616257,302.190796,133.289368,-96.617210,309.064941,133.939285,-96.089363,304.396790,136.456772,,,
489,4.075000,14:47:13:11.02,-96.617592,302.190765,133.288940,-96.617119,309.065399,133.939880,-96.088974,304.395691,136.457031,,,
490,4.083333,14:47:13:11.03,-96.619858,302.190521,133.289963,-96.619545,309.066803,133.940857,-96.089424,304.395874,136.457611,,,
491,4.091667,14:47:13:12.00,-96.617500,302.190155,133.288391,-96.618324,309.064972,133.939499,-96.089592,304.395813,136.458054,,,
492,4.100000,14:47:13:12.01,-96.616463,302.190765,133.289215,-96.618393,309.065582,133.939636,-96.089645,304.396179,136.457886,,,
493,4.108333,14:47:13:12.02,-96.616081,302.189667,133.289032,-96.619209,309.068054,133.940460,-96.088745,304.395599,136.456924,,,
494,4.116667,14:47:13:12.03,-96.617821,302.189209,133.288559,-96.617912,309.065765,133.939285,-96.084679,304.399323,136.457748,,,
495,4.125000,14:47:13:13.00,-96.619972,302.189484,133.289368,-96.618713,309.064758,133.939117,-96.081223,304.400574,136.457794,,,
496,4.133333,14:47:13:13.01,-96.618782,302.192017,133.290741,-96.618385,309.066162,133.940857,-96.089279,304.397705,136.457703,,,
497,4.141667,14:47:13:13.02,-96.617477,302.190643,133.290039,-96.618088,309.066925,133.940704,-96.089355,304.394379,136.456802,,,
498,4.150000,14:47:13:13.03,-96.618439,302.191162,133.288925,-96.618996,309.066406,133.940094,-96.088745,304.395355,136.456894,,,
499,4.158333,14:47:13:14.00,-96.618912,302.190155,133.289520,-96.618309,309.065887,133.939880,-96.088783,304.395660,136.455978,,,
500,4.166667,14:47:13:14.01,-96.606590,302.193848,133.288345,-96.618126,309.065399,133.939514,-96.088860,304.396027,136.456757,,,
501,4.175000,14:47:13:14.02,-96.615532,302.190552,133.289734,-96.619469,309.065277,133.940414,-96.089325,304.396667,136.457245,,,
502,4.183333,14:47:13:14.03,-96.617874,302.190430,133.289383,-96.620056,309.065948,133.940857,-96.089119,304.396606,136.457321,,,
503,4.191667,14:47:13:15.00,-96.605148,302.192413,133.287613,-96.619461,309.067291,133.940231,-96.082207,304.399475,136.456680,,,
504,4.200000,14:47:13:15.01,-96.614075,302.190887,133.289383,-96.619484,309.065613,133.940598,-96.087929,304.397339,136.457047,,,
505,4.208333,14:47:13:15.02,-96.618423,302.190796,133.289062,-96.619209,309.067047,133.940994,-96.084091,304.398499,136.456390,,,
506,4.216667,14:47:13:15.03,-96.617340,302.189789,133.289368,-96.616699,309.065613,133.939697,-96.088257,304.396271,136.458252,,,
507,4.225000,14:47:13:16.00,-96.617912,302.190857,133.289673,-96.617439,309.066132,133.939255,-96.083939,304.400269,136.457535,,,
508,4.233333,14:47:13:16.01,-96.620094,302.188934,133.288666,-96.619530,309.066467,133.939758,-96.087036,304.396118,136.456985,,,
509,4.241667,14:47:13:16.02,-96.619240,302.189880,133.288727,-96.618637,309.066406,133.940262,-96.089615,304.395996,136.457535,,,
510,4.250000,14:47:13:16.03,-96.617729,302.189789,133.289200,-96.618942,309.066284,133.940765,-96.088684,304.394653,136.456268,,,
511,4.258333,14:47:13:17.00,-96.618576,302.190643,133.289047,-96.618546,309.065399,133.939072,-96.089561,304.395569,136.456787,,,
512,4.266667,14:47:13:17.01,-96.619644,302.189575,133.289886,-96.619003,309.065613,133.939468,-96.088219,304.395386,136.457138,,,
513,4.275000,14:47:13:17.02,-96.618073,302.190277,133.289307,-96.619797,309.065826,133.938629,-96.088478,304.395599,136.457840,,,
514,4.283333,14:47:13:17.03,-96.618034,302.189728,133.289093,-96.616997,309.065613,133.938461,-96.083717,304.400269,136.457809,,,
515,4.291667,14:47:13:18.00,-96.618149,302.189697,133.289566,-96.618484,309.066956,133.939468,-96.088478,304.396912,136.456604,,,
516,4.300000,14:47:13:18.01,-96.618797,302.189911,133.289886,-96.617401,309.065918,133.939484,-96.083298,304.398773,136.456436,,,
517,4.308333,14:47:13:18.02,-96.617561,302.190491,133.290054,-96.617210,309.066101,133.938477,-96.089485,304.397095,136.457642,,,
518,4.316667,14:47:13:18.03,-96.617165,302.189697,133.289978,-96.618317,309.066132,133.940186,-96.089920,304.395233,136.457321,,,
519,4.325000,14:47:13:19.00,-96.616959,302.190979,133.288986,-96.617973,309.065582,133.939697,-96.089096,304.395172,136.457260,,,
520,4.333333,14:47:13:19.01,-96.618668,302.190582,133.289124,-96.618500,309.065948,133.939972,-96.089890,304.396790,136.458054,,,
521,4.341667,14:47:13:19.02,-96.620056,302.190277,133.290344,-96.618652,309.065613,133.940750,-96.089119,304.395996,136.457001,,,
522,4.350000,14:47:13:19.03,-96.619682,302.189331,133.289398,-96.617424,309.066071,133.940964,-96.088463,304.396912,136.457397,,,
523,4.358333,14:47:13:20.00,-96.619667,302.189819,133.289871,-96.618011,309.065643,133.940201,-96.087746,304.396210,136.457077,,,
524,4.366667,14:47:13:20.01,-96.618622,302.190002,133.290024,-96.617958,309.065491,133.939545,-96.090065,304.396332,136.457367,,,
525,4.375000,14:47:13:20.02,-96.618187,302.189697,133.289413,-96.617546,309.065735,133.939957,-96.082970,304.399323,136.457794,,,
526,4.383333,14:47:13:20.03,-96.617920,302.190338,133.289963,-96.618332,309.065521,133.939148,-96.089264,304.396515,136.457153,,,
527,4.391667,14:47:13:21.00,-96.619461,302.189789,133.290802,-96.618370,309.065552,133.939178,-96.083443,304.399048,136.457367,,,
528,4.400000,14:47:13:21.01,-96.621147,302.190918,133.290085,-96.617805,309.066254,133.939667,-96.089203,304.398163,136.457047,,,
529,4.408333,14:47:13:21.02,-96.618835,302.191528,133.289108,-96.618546,309.066406,133.939926,-96.083092,304.399933,136.457031,,,
530,4.416667,14:47:13:21.03,-96.617661,302.191315,133.290390,-96.616997,309.065430,133.939072,-96.088585,304.396454,136.457703,,,
531,4.425000,14:47:13:22.00,-96.621338,302.190369,133.289917,-96.619553,309.065613,133.941025,-96.087250,304.395447,136.457199,,,
532,4.433333,14:47:13:22.01,-96.618286,302.189606,133.289963,-96.619751,309.066772,133.940704,-96.083702,304.399292,136.457291,,,
533,4.441667,14:47:13:22.02,-96.618828,302.189697,133.289536,-96.619217,309.066315,133.940262,-96.083389,304.400116,136.456985,,,
534,4.450000,14:47:13:22.03,-96.619484,302.190460,133.289780,-96.617104,309.065155,133.939285,-96.081841,304.400391,136.457108,,,
535,4.458333,14:47:13:23.00,-96.619431,302.190948,133.290207,-96.617599,309.065613,133.939514,-96.089050,304.396423,136.457199,,,
536,4.466667,14:47:13:23.01,-96.619331,302.189575,133.289902,-96.619003,309.064911,133.940918,-96.089256,304.395508,136.457016,,,
537,4.475000,14:47:13:23.02,-96.618607,302.190826,133.289719,-96.617241,309.066284,133.939819,-96.089729,304.395081,136.457199,,,
538,4.483333,14:47:13:23.03,-96.617981,302.190613,133.289307,-96.618073,309.066559,133.938492,-96.089401,304.395599,136.456894,,,
539,4.491667,14:47:13:24.00,-96.618134,302.189850,133.290329,-96.617508,309.065857,133.939117,-96.088814,304.395447,136.457687,,,
540,4.500000,14:47:13:24.01,-96.619041,302.189545,133.290237,-96.618530,309.065521,133.939056,-96.089050,304.395752,136.458450,,,
541,4.508333,14:47:13:24.02,-96.617882,302.190125,133.288895,-96.619125,309.066956,133.940475,-96.089462,304.395020,136.457520,,,
542,4.516667,14:47:13:24.03,-96.619644,302.190826,133.290680,-96.618271,309.065857,133.940659,-96.089355,304.396027,136.457138,,,
543,4.525000,14:47:13:25.00,-96.618828,302.190491,133.290253,-96.618660,309.065857,133.939758,-96.089806,304.396271,136.457352,,,
544,4.533333,14:47:13:25.01,-96.618866,302.190125,133.290192,-96.618233,309.065979,133.940125,-96.090752,304.396332,136.456451,,,
545,4.541667,14:47:13:25.02,-96.618423,302.190613,133.289795,-96.617905,309.065308,133.940369,-96.091042,304.396332,136.456665,,,
546,4.550000,14:47:13:25.03,-96.618912,302.190796,133.289993,-96.619293,309.066589,133.940842,-96.090698,304.395782,136.458221,,,
547,4.558333,14:47:13:26.00,-96.619278,302.191528,133.290558,-96.620682,309.067139,133.940735,-96.090141,304.396729,136.457077,,,
548,4.566667,14:47:13:26.01,-96.618095,302.190552,133.289627,-96.618217,309.065582,133.939621,-96.089462,304.395966,136.457748,,,
549,4.575000,14:47:13:26.02,-96.619560,302.190582,133.289688,-96.619446,309.066620,133.939941,-96.089165,304.396759,136.458221,,,
550,4.583333,14:47:13:26.03,-96.618843,302.191010,133.289642,-96.619705,309.065979,133.940262,-96.088943,304.396088,136.457489,,,
551,4.591667,14:47:13:27.00,-96.618423,302.190430,133.290344,-96.619011,309.065582,133.940063,-96.087883,304.396423,136.456604,,,
552,4.600000,14:47:13:27.01,-96.620598,302.191681,133.290207,-96.619446,309.066742,133.941467,-96.091621,304.396637,136.458710,,,
553,4.608333,14:47:13:27.02,-96.618385,302.190491,133.289841,-96.617508,309.065826,133.939514,-96.087715,304.395782,136.457428,,,
554,4.616667,14:47:13:27.03,-96.617958,302.190552,133.289413,-96.618484,309.066162,133.940125,-96.083923,304.400024,136.456985,,,
555,4.625000,14:47:13:28.00,-96.617920,302.191071,133.289017,-96.617821,309.065857,133.939667,-96.087440,304.396393,136.457123,,,
556,4.633333,14:47:13:28.01,-96.617226,302.190308,133.289368,-96.618637,309.066711,133.939621,-96.081856,304.398926,136.456772,,,
557,4.641667,14:47:13:28.02,-96.619370,302.189789,133.289413,-96.617958,309.066467,133.939178,-96.090248,304.397034,136.457901,,,
558,4.650000,14:47:13:28.03,-96.618652,302.189697,133.287994,-96.617569,309.065186,133.939590,-96.090546,304.394897,136.457642,,,
559,4.658333,14:47:13:29.00,-96.619888,302.191650,133.290192,-96.618782,309.066620,133.940018,-96.090790,304.396362,136.458069,,,
560,4.666667,14:47:13:29.01,-96.618736,302.190765,133.290207,-96.618408,309.063690,133.939194,-96.089745,304.395905,136.456818,,,
561,4.675000,14:47:13:29.02,-96.618179,302.190063,133.290100,-96.617470,309.065948,133.938614,-96.087822,304.395508,136.457138,,,
562,4.683333,14:47:13:29.03,-96.615471,302.190216,133.290070,-96.618599,309.065735,133.940567,-96.088722,304.395752,136.456223,,,
563,4.691667,14:47:14:00.00,-96.617599,302.190186,133.289169,-96.618347,309.065369,133.940140,-96.088867,304.395477,136.457642,,,
564,4.700000,14:47:14:00.01,-96.620407,302.189301,133.290100,-96.617355,309.066132,133.940918,-96.089195,304.395660,136.455780,,,
565,4.708333,14:47:14:00.02,-96.618858,302.190643,133.289200,-96.617386,309.066528,133.940079,-96.089043,304.395905,136.457230,,,
566,4.716667,14:47:14:00.03,-96.619034,302.190643,133.290192,-96.619545,309.066498,133.941193,-96.089226,304.395233,136.455978,,,
567,4.725000,14:47:14:01.00,-96.618530,302.190002,133.289124,-96.618988,309.065826,133.940262,-96.089012,304.395081,136.457367,,,
568,4.733333,14:47:14:01.01,-96.618172,302.189362,133.287567,-96.618500,309.066498,133.939270,-96.089127,304.396515,136.457062,,,
569,4.741667,14:47:14:01.02,-96.618462,302.191071,133.289276,-96.617821,309.065613,133.940140,-96.088005,304.395447,136.456772,,,
570,4.750000,14:47:14:01.03,-96.619186,302.190948,133.289612,-96.619492,309.066498,133.939941,-96.088806,304.395569,136.456772,,,
571,4.758333,14:47:14:02.00,-96.618446,302.190216,133.290100,-96.619888,309.066284,133.939438,-96.089767,304.395355,136.457687,,,
572,4.766667,14:47:14:02.01,-96.617805,302.190338,133.289520,-96.619041,309.065979,133.938644,-96.089378,304.396423,136.456818,,,
573,4.775000,14:47:14:02.02,-96.618599,302.191101,133.289963,-96.617073,309.066284,133.938629,-96.089432,304.395660,136.456223,,,
574,4.783333,14:47:14:02.03,-96.616234,302.190613,133.288727,-96.617439,309.066406,133.940170,-96.082001,304.399017,136.456421,,,
575,4.791667,14:47:14:03.00,-96.615776,302.190033,133.288116,-96.618942,309.066010,133.940231,-96.088120,304.397003,136.457474,,,
576,4.800000,14:47:14:03.01,-96.616470,302.190247,133.288391,-96.619446,309.066528,133.940079,-96.088699,304.396027,136.457886,,,
577,4.808333,14:47:14:03.02,-96.616959,302.189789,133.289444,-96.619415,309.065979,133.940430,-96.088478,304.395447,136.456757,,,
578,4.816667,14:47:14:03.03,-96.620575,302.189850,133.289841,-96.618340,309.065887,133.939545,-96.089645,304.395691,136.456360,,,
579,4.825000,14:47:14:04.00,-96.620827,302.190186,133.290726,-96.617821,309.066833,133.939819,-96.088890,304.395905,136.457581,,,
580,4.833333,14:47:14:04.01,-96.617317,302.189819,133.289642,-96.618446,309.065918,133.939041,-96.088745,304.394836,136.456055,,,
581,4.841667,14:47:14:04.02,-96.616493,302.190399,133.290237,-96.617874,309.065643,133.939484,-96.089996,304.395905,136.457047,,,
582,4.850000,14:47:14:04.03,-96.616348,302.190704,133.288605,-96.618423,309.065582,133.939240,-96.088974,304.394806,136.457581,,,
583,4.858333,14:47:14:05.00,-96.618095,302.190186,133.290344,-96.619949,309.066101,133.938812,-96.082741,304.400269,136.456436,,,
584,4.866667,14:47:14:05.01,-96.616783,302.190613,133.288712,-96.619080,309.066223,133.939453,-96.082893,304.400330,136.457062,,,
585,4.875000,14:47:14:05.02,-96.617821,302.189789,133.288788,-96.618469,309.066162,133.939697,-96.087570,304.395966,136.456863,,,
586,4.883333,14:47:14:05.03,-96.616753,302.190674,133.289505,-96.618744,309.066345,133.940155,-96.088608,304.394470,136.456909,,,
587,4.891667,14:47:14:06.00,-96.617561,302.190338,133.289368,-96.618263,309.066071,133.939987,-96.082878,304.398834,136.456238,,,
588,4.900000,14:47:14:06.01,-96.618950,302.190857,133.290573,-96.619019,309.065979,133.939285,-96.083168,304.399719,136.457779,,,
589,4.908333,14:47:14:06.02,-96.617348,302.190125,133.289780,-96.618065,309.064941,133.938980,-96.088516,304.395325,136.456833,,,
590,4.916667,14:47:14:06.03,-96.615616,302.191315,133.289368,-96.618103,309.066345,133.939514,-96.089897,304.395020,136.458282,,,
591,4.925000,14:47:14:07.00,-96.616951,302.189606,133.288422,-96.618637,309.065704,133.939667,-96.085320,304.399384,136.456619,,,
592,4.933333,14:47:14:07.01,-96.618393,302.190918,133.289642,-96.618851,309.066467,133.938583,-96.087914,304.395813,136.457428,,,
593,4.941667,14:47:14:07.02,-96.617035,302.188812,133.288742,-96.619072,309.065582,133.939316,-96.083710,304.400146,136.456467,,,
594,4.950000,14:47:14:07.03,-96.615425,302.189545,133.288986,-96.618744,309.066406,133.939682,-96.088768,304.396576,136.457031,,,
595,4.958333,14:47:14:08.00,-96.618782,302.189850,133.289215,-96.619034,309.065399,133.939774,-96.089218,304.395782,136.456985,,,
596,4.966667,14:47:14:08.01,-96.617699,302.190094,133.289627,-96.619446,309.065399,133.939331,-96.089516,304.395020,136.457611,,,
597,4.975000,14:47:14:08.02,-96.619141,302.190857,133.290543,-96.620224,309.065552,133.940598,-96.083359,304.399445,136.457092,,,
598,4.983333,14:47:14:08.03,-96.619431,302.189636,133.289276,-96.620247,309.066620,133.941620,-96.087692,304.396851,136.457199,,,
599,4.991667,14:47:14:09.00,-96.615852,302.190338,133.289337,-96.618774,309.065613,133.940536,-96.089012,304.395966,136.457413,,,
600,5.000000,14:47:14:09.01,-96.618675,302.190460,133.289963,-96.618652,309.065521,133.939774,-96.089508,304.395233,136.456833,,,
601,5.008333,14:47:14:09.02,-96.618355,302.189545,133.289017,-96.619705,309.066254,133.940506,-96.089760,304.395416,136.457306,,,
602,5.016667,14:47:14:09.03,-96.620781,302.189697,133.288757,-96.619064,309.066101,133.940216,-96.088959,304.396027,136.456955,,,
603,5.025000,14:47:14:10.00,-96.620872,302.188660,133.289856,-96.620186,309.065613,133.940369,-96.089264,304.396027,136.456757,,,
604,5.033333,14:47:14:10.01,-96.620209,302.190186,133.289612,-96.620216,309.066406,133.939529,-96.089027,304.395081,136.457199,,,
605,5.041667,14:47:14:10.02,-96.619499,302.189911,133.289001,-96.619347,309.066223,133.939606,-96.087784,304.395996,136.457031,,,
606,5.050000,14:47:14:10.03,-96.617561,302.189819,133.288452,-96.619072,309.064697,133.941040,-96.089783,304.395142,136.458725,,,
607,5.058333,14:47:14:11.00,-96.615791,302.190521,133.288696,-96.619286,309.066711,133.940720,-96.090057,304.396484,136.457901,,,
608,5.066667,14:47:14:11.01,-96.616135,302.190369,133.287704,-96.619560,309.066803,133.940430,-96.089577,304.395355,136.456879,,,
609,5.075000,14:47:14:11.02,-96.617203,302.190918,133.289536,-96.620087,309.066956,133.940765,-96.083160,304.399597,136.457245,,,
610,5.083333,14:47:14:11.03,-96.618286,302.191040,133.290680,-96.619293,309.065094,133.939224,-96.087212,304.395569,136.456329,,,
611,5.091667,14:47:14:12.00,-96.617455,302.189423,133.289261,-96.618576,309.065857,133.940125,-96.089783,304.394440,136.457581,,,
612,5.100000,14:47:14:12.01,-96.617241,302.189148,133.288895,-96.617668,309.065094,133.939758,-96.090149,304.396423,136.458176,,,
613,5.108333,14:47:14:12.02,-96.617645,302.189911,133.289093,-96.617386,309.065216,133.940506,-96.088638,304.395813,136.457520,,,
614,5.116667,14:47:14:12.03,-96.621277,302.190643,133.290283,-96.618477,309.065552,133.941238,-96.089378,304.395905,136.458359,,,
615,5.125000,14:47:14:13.00,-96.618164,302.190826,133.289368,-96.619865,309.065979,133.940659,-96.089714,304.396545,136.457214,,,
616,5.133333,14:47:14:13.01,-96.619873,302.190491,133.289413,-96.619217,309.066406,133.940216,-96.084747,304.399445,136.457321,,,
617,5.141667,14:47:14:13.02,-96.615860,302.189789,133.288879,-96.619400,309.065460,133.940125,-96.082161,304.399780,136.456543,,,
618,5.150000,14:47:14:13.03,-96.618820,302.190674,133.289871,-96.620270,309.065765,133.941025,-96.088921,304.395874,136.457199,,,
619,5.158333,14:47:14:14.00,-96.618584,302.190247,133.289673,-96.619156,309.065399,133.940796,-96.089340,304.395142,136.458160,,,
620,5.166667,14:47:14:14.01,-96.619972,302.189301,133.288589,-96.619934,309.064697,133.940262,-96.084663,304.399048,136.457062,,,
621,5.175000,14:47:14:14.02,-96.620728,302.189178,133.289413,-96.619186,309.066254,133.940430,-96.083694,304.400574,136.456833,,,
622,5.183333,14:47:14:14.03,-96.618011,302.190491,133.289795,-96.618416,309.065491,133.939987,-96.088066,304.395447,136.456970,,,
623,5.191667,14:47:14:15.00,-96.618103,302.190826,133.289291,-96.619720,309.065887,133.939850,-96.089539,304.395233,136.456879,,,
624,5.200000,14:47:14:15.01,-96.618698,302.189331,133.289703,-96.619072,309.066162,133.940582,-96.090073,304.394806,136.456924,,,
625,5.208333,14:47:14:15.02,-96.620941,302.190674,133.289474,-96.619392,309.065735,133.941299,-96.089622,304.396057,136.458160,,,
626,5.216667,14:47:14:15.03,-96.617355,302.190063,133.289352,-96.619774,309.065979,133.940125,-96.089378,304.395599,136.457687,,,
627,5.225000,14:47:14:16.00,-96.618080,302.189880,133.289795,-96.618164,309.065765,133.939636,-96.089943,304.395325,136.457092,,,
628,5.233333,14:47:14:16.01,-96.619751,302.190155,133.288544,-96.618530,309.066681,133.940918,-96.088791,304.395782,136.457565,,,
629,5.241667,14:47:14:16.02,-96.618584,302.190521,133.289474,-96.618752,309.066040,133.939926,-96.083954,304.400421,136.457428,,,
630,5.250000,14:47:14:16.03,-96.619507,302.190002,133.289642,-96.619110,309.065735,133.939667,-96.088257,304.397430,136.456223,,,
631,5.258333,14:47:14:17.00,-96.617165,302.189392,133.287979,-96.620232,309.065460,133.939209,-96.088615,304.395599,136.457611,,,
632,5.266667,14:47:14:17.01,-96.616173,302.190765,133.289413,-96.618919,309.066254,133.940048,-96.090546,304.395752,136.457031,,,
633,5.275000,14:47:14:17.02,-96.618286,302.189911,133.288956,-96.618324,309.066833,133.939499,-96.089569,304.395142,136.458176,,,
634,5.283333,14:47:14:17.03,-96.617531,302.189331,133.288589,-96.619102,309.067261,133.941147,-96.088097,304.395630,136.458069,,,
635,5.291667,14:47:14:18.00,-96.617897,302.190277,133.289261,-96.619362,309.066315,133.941650,-96.082397,304.399963,136.456818,,,
636,5.300000,14:47:14:18.01,-96.616920,302.190552,133.288788,-96.618141,309.065948,133.939575,-96.081657,304.399933,136.455521,,,
637,5.308333,14:47:14:18.02,-96.614922,302.190125,133.288345,-96.618187,309.066711,133.939087,-96.082344,304.401276,136.456619,,,
638,5.316667,14:47:14:18.03,-96.616875,302.189453,133.289047,-96.618057,309.065125,133.939407,-96.084305,304.400818,136.457260,,,
639,5.325000,14:47:14:19.00,-96.619148,302.189026,133.288788,-96.619293,309.065399,133.939667,-96.087906,304.396820,136.457367,,,
640,5.333333,14:47:14:19.01,-96.617607,302.188721,133.290192,-96.620369,309.065826,133.939041,-96.090378,304.395416,136.457474,,,
641,5.341667,14:47:14:19.02,-96.618576,302.189667,133.289856,-96.618149,309.064911,133.940170,-96.090317,304.395966,136.457413,,,
642,5.350000,14:47:14:19.03,-96.618187,302.190277,133.289154,-96.618599,309.066437,133.940506,-96.089638,304.395416,136.457199,,,
643,5.358333,14:47:14:20.00,-96.616592,302.190094,133.288895,-96.617630,309.065582,133.939316,-96.089424,304.394928,136.456436,,,
644,5.366667,14:47:14:20.01,-96.620415,302.190369,133.290024,-96.618202,309.064758,133.940536,-96.089272,304.395782,136.456192,,,
645,5.375000,14:47:14:20.02,-96.617714,302.189270,133.289062,-96.618095,309.066742,133.940033,-96.087906,304.394806,136.456650,,,
646,5.383333,14:47:14:20.03,-96.619019,302.189972,133.289627,-96.618156,309.065704,133.939331,-96.088898,304.395447,136.456375,,,
647,5.391667,14:47:14:21.00,-96.616592,302.189209,133.288757,-96.619057,309.065704,133.940201,-96.089211,304.395355,136.458572,,,
648,5.400000,14:47:14:21.01,-96.615128,302.189484,133.288330,-96.616417,309.064636,133.939880,-96.084061,304.398193,136.456329,,,
649,5.408333,14:47:14:21.02,-96.616287,302.189331,133.288834,-96.617836,309.065308,133.939621,-96.088196,304.397217,136.457062,,,
650,5.416667,14:47:14:21.03,-96.614799,302.189575,133.288849,-96.617958,309.066406,133.940292,-96.089569,304.395172,136.457138,,,
651,5.425000,14:47:14:22.00,-96.618690,302.190094,133.289642,-96.618614,309.065002,133.938950,-96.083359,304.400085,136.456848,,,
652,5.433333,14:47:14:22.01,-96.619507,302.189789,133.289337,-96.618454,309.065094,133.940079,-96.083458,304.399414,136.455933,,,
653,5.441667,14:47:14:22.02,-96.616302,302.189301,133.289154,-96.619324,309.066010,133.940369,-96.089134,304.396973,136.456573,,,
654,5.450000,14:47:14:22.03,-96.616058,302.190033,133.289032,-96.618423,309.065613,133.939133,-96.089981,304.394806,136.456543,,,
655,5.458333,14:47:14:23.00,-96.616798,302.189087,133.288712,-96.619705,309.065094,133.939529,-96.088737,304.394714,136.457016,,,
656,5.466667,14:47:14:23.01,-96.617828,302.189240,133.288895,-96.618629,309.065491,133.938980,-96.089050,304.395691,136.456650,,,
657,5.475000,14:47:14:23.02,-96.617386,302.189606,133.288712,-96.617409,309.065399,133.939011,-96.084404,304.400696,136.457001,,,
658,5.483333,14:47:14:23.03,-96.617104,302.190369,133.288986,-96.618256,309.065399,133.939774,-96.089104,304.396393,136.456558,,,
659,5.491667,14:47:14:24.00,-96.619110,302.189575,133.289490,-96.616745,309.065399,133.939392,-96.088760,304.395599,136.457428,,,
660,5.500000,14:47:14:24.01,-96.618431,302.189209,133.289322,-96.618202,309.066010,133.939728,-96.088799,304.394592,136.457016,,,
661,5.508333,14:47:14:24.02,-96.617180,302.189758,133.288361,-96.618965,309.065521,133.939056,-96.088371,304.396179,136.456085,,,
662,5.516667,14:47:14:24.03,-96.619347,302.188904,133.289169,-96.619385,309.065613,133.939926,-96.088371,304.396149,136.456619,,,
663,5.525000,14:47:14:25.00,-96.617439,302.189270,133.288712,-96.618492,309.064667,133.939117,-96.082603,304.398987,136.456177,,,
664,5.533333,14:47:14:25.01,-96.617638,302.189575,133.289246,-96.618660,309.065613,133.939194,-96.087891,304.396545,136.457199,,,
665,5.541667,14:47:14:25.02,-96.619408,302.190125,133.289078,-96.618439,309.065735,133.939072,-96.089378,304.394653,136.456818,,,
666,5.550000,14:47:14:25.03,-96.616257,302.188904,133.287674,-96.618828,309.066315,133.941055,-96.089470,304.395386,136.457382,,,
667,5.558333,14:47:14:26.00,-96.616287,302.189392,133.287842,-96.618607,309.064880,133.939362,-96.088142,304.396423,136.457245,,,
668,5.566667,14:47:14:26.01,-96.617409,302.189484,133.288635,-96.618149,309.066498,133.939728,-96.084625,304.399811,136.456650,,,
669,5.575000,14:47:14:26.02,-96.617264,302.190521,133.289352,-96.616219,309.065826,133.939026,-96.089081,304.396393,136.457626,,,
670,5.583333,14:47:14:26.03,-96.618835,302.189575,133.290268,-96.617821,309.065613,133.939117,-96.089043,304.393158,136.455933,,,
671,5.591667,14:47:14:27.00,-96.616470,302.189148,133.287842,-96.619125,309.064728,133.938812,-96.089897,304.395782,136.457245,,,
672,5.600000,14:47:14:27.01,-96.616959,302.189911,133.289139,-96.620056,309.065765,133.940125,-96.088570,304.395264,136.456329,,,
673,5.608333,14:47:14:27.02,-96.617546,302.189636,133.290482,-96.618637,309.066071,133.939941,-96.089699,304.393982,136.457382,,,
674,5.616667,14:47:14:27.03,-96.617149,302.189484,133.289169,-96.618523,309.066315,133.940018,-96.089432,304.394440,136.457138,,,
675,5.625000,14:47:14:28.00,-96.617027,302.189362,133.289154,-96.618057,309.065125,133.939835,-96.088898,304.394806,136.457870,,,
676,5.633333,14:47:14:28.01,-96.617630,302.189270,133.289368,-96.618874,309.064941,133.939545,-96.082985,304.397430,136.455200,,,
677,5.641667,14:47:14:28.02,-96.617767,302.189636,133.288971,-96.619179,309.066315,133.939957,-96.082550,304.399536,136.455856,,,
678,5.650000,14:47:14:28.03,-96.616188,302.189972,133.288818,-96.618874,309.064972,133.939270,-96.087921,304.396118,136.457001,,,
679,5.658333,14:47:14:29.00,-96.618446,302.189453,133.289459,-96.617462,309.064301,133.938293,-96.083099,304.399231,136.456711,,,
680,5.666667,14:47:14:29.01,-96.618057,302.190247,133.289322,-96.618446,309.066315,133.939697,-96.083519,304.400421,136.456711,,,
681,5.675000,14:47:14:29.02,-96.617599,302.189667,133.289597,-96.618767,309.066498,133.940536,-96.081772,304.398590,136.457016,,,
682,5.683333,14:47:14:29.03,-96.617317,302.189026,133.289154,-96.618164,309.065338,133.939178,-96.084091,304.399750,136.456757,,,
683,5.691667,14:47:15:00.00,-96.617058,302.189240,133.288879,-96.618149,309.065491,133.939011,-96.087326,304.396210,136.456955,,,
684,5.700000,14:47:15:00.01,-96.615128,302.190338,133.288589,-96.618507,309.065399,133.939713,-96.089554,304.396332,136.457336,,,
685,5.708333,14:47:15:00.02,-96.618530,302.190765,133.289291,-96.618492,309.065063,133.939331,-96.089172,304.395020,136.457260,,,
686,5.716667,14:47:15:00.03,-96.618042,302.190430,133.289200,-96.619385,309.065918,133.940079,-96.089577,304.395386,136.456894,,,
687,5.725000,14:47:15:01.00,-96.615883,302.189667,133.289581,-96.617638,309.065002,133.939392,-96.088013,304.394257,136.456940,,,
688,5.733333,14:47:15:01.01,-96.617882,302.190247,133.289551,-96.619125,309.064972,133.939835,-96.083122,304.398926,136.456985,,,
689,5.741667,14:47:15:01.02,-96.616531,302.190002,133.289505,-96.618370,309.067139,133.938507,-96.087105,304.394470,136.457199,,,
690,5.750000,14:47:15:01.03,-96.619095,302.190277,133.289413,-96.617485,309.065094,133.938889,-96.089157,304.394562,136.457809,,,
691,5.758333,14:47:15:02.00,-96.617325,302.189606,133.288589,-96.618111,309.064911,133.939072,-96.089409,304.394897,136.456421,,,
692,5.766667,14:47:15:02.01,-96.618149,302.189636,133.289246,-96.618774,309.064911,133.939972,-96.089348,304.395660,136.456955,,,
693,5.775000,14:47:15:02.02,-96.618752,302.189148,133.289078,-96.618469,309.065582,133.938248,-96.088875,304.395477,136.457245,,,
694,5.783333,14:47:15:02.03,-96.618279,302.189362,133.290115,-96.618149,309.064697,133.939499,-96.082901,304.399200,136.456665,,,
695,5.791667,14:47:15:03.00,-96.617371,302.189941,133.289200,-96.617004,309.065399,133.939545,-96.088509,304.395294,136.456985,,,
696,5.800000,14:47:15:03.01,-96.617470,302.189362,133.288010,-96.617683,309.064087,133.938370,-96.085167,304.398987,136.456741,,,
697,5.808333,14:47:15:03.02,-96.616562,302.189331,133.288635,-96.619301,309.064606,133.938782,-96.089180,304.395721,136.457855,,,
698,5.816667,14:47:15:03.03,-96.616760,302.188843,133.287827,-96.617828,309.065399,133.939392,-96.090111,304.394653,136.457687,,,
699,5.825000,14:47:15:04.00,-96.617416,302.189575,133.288696,-96.618256,309.065735,133.939621,-96.089653,304.394531,136.456573,,,
700,5.833333,14:47:15:04.01,-96.618248,302.189209,133.288712,-96.620338,309.065186,133.940262,-96.090149,304.394958,136.457245,,,
701,5.841667,14:47:15:04.02,-96.615829,302.188812,133.287674,-96.618713,309.065094,133.939499,-96.088585,304.394928,136.457108,,,
702,5.850000,14:47:15:04.03,-96.617500,302.188873,133.288345,-96.617630,309.065491,133.939880,-96.088509,304.393982,136.456055,,,
703,5.858333,14:47:15:05.00,-96.619362,302.189575,133.290359,-96.617302,309.065033,133.938934,-96.089127,304.394592,136.457031,,,
704,5.866667,14:47:15:05.01,-96.619225,302.191315,133.291046,-96.618507,309.065521,133.939606,-96.090744,304.394012,136.457520,,,
705,5.875000,14:47:15:05.02,-96.616699,302.189178,133.289398,-96.617325,309.064636,133.939438,-96.088913,304.392395,136.456253,,,
706,5.883333,14:47:15:05.03,-96.618172,302.189331,133.289398,-96.617599,309.065247,133.938385,-96.088470,304.394684,136.456436,,,
707,5.891667,14:47:15:06.00,-96.616272,302.188782,133.289062,-96.618645,309.063904,133.938248,-96.083542,304.398651,136.456573,,,
708,5.900000,14:47:15:06.01,-96.616119,302.189148,133.288406,-96.619537,309.064117,133.939865,-96.087265,304.395355,136.456406,,,
709,5.908333,14:47:15:06.02,-96.616066,302.189301,133.288406,-96.618729,309.064423,133.939087,-96.089661,304.394043,136.456940,,,
710,5.916667,14:47:15:06.03,-96.616608,302.189178,133.288986,-96.618538,309.065369,133.939255,-96.090164,304.394562,136.457275,,,
711,5.925000,14:47:15:07.00,-96.617851,302.189240,133.289108,-96.617630,309.064209,133.939011,-96.083054,304.398407,136.456146,,,
712,5.933333,14:47:15:07.01,-96.617767,302.189148,133.288864,-96.616211,309.063568,133.938889,-96.088562,304.396210,136.456772,,,
713,5.941667,14:47:15:07.02,-96.620117,302.189270,133.289093,-96.617928,309.064697,133.939011,-96.084663,304.398376,136.456161,,,
714,5.950000,14:47:15:07.03,-96.619469,302.189087,133.289124,-96.618629,309.064392,133.937622,-96.089600,304.395782,136.456177,,,
715,5.958333,14:47:15:08.00,-96.616684,302.190521,133.288559,-96.620361,309.064789,133.939224,-96.083244,304.397644,136.455734,,,
716,5.966667,14:47:15:08.01,-96.616211,302.190552,133.287949,-96.618423,309.065033,133.938477,-96.088318,304.395477,136.455750,,,
717,5.975000,14:47:15:08.02,-96.617348,302.188934,133.289017,-96.618233,309.065186,133.938934,-96.089798,304.394165,136.457108,,,
718,5.983333,14:47:15:08.03,-96.617836,302.189789,133.287720,-96.618286,309.064270,133.938461,-96.089104,304.394775,136.457901,,,
719,5.991667,14:47:15:09.00,-96.617729,302.188538,133.288376,-96.617767,309.065460,133.938965,-96.090492,304.394958,136.457291,,,
720,6.000000,14:47:15:09.01,-96.614876,302.188812,133.287521,-96.616318,309.064362,133.938873,-96.090149,304.394867,136.456924,,,
721,6.008333,14:47:15:09.02,-96.618401,302.189148,133.288757,-96.616020,309.064423,133.939484,-96.088158,304.395142,136.457626,,,
722,6.016667,14:47:15:09.03,-96.619293,302.189545,133.289780,-96.616760,309.065613,133.940002,-96.089294,304.395050,136.456177,,,
723,6.025000,14:47:15:10.00,-96.617180,302.189606,133.288422,-96.618942,309.065216,133.939499,-96.083122,304.398346,136.455811,,,
724,6.033333,14:47:15:10.01,-96.615631,302.190125,133.287720,-96.618919,309.065155,133.939987,-96.088470,304.396027,136.456253,,,
725,6.041667,14:47:15:10.02,-96.616707,302.189697,133.289154,-96.618980,309.064728,133.938629,-96.087349,304.393707,136.456253,,,
726,6.050000,14:47:15:10.03,-96.615639,302.188416,133.288422,-96.618622,309.064209,133.938980,-96.083427,304.398529,136.456314,,,
727,6.058333,14:47:15:11.00,-96.615845,302.188995,133.288132,-96.616486,309.065155,133.938354,-96.086708,304.394653,136.456284,,,
728,6.066667,14:47:15:11.01,-96.614685,302.189789,133.287781,-96.616920,309.064484,133.938507,-96.083580,304.397888,136.456436,,,
729,6.075000,14:47:15:11.02,-96.618065,302.188446,133.289047,-96.617599,309.063965,133.938705,-96.087219,304.394409,136.455902,,,
730,6.083333,14:47:15:11.03,-96.616623,302.189331,133.288116,-96.617867,309.065216,133.939240,-96.084274,304.398682,136.457626,,,
731,6.091667,14:47:15:12.00,-96.617485,302.189056,133.288528,-96.617683,309.064026,133.939331,-96.088448,304.395081,136.456390,,,
732,6.100000,14:47:15:12.01,-96.615372,302.188049,133.287674,-96.616432,309.064453,133.938538,-96.087975,304.395020,136.456909,,,
733,6.108333,14:47:15:12.02,-96.617683,302.187927,133.288834,-96.617340,309.064758,133.939056,-96.087921,304.395233,136.456696,,,
734,6.116667,14:47:15:12.03,-96.616180,302.188812,133.288269,-96.617729,309.064850,133.938782,-96.088776,304.393921,136.455902,,,
735,6.125000,14:47:15:13.00,-96.614586,302.188904,133.288605,-96.618408,309.065277,133.939316,-96.082703,304.398865,136.455963,,,
736,6.133333,14:47:15:13.01,-96.614609,302.189636,133.287903,-96.617043,309.064911,133.938354,-96.086838,304.395599,136.456039,,,
737,6.141667,14:47:15:13.02,-96.615967,302.191223,133.288727,-96.617859,309.064270,133.938797,-96.083351,304.397736,136.456223,,,
738,6.150000,14:47:15:13.03,-96.615288,302.189575,133.288376,-96.618858,309.063690,133.938599,-96.081917,304.397614,136.455994,,,
739,6.158333,14:47:15:14.00,-96.615112,302.188690,133.288940,-96.617599,309.065125,133.939011,-96.087097,304.394897,136.457214,,,
740,6.166667,14:47:15:14.01,-96.616432,302.189240,133.289078,-96.617554,309.064636,133.938736,-96.089325,304.393280,136.457047,,,
741,6.175000,14:47:15:14.02,-96.617088,302.189392,133.287827,-96.617134,309.064484,133.938461,-96.081261,304.397430,136.457047,,,
742,6.183333,14:47:15:14.03,-96.616570,302.189056,133.287125,-96.617729,309.063995,133.938461,-96.087822,304.395294,136.456604,,,
743,6.191667,14:47:15:15.00,-96.616669,302.188934,133.288376,-96.617867,309.064209,133.938095,-96.089081,304.392822,136.456818,,,
744,6.200000,14:47:15:15.01,-96.611755,302.187744,133.287140,-96.617973,309.064240,133.938217,-96.089912,304.394440,136.456589,,,
745,6.208333,14:47:15:15.02,-96.616295,302.188293,133.286636,-96.619156,309.064972,133.939774,-96.088600,304.394043,136.455841,,,
746,6.216667,14:47:15:15.03,-96.615891,302.189636,133.288376,-96.618042,309.064606,133.938293,-96.089149,304.395721,136.455856,,,
747,6.225000,14:47:15:16.00,-96.617073,302.188812,133.287354,-96.617249,309.065247,133.938339,-96.088287,304.395325,136.456558,,,
748,6.233333,14:47:15:16.01,-96.613663,302.188599,133.288467,-96.615990,309.064972,133.938187,-96.087914,304.394226,136.454758,,,
749,6.241667,14:47:15:16.02,-96.615692,302.188599,133.288696,-96.617920,309.065338,133.938156,-96.082687,304.396973,136.455261,,,
750,6.250000,14:47:15:16.03,-96.614876,302.188568,133.287735,-96.619324,309.064636,133.938721,-96.082352,304.399048,136.454926,,,
751,6.258333,14:47:15:17.00,-96.616760,302.189850,133.288712,-96.618210,309.064545,133.938553,-96.081802,304.398254,136.455673,,,
752,6.266667,14:47:15:17.01,-96.618156,302.188934,133.288376,-96.616730,309.064880,133.937393,-96.086327,304.395508,136.455215,,,
753,6.275000,14:47:15:17.02,-96.617599,302.188690,133.288696,-96.617462,309.064636,133.937759,-96.087387,304.393555,136.455276,,,
754,6.283333,14:47:15:17.03,-96.616913,302.188354,133.288147,-96.617912,309.063782,133.940002,-96.088806,304.394470,136.456604,,,
755,6.291667,14:47:15:18.00,-96.614830,302.189819,133.288010,-96.616745,309.063538,133.937469,-96.090431,304.394257,136.456146,,,
756,6.300000,14:47:15:18.01,-96.617699,302.187775,133.288116,-96.616165,309.064331,133.938583,-96.087822,304.393402,136.457047,,,
757,6.308333,14:47:15:18.02,-96.618637,302.189270,133.288315,-96.615707,309.063263,133.938141,-96.088768,304.393555,136.456879,,,
758,6.316667,14:47:15:18.03,-96.620293,302.189362,133.288284,-96.618095,309.064606,133.937958,-96.088860,304.394012,136.456497,,,
759,6.325000,14:47:15:19.00,-96.616394,302.190155,133.288589,-96.617195,309.063995,133.937515,-96.087738,304.393829,136.456055,,,
760,6.333333,14:47:15:19.01,-96.616425,302.188599,133.288193,-96.617142,309.064209,133.938461,-96.088531,304.394379,136.456345,,,
761,6.341667,14:47:15:19.02,-96.615944,302.188141,133.288040,-96.617897,309.063782,133.939377,-96.081932,304.397217,136.455673,,,
762,6.350000,14:47:15:19.03,-96.615784,302.188110,133.286469,-96.618195,309.064209,133.938095,-96.087959,304.395721,136.456146,,,
763,6.358333,14:47:15:20.00,-96.617996,302.188904,133.288651,-96.618347,309.063995,133.937149,-96.089622,304.393585,136.456223,,,
764,6.366667,14:47:15:20.01,-96.615128,302.188629,133.287567,-96.616829,309.063599,133.938400,-96.087875,304.393524,136.454727,,,
765,6.375000,14:47:15:20.02,-96.615555,302.188538,133.287399,-96.616707,309.064697,133.938766,-96.088402,304.394196,136.456223,,,
766,6.383333,14:47:15:20.03,-96.613861,302.187897,133.286453,-96.618042,309.064087,133.937653,-96.087845,304.393890,136.455887,,,
767,6.391667,14:47:15:21.00,-96.615730,302.187531,133.287292,-96.618950,309.063782,133.938263,-96.088287,304.393585,136.455841,,,
768,6.400000,14:47:15:21.01,-96.616707,302.188232,133.288391,-96.618546,309.063568,133.938660,-96.087708,304.394470,136.456558,,,
769,6.408333,14:47:15:21.02,-96.616989,302.187927,133.287323,-96.617134,309.063934,133.937851,-96.088066,304.394135,136.455917,,,
770,6.416667,14:47:15:21.03,-96.615616,302.189758,133.288162,-96.616936,309.064514,133.938156,-96.088600,304.394257,136.455704,,,
771,6.425000,14:47:15:22.00,-96.616592,302.188599,133.287949,-96.616585,309.063263,133.937576,-96.088516,304.394165,136.456055,,,
772,6.433333,14:47:15:22.01,-96.617577,302.189087,133.287689,-96.616241,309.064117,133.937241,-96.089378,304.394287,136.456100,,,
773,6.441667,14:47:15:22.02,-96.614594,302.188171,133.288162,-96.617783,309.064880,133.939377,-96.087532,304.392822,136.455444,,,
774,6.450000,14:47:15:22.03,-96.615837,302.187561,133.288712,-96.618858,309.064270,133.938950,-96.088768,304.393677,136.455978,,,
775,6.458333,14:47:15:23.00,-96.617912,302.188171,133.287628,-96.617577,309.064301,133.938309,-96.088043,304.393372,136.455658,,,
776,6.466667,14:47:15:23.01,-96.616272,302.188293,133.286774,-96.617493,309.064941,133.938629,-96.088570,304.393829,136.457367,,,
777,6.475000,14:47:15:23.02,-96.615555,302.189026,133.288223,-96.618195,309.064362,133.938049,-96.089287,304.393921,136.455887,,,
778,6.483333,14:47:15:23.03,-96.615181,302.188263,133.288544,-96.617218,309.064087,133.938095,-96.086777,304.393707,136.454361,,,
779,6.491667,14:47:15:24.00,-96.617058,302.188690,133.287674,-96.617043,309.064789,133.938202,-96.082962,304.397217,136.455597,,,
780,6.500000,14:47:15:24.01,-96.616699,302.189117,133.287933,-96.617043,309.063965,133.937439,-96.087563,304.394867,136.456879,,,
781,6.508333,14:47:15:24.02,-96.618271,302.188477,133.288544,-96.617798,309.064240,133.939133,-96.082306,304.397858,136.455994,,,
782,6.516667,14:47:15:24.03,-96.616745,302.188568,133.287704,-96.619507,309.063629,133.938873,-96.087112,304.395721,136.456879,,,
783,6.525000,14:47:15:25.00,-96.617142,302.187836,133.287674,-96.618668,309.064484,133.937531,-96.089050,304.393433,136.454849,,,
784,6.533333,14:47:15:25.01,-96.615990,302.188049,133.286819,-96.617386,309.065338,133.937897,-96.088943,304.393707,136.455704,,,
785,6.541667,14:47:15:25.02,-96.615692,302.189056,133.288589,-96.619225,309.065643,133.939255,-96.088745,304.395233,136.455551,,,
786,6.550000,14:47:15:25.03,-96.617416,302.189026,133.287842,-96.618393,309.064270,133.938324,-96.087906,304.394073,136.455994,,,
787,6.558333,14:47:15:26.00,-96.618584,302.189148,133.288330,-96.617805,309.065735,133.938660,-96.086823,304.393982,136.456650,,,
788,6.566667,14:47:15:26.01,-96.616875,302.189270,133.288437,-96.616341,309.065002,133.938507,-96.082779,304.398376,136.455566,,,
789,6.575000,14:47:15:26.02,-96.615234,302.188263,133.288406,-96.616928,309.065155,133.938339,-96.086258,304.394897,136.455841,,,
790,6.583333,14:47:15:26.03,-96.617035,302.188751,133.289307,-96.618423,309.064636,133.938446,-96.088188,304.394806,136.456451,,,
791,6.591667,14:47:15:27.00,-96.617477,302.189941,133.288147,-96.618919,309.064117,133.939453,-96.090622,304.395386,136.457474,,,
792,6.600000,14:47:15:27.01,-96.619057,302.187927,133.289307,-96.618973,309.064941,133.939117,-96.089851,304.394989,136.456772,,,
793,6.608333,14:47:15:27.02,-96.616753,302.188843,133.289261,-96.617958,309.064545,133.938797,-96.089073,304.395416,136.456360,,,
794,6.616667,14:47:15:27.03,-96.618210,302.189789,133.288513,-96.618233,309.065369,133.939117,-96.089668,304.394470,136.457657,,,
795,6.625000,14:47:15:28.00,-96.616539,302.190063,133.288437,-96.617523,309.065094,133.938965,-96.088562,304.394592,136.456909,,,
796,6.633333,14:47:15:28.01,-96.618210,302.188721,133.289703,-96.618179,309.065857,133.938858,-96.089043,304.394043,136.456116,,,
797,6.641667,14:47:15:28.02,-96.619057,302.189911,133.289200,-96.619568,309.065521,133.939087,-96.089989,304.394379,136.456924,,,
798,6.650000,14:47:15:28.03,-96.617165,302.190308,133.290070,-96.619507,309.064636,133.939941,-96.089050,304.394287,136.456314,,,
799,6.658333,14:47:15:29.00,-96.618935,302.190460,133.288773,-96.619934,309.065491,133.939499,-96.089211,304.396057,136.456711,,,
800,6.666667,14:47:15:29.01,-96.618034,302.190826,133.288635,-96.618225,309.065186,133.939255,-96.089516,304.395172,136.457443,,,
801,6.675000,14:47:15:29.02,-96.619041,302.190338,133.289276,-96.618202,309.064789,133.938828,-96.090355,304.395935,136.456482,,,
802,6.683333,14:47:15:29.03,-96.616943,302.189484,133.288605,-96.618996,309.064880,133.939758,-96.089226,304.394989,136.456284,,,
803,6.691667,14:47:16:00.00,-96.618095,302.189117,133.287781,-96.618309,309.065338,133.939438,-96.087936,304.394897,136.457443,,,
804,6.700000,14:47:16:00.01,-96.616867,302.189850,133.288635,-96.620781,309.065979,133.940002,-96.083244,304.399200,136.455719,,,
805,6.708333,14:47:16:00.02,-96.618011,302.190674,133.288605,-96.619881,309.065674,133.938492,-96.088242,304.396698,136.456375,,,
806,6.716667,14:47:16:00.03,-96.618500,302.190125,133.289154,-96.619331,309.065460,133.939133,-96.084305,304.399841,136.455505,,,
807,6.725000,14:47:16:01.00,-96.617470,302.189514,133.288391,-96.618202,309.065399,133.938354,-96.089516,304.396118,136.457184,,,
808,6.733333,14:47:16:01.01,-96.616241,302.190063,133.288757,-96.618942,309.065308,133.938782,-96.089844,304.394287,136.457092,,,
809,6.741667,14:47:16:01.02,-96.619308,302.189697,133.289444,-96.619568,309.066223,133.938980,-96.090210,304.394196,136.456879,,,
810,6.750000,14:47:16:01.03,-96.618889,302.190491,133.288361,-96.620270,309.065613,133.938919,-96.083717,304.398956,136.456345,,,
811,6.758333,14:47:16:02.00,-96.617569,302.189209,133.288940,-96.620094,309.066284,133.939911,-96.088623,304.396545,136.456467,,,
812,6.766667,14:47:16:02.01,-96.619247,302.191010,133.288544,-96.620354,309.066925,133.941254,-96.089211,304.395905,136.456635,,,
813,6.775000,14:47:16:02.02,-96.618340,302.191467,133.289185,-96.619461,309.065155,133.939331,-96.090569,304.396332,136.457047,,,
814,6.783333,14:47:16:02.03,-96.618362,302.189697,133.289246,-96.620300,309.065735,133.939575,-96.089775,304.394684,136.456741,,,
815,6.791667,14:47:16:03.00,-96.618538,302.190094,133.287811,-96.619759,309.066559,133.940643,-96.090271,304.395264,136.456787,,,
816,6.800000,14:47:16:03.01,-96.619865,302.191528,133.290054,-96.618073,309.065765,133.938782,-96.089760,304.396210,136.457092,,,
817,6.808333,14:47:16:03.02,-96.617210,302.190338,133.288742,-96.618095,309.066010,133.939514,-96.090439,304.396301,136.457031,,,
818,6.816667,14:47:16:03.03,-96.618195,302.190552,133.288818,-96.619377,309.065857,133.938904,-96.088585,304.395569,136.456406,,,
819,6.825000,14:47:16:04.00,-96.617378,302.189789,133.289307,-96.619835,309.065247,133.938522,-96.083382,304.397949,136.455215,,,
820,6.833333,14:47:16:04.01,-96.617546,302.189880,133.289139,-96.619736,309.066162,133.940063,-96.089310,304.396759,136.457184,,,
821,6.841667,14:47:16:04.02,-96.619919,302.190247,133.288605,-96.618141,309.066284,133.939529,-96.090561,304.395264,136.456757,,,
822,6.850000,14:47:16:04.03,-96.617737,302.190735,133.289215,-96.618713,309.066772,133.939270,-96.089897,304.395355,136.455841,,,
823,6.858333,14:47:16:05.00,-96.618103,302.190399,133.288498,-96.618286,309.065186,133.938293,-96.089920,304.395752,136.456421,,,
824,6.866667,14:47:16:05.01,-96.619072,302.190063,133.288513,-96.619308,309.065826,133.939621,-96.090134,304.395935,136.457001,,,
825,6.875000,14:47:16:05.02,-96.617126,302.189331,133.288834,-96.618996,309.064972,133.940704,-96.089249,304.394592,136.456268,,,
826,6.883333,14:47:16:05.03,-96.617844,302.190277,133.287903,-96.618492,309.065521,133.939560,-96.091400,304.396210,136.457397,,,
827,6.891667,14:47:16:06.00,-96.620399,302.190125,133.289658,-96.619705,309.066498,133.940155,-96.090668,304.396454,136.455994,,,
828,6.900000,14:47:16:06.01,-96.618668,302.190796,133.288345,-96.618271,309.065613,133.940475,-96.091057,304.395691,136.456924,,,
829,6.908333,14:47:16:06.02,-96.619598,302.189880,133.288803,-96.619812,309.066620,133.939941,-96.090195,304.395538,136.456757,,,
830,6.916667,14:47:16:06.03,-96.616936,302.190155,133.287415,-96.619118,309.066223,133.938873,-96.089539,304.396332,136.456238,,,
831,6.925000,14:47:16:07.00,-96.619347,302.191010,133.288605,-96.620735,309.066223,133.939545,-96.090050,304.395996,136.457184,,,
832,6.933333,14:47:16:07.01,-96.619347,302.189270,133.289322,-96.619072,309.066284,133.940201,-96.089691,304.395233,136.456863,,,
833,6.941667,14:47:16:07.02,-96.619049,302.190094,133.289368,-96.617500,309.065369,133.939148,-96.083984,304.399475,136.457077,,,
834,6.950000,14:47:16:07.03,-96.617348,302.190247,133.288727,-96.616898,309.065948,133.938370,-96.089111,304.395782,136.456223,,,
835,6.958333,14:47:16:08.00,-96.619522,302.189606,133.289474,-96.618484,309.066620,133.939301,-96.089783,304.395782,136.456863,,,
836,6.966667,14:47:16:08.01,-96.619720,302.189941,133.288818,-96.617882,309.064941,133.938583,-96.089386,304.395081,136.456223,,,
837,6.975000,14:47:16:08.02,-96.621506,302.189667,133.288773,-96.619705,309.064819,133.938873,-96.082520,304.400146,136.454849,,,
838,6.983333,14:47:16:08.03,-96.620056,302.189209,133.289276,-96.618912,309.065613,133.939209,-96.087082,304.395996,136.456253,,,
839,6.991667,14:47:16:09.00,-96.619240,302.190460,133.287842,-96.619263,309.065735,133.939484,-96.090591,304.396057,136.457245,,,
840,7.000000,14:47:16:09.01,-96.619926,302.189789,133.288330,-96.618599,309.065033,133.938431,-96.089760,304.396118,136.455963,,,
841,7.008333,14:47:16:09.02,-96.620125,302.189789,133.289124,-96.620018,309.065186,133.938766,-96.090546,304.395569,136.456345,,,
842,7.016667,14:47:16:09.03,-96.618462,302.190063,133.288437,-96.618065,309.064758,133.937653,-96.091858,304.395691,136.458038,,,
843,7.025000,14:47:16:10.00,-96.616943,302.189026,133.287750,-96.618904,309.065430,133.938309,-96.089622,304.394257,136.456482,,,
844,7.033333,14:47:16:10.01,-96.618904,302.190247,133.288345,-96.618690,309.064850,133.938461,-96.089516,304.395966,136.456985,,,
845,7.041667,14:47:16:10.02,-96.621826,302.190277,133.290070,-96.618408,309.064545,133.938278,-96.089294,304.394928,136.456711,,,
846,7.050000,14:47:16:10.03,-96.608612,302.192657,133.287170,-96.617928,309.066986,133.937958,-96.088097,304.394958,136.455963,,,
847,7.058333,14:47:16:11.00,-96.616753,302.190216,133.288803,-96.618668,309.065857,133.938095,-96.088821,304.395233,136.456146,,,
848,7.066667,14:47:16:11.01,-96.619759,302.189178,133.287506,-96.618736,309.065094,133.940094,-96.089066,304.395508,136.456955,,,
849,7.075000,14:47:16:11.02,-96.620590,302.189392,133.288239,-96.619194,309.065308,133.938904,-96.083588,304.399261,136.456741,,,
850,7.083333,14:47:16:11.03,-96.617737,302.190613,133.288025,-96.619598,309.066040,133.939529,-96.089348,304.396179,136.456650,,,
851,7.091667,14:47:16:12.00,-96.619263,302.190063,133.288544,-96.620415,309.065948,133.938522,-96.089081,304.395935,136.456406,,,
852,7.100000,14:47:16:12.01,-96.618805,302.189819,133.287643,-96.619453,309.065582,133.939285,-96.089630,304.395020,136.456329,,,
853,7.108333,14:47:16:12.02,-96.621132,302.189789,133.288544,-96.618698,309.064697,133.938324,-96.089462,304.395477,136.457016,,,
854,7.116667,14:47:16:12.03,-96.618118,302.189392,133.288254,-96.617981,309.065216,133.938675,-96.090439,304.395081,136.455978,,,
855,7.125000,14:47:16:13.00,-96.618713,302.190002,133.289154,-96.618172,309.065613,133.938843,-96.090508,304.395691,136.456329,,,
856,7.133333,14:47:16:13.01,-96.618347,302.189270,133.288849,-96.617973,309.065247,133.939026,-96.089859,304.395477,136.456436,,,
857,7.141667,14:47:16:13.02,-96.619034,302.190308,133.288651,-96.618744,309.065918,133.938980,-96.082832,304.398254,136.456604,,,
858,7.150000,14:47:16:13.03,-96.620522,302.188721,133.288391,-96.617546,309.065399,133.938675,-96.088646,304.396790,136.456589,,,
859,7.158333,14:47:16:14.00,-96.621376,302.191284,133.289047,-96.617867,309.065643,133.939011,-96.088387,304.394928,136.455612,,,
860,7.166667,14:47:16:14.01,-96.620003,302.189911,133.288788,-96.619568,309.066345,133.939468,-96.089760,304.394165,136.455414,,,
861,7.175000,14:47:16:14.02,-96.617645,302.189697,133.288025,-96.618820,309.065094,133.938553,-96.089722,304.394806,136.456619,,,
862,7.183333,14:47:16:14.03,-96.616829,302.190216,133.288071,-96.616600,309.066132,133.938736,-96.088379,304.396210,136.456604,,,
863,7.191667,14:47:16:15.00,-96.616890,302.189911,133.288589,-96.618629,309.066284,133.940308,-96.088768,304.395996,136.455841,,,
864,7.200000,14:47:16:15.01,-96.618996,302.191071,133.288757,-96.619263,309.066223,133.938339,-96.083954,304.399384,136.456177,,,
865,7.208333,14:47:16:15.02,-96.618179,302.190826,133.287567,-96.619125,309.066803,133.940063,-96.087975,304.396362,136.456161,,,
866,7.216667,14:47:16:15.03,-96.620880,302.190125,133.287567,-96.618858,309.064880,133.938782,-96.089310,304.395203,136.455750,,,
867,7.225000,14:47:16:16.00,-96.619095,302.190399,133.288605,-96.619392,309.065887,133.939178,-96.084251,304.399048,136.456131,,,
868,7.233333,14:47:16:16.01,-96.616119,302.189484,133.288513,-96.617874,309.066101,133.938034,-96.087807,304.396149,136.456329,,,
869,7.241667,14:47:16:16.02,-96.617508,302.190369,133.288605,-96.619102,309.065155,133.939682,-96.082268,304.399719,136.455460,,,
870,7.250000,14:47:16:16.03,-96.617821,302.190948,133.289032,-96.619911,309.065613,133.939270,-96.089905,304.396484,136.455948,,,
871,7.258333,14:47:16:17.00,-96.619797,302.190338,133.288330,-96.617493,309.065643,133.937347,-96.090019,304.395233,136.456726,,,
872,7.266667,14:47:16:17.01,-96.621613,302.190216,133.288879,-96.618393,309.064636,133.937439,-96.083679,304.399017,136.456833,,,
873,7.275000,14:47:16:17.02,-96.617439,302.190887,133.289032,-96.618828,309.064911,133.938477,-96.087700,304.396423,136.456848,,,
874,7.283333,14:47:16:17.03,-96.617683,302.190338,133.288712,-96.618355,309.065430,133.938736,-96.084305,304.398132,136.455856,,,
875,7.291667,14:47:16:18.00,-96.618286,302.189911,133.288788,-96.617416,309.065582,133.938858,-96.089783,304.396332,136.456818,,,
876,7.300000,14:47:16:18.01,-96.620369,302.189850,133.288269,-96.618454,309.065033,133.938217,-96.091255,304.394623,136.456192,,,
877,7.308333,14:47:16:18.02,-96.618065,302.189270,133.287384,-96.616623,309.065460,133.938828,-96.089211,304.394470,136.456436,,,
878,7.316667,14:47:16:18.03,-96.617897,302.189026,133.288559,-96.617416,309.065948,133.940140,-96.084557,304.398407,136.455750,,,
879,7.325000,14:47:16:19.00,-96.617699,302.191010,133.288223,-96.618927,309.065826,133.939148,-96.089348,304.396240,136.455887,,,
880,7.333333,14:47:16:19.01,-96.621414,302.190460,133.288757,-96.619370,309.065430,133.939072,-96.089981,304.395355,136.455811,,,
881,7.341667,14:47:16:19.02,-96.619728,302.189728,133.289932,-96.618546,309.065735,133.939362,-96.090645,304.395355,136.455719,,,
882,7.350000,14:47:16:19.03,-96.618988,302.190033,133.289001,-96.617737,309.064087,133.938095,-96.090759,304.395569,136.457901,,,
883,7.358333,14:47:16:20.00,-96.618591,302.190033,133.287842,-96.618599,309.064880,133.937759,-96.090355,304.394318,136.456848,,,
884,7.366667,14:47:16:20.01,-96.619148,302.190125,133.290405,-96.619186,309.064880,133.940155,-96.090439,304.395721,136.455750,,,
885,7.375000,14:47:16:20.02,-96.619743,302.189484,133.289871,-96.619728,309.066071,133.939606,-96.089195,304.394318,136.455948,,,
886,7.383333,14:47:16:20.03,-96.620705,302.190704,133.288330,-96.619072,309.065308,133.938904,-96.089302,304.395691,136.455933,,,
887,7.391667,14:47:16:21.00,-96.620163,302.190155,133.288452,-96.619354,309.065369,133.938889,-96.089378,304.395294,136.456924,,,
888,7.400000,14:47:16:21.01,-96.618675,302.189392,133.288010,-96.621033,309.066620,133.939941,-96.090485,304.395386,136.456116,,,
889,7.408333,14:47:16:21.02,-96.616508,302.190155,133.288635,-96.618980,309.065918,133.938644,-96.089317,304.394379,136.455948,,,
890,7.416667,14:47:16:21.03,-96.619843,302.191010,133.289688,-96.618393,309.065399,133.939163,-96.088875,304.394257,136.456223,,,
891,7.425000,14:47:16:22.00,-96.620735,302.191284,133.288864,-96.617943,309.065521,133.938934,-96.090111,304.396149,136.456192,,,
892,7.433333,14:47:16:22.01,-96.620522,302.190125,133.288864,-96.618645,309.064972,133.938354,-96.091446,304.397278,136.456711,,,
893,7.441667,14:47:16:22.02,-96.618980,302.190674,133.287338,-96.617386,309.064240,133.937653,-96.091545,304.395538,136.456161,,,
894,7.450000,14:47:16:22.03,-96.620659,302.190979,133.288544,-96.619965,309.065948,133.939362,-96.089661,304.395294,136.456985,,,
895,7.458333,14:47:16:23.00,-96.619690,302.190582,133.288849,-96.618858,309.065399,133.939285,-96.085449,304.398956,136.457703,,,
896,7.466667,14:47:16:23.01,-96.619476,302.190094,133.288300,-96.618568,309.064819,133.938522,-96.083549,304.400055,136.455688,,,
897,7.475000,14:47:16:23.02,-96.619972,302.190216,133.288925,-96.617844,309.065674,133.938553,-96.089302,304.396820,136.455643,,,
898,7.483333,14:47:16:23.03,-96.619072,302.190826,133.289200,-96.618309,309.066101,133.938187,-96.090027,304.395905,136.455505,,,
899,7.491667,14:47:16:24.00,-96.620590,302.190857,133.288757,-96.620384,309.066193,133.938934,-96.090729,304.395538,136.456543,,,
900,7.500000,14:47:16:24.01,-96.620445,302.191101,133.288483,-96.619705,309.064697,133.938019,-96.090111,304.395233,136.455582,,,
901,7.508333,14:47:16:24.02,-96.618713,302.189453,133.288712,-96.619118,309.064880,133.938858,-96.090439,304.395935,136.456421,,,
902,7.516667,14:47:16:24.03,-96.619499,302.190338,133.289383,-96.618881,309.065094,133.939667,-96.089905,304.394470,136.456863,,,
903,7.525000,14:47:16:25.00,-96.621407,302.190033,133.288269,-96.618492,309.065430,133.939499,-96.090279,304.396149,136.457214,,,
904,7.533333,14:47:16:25.01,-96.622337,302.190369,133.288681,-96.618034,309.065369,133.937973,-96.089691,304.395966,136.455338,,,
905,7.541667,14:47:16:25.02,-96.620171,302.190125,133.289383,-96.619179,309.065308,133.938568,-96.089973,304.396912,136.455719,,,
906,7.550000,14:47:16:25.03,-96.617874,302.189972,133.287994,-96.621132,309.065399,133.940552,-96.090744,304.395111,136.455902,,,
907,7.558333,14:47:16:26.00,-96.618950,302.189789,133.288391,-96.619789,309.065735,133.938248,-96.083931,304.398804,136.456055,,,
908,7.566667,14:47:16:26.01,-96.618210,302.189209,133.286850,-96.619652,309.065125,133.938538,-96.091118,304.395752,136.456879,,,
909,7.575000,14:47:16:26.02,-96.618950,302.189972,133.287399,-96.618530,309.065186,133.938568,-96.091492,304.394897,136.456070,,,
910,7.583333,14:47:16:26.03,-96.623207,302.190247,133.288055,-96.619949,309.066162,133.938095,-96.091255,304.394836,136.455719,,,
911,7.591667,14:47:16:27.00,-96.620079,302.190186,133.287979,-96.620087,309.065613,133.938065,-96.084641,304.399933,136.456116,,,
912,7.600000,14:47:16:27.01,-96.620789,302.191315,133.288055,-96.620415,309.066132,133.938278,-96.083954,304.400696,136.455963,,,
913,7.608333,14:47:16:27.02,-96.619514,302.189972,133.287811,-96.619736,309.066376,133.938766,-96.090889,304.396942,136.457108,,,
914,7.616667,14:47:16:27.03,-96.622063,302.189819,133.288925,-96.620605,309.066956,133.939575,-96.093063,304.396240,136.456345,,,
915,7.625000,14:47:16:28.00,-96.622314,302.190643,133.289276,-96.619759,309.065247,133.938843,-96.090942,304.395111,136.455887,,,
916,7.633333,14:47:16:28.01,-96.620163,302.190613,133.287567,-96.619270,309.065399,133.938583,-96.089050,304.395355,136.455841,,,
917,7.641667,14:47:16:28.02,-96.620148,302.190216,133.288483,-96.619698,309.064880,133.938354,-96.092300,304.397339,136.457199,,,
918,7.650000,14:47:16:28.03,-96.618156,302.190704,133.288696,-96.620293,309.065247,133.937759,-96.082863,304.400330,136.455811,,,
919,7.658333,14:47:16:29.00,-96.622154,302.190552,133.288376,-96.619751,309.065399,133.938675,-96.083344,304.400024,136.455872,,,
920,7.666667,14:47:16:29.01,-96.617874,302.190796,133.288696,-96.619637,309.064941,133.939133,-96.090790,304.396729,136.456390,,,
921,7.675000,14:47:16:29.02,-96.619736,302.190918,133.288956,-96.621407,309.065826,133.940445,-96.090698,304.396179,136.456451,,,
922,7.683333,14:47:16:29.03,-96.621437,302.190155,133.289154,-96.619003,309.065247,133.938828,-96.091118,304.396057,136.456589,,,
923,7.691667,14:47:17:00.00,-96.619499,302.190247,133.287674,-96.618996,309.065430,133.939041,-96.089211,304.395386,136.455795,,,
924,7.700000,14:47:17:00.01,-96.619713,302.190033,133.288376,-96.617027,309.065460,133.939453,-96.089050,304.396667,136.456512,,,
925,7.708333,14:47:17:00.02,-96.617615,302.189484,133.288651,-96.618896,309.067596,133.939774,-96.090004,304.396667,136.456848,,,
926,7.716667,14:47:17:00.03,-96.619812,302.190125,133.289017,-96.619530,309.065918,133.939178,-96.090088,304.394897,136.456436,,,
927,7.725000,14:47:17:01.00,-96.620468,302.190277,133.287857,-96.618027,309.064850,133.938263,-96.089806,304.395813,136.456055,,,
928,7.733333,14:47:17:01.01,-96.617958,302.190094,133.288696,-96.618614,309.065674,133.939667,-96.090034,304.396423,136.456955,,,
929,7.741667,14:47:17:01.02,-96.617180,302.191010,133.288315,-96.617767,309.065674,133.938721,-96.089378,304.395691,136.455902,,,
930,7.750000,14:47:17:01.03,-96.620651,302.190338,133.287262,-96.619400,309.064972,133.938599,-96.090179,304.395844,136.455948,,,
931,7.758333,14:47:17:02.00,-96.621094,302.189789,133.289154,-96.618164,309.066010,133.937317,-96.084091,304.400085,136.456345,,,
932,7.766667,14:47:17:02.01,-96.618927,302.190674,133.288818,-96.619209,309.066925,133.937851,-96.087784,304.397308,136.456711,,,
933,7.775000,14:47:17:02.02,-96.618507,302.190826,133.288330,-96.620270,309.065857,133.939331,-96.089569,304.395386,136.457153,,,
934,7.783333,14:47:17:02.03,-96.618912,302.189026,133.288712,-96.619194,309.065826,133.938904,-96.090431,304.396118,136.455948,,,
935,7.791667,14:47:17:03.00,-96.621315,302.190674,133.289413,-96.619141,309.065094,133.939301,-96.084175,304.398773,136.455597,,,
936,7.800000,14:47:17:03.01,-96.619179,302.189728,133.287872,-96.618668,309.065063,133.939667,-96.089264,304.396271,136.456406,,,
937,7.808333,14:47:17:03.02,-96.619431,302.188995,133.286957,-96.619141,309.065521,133.937805,-96.085442,304.398102,136.456284,,,
938,7.816667,14:47:17:03.03,-96.619164,302.189575,133.289047,-96.620430,309.066193,133.938385,-96.089340,304.397095,136.456741,,,
939,7.825000,14:47:17:04.00,-96.618477,302.188782,133.287369,-96.618912,309.065552,133.938354,-96.088737,304.395966,136.456299,,,
940,7.833333,14:47:17:04.01,-96.616119,302.190399,133.287567,-96.618111,309.064392,133.937363,-96.089348,304.395599,136.457458,,,
941,7.841667,14:47:17:04.02,-96.618202,302.189514,133.287277,-96.619682,309.065948,133.939087,-96.089584,304.394684,136.456436,,,
942,7.850000,14:47:17:04.03,-96.617630,302.189484,133.287674,-96.619186,309.065674,133.937790,-96.091530,304.395233,136.456940,,,
943,7.858333,14:47:17:05.00,-96.619888,302.190796,133.287674,-96.619324,309.065063,133.938858,-96.089630,304.395294,136.456909,,,
944,7.866667,14:47:17:05.01,-96.619453,302.189667,133.289795,-96.620644,309.064758,133.938461,-96.089714,304.395599,136.455551,,,
945,7.875000,14:47:17:05.02,-96.619812,302.189087,133.289093,-96.619751,309.064423,133.938385,-96.089493,304.396637,136.457275,,,
946,7.883333,14:47:17:05.03,-96.619530,302.188171,133.288284,-96.616676,309.064819,133.937775,-96.089500,304.396179,136.455994,,,
947,7.891667,14:47:17:06.00,-96.618973,302.190063,133.287842,-96.618454,309.064545,133.938568,-96.091446,304.396729,136.456757,,,
948,7.900000,14:47:17:06.01,-96.618889,302.190460,133.287888,-96.619370,309.065430,133.938370,-96.090408,304.395416,136.455917,,,
949,7.908333,14:47:17:06.02,-96.616676,302.189362,133.287018,-96.619423,309.064056,133.938538,-96.089577,304.394684,136.456985,,,
950,7.916667,14:47:17:06.03,-96.617149,302.189301,133.287125,-96.619148,309.064758,133.938461,-96.090393,304.394867,136.455780,,,
951,7.925000,14:47:17:07.00,-96.616814,302.188995,133.288269,-96.618477,309.065216,133.938583,-96.083626,304.398804,136.456619,,,
952,7.933333,14:47:17:07.01,-96.616127,302.189484,133.287155,-96.618881,309.064667,133.938309,-96.087959,304.395782,136.455627,,,
953,7.941667,14:47:17:07.02,-96.615417,302.188843,133.287628,-96.618263,309.064331,133.938004,-96.090927,304.395477,136.455948,,,
954,7.950000,14:47:17:07.03,-96.617981,302.189148,133.288254,-96.618042,309.066620,133.938232,-96.089539,304.394684,136.456375,,,
955,7.958333,14:47:17:08.00,-96.620361,302.188782,133.288437,-96.617477,309.064819,133.937912,-96.090416,304.394745,136.454956,,,
956,7.966667,14:47:17:08.01,-96.617279,302.188324,133.287781,-96.619942,309.064758,133.939514,-96.090088,304.394897,136.456055,,,
957,7.975000,14:47:17:08.02,-96.618164,302.189301,133.288803,-96.618958,309.065582,133.938309,-96.089890,304.394379,136.456055,,,
958,7.983333,14:47:17:08.03,-96.619553,302.188263,133.288651,-96.618195,309.064880,133.938019,-96.089737,304.395355,136.456055,,,
959,7.991667,14:47:17:09.00,-96.621017,302.189240,133.288254,-96.618690,309.065216,133.938736,-96.090088,304.395142,136.455338,,,
960,8.000000,14:47:17:09.01,-96.617561,302.188660,133.288055,-96.618828,309.064362,133.939224,-96.089134,304.394836,136.455078,,,
961,8.008333,14:47:17:09.02,-96.619621,302.189331,133.288239,-96.618042,309.064850,133.938507,-96.090576,304.394379,136.456299,,,
962,8.016667,14:47:17:09.03,-96.620079,302.189026,133.287735,-96.618233,309.064423,133.938110,-96.089500,304.394745,136.455566,,,
963,8.025000,14:47:17:10.00,-96.615585,302.188934,133.287094,-96.619545,309.064423,133.938614,-96.090408,304.394165,136.455719,,,
964,8.033333,14:47:17:10.01,-96.618561,302.189362,133.288315,-96.620087,309.064941,133.938614,-96.091019,304.396606,136.456024,,,
965,8.041667,14:47:17:10.02,-96.619308,302.189148,133.287979,-96.618591,309.064484,133.938721,-96.089645,304.395172,136.456711,,,
966,8.050000,14:47:17:10.03,-96.618721,302.188965,133.288025,-96.617599,309.063904,133.938614,-96.089485,304.394379,136.456512,,,
967,8.058333,14:47:17:11.00,-96.617661,302.189697,133.288391,-96.620018,309.064880,133.938324,-96.089958,304.394592,136.456604,,,
968,8.066667,14:47:17:11.01,-96.619102,302.189209,133.288162,-96.620407,309.065521,133.939117,-96.089020,304.393646,136.456787,,,
969,8.075000,14:47:17:11.02,-96.619858,302.189178,133.287888,-96.618034,309.064667,133.938522,-96.088272,304.394287,136.456497,,,
970,8.083333,14:47:17:11.03,-96.617813,302.189240,133.288025,-96.619621,309.065247,133.938934,-96.089729,304.394135,136.455399,,,
971,8.091667,14:47:17:12.00,-96.618362,302.189667,133.288055,-96.619186,309.065033,133.938675,-96.090416,304.394562,136.456924,,,
972,8.100000,14:47:17:12.01,-96.618393,302.189697,133.288406,-96.620659,309.065033,133.938141,-96.090141,304.394989,136.456543,,,
973,8.108333,14:47:17:12.02,-96.617828,302.190094,133.287888,-96.620224,309.065430,133.938034,-96.090492,304.395050,136.456299,,,
974,8.116667,14:47:17:12.03,-96.622169,302.188477,133.288589,-96.617981,309.063904,133.937103,-96.088882,304.395355,136.455612,,,
975,8.125000,14:47:17:13.00,-96.618988,302.188934,133.287201,-96.619789,309.065094,133.938736,-96.090118,304.395233,136.455582,,,
976,8.133333,14:47:17:13.01,-96.618149,302.188812,133.288406,-96.618774,309.064270,133.937988,-96.090263,304.394379,136.456024,,,
977,8.141667,14:47:17:13.02,-96.619026,302.189270,133.288589,-96.617851,309.064301,133.937759,-96.089233,304.394592,136.455353,,,
978,8.150000,14:47:17:13.03,-96.618446,302.188812,133.287720,-96.616890,309.065277,133.938965,-96.090477,304.396545,136.455933,,,
979,8.158333,14:47:17:14.00,-96.620483,302.189178,133.288559,-96.618362,309.064484,133.937851,-96.089661,304.394897,136.455704,,,
980,8.166667,14:47:17:14.01,-96.618622,302.190094,133.287537,-96.619598,309.065338,133.939056,-96.090080,304.394470,136.456039,,,
981,8.175000,14:47:17:14.02,-96.618202,302.188171,133.287827,-96.620026,309.065094,133.939224,-96.089447,304.394684,136.456879,,,
982,8.183333,14:47:17:14.03,-96.618538,302.189514,133.289780,-96.620575,309.065765,133.939301,-96.090271,304.395721,136.455917,,,
983,8.191667,14:47:17:15.00,-96.620590,302.189148,133.288498,-96.620499,309.065399,133.938385,-96.088783,304.394135,136.455368,,,
984,8.200000,14:47:17:15.01,-96.618561,302.189362,133.287704,-96.617981,309.064178,133.937897,-96.089951,304.393951,136.456604,,,
985,8.208333,14:47:17:15.02,-96.617630,302.188751,133.288101,-96.617493,309.064331,133.938751,-96.091202,304.395264,136.456284,,,
986,8.216667,14:47:17:15.03,-96.621361,302.189026,133.289169,-96.618591,309.064636,133.939056,-96.091393,304.394653,136.456345,,,
987,8.225000,14:47:17:16.00,-96.620277,302.188995,133.287704,-96.618752,309.065338,133.938782,-96.090683,304.394562,136.455978,,,
988,8.233333,14:47:17:16.01,-96.620377,302.189575,133.289154,-96.619362,309.064972,133.939316,-96.090355,304.395813,136.456024,,,
989,8.241667,14:47:17:16.02,-96.618935,302.188812,133.288879,-96.617500,309.064087,133.938583,-96.089813,304.395721,136.457077,,,
990,8.250000,14:47:17:16.03,-96.620956,302.188812,133.288437,-96.617584,309.064362,133.939056,-96.091339,304.394470,136.455887,,,
991,8.258333,14:47:17:17.00,-96.623398,302.189331,133.288925,-96.618492,309.064117,133.938583,-96.088829,304.393890,136.456116,,,
992,8.266667,14:47:17:17.01,-96.618340,302.188507,133.288330,-96.618362,309.064758,133.938019,-96.089676,304.393494,136.456116,,,
993,8.275000,14:47:17:17.02,-96.617683,302.189484,133.288986,-96.619789,309.063812,133.939804,-96.090057,304.394958,136.456573,,,
994,8.283333,14:47:17:17.03,-96.618767,302.190094,133.288788,-96.620544,309.065613,133.939102,-96.089973,304.394684,136.456436,,,
995,8.291667,14:47:17:18.00,-96.621536,302.190521,133.289505,-96.619064,309.064880,133.939331,-96.089661,304.394806,136.456741,,,
996,8.300000,14:47:17:18.01,-96.619682,302.188446,133.288391,-96.619240,309.065613,133.939377,-96.089058,304.395233,136.456100,,,
997,8.308333,14:47:17:18.02,-96.620850,302.188812,133.288971,-96.617317,309.064545,133.939606,-96.090332,304.395142,136.456497,,,
998,8.316667,14:47:17:18.03,-96.620041,302.189880,133.289093,-96.619308,309.064545,133.938446,-96.090454,304.394623,136.456741,,,
999,8.325000,14:47:17:19.00,-96.618996,302.189941,133.288818,-96.620560,309.065155,133.938522,-96.089355,304.394257,136.456741,,,
1000,8.333333,14:47:17:19.01,-96.620743,302.190247,133.288391,-96.618782,309.064972,133.938797,-96.090736,304.395721,136.456970,,,
1001,8.341667,14:47:17:19.02,-96.620682,302.189667,133.289200,-96.619019,309.064636,133.938980,-96.090309,304.394135,136.456223,,,
1002,8.350000,14:47:17:19.03,-96.620674,302.190399,133.289246,-96.619675,309.065430,133.940170,-96.090714,304.394897,136.457321,,,
1003,8.358333,14:47:17:20.00,-96.619171,302.190002,133.289215,-96.620430,309.065308,133.939499,-96.084709,304.397430,136.455429,,,
1004,8.366667,14:47:17:20.01,-96.621689,302.189911,133.288269,-96.619987,309.065247,133.939423,-96.088432,304.395844,136.456604,,,
1005,8.375000,14:47:17:20.02,-96.621262,302.188812,133.288208,-96.617920,309.064667,133.938675,-96.088799,304.395020,136.455490,,,
1006,8.383333,14:47:17:20.03,-96.619476,302.188812,133.287292,-96.617989,309.065765,133.938873,-96.090378,304.393951,136.455338,,,
1007,8.391667,14:47:17:21.00,-96.619347,302.189117,133.288559,-96.618858,309.065765,133.938736,-96.089638,304.394653,136.456863,,,
1008,8.400000,14:47:17:21.01,-96.616760,302.188080,133.288452,-96.620209,309.065399,133.939545,-96.089813,304.395569,136.457016,,,
1009,8.408333,14:47:17:21.02,-96.618088,302.190308,133.289322,-96.620186,309.065521,133.940094,-96.089233,304.394318,136.456299,,,
1010,8.416667,14:47:17:21.03,-96.617004,302.190002,133.287827,-96.619858,309.064758,133.939026,-96.090645,304.395538,136.456711,,,
1011,8.425000,14:47:17:22.00,-96.619545,302.189697,133.288391,-96.619095,309.064301,133.939178,-96.087860,304.394379,136.456406,,,
1012,8.433333,14:47:17:22.01,-96.616501,302.189911,133.287247,-96.619034,309.064758,133.937912,-96.090248,304.395050,136.456482,,,
1013,8.441667,14:47:17:22.02,-96.618362,302.188568,133.287018,-96.618317,309.065033,133.938553,-96.089821,304.393555,136.456650,,,
1014,8.450000,14:47:17:22.03,-96.617363,302.188416,133.287552,-96.619240,309.064331,133.938522,-96.088867,304.389282,136.458008,,,
1015,8.458333,14:47:17:23.00,-96.617630,302.188843,133.288223,-96.620789,309.064270,133.939240,-96.093132,304.392700,136.460526,,,
1016,8.466667,14:47:17:23.01,-96.618530,302.188690,133.288528,-96.618759,309.064545,133.938263,-96.097374,304.399109,136.461014,,,
1017,8.475000,14:47:17:23.02,-96.618523,302.188690,133.287659,-96.619041,309.066101,133.939026,-96.093117,304.395813,136.458176,,,
1018,8.483333,14:47:17:23.03,-96.618156,302.189850,133.287460,-96.618446,309.064941,133.937805,-96.091896,304.395081,136.457779,,,
1019,8.491667,14:47:17:24.00,-96.618179,302.190308,133.288361,-96.619667,309.065216,133.937637,-96.092560,304.396240,136.458405,,,
1020,8.500000,14:47:17:24.01,-96.618752,302.189484,133.289749,-96.620056,309.065094,133.938843,-96.093765,304.397736,136.458084,,,
1021,8.508333,14:47:17:24.02,-96.619400,302.189606,133.287781,-96.620178,309.065887,133.940094,-96.090195,304.395355,136.456146,,,
1022,8.516667,14:47:17:24.03,-96.620476,302.189392,133.287430,-96.619820,309.065521,133.939667,-96.083954,304.398956,136.456223,,,
1023,8.525000,14:47:17:25.00,-96.617661,302.189453,133.287735,-96.619843,309.065613,133.939117,-96.082512,304.399048,136.455994,,,
1024,8.533333,14:47:17:25.01,-96.619339,302.189575,133.287781,-96.619011,309.065613,133.939240,-96.087379,304.395050,136.456329,,,
1025,8.541667,14:47:17:25.02,-96.615288,302.187408,133.286636,-96.617332,309.064545,133.937698,-96.088722,304.393494,136.455078,,,
1026,8.550000,14:47:17:25.03,-96.611694,302.182281,133.286652,-96.619728,309.065063,133.939102,-96.090164,304.394745,136.456757,,,
1027,8.558333,14:47:17:26.00,-96.616455,302.183105,133.289902,-96.619400,309.064545,133.939041,-96.090858,304.395599,136.456894,,,
1028,8.566667,14:47:17:26.01,-96.626900,302.190063,133.293564,-96.619667,309.064484,133.939590,-96.087555,304.392334,136.454834,,,
1029,8.575000,14:47:17:26.02,-96.630844,302.192902,133.295639,-96.620941,309.065918,133.938675,-96.081253,304.391205,136.455231,,,
1030,8.583333,14:47:17:26.03,-96.634155,302.192291,133.295364,-96.619713,309.065277,133.938492,-96.089783,304.388550,136.458740,,,
1031,8.591667,14:47:17:27.00,-96.629456,302.191559,133.293777,-96.618271,309.064331,133.939255,-96.093491,304.392883,136.461411,,,
1032,8.600000,14:47:17:27.01,-96.626907,302.189667,133.290939,-96.619522,309.064331,133.939041,-96.093445,304.393097,136.460739,,,
1033,8.608333,14:47:17:27.02,-96.622482,302.189148,133.290833,-96.619240,309.064972,133.938019,-96.095848,304.395691,136.462509,,,
1034,8.616667,14:47:17:27.03,-96.622833,302.188446,133.291107,-96.619469,309.065125,133.939682,-96.095810,304.397095,136.461288,,,
1035,8.625000,14:47:17:28.00,-96.622452,302.188812,133.291534,-96.618065,309.063110,133.939804,-96.094360,304.397430,136.460678,,,
1036,8.633333,14:47:17:28.01,-96.623352,302.190826,133.291992,-96.621559,309.064423,133.941162,-96.097969,304.401642,136.461060,,,
1037,8.641667,14:47:17:28.02,-96.626099,302.191345,133.291382,-96.623772,309.064453,133.943207,-96.090584,304.403839,136.459534,,,
1038,8.650000,14:47:17:28.03,-96.625977,302.190399,133.291107,-96.625183,309.067596,133.942688,-96.094093,304.399231,136.459549,,,
1039,8.658333,14:47:17:29.00,-96.625885,302.190552,133.293381,-96.624359,309.067841,133.944397,-96.091606,304.394257,136.458664,,,
1040,8.666667,14:47:17:29.01,-96.624374,302.190247,133.291275,-96.624489,309.068726,133.945343,-96.091713,304.394165,136.460342,,,
1041,8.675000,14:47:17:29.02,-96.623650,302.190613,133.292343,-96.624008,309.067749,133.944885,-96.092186,304.395782,136.460571,,,
1042,8.683333,14:47:17:29.03,-96.622993,302.191223,133.291489,-96.623955,309.067413,133.945175,-96.093224,304.396118,136.459595,,,
1043,8.691667,14:47:18:00.00,-96.622009,302.191315,133.290649,-96.627113,309.067627,133.947327,-96.088249,304.400360,136.459274,,,
1044,8.700000,14:47:18:00.01,-96.622116,302.190491,133.290024,-96.625916,309.068024,133.946411,-96.092987,304.399048,136.459427,,,
1045,8.708333,14:47:18:00.02,-96.621132,302.189880,133.289627,-96.624046,309.066833,133.945755,-96.093307,304.394257,136.458542,,,
1046,8.716667,14:47:18:00.03,-96.621391,302.189484,133.290894,-96.624069,309.067993,133.945709,-96.093376,304.395355,136.458862,,,
1047,8.725000,14:47:18:01.00,-96.624794,302.190887,133.291214,-96.622536,309.066528,133.943558,-96.092545,304.394806,136.458771,,,
1048,8.733333,14:47:18:01.01,-96.623421,302.189117,133.290298,-96.623840,309.066589,133.942764,-96.091248,304.395233,136.458771,,,
1049,8.741667,14:47:18:01.02,-96.621536,302.189697,133.290756,-96.626068,309.068451,133.944061,-96.092354,304.395477,136.459305,,,
1050,8.750000,14:47:18:01.03,-96.620689,302.189697,133.290451,-96.624741,309.069366,133.944214,-96.095863,304.396576,136.459198,,,
1051,8.758333,14:47:18:02.00,-96.616486,302.186432,133.288712,-96.623077,309.067627,133.942001,-96.095352,304.397308,136.460297,,,
1052,8.766667,14:47:18:02.01,-96.614990,302.184235,133.289658,-96.622276,309.065735,133.941788,-96.093323,304.395996,136.459229,,,
1053,8.775000,14:47:18:02.02,-96.619514,302.185730,133.291046,-96.618942,309.064972,133.940720,-96.093819,304.395477,136.458893,,,
1054,8.783333,14:47:18:02.03,-96.623283,302.186035,133.293396,-96.618881,309.064209,133.938004,-96.090927,304.395050,136.457886,,,
1055,8.791667,14:47:18:03.00,-96.633514,302.191528,133.297546,-96.620499,309.064850,133.938599,-96.091621,304.394928,136.458511,,,
1056,8.800000,14:47:18:03.01,-96.639351,302.193268,133.299332,-96.620766,309.067291,133.939453,-96.091415,304.393341,136.455963,,,
1057,8.808333,14:47:18:03.02,-96.634888,302.194702,133.298721,-96.621391,309.066711,133.941025,-96.089165,304.391327,136.456284,,,
1058,8.816667,14:47:18:03.03,-96.631798,302.193237,133.297913,-96.620514,309.066589,133.939743,-96.088531,304.388641,136.455154,,,
1059,8.825000,14:47:18:04.00,-96.631050,302.192749,133.296295,-96.619728,309.065399,133.940414,-96.086967,304.385895,136.456650,,,
1060,8.833333,14:47:18:04.01,-96.629349,302.192535,133.294983,-96.619705,309.065491,133.939682,-96.088814,304.385925,136.458237,,,
1061,8.841667,14:47:18:04.02,-96.627068,302.191223,133.294861,-96.619453,309.065948,133.940079,-96.090843,304.387238,136.460617,,,
1062,8.850000,14:47:18:04.03,-96.626976,302.191406,133.294022,-96.619125,309.065918,133.939819,-96.093971,304.392578,136.462448,,,
1063,8.858333,14:47:18:05.00,-96.627640,302.193207,133.293747,-96.618736,309.065460,133.940430,-96.098663,304.398468,136.466171,,,
1064,8.866667,14:47:18:05.01,-96.625038,302.192444,133.293320,-96.619049,309.066498,133.939987,-96.101341,304.401337,136.467667,,,
1065,8.875000,14:47:18:05.02,-96.625061,302.192932,133.293655,-96.620125,309.067017,133.940201,-96.101257,304.401947,136.466293,,,
1066,8.883333,14:47:18:05.03,-96.623001,302.192474,133.293350,-96.618530,309.066681,133.938934,-96.100815,304.402100,136.466614,,,
1067,8.891667,14:47:18:06.00,-96.622284,302.192322,133.292755,-96.619690,309.065979,133.940048,-96.100533,304.402161,136.465271,,,
1068,8.900000,14:47:18:06.01,-96.619019,302.192413,133.290756,-96.618530,309.063873,133.939499,-96.098618,304.402313,136.463806,,,
1069,8.908333,14:47:18:06.02,-96.618195,302.194244,133.291611,-96.619019,309.062836,133.939606,-96.097160,304.402527,136.462997,,,
1070,8.916667,14:47:18:06.03,-96.616982,302.193268,133.290878,-96.618408,309.063110,133.941406,-96.098244,304.401947,136.461975,,,
1071,8.925000,14:47:18:07.00,-96.620186,302.192841,133.290131,-96.620926,309.064056,133.940598,-96.096039,304.400055,136.461288,,,
1072,8.933333,14:47:18:07.01,-96.618462,302.192444,133.289017,-96.622620,309.062378,133.942276,-96.096046,304.399536,136.460312,,,
1073,8.941667,14:47:18:07.02,-96.617218,302.191650,133.289368,-96.625565,309.063873,133.943985,-96.095703,304.399048,136.458893,,,
1074,8.950000,14:47:18:07.03,-96.619316,302.192413,133.288956,-96.628014,309.065460,133.946213,-96.094559,304.398621,136.457413,,,
1075,8.958333,14:47:18:08.00,-96.615646,302.193176,133.288971,-96.629318,309.067841,133.947296,-96.094086,304.399567,136.459610,,,
1076,8.966667,14:47:18:08.01,-96.615868,302.194183,133.287598,-96.629936,309.069672,133.947250,-96.095047,304.398407,136.458221,,,
1077,8.975000,14:47:18:08.02,-96.614433,302.194366,133.286896,-96.633186,309.070892,133.949326,-96.093163,304.399323,136.456757,,,
1078,8.983333,14:47:18:08.03,-96.614410,302.193817,133.287247,-96.632996,309.071747,133.950577,-96.093872,304.399231,136.457794,,,
1079,8.991667,14:47:18:09.00,-96.613342,302.192627,133.286804,-96.632614,309.071930,133.949493,-96.093979,304.399078,136.457413,,,
1080,9.000000,14:47:18:09.01,-96.614548,302.185333,133.281891,-96.633049,309.071289,133.948212,-96.094307,304.398529,136.457184,,,
1081,9.008333,14:47:18:09.02,-96.621170,302.199371,133.276764,-96.631371,309.069336,133.946548,-96.093880,304.390198,136.452972,,,
1082,9.016667,14:47:18:09.03,-96.611496,302.180420,133.282120,-96.631310,309.070526,133.944870,-96.092590,304.392090,136.453156,,,
1083,9.025000,14:47:18:10.00,-96.614815,302.175537,133.281235,-96.631294,309.070923,133.946182,-96.090996,304.411377,136.456924,,,
1084,9.033333,14:47:18:10.01,-96.618042,302.175629,133.282135,-96.630516,309.069550,133.944748,-96.084496,304.391113,136.460236,,,
1085,9.041667,14:47:18:10.02,-96.616753,302.175079,133.283264,-96.639481,309.076691,133.941437,-96.086548,304.384064,136.458771,,,
1086,9.050000,14:47:18:10.03,-96.619659,302.174744,133.281876,-96.630928,309.069611,133.941757,-96.086388,304.383545,136.458557,,,
1087,9.058333,14:47:18:11.00,-96.617828,302.175293,133.280212,-96.628067,309.068909,133.941406,-96.085800,304.382629,136.459229,,,
1088,9.066667,14:47:18:11.01,-96.619453,302.176453,133.279373,-96.628746,309.067444,133.941254,-96.086624,304.383484,136.459320,,,
1089,9.075000,14:47:18:11.02,-96.619537,302.174652,133.282043,-96.633614,309.065948,133.938232,-96.086159,304.382263,136.457642,,,
1090,9.083333,14:47:18:11.03,-96.617836,302.176086,133.280289,-96.627388,309.092621,133.945389,-96.085754,304.384674,136.458344,,,
1091,9.091667,14:47:18:12.00,-96.618607,302.176697,133.280563,-96.615753,309.124939,133.971313,-96.087547,304.385101,136.459106,,,
1092,9.100000,14:47:18:12.01,-96.616165,302.177063,133.280731,-96.607933,309.103760,133.970367,-96.085663,304.384216,136.459061,,,
1093,9.108333,14:47:18:12.02,-96.615585,302.176331,133.281845,-96.609024,309.092041,133.962265,-96.085716,304.384674,136.459274,,,
1094,9.116667,14:47:18:12.03,-96.616531,302.176605,133.281708,-96.609619,309.088806,133.961594,-96.085442,304.385529,136.459015,,,
1095,9.125000,14:47:18:13.00,-96.617416,302.175995,133.280533,-96.602051,309.095551,133.979004,-96.086502,304.384491,136.459961,,,
1096,9.133333,14:47:18:13.01,-96.614647,302.176514,133.281845,-96.610481,309.132538,133.975754,-96.085602,304.382935,136.459503,,,
1097,9.141667,14:47:18:13.02,-96.618095,302.178375,133.282043,-96.615585,309.147919,133.987518,-96.085983,304.384460,136.458618,,,
1098,9.150000,14:47:18:13.03,-96.616318,302.176392,133.282135,-96.610603,309.105530,133.970566,-96.084427,304.383270,136.459213,,,
1099,9.158333,14:47:18:14.00,-96.616661,302.178528,133.281876,-96.609970,309.088837,133.959000,-96.085327,304.384827,136.459000,,,
1100,9.166667,14:47:18:14.01,-96.615067,302.174988,133.280869,-96.609688,309.088074,133.957993,-96.085793,304.385651,136.460464,,,
1101,9.175000,14:47:18:14.02,-96.618065,302.176392,133.281082,-96.610275,309.090027,133.960098,-96.086273,304.384766,136.460678,,,
1102,9.183333,14:47:18:14.03,-96.616867,302.175812,133.281967,-96.608994,309.088654,133.959808,-96.074936,304.397034,136.481461,,,
1103,9.191667,14:47:18:15.00,-96.617058,302.174652,133.283020,-96.606888,309.087677,133.958130,-96.082367,304.397766,136.467499,,,
1104,9.200000,14:47:18:15.01,-96.622726,302.172821,133.283920,-96.606972,309.086761,133.959320,-96.092133,304.392395,136.452911,,,
1105,9.208333,14:47:18:15.02,-96.624489,302.171234,133.281738,-96.601509,309.093567,133.976593,-96.090027,304.393951,136.455475,,,
1106,9.216667,14:47:18:15.03,-96.621490,302.172760,133.281372,-96.601364,309.077423,133.967453,-96.090683,304.395325,136.455353,,,
1107,9.225000,14:47:18:16.00,-96.622734,302.173187,133.283783,-96.617142,309.064331,133.936554,-96.090256,304.395569,136.455933,,,
1108,9.233333,14:47:18:16.01,-96.625427,302.172028,133.282684,-96.623520,309.063416,133.935318,-96.090317,304.395721,136.455627,,,
1109,9.241667,14:47:18:16.02,-96.596817,302.178070,133.309753,-96.622826,309.065277,133.937195,-96.090355,304.394470,136.454666,,,
1110,9.250000,14:47:18:16.03,-96.609512,302.191071,133.286072,-96.620766,309.065796,133.938660,-96.090958,304.395325,136.455688,,,
1111,9.258333,14:47:18:17.00,-96.612854,302.188751,133.286041,-96.621147,309.066101,133.938293,-96.090660,304.395142,136.455246,,,
1112,9.266667,14:47:18:17.01,-96.617149,302.189819,133.286972,-96.621628,309.065521,133.938522,-96.090080,304.395691,136.455322,,,
1113,9.275000,14:47:18:17.02,-96.617020,302.190491,133.286865,-96.619743,309.066071,133.937531,-96.091850,304.395355,136.454803,,,
1114,9.283333,14:47:18:17.03,-96.618309,302.191223,133.287399,-96.620979,309.066254,133.939331,-96.090172,304.396027,136.455460,,,
1115,9.291667,14:47:18:18.00,-96.614792,302.190826,133.286423,-96.620651,309.066315,133.939011,-96.089165,304.396362,136.454926,,,
1116,9.300000,14:47:18:18.01,-96.617752,302.190674,133.287308,-96.620934,309.065796,133.939529,-96.090019,304.395721,136.455124,,,
1117,9.308333,14:47:18:18.02,-96.617035,302.189911,133.288040,-96.620140,309.065735,133.938980,-96.090355,304.395721,136.455566,,,
1118,9.316667,14:47:18:18.03,-96.617058,302.190125,133.286865,-96.619972,309.065857,133.938080,-96.091087,304.395874,136.454651,,,
1119,9.325000,14:47:18:19.00,-96.616402,302.190033,133.287811,-96.619453,309.064209,133.937714,-96.090950,304.394806,136.454773,,,
1120,9.333333,14:47:18:19.01,-96.619492,302.189941,133.289444,-96.621231,309.064758,133.939102,-96.090706,304.395355,136.455902,,,
1121,9.341667,14:47:18:19.02,-96.620300,302.190857,133.288010,-96.620567,309.067200,133.939651,-96.090942,304.394684,136.455566,,,
1122,9.350000,14:47:18:19.03,-96.617874,302.189697,133.287521,-96.620178,309.065552,133.938797,-96.090919,304.394379,136.454956,,,
1123,9.358333,14:47:18:20.00,-96.617638,302.190125,133.288345,-96.620018,309.066071,133.938141,-96.089912,304.395966,136.454849,,,
1124,9.366667,14:47:18:20.01,-96.616478,302.190430,133.287766,-96.619614,309.065186,133.939285,-96.090225,304.394470,136.454941,,,
1125,9.375000,14:47:18:20.02,-96.617294,302.190338,133.287170,-96.619911,309.064880,133.939651,-96.089684,304.394257,136.455750,,,
1126,9.383333,14:47:18:20.03,-96.618126,302.189758,133.287827,-96.619156,309.065521,133.939331,-96.083496,304.398407,136.454666,,,
1127,9.391667,14:47:18:21.00,-96.618584,302.190735,133.288208,-96.619835,309.065521,133.938477,-96.088478,304.396057,136.456467,,,
1128,9.400000,14:47:18:21.01,-96.621216,302.189484,133.288116,-96.621956,309.065186,133.939514,-96.091331,304.395996,136.456497,,,
1129,9.408333,14:47:18:21.02,-96.617897,302.189850,133.287598,-96.620392,309.065857,133.940063,-96.091377,304.395691,136.455612,,,
1130,9.416667,14:47:18:21.03,-96.618797,302.189178,133.287338,-96.620522,309.065125,133.938293,-96.091072,304.395752,136.455154,,,
1131,9.425000,14:47:18:22.00,-96.615181,302.189575,133.288177,-96.620079,309.066498,133.938034,-96.090622,304.395355,136.455811,,,
1132,9.433333,14:47:18:22.01,-96.616928,302.188812,133.286896,-96.619644,309.065399,133.938843,-96.091232,304.395691,136.455154,,,
1133,9.441667,14:47:18:22.02,-96.618164,302.189575,133.287567,-96.619736,309.064972,133.938690,-96.090179,304.395691,136.455429,,,
1134,9.450000,14:47:18:22.03,-96.618828,302.189789,133.286942,-96.619843,309.066071,133.940109,-96.090897,304.396057,136.456192,,,
1135,9.458333,14:47:18:23.00,-96.618980,302.189636,133.287247,-96.620285,309.064941,133.939331,-96.090424,304.395355,136.455292,,,
1136,9.466667,14:47:18:23.01,-96.618912,302.189606,133.287323,-96.620102,309.063934,133.938400,-96.090355,304.394928,136.455750,,,
1137,9.475000,14:47:18:23.02,-96.619576,302.189850,133.288269,-96.620010,309.065094,133.939606,-96.090355,304.396240,136.455856,,,
1138,9.483333,14:47:18:23.03,-96.621063,302.189453,133.287781,-96.619339,309.064850,133.938278,-96.089890,304.395233,136.455750,,,
1139,9.491667,14:47:18:24.00,-96.621445,302.188782,133.287659,-96.619644,309.065430,133.938507,-96.089989,304.394348,136.454605,,,
1140,9.500000,14:47:18:24.01,-96.618637,302.188873,133.286957,-96.619453,309.063995,133.938522,-96.090347,304.394653,136.455841,,,
1141,9.508333,14:47:18:24.02,-96.621361,302.190094,133.287628,-96.620712,309.066345,133.938950,-96.089882,304.394257,136.455460,,,
1142,9.516667,14:47:18:24.03,-96.619118,302.190094,133.286087,-96.619705,309.065796,133.938995,-96.091721,304.396149,136.455673,,,
1143,9.525000,14:47:18:25.00,-96.617203,302.189026,133.287125,-96.620621,309.065521,133.938461,-96.091293,304.395844,136.456146,,,
1144,9.533333,14:47:18:25.01,-96.618080,302.189240,133.287598,-96.619324,309.064697,133.938171,-96.090340,304.394592,136.455444,,,
1145,9.541667,14:47:18:25.02,-96.620071,302.189575,133.287659,-96.620270,309.064819,133.936920,-96.091873,304.394684,136.455032,,,
1146,9.550000,14:47:18:25.03,-96.621078,302.189911,133.288040,-96.620056,309.065521,133.938019,-96.089966,304.395386,136.456345,,,
1147,9.558333,14:47:18:26.00,-96.619705,302.189331,133.287415,-96.619553,309.065308,133.937958,-96.090996,304.395386,136.456039,,,
1148,9.566667,14:47:18:26.01,-96.617760,302.190216,133.287491,-96.619011,309.065887,133.938797,-96.092377,304.394470,136.456711,,,
1149,9.575000,14:47:18:26.02,-96.618919,302.189667,133.288620,-96.619919,309.065979,133.938904,-96.090439,304.395142,136.454636,,,
1150,9.583333,14:47:18:26.03,-96.622391,302.189453,133.288666,-96.619339,309.064178,133.937500,-96.089722,304.395264,136.455154,,,
1151,9.591667,14:47:18:27.00,-96.622017,302.190155,133.288651,-96.620689,309.065155,133.937973,-96.091980,304.396027,136.456055,,,
1152,9.600000,14:47:18:27.01,-96.619682,302.188873,133.286926,-96.620720,309.066742,133.938354,-96.091614,304.395538,136.455276,,,
1153,9.608333,14:47:18:27.02,-96.619156,302.189056,133.287155,-96.618309,309.064789,133.938019,-96.090561,304.395782,136.456085,,,
1154,9.616667,14:47:18:27.03,-96.620628,302.190704,133.289764,-96.618370,309.066620,133.937927,-96.090118,304.396576,136.456268,,,
1155,9.625000,14:47:18:28.00,-96.621742,302.192078,133.288666,-96.619339,309.068176,133.938751,-96.089607,304.396759,136.455658,,,
1156,9.633333,14:47:18:28.01,-96.617996,302.192352,133.288345,-96.619759,309.068451,133.938187,-96.089859,304.398621,136.455231,,,
1157,9.641667,14:47:18:28.02,-96.619820,302.194336,133.288605,-96.618309,309.069580,133.937256,-96.084610,304.403137,136.454849,,,
1158,9.650000,14:47:18:28.03,-96.619843,302.193390,133.289001,-96.618996,309.069397,133.938950,-96.087799,304.401123,136.456390,,,
1159,9.658333,14:47:18:29.00,-96.617577,302.194153,133.289322,-96.618065,309.069672,133.937393,-96.083725,304.403564,136.456757,,,
1160,9.666667,14:47:18:29.01,-96.617714,302.192932,133.286880,-96.617485,309.068573,133.938141,-96.088913,304.401581,136.455994,,,
1161,9.675000,14:47:18:29.02,-96.619865,302.193573,133.288986,-96.618042,309.069061,133.938263,-96.083435,304.403076,136.454178,,,
1162,9.683333,14:47:18:29.03,-96.617813,302.193817,133.287521,-96.620857,309.069824,133.938782,-96.090050,304.400024,136.455887,,,
1163,9.691667,14:47:19:00.00,-96.621536,302.193909,133.288544,-96.620476,309.069183,133.938019,-96.085762,304.402771,136.455200,,,
1164,9.700000,14:47:19:00.01,-96.621033,302.194092,133.287720,-96.623215,309.070160,133.939346,-96.086777,304.404755,136.455231,,,
1165,9.708333,14:47:19:00.02,-96.621597,302.193176,133.288605,-96.620911,309.069092,133.938339,-96.091339,304.400421,136.457428,,,
1166,9.716667,14:47:19:00.03,-96.622620,302.192932,133.288391,-96.620956,309.067932,133.936661,-96.092873,304.397858,136.456512,,,
1167,9.725000,14:47:19:01.00,-96.617958,302.191559,133.288406,-96.620148,309.066833,133.938309,-96.093002,304.397858,136.456375,,,
1168,9.733333,14:47:19:01.01,-96.620316,302.190918,133.287735,-96.620682,309.066711,133.940720,-96.092751,304.396973,136.455688,,,
1169,9.741667,14:47:19:01.02,-96.623421,302.191711,133.288437,-96.621147,309.064301,133.938675,-96.094040,304.395630,136.454956,,,
1170,9.750000,14:47:19:01.03,-96.622154,302.189484,133.288422,-96.622581,309.065582,133.938889,-96.093163,304.394257,136.455780,,,
1171,9.758333,14:47:19:02.00,-96.621544,302.188080,133.288162,-96.622353,309.063843,133.938690,-96.092033,304.392975,136.455353,,,
1172,9.766667,14:47:19:02.01,-96.622620,302.186890,133.287842,-96.621674,309.062866,133.938538,-96.092758,304.393250,136.454636,,,
1173,9.775000,14:47:19:02.02,-96.620331,302.186981,133.287277,-96.620132,309.063538,133.938431,-96.090874,304.393494,136.455521,,,
1174,9.783333,14:47:19:02.03,-96.616173,302.188049,133.286423,-96.618011,309.064423,133.938232,-96.089195,304.393768,136.455215,,,
1175,9.791667,14:47:19:03.00,-96.618729,302.189209,133.286682,-96.617447,309.063538,133.938553,-96.087395,304.393402,136.454712,,,
1176,9.800000,14:47:19:03.01,-96.616058,302.187897,133.286362,-96.617508,309.063812,133.938522,-96.088570,304.393860,136.455383,,,
1177,9.808333,14:47:19:03.02,-96.616020,302.188171,133.287903,-96.618500,309.063965,133.937073,-96.088142,304.393921,136.455017,,,
1178,9.816667,14:47:19:03.03,-96.619919,302.188232,133.288681,-96.620636,309.064606,133.938873,-96.089302,304.394928,136.455017,,,
1179,9.825000,14:47:19:04.00,-96.620262,302.188751,133.288452,-96.620132,309.064636,133.938660,-96.091370,304.393646,136.455856,,,
1180,9.833333,14:47:19:04.01,-96.621338,302.188599,133.288269,-96.620712,309.065521,133.939102,-96.090393,304.393799,136.455368,,,
1181,9.841667,14:47:19:04.02,-96.621529,302.190491,133.287842,-96.620888,309.064972,133.938049,-96.091751,304.394104,136.454620,,,
1182,9.850000,14:47:19:04.03,-96.620117,302.190491,133.288818,-96.619980,309.065460,133.938293,-96.089912,304.394775,136.454956,,,
1183,9.858333,14:47:19:05.00,-96.620300,302.191498,133.288391,-96.621986,309.066467,133.937820,-96.084824,304.400085,136.455307,,,
1184,9.866667,14:47:19:05.01,-96.621857,302.191345,133.288223,-96.620300,309.066345,133.937561,-96.092430,304.398193,136.455521,,,
1185,9.875000,14:47:19:05.02,-96.620819,302.192017,133.287613,-96.622688,309.067627,133.937790,-96.092186,304.395721,136.455795,,,
1186,9.883333,14:47:19:05.03,-96.622337,302.193481,133.288132,-96.621880,309.067963,133.936935,-96.093590,304.398163,136.456604,,,
1187,9.891667,14:47:19:06.00,-96.621147,302.192810,133.288818,-96.621590,309.068054,133.938324,-96.092537,304.398621,136.456436,,,
1188,9.900000,14:47:19:06.01,-96.620895,302.192139,133.288391,-96.621895,309.067932,133.938461,-96.091827,304.397614,136.455292,,,
1189,9.908333,14:47:19:06.02,-96.621468,302.190186,133.288879,-96.619965,309.067902,133.938339,-96.092491,304.397156,136.456329,,,
1190,9.916667,14:47:19:06.03,-96.620529,302.190399,133.287155,-96.621208,309.065643,133.938919,-96.090874,304.395447,136.455246,,,
1191,9.925000,14:47:19:07.00,-96.621422,302.190186,133.288788,-96.620827,309.065247,133.937302,-96.085304,304.399933,136.455719,,,
1192,9.933333,14:47:19:07.01,-96.618179,302.188751,133.286942,-96.618744,309.063629,133.938049,-96.090279,304.395447,136.456650,,,
1193,9.941667,14:47:19:07.02,-96.617157,302.188385,133.287476,-96.617828,309.064789,133.937271,-96.089218,304.394409,136.455734,,,
1194,9.950000,14:47:19:07.03,-96.616966,302.189575,133.287582,-96.618713,309.064484,133.938980,-96.089027,304.394073,136.455902,,,
1195,9.958333,14:47:19:08.00,-96.617279,302.189362,133.287277,-96.617142,309.064911,133.938049,-96.088448,304.395416,136.455505,,,
1196,9.966667,14:47:19:08.01,-96.615891,302.189026,133.287018,-96.617813,309.064362,133.938354,-96.087395,304.394562,136.455429,,,
1197,9.975000,14:47:19:08.02,-96.617165,302.188232,133.288177,-96.616470,309.064972,133.938843,-96.083061,304.398865,136.454407,,,
1198,9.983333,14:47:19:08.03,-96.614906,302.189514,133.286697,-96.617737,309.065521,133.939224,-96.081230,304.399078,136.454865,,,
1199,9.991667,14:47:19:09.00,-96.617699,302.187988,133.287231,-96.615959,309.065308,133.938187,-96.087112,304.395142,136.455597,,,
1200,10.000000,14:47:19:09.01,-96.617462,302.188263,133.286926,-96.619339,309.064789,133.939438,-96.089905,304.393707,136.456482,,,
1201,10.008333,14:47:19:09.02,-96.621025,302.188904,133.287186,-96.620621,309.065186,133.939026,-96.084869,304.397644,136.455673,,,
1202,10.016667,14:47:19:09.03,-96.621002,302.190704,133.288071,-96.621254,309.065247,133.938171,-96.091576,304.396973,136.456635,,,
1203,10.025000,14:47:19:10.00,-96.620605,302.190887,133.288467,-96.622803,309.067047,133.939224,-96.092537,304.397858,136.456039,,,
1204,10.033333,14:47:19:10.01,-96.623932,302.192383,133.288391,-96.621475,309.068207,133.938522,-96.093697,304.398376,136.457092,,,
1205,10.041667,14:47:19:10.02,-96.624382,302.192627,133.288055,-96.621719,309.068665,133.939056,-96.086189,304.401794,136.455139,,,
1206,10.050000,14:47:19:10.03,-96.621605,302.192963,133.288116,-96.620277,309.070587,133.939026,-96.086250,304.405151,136.455582,,,
1207,10.058333,14:47:19:11.00,-96.621628,302.194275,133.288391,-96.619637,309.071228,133.938370,-96.084274,304.405396,136.455185,,,
1208,10.066667,14:47:19:11.01,-96.621475,302.196014,133.287781,-96.618889,309.071106,133.937424,-96.084618,304.405487,136.456207,,,
1209,10.075000,14:47:19:11.02,-96.617676,302.194366,133.288803,-96.618301,309.069611,133.938263,-96.083977,304.405853,136.457352,,,
1210,10.083333,14:47:19:11.03,-96.617905,302.195099,133.289078,-96.617905,309.071045,133.939758,-96.081635,304.404175,136.454910,,,
1211,10.091667,14:47:19:12.00,-96.619736,302.193878,133.289200,-96.616394,309.070862,133.938461,-96.081154,304.404175,136.455063,,,
1212,10.100000,14:47:19:12.01,-96.619537,302.192657,133.288605,-96.617279,309.069153,133.939255,-96.085510,304.399689,136.456375,,,
1213,10.108333,14:47:19:12.02,-96.617317,302.191986,133.288574,-96.616501,309.068420,133.937469,-96.080933,304.401520,136.454666,,,
1214,10.116667,14:47:19:12.03,-96.616356,302.192444,133.288055,-96.616692,309.067535,133.937485,-96.079811,304.401337,136.455109,,,
1215,10.125000,14:47:19:13.00,-96.618217,302.191711,133.287781,-96.616692,309.066833,133.938004,-96.080315,304.401886,136.456268,,,
1216,10.133333,14:47:19:13.01,-96.616768,302.190826,133.288132,-96.616768,309.067841,133.938324,-96.081200,304.402435,136.455353,,,
1217,10.141667,14:47:19:13.02,-96.616608,302.190918,133.288101,-96.617493,309.068115,133.939194,-96.080811,304.400848,136.455185,,,
1218,10.150000,14:47:19:13.03,-96.618423,302.191040,133.289185,-96.616608,309.066620,133.938675,-96.087708,304.395569,136.454834,,,
1219,10.158333,14:47:19:14.00,-96.619576,302.189240,133.287277,-96.618782,309.065186,133.939499,-96.089241,304.392975,136.455292,,,
1220,10.166667,14:47:19:14.01,-96.622383,302.188110,133.288528,-96.620293,309.064850,133.939468,-96.091927,304.393524,136.456299,,,
1221,10.175000,14:47:19:14.02,-96.622971,302.187531,133.288635,-96.620529,309.063782,133.937958,-96.092674,304.392303,136.455017,,,
1222,10.183333,14:47:19:14.03,-96.621170,302.188812,133.287628,-96.622261,309.063812,133.938797,-96.087494,304.397736,136.455322,,,
1223,10.191667,14:47:19:15.00,-96.619392,302.189484,133.287033,-96.621834,309.064636,133.938904,-96.093300,304.395416,136.455597,,,
1224,10.200000,14:47:19:15.01,-96.620018,302.191193,133.287781,-96.619804,309.065186,133.938675,-96.092972,304.395721,136.456863,,,
1225,10.208333,14:47:19:15.02,-96.621956,302.191956,133.287689,-96.619553,309.068237,133.939026,-96.090874,304.396759,136.455795,,,
1226,10.216667,14:47:19:15.03,-96.623085,302.192688,133.288651,-96.618584,309.068359,133.938248,-96.091072,304.399017,136.457336,,,
1227,10.225000,14:47:19:16.00,-96.623901,302.193359,133.289658,-96.619392,309.069763,133.938507,-96.085777,304.403412,136.456268,,,
1228,10.233333,14:47:19:16.01,-96.619637,302.194458,133.288223,-96.618172,309.069000,133.937714,-96.088005,304.400940,136.456894,,,
1229,10.241667,14:47:19:16.02,-96.617851,302.193512,133.289261,-96.617783,309.069519,133.938797,-96.088661,304.399994,136.456482,,,
1230,10.250000,14:47:19:16.03,-96.617851,302.193573,133.287003,-96.616386,309.069763,133.938293,-96.088036,304.400208,136.456085,,,
1231,10.258333,14:47:19:17.00,-96.618683,302.193420,133.289978,-96.617538,309.071106,133.937943,-96.082436,304.404266,136.455246,,,
1232,10.266667,14:47:19:17.01,-96.618965,302.194275,133.288818,-96.617859,309.070648,133.938965,-96.081268,304.404755,136.455841,,,
1233,10.275000,14:47:19:17.02,-96.619553,302.194061,133.288651,-96.616966,309.069977,133.938660,-96.082840,304.404968,136.456268,,,
1234,10.283333,14:47:19:17.03,-96.616226,302.194366,133.288223,-96.617424,309.070404,133.939209,-96.080887,304.404907,136.455078,,,
1235,10.291667,14:47:19:18.00,-96.618561,302.194458,133.288605,-96.616776,309.069733,133.938431,-96.080956,304.404236,136.456100,,,
1236,10.300000,14:47:19:18.01,-96.608063,302.196564,133.287628,-96.619141,309.070862,133.939590,-96.083488,304.404938,136.454849,,,
1237,10.308333,14:47:19:18.02,-96.616287,302.194366,133.288818,-96.618912,309.070770,133.939178,-96.082321,304.403625,136.455963,,,
1238,10.316667,14:47:19:18.03,-96.618965,302.192902,133.289688,-96.618935,309.068573,133.938858,-96.088364,304.400024,136.454483,,,
1239,10.325000,14:47:19:19.00,-96.618324,302.191620,133.287079,-96.617798,309.068542,133.938644,-96.088531,304.397858,136.456268,,,
1240,10.333333,14:47:19:19.01,-96.617752,302.191376,133.287903,-96.618446,309.067780,133.938232,-96.090355,304.397888,136.456406,,,
1241,10.341667,14:47:19:19.02,-96.620804,302.190155,133.288086,-96.618843,309.065308,133.938354,-96.089500,304.395996,136.456009,,,
1242,10.350000,14:47:19:19.03,-96.619186,302.189789,133.287674,-96.619316,309.066284,133.939056,-96.090569,304.394684,136.454971,,,
1243,10.358333,14:47:19:20.00,-96.620323,302.188843,133.288101,-96.619400,309.065399,133.938461,-96.090637,304.394409,136.456223,,,
1244,10.366667,14:47:19:20.01,-96.621391,302.188263,133.287384,-96.618317,309.066162,133.938416,-96.090363,304.394012,136.456070,,,
1245,10.375000,14:47:19:20.02,-96.622566,302.190155,133.288116,-96.619034,309.066071,133.938629,-96.090111,304.395599,136.455551,,,
1246,10.383333,14:47:19:20.03,-96.619102,302.190521,133.287903,-96.619675,309.066101,133.938812,-96.091759,304.397491,136.456207,,,
1247,10.391667,14:47:19:21.00,-96.619148,302.191437,133.288147,-96.620522,309.066162,133.938141,-96.089867,304.397339,136.455887,,,
1248,10.400000,14:47:19:21.01,-96.620567,302.191315,133.287888,-96.618660,309.067291,133.938141,-96.084892,304.400848,136.455948,,,
1249,10.408333,14:47:19:21.02,-96.619377,302.190857,133.287842,-96.618454,309.068024,133.937775,-96.088120,304.398132,136.457230,,,
1250,10.416667,14:47:19:21.03,-96.618500,302.190887,133.287170,-96.618317,309.068268,133.939087,-96.087769,304.396423,136.456375,,,
1251,10.425000,14:47:19:22.00,-96.618034,302.191040,133.286453,-96.619301,309.067291,133.939804,-96.089363,304.397675,136.455780,,,
1252,10.433333,14:47:19:22.01,-96.619759,302.191223,133.287354,-96.618851,309.067291,133.937286,-96.088554,304.397034,136.455353,,,
1253,10.441667,14:47:19:22.02,-96.620018,302.192322,133.288956,-96.618279,309.067688,133.938629,-96.087914,304.399078,136.455902,,,
1254,10.450000,14:47:19:22.03,-96.619400,302.192017,133.288437,-96.618256,309.068787,133.937759,-96.088051,304.398560,136.454971,,,
1255,10.458333,14:47:19:23.00,-96.617645,302.193237,133.288635,-96.617546,309.068359,133.938156,-96.088676,304.398193,136.455872,,,
1256,10.466667,14:47:19:23.01,-96.617638,302.192322,133.287460,-96.617348,309.068604,133.937714,-96.087227,304.398956,136.456161,,,
1257,10.475000,14:47:19:23.02,-96.618309,302.192108,133.287949,-96.617157,309.067902,133.936996,-96.088364,304.398743,136.456375,,,
1258,10.483333,14:47:19:23.03,-96.620438,302.193054,133.288300,-96.618828,309.068207,133.938782,-96.088120,304.397766,136.456909,,,
1259,10.491667,14:47:19:24.00,-96.608582,302.196320,133.286621,-96.617432,309.069214,133.937897,-96.087936,304.398499,136.456528,,,
1260,10.500000,14:47:19:24.01,-96.617744,302.192841,133.288956,-96.617416,309.067932,133.937988,-96.088890,304.397797,136.456268,,,
1261,10.508333,14:47:19:24.02,-96.621124,302.192230,133.288712,-96.619728,309.066711,133.937729,-96.090179,304.397766,136.456894,,,
1262,10.516667,14:47:19:24.03,-96.620850,302.191223,133.287369,-96.620674,309.066345,133.937820,-96.091812,304.397430,136.456757,,,
1263,10.525000,14:47:19:25.00,-96.620041,302.192413,133.287781,-96.619370,309.066284,133.938263,-96.089371,304.396545,136.456238,,,
1264,10.533333,14:47:19:25.01,-96.619942,302.191101,133.288895,-96.618874,309.066833,133.939194,-96.089912,304.396667,136.455673,,,
1265,10.541667,14:47:19:25.02,-96.622101,302.190826,133.288132,-96.617645,309.066864,133.937683,-96.088615,304.396881,136.456329,,,
1266,10.550000,14:47:19:25.03,-96.621994,302.190552,133.287979,-96.617416,309.067291,133.938950,-96.088776,304.396881,136.456650,,,
1267,10.558333,14:47:19:26.00,-96.619102,302.191895,133.288925,-96.617149,309.067047,133.938461,-96.082268,304.400238,136.455826,,,
1268,10.566667,14:47:19:26.01,-96.616302,302.190887,133.288742,-96.618195,309.066925,133.938858,-96.088097,304.399475,136.456711,,,
1269,10.575000,14:47:19:26.02,-96.619148,302.191315,133.289093,-96.618065,309.067413,133.938293,-96.088837,304.397491,136.456512,,,
1270,10.583333,14:47:19:26.03,-96.618439,302.190125,133.288712,-96.617691,309.065643,133.938950,-96.088318,304.396332,136.456085,,,
1271,10.591667,14:47:19:27.00,-96.618660,302.189026,133.287827,-96.617905,309.065979,133.938904,-96.086899,304.394379,136.455688,,,
1272,10.600000,14:47:19:27.01,-96.618454,302.187958,133.287384,-96.617088,309.063751,133.937943,-96.089050,304.393829,136.455643,,,
1273,10.608333,14:47:19:27.02,-96.618439,302.187714,133.287354,-96.618996,309.062866,133.940063,-96.088066,304.391663,136.455399,,,
1274,10.616667,14:47:19:27.03,-96.619019,302.186157,133.287277,-96.618637,309.062469,133.938843,-96.090431,304.392212,136.455048,,,
1275,10.625000,14:47:19:28.00,-96.620552,302.186920,133.288559,-96.620987,309.062744,133.938507,-96.090279,304.393463,136.456421,,,
1276,10.633333,14:47:19:28.01,-96.622299,302.187988,133.288055,-96.622017,309.062103,133.938309,-96.092552,304.393951,136.456055,,,
1277,10.641667,14:47:19:28.02,-96.619560,302.188354,133.288513,-96.621376,309.062775,133.939011,-96.092621,304.393372,136.456253,,,
1278,10.650000,14:47:19:28.03,-96.621490,302.187866,133.289963,-96.621117,309.063477,133.939392,-96.091721,304.393707,136.455460,,,
1279,10.658333,14:47:19:29.00,-96.621330,302.187927,133.288132,-96.620361,309.064789,133.938629,-96.089264,304.393158,136.455475,,,
1280,10.666667,14:47:19:29.01,-96.619019,302.188568,133.288010,-96.620087,309.065643,133.938904,-96.088814,304.392731,136.455719,,,
1281,10.675000,14:47:19:29.02,-96.618095,302.189270,133.287750,-96.619331,309.064972,133.938690,-96.089317,304.394989,136.455917,,,
1282,10.683333,14:47:19:29.03,-96.618607,302.189117,133.287079,-96.620216,309.064636,133.938828,-96.090607,304.394836,136.455856,,,
1283,10.691667,14:47:20:00.00,-96.618340,302.190674,133.287018,-96.619888,309.064880,133.938660,-96.090752,304.395142,136.456741,,,
1284,10.700000,14:47:20:00.01,-96.617493,302.190247,133.288528,-96.619865,309.067200,133.938843,-96.089874,304.396515,136.456528,,,
1285,10.708333,14:47:20:00.02,-96.618149,302.190887,133.288406,-96.618340,309.067291,133.939438,-96.088257,304.398071,136.456863,,,
1286,10.716667,14:47:20:00.03,-96.619148,302.191315,133.289261,-96.619164,309.068512,133.941208,-96.082184,304.402039,136.456940,,,
1287,10.725000,14:47:20:01.00,-96.618484,302.192200,133.289108,-96.616783,309.067627,133.938004,-96.081108,304.402466,136.456680,,,
1288,10.733333,14:47:20:01.01,-96.617661,302.193695,133.288452,-96.615913,309.067902,133.938171,-96.084999,304.398621,136.455704,,,
1289,10.741667,14:47:20:01.02,-96.616501,302.193298,133.287491,-96.616898,309.068787,133.938522,-96.087753,304.399475,136.457245,,,
1290,10.750000,14:47:20:01.03,-96.616020,302.192932,133.288177,-96.617867,309.068451,133.939301,-96.087357,304.398926,136.455338,,,
1291,10.758333,14:47:20:02.00,-96.615585,302.191925,133.288910,-96.617134,309.068634,133.938049,-96.089020,304.399048,136.456741,,,
1292,10.766667,14:47:20:02.01,-96.618492,302.191132,133.287628,-96.619034,309.066589,133.938858,-96.089851,304.398407,136.455765,,,
1293,10.775000,14:47:20:02.02,-96.620087,302.190216,133.288269,-96.619316,309.066162,133.938293,-96.090462,304.398193,136.455826,,,
1294,10.783333,14:47:20:02.03,-96.620567,302.189423,133.288879,-96.618500,309.065521,133.938141,-96.089943,304.396210,136.456085,,,
1295,10.791667,14:47:20:03.00,-96.619759,302.189575,133.287445,-96.618881,309.065247,133.938889,-96.088448,304.395020,136.454773,,,
1296,10.800000,14:47:20:03.01,-96.619400,302.190063,133.287857,-96.619049,309.065186,133.938690,-96.089554,304.394714,136.456192,,,
1297,10.808333,14:47:20:03.02,-96.617378,302.190521,133.288330,-96.617798,309.066711,133.938110,-96.090927,304.396179,136.457474,,,
1298,10.816667,14:47:20:03.03,-96.616615,302.188995,133.288223,-96.617737,309.065582,133.938339,-96.090736,304.396545,136.456604,,,
1299,10.825000,14:47:20:04.00,-96.618134,302.190186,133.288498,-96.618599,309.066040,133.937561,-96.088989,304.396790,136.456436,,,
1300,10.833333,14:47:20:04.01,-96.616592,302.190002,133.287918,-96.618164,309.065979,133.937973,-96.087189,304.395447,136.455688,,,
1301,10.841667,14:47:20:04.02,-96.615868,302.188721,133.287674,-96.617340,309.064880,133.938507,-96.088051,304.395782,136.455322,,,
1302,10.850000,14:47:20:04.03,-96.617264,302.188812,133.287430,-96.615990,309.065247,133.937729,-96.087570,304.394897,136.455383,,,
1303,10.858333,14:47:20:05.00,-96.618698,302.188568,133.288177,-96.616287,309.065430,133.938675,-96.088486,304.395264,136.456024,,,
1304,10.866667,14:47:20:05.01,-96.618240,302.188141,133.288284,-96.616356,309.064636,133.937225,-96.089020,304.394104,136.455994,,,
1305,10.875000,14:47:20:05.02,-96.619865,302.188538,133.287552,-96.617195,309.065735,133.937820,-96.087967,304.395447,136.456055,,,
1306,10.883333,14:47:20:05.03,-96.619713,302.190186,133.288666,-96.618042,309.066620,133.939255,-96.088173,304.396393,136.455307,,,
1307,10.891667,14:47:20:06.00,-96.615982,302.191986,133.288513,-96.617714,309.065399,133.937820,-96.089058,304.395874,136.457092,,,
1308,10.900000,14:47:20:06.01,-96.616859,302.191528,133.286957,-96.617851,309.066803,133.939545,-96.088913,304.396484,136.456787,,,
1309,10.908333,14:47:20:06.02,-96.618500,302.191162,133.288773,-96.618774,309.066132,133.938843,-96.089394,304.396729,136.455505,,,
1310,10.916667,14:47:20:06.03,-96.619484,302.190063,133.288605,-96.617714,309.065796,133.937485,-96.090576,304.396118,136.455994,,,
1311,10.925000,14:47:20:07.00,-96.617523,302.189911,133.288498,-96.620560,309.066345,133.939148,-96.089584,304.395325,136.455353,,,
1312,10.933333,14:47:20:07.01,-96.618423,302.189148,133.286377,-96.619888,309.066223,133.938110,-96.090912,304.394287,136.455032,,,
1313,10.941667,14:47:20:07.02,-96.618942,302.188721,133.287292,-96.620171,309.064880,133.938248,-96.090134,304.393829,136.456192,,,
1314,10.950000,14:47:20:07.03,-96.619133,302.188904,133.287338,-96.619240,309.064026,133.938522,-96.089241,304.393372,136.456299,,,
1315,10.958333,14:47:20:08.00,-96.618164,302.188721,133.288956,-96.620346,309.064209,133.938492,-96.090210,304.393372,136.455475,,,
1316,10.966667,14:47:20:08.01,-96.616547,302.188721,133.287888,-96.620750,309.063721,133.938202,-96.088890,304.392792,136.455078,,,
1317,10.975000,14:47:20:08.02,-96.617607,302.188599,133.288452,-96.620415,309.064209,133.938141,-96.088112,304.394165,136.455383,,,
1318,10.983333,14:47:20:08.03,-96.616302,302.187866,133.287323,-96.618607,309.063995,133.938461,-96.088913,304.394043,136.455765,,,
1319,10.991667,14:47:20:09.00,-96.615387,302.187836,133.287292,-96.618561,309.063293,133.938873,-96.088852,304.393951,136.455872,,,
1320,11.000000,14:47:20:09.01,-96.615479,302.187958,133.287781,-96.617058,309.062805,133.937592,-96.088097,304.393585,136.454636,,,
1321,11.008333,14:47:20:09.02,-96.615982,302.188202,133.286850,-96.617592,309.063873,133.938248,-96.088295,304.393555,136.455643,,,
1322,11.016667,14:47:20:09.03,-96.617699,302.187714,133.287537,-96.617126,309.062134,133.937073,-96.088333,304.393311,136.455887,,,
1323,11.025000,14:47:20:10.00,-96.617714,302.188049,133.289047,-96.617088,309.064148,133.938599,-96.089798,304.393738,136.456497,,,
1324,11.033333,14:47:20:10.01,-96.617798,302.186829,133.287872,-96.617264,309.063812,133.939819,-96.089035,304.393158,136.455704,,,
1325,11.041667,14:47:20:10.02,-96.618935,302.187531,133.288300,-96.618492,309.063751,133.939804,-96.088341,304.393280,136.455719,,,
1326,11.050000,14:47:20:10.03,-96.621178,302.188538,133.287964,-96.619522,309.064270,133.938293,-96.088753,304.394897,136.455490,,,
1327,11.058333,14:47:20:11.00,-96.620430,302.190002,133.288437,-96.619301,309.064972,133.938675,-96.090027,304.395020,136.456665,,,
1328,11.066667,14:47:20:11.01,-96.618927,302.189484,133.288300,-96.619804,309.065338,133.937943,-96.089996,304.395355,136.455582,,,
1329,11.075000,14:47:20:11.02,-96.622047,302.190399,133.288498,-96.619308,309.065735,133.937592,-96.089867,304.395844,136.456299,,,
1330,11.083333,14:47:20:11.03,-96.620125,302.190552,133.290268,-96.621681,309.067383,133.939499,-96.090622,304.397247,136.456467,,,
1331,11.091667,14:47:20:12.00,-96.618904,302.190735,133.287994,-96.621513,309.066711,133.940140,-96.085800,304.399933,136.457260,,,
1332,11.100000,14:47:20:12.01,-96.619247,302.189819,133.288025,-96.620674,309.065277,133.939133,-96.089958,304.395905,136.457199,,,
1333,11.108333,14:47:20:12.02,-96.621178,302.189362,133.289276,-96.620499,309.066315,133.940475,-96.090782,304.394653,136.455338,,,
1334,11.116667,14:47:20:12.03,-96.620155,302.190002,133.289536,-96.619652,309.066498,133.940704,-96.090195,304.394104,136.455658,,,
1335,11.125000,14:47:20:13.00,-96.620926,302.190063,133.289032,-96.619217,309.066284,133.938293,-96.089432,304.396118,136.456711,,,
1336,11.133333,14:47:20:13.01,-96.622070,302.190857,133.289322,-96.619759,309.067139,133.938797,-96.084557,304.398956,136.455795,,,
1337,11.141667,14:47:20:13.02,-96.619965,302.190857,133.288925,-96.616333,309.065887,133.937698,-96.087067,304.397125,136.456741,,,
1338,11.150000,14:47:20:13.03,-96.618919,302.190094,133.287842,-96.616890,309.066284,133.938629,-96.088699,304.396149,136.455612,,,
1339,11.158333,14:47:20:14.00,-96.615822,302.190430,133.288071,-96.617630,309.067139,133.938843,-96.087906,304.396759,136.455948,,,
1340,11.166667,14:47:20:14.01,-96.616646,302.189606,133.289093,-96.616699,309.065277,133.937485,-96.087288,304.396576,136.456604,,,
1341,11.175000,14:47:20:14.02,-96.618042,302.190033,133.288788,-96.616760,309.066284,133.938095,-96.081024,304.400146,136.455612,,,
1342,11.183333,14:47:20:14.03,-96.618073,302.190155,133.288269,-96.615280,309.066345,133.939392,-96.083694,304.396179,136.455887,,,
1343,11.191667,14:47:20:15.00,-96.617546,302.190338,133.287308,-96.614929,309.066437,133.938400,-96.087173,304.395233,136.455658,,,
1344,11.200000,14:47:20:15.01,-96.614822,302.191101,133.287308,-96.615639,309.066132,133.939926,-96.085495,304.395630,136.455917,,,
1345,11.208333,14:47:20:15.02,-96.603203,302.194305,133.286255,-96.616074,309.067535,133.938507,-96.087303,304.397644,136.456436,,,
1346,11.216667,14:47:20:15.03,-96.612289,302.192169,133.287247,-96.614296,309.068237,133.937820,-96.081238,304.400543,136.455399,,,
1347,11.225000,14:47:20:16.00,-96.616844,302.192413,133.286926,-96.615456,309.069092,133.937149,-96.080986,304.403442,136.455383,,,
1348,11.233333,14:47:20:16.01,-96.618942,302.192963,133.288239,-96.616669,309.070862,133.937866,-96.081230,304.405365,136.455887,,,
1349,11.241667,14:47:20:16.02,-96.619209,302.195068,133.287933,-96.614418,309.070190,133.938385,-96.082397,304.406677,136.454941,,,
1350,11.250000,14:47:20:16.03,-96.609070,302.199371,133.287628,-96.616783,309.071686,133.937912,-96.082695,304.406769,136.454697,,,
1351,11.258333,14:47:20:17.00,-96.616127,302.196716,133.288651,-96.617661,309.071533,133.937775,-96.088997,304.403137,136.455887,,,
1352,11.266667,14:47:20:17.01,-96.607765,302.199982,133.287292,-96.618912,309.072601,133.939316,-96.082794,304.405579,136.455200,,,
1353,11.275000,14:47:20:17.02,-96.615089,302.197327,133.288361,-96.618446,309.071838,133.939606,-96.084175,304.407074,136.456482,,,
1354,11.283333,14:47:20:17.03,-96.608482,302.200165,133.288330,-96.618935,309.072723,133.938492,-96.082184,304.406647,136.456818,,,
1355,11.291667,14:47:20:18.00,-96.614891,302.195648,133.289047,-96.618614,309.071503,133.938507,-96.084396,304.406250,136.457016,,,
1356,11.300000,14:47:20:18.01,-96.619278,302.194733,133.289093,-96.618034,309.071411,133.938309,-96.083076,304.405975,136.455750,,,
1357,11.308333,14:47:20:18.02,-96.622452,302.193512,133.289642,-96.617638,309.069458,133.938431,-96.082077,304.404388,136.455811,,,
1358,11.316667,14:47:20:18.03,-96.619591,302.191162,133.289581,-96.618843,309.067596,133.939560,-96.088165,304.398376,136.456299,,,
1359,11.325000,14:47:20:19.00,-96.620476,302.189789,133.288742,-96.619049,309.065826,133.939301,-96.092316,304.394745,136.456284,,,
1360,11.333333,14:47:20:19.01,-96.620956,302.187286,133.287949,-96.620804,309.062988,133.938477,-96.092949,304.391968,136.455612,,,
1361,11.341667,14:47:20:19.02,-96.620949,302.184967,133.287460,-96.620392,309.059937,133.937973,-96.090302,304.387939,136.454498,,,
1362,11.350000,14:47:20:19.03,-96.622444,302.181854,133.286148,-96.622925,309.059204,133.939987,-96.093407,304.386078,136.454208,,,
1363,11.358333,14:47:20:20.00,-96.623024,302.180420,133.286362,-96.621452,309.056793,133.938919,-96.093193,304.383942,136.455078,,,
1364,11.366667,14:47:20:20.01,-96.620987,302.180969,133.286591,-96.621277,309.056580,133.939606,-96.093689,304.384613,136.454895,,,
1365,11.375000,14:47:20:20.02,-96.621437,302.182220,133.286774,-96.620827,309.056671,133.938416,-96.092415,304.385590,136.454987,,,
1366,11.383333,14:47:20:20.03,-96.622200,302.183350,133.287399,-96.620682,309.058990,133.938782,-96.092667,304.387756,136.455826,,,
1367,11.391667,14:47:20:21.00,-96.622238,302.185181,133.288773,-96.619049,309.061249,133.937164,-96.092346,304.389557,136.455505,,,
1368,11.400000,14:47:20:21.01,-96.621300,302.185791,133.289093,-96.618385,309.061768,133.939331,-96.090294,304.391205,136.455536,,,
1369,11.408333,14:47:20:21.02,-96.617409,302.186859,133.286530,-96.616829,309.062256,133.937988,-96.088333,304.392731,136.455490,,,
1370,11.416667,14:47:20:21.03,-96.617714,302.187958,133.287369,-96.617035,309.064423,133.937531,-96.088844,304.393494,136.455490,,,
1371,11.425000,14:47:20:22.00,-96.618378,302.189484,133.288437,-96.616394,309.066071,133.937286,-96.088661,304.395386,136.455414,,,
1372,11.433333,14:47:20:22.01,-96.620628,302.191864,133.288712,-96.618919,309.067291,133.938354,-96.084312,304.399750,136.455292,,,
1373,11.441667,14:47:20:22.02,-96.619652,302.192383,133.287537,-96.618179,309.069458,133.937912,-96.083359,304.402985,136.455917,,,
1374,11.450000,14:47:20:22.03,-96.620438,302.195312,133.290131,-96.618408,309.071838,133.939011,-96.082634,304.405273,136.455811,,,
1375,11.458333,14:47:20:23.00,-96.620018,302.195526,133.288605,-96.618233,309.072449,133.938507,-96.087959,304.403351,136.456619,,,
1376,11.466667,14:47:20:23.01,-96.619156,302.197052,133.288803,-96.618065,309.072388,133.939316,-96.082596,304.406891,136.455673,,,
1377,11.475000,14:47:20:23.02,-96.620712,302.196167,133.288147,-96.618591,309.072754,133.937546,-96.082214,304.408325,136.456909,,,
1378,11.483333,14:47:20:23.03,-96.620537,302.194244,133.288422,-96.619148,309.071289,133.938583,-96.083130,304.405701,136.455719,,,
1379,11.491667,14:47:20:24.00,-96.622803,302.193481,133.288757,-96.618919,309.068604,133.937988,-96.083649,304.404266,136.455719,,,
1380,11.500000,14:47:20:24.01,-96.622292,302.190887,133.289185,-96.618286,309.066315,133.937668,-96.090607,304.397980,136.456161,,,
1381,11.508333,14:47:20:24.02,-96.620163,302.189026,133.288147,-96.620438,309.064087,133.939087,-96.092262,304.395081,136.455231,,,
1382,11.516667,14:47:20:24.03,-96.622162,302.188171,133.288498,-96.620682,309.063202,133.938461,-96.092537,304.392639,136.456146,,,
1383,11.525000,14:47:20:25.00,-96.619621,302.185089,133.287003,-96.621231,309.061188,133.939117,-96.093773,304.390717,136.455719,,,
1384,11.533333,14:47:20:25.01,-96.621284,302.184753,133.287933,-96.621506,309.060059,133.940079,-96.093185,304.389130,136.455353,,,
1385,11.541667,14:47:20:25.02,-96.621719,302.184448,133.287567,-96.622139,309.061035,133.939377,-96.091164,304.388794,136.455063,,,
1386,11.550000,14:47:20:25.03,-96.621521,302.183136,133.287415,-96.620346,309.060303,133.938889,-96.091377,304.389252,136.456543,,,
1387,11.558333,14:47:20:26.00,-96.619408,302.183777,133.287445,-96.619621,309.059479,133.938354,-96.090202,304.387878,136.454910,,,
1388,11.566667,14:47:20:26.01,-96.618156,302.183838,133.287506,-96.620941,309.059906,133.939804,-96.090736,304.388275,136.455154,,,
1389,11.575000,14:47:20:26.02,-96.619476,302.183807,133.287186,-96.620667,309.060089,133.938675,-96.089539,304.389221,136.455612,,,
1390,11.583333,14:47:20:26.03,-96.618889,302.184845,133.287994,-96.619637,309.061157,133.938980,-96.091629,304.388916,136.455429,,,
1391,11.591667,14:47:20:27.00,-96.618210,302.185822,133.287125,-96.619774,309.061432,133.939468,-96.092972,304.390228,136.455505,,,
1392,11.600000,14:47:20:27.01,-96.620872,302.187225,133.287781,-96.619530,309.062897,133.939041,-96.091743,304.391724,136.455658,,,
1393,11.608333,14:47:20:27.02,-96.618851,302.188477,133.288086,-96.619469,309.065155,133.939484,-96.089783,304.394196,136.455444,,,
1394,11.616667,14:47:20:27.03,-96.620903,302.190125,133.288330,-96.619827,309.066315,133.938553,-96.090233,304.396240,136.456116,,,
1395,11.625000,14:47:20:28.00,-96.620277,302.192078,133.288345,-96.618507,309.067749,133.937897,-96.084206,304.402527,136.455460,,,
1396,11.633333,14:47:20:28.01,-96.619560,302.193573,133.289093,-96.618065,309.070312,133.937851,-96.083046,304.404846,136.455124,,,
1397,11.641667,14:47:20:28.02,-96.619324,302.194702,133.287628,-96.618988,309.071777,133.937531,-96.082649,304.405762,136.455750,,,
1398,11.650000,14:47:20:28.03,-96.619682,302.195801,133.289963,-96.618942,309.071594,133.938431,-96.083244,304.405487,136.455750,,,
1399,11.658333,14:47:20:29.00,-96.621597,302.194824,133.288620,-96.619408,309.070648,133.939529,-96.084686,304.406342,136.455887,,,
1400,11.666667,14:47:20:29.01,-96.620934,302.192902,133.287460,-96.619820,309.069885,133.938354,-96.084724,304.404297,136.455780,,,
1401,11.675000,14:47:20:29.02,-96.618423,302.192047,133.288345,-96.620468,309.067474,133.937805,-96.092102,304.398743,136.455109,,,
1402,11.683333,14:47:20:29.03,-96.620293,302.190460,133.288254,-96.621971,309.066956,133.938049,-96.090195,304.395782,136.455292,,,
1403,11.691667,14:47:21:00.00,-96.621231,302.188873,133.287460,-96.620468,309.066040,133.938736,-96.092575,304.395569,136.455902,,,
1404,11.700000,14:47:21:00.01,-96.620644,302.189728,133.288651,-96.619827,309.065399,133.938065,-96.091217,304.394745,136.455338,,,
1405,11.708333,14:47:21:00.02,-96.619431,302.188446,133.289566,-96.619560,309.063934,133.938736,-96.084335,304.397552,136.454865,,,
1406,11.716667,14:47:21:00.03,-96.622948,302.187683,133.288345,-96.618301,309.063110,133.938065,-96.089195,304.393921,136.455811,,,
1407,11.725000,14:47:21:01.00,-96.618393,302.186859,133.287613,-96.620293,309.062195,133.937744,-96.089523,304.391296,136.455231,,,
1408,11.733333,14:47:21:01.01,-96.619408,302.186066,133.287399,-96.620186,309.061646,133.937790,-96.090973,304.391724,136.455109,,,
1409,11.741667,14:47:21:01.02,-96.615105,302.184052,133.285934,-96.620064,309.059753,133.938019,-96.089066,304.389130,136.455078,,,
1410,11.750000,14:47:21:01.03,-96.617653,302.183136,133.287720,-96.619370,309.058441,133.937561,-96.090141,304.387604,136.455566,,,
1411,11.758333,14:47:21:02.00,-96.616562,302.184448,133.287064,-96.618721,309.058777,133.937637,-96.091873,304.387909,136.455841,,,
1412,11.766667,14:47:21:02.01,-96.618355,302.186066,133.287613,-96.620522,309.059692,133.938568,-96.092590,304.388367,136.454498,,,
1413,11.775000,14:47:21:02.02,-96.617584,302.184906,133.286560,-96.622360,309.060455,133.938339,-96.092133,304.389099,136.455566,,,
1414,11.783333,14:47:21:02.03,-96.620369,302.187286,133.287643,-96.621010,309.062866,133.938370,-96.091156,304.391266,136.455673,,,
1415,11.791667,14:47:21:03.00,-96.621719,302.187408,133.288116,-96.619843,309.064178,133.938141,-96.090630,304.393372,136.456436,,,
1416,11.800000,14:47:21:03.01,-96.620575,302.189972,133.287216,-96.619209,309.065125,133.937424,-96.090302,304.396118,136.455841,,,
1417,11.808333,14:47:21:03.02,-96.618729,302.191223,133.288879,-96.619156,309.067322,133.938950,-96.089790,304.397125,136.455490,,,
1418,11.816667,14:47:21:03.03,-96.619995,302.191528,133.287781,-96.619400,309.067810,133.938278,-96.090607,304.398468,136.456375,,,
1419,11.825000,14:47:21:04.00,-96.618118,302.192261,133.288406,-96.620262,309.067749,133.937531,-96.085793,304.402344,136.454346,,,
1420,11.833333,14:47:21:04.01,-96.618599,302.192566,133.287567,-96.619949,309.069061,133.938263,-96.089149,304.398865,136.456268,,,
1421,11.841667,14:47:21:04.02,-96.621284,302.192627,133.288223,-96.619453,309.066956,133.938568,-96.091148,304.398682,136.455658,,,
1422,11.850000,14:47:21:04.03,-96.622887,302.193268,133.288376,-96.619408,309.068054,133.938339,-96.090813,304.399475,136.456223,,,
1423,11.858333,14:47:21:05.00,-96.620049,302.193268,133.288803,-96.618599,309.067352,133.938477,-96.090904,304.397888,136.454697,,,
1424,11.866667,14:47:21:05.01,-96.617020,302.191681,133.287354,-96.619087,309.067596,133.937653,-96.090355,304.396820,136.455154,,,
1425,11.875000,14:47:21:05.02,-96.616745,302.191437,133.287598,-96.619263,309.067108,133.938354,-96.083298,304.400909,136.454880,,,
1426,11.883333,14:47:21:05.03,-96.619217,302.190155,133.287842,-96.619293,309.066467,133.937607,-96.088142,304.397400,136.455673,,,
1427,11.891667,14:47:21:06.00,-96.619095,302.189850,133.287750,-96.618736,309.065491,133.937943,-96.089264,304.395569,136.455887,,,
1428,11.900000,14:47:21:06.01,-96.618858,302.189575,133.287933,-96.618156,309.065887,133.938568,-96.088791,304.394897,136.455276,,,
1429,11.908333,14:47:21:06.02,-96.616730,302.187744,133.287933,-96.615967,309.063263,133.937729,-96.082085,304.397156,136.454910,,,
1430,11.916667,14:47:21:06.03,-96.616920,302.185699,133.286667,-96.619263,309.062592,133.938904,-96.090088,304.392517,136.454910,,,
1431,11.925000,14:47:21:07.00,-96.617752,302.185120,133.286392,-96.619087,309.060303,133.938080,-96.091187,304.389923,136.454529,,,
1432,11.933333,14:47:21:07.01,-96.618752,302.184021,133.286606,-96.620285,309.060089,133.937851,-96.091454,304.388062,136.454010,,,
1433,11.941667,14:47:21:07.02,-96.617867,302.184479,133.285217,-96.620453,309.060333,133.938782,-96.091125,304.390137,136.455887,,,
1434,11.950000,14:47:21:07.03,-96.617790,302.184784,133.286362,-96.621513,309.061005,133.938477,-96.090836,304.390869,136.455399,,,
1435,11.958333,14:47:21:08.00,-96.617981,302.186310,133.287125,-96.620537,309.061462,133.938080,-96.092537,304.391876,136.454803,,,
1436,11.966667,14:47:21:08.01,-96.616631,302.187103,133.286118,-96.620827,309.063873,133.938385,-96.091125,304.391998,136.454742,,,
1437,11.975000,14:47:21:08.02,-96.619812,302.188141,133.286499,-96.620201,309.063995,133.938339,-96.090317,304.393829,136.456055,,,
1438,11.983333,14:47:21:08.03,-96.619431,302.189514,133.287674,-96.620682,309.064972,133.938782,-96.091667,304.394379,136.454987,,,
1439,11.991667,14:47:21:09.00,-96.616348,302.188965,133.287857,-96.621857,309.065887,133.938812,-96.089676,304.394928,136.454742,,,
1440,12.000000,14:47:21:09.01,-96.617630,302.189545,133.286697,-96.619934,309.064819,133.937134,-96.092613,304.395996,136.455154,,,
1441,12.008333,14:47:21:09.02,-96.617119,302.190674,133.286255,-96.620110,309.066376,133.937485,-96.090973,304.394928,136.455551,,,
1442,12.016667,14:47:21:09.03,-96.616432,302.190582,133.287842,-96.620140,309.066376,133.937958,-96.090698,304.397156,136.455490,,,
1443,12.025000,14:47:21:10.00,-96.618690,302.192200,133.286606,-96.619888,309.067627,133.937912,-96.091049,304.397919,136.455643,,,
1444,12.033333,14:47:21:10.01,-96.617104,302.191711,133.286880,-96.620132,309.067993,133.938049,-96.090660,304.399017,136.455566,,,
1445,12.041667,14:47:21:10.02,-96.617233,302.193237,133.287994,-96.619659,309.067444,133.937149,-96.090195,304.398743,136.455444,,,
1446,12.050000,14:47:21:10.03,-96.616013,302.193390,133.288757,-96.617996,309.067993,133.938019,-96.089867,304.399475,136.455338,,,
1447,12.058333,14:47:21:11.00,-96.615158,302.192627,133.288071,-96.617760,309.068573,133.937958,-96.089478,304.399261,136.455765,,,
1448,12.066667,14:47:21:11.01,-96.614655,302.192444,133.286575,-96.618584,309.068085,133.938248,-96.090103,304.398438,136.455566,,,
1449,12.075000,14:47:21:11.02,-96.614830,302.190430,133.287689,-96.619965,309.067688,133.939011,-96.089645,304.396088,136.455765,,,
1450,12.083333,14:47:21:11.03,-96.613235,302.190002,133.286804,-96.621147,309.066040,133.938461,-96.090675,304.394592,136.455597,,,
1451,12.091667,14:47:21:12.00,-96.615059,302.188293,133.286850,-96.620445,309.063690,133.938370,-96.090523,304.394196,136.455185,,,
1452,12.100000,14:47:21:12.01,-96.616371,302.187531,133.286453,-96.621017,309.062988,133.936981,-96.091179,304.393341,136.456345,,,
1453,12.108333,14:47:21:12.02,-96.616730,302.186279,133.286880,-96.620872,309.062378,133.936768,-96.092789,304.392517,136.454880,,,
1454,12.116667,14:47:21:12.03,-96.617264,302.187531,133.287399,-96.620728,309.061554,133.938293,-96.091240,304.390564,136.454956,,,
1455,12.125000,14:47:21:13.00,-96.619232,302.187469,133.286240,-96.619286,309.062347,133.936661,-96.092049,304.391479,136.454910,,,
1456,12.133333,14:47:21:13.01,-96.625946,302.188507,133.281799,-96.621162,309.062897,133.935791,-96.091446,304.391968,136.455002,,,
1457,12.141667,14:47:21:13.02,-96.616600,302.183685,133.289886,-96.621758,309.064178,133.936111,-96.091637,304.392944,136.454742,,,
1458,12.150000,14:47:21:13.03,-96.595741,302.166748,133.309433,-96.615929,309.064392,133.943207,-96.090958,304.393677,136.455368,,,
1459,12.158333,14:47:21:14.00,-96.601036,302.169281,133.298920,-96.597847,309.080444,133.974289,-96.091278,304.394165,136.455856,,,
1460,12.166667,14:47:21:14.01,-96.621040,302.171265,133.283279,-96.595085,309.100403,133.984589,-96.090645,304.395111,136.457245,,,
1461,12.175000,14:47:21:14.02,-96.624588,302.172363,133.282715,-96.601768,309.093750,133.964813,-96.092781,304.393890,136.454514,,,
1462,12.183333,14:47:21:14.03,-96.621635,302.172729,133.283157,-96.605270,309.086914,133.960358,-96.091789,304.389343,136.451614,,,
1463,12.191667,14:47:21:15.00,-96.621613,302.171051,133.281479,-96.606049,309.087646,133.959991,-96.087402,304.389343,136.457047,,,
1464,12.200000,14:47:21:15.01,-96.624062,302.173340,133.283691,-96.605522,309.089355,133.960220,-96.077026,304.403290,136.481812,,,
1465,12.208333,14:47:21:15.02,-96.624405,302.174774,133.282867,-96.604500,309.089966,133.960892,-96.072701,304.409637,136.487640,,,
1466,12.216667,14:47:21:15.03,-96.621529,302.176117,133.283142,-96.604774,309.092224,133.961731,-96.082947,304.390808,136.464325,,,
1467,12.225000,14:47:21:16.00,-96.621918,302.175934,133.283478,-96.605034,309.091614,133.960205,-96.079453,304.391693,136.462219,,,
1468,12.233333,14:47:21:16.01,-96.624413,302.174805,133.283005,-96.612663,309.097321,133.957352,-96.079216,304.393127,136.462875,,,
1469,12.241667,14:47:21:16.02,-96.624687,302.174255,133.282410,-96.606842,309.089417,133.961090,-96.084312,304.387115,136.461594,,,
1470,12.250000,14:47:21:16.03,-96.624725,302.174225,133.282761,-96.606430,309.088043,133.959961,-96.086975,304.384277,136.461060,,,
1471,12.258333,14:47:21:17.00,-96.625313,302.174316,133.283264,-96.606560,309.088409,133.959763,-96.088463,304.383209,136.461121,,,
1472,12.266667,14:47:21:17.01,-96.625229,302.172119,133.282425,-96.606674,309.088043,133.960495,-96.087120,304.382416,136.461838,,,
1473,12.275000,14:47:21:17.02,-96.625893,302.173248,133.281952,-96.606567,309.085480,133.958893,-96.088768,304.381836,136.460907,,,
1474,12.283333,14:47:21:17.03,-96.624550,302.174469,133.280396,-96.606407,309.086304,133.958191,-96.089966,304.381165,136.461685,,,
1475,12.291667,14:47:21:18.00,-96.618721,302.173126,133.280579,-96.606865,309.084961,133.958252,-96.087051,304.380859,136.460068,,,
1476,12.300000,14:47:21:18.01,-96.619240,302.175262,133.281784,-96.608337,309.085144,133.959503,-96.086571,304.380585,136.460358,,,
1477,12.308333,14:47:21:18.02,-96.619545,302.173859,133.280411,-96.608994,309.085144,133.959412,-96.087265,304.381561,136.459488,,,
1478,12.316667,14:47:21:18.03,-96.620125,302.173950,133.280258,-96.611008,309.085999,133.958588,-96.087357,304.381958,136.459488,,,
1479,12.325000,14:47:21:19.00,-96.618828,302.173157,133.280060,-96.617813,309.094238,133.957703,-96.086296,304.381500,136.458374,,,
1480,12.333333,14:47:21:19.01,-96.616982,302.174347,133.280243,-96.610062,309.087708,133.959229,-96.086327,304.382172,136.459320,,,
1481,12.341667,14:47:21:19.02,-96.619011,302.175201,133.280518,-96.609123,309.086121,133.958984,-96.085953,304.381378,136.459000,,,
1482,12.350000,14:47:21:19.03,-96.617912,302.173218,133.279205,-96.610031,309.087128,133.960129,-96.086433,304.381348,136.457962,,,
1483,12.358333,14:47:21:20.00,-96.617767,302.174408,133.279449,-96.608536,309.086090,133.959274,-96.086159,304.381622,136.458740,,,
1484,12.366667,14:47:21:20.01,-96.618019,302.175232,133.281754,-96.617409,309.094391,133.958298,-96.086578,304.383331,136.458725,,,
1485,12.375000,14:47:21:20.02,-96.617798,302.175781,133.281570,-96.610794,309.087982,133.959488,-96.088722,304.386200,136.458252,,,
1486,12.383333,14:47:21:20.03,-96.618408,302.176880,133.282990,-96.608955,309.087830,133.959305,-96.086082,304.385529,136.458969,,,
1487,12.391667,14:47:21:21.00,-96.613350,302.177704,133.282425,-96.608696,309.088257,133.958954,-96.086334,304.385925,136.458221,,,
1488,12.400000,14:47:21:21.01,-96.618011,302.177612,133.281357,-96.609520,309.089294,133.959473,-96.086273,304.386444,136.458405,,,
1489,12.408333,14:47:21:21.02,-96.619019,302.178986,133.281265,-96.617912,309.098694,133.956833,-96.086212,304.386749,136.459045,,,
1490,12.416667,14:47:21:21.03,-96.618500,302.178955,133.281097,-96.609238,309.089478,133.957703,-96.087433,304.386078,136.458328,,,
1491,12.425000,14:47:21:22.00,-96.619858,302.178223,133.282043,-96.608986,309.087799,133.958252,-96.085823,304.386505,136.459839,,,
1492,12.433333,14:47:21:22.01,-96.619797,302.176361,133.280685,-96.608673,309.086945,133.959274,-96.085831,304.386078,136.457901,,,
1493,12.441667,14:47:21:22.02,-96.619957,302.177338,133.281357,-96.609726,309.087097,133.959274,-96.088280,304.385986,136.459763,,,
1494,12.450000,14:47:21:22.03,-96.614899,302.178040,133.283478,-96.610306,309.086670,133.959839,-96.087929,304.384033,136.459305,,,
1495,12.458333,14:47:21:23.00,-96.617081,302.176575,133.282440,-96.610016,309.086670,133.958038,-96.087280,304.384949,136.458115,,,
1496,12.466667,14:47:21:23.01,-96.615128,302.177032,133.280624,-96.610603,309.086609,133.959366,-96.087280,304.386078,136.459122,,,
1497,12.475000,14:47:21:23.02,-96.619270,302.174561,133.281067,-96.608566,309.086884,133.959641,-96.087181,304.385834,136.459091,,,
1498,12.483333,14:47:21:23.03,-96.621643,302.172791,133.281250,-96.608955,309.088409,133.960022,-96.085670,304.383636,136.459198,,,
1499,12.491667,14:47:21:24.00,-96.620132,302.173126,133.280899,-96.609177,309.087097,133.959290,-96.085648,304.382599,136.458511,,,
1500,12.500000,14:47:21:24.01,-96.619720,302.175232,133.280151,-96.609077,309.085999,133.958679,-96.085510,304.381287,136.458237,,,
1501,12.508333,14:47:21:24.02,-96.617195,302.174225,133.280121,-96.611153,309.086060,133.958633,-96.085846,304.381348,136.458328,,,
1502,12.516667,14:47:21:24.03,-96.617645,302.173462,133.279404,-96.615395,309.098541,133.952454,-96.086105,304.382812,136.459183,,,
1503,12.525000,14:47:21:25.00,-96.619865,302.173828,133.281296,-96.622093,309.080658,133.936737,-96.086838,304.382263,136.459381,,,
1504,12.533333,14:47:21:25.01,-96.619408,302.172180,133.280579,-96.622536,309.053497,133.934662,-96.085930,304.380310,136.457886,,,
1505,12.541667,14:47:21:25.02,-96.616585,302.173096,133.279663,-96.624519,309.055603,133.935318,-96.086761,304.382690,136.458710,,,
1506,12.550000,14:47:21:25.03,-96.617088,302.174194,133.279648,-96.624336,309.063660,133.936249,-96.086891,304.383392,136.457642,,,
1507,12.558333,14:47:21:26.00,-96.617546,302.174103,133.281189,-96.623016,309.065491,133.935608,-96.087982,304.407501,136.462646,,,
1508,12.566667,14:47:21:26.01,-96.619995,302.175293,133.281830,-96.622925,309.065186,133.936539,-96.085289,304.419220,136.460388,,,
1509,12.575000,14:47:21:26.02,-96.618370,302.178619,133.282913,-96.623108,309.066162,133.936020,-96.083488,304.408020,136.461868,,,
1510,12.583333,14:47:21:26.03,-96.617439,302.176727,133.280762,-96.625122,309.067078,133.936615,-96.090958,304.395996,136.451431,,,
1511,12.591667,14:47:21:27.00,-96.617195,302.176941,133.282639,-96.624619,309.065826,133.936844,-96.094475,304.396057,136.448532,,,
1512,12.600000,14:47:21:27.01,-96.611992,302.179382,133.282043,-96.625275,309.066101,133.936386,-96.091400,304.392883,136.451218,,,
1513,12.608333,14:47:21:27.02,-96.614037,302.178894,133.282227,-96.624550,309.065582,133.937149,-96.091370,304.398193,136.453171,,,
1514,12.616667,14:47:21:27.03,-96.612877,302.178711,133.281616,-96.624748,309.065247,133.938065,-96.090408,304.396759,136.453278,,,
1515,12.625000,14:47:21:28.00,-96.596405,302.175018,133.296234,-96.625397,309.064880,133.937225,-96.090752,304.396423,136.452942,,,
1516,12.633333,14:47:21:28.01,-96.584473,302.200195,133.308136,-96.624428,309.064697,133.936417,-96.090996,304.396332,136.454376,,,
1517,12.641667,14:47:21:28.02,-96.585373,302.202393,133.299835,-96.624550,309.063965,133.936371,-96.088821,304.397156,136.453522,,,
1518,12.650000,14:47:21:28.03,-96.606979,302.191589,133.282928,-96.625626,309.065186,133.937164,-96.089005,304.396576,136.453690,,,
1519,12.658333,14:47:21:29.00,-96.613266,302.190704,133.285446,-96.624741,309.065765,133.937958,-96.087959,304.395782,136.453674,,,
1520,12.666667,14:47:21:29.01,-96.610985,302.190674,133.284500,-96.625061,309.065186,133.938248,-96.089058,304.396851,136.453445,,,
1521,12.675000,14:47:21:29.02,-96.610085,302.192078,133.284348,-96.623138,309.063873,133.937119,-96.089119,304.394958,136.453186,,,
1522,12.683333,14:47:21:29.03,-96.611992,302.189240,133.285538,-96.624420,309.063293,133.937775,-96.088913,304.394073,136.453384,,,
1523,12.691667,14:47:22:00.00,-96.611488,302.189423,133.284622,-96.624756,309.063812,133.937973,-96.089645,304.392731,136.453323,,,
1524,12.700000,14:47:22:00.01,-96.609955,302.189362,133.285828,-96.623985,309.063232,133.937592,-96.091698,304.392487,136.454300,,,
1525,12.708333,14:47:22:00.02,-96.612343,302.190247,133.285767,-96.623703,309.062256,133.937561,-96.090904,304.392181,136.455200,,,
1526,12.716667,14:47:22:00.03,-96.611755,302.189270,133.285446,-96.625801,309.062469,133.937408,-96.090416,304.392700,136.453827,,,
1527,12.725000,14:47:22:01.00,-96.612198,302.189819,133.284576,-96.624245,309.063019,133.937103,-96.091011,304.394379,136.455017,,,
1528,12.733333,14:47:22:01.01,-96.609291,302.190613,133.283859,-96.623573,309.063477,133.937866,-96.090630,304.394623,136.454254,,,
1529,12.741667,14:47:22:01.02,-96.612457,302.191376,133.285721,-96.623077,309.064117,133.938126,-96.090485,304.394318,136.454285,,,
1530,12.750000,14:47:22:01.03,-96.613777,302.191772,133.286163,-96.623459,309.064911,133.938293,-96.091583,304.395233,136.454193,,,
1531,12.758333,14:47:22:02.00,-96.614006,302.191193,133.286026,-96.622734,309.065399,133.938614,-96.091255,304.396393,136.455887,,,
1532,12.766667,14:47:22:02.01,-96.616211,302.191681,133.285599,-96.623276,309.065857,133.938446,-96.090439,304.394775,136.454773,,,
1533,12.775000,14:47:22:02.02,-96.616211,302.192078,133.286591,-96.622353,309.065063,133.938675,-96.089508,304.397308,136.454468,,,
1534,12.783333,14:47:22:02.03,-96.614281,302.191650,133.285904,-96.622833,309.066132,133.938187,-96.091286,304.395782,136.455109,,,
1535,12.791667,14:47:22:03.00,-96.615547,302.191528,133.287674,-96.621254,309.064392,133.937210,-96.090820,304.394379,136.455826,,,
1536,12.800000,14:47:22:03.01,-96.615471,302.190674,133.286896,-96.622757,309.064392,133.938293,-96.090805,304.395233,136.454803,,,
1537,12.808333,14:47:22:03.02,-96.612946,302.191864,133.287781,-96.623871,309.065399,133.939453,-96.089081,304.395020,136.455002,,,
1538,12.816667,14:47:22:03.03,-96.615425,302.190399,133.286728,-96.622482,309.065216,133.939835,-96.090225,304.396118,136.455322,,,
1539,12.825000,14:47:22:04.00,-96.614243,302.189911,133.285767,-96.620331,309.064941,133.937881,-96.091423,304.396393,136.455887,,,
1540,12.833333,14:47:22:04.01,-96.616158,302.189117,133.287582,-96.621681,309.065002,133.939148,-96.084892,304.399048,136.455688,,,
1541,12.841667,14:47:22:04.02,-96.616516,302.189240,133.287201,-96.621429,309.064819,133.938141,-96.090004,304.395233,136.455811,,,
1542,12.850000,14:47:22:04.03,-96.614799,302.188446,133.286911,-96.623238,309.065369,133.940033,-96.092880,304.394318,136.456100,,,
1543,12.858333,14:47:22:05.00,-96.621635,302.188965,133.288086,-96.621483,309.064026,133.939713,-96.090706,304.393707,136.454956,,,
1544,12.866667,14:47:22:05.01,-96.618744,302.187500,133.286835,-96.620560,309.063171,133.938248,-96.089798,304.393127,136.455078,,,
1545,12.875000,14:47:22:05.02,-96.616684,302.187134,133.286011,-96.619698,309.063171,133.937973,-96.084206,304.396484,136.455292,,,
1546,12.883333,14:47:22:05.03,-96.619110,302.187988,133.287949,-96.622047,309.063171,133.938538,-96.091064,304.392548,136.456055,,,
1547,12.891667,14:47:22:06.00,-96.618668,302.187622,133.287857,-96.622307,309.064331,133.939331,-96.092865,304.392242,136.456451,,,
1548,12.900000,14:47:22:06.01,-96.619064,302.187469,133.287155,-96.622177,309.062988,133.938568,-96.092400,304.392456,136.455246,,,
1549,12.908333,14:47:22:06.02,-96.620842,302.188171,133.287445,-96.622658,309.063416,133.937210,-96.090576,304.393158,136.456161,,,
1550,12.916667,14:47:22:06.03,-96.617554,302.187347,133.286102,-96.621361,309.064148,133.938980,-96.090134,304.392883,136.455429,,,
1551,12.925000,14:47:22:07.00,-96.618942,302.188263,133.288300,-96.621536,309.063934,133.938217,-96.090546,304.393524,136.455399,,,
1552,12.933333,14:47:22:07.01,-96.616951,302.188721,133.287170,-96.622276,309.064484,133.938141,-96.083504,304.397095,136.455536,,,
1553,12.941667,14:47:22:07.02,-96.618584,302.188110,133.288254,-96.622559,309.064575,133.940048,-96.088409,304.395081,136.456726,,,
1554,12.950000,14:47:22:07.03,-96.620255,302.187744,133.287933,-96.621567,309.064545,133.938889,-96.092010,304.394257,136.455780,,,
1555,12.958333,14:47:22:08.00,-96.617119,302.188385,133.287537,-96.621010,309.063416,133.939026,-96.091774,304.394867,136.456055,,,
1556,12.966667,14:47:22:08.01,-96.619354,302.187622,133.287903,-96.620018,309.063354,133.937851,-96.089211,304.394562,136.455246,,,
1557,12.975000,14:47:22:08.02,-96.622055,302.188202,133.287750,-96.620186,309.064880,133.937088,-96.090103,304.394653,136.456650,,,
1558,12.983333,14:47:22:08.03,-96.617805,302.189240,133.286484,-96.621590,309.065247,133.938950,-96.089539,304.394043,136.455643,,,
1559,12.991667,14:47:22:09.00,-96.618607,302.189178,133.286942,-96.619186,309.064453,133.937973,-96.089958,304.395569,136.456345,,,
1560,13.000000,14:47:22:09.01,-96.620552,302.188812,133.286972,-96.619240,309.065491,133.938766,-96.089760,304.395508,136.455444,,,
1561,13.008333,14:47:22:09.02,-96.618233,302.189392,133.287903,-96.620079,309.065430,133.936661,-96.089897,304.394592,136.457230,,,
1562,13.016667,14:47:22:09.03,-96.617714,302.189606,133.286316,-96.621834,309.066498,133.939209,-96.090469,304.394714,136.455414,,,
1563,13.025000,14:47:22:10.00,-96.618538,302.189209,133.287292,-96.622177,309.064270,133.938675,-96.090340,304.393738,136.456711,,,
1564,13.033333,14:47:22:10.01,-96.620682,302.187408,133.286819,-96.621689,309.063446,133.938416,-96.091682,304.393585,136.456375,,,
1565,13.041667,14:47:22:10.02,-96.622505,302.186707,133.287613,-96.621246,309.063507,133.937912,-96.090225,304.393005,136.455185,,,
1566,13.050000,14:47:22:10.03,-96.620781,302.187042,133.287308,-96.621353,309.064697,133.939545,-96.090469,304.392944,136.456406,,,
1567,13.058333,14:47:22:11.00,-96.618484,302.187408,133.287292,-96.620216,309.062592,133.937149,-96.090645,304.392792,136.455475,,,
1568,13.066667,14:47:22:11.01,-96.619148,302.186676,133.287704,-96.621033,309.063843,133.936890,-96.090637,304.393188,136.456543,,,
1569,13.075000,14:47:22:11.02,-96.619179,302.188477,133.286209,-96.621254,309.062958,133.938736,-96.090805,304.392731,136.455109,,,
1570,13.083333,14:47:22:11.03,-96.619576,302.187714,133.287643,-96.622070,309.063477,133.938309,-96.091637,304.393799,136.455139,,,
1571,13.091667,14:47:22:12.00,-96.619705,302.187958,133.287628,-96.622414,309.063324,133.939819,-96.089935,304.392303,136.455048,,,
1572,13.100000,14:47:22:12.01,-96.617699,302.187897,133.286530,-96.620178,309.062805,133.936859,-96.089096,304.393524,136.455612,,,
1573,13.108333,14:47:22:12.02,-96.617325,302.188721,133.288086,-96.621567,309.063965,133.938293,-96.090736,304.393677,136.455338,,,
1574,13.116667,14:47:22:12.03,-96.618217,302.187225,133.287247,-96.621910,309.063995,133.939484,-96.089966,304.392883,136.455017,,,
1575,13.125000,14:47:22:13.00,-96.617653,302.187622,133.287506,-96.620781,309.062805,133.938370,-96.091011,304.393829,136.455643,,,
1576,13.133333,14:47:22:13.01,-96.619720,302.187744,133.287262,-96.621964,309.063812,133.938461,-96.091866,304.393005,136.455826,,,
1577,13.141667,14:47:22:13.02,-96.620300,302.188171,133.287674,-96.622093,309.064545,133.939362,-96.091339,304.393829,136.455933,,,
1578,13.150000,14:47:22:13.03,-96.620506,302.188202,133.287949,-96.621605,309.063416,133.938141,-96.089500,304.393402,136.454208,,,
1579,13.158333,14:47:22:14.00,-96.620628,302.189880,133.287521,-96.623085,309.064301,133.938004,-96.089348,304.394897,136.454742,,,
1580,13.166667,14:47:22:14.01,-96.618721,302.190247,133.287018,-96.623131,309.064728,133.937424,-96.091484,304.394684,136.454895,,,
1581,13.175000,14:47:22:14.02,-96.619614,302.189819,133.288452,-96.623650,309.064880,133.938080,-96.090103,304.395264,136.455185,,,
1582,13.183333,14:47:22:14.03,-96.618477,302.189545,133.288818,-96.622910,309.065063,133.938843,-96.092903,304.395569,136.456863,,,
1583,13.191667,14:47:22:15.00,-96.617805,302.189301,133.286896,-96.622719,309.064240,133.937485,-96.092033,304.395142,136.456940,,,
1584,13.200000,14:47:22:15.01,-96.616158,302.189423,133.286621,-96.623497,309.064484,133.939362,-96.092323,304.395081,136.456329,,,
1585,13.208333,14:47:22:15.02,-96.616974,302.190277,133.287292,-96.621910,309.063995,133.937668,-96.092346,304.394165,136.454956,,,
1586,13.216667,14:47:22:15.03,-96.616417,302.189362,133.285767,-96.623817,309.064209,133.939438,-96.091400,304.393646,136.454590,,,
1587,13.225000,14:47:22:16.00,-96.614807,302.188477,133.285706,-96.623016,309.063843,133.937988,-96.091545,304.392914,136.456070,,,
1588,13.233333,14:47:22:16.01,-96.615067,302.189484,133.287048,-96.622864,309.063782,133.938141,-96.092033,304.393341,136.455292,,,
1589,13.241667,14:47:22:16.02,-96.613953,302.189087,133.286407,-96.622673,309.064972,133.938736,-96.091820,304.393280,136.456055,,,
1590,13.250000,14:47:22:16.03,-96.615761,302.190674,133.287231,-96.622131,309.065796,133.939682,-96.092461,304.393494,136.454910,,,
1591,13.258333,14:47:22:17.00,-96.615364,302.190002,133.286209,-96.621391,309.063995,133.938599,-96.091042,304.393707,136.455505,,,
1592,13.266667,14:47:22:17.01,-96.616959,302.188416,133.288025,-96.621284,309.064148,133.938599,-96.086861,304.397949,136.455322,,,
1593,13.275000,14:47:22:17.02,-96.615997,302.190247,133.286972,-96.622406,309.063843,133.938599,-96.090614,304.394684,136.456421,,,
1594,13.283333,14:47:22:17.03,-96.614540,302.189636,133.287292,-96.621994,309.064972,133.938629,-96.091072,304.394592,136.456268,,,
1595,13.291667,14:47:22:18.00,-96.616486,302.189362,133.287170,-96.621078,309.063995,133.938293,-96.091858,304.394989,136.456009,,,
1596,13.300000,14:47:22:18.01,-96.613602,302.191040,133.285812,-96.621582,309.063110,133.939301,-96.092567,304.394592,136.456238,,,
1597,13.308333,14:47:22:18.02,-96.613480,302.189484,133.285599,-96.623619,309.065094,133.939331,-96.092636,304.393738,136.454910,,,
1598,13.316667,14:47:22:18.03,-96.614235,302.190979,133.287186,-96.623299,309.064789,133.938263,-96.090874,304.393707,136.453857,,,
1599,13.325000,14:47:22:19.00,-96.614799,302.191071,133.286377,-96.624451,309.064880,133.939713,-96.091568,304.394958,136.454697,,,
1600,13.333333,14:47:22:19.01,-96.611229,302.191559,133.285065,-96.624397,309.064728,133.939011,-96.091339,304.394897,136.455185,,,
1601,13.341667,14:47:22:19.02,-96.613892,302.191254,133.285553,-96.623825,309.064270,133.938843,-96.092628,304.395599,136.455460,,,
1602,13.350000,14:47:22:19.03,-96.613434,302.191071,133.284668,-96.623322,309.065582,133.939224,-96.090309,304.394806,136.454941,,,
1603,13.358333,14:47:22:20.00,-96.610497,302.191620,133.284317,-96.624603,309.065887,133.938339,-96.091011,304.395721,136.455017,,,
1604,13.366667,14:47:22:20.01,-96.611336,302.192535,133.284882,-96.623383,309.064545,133.937653,-96.091164,304.395996,136.455139,,,
1605,13.375000,14:47:22:20.02,-96.610130,302.191437,133.285080,-96.623215,309.064331,133.937317,-96.091003,304.395874,136.454422,,,
1606,13.383333,14:47:22:20.03,-96.611572,302.191681,133.284882,-96.624115,309.063568,133.937256,-96.091553,304.395447,136.455185,,,
1607,13.391667,14:47:22:21.00,-96.613159,302.190552,133.284073,-96.626236,309.064911,133.937347,-96.090393,304.395142,136.454788,,,
1608,13.400000,14:47:22:21.01,-96.612488,302.190460,133.284897,-96.625610,309.063477,133.937653,-96.091568,304.394440,136.455124,,,
1609,13.408333,14:47:22:21.02,-96.611916,302.191406,133.286026,-96.624496,309.063416,133.936691,-96.089134,304.394379,136.455124,,,
1610,13.416667,14:47:22:21.03,-96.609718,302.189423,133.286880,-96.622757,309.064240,133.935791,-96.089760,304.395142,136.454590,,,
1611,13.425000,14:47:22:22.00,-96.611511,302.191986,133.284363,-96.623489,309.064850,133.936523,-96.087975,304.393494,136.454758,,,
1612,13.433333,14:47:22:22.01,-96.612862,302.191772,133.282059,-96.623970,309.064026,133.937454,-96.089821,304.394073,136.453720,,,
1613,13.441667,14:47:22:22.02,-96.617073,302.184540,133.280640,-96.626366,309.064209,133.937149,-96.091690,304.394989,136.455460,,,
1614,13.450000,14:47:22:22.03,-96.616653,302.181946,133.280548,-96.626434,309.063904,133.937302,-96.090256,304.394531,136.453934,,,
1615,13.458333,14:47:22:23.00,-96.615356,302.186127,133.283524,-96.624908,309.063232,133.937210,-96.088448,304.394226,136.454269,,,
1616,13.466667,14:47:22:23.01,-96.609726,302.185150,133.285599,-96.625008,309.062561,133.937943,-96.090385,304.394318,136.454681,,,
1617,13.475000,14:47:22:23.02,-96.612587,302.189789,133.282120,-96.624794,309.063904,133.937119,-96.090210,304.394684,136.453720,,,
1618,13.483333,14:47:22:23.03,-96.612343,302.203796,133.284790,-96.625282,309.063995,133.938065,-96.091782,304.394684,136.454224,,,
1619,13.491667,14:47:22:24.00,-96.611603,302.198944,133.287506,-96.637352,309.070831,133.936279,-96.092117,304.394745,136.454178,,,
1620,13.500000,14:47:22:24.01,-96.614319,302.194885,133.284058,-96.625786,309.063232,133.936142,-96.090965,304.394897,136.454590,,,
1621,13.508333,14:47:22:24.02,-96.620140,302.195953,133.279907,-96.623848,309.064423,133.936691,-96.091766,304.395538,136.454346,,,
1622,13.516667,14:47:22:24.03,-96.623291,302.196686,133.279358,-96.623520,309.064636,133.936600,-96.090317,304.395721,136.453964,,,
1623,13.525000,14:47:22:25.00,-96.619026,302.196228,133.280762,-96.624161,309.065338,133.936295,-96.091011,304.395538,136.454712,,,
1624,13.533333,14:47:22:25.01,-96.611107,302.188385,133.279877,-96.624779,309.065735,133.936234,-96.091743,304.395569,136.454193,,,
1625,13.541667,14:47:22:25.02,-96.614227,302.181244,133.280594,-96.624725,309.065399,133.937637,-96.091278,304.395905,136.454361,,,
1626,13.550000,14:47:22:25.03,-96.615967,302.177368,133.279968,-96.625122,309.064575,133.937225,-96.091873,304.395508,136.453613,,,
1627,13.558333,14:47:22:26.00,-96.617645,302.174713,133.278275,-96.624161,309.065216,133.935760,-96.090019,304.395599,136.454712,,,
1628,13.566667,14:47:22:26.01,-96.617142,302.173248,133.275787,-96.633667,309.070618,133.933411,-96.090675,304.394501,136.453613,,,
1629,13.575000,14:47:22:26.02,-96.618347,302.173126,133.277512,-96.625603,309.064636,133.936279,-96.091118,304.394653,136.453400,,,
1630,13.583333,14:47:22:26.03,-96.619255,302.175049,133.276978,-96.624527,309.065948,133.936783,-96.089951,304.394196,136.454544,,,
1631,13.591667,14:47:22:27.00,-96.619270,302.176575,133.277451,-96.623100,309.065002,133.936646,-96.090744,304.395447,136.454254,,,
1632,13.600000,14:47:22:27.01,-96.616890,302.177826,133.278900,-96.623337,309.063354,133.936462,-96.089172,304.394714,136.453705,,,
1633,13.608333,14:47:22:27.02,-96.615479,302.181671,133.281036,-96.625526,309.064972,133.936508,-96.091309,304.395081,136.453598,,,
1634,13.616667,14:47:22:27.03,-96.612602,302.182709,133.281937,-96.625580,309.064331,133.935959,-96.091080,304.395630,136.453705,,,
1635,13.625000,14:47:22:28.00,-96.615883,302.186798,133.283478,-96.624969,309.064362,133.937027,-96.090584,304.394501,136.453583,,,
1636,13.633333,14:47:22:28.01,-96.612289,302.188904,133.283081,-96.624687,309.062012,133.935776,-96.090317,304.396088,136.452759,,,
1637,13.641667,14:47:22:28.02,-96.611023,302.191010,133.282654,-96.624550,309.063843,133.935562,-96.090294,304.395020,136.454620,,,
1638,13.650000,14:47:22:28.03,-96.612343,302.191223,133.284180,-96.625450,309.063507,133.935440,-96.091331,304.394226,136.453156,,,
1639,13.658333,14:47:22:29.00,-96.611305,302.192108,133.285065,-96.625175,309.063507,133.935257,-96.090546,304.395203,136.454102,,,
1640,13.666667,14:47:22:29.01,-96.612160,302.192719,133.284561,-96.624245,309.063232,133.935379,-96.091087,304.395020,136.454453,,,
1641,13.675000,14:47:22:29.02,-96.612152,302.194733,133.285278,-96.625221,309.064392,133.935898,-96.089859,304.394775,136.454193,,,
1642,13.683333,14:47:22:29.03,-96.610191,302.197754,133.285828,-96.625038,309.064697,133.936234,-96.090790,304.395752,136.454239,,,
1643,13.691667,14:47:23:00.00,-96.610527,302.198120,133.285553,-96.623734,309.063354,133.935425,-96.090157,304.395447,136.453186,,,
1644,13.700000,14:47:23:00.01,-96.612366,302.199554,133.287720,-96.624596,309.063721,133.935593,-96.091263,304.395020,136.453156,,,
1645,13.708333,14:47:23:00.02,-96.609879,302.201691,133.289444,-96.623306,309.064758,133.936249,-96.090630,304.394379,136.453674,,,
1646,13.716667,14:47:23:00.03,-96.609138,302.204285,133.289536,-96.623970,309.064972,133.936203,-96.089211,304.395020,136.453217,,,
1647,13.725000,14:47:23:01.00,-96.606911,302.205933,133.292450,-96.623634,309.064209,133.935822,-96.089607,304.396423,136.453110,,,
1648,13.733333,14:47:23:01.01,-96.603653,302.206909,133.292496,-96.625206,309.065094,133.935471,-96.090477,304.396027,136.453690,,,
1649,13.741667,14:47:23:01.02,-96.604477,302.206573,133.291748,-96.623291,309.066071,133.936005,-96.088860,304.396301,136.454575,,,
1650,13.750000,14:47:23:01.03,-96.605125,302.203735,133.291214,-96.623138,309.064545,133.936249,-96.090302,304.395966,136.452713,,,
1651,13.758333,14:47:23:02.00,-96.610001,302.202789,133.289734,-96.623924,309.064362,133.935516,-96.090179,304.396271,136.452850,,,
1652,13.766667,14:47:23:02.01,-96.613190,302.201050,133.290283,-96.623482,309.065186,133.935913,-96.090660,304.394867,136.452576,,,
1653,13.775000,14:47:23:02.02,-96.612251,302.201019,133.286285,-96.624664,309.066132,133.936066,-96.091629,304.395813,136.453384,,,
1654,13.783333,14:47:23:02.03,-96.614853,302.201904,133.285019,-96.624321,309.065033,133.935089,-96.090111,304.395691,136.452621,,,
1655,13.791667,14:47:23:03.00,-96.618134,302.201569,133.282501,-96.624519,309.064087,133.936417,-96.091583,304.395569,136.453964,,,
1656,13.800000,14:47:23:03.01,-96.617859,302.202637,133.281845,-96.624260,309.064301,133.935730,-96.089073,304.394653,136.453476,-217.078094,322.860596,173.671448
1657,13.808333,14:47:23:03.02,-96.623634,302.203308,133.278732,-96.624794,309.063995,133.935242,-96.089798,304.395355,136.453461,-217.017502,322.865295,173.636932
1658,13.816667,14:47:23:03.03,-96.625511,302.202637,133.276764,-96.625771,309.064514,133.936478,-96.090630,304.395416,136.453247,-216.983887,322.837799,173.621017
1659,13.825000,14:47:23:04.00,-96.628723,302.202454,133.275955,-96.623711,309.063782,133.935730,-96.090721,304.395782,136.453537,-216.970566,322.815399,173.636734
1660,13.833333,14:47:23:04.01,-96.627892,302.204956,133.275482,-96.623489,309.063538,133.935867,-96.091949,304.395355,136.453613,-216.942017,322.795624,173.655624
1661,13.841667,14:47:23:04.02,-96.628784,302.203461,133.275177,-96.623474,309.064545,133.935867,-96.090279,304.394653,136.453583,-216.902664,322.768433,173.651367
1662,13.850000,14:47:23:04.03,-96.629471,302.201843,133.274292,-96.624069,309.064789,133.936157,-96.091301,304.395935,136.454102,-216.859787,322.740753,173.635635
1663,13.858333,14:47:23:05.00,-96.629486,302.201630,133.275986,-96.622917,309.064575,133.935822,-96.089088,304.395325,136.453064,-216.824203,322.709381,173.636017
1664,13.866667,14:47:23:05.01,-96.627327,302.201508,133.276794,-96.623886,309.064545,133.936386,-96.089996,304.394592,136.452667,-216.791580,322.675812,173.652328
1665,13.875000,14:47:23:05.02,-96.626259,302.199615,133.275253,-96.623581,309.064087,133.935806,-96.089325,304.395325,136.452728,-216.756317,322.642944,173.650986
1666,13.883333,14:47:23:05.03,-96.624741,302.198975,133.275467,-96.622955,309.064880,133.935562,-96.089729,304.395966,136.453384,-216.712875,322.611359,173.644943
1667,13.891667,14:47:23:06.00,-96.624908,302.196899,133.278275,-96.623680,309.064545,133.936157,-96.089264,304.395233,136.453278,-216.652252,322.567261,173.648911
1668,13.900000,14:47:23:06.01,-96.621475,302.195679,133.277908,-96.624390,309.064392,133.935974,-96.088898,304.395447,136.454041,-216.612030,322.535187,173.666031
1669,13.908333,14:47:23:06.02,-96.618744,302.195374,133.280273,-96.624306,309.065186,133.936478,-96.088829,304.396118,136.454468,-216.577774,322.512360,173.688766
1670,13.916667,14:47:23:06.03,-96.616608,302.193176,133.279938,-96.624290,309.064270,133.935699,-96.090286,304.395599,136.453491,-216.533066,322.478516,173.693436
1671,13.925000,14:47:23:07.00,-96.614143,302.193237,133.280289,-96.624435,309.065125,133.936279,-96.089661,304.394897,136.453461,-216.479370,322.439789,173.681473
1672,13.933333,14:47:23:07.01,-96.615532,302.192017,133.282852,-96.623978,309.063477,133.935852,-96.090324,304.396210,136.452988,-216.431168,322.402161,173.668854
1673,13.941667,14:47:23:07.02,-96.613922,302.191833,133.283463,-96.624657,309.064545,133.936829,-96.090126,304.395325,136.453705,-216.392303,322.350830,173.663895
1674,13.950000,14:47:23:07.03,-96.610031,302.192963,133.285599,-96.625809,309.065247,133.936996,-96.090858,304.397400,136.454086,-216.347717,322.300507,173.660294
1675,13.958333,14:47:23:08.00,-96.608536,302.192963,133.287582,-96.625488,309.065826,133.936356,-96.091797,304.395813,136.454559,-216.293381,322.245453,173.649567
1676,13.966667,14:47:23:08.01,-96.605667,302.192627,133.288834,-96.624176,309.063599,133.935669,-96.092018,304.394806,136.453476,-216.253082,322.199554,173.635971
1677,13.975000,14:47:23:08.02,-96.605339,302.190247,133.289413,-96.624527,309.064972,133.936172,-96.090057,304.395935,136.453262,-216.227249,322.162384,173.627060
1678,13.983333,14:47:23:08.03,-96.604881,302.188751,133.292389,-96.624046,309.064423,133.935684,-96.090782,304.394836,136.453430,-216.202164,322.125244,173.614868
1679,13.991667,14:47:23:09.00,-96.604919,302.186401,133.292221,-96.634346,309.069855,133.934479,-96.091530,304.395660,136.454712,-216.159653,322.087799,173.601532
1680,14.000000,14:47:23:09.01,-96.602524,302.185150,133.290939,-96.627342,309.065857,133.937469,-96.090088,304.395477,136.453323,-216.124252,322.053009,173.590683
1681,14.008333,14:47:23:09.02,-96.601135,302.185425,133.293289,-96.623474,309.063690,133.936737,-96.091049,304.396118,136.454086,-216.100769,322.021912,173.578094
1682,14.016667,14:47:23:09.03,-96.601845,302.182495,133.294388,-96.624100,309.064423,133.937820,-96.090889,304.395355,136.453812,-216.083054,321.984589,173.568268
1683,14.025000,14:47:23:10.00,-96.599968,302.180542,133.291748,-96.624649,309.064545,133.936554,-96.089577,304.395660,136.453674,-216.067719,321.957245,173.554047
1684,14.033333,14:47:23:10.01,-96.600975,302.175201,133.295685,-96.634399,309.070160,133.935684,-96.090408,304.395264,136.454041,-216.046494,321.929871,173.535767
1685,14.041667,14:47:23:10.02,-96.599586,302.170258,133.296066,-96.627113,309.063904,133.936295,-96.089912,304.394928,136.453171,-216.016556,321.900848,173.512192
1686,14.050000,14:47:23:10.03,-96.595558,302.168274,133.297226,-96.623848,309.063782,133.936829,-96.090424,304.395447,136.453506,-215.980286,321.877411,173.489182
1687,14.058333,14:47:23:11.00,-96.591415,302.164551,133.300156,-96.624969,309.065491,133.936981,-96.090187,304.395142,136.453629,-215.956787,321.851837,173.462280
1688,14.066667,14:47:23:11.01,-96.590515,302.160553,133.301193,-96.623802,309.064789,133.937012,-96.091095,304.394775,136.453461,-215.937042,321.825623,173.446411
1689,14.075000,14:47:23:11.02,-96.596321,302.161560,133.299286,-96.623573,309.064606,133.935852,-96.090141,304.397308,136.453094,-215.918259,321.790436,173.441315
1690,14.083333,14:47:23:11.03,-96.599205,302.164459,133.295227,-96.625977,309.064423,133.936966,-96.089104,304.395264,136.453888,-215.885925,321.751923,173.435150
1691,14.091667,14:47:23:12.00,-96.601715,302.164185,133.291656,-96.624847,309.064178,133.936874,-96.091095,304.396210,136.454330,-215.842010,321.702637,173.433105
1692,14.100000,14:47:23:12.01,-96.606583,302.165833,133.289749,-96.624283,309.063629,133.936493,-96.091095,304.396729,136.452942,-215.803696,321.643372,173.435425
1693,14.108333,14:47:23:12.02,-96.612358,302.178314,133.280090,-96.623901,309.064453,133.936066,-96.090843,304.395935,136.452301,-215.775162,321.587860,173.439514
1694,14.116667,14:47:23:12.03,-96.615067,302.178101,133.281570,-96.625671,309.065155,133.938080,-96.091591,304.395782,136.452866,-215.751770,321.538483,173.446182
1695,14.125000,14:47:23:13.00,-96.614288,302.177612,133.281998,-96.635559,309.071320,133.935043,-96.089363,304.396210,136.454361,-215.720108,321.502319,173.455734
1696,14.133333,14:47:23:13.01,-96.612892,302.177460,133.282501,-96.627190,309.063873,133.935318,-96.090691,304.395935,136.452927,-215.685349,321.464844,173.456253
1697,14.141667,14:47:23:13.02,-96.614929,302.179657,133.281799,-96.625290,309.063721,133.936310,-96.091904,304.396179,136.452774,-215.650558,321.428101,173.442398
1698,14.150000,14:47:23:13.03,-96.613068,302.180756,133.281982,-96.625763,309.062439,133.937378,-96.091690,304.395874,136.453568,-215.622498,321.397247,173.417526
1699,14.158333,14:47:23:14.00,-96.613197,302.177856,133.281311,-96.625511,309.064636,133.936890,-96.092659,304.396149,136.453979,-215.588882,321.370392,173.390991
1700,14.166667,14:47:23:14.01,-96.613426,302.176941,133.280762,-96.626289,309.064606,133.936890,-96.091095,304.395355,136.452225,-215.531616,321.306488,173.381210
1701,14.175000,14:47:23:14.02,-96.611061,302.203247,133.287842,-96.625694,309.064087,133.937531,-96.090729,304.394928,136.453766,-215.471893,321.241821,173.398346
1702,14.183333,14:47:23:14.03,-96.608185,302.223297,133.294708,-96.624146,309.064301,133.938019,-96.090248,304.396027,136.453384,-215.432770,321.181366,173.426346
1703,14.191667,14:47:23:15.00,-96.604584,302.241028,133.300751,-96.623871,309.064606,133.936890,-96.091202,304.395660,136.454376,-215.395065,321.132446,173.439224
1704,14.200000,14:47:23:15.01,-96.599792,302.257324,133.307571,-96.625946,309.064484,133.936432,-96.091255,304.395721,136.453491,-215.346786,321.083130,173.423309
1705,14.208333,14:47:23:15.02,-96.587288,302.260742,133.316650,-96.623756,309.064331,133.937302,-96.091148,304.394531,136.453873,-215.321655,321.021179,173.391907
1706,14.216667,14:47:23:15.03,-96.565994,302.248779,133.318420,-96.624283,309.065399,133.937103,-96.091042,304.395813,136.453903,-215.298767,320.952759,173.369568
1707,14.225000,14:47:23:16.00,-96.554115,302.235260,133.315628,-96.625938,309.063171,133.937454,-96.090393,304.396210,136.454559,-215.271301,320.889923,173.366806
1708,14.233333,14:47:23:16.01,-96.557312,302.222382,133.311874,-96.625282,309.062927,133.936234,-96.091209,304.395630,136.453506,-215.245361,320.831940,173.373596
1709,14.241667,14:47:23:16.02,-96.571579,302.214355,133.307861,-96.625206,309.062805,133.936554,-96.090027,304.396210,136.453232,-215.206390,320.781097,173.380966
1710,14.250000,14:47:23:16.03,-96.588173,302.208801,133.300812,-96.625153,309.064331,133.937378,-96.089249,304.394806,136.452438,-215.174561,320.736908,173.381897
1711,14.258333,14:47:23:17.00,-96.602425,302.205444,133.292038,-96.625359,309.064728,133.936661,-96.090225,304.394836,136.453400,-215.155457,320.689941,173.382523
1712,14.266667,14:47:23:17.01,-96.610497,302.200714,133.289261,-96.625206,309.063782,133.936569,-96.092049,304.395355,136.453827,-215.140396,320.640076,173.381912
1713,14.275000,14:47:23:17.02,-96.609589,302.195496,133.284790,-96.624802,309.062775,133.936981,-96.090630,304.396088,136.453094,-215.132263,320.572388,173.383743
1714,14.283333,14:47:23:17.03,-96.612343,302.188629,133.281891,-96.624825,309.064423,133.936615,-96.090103,304.393951,136.452744,-215.111038,320.503845,173.390549
1715,14.291667,14:47:23:18.00,-96.615570,302.183807,133.280212,-96.624947,309.064728,133.936340,-96.092163,304.395691,136.453995,-215.085083,320.439636,173.391022
1716,14.300000,14:47:23:18.01,-96.619675,302.181091,133.280426,-96.623955,309.064484,133.936035,-96.091064,304.395172,136.453201,-215.056702,320.392090,173.380524
1717,14.308333,14:47:23:18.02,-96.617302,302.181183,133.279327,-96.624138,309.064209,133.936127,-96.089859,304.395081,136.453796,-215.026550,320.351837,173.368774
1718,14.316667,14:47:23:18.03,-96.615555,302.182526,133.279663,-96.624702,309.063324,133.935944,-96.091080,304.394928,136.453491,-215.003510,320.314728,173.368439
1719,14.325000,14:47:23:19.00,-96.616783,302.185760,133.280533,-96.624245,309.063568,133.937347,-96.090881,304.395599,136.453903,-214.993500,320.266876,173.389938
1720,14.333333,14:47:23:19.01,-96.611862,302.190552,133.283524,-96.624519,309.063751,133.937256,-96.090782,304.396759,136.452896,-214.978165,320.216125,173.417953
1721,14.341667,14:47:23:19.02,-96.611336,302.192902,133.284348,-96.624603,309.063995,133.936066,-96.090462,304.395569,136.453064,-214.950974,320.138153,173.445312
1722,14.350000,14:47:23:19.03,-96.611565,302.194031,133.285019,-96.624458,309.063507,133.936844,-96.090973,304.395508,136.452499,-214.930374,320.060577,173.456543
1723,14.358333,14:47:23:20.00,-96.611008,302.194031,133.286438,-96.624062,309.065125,133.937653,-96.090714,304.394775,136.453156,-214.897888,320.000031,173.449707
1724,14.366667,14:47:23:20.01,-96.611588,302.193817,133.285751,-96.625046,309.064484,133.936707,-96.091019,304.395660,136.452484,-214.872070,319.944672,173.430984
1725,14.375000,14:47:23:20.02,-96.609344,302.192535,133.284561,-96.625084,309.063843,133.936325,-96.090652,304.395569,136.454178,-214.858368,319.895569,173.404266
1726,14.383333,14:47:23:20.03,-96.609787,302.190674,133.284515,-96.625504,309.063171,133.936325,-96.089241,304.395172,136.452347,-214.854935,319.822174,173.402222
1727,14.391667,14:47:23:21.00,-96.610352,302.190948,133.285049,-96.626129,309.065338,133.937286,-96.091637,304.396851,136.453491,-214.853577,319.769135,173.409775
1728,14.400000,14:47:23:21.01,-96.612724,302.191437,133.285400,-96.623978,309.064301,133.936691,-96.089409,304.394470,136.453003,-214.845108,319.706726,173.421722
1729,14.408333,14:47:23:21.02,-96.613205,302.191406,133.285782,-96.624756,309.064209,133.937485,-96.091019,304.394989,136.453293,-214.841415,319.638336,173.425537
1730,14.416667,14:47:23:21.03,-96.612755,302.191589,133.285339,-96.625633,309.064636,133.937531,-96.091324,304.395233,136.453659,-214.834015,319.573303,173.418777
1731,14.425000,14:47:23:22.00,-96.611496,302.190735,133.283981,-96.626205,309.063965,133.936523,-96.091751,304.395203,136.453613,-214.822983,319.508331,173.409637
1732,14.433333,14:47:23:22.01,-96.611855,302.190826,133.284241,-96.625778,309.063965,133.936005,-96.089813,304.394348,136.453064,-214.817474,319.452881,173.412460
1733,14.441667,14:47:23:22.02,-96.611115,302.191986,133.285446,-96.625656,309.064056,133.937103,-96.090477,304.395447,136.453613,-214.808105,319.404663,173.429367
1734,14.450000,14:47:23:22.03,-96.611023,302.192047,133.284134,-96.623306,309.063843,133.936874,-96.089630,304.395081,136.453735,-214.794296,319.359406,173.462753
1735,14.458333,14:47:23:23.00,-96.611694,302.192749,133.285080,-96.624199,309.063354,133.937805,-96.090454,304.395874,136.453400,-214.774750,319.309174,173.501007
1736,14.466667,14:47:23:23.01,-96.612488,302.191437,133.285263,-96.626389,309.065186,133.937469,-96.090195,304.394806,136.453934,-214.760345,319.249207,173.529083
1737,14.475000,14:47:23:23.02,-96.611168,302.191162,133.283966,-96.623657,309.064209,133.936951,-96.090591,304.395996,136.454330,-214.757538,319.203461,173.548645
1738,14.483333,14:47:23:23.03,-96.610771,302.192261,133.285446,-96.625015,309.065674,133.937607,-96.089493,304.395569,136.453384,-214.759827,319.153656,173.562805
1739,14.491667,14:47:23:24.00,-96.610870,302.191772,133.285660,-96.624252,309.063507,133.937012,-96.088730,304.395905,136.453186,-214.752548,319.101349,173.580536
1740,14.500000,14:47:23:24.01,-96.611115,302.191864,133.285248,-96.623825,309.064606,133.937149,-96.091438,304.396179,136.453766,-214.740845,319.040314,173.606033
1741,14.508333,14:47:23:24.02,-96.611626,302.192749,133.285873,-96.624519,309.064789,133.937424,-96.091530,304.395935,136.453873,-214.721329,318.980133,173.634415
1742,14.516667,14:47:23:24.03,-96.611496,302.190857,133.283524,-96.623840,309.063507,133.936935,-96.090721,304.395233,136.453445,-214.685898,318.912384,173.670273
1743,14.525000,14:47:23:25.00,-96.613129,302.190704,133.285400,-96.625511,309.064636,133.937805,-96.089767,304.396149,136.454163,-214.661545,318.851990,173.698318
1744,14.533333,14:47:23:25.01,-96.615318,302.191711,133.285660,-96.624443,309.063782,133.936905,-96.089783,304.396515,136.453934,-214.650818,318.803314,173.712494
1745,14.541667,14:47:23:25.02,-96.610970,302.191437,133.284729,-96.624893,309.064026,133.937241,-96.091614,304.397339,136.455322,-214.643341,318.756653,173.727768
1746,14.550000,14:47:23:25.03,-96.611061,302.191040,133.283188,-96.623627,309.063843,133.936722,-96.091057,304.395782,136.454468,-214.636688,318.708740,173.738342
1747,14.558333,14:47:23:26.00,-96.613014,302.190704,133.285416,-96.624908,309.064026,133.936630,-96.090347,304.395172,136.453873,-214.634705,318.649139,173.744888
1748,14.566667,14:47:23:26.01,-96.611328,302.190338,133.285004,-96.624886,309.064056,133.936630,-96.092484,304.394928,136.455124,-214.627426,318.576172,173.749207
1749,14.575000,14:47:23:26.02,-96.610054,302.191223,133.283371,-96.624207,309.064392,133.936905,-96.090126,304.393585,136.453537,-214.616211,318.511078,173.756104
1750,14.583333,14:47:23:26.03,-96.614227,302.191223,133.285736,-96.624443,309.065002,133.937805,-96.090790,304.396942,136.454056,-214.604446,318.462006,173.766617
1751,14.591667,14:47:23:27.00,-96.613541,302.191498,133.285446,-96.624908,309.064850,133.937637,-96.090431,304.396088,136.454422,-214.595657,318.409546,173.777527
1752,14.600000,14:47:23:27.01,-96.612114,302.191223,133.284378,-96.624756,309.064880,133.938187,-96.090225,304.394562,136.453690,-214.591721,318.370605,173.780319
1753,14.608333,14:47:23:27.02,-96.612152,302.191986,133.286240,-96.623512,309.064758,133.937714,-96.089432,304.394745,136.455078,-214.595581,318.332245,173.776199
1754,14.616667,14:47:23:27.03,-96.612335,302.190887,133.284683,-96.625206,309.064972,133.938232,-96.089592,304.394958,136.454636,-214.602356,318.280823,173.770096
1755,14.625000,14:47:23:28.00,-96.608986,302.191650,133.284546,-96.624596,309.064240,133.937592,-96.091873,304.396210,136.455170,-214.623306,318.208038,173.758194
1756,14.633333,14:47:23:28.01,-96.612137,302.191376,133.285538,-96.624207,309.064819,133.938583,-96.090141,304.395538,136.453995,-214.633636,318.123596,173.747070
1757,14.641667,14:47:23:28.02,-96.613220,302.191772,133.285156,-96.625381,309.065735,133.938446,-96.091873,304.396820,136.455017,-214.646942,318.056549,173.738220
1758,14.650000,14:47:23:28.03,-96.613289,302.190887,133.284271,-96.623444,309.064026,133.936859,-96.090858,304.395691,136.454376,-214.656067,317.988861,173.743088
1759,14.658333,14:47:23:29.00,-96.613533,302.191650,133.286041,-96.624298,309.065094,133.938492,-96.089943,304.395050,136.455399,-214.661865,317.938416,173.750198
1760,14.666667,14:47:23:29.01,-96.612473,302.191284,133.285934,-96.623840,309.064423,133.938019,-96.091743,304.395142,136.455078,-214.673660,317.872986,173.751144
1761,14.675000,14:47:23:29.02,-96.614334,302.191162,133.285538,-96.624939,309.064301,133.937485,-96.091705,304.395050,136.455414,-214.689560,317.787964,173.743637
1762,14.683333,14:47:23:29.03,-96.614967,302.191040,133.284805,-96.624863,309.063873,133.935928,-96.091759,304.394836,136.455429,-214.688370,317.696228,173.733856
1763,14.691667,14:47:24:00.00,-96.615433,302.192169,133.285263,-96.624825,309.064148,133.937576,-96.090576,304.394867,136.454498,-214.677292,317.614044,173.731812
1764,14.700000,14:47:24:00.01,-96.612885,302.191711,133.284393,-96.624962,309.064636,133.937668,-96.092918,304.395569,136.455063,-214.665314,317.543274,173.735077
1765,14.708333,14:47:24:00.02,-96.614471,302.191315,133.286438,-96.634331,309.070312,133.936035,-96.090248,304.394928,136.455063,-214.663284,317.467102,173.730408
1766,14.716667,14:47:24:00.03,-96.614029,302.192505,133.285507,-96.626350,309.065033,133.937958,-96.090469,304.395691,136.454254,-214.662048,317.372955,173.723526
1767,14.725000,14:47:24:01.00,-96.612457,302.191528,133.286148,-96.623734,309.064545,133.936676,-96.090302,304.393982,136.454620,-214.649536,317.271149,173.721207
1768,14.733333,14:47:24:01.01,-96.612999,302.191498,133.284912,-96.624420,309.064087,133.937454,-96.092102,304.395355,136.455338,-214.632339,317.185822,173.724716
1769,14.741667,14:47:24:01.02,-96.613602,302.191254,133.285690,-96.633614,309.070587,133.935730,-96.090714,304.394623,136.455200,-214.615326,317.113037,173.729568
1770,14.750000,14:47:24:01.03,-96.612007,302.190491,133.285660,-96.625099,309.064056,133.937759,-96.091629,304.393616,136.455994,-214.593079,317.019989,173.738129
1771,14.758333,14:47:24:02.00,-96.611954,302.190277,133.284866,-96.623543,309.064941,133.937988,-96.091011,304.392731,136.455444,-214.570999,316.899445,173.749023
1772,14.766667,14:47:24:02.01,-96.614624,302.191681,133.285049,-96.623665,309.064117,133.938736,-96.091743,304.394073,136.455078,-214.543060,316.794678,173.766937
1773,14.775000,14:47:24:02.02,-96.615646,302.190765,133.286209,-96.623787,309.065674,133.938919,-96.091827,304.395691,136.454468,-214.519928,316.710876,173.798340
1774,14.783333,14:47:24:02.03,-96.614525,302.191010,133.285065,-96.621811,309.064423,133.937347,-96.090469,304.395325,136.455353,-214.486404,316.645905,173.839539
1775,14.791667,14:47:24:03.00,-96.616142,302.190918,133.286972,-96.623619,309.064331,133.937088,-96.091095,304.394470,136.455688,-214.438629,316.556244,173.882278
1776,14.800000,14:47:24:03.01,-96.612946,302.190338,133.284454,-96.624985,309.064423,133.939056,-96.091339,304.394318,136.454910,-214.385406,316.442596,173.929565
1777,14.808333,14:47:24:03.02,-96.613205,302.190033,133.285950,-96.622765,309.064087,133.937943,-96.091759,304.394165,136.456268,-214.353149,316.355988,173.976395
1778,14.816667,14:47:24:03.03,-96.613899,302.191254,133.284744,-96.622414,309.064087,133.938080,-96.091202,304.394531,136.455078,-214.309097,316.285065,174.021454
1779,14.825000,14:47:24:04.00,-96.613548,302.191132,133.286499,-96.623611,309.064819,133.938736,-96.090775,304.394958,136.454971,-214.255432,316.206085,174.057632
1780,14.833333,14:47:24:04.01,-96.613213,302.191650,133.284790,-96.622978,309.064758,133.937485,-96.091118,304.395569,136.454849,-214.204651,316.099854,174.089050
1781,14.841667,14:47:24:04.02,-96.611839,302.190399,133.285873,-96.622688,309.064850,133.938293,-96.090736,304.394836,136.454605,-214.163239,316.015564,174.109955
1782,14.850000,14:47:24:04.03,-96.611176,302.189911,133.284454,-96.622574,309.064636,133.938232,-96.091148,304.394257,136.455048,-214.136459,315.940704,174.138809
1783,14.858333,14:47:24:05.00,-96.614861,302.190063,133.286087,-96.623055,309.064117,133.938324,-96.091637,304.395752,136.455399,-214.106445,315.842560,174.151642
1784,14.866667,14:47:24:05.01,-96.615929,302.191101,133.285980,-96.621819,309.064697,133.938950,-96.091438,304.394867,136.455215,-214.076813,315.716278,174.171097
1785,14.875000,14:47:24:05.02,-96.613396,302.190735,133.285355,-96.623253,309.065063,133.938293,-96.090973,304.394379,136.454422,-214.054321,315.621399,174.187057
1786,14.883333,14:47:24:05.03,-96.612656,302.192230,133.286575,-96.622879,309.064941,133.938568,-96.091339,304.394409,136.454651,-214.043976,315.543488,174.204300
1787,14.891667,14:47:24:06.00,-96.614113,302.191254,133.286209,-96.622070,309.064514,133.938950,-96.091942,304.395386,136.453812,-214.033966,315.468109,174.215668
1788,14.900000,14:47:24:06.01,-96.615562,302.191101,133.287155,-96.621979,309.064209,133.938583,-96.092270,304.395477,136.455292,-214.009094,315.345917,174.224915
1789,14.908333,14:47:24:06.02,-96.613892,302.189941,133.285385,-96.622948,309.064209,133.938629,-96.091751,304.394897,136.454590,-213.984467,315.225281,174.235672
1790,14.916667,14:47:24:06.03,-96.616173,302.189026,133.286804,-96.622696,309.064697,133.937851,-96.091049,304.394440,136.454712,-213.965561,315.137756,174.247833
1791,14.925000,14:47:24:07.00,-96.619148,302.189911,133.286514,-96.621353,309.064789,133.938873,-96.091393,304.394012,136.454529,-213.959763,315.063751,174.257568
1792,14.933333,14:47:24:07.01,-96.616730,302.189026,133.286438,-96.621811,309.064972,133.938431,-96.091751,304.394257,136.455902,-213.944214,314.940948,174.264664
1793,14.941667,14:47:24:07.02,-96.615974,302.188721,133.286362,-96.621536,309.064758,133.938080,-96.091507,304.393799,136.455109,-213.920929,314.816132,174.274750
1794,14.950000,14:47:24:07.03,-96.616676,302.188934,133.285965,-96.621918,309.064606,133.937973,-96.091087,304.394714,136.455002,-213.907578,314.728302,174.282455
1795,14.958333,14:47:24:08.00,-96.618515,302.188263,133.286957,-96.621758,309.063202,133.938110,-96.090820,304.394073,136.455231,-213.899155,314.628906,174.291489
1796,14.966667,14:47:24:08.01,-96.620285,302.188660,133.288376,-96.621971,309.063507,133.938599,-96.090569,304.393372,136.454300,-213.907196,314.452789,174.293427
1797,14.975000,14:47:24:08.02,-96.619164,302.188721,133.287170,-96.622139,309.063721,133.938736,-96.092278,304.393616,136.456055,-213.926056,314.311707,174.278839
1798,14.983333,14:47:24:08.03,-96.620094,302.187500,133.287750,-96.623978,309.064758,133.939056,-96.091476,304.394958,136.456177,-213.951019,314.180634,174.274902
1799,14.991667,14:47:24:09.00,-96.620239,302.190186,133.289093,-96.621880,309.063171,133.936890,-96.092102,304.394012,136.454208,-213.959167,313.998352,174.280365
1800,15.000000,14:47:24:09.01,-96.620766,302.188629,133.287735,-96.622215,309.063416,133.938431,-96.090874,304.393494,136.454788,-213.953140,313.868164,174.286774
1801,15.008333,14:47:24:09.02,-96.620453,302.189087,133.287094,-96.621323,309.062805,133.937302,-96.091255,304.392944,136.455246,-213.942047,313.726654,174.290939
1802,15.016667,14:47:24:09.03,-96.622093,302.188263,133.286682,-96.621437,309.063354,133.937531,-96.090927,304.392609,136.454193,-213.906677,313.549469,174.314758
1803,15.025000,14:47:24:10.00,-96.619270,302.188782,133.286865,-96.622177,309.063782,133.938324,-96.092278,304.393829,136.455841,-213.896530,313.417023,174.316406
1804,15.033333,14:47:24:10.01,-96.619316,302.188904,133.286636,-96.621246,309.063751,133.938889,-96.091827,304.394775,136.455460,-213.896637,313.190765,174.307419
1805,15.041667,14:47:24:10.02,-96.617470,302.188385,133.287125,-96.620621,309.063446,133.938049,-96.089806,304.393005,136.455582,-213.920639,313.010254,174.302750
1806,15.050000,14:47:24:10.03,-96.619682,302.189270,133.287231,-96.620430,309.063904,133.938599,-96.090225,304.392975,136.454773,-213.937408,312.809967,174.296967
1807,15.058333,14:47:24:11.00,-96.616425,302.188446,133.286209,-96.620926,309.065399,133.938354,-96.091492,304.394012,136.454559,-213.927032,312.629028,174.302429
1808,15.066667,14:47:24:11.01,-96.619240,302.188599,133.286209,-96.621460,309.064880,133.938019,-96.085327,304.397827,136.454453,-213.878448,312.436401,174.305435
1809,15.075000,14:47:24:11.02,-96.620712,302.187836,133.287338,-96.620827,309.063751,133.938644,-96.087860,304.394806,136.454697,-213.834030,312.247620,174.312149
1810,15.083333,14:47:24:11.03,-96.620293,302.187134,133.287704,-96.619041,309.064453,133.938416,-96.090675,304.393738,136.454681,-213.832809,312.033478,174.294998
1811,15.091667,14:47:24:12.00,-96.622536,302.187744,133.286896,-96.620216,309.064575,133.938583,-96.092514,304.393280,136.455933,-213.856750,311.802155,174.273163
1812,15.100000,14:47:24:12.01,-96.619720,302.187561,133.286880,-96.622002,309.064148,133.938614,-96.091614,304.393372,136.454529,-213.856049,311.567200,174.250763
1813,15.108333,14:47:24:12.02,-96.618904,302.187347,133.287842,-96.621185,309.063538,133.937271,-96.090958,304.394562,136.455887,-213.828033,311.362488,174.239410
1814,15.116667,14:47:24:12.03,-96.620346,302.189026,133.287506,-96.620216,309.063110,133.937943,-96.090141,304.393311,136.455521,-213.776016,311.122925,174.231628
1815,15.125000,14:47:24:13.00,-96.619759,302.188812,133.287704,-96.618439,309.063416,133.937363,-96.091095,304.393188,136.455521,-213.749054,310.932220,174.217239
1816,15.133333,14:47:24:13.01,-96.620499,302.187958,133.286697,-96.618027,309.063385,133.937317,-96.085182,304.395752,136.454391,-213.718246,310.654541,174.208694
1817,15.141667,14:47:24:13.02,-96.619675,302.187927,133.286911,-96.619995,309.064728,133.938095,-96.091316,304.394318,136.455521,-213.706726,310.456329,174.191528
1818,15.150000,14:47:24:13.03,-96.619339,302.188385,133.287201,-96.619576,309.063843,133.937759,-96.092834,304.392761,136.455780,-213.685425,310.192535,174.181824
1819,15.158333,14:47:24:14.00,-96.620216,302.188538,133.286469,-96.620384,309.063873,133.938553,-96.092079,304.393768,136.456482,-213.629913,309.977448,174.171875
1820,15.166667,14:47:24:14.01,-96.619011,302.188568,133.287949,-96.620613,309.063446,133.937805,-96.092064,304.393341,136.455353,-213.601257,309.742798,174.159378
1821,15.175000,14:47:24:14.02,-96.619598,302.187958,133.287186,-96.621712,309.063843,133.938660,-96.091148,304.393036,136.455658,-213.522598,309.505554,174.154572
1822,15.183333,14:47:24:14.03,-96.619804,302.187653,133.287735,-96.620384,309.063934,133.937561,-96.091881,304.393768,136.455933,-213.478165,309.298767,174.142944
1823,15.191667,14:47:24:15.00,-96.620743,302.188507,133.287552,-96.620789,309.064331,133.938873,-96.090630,304.392365,136.455887,-213.422440,309.048035,174.137497
1824,15.200000,14:47:24:15.01,-96.622078,302.187927,133.286758,-96.619858,309.064056,133.938156,-96.091301,304.392212,136.454636,-213.386032,308.825958,174.123627
1825,15.208333,14:47:24:15.02,-96.619377,302.188293,133.289490,-96.619949,309.063995,133.937881,-96.089729,304.393982,136.456360,-213.329193,308.592896,174.114899
1826,15.216667,14:47:24:15.03,-96.620628,302.187744,133.286270,-96.618912,309.063965,133.937485,-96.091156,304.392853,136.455780,-213.255264,308.356201,174.106079
1827,15.225000,14:47:24:16.00,-96.619484,302.187408,133.286469,-96.620804,309.064789,133.938583,-96.093414,304.393280,136.456421,-213.183594,308.150757,174.087830
1828,15.233333,14:47:24:16.01,-96.620544,302.188538,133.287872,-96.620140,309.064392,133.937775,-96.091209,304.393250,136.455963,-213.093918,307.902893,174.077576
1829,15.241667,14:47:24:16.02,-96.620872,302.188538,133.288437,-96.621147,309.064484,133.937714,-96.090729,304.393646,136.456741,-212.993912,307.722015,174.060471
1830,15.250000,14:47:24:16.03,-96.618515,302.187744,133.287079,-96.620766,309.063782,133.937042,-96.090927,304.392609,136.454865,-212.885696,307.475525,174.062805
1831,15.258333,14:47:24:17.00,-96.619728,302.188263,133.286514,-96.619759,309.063110,133.937653,-96.090546,304.393036,136.455109,-212.780762,307.302032,174.045334
1832,15.266667,14:47:24:17.01,-96.620239,302.188416,133.286880,-96.619118,309.063477,133.937225,-96.090866,304.393250,136.454666,-212.655975,307.065887,174.022125
1833,15.275000,14:47:24:17.02,-96.619141,302.188324,133.287170,-96.618095,309.063751,133.937042,-96.090317,304.392853,136.455948,-212.545227,306.887878,173.978073
1834,15.283333,14:47:24:17.03,-96.617386,302.188354,133.285553,-96.619087,309.063354,133.938232,-96.091110,304.393646,136.455750,-212.433243,306.687347,173.928665
1835,15.291667,14:47:24:18.00,-96.619728,302.187836,133.286804,-96.621155,309.064819,133.938354,-96.091316,304.393829,136.455353,-212.298660,306.477356,173.883743
1836,15.300000,14:47:24:18.01,-96.617584,302.188446,133.285782,-96.620667,309.064087,133.937836,-96.090240,304.393280,136.453766,-212.164490,306.322784,173.842270
1837,15.308333,14:47:24:18.02,-96.618523,302.187958,133.287399,-96.619835,309.064636,133.937820,-96.088791,304.394043,136.454910,-212.040756,306.130310,173.801102
1838,15.316667,14:47:24:18.03,-96.618019,302.187286,133.286697,-96.619339,309.064056,133.938202,-96.090340,304.392609,136.454727,-211.908051,305.962860,173.758011
1839,15.325000,14:47:24:19.00,-96.619125,302.188232,133.287216,-96.619186,309.063660,133.937637,-96.090157,304.392517,136.455948,-211.764145,305.809479,173.705521
1840,15.333333,14:47:24:19.01,-96.620453,302.188416,133.286774,-96.620171,309.063782,133.937759,-96.091461,304.392609,136.456207,-211.621475,305.645813,173.653549
1841,15.341667,14:47:24:19.02,-96.619446,302.187378,133.286362,-96.620644,309.064087,133.937988,-96.090279,304.393494,136.454910,-211.487915,305.491119,173.596603
1842,15.350000,14:47:24:19.03,-96.619431,302.187347,133.286041,-96.620323,309.063446,133.938675,-96.091545,304.392517,136.455139,-211.332321,305.323395,173.546722
1843,15.358333,14:47:24:20.00,-96.619583,302.188232,133.287216,-96.619820,309.064301,133.937927,-96.091530,304.391815,136.455505,-211.153656,305.215576,173.500916
1844,15.366667,14:47:24:20.01,-96.620934,302.187195,133.285980,-96.618958,309.062988,133.937622,-96.091370,304.392212,136.455856,-210.966660,305.066284,173.474808
1845,15.375000,14:47:24:20.02,-96.620056,302.188812,133.287659,-96.620010,309.062805,133.937805,-96.091972,304.394226,136.454834,-210.807800,304.950531,173.415787
1846,15.383333,14:47:24:20.03,-96.619942,302.187469,133.286865,-96.621719,309.064148,133.937759,-96.091034,304.393066,136.454681,-210.604019,304.827209,173.357193
1847,15.391667,14:47:24:21.00,-96.618828,302.188721,133.287308,-96.618896,309.063354,133.937225,-96.090843,304.394165,136.455399,-210.402390,304.715057,173.315353
1848,15.400000,14:47:24:21.01,-96.619347,302.187622,133.288071,-96.619148,309.063873,133.938034,-96.091515,304.393433,136.455399,-210.219162,304.627350,173.268997
1849,15.408333,14:47:24:21.02,-96.620926,302.187744,133.286697,-96.620277,309.064056,133.937592,-96.091141,304.392334,136.455566,-210.044937,304.504242,173.196106
1850,15.416667,14:47:24:21.03,-96.620163,302.189514,133.286194,-96.619972,309.063416,133.937698,-96.091309,304.393005,136.455978,-209.842377,304.426300,173.092270
1851,15.425000,14:47:24:22.00,-96.618271,302.187500,133.287155,-96.619751,309.063507,133.937408,-96.090408,304.392487,136.455353,-209.631439,304.355865,173.018402
1852,15.433333,14:47:24:22.01,-96.620399,302.188538,133.287735,-96.619614,309.064941,133.938736,-96.091057,304.392090,136.454987,-209.387253,304.267181,172.960052
1853,15.441667,14:47:24:22.02,-96.618523,302.187622,133.286133,-96.618813,309.064514,133.938354,-96.091667,304.392914,136.454971,-209.158035,304.213501,172.865692
1854,15.450000,14:47:24:22.03,-96.620186,302.188599,133.287659,-96.618813,309.063477,133.937927,-96.090042,304.392975,136.454346,-208.988113,304.155548,172.783447
1855,15.458333,14:47:24:23.00,-96.622482,302.188049,133.287308,-96.620697,309.064331,133.936661,-96.090492,304.394470,136.454422,-208.804611,304.108337,172.688629
1856,15.466667,14:47:24:23.01,-96.620392,302.187622,133.286530,-96.619019,309.063568,133.936722,-96.091484,304.392426,136.454910,-208.522705,304.058533,172.596878
1857,15.475000,14:47:24:23.02,-96.620483,302.187286,133.286728,-96.620956,309.064423,133.938370,-96.091293,304.393372,136.455658,-208.281921,304.029144,172.506729
1858,15.483333,14:47:24:23.03,-96.618500,302.188477,133.287140,-96.620789,309.063995,133.937622,-96.091507,304.393066,136.454391,-208.071732,304.003967,172.418976
1859,15.491667,14:47:24:24.00,-96.618752,302.187836,133.287292,-96.620384,309.064423,133.937439,-96.091042,304.393311,136.455566,-207.875107,304.003723,172.285110
1860,15.500000,14:47:24:24.01,-96.620209,302.187714,133.288208,-96.620163,309.065094,133.938644,-96.089645,304.392792,136.455505,-207.561737,304.014832,172.194321
1861,15.508333,14:47:24:24.02,-96.620026,302.187927,133.286591,-96.619453,309.064545,133.938263,-96.091667,304.394379,136.456024,-207.304550,304.011658,172.095642
1862,15.516667,14:47:24:24.03,-96.621330,302.188049,133.287506,-96.619751,309.063873,133.938217,-96.092972,304.393372,136.455948,-207.059860,304.007935,171.974594
1863,15.525000,14:47:24:25.00,-96.618210,302.188263,133.286392,-96.620544,309.065033,133.937958,-96.091911,304.393463,136.455917,-206.762192,304.029205,171.885101
1864,15.533333,14:47:24:25.01,-96.620316,302.188141,133.287323,-96.620415,309.063141,133.938126,-96.091240,304.393280,136.454590,-206.524536,304.036591,171.744186
1865,15.541667,14:47:24:25.02,-96.619423,302.188446,133.286392,-96.619858,309.064331,133.938065,-96.085213,304.397308,136.454269,-206.246475,304.089996,171.632950
1866,15.550000,14:47:24:25.03,-96.617378,302.187042,133.286057,-96.620819,309.064667,133.938843,-96.089813,304.394287,136.455231,-205.945007,304.154663,171.511597
1867,15.558333,14:47:24:26.00,-96.619705,302.187958,133.286148,-96.619766,309.065094,133.938019,-96.091164,304.393585,136.455338,-205.690216,304.177582,171.377930
1868,15.566667,14:47:24:26.01,-96.620323,302.186798,133.286850,-96.621239,309.064697,133.939117,-96.090218,304.393250,136.455002,-205.378983,304.247437,171.233276
1869,15.575000,14:47:24:26.02,-96.620193,302.187653,133.286972,-96.620758,309.064423,133.938416,-96.091393,304.393646,136.456223,-205.076309,304.312286,171.092255
1870,15.583333,14:47:24:26.03,-96.619469,302.187683,133.287170,-96.621323,309.064240,133.938766,-96.090988,304.393066,136.454391,-204.789612,304.364227,170.913605
1871,15.591667,14:47:24:27.00,-96.618813,302.188232,133.285995,-96.621063,309.063812,133.938766,-96.091644,304.393372,136.455490,-204.449982,304.444550,170.773682
1872,15.600000,14:47:24:27.01,-96.620979,302.188660,133.287857,-96.619720,309.064178,133.938797,-96.091995,304.393829,136.455307,-204.130035,304.529175,170.583160
1873,15.608333,14:47:24:27.02,-96.619652,302.189392,133.286850,-96.618973,309.064697,133.938644,-96.091255,304.393036,136.455475,-203.768082,304.606873,170.409531
1874,15.616667,14:47:24:27.03,-96.619293,302.188049,133.286469,-96.619484,309.064087,133.938080,-96.090591,304.393707,136.456055,-203.466705,304.703827,170.237717
1875,15.625000,14:47:24:28.00,-96.619987,302.187958,133.287674,-96.619560,309.064087,133.937683,-96.091248,304.394165,136.456161,-203.089355,304.805267,170.036407
1876,15.633333,14:47:24:28.01,-96.620689,302.188721,133.286911,-96.620308,309.064667,133.938263,-96.091148,304.394165,136.455063,-202.743027,304.901947,169.858322
1877,15.641667,14:47:24:28.02,-96.620033,302.189117,133.286972,-96.621033,309.064545,133.937866,-96.092171,304.392853,136.454742,-202.371399,305.000519,169.669586
1878,15.650000,14:47:24:28.03,-96.618668,302.189331,133.289200,-96.621117,309.063782,133.938141,-96.091263,304.393433,136.456161,-201.990601,305.128845,169.470688
1879,15.658333,14:47:24:29.00,-96.620407,302.188477,133.286346,-96.621315,309.065460,133.938797,-96.092209,304.394135,136.456100,-201.632111,305.218292,169.275940
1880,15.666667,14:47:24:29.01,-96.621834,302.189026,133.287476,-96.620438,309.064575,133.938293,-96.090286,304.394318,136.455460,-201.192398,305.372040,169.063828
1881,15.675000,14:47:24:29.02,-96.620270,302.189148,133.288055,-96.620903,309.064667,133.938812,-96.083405,304.397522,136.455826,-200.837677,305.474304,168.841125
1882,15.683333,14:47:24:29.03,-96.620819,302.188599,133.287811,-96.618858,309.064697,133.937775,-96.090302,304.395782,136.455475,-200.425079,305.623779,168.623688
1883,15.691667,14:47:25:00.00,-96.619881,302.189362,133.287918,-96.619125,309.064911,133.937149,-96.090576,304.393860,136.455948,-200.035172,305.760895,168.406342
1884,15.700000,14:47:25:00.01,-96.620544,302.188690,133.286301,-96.620361,309.065918,133.938522,-96.091629,304.393951,136.455505,-199.646317,305.891296,168.162704
1885,15.708333,14:47:25:00.02,-96.622307,302.189117,133.287598,-96.619026,309.063599,133.937119,-96.092972,304.393646,136.455383,-199.209122,306.069916,167.919785
1886,15.716667,14:47:25:00.03,-96.621712,302.187286,133.286423,-96.622009,309.063995,133.939072,-96.091805,304.392883,136.454544,-198.853958,306.214050,167.683441
1887,15.725000,14:47:25:01.00,-96.619576,302.187347,133.287262,-96.620621,309.064362,133.938385,-96.090607,304.392639,136.454803,-198.442841,306.407440,167.442291
1888,15.733333,14:47:25:01.01,-96.618942,302.188690,133.286713,-96.620163,309.064575,133.938950,-96.091827,304.394470,136.456329,-198.066223,306.591187,167.207138
1889,15.741667,14:47:25:01.02,-96.618309,302.188629,133.286484,-96.619110,309.064209,133.937531,-96.091667,304.392883,136.455292,-197.665512,306.747162,166.964752
1890,15.750000,14:47:25:01.03,-96.619965,302.188599,133.287918,-96.619270,309.064850,133.938019,-96.091316,304.392853,136.454987,-197.228729,306.930756,166.715210
1891,15.758333,14:47:25:02.00,-96.619156,302.187958,133.288437,-96.620979,309.063568,133.938324,-96.091721,304.394592,136.456299,-196.846436,307.118713,166.454865
1892,15.766667,14:47:25:02.01,-96.619118,302.188293,133.286819,-96.620071,309.062897,133.938156,-96.090668,304.394318,136.455963,-196.472061,307.325928,166.183334
1893,15.775000,14:47:25:02.02,-96.623734,302.187836,133.288651,-96.619812,309.063995,133.937256,-96.090195,304.393494,136.455048,-196.085785,307.525085,165.923630
1894,15.783333,14:47:25:02.03,-96.621727,302.187866,133.287109,-96.620804,309.064117,133.938080,-96.092743,304.393982,136.455124,-195.706757,307.723572,165.679520
1895,15.791667,14:47:25:03.00,-96.621529,302.188019,133.287628,-96.621010,309.064301,133.937943,-96.091011,304.394531,136.455460,-195.285110,307.925232,165.418167
1896,15.800000,14:47:25:03.01,-96.620872,302.187988,133.287231,-96.621750,309.064636,133.938141,-96.090744,304.393921,136.455124,-194.894241,308.125519,165.149063
1897,15.808333,14:47:25:03.02,-96.620010,302.188477,133.288086,-96.620949,309.063934,133.937912,-96.091499,304.393677,136.454865,-194.498413,308.326202,164.883499
1898,15.816667,14:47:25:03.03,-96.618721,302.187897,133.286713,-96.621063,309.063782,133.938309,-96.091873,304.394470,136.455002,-194.049149,308.536865,164.634323
1899,15.825000,14:47:25:04.00,-96.621742,302.188354,133.286972,-96.621025,309.064423,133.938507,-96.091156,304.393341,136.455566,-193.657608,308.705688,164.358353
1900,15.833333,14:47:25:04.01,-96.619621,302.188599,133.286453,-96.621513,309.064148,133.938385,-96.091980,304.394012,136.455673,-193.267120,308.887054,164.085342
1901,15.841667,14:47:25:04.02,-96.619171,302.188751,133.287415,-96.620201,309.064056,133.937866,-96.091553,304.393799,136.455841,-192.852524,309.128937,163.815781
1902,15.850000,14:47:25:04.03,-96.621239,302.189270,133.287674,-96.620369,309.064209,133.938187,-96.090782,304.393372,136.454742,-192.461639,309.336487,163.565979
1903,15.858333,14:47:25:05.00,-96.620247,302.188843,133.287674,-96.620079,309.064240,133.937637,-96.091400,304.393463,136.454620,-192.058334,309.510223,163.301163
1904,15.866667,14:47:25:05.01,-96.622124,302.189026,133.288498,-96.621338,309.063995,133.937424,-96.091034,304.393646,136.454956,-191.631256,309.720123,163.030548
1905,15.875000,14:47:25:05.02,-96.619507,302.188965,133.288544,-96.621284,309.064209,133.938507,-96.089806,304.395355,136.455734,-191.247375,309.951508,162.751160
1906,15.883333,14:47:25:05.03,-96.620964,302.187561,133.286758,-96.622154,309.065186,133.939636,-96.091858,304.394379,136.455154,-190.848846,310.178711,162.476425
1907,15.891667,14:47:25:06.00,-96.620720,302.187592,133.287231,-96.621964,309.064758,133.937805,-96.090591,304.393738,136.454712,-190.434082,310.363037,162.202713
1908,15.900000,14:47:25:06.01,-96.620987,302.188995,133.287842,-96.621796,309.063782,133.938293,-96.090782,304.393280,136.454697,-190.081543,310.571838,161.909149
1909,15.908333,14:47:25:06.02,-96.616875,302.188721,133.287048,-96.623207,309.063812,133.939026,-96.087616,304.397888,136.455292,-189.692932,310.824188,161.623062
1910,15.916667,14:47:25:06.03,-96.616234,302.188599,133.287430,-96.624001,309.064545,133.939819,-96.090866,304.394592,136.455872,-189.291489,311.044769,161.351471
1911,15.925000,14:47:25:07.00,-96.618752,302.190887,133.288284,-96.623024,309.064453,133.939163,-96.092247,304.393585,136.455185,-188.901550,311.223755,161.085754
1912,15.933333,14:47:25:07.01,-96.617088,302.189270,133.287292,-96.621666,309.063995,133.939133,-96.091919,304.393890,136.455170,-188.527054,311.455994,160.818069
1913,15.941667,14:47:25:07.02,-96.616730,302.189209,133.287292,-96.622505,309.063904,133.938873,-96.091454,304.394409,136.455856,-188.183365,311.681854,160.573364
1914,15.950000,14:47:25:07.03,-96.615562,302.189148,133.287643,-96.622620,309.064880,133.939606,-96.092087,304.393555,136.455673,-187.790924,311.882233,160.340210
1915,15.958333,14:47:25:08.00,-96.615944,302.189240,133.287262,-96.623466,309.064514,133.939255,-96.092079,304.393555,136.454147,-187.421478,312.087799,160.080841
1916,15.966667,14:47:25:08.01,-96.618980,302.189728,133.287186,-96.623665,309.065216,133.938751,-96.092827,304.393921,136.454895,-187.097458,312.312012,159.841766
1917,15.975000,14:47:25:08.02,-96.615211,302.189026,133.285385,-96.623077,309.063843,133.938950,-96.092590,304.393127,136.456055,-186.718246,312.524628,159.598145
1918,15.983333,14:47:25:08.03,-96.612053,302.189484,133.285858,-96.621475,309.062897,133.938919,-96.092644,304.393799,136.454346,-186.353378,312.724274,159.363953
1919,15.991667,14:47:25:09.00,-96.616226,302.190582,133.287384,-96.623276,309.064484,133.938797,-96.093185,304.394257,136.454987,-186.054565,312.922943,159.116150
1920,16.000000,14:47:25:09.01,-96.614647,302.190399,133.286713,-96.623978,309.063568,133.938400,-96.091316,304.393951,136.455750,-185.684799,313.139954,158.881409
1921,16.008333,14:47:25:09.02,-96.614113,302.190643,133.286133,-96.623711,309.064056,133.937485,-96.090790,304.393890,136.455521,-185.368027,313.343445,158.654388
1922,16.016667,14:47:25:09.03,-96.611275,302.191376,133.286469,-96.622253,309.064117,133.938354,-96.092171,304.393402,136.455032,-185.036026,313.549316,158.398422
1923,16.025000,14:47:25:10.00,-96.612534,302.190216,133.285736,-96.622055,309.064362,133.938339,-96.091721,304.393158,136.454865,-184.755890,313.768036,158.175751
1924,16.033333,14:47:25:10.01,-96.615334,302.190247,133.284836,-96.623985,309.065216,133.939758,-96.091576,304.393585,136.454697,-184.407257,313.965973,157.972366
1925,16.041667,14:47:25:10.02,-96.611847,302.191223,133.285660,-96.634598,309.070984,133.938416,-96.091820,304.394592,136.454880,-184.124359,314.159698,157.746811
1926,16.050000,14:47:25:10.03,-96.611183,302.191895,133.285355,-96.624306,309.065521,133.938492,-96.089813,304.395142,136.455292,-183.840576,314.377625,157.524704
1927,16.058333,14:47:25:11.00,-96.610970,302.191193,133.285065,-96.621002,309.063995,133.937195,-96.090424,304.394806,136.455368,-183.549591,314.572632,157.332031
1928,16.066667,14:47:25:11.01,-96.610893,302.191864,133.286041,-96.622391,309.065186,133.938675,-96.091148,304.393616,136.454941,-183.254898,314.752808,157.121414
1929,16.075000,14:47:25:11.02,-96.612198,302.190948,133.285217,-96.623581,309.065308,133.939224,-96.093201,304.394012,136.454620,-183.034515,314.955322,156.903641
1930,16.083333,14:47:25:11.03,-96.614197,302.190674,133.286316,-96.624283,309.064392,133.938812,-96.092255,304.393219,136.454697,-182.736389,315.172424,156.699295
1931,16.091667,14:47:25:12.00,-96.614456,302.191101,133.284470,-96.623421,309.063782,133.939117,-96.091438,304.393280,136.455078,-182.486710,315.316620,156.497055
1932,16.100000,14:47:25:12.01,-96.612495,302.190125,133.284836,-96.622528,309.063751,133.938065,-96.091286,304.393616,136.455063,-182.220383,315.536469,156.273438
1933,16.108333,14:47:25:12.02,-96.611214,302.190094,133.285507,-96.623749,309.063995,133.939087,-96.091446,304.393036,136.454834,-181.992493,315.725739,156.062515
1934,16.116667,14:47:25:12.03,-96.611473,302.191223,133.285400,-96.624489,309.064240,133.939026,-96.089783,304.394257,136.454193,-181.762009,315.888489,155.882233
1935,16.125000,14:47:25:13.00,-96.611580,302.190796,133.285767,-96.623436,309.063385,133.938034,-96.092865,304.394226,136.454651,-181.521957,316.086212,155.661392
1936,16.133333,14:47:25:13.01,-96.614098,302.189697,133.285278,-96.624069,309.065155,133.938629,-96.092140,304.393829,136.455215,-181.317886,316.260956,155.439240
1937,16.141667,14:47:25:13.02,-96.612724,302.190552,133.286514,-96.623955,309.063934,133.938568,-96.091446,304.393311,136.455048,-181.063980,316.450562,155.264404
1938,16.150000,14:47:25:13.03,-96.612640,302.189941,133.285904,-96.633026,309.070953,133.936279,-96.091591,304.394043,136.454681,-180.869858,316.587769,155.042419
1939,16.158333,14:47:25:14.00,-96.614578,302.190765,133.286743,-96.625793,309.063568,133.938110,-96.091095,304.393829,136.453781,-180.660934,316.802917,154.819931
1940,16.166667,14:47:25:14.01,-96.611504,302.189697,133.285217,-96.624512,309.063812,133.938461,-96.090279,304.393494,136.453629,-180.441071,316.943970,154.637756
1941,16.175000,14:47:25:14.02,-96.613396,302.188660,133.286209,-96.623322,309.064117,133.939209,-96.092026,304.394165,136.453568,-180.241302,317.099426,154.435211
1942,16.183333,14:47:25:14.03,-96.613129,302.190094,133.285980,-96.622177,309.063324,133.937683,-96.090881,304.394287,136.453873,-180.064880,317.242889,154.215973
1943,16.191667,14:47:25:15.00,-96.613525,302.190338,133.285767,-96.623787,309.064087,133.939362,-96.090683,304.394196,136.455444,-179.858673,317.427887,154.039536
1944,16.200000,14:47:25:15.01,-96.613174,302.190216,133.285660,-96.623398,309.063751,133.937256,-96.089378,304.393616,136.454193,-179.676941,317.558807,153.837326
1945,16.208333,14:47:25:15.02,-96.613625,302.189148,133.285828,-96.633072,309.069733,133.936386,-96.091148,304.392700,136.455338,-179.498749,317.694031,153.657928
1946,16.216667,14:47:25:15.03,-96.612366,302.188965,133.286392,-96.623718,309.063721,133.937592,-96.090523,304.391632,136.454208,-179.313522,317.851044,153.478806
1947,16.225000,14:47:25:16.00,-96.612480,302.190216,133.286469,-96.623779,309.064880,133.939011,-96.090942,304.394043,136.453918,-179.177444,317.990753,153.279434
1948,16.233333,14:47:25:16.01,-96.614639,302.189056,133.285568,-96.623085,309.064209,133.938187,-96.091415,304.393372,136.455093,-179.013794,318.136749,153.140427
1949,16.241667,14:47:25:16.02,-96.615372,302.190918,133.286270,-96.623619,309.064423,133.938629,-96.091087,304.392731,136.453659,-178.844131,318.242340,152.941132
1950,16.250000,14:47:25:16.03,-96.613869,302.189392,133.285843,-96.622932,309.063660,133.938232,-96.091118,304.393860,136.454254,-178.687164,318.371735,152.774139
1951,16.258333,14:47:25:17.00,-96.615349,302.188477,133.285645,-96.623016,309.063049,133.937683,-96.090767,304.392731,136.453934,-178.560120,318.533051,152.622086
1952,16.266667,14:47:25:17.01,-96.614349,302.189636,133.285110,-96.623932,309.064026,133.938065,-96.091209,304.394470,136.454254,-178.429459,318.629761,152.467468
1953,16.275000,14:47:25:17.02,-96.612732,302.189301,133.284912,-96.633133,309.070099,133.936935,-96.091187,304.394470,136.454468,-178.273361,318.759888,152.299408
1954,16.283333,14:47:25:17.03,-96.613068,302.189667,133.285355,-96.626778,309.064697,133.938324,-96.090157,304.392792,136.453354,-178.134155,318.872101,152.149780
1955,16.291667,14:47:25:18.00,-96.614372,302.190063,133.287292,-96.624039,309.064331,133.938309,-96.090408,304.393829,136.453812,-178.016617,318.982391,151.990723
1956,16.300000,14:47:25:18.01,-96.615601,302.189850,133.285614,-96.623756,309.063568,133.937820,-96.090675,304.393524,136.454742,-177.901627,319.106140,151.857101
1957,16.308333,14:47:25:18.02,-96.613434,302.189362,133.286697,-96.624229,309.062775,133.937775,-96.090927,304.393829,136.454895,-177.785782,319.229980,151.717865
1958,16.316667,14:47:25:18.03,-96.615562,302.188354,133.285400,-96.623787,309.063263,133.938461,-96.090561,304.393311,136.453995,-177.635773,319.308441,151.578812
1959,16.325000,14:47:25:19.00,-96.617508,302.188751,133.285721,-96.622810,309.063477,133.937805,-96.091339,304.392456,136.454636,-177.522110,319.398346,151.438416
1960,16.333333,14:47:25:19.01,-96.615616,302.189148,133.285706,-96.633110,309.070435,133.936279,-96.090355,304.392700,136.453827,-177.406448,319.507263,151.308838
1961,16.341667,14:47:25:19.02,-96.614944,302.189758,133.285919,-96.624847,309.063690,133.937912,-96.090309,304.391998,136.454224,-177.323807,319.608704,151.182983
1962,16.350000,14:47:25:19.03,-96.612701,302.188904,133.285065,-96.621651,309.063416,133.936661,-96.090416,304.393738,136.454346,-177.225739,319.697510,151.023941
1963,16.358333,14:47:25:20.00,-96.614143,302.187653,133.285873,-96.624084,309.064545,133.938446,-96.090736,304.394073,136.454910,-177.112335,319.776093,150.891342
1964,16.366667,14:47:25:20.01,-96.618889,302.188995,133.286194,-96.623497,309.064117,133.936874,-96.090149,304.394043,136.455139,-176.982147,319.863800,150.785797
1965,16.375000,14:47:25:20.02,-96.616394,302.189697,133.287140,-96.632889,309.070068,133.935287,-96.090240,304.393372,136.453964,-176.897568,319.933685,150.665955
1966,16.383333,14:47:25:20.03,-96.614960,302.189026,133.285843,-96.625099,309.063568,133.938644,-96.090332,304.393707,136.454742,-176.822388,319.975342,150.559280
1967,16.391667,14:47:25:21.00,-96.617432,302.189087,133.285675,-96.623016,309.063812,133.937485,-96.090714,304.394287,136.454147,-176.731689,320.050476,150.437515
1968,16.400000,14:47:25:21.01,-96.616211,302.188934,133.285446,-96.623276,309.065094,133.937622,-96.089897,304.393036,136.453949,-176.620956,320.122864,150.329575
1969,16.408333,14:47:25:21.02,-96.615150,302.188507,133.284424,-96.623558,309.062714,133.937851,-96.090256,304.393463,136.454422,-176.545959,320.205475,150.225922
1970,16.416667,14:47:25:21.03,-96.615601,302.188965,133.285339,-96.623573,309.062561,133.937042,-96.091942,304.393921,136.454346,-176.448730,320.280090,150.116867
1971,16.425000,14:47:25:22.00,-96.615868,302.189117,133.285080,-96.624123,309.063599,133.938614,-96.091469,304.392853,136.454361,-176.372513,320.344177,150.012085
1972,16.433333,14:47:25:22.01,-96.617226,302.188263,133.285065,-96.624718,309.063873,133.938522,-96.090027,304.392639,136.453598,-176.317841,320.381409,149.913666
1973,16.441667,14:47:25:22.02,-96.617264,302.189728,133.285583,-96.624481,309.063568,133.938156,-96.091644,304.394928,136.455109,-176.239487,320.419037,149.817932
1974,16.450000,14:47:25:22.03,-96.613632,302.190033,133.285278,-96.623703,309.063477,133.938980,-96.090691,304.395203,136.454178,-176.178436,320.480713,149.725479
1975,16.458333,14:47:25:23.00,-96.614876,302.189056,133.285965,-96.623840,309.065033,133.938354,-96.092453,304.394257,136.455338,-176.114899,320.534760,149.650909
1976,16.466667,14:47:25:23.01,-96.615997,302.189636,133.284882,-96.621880,309.063690,133.938248,-96.091835,304.392792,136.454376,-176.040466,320.580017,149.592072
1977,16.475000,14:47:25:23.02,-96.617195,302.189026,133.285767,-96.623573,309.064178,133.937363,-96.090935,304.394012,136.455261,-175.994736,320.633301,149.520676
1978,16.483333,14:47:25:23.03,-96.615677,302.189606,133.285400,-96.622627,309.063873,133.937973,-96.091301,304.393036,136.454254,-175.967606,320.680939,149.446350
1979,16.491667,14:47:25:24.00,-96.619476,302.190125,133.286530,-96.622849,309.064148,133.938217,-96.089592,304.393158,136.453766,-175.926300,320.721130,149.365082
1980,16.500000,14:47:25:24.01,-96.616394,302.189636,133.286118,-96.623520,309.063568,133.937592,-96.091164,304.393799,136.455460,-175.876434,320.758545,149.300262
1981,16.508333,14:47:25:24.02,-96.614906,302.190063,133.286636,-96.623894,309.062866,133.938232,-96.091499,304.392517,136.454422,-175.836334,320.796844,149.240463
1982,16.516667,14:47:25:24.03,-96.612404,302.189240,133.284363,-96.624756,309.064545,133.938461,-96.090843,304.393707,136.455643,-175.808685,320.831207,149.199158
1983,16.525000,14:47:25:25.00,-96.617195,302.189941,133.286255,-96.622993,309.064728,133.938263,-96.090630,304.393372,136.455231,-175.781723,320.881531,149.171143
1984,16.533333,14:47:25:25.01,-96.617439,302.189240,133.285446,-96.623924,309.065186,133.937927,-96.090614,304.393524,136.454712,-175.761993,320.920502,149.151245
1985,16.541667,14:47:25:25.02,-96.617523,302.189484,133.286209,-96.625320,309.064209,133.938278,-96.091614,304.393524,136.455444,-175.747391,320.956665,149.134476
1986,16.550000,14:47:25:25.03,-96.615295,302.189606,133.286041,-96.624237,309.063599,133.937805,-96.091515,304.393738,136.455124,-175.738068,320.982025,149.124084
1987,16.558333,14:47:25:26.00,-96.615250,302.188965,133.285965,-96.624199,309.064636,133.938293,-96.091331,304.393646,136.453339,-175.730499,321.003235,149.118332
1988,16.566667,14:47:25:26.01,-96.614410,302.189667,133.284958,-96.624382,309.063995,133.937622,-96.092323,304.393799,136.455505,-175.727921,321.018219,149.121536
1989,16.575000,14:47:25:26.02,-96.615730,302.189087,133.286209,-96.624802,309.064209,133.938782,-96.091011,304.393616,136.454010,-175.731415,321.032349,149.132172
1990,16.583333,14:47:25:26.03,-96.617981,302.189392,133.286072,-96.624580,309.064636,133.937927,-96.090149,304.394470,136.454391,-175.739594,321.042694,149.146164
1991,16.591667,14:47:25:27.00,-96.619583,302.189484,133.287201,-96.624359,309.064331,133.937714,-96.091476,304.394135,136.454865,-175.748978,321.046722,149.171295
1992,16.600000,14:47:25:27.01,-96.617302,302.189056,133.285706,-96.625290,309.064880,133.938309,-96.091347,304.393280,136.454132,-175.763779,321.049164,149.204422
1993,16.608333,14:47:25:27.02,-96.616623,302.189728,133.285858,-96.624374,309.063660,133.938354,-96.091019,304.394318,136.455460,-175.782852,321.045929,149.237350
1994,16.616667,14:47:25:27.03,-96.615410,302.189575,133.286133,-96.624306,309.064331,133.938293,-96.091309,304.393524,136.455505,-175.815353,321.044250,149.280762
1995,16.625000,14:47:25:28.00,-96.615715,302.189514,133.286041,-96.624496,309.065247,133.939240,-96.092377,304.393402,136.455780,-175.846146,321.046021,149.337357
1996,16.633333,14:47:25:28.01,-96.617577,302.189789,133.285675,-96.624535,309.065063,133.938843,-96.086159,304.397888,136.455688,-175.885361,321.048523,149.397125
1997,16.641667,14:47:25:28.02,-96.617210,302.189362,133.285416,-96.634010,309.070740,133.936005,-96.089180,304.395538,136.455078,-175.927155,321.049286,149.460175
1998,16.650000,14:47:25:28.03,-96.617096,302.188873,133.284790,-96.626953,309.065155,133.939117,-96.090668,304.394165,136.453964,-175.965912,321.032501,149.527969
1999,16.658333,14:47:25:29.00,-96.615921,302.189789,133.285965,-96.623421,309.063904,133.938583,-96.090027,304.393280,136.453796,-176.021393,321.019196,149.605377
2000,16.666667,14:47:25:29.01,-96.616814,302.190186,133.286301,-96.623802,309.063782,133.937576,-96.092026,304.393707,136.455612,-176.103378,320.999695,149.690414
2001,16.675000,14:47:25:29.02,-96.616264,302.188904,133.285492,-96.623932,309.064087,133.937698,-96.090050,304.394958,136.453568,-176.166504,320.990356,149.790817
2002,16.683333,14:47:25:29.03,-96.617241,302.190369,133.286362,-96.623436,309.065002,133.938187,-96.091339,304.394043,136.454697,-176.243423,320.953766,149.891922
2003,16.691667,14:47:26:00.00,-96.614494,302.190155,133.285049,-96.624016,309.065369,133.938324,-96.090324,304.394745,136.455017,-176.336731,320.916595,150.000671
2004,16.700000,14:47:26:00.01,-96.615105,302.188995,133.286041,-96.622711,309.064667,133.937744,-96.091560,304.394684,136.455612,-176.415833,320.884827,150.108261
2005,16.708333,14:47:26:00.02,-96.617256,302.189789,133.287033,-96.622200,309.063873,133.937332,-96.090103,304.394897,136.454559,-176.501205,320.839691,150.232239
2006,16.716667,14:47:26:00.03,-96.615639,302.189789,133.285355,-96.624557,309.063568,133.938354,-96.090889,304.394592,136.454254,-176.590500,320.807678,150.357956
2007,16.725000,14:47:26:01.00,-96.613243,302.189880,133.285110,-96.624786,309.065186,133.938553,-96.091080,304.393799,136.454727,-176.697784,320.768097,150.505402
2008,16.733333,14:47:26:01.01,-96.613953,302.191010,133.287354,-96.632713,309.070801,133.935806,-96.091087,304.392090,136.454620,-176.772507,320.735413,150.633148
2009,16.741667,14:47:26:01.02,-96.615967,302.190674,133.286423,-96.623695,309.063690,133.937759,-96.091240,304.393372,136.453751,-176.923218,320.689636,150.774704
2010,16.750000,14:47:26:01.03,-96.613770,302.189392,133.285446,-96.622810,309.063599,133.938156,-96.091385,304.394592,136.454788,-177.043015,320.636749,150.924377
2011,16.758333,14:47:26:02.00,-96.613243,302.189392,133.286133,-96.624168,309.063507,133.938126,-96.090820,304.393860,136.453186,-177.192444,320.568481,151.072754
2012,16.766667,14:47:26:02.01,-96.614059,302.190186,133.285919,-96.622887,309.064545,133.937134,-96.090767,304.394043,136.454254,-177.328033,320.490356,151.219223
2013,16.775000,14:47:26:02.02,-96.614929,302.189697,133.286880,-96.623444,309.063995,133.938248,-96.090996,304.394806,136.453873,-177.439896,320.443573,151.396301
2014,16.783333,14:47:26:02.03,-96.614616,302.189270,133.284790,-96.635338,309.071625,133.936188,-96.092850,304.395233,136.455200,-177.578598,320.370667,151.579865
2015,16.791667,14:47:26:03.00,-96.614609,302.189301,133.285126,-96.623772,309.063904,133.937408,-96.090240,304.393524,136.454468,-177.746246,320.280334,151.769577
2016,16.800000,14:47:26:03.01,-96.614746,302.188812,133.284241,-96.622314,309.064056,133.938812,-96.092155,304.395630,136.454788,-177.908264,320.177612,151.950699
2017,16.808333,14:47:26:03.02,-96.616135,302.189484,133.284912,-96.623268,309.064453,133.937820,-96.090858,304.394135,136.453873,-178.074631,320.081329,152.127945
2018,16.816667,14:47:26:03.03,-96.616119,302.188263,133.284012,-96.624641,309.065186,133.939087,-96.090828,304.394806,136.454346,-178.211182,320.013947,152.325424
2019,16.825000,14:47:26:04.00,-96.614975,302.189362,133.284454,-96.623734,309.063934,133.938141,-96.091118,304.393097,136.454376,-178.407379,319.910614,152.520828
2020,16.833333,14:47:26:04.01,-96.612694,302.190186,133.286423,-96.624260,309.064941,133.938293,-96.090454,304.393372,136.453888,-178.611542,319.805481,152.692764
2021,16.841667,14:47:26:04.02,-96.612679,302.190552,133.286804,-96.623383,309.065247,133.938766,-96.091583,304.394257,136.453934,-178.786362,319.733704,152.905029
2022,16.850000,14:47:26:04.03,-96.611008,302.190491,133.287079,-96.622780,309.064392,133.939392,-96.090340,304.393555,136.454330,-178.996307,319.611145,153.111511
2023,16.858333,14:47:26:05.00,-96.613434,302.190338,133.285828,-96.625198,309.064697,133.939270,-96.091934,304.394897,136.454468,-179.217712,319.473572,153.314255
2024,16.866667,14:47:26:05.01,-96.611931,302.189453,133.284729,-96.624771,309.063812,133.938675,-96.092117,304.393707,136.454163,-179.391068,319.359161,153.532333
2025,16.875000,14:47:26:05.02,-96.612717,302.190125,133.285706,-96.624023,309.064514,133.938019,-96.092552,304.394196,136.454620,-179.625732,319.223145,153.751251
2026,16.883333,14:47:26:05.03,-96.612671,302.190338,133.285339,-96.623985,309.064972,133.938354,-96.091026,304.393646,136.453552,-179.864151,319.122803,153.973618
2027,16.891667,14:47:26:06.00,-96.614281,302.191010,133.287186,-96.623680,309.064240,133.938278,-96.091347,304.394775,136.454147,-180.079468,318.990173,154.177841
2028,16.900000,14:47:26:06.01,-96.612427,302.190674,133.284943,-96.623451,309.063934,133.938461,-96.091675,304.393707,136.453766,-180.334183,318.828369,154.421173
2029,16.908333,14:47:26:06.02,-96.613853,302.191284,133.285980,-96.622368,309.064423,133.937729,-96.092430,304.393677,136.454742,-180.577820,318.666809,154.646591
2030,16.916667,14:47:26:06.03,-96.613823,302.191010,133.285385,-96.622856,309.064484,133.937866,-96.091454,304.393951,136.453491,-180.813431,318.522583,154.857269
2031,16.925000,14:47:26:07.00,-96.611679,302.190460,133.286072,-96.632614,309.071198,133.936295,-96.091766,304.393799,136.455002,-181.089249,318.372650,155.103760
2032,16.933333,14:47:26:07.01,-96.612511,302.190857,133.285095,-96.625946,309.063995,133.937439,-96.090157,304.394470,136.454361,-181.336761,318.207245,155.346756
2033,16.941667,14:47:26:07.02,-96.610939,302.191589,133.284515,-96.622444,309.064484,133.937531,-96.092590,304.394470,136.454941,-181.625854,318.003082,155.596619
2034,16.950000,14:47:26:07.03,-96.613403,302.191132,133.286285,-96.624016,309.064178,133.939056,-96.092781,304.393829,136.454636,-181.873016,317.857239,155.838272
2035,16.958333,14:47:26:08.00,-96.611847,302.191101,133.285065,-96.624657,309.064209,133.938416,-96.091408,304.393768,136.453445,-182.196732,317.681091,156.061249
2036,16.966667,14:47:26:08.01,-96.610481,302.191803,133.286652,-96.624489,309.063995,133.938080,-96.090660,304.394501,136.455612,-182.483856,317.508728,156.309479
2037,16.975000,14:47:26:08.02,-96.608589,302.191193,133.284531,-96.624100,309.062988,133.937469,-96.091637,304.394043,136.454742,-182.754288,317.276367,156.578690
2038,16.983333,14:47:26:08.03,-96.610764,302.190674,133.284836,-96.624344,309.064392,133.936722,-96.091812,304.395142,136.454147,-183.084930,317.097290,156.836670
2039,16.991667,14:47:26:09.00,-96.611053,302.191528,133.285675,-96.625076,309.064301,133.937576,-96.092354,304.394592,136.454849,-183.382996,316.931183,157.107376
2040,17.000000,14:47:26:09.01,-96.610298,302.190460,133.284164,-96.624451,309.064270,133.937698,-96.092056,304.394196,136.454834,-183.714920,316.699188,157.359283
2041,17.008333,14:47:26:09.02,-96.611832,302.191925,133.284668,-96.624779,309.064758,133.937210,-96.092957,304.394775,136.454361,-184.023468,316.485687,157.614334
2042,17.016667,14:47:26:09.03,-96.610634,302.190857,133.283905,-96.625725,309.064331,133.937195,-96.092194,304.394165,136.454803,-184.359909,316.309296,157.884811
2043,17.025000,14:47:26:10.00,-96.610954,302.191895,133.283997,-96.624725,309.063904,133.937210,-96.090836,304.394043,136.455521,-184.692474,316.054657,158.148758
2044,17.033333,14:47:26:10.01,-96.609840,302.191772,133.284073,-96.624390,309.064545,133.936890,-96.091057,304.394623,136.453918,-185.019760,315.812714,158.415909
2045,17.041667,14:47:26:10.02,-96.609169,302.191650,133.283325,-96.624252,309.064636,133.937271,-96.090286,304.395172,136.455261,-185.403763,315.601959,158.687729
2046,17.050000,14:47:26:10.03,-96.611069,302.190460,133.284348,-96.624084,309.064423,133.937881,-96.092094,304.393433,136.454941,-185.746628,315.348175,158.963913
2047,17.058333,14:47:26:11.00,-96.611664,302.192352,133.284576,-96.624298,309.065338,133.937912,-96.091232,304.393646,136.453659,-186.080933,315.119476,159.238815
2048,17.066667,14:47:26:11.01,-96.610710,302.190979,133.283508,-96.623459,309.065430,133.938583,-96.090973,304.394501,136.454636,-186.502319,314.864960,159.523804
2049,17.075000,14:47:26:11.02,-96.610542,302.191864,133.284119,-96.622169,309.064941,133.937897,-96.085587,304.397766,136.453705,-186.841736,314.586212,159.786087
2050,17.083333,14:47:26:11.03,-96.612419,302.191223,133.285400,-96.622650,309.064331,133.937820,-96.089912,304.394745,136.454254,-187.222809,314.348755,160.073273
2051,17.091667,14:47:26:12.00,-96.614990,302.190857,133.284973,-96.623009,309.064697,133.937881,-96.091309,304.394409,136.453476,-187.588150,314.087891,160.357864
2052,17.100000,14:47:26:12.01,-96.616898,302.191040,133.287155,-96.623749,309.064575,133.937454,-96.091667,304.394623,136.454407,-187.986786,313.835907,160.630280
2053,17.108333,14:47:26:12.02,-96.612877,302.190735,133.285309,-96.623344,309.065186,133.938904,-96.089973,304.393494,136.454041,-188.380280,313.581787,160.912338
2054,17.116667,14:47:26:12.03,-96.613220,302.190155,133.285416,-96.621994,309.065033,133.938126,-96.090195,304.393921,136.453552,-188.785416,313.280304,161.209015
2055,17.125000,14:47:26:13.00,-96.613846,302.189270,133.286041,-96.622757,309.064209,133.938568,-96.091934,304.393616,136.453979,-189.185226,313.026703,161.480103
2056,17.133333,14:47:26:13.01,-96.615311,302.189514,133.287994,-96.623810,309.064453,133.939713,-96.091293,304.393982,136.454910,-189.555923,312.721802,161.771179
2057,17.141667,14:47:26:13.02,-96.615784,302.189911,133.286118,-96.622635,309.064575,133.937775,-96.091736,304.393250,136.454224,-189.995987,312.456604,162.030212
2058,17.150000,14:47:26:13.03,-96.615242,302.189850,133.286850,-96.622253,309.064972,133.938461,-96.092567,304.393158,136.455093,-190.435318,312.168732,162.307571
2059,17.158333,14:47:26:14.00,-96.615639,302.190247,133.286591,-96.622208,309.063995,133.938736,-96.086571,304.397034,136.454239,-190.831299,311.874146,162.574448
2060,17.166667,14:47:26:14.01,-96.615944,302.187958,133.286880,-96.623795,309.064423,133.939331,-96.090645,304.394073,136.453705,-191.248077,311.617126,162.850220
2061,17.175000,14:47:26:14.02,-96.618149,302.188934,133.286606,-96.622292,309.063599,133.938065,-96.090881,304.393921,136.454376,-191.681442,311.301270,163.116623
2062,17.183333,14:47:26:14.03,-96.620514,302.189270,133.287735,-96.621056,309.064087,133.937759,-96.085785,304.398773,136.454239,-192.140274,311.035583,163.384277
2063,17.191667,14:47:26:15.00,-96.621094,302.188171,133.285889,-96.619888,309.064758,133.938766,-96.090164,304.395508,136.456009,-192.543274,310.744965,163.644257
2064,17.200000,14:47:26:15.01,-96.620903,302.188538,133.286530,-96.620384,309.063232,133.937485,-96.091049,304.391907,136.454590,-192.959198,310.481842,163.930084
2065,17.208333,14:47:26:15.02,-96.620316,302.187531,133.285873,-96.621880,309.065216,133.938019,-96.089767,304.393066,136.453842,-193.422318,310.201630,164.177750
2066,17.216667,14:47:26:15.03,-96.620308,302.187103,133.285843,-96.621056,309.063354,133.937408,-96.090958,304.393066,136.455002,-193.876740,309.896881,164.432709
2067,17.225000,14:47:26:16.00,-96.621597,302.189148,133.287949,-96.619377,309.063934,133.937759,-96.090294,304.393616,136.454788,-194.304932,309.640015,164.668823
2068,17.233333,14:47:26:16.01,-96.622452,302.188629,133.287308,-96.620438,309.065186,133.938629,-96.090645,304.394745,136.455460,-194.695969,309.334991,164.931946
2069,17.241667,14:47:26:16.02,-96.621002,302.188202,133.287277,-96.620033,309.063965,133.938416,-96.092407,304.394867,136.455841,-195.155640,309.063934,165.161865
2070,17.250000,14:47:26:16.03,-96.619995,302.188293,133.286682,-96.619141,309.063934,133.937363,-96.091911,304.393616,136.454865,-195.609360,308.765106,165.397598
2071,17.258333,14:47:26:17.00,-96.619263,302.187927,133.285461,-96.619705,309.062775,133.938568,-96.085930,304.396973,136.454880,-196.020508,308.470337,165.626785
2072,17.266667,14:47:26:17.01,-96.616455,302.189270,133.286316,-96.619835,309.063232,133.937836,-96.089493,304.394470,136.455460,-196.441071,308.206787,165.830856
2073,17.275000,14:47:26:17.02,-96.618538,302.188843,133.287033,-96.619888,309.062958,133.936890,-96.091408,304.393921,136.454956,-196.844025,307.902924,166.074936
2074,17.283333,14:47:26:17.03,-96.620293,302.188843,133.287201,-96.619804,309.063843,133.937866,-96.091980,304.393127,136.455261,-197.281174,307.641418,166.305603
2075,17.291667,14:47:26:18.00,-96.619026,302.187500,133.286346,-96.619400,309.063354,133.938019,-96.091339,304.393585,136.455612,-197.709625,307.337555,166.545502
2076,17.300000,14:47:26:18.01,-96.619812,302.188171,133.287460,-96.619377,309.064606,133.937271,-96.090675,304.392639,136.455109,-198.105621,307.076385,166.756180
2077,17.308333,14:47:26:18.02,-96.620094,302.187744,133.287277,-96.619972,309.063995,133.937439,-96.092911,304.393738,136.454834,-198.541946,306.829803,166.949478
2078,17.316667,14:47:26:18.03,-96.620323,302.188171,133.286804,-96.619484,309.063019,133.936996,-96.090790,304.393372,136.454971,-198.939774,306.515594,167.168396
2079,17.325000,14:47:26:19.00,-96.620789,302.188049,133.286896,-96.620125,309.064117,133.938766,-96.092239,304.393341,136.455292,-199.334961,306.261078,167.380493
2080,17.333333,14:47:26:19.01,-96.618073,302.187927,133.285889,-96.619736,309.063934,133.938278,-96.091965,304.393066,136.455460,-199.695831,306.009277,167.601929
2081,17.341667,14:47:26:19.02,-96.619347,302.187927,133.287323,-96.619568,309.063171,133.937744,-96.091331,304.392181,136.453751,-200.129990,305.735138,167.769760
2082,17.350000,14:47:26:19.03,-96.619499,302.186707,133.286758,-96.619347,309.063660,133.937561,-96.091835,304.392975,136.455566,-200.531296,305.477173,167.957870
2083,17.358333,14:47:26:20.00,-96.621445,302.187408,133.286942,-96.621986,309.063782,133.936874,-96.090843,304.393585,136.455780,-200.843903,305.218018,168.177338
2084,17.366667,14:47:26:20.01,-96.621773,302.188721,133.287567,-96.620193,309.063446,133.936996,-96.089729,304.392334,136.453995,-201.266190,304.985565,168.343658
2085,17.375000,14:47:26:20.02,-96.618797,302.188354,133.287354,-96.618530,309.063995,133.937759,-96.091858,304.392517,136.455017,-201.651169,304.752075,168.528168
2086,17.383333,14:47:26:20.03,-96.618004,302.186951,133.286682,-96.618919,309.063202,133.936966,-96.092148,304.393372,136.454620,-201.942108,304.504089,168.727402
2087,17.391667,14:47:26:21.00,-96.618263,302.188904,133.287476,-96.620743,309.063812,133.937012,-96.091690,304.392822,136.455627,-202.338150,304.272095,168.899490
2088,17.400000,14:47:26:21.01,-96.616951,302.187378,133.285049,-96.620262,309.063110,133.937317,-96.091721,304.393524,136.454910,-202.691238,304.029175,169.075272
2089,17.408333,14:47:26:21.02,-96.618698,302.188995,133.287643,-96.618721,309.062561,133.937561,-96.091873,304.392883,136.455627,-202.978683,303.809296,169.263596
2090,17.416667,14:47:26:21.03,-96.618988,302.188477,133.286179,-96.619865,309.063507,133.938080,-96.089935,304.392090,136.454590,-203.330063,303.596924,169.452225
2091,17.425000,14:47:26:22.00,-96.619217,302.188141,133.287918,-96.620270,309.062897,133.938339,-96.090790,304.393158,136.454300,-203.623032,303.388916,169.626099
2092,17.433333,14:47:26:22.01,-96.619980,302.187256,133.287216,-96.620735,309.063507,133.937469,-96.090584,304.393280,136.453583,-203.971268,303.145599,169.786682
2093,17.441667,14:47:26:22.02,-96.619926,302.187561,133.285751,-96.620850,309.063416,133.938171,-96.089958,304.392883,136.453735,-204.232880,302.955750,169.977188
2094,17.450000,14:47:26:22.03,-96.615829,302.187134,133.285202,-96.618797,309.062500,133.937439,-96.092064,304.394257,136.454315,-204.561661,302.772369,170.133514
2095,17.458333,14:47:26:23.00,-96.617188,302.187378,133.286530,-96.618950,309.063477,133.937103,-96.085342,304.397430,136.455582,-204.822876,302.573212,170.300308
2096,17.466667,14:47:26:23.01,-96.618095,302.188843,133.286728,-96.618362,309.064240,133.937653,-96.090439,304.394684,136.454941,-205.104324,302.373535,170.468765
2097,17.475000,14:47:26:23.02,-96.617210,302.186859,133.285797,-96.618896,309.063477,133.937592,-96.091148,304.393372,136.454086,-205.376480,302.197754,170.612000
2098,17.483333,14:47:26:23.03,-96.617958,302.186188,133.285660,-96.620750,309.064209,133.938293,-96.091110,304.392792,136.453171,-205.674332,302.026733,170.782776
2099,17.491667,14:47:26:24.00,-96.618721,302.188110,133.285934,-96.619095,309.063660,133.937225,-96.091209,304.392517,136.454651,-205.888992,301.875946,170.899933
2100,17.500000,14:47:26:24.01,-96.618683,302.187683,133.287018,-96.619431,309.063538,133.936356,-96.091202,304.392944,136.455704,-206.178543,301.681458,171.051224
2101,17.508333,14:47:26:24.02,-96.621178,302.187134,133.286301,-96.620522,309.063324,133.937271,-96.091751,304.393677,136.455551,-206.403534,301.543457,171.172516
2102,17.516667,14:47:26:24.03,-96.620613,302.187195,133.286591,-96.620468,309.063812,133.938248,-96.091110,304.393982,136.455246,-206.706284,301.380219,171.302048
2103,17.525000,14:47:26:25.00,-96.618774,302.187286,133.286804,-96.620819,309.063446,133.937027,-96.089577,304.391998,136.454834,-206.901077,301.267242,171.406143
2104,17.533333,14:47:26:25.01,-96.617050,302.188019,133.286072,-96.620895,309.064545,133.937790,-96.089760,304.392303,136.454559,-207.170517,301.132477,171.509918
2105,17.541667,14:47:26:25.02,-96.616119,302.186951,133.285461,-96.620049,309.063629,133.937332,-96.090248,304.393494,136.453827,-207.402924,300.993500,171.654160
2106,17.550000,14:47:26:25.03,-96.617851,302.187347,133.286224,-96.619377,309.064758,133.938080,-96.090591,304.393951,136.453903,-207.581375,300.886047,171.798737
2107,17.558333,14:47:26:26.00,-96.621735,302.188019,133.286545,-96.620560,309.064117,133.937958,-96.090302,304.392151,136.453964,-207.861359,300.761017,171.913406
2108,17.566667,14:47:26:26.01,-96.621933,302.187744,133.286713,-96.619255,309.062897,133.938446,-96.090958,304.392883,136.454407,-208.074097,300.684387,172.027283
2109,17.575000,14:47:26:26.02,-96.619644,302.187683,133.287506,-96.619774,309.064636,133.938126,-96.092262,304.394012,136.454453,-208.299011,300.589386,172.124664
2110,17.583333,14:47:26:26.03,-96.618996,302.188385,133.288330,-96.619644,309.063934,133.938065,-96.091553,304.393127,136.455154,-208.551270,300.497559,172.246826
2111,17.591667,14:47:26:27.00,-96.619217,302.187225,133.285324,-96.619148,309.063354,133.937378,-96.092728,304.393066,136.453278,-208.749176,300.444885,172.365814
2112,17.600000,14:47:26:27.01,-96.620758,302.187836,133.286789,-96.621140,309.064056,133.938400,-96.091682,304.393005,136.455002,-208.941025,300.374207,172.453934
2113,17.608333,14:47:26:27.02,-96.619034,302.187622,133.286469,-96.619736,309.065277,133.937790,-96.090691,304.393921,136.455551,-209.172821,300.287018,172.561661
2114,17.616667,14:47:26:27.03,-96.616615,302.187286,133.285721,-96.618279,309.063751,133.938019,-96.091148,304.392303,136.455246,-209.368607,300.252289,172.647964
2115,17.625000,14:47:26:28.00,-96.619049,302.188538,133.286591,-96.617912,309.064392,133.936554,-96.089813,304.393188,136.454300,-209.558197,300.197968,172.744232
2116,17.633333,14:47:26:28.01,-96.619553,302.186859,133.286530,-96.619522,309.062775,133.936996,-96.090820,304.392639,136.454254,-209.787506,300.127014,172.830795
2117,17.641667,14:47:26:28.02,-96.619858,302.187500,133.287384,-96.621010,309.063446,133.937286,-96.091164,304.392883,136.455292,-210.000259,300.085297,172.905853
2118,17.650000,14:47:26:28.03,-96.620171,302.188293,133.287125,-96.619019,309.063995,133.938171,-96.090904,304.393036,136.455505,-210.143188,300.071655,172.975006
2119,17.658333,14:47:26:29.00,-96.619987,302.186920,133.286087,-96.618187,309.063873,133.937531,-96.092834,304.392517,136.454956,-210.308762,300.045837,173.056198
2120,17.666667,14:47:26:29.01,-96.622040,302.186646,133.286896,-96.620567,309.062805,133.937210,-96.090317,304.392944,136.455383,-210.506302,300.003632,173.140091
2121,17.675000,14:47:26:29.02,-96.619904,302.187195,133.286545,-96.620110,309.064514,133.936829,-96.091087,304.392365,136.454330,-210.692688,299.984558,173.195557
2122,17.683333,14:47:26:29.03,-96.618179,302.187286,133.285843,-96.618881,309.063507,133.938187,-96.084999,304.397430,136.453644,-210.856323,299.982025,173.273804
2123,17.691667,14:47:27:00.00,-96.619003,302.187469,133.286545,-96.618240,309.063660,133.937241,-96.089767,304.394501,136.454819,-210.993988,300.012329,173.349503
2124,17.700000,14:47:27:00.01,-96.617775,302.187164,133.287842,-96.619255,309.063660,133.937225,-96.092682,304.392517,136.455246,-211.181732,300.018890,173.394302
2125,17.708333,14:47:27:00.02,-96.618797,302.187958,133.287720,-96.621445,309.064423,133.938568,-96.092430,304.393280,136.455780,-211.363098,300.028259,173.442932
2126,17.716667,14:47:27:00.03,-96.617142,302.187408,133.286316,-96.619583,309.064026,133.936996,-96.092758,304.394348,136.454941,-211.512329,300.059631,173.494537
2127,17.725000,14:47:27:01.00,-96.617821,302.186584,133.286774,-96.620056,309.063202,133.938141,-96.091377,304.394135,136.455460,-211.653046,300.082336,173.540512
2128,17.733333,14:47:27:01.01,-96.618515,302.186951,133.287460,-96.619041,309.063293,133.935684,-96.090630,304.392792,136.454483,-211.777405,300.111847,173.613632
2129,17.741667,14:47:27:01.02,-96.620827,302.187500,133.286423,-96.620621,309.063873,133.936844,-96.090996,304.393188,136.455124,-211.912460,300.156708,173.667969
2130,17.750000,14:47:27:01.03,-96.621330,302.186432,133.286362,-96.619972,309.063873,133.937683,-96.090698,304.393127,136.455688,-212.050842,300.237427,173.719421
2131,17.758333,14:47:27:02.00,-96.620979,302.188446,133.287521,-96.620605,309.065216,133.937759,-96.090942,304.392944,136.454437,-212.196213,300.305603,173.756866
2132,17.766667,14:47:27:02.01,-96.621498,302.187744,133.287018,-96.619324,309.063660,133.937531,-96.089554,304.393555,136.455948,-212.331299,300.353546,173.784988
2133,17.775000,14:47:27:02.02,-96.622063,302.187012,133.286316,-96.620117,309.063812,133.936615,-96.091103,304.393066,136.454849,-212.470032,300.424927,173.829346
2134,17.783333,14:47:27:02.03,-96.621521,302.188293,133.287399,-96.620544,309.063660,133.938461,-96.090492,304.392365,136.454559,-212.589096,300.544983,173.864990
2135,17.791667,14:47:27:03.00,-96.619972,302.188110,133.286392,-96.618340,309.063446,133.937576,-96.090477,304.393372,136.455612,-212.676956,300.652374,173.919601
2136,17.800000,14:47:27:03.01,-96.618324,302.186218,133.287155,-96.619110,309.064606,133.937973,-96.089996,304.392914,136.454163,-212.782806,300.755463,173.953476
2137,17.808333,14:47:27:03.02,-96.619858,302.188904,133.286118,-96.619751,309.064850,133.937805,-96.081993,304.396545,136.453644,-212.886520,300.901611,173.970169
2138,17.816667,14:47:27:03.03,-96.619568,302.187195,133.287476,-96.619270,309.063477,133.938370,-96.089531,304.395020,136.455322,-212.996216,301.022278,173.990997
2139,17.825000,14:47:27:04.00,-96.617218,302.188751,133.286362,-96.619644,309.064026,133.937424,-96.090919,304.392853,136.454132,-213.084503,301.185211,174.004105
2140,17.833333,14:47:27:04.01,-96.616699,302.187714,133.286575,-96.619965,309.063568,133.937805,-96.091164,304.393555,136.455292,-213.183502,301.352539,174.008820
2141,17.841667,14:47:27:04.02,-96.618538,302.187469,133.286942,-96.620331,309.063110,133.938232,-96.090958,304.393524,136.455185,-213.278152,301.491272,174.018890
2142,17.850000,14:47:27:04.03,-96.622108,302.187622,133.286880,-96.619720,309.063477,133.937042,-96.090843,304.392944,136.454910,-213.365417,301.699951,174.022598
2143,17.858333,14:47:27:05.00,-96.619682,302.187744,133.286789,-96.619537,309.064026,133.936172,-96.090378,304.393066,136.455551,-213.457062,301.868774,174.042099
2144,17.866667,14:47:27:05.01,-96.618340,302.187988,133.286377,-96.619453,309.064148,133.938049,-96.090675,304.393738,136.455582,-213.531448,302.089386,174.055801
2145,17.875000,14:47:27:05.02,-96.619461,302.186737,133.286911,-96.619270,309.063721,133.937332,-96.090599,304.393341,136.455063,-213.598663,302.298981,174.080658
2146,17.883333,14:47:27:05.03,-96.620605,302.188171,133.287384,-96.620178,309.063782,133.938858,-96.085327,304.397308,136.455139,-213.643509,302.536499,174.108139
2147,17.891667,14:47:27:06.00,-96.619576,302.188721,133.286148,-96.620522,309.063446,133.938339,-96.089333,304.394806,136.454834,-213.699814,302.798309,174.141708
2148,17.900000,14:47:27:06.01,-96.616776,302.187134,133.285995,-96.620140,309.063080,133.939453,-96.091560,304.393066,136.454910,-213.762695,303.010010,174.154907
2149,17.908333,14:47:27:06.02,-96.620674,302.188599,133.286911,-96.618340,309.063782,133.938461,-96.091393,304.392517,136.454407,-213.873703,303.275513,174.146072
2150,17.916667,14:47:27:06.03,-96.620651,302.188141,133.286987,-96.620613,309.064453,133.938293,-96.091377,304.393463,136.455353,-213.956970,303.550995,174.137085
2151,17.925000,14:47:27:07.00,-96.619194,302.187866,133.286224,-96.620064,309.063995,133.938522,-96.090874,304.393616,136.454544,-214.023514,303.801544,174.142380
2152,17.933333,14:47:27:07.01,-96.619438,302.187042,133.286911,-96.618919,309.063385,133.937592,-96.091911,304.393188,136.455399,-214.060898,304.127167,174.144272
2153,17.941667,14:47:27:07.02,-96.619057,302.186798,133.285934,-96.618340,309.063721,133.937531,-96.092018,304.393677,136.455307,-214.090729,304.490173,174.154404
2154,17.950000,14:47:27:07.03,-96.621208,302.188080,133.286911,-96.619034,309.063599,133.938370,-96.090385,304.393494,136.455780,-214.160660,304.800110,174.141037
2155,17.958333,14:47:27:08.00,-96.617844,302.188141,133.286652,-96.619011,309.063507,133.937302,-96.091042,304.393707,136.456345,-214.244492,305.107391,174.125809
2156,17.966667,14:47:27:08.01,-96.618736,302.188049,133.286179,-96.619469,309.064087,133.937119,-96.091042,304.394379,136.455368,-214.299438,305.450684,174.132126
2157,17.975000,14:47:27:08.02,-96.619072,302.187531,133.287170,-96.618744,309.063568,133.937561,-96.089920,304.393066,136.455231,-214.319656,305.839905,174.138718
2158,17.983333,14:47:27:08.03,-96.620552,302.188690,133.286545,-96.618690,309.064606,133.937729,-96.085533,304.397156,136.454971,-214.369385,306.223938,174.124130
2159,17.991667,14:47:27:09.00,-96.618240,302.188660,133.287155,-96.619179,309.064392,133.936996,-96.089249,304.393921,136.454086,-214.432358,306.602203,174.103653
2160,18.000000,14:47:27:09.01,-96.618179,302.187744,133.287430,-96.620125,309.063995,133.938431,-96.092087,304.392944,136.454636,-214.505386,307.004913,174.089081
2161,18.008333,14:47:27:09.02,-96.620407,302.187927,133.287018,-96.618935,309.063629,133.936905,-96.090401,304.393219,136.454971,-214.507706,307.437195,174.081924
2162,18.016667,14:47:27:09.03,-96.618500,302.188202,133.286316,-96.618973,309.062988,133.937225,-96.091278,304.392883,136.453659,-214.575073,307.856720,174.053131
2163,18.025000,14:47:27:10.00,-96.619568,302.187622,133.287598,-96.618225,309.063995,133.936447,-96.085884,304.398163,136.454697,-214.628769,308.282990,174.028183
2164,18.033333,14:47:27:10.01,-96.620918,302.188446,133.287949,-96.620010,309.063538,133.937881,-96.089821,304.393951,136.455673,-214.655334,308.747223,173.995483
2165,18.041667,14:47:27:10.02,-96.618614,302.188171,133.285446,-96.620171,309.063568,133.936783,-96.092957,304.394501,136.455597,-214.692017,309.205200,173.954422
2166,18.050000,14:47:27:10.03,-96.619781,302.188080,133.285721,-96.620819,309.063660,133.937042,-96.091347,304.393921,136.454605,-214.756424,309.682312,173.907166
2167,18.058333,14:47:27:11.00,-96.619766,302.187714,133.285995,-96.618546,309.062897,133.937073,-96.090355,304.394592,136.454590,-214.768463,310.187500,173.869232
2168,18.066667,14:47:27:11.01,-96.619003,302.188934,133.286194,-96.619514,309.064392,133.937149,-96.091782,304.393219,136.455353,-214.818924,310.661407,173.831024
2169,18.075000,14:47:27:11.02,-96.620941,302.187897,133.288147,-96.619080,309.063995,133.937363,-96.089264,304.393646,136.454956,-214.881927,311.131439,173.802490
2170,18.083333,14:47:27:11.03,-96.617096,302.188141,133.285690,-96.620987,309.063629,133.936722,-96.091339,304.394012,136.454880,-214.865463,311.641876,173.786301
2171,18.091667,14:47:27:12.00,-96.619431,302.187927,133.285400,-96.620979,309.062469,133.936676,-96.091393,304.393616,136.454941,-214.944962,312.149261,173.737671
2172,18.100000,14:47:27:12.01,-96.621170,302.187073,133.288223,-96.620140,309.063477,133.937057,-96.092316,304.393127,136.453506,-214.974075,312.676239,173.699966
2173,18.108333,14:47:27:12.02,-96.620537,302.188324,133.285950,-96.618858,309.064453,133.937515,-96.091820,304.393707,136.455048,-214.985077,313.216675,173.682587
2174,18.116667,14:47:27:12.03,-96.619476,302.187775,133.286972,-96.619797,309.063354,133.935989,-96.092346,304.394043,136.455124,-215.051910,313.726471,173.640579
2175,18.125000,14:47:27:13.00,-96.620018,302.188110,133.287689,-96.619835,309.062134,133.937012,-96.090767,304.392670,136.454620,-215.036346,314.306274,173.633163
2176,18.133333,14:47:27:13.01,-96.619301,302.188812,133.286530,-96.622047,309.065277,133.937775,-96.090668,304.392944,136.454147,-215.086838,314.858307,173.599777
2177,18.141667,14:47:27:13.02,-96.616814,302.188263,133.285522,-96.620872,309.064209,133.938049,-96.091339,304.394043,136.454971,-215.109329,315.392151,173.552887
2178,18.150000,14:47:27:13.03,-96.617683,302.188110,133.286011,-96.622322,309.063812,133.938751,-96.092049,304.394958,136.455307,-215.126114,315.957581,173.535522
2179,18.158333,14:47:27:14.00,-96.618698,302.189301,133.285767,-96.622269,309.064087,133.939255,-96.091194,304.393127,136.455109,-215.150711,316.529572,173.529083
2180,18.166667,14:47:27:14.01,-96.616951,302.189056,133.285980,-96.622795,309.063660,133.938248,-96.091919,304.393707,136.454163,-215.142960,317.085571,173.512558
2181,18.175000,14:47:27:14.02,-96.613274,302.188965,133.286743,-96.622726,309.063568,133.937912,-96.091789,304.393066,136.454498,-215.164230,317.684906,173.518646
2182,18.183333,14:47:27:14.03,-96.613838,302.189453,133.285507,-96.622002,309.064514,133.938324,-96.091438,304.393127,136.454193,-215.166168,318.251404,173.485947
2183,18.191667,14:47:27:15.00,-96.613831,302.189880,133.285934,-96.622124,309.064667,133.938080,-96.091042,304.394043,136.454742,-215.157959,318.831268,173.500259
2184,18.200000,14:47:27:15.01,-96.614677,302.190063,133.286194,-96.622414,309.064331,133.937408,-96.091858,304.394867,136.454193,-215.155792,319.428406,173.469788
2185,18.208333,14:47:27:15.02,-96.614204,302.191284,133.285873,-96.622887,309.065186,133.938034,-96.091217,304.395477,136.455429,-215.131470,319.992493,173.485916
2186,18.216667,14:47:27:15.03,-96.611603,302.190796,133.284012,-96.624184,309.063995,133.936844,-96.089561,304.394775,136.454651,-215.135544,320.587158,173.443069
2187,18.225000,14:47:27:16.00,-96.610306,302.191650,133.284012,-96.624054,309.063812,133.936325,-96.089714,304.395081,136.454803,-215.108307,321.160950,173.467514
2188,18.233333,14:47:27:16.01,-96.613892,302.191162,133.282120,-96.625046,309.063812,133.936478,-96.090355,304.394623,136.453857,-215.077621,321.758392,173.443771
2189,18.241667,14:47:27:16.02,-96.611946,302.193512,133.282990,-96.624832,309.063873,133.937241,-96.090462,304.394287,136.453796,-215.056747,322.348846,173.426163
2190,18.250000,14:47:27:16.03,-96.614304,302.185669,133.281158,-96.625572,309.063843,133.936310,-96.091019,304.396515,136.453476,-215.043945,322.917114,173.384933
2191,18.258333,14:47:27:17.00,-96.619301,302.182861,133.274719,-96.624390,309.063660,133.936676,-96.089561,304.395966,136.452805,-214.994949,323.536926,173.374481
2192,18.266667,14:47:27:17.01,-96.612038,302.175537,133.281906,-96.624825,309.063995,133.936142,-96.090065,304.394836,136.452332,-214.979767,324.093964,173.290558
2193,18.275000,14:47:27:17.02,-96.600845,302.199402,133.295624,-96.625557,309.063782,133.935715,-96.090355,304.394684,136.452301,-214.957336,324.674683,173.265945
2194,18.283333,14:47:27:17.03,-96.587914,302.209564,133.299072,-96.623825,309.064178,133.935089,-96.091553,304.395569,136.454102,-214.905090,325.267181,173.213684
2195,18.291667,14:47:27:18.00,-96.597778,302.185211,133.284134,-96.624390,309.063934,133.934418,-96.093330,304.384125,136.447998,-214.877655,325.820984,173.181992
2196,18.300000,14:47:27:18.01,-96.616547,302.174591,133.279602,-96.624359,309.064026,133.933426,-96.093628,304.375610,136.448013,-214.864868,326.392700,173.110367
2197,18.308333,14:47:27:18.02,-96.618210,302.172577,133.279938,-96.632233,309.068573,133.933334,-96.094643,304.389130,136.447266,-214.795349,326.976837,173.094589
2198,18.316667,14:47:27:18.03,-96.616127,302.175934,133.280380,-96.626625,309.055725,133.931870,-96.094917,304.395355,136.447495,-214.779617,327.499573,173.009995
2199,18.325000,14:47:27:19.00,-96.614662,302.174744,133.277725,-96.625984,309.054230,133.930710,-96.082977,304.405884,136.467575,-214.699127,328.061707,172.985413
2200,18.333333,14:47:27:19.01,-96.615814,302.175842,133.280594,-96.624496,309.075134,133.937973,-96.075943,304.410492,136.479660,-214.715286,328.600189,172.932159
2201,18.341667,14:47:27:19.02,-96.617470,302.175415,133.279587,-96.610947,309.086090,133.957321,-96.083710,304.389435,136.461945,-214.634491,329.151093,172.935867
2202,18.350000,14:47:27:19.03,-96.616211,302.174866,133.279526,-96.608131,309.088440,133.961014,-96.087440,304.381256,136.459946,-214.600296,329.657349,172.874802
2203,18.358333,14:47:27:20.00,-96.616783,302.173798,133.279678,-96.608994,309.088074,133.958847,-96.087524,304.382050,136.459579,-214.536331,330.198822,172.836060
2204,18.366667,14:47:27:20.01,-96.617447,302.175476,133.280685,-96.607689,309.085541,133.957047,-96.088348,304.382202,136.460083,-214.497726,330.747406,172.787323
2205,18.375000,14:47:27:20.02,-96.618912,302.174744,133.280807,-96.617973,309.093781,133.955078,-96.087738,304.382324,136.460007,-214.457794,331.256775,172.736664
2206,18.383333,14:47:27:20.03,-96.618446,302.174316,133.282547,-96.609711,309.086700,133.957977,-96.087082,304.380646,136.459961,-214.397247,331.750153,172.704514
2207,18.391667,14:47:27:21.00,-96.621239,302.172150,133.281052,-96.609650,309.085571,133.957413,-96.088417,304.380615,136.460419,-214.347763,332.241516,172.671738
2208,18.400000,14:47:27:21.01,-96.621796,302.173462,133.282425,-96.609032,309.085236,133.957855,-96.079086,304.382812,136.474854,-214.309814,332.749237,172.630630
2209,18.408333,14:47:27:21.02,-96.621880,302.172058,133.281616,-96.607666,309.084198,133.958832,-96.076973,304.393036,136.483795,-214.271072,333.258209,172.595810
2210,18.416667,14:47:27:21.03,-96.622726,302.169220,133.280029,-96.609482,309.086731,133.960480,-96.077705,304.381805,136.474380,-214.222336,333.746368,172.554733
2211,18.425000,14:47:27:22.00,-96.621620,302.172028,133.281387,-96.607590,309.087219,133.959213,-96.087822,304.398224,136.461563,-214.171478,334.203491,172.486374
2212,18.433333,14:47:27:22.01,-96.621109,302.171539,133.282471,-96.605316,309.086731,133.958511,-96.092445,304.390869,136.448654,-214.123276,334.655945,172.437698
2213,18.441667,14:47:27:22.02,-96.623871,302.170166,133.280975,-96.604958,309.084595,133.957886,-96.093674,304.382324,136.450302,-214.083893,335.104980,172.398560
2214,18.450000,14:47:27:22.03,-96.622772,302.168976,133.280212,-96.605370,309.085388,133.958221,-96.092117,304.391602,136.452225,-214.045975,335.569000,172.361725
2215,18.458333,14:47:27:23.00,-96.624794,302.172058,133.282654,-96.605423,309.086670,133.958801,-96.092781,304.389679,136.449661,-213.998825,336.035950,172.317474
2216,18.466667,14:47:27:23.01,-96.625053,302.168976,133.282196,-96.604225,309.087158,133.958374,-96.095047,304.388245,136.447571,-213.950272,336.486237,172.254623
2217,18.475000,14:47:27:23.02,-96.603813,302.158600,133.298965,-96.603569,309.086334,133.960190,-96.095818,304.389038,136.450882,-213.897659,336.920746,172.159439
2218,18.483333,14:47:27:23.03,-96.622498,302.190308,133.282410,-96.603592,309.086060,133.958542,-96.091583,304.393463,136.455780,-213.854309,337.358551,172.118195
2219,18.491667,14:47:27:24.00,-96.621582,302.192169,133.288925,-96.603722,309.086273,133.960953,-96.089226,304.397217,136.454910,-213.793182,337.796417,172.056717
2220,18.500000,14:47:27:24.01,-96.617249,302.189392,133.287521,-96.603790,309.085938,133.959305,-96.089516,304.395203,136.454926,-213.797577,338.196075,171.975128
2221,18.508333,14:47:27:24.02,-96.616653,302.190277,133.286438,-96.604408,309.086273,133.960358,-96.092499,304.394745,136.455124,-213.740448,338.641724,171.963028
2222,18.516667,14:47:27:24.03,-96.616936,302.189270,133.286316,-96.603653,309.085938,133.960693,-96.091064,304.394196,136.454224,-213.691971,339.065186,171.886810
2223,18.525000,14:47:27:25.00,-96.616585,302.187775,133.286407,-96.603302,309.083832,133.959045,-96.090309,304.394104,136.454742,-213.651627,339.465240,171.826202
2224,18.533333,14:47:27:25.01,-96.618446,302.189117,133.286163,-96.601830,309.068573,133.964615,-96.091583,304.393677,136.454025,-213.595413,339.869751,171.776749
2225,18.541667,14:47:27:25.02,-96.617310,302.189941,133.287628,-96.608215,309.053101,133.948959,-96.090355,304.393127,136.454254,-213.544510,340.274994,171.724655
2226,18.550000,14:47:27:25.03,-96.619293,302.188934,133.286987,-96.621544,309.070312,133.936554,-96.090958,304.394104,136.454529,-213.495560,340.677582,171.655258
2227,18.558333,14:47:27:26.00,-96.617699,302.188385,133.286102,-96.621429,309.066559,133.938065,-96.091125,304.393066,136.455078,-213.455582,341.061676,171.578613
2228,18.566667,14:47:27:26.01,-96.618889,302.187317,133.285172,-96.620880,309.062897,133.937485,-96.090988,304.394043,136.455353,-213.414474,341.443481,171.507721
2229,18.575000,14:47:27:26.02,-96.618690,302.187500,133.285645,-96.620911,309.064148,133.937836,-96.091118,304.393890,136.455521,-213.349533,341.876160,171.506149
2230,18.583333,14:47:27:26.03,-96.620026,302.187408,133.286072,-96.619865,309.063965,133.938034,-96.091965,304.393219,136.455704,-213.312012,342.261475,171.427460
2231,18.591667,14:47:27:27.00,-96.618073,302.188721,133.286484,-96.619629,309.064392,133.938416,-96.091690,304.393402,136.454422,-213.292358,342.632111,171.327881
2232,18.600000,14:47:27:27.01,-96.618286,302.188965,133.286072,-96.620598,309.064545,133.938004,-96.091286,304.395569,136.455414,-213.213516,343.037567,171.274597
2233,18.608333,14:47:27:27.02,-96.617653,302.187836,133.286514,-96.619217,309.063690,133.936783,-96.089821,304.393738,136.455246,-213.180328,343.399963,171.187332
2234,18.616667,14:47:27:27.03,-96.618484,302.188110,133.286377,-96.620010,309.063263,133.938049,-96.091766,304.394592,136.455704,-213.108154,343.784363,171.158997
2235,18.625000,14:47:27:28.00,-96.618843,302.189911,133.286606,-96.618774,309.064117,133.937424,-96.091911,304.394684,136.454910,-213.061264,344.133606,171.070358
2236,18.633333,14:47:27:28.01,-96.619125,302.187927,133.286194,-96.619324,309.063934,133.936752,-96.091515,304.393158,136.454041,-213.021042,344.451538,170.966797
2237,18.641667,14:47:27:28.02,-96.619690,302.188507,133.286591,-96.620636,309.063904,133.938187,-96.092834,304.393402,136.455124,-212.968475,344.798126,170.893921
2238,18.650000,14:47:27:28.03,-96.618965,302.187775,133.287506,-96.620232,309.063660,133.937698,-96.090988,304.393829,136.454971,-212.906784,345.176971,170.846161
2239,18.658333,14:47:27:29.00,-96.619606,302.188385,133.287064,-96.619644,309.064209,133.937271,-96.091469,304.394501,136.454529,-212.864380,345.529846,170.737427
2240,18.666667,14:47:27:29.01,-96.619759,302.187653,133.286682,-96.619614,309.063873,133.937714,-96.091469,304.393616,136.455841,-212.832352,345.856415,170.615845
2241,18.675000,14:47:27:29.02,-96.619965,302.188263,133.286392,-96.619850,309.063995,133.937531,-96.092010,304.393494,136.455536,-212.758896,346.194122,170.564407
2242,18.683333,14:47:27:29.03,-96.619743,302.188171,133.286789,-96.619492,309.064453,133.936920,-96.090034,304.393158,136.453979,-212.722702,346.499847,170.454681
2243,18.691667,14:47:28:00.00,-96.619377,302.188019,133.285782,-96.619583,309.065094,133.936783,-96.090912,304.393677,136.454742,-212.657471,346.866028,170.370178
2244,18.700000,14:47:28:00.01,-96.618492,302.188934,133.284821,-96.620064,309.064026,133.937317,-96.092232,304.393707,136.455627,-212.603790,347.212311,170.276215
2245,18.708333,14:47:28:00.02,-96.620216,302.188263,133.287842,-96.620918,309.063507,133.937653,-96.090263,304.392731,136.453781,-212.557251,347.527466,170.195984
2246,18.716667,14:47:28:00.03,-96.619736,302.188599,133.287231,-96.619789,309.063354,133.937515,-96.090134,304.393463,136.456070,-212.527847,347.799713,170.074554
2247,18.725000,14:47:28:01.00,-96.618744,302.188934,133.287155,-96.619568,309.064545,133.936707,-96.091393,304.394226,136.455185,-212.467102,348.127289,169.976410
2248,18.733333,14:47:28:01.01,-96.618446,302.188751,133.286743,-96.617409,309.063873,133.936691,-96.091339,304.393097,136.454559,-212.408951,348.478180,169.899857
2249,18.741667,14:47:28:01.02,-96.619019,302.188110,133.286911,-96.620064,309.063446,133.937866,-96.084579,304.398407,136.455139,-212.388794,348.760071,169.785446
2250,18.750000,14:47:28:01.03,-96.615799,302.188263,133.285599,-96.620789,309.063934,133.937698,-96.090302,304.395569,136.455780,-212.335175,349.047852,169.690018
2251,18.758333,14:47:28:02.00,-96.617729,302.187927,133.286728,-96.620689,309.063019,133.937119,-96.089882,304.393158,136.453506,-212.284180,349.357849,169.584991
2252,18.766667,14:47:28:02.01,-96.617928,302.188507,133.286316,-96.619835,309.063416,133.937363,-96.090347,304.393402,136.454590,-212.231903,349.663422,169.512680
2253,18.775000,14:47:28:02.02,-96.618919,302.187622,133.286392,-96.619095,309.063232,133.936264,-96.092140,304.395050,136.455399,-212.208466,349.907288,169.392487
2254,18.783333,14:47:28:02.03,-96.616829,302.187592,133.286697,-96.621048,309.062897,133.936951,-96.091766,304.394257,136.454910,-212.177444,350.176941,169.270905
2255,18.791667,14:47:28:03.00,-96.620140,302.188660,133.287216,-96.620148,309.064270,133.937653,-96.090576,304.393982,136.453690,-212.101013,350.503204,169.226212
2256,18.800000,14:47:28:03.01,-96.618340,302.188507,133.286316,-96.619835,309.063965,133.937119,-96.090477,304.394287,136.455185,-212.073944,350.717743,169.146515
2257,18.808333,14:47:28:03.02,-96.619713,302.188171,133.287125,-96.619911,309.063782,133.936783,-96.091759,304.392792,136.454727,-212.063736,350.972321,169.015182
2258,18.816667,14:47:28:03.03,-96.617439,302.187531,133.286316,-96.620140,309.064178,133.937531,-96.092239,304.392700,136.453934,-211.997681,351.254639,168.937714
2259,18.825000,14:47:28:04.00,-96.615112,302.188721,133.286804,-96.619568,309.064148,133.937241,-96.091278,304.393341,136.455368,-211.968689,351.486359,168.861557
2260,18.833333,14:47:28:04.01,-96.617897,302.188385,133.286972,-96.620071,309.064575,133.937561,-96.091576,304.394073,136.455231,-211.927750,351.749146,168.786636
2261,18.841667,14:47:28:04.02,-96.619194,302.187408,133.287109,-96.620354,309.064362,133.938080,-96.090263,304.392242,136.455322,-211.909302,351.948120,168.678635
2262,18.850000,14:47:28:04.03,-96.620857,302.188080,133.287598,-96.619850,309.064575,133.938232,-96.090164,304.393372,136.454498,-211.889603,352.190643,168.560852
2263,18.858333,14:47:28:05.00,-96.617691,302.187286,133.287262,-96.617851,309.064240,133.936630,-96.089561,304.393311,136.454636,-211.884048,352.346008,168.473404
2264,18.866667,14:47:28:05.01,-96.616875,302.188751,133.285980,-96.619949,309.062195,133.937759,-96.089973,304.393616,136.453842,-211.881393,352.532593,168.369766
2265,18.875000,14:47:28:05.02,-96.614189,302.187775,133.285706,-96.620087,309.064972,133.937866,-96.090736,304.393341,136.455994,-211.793732,352.826721,168.351715
2266,18.883333,14:47:28:05.03,-96.617630,302.188110,133.286636,-96.619308,309.063751,133.937424,-96.089844,304.392517,136.455246,-211.761124,353.071106,168.259460
2267,18.891667,14:47:28:06.00,-96.619209,302.188629,133.287476,-96.618645,309.064087,133.936325,-96.092636,304.394287,136.455292,-211.759048,353.215729,168.167908
2268,18.900000,14:47:28:06.01,-96.621506,302.188141,133.287079,-96.619537,309.063263,133.936996,-96.091850,304.394012,136.455200,-211.726166,353.468536,168.114594
2269,18.908333,14:47:28:06.02,-96.617958,302.187683,133.286270,-96.620621,309.063293,133.937454,-96.091743,304.394531,136.454453,-211.737015,353.609894,168.001633
2270,18.916667,14:47:28:06.03,-96.618912,302.188232,133.287628,-96.618996,309.063629,133.937592,-96.090736,304.393890,136.455231,-211.724670,353.817902,167.898056
2271,18.925000,14:47:28:07.00,-96.618217,302.188873,133.285599,-96.620056,309.064270,133.937988,-96.091049,304.393768,136.454269,-211.691788,353.995361,167.840012
2272,18.933333,14:47:28:07.01,-96.617325,302.187866,133.286667,-96.620224,309.064117,133.937714,-96.091461,304.394043,136.454742,-211.667328,354.215668,167.783051
2273,18.941667,14:47:28:07.02,-96.617653,302.188019,133.286133,-96.618614,309.063599,133.936829,-96.090584,304.393066,136.454773,-211.663605,354.367462,167.724426
2274,18.950000,14:47:28:07.03,-96.617035,302.187683,133.286530,-96.619286,309.064331,133.937149,-96.089897,304.393616,136.454346,-211.654449,354.540924,167.624329
2275,18.958333,14:47:28:08.00,-96.619431,302.188812,133.286804,-96.619064,309.063599,133.936798,-96.088997,304.393463,136.454666,-211.643097,354.725189,167.534866
2276,18.966667,14:47:28:08.01,-96.619278,302.187958,133.285828,-96.620255,309.062286,133.937027,-96.089844,304.393890,136.455032,-211.650330,354.840363,167.452591
2277,18.975000,14:47:28:08.02,-96.619354,302.187439,133.286835,-96.619720,309.063110,133.936996,-96.091286,304.394592,136.455246,-211.625214,355.052551,167.401611
2278,18.983333,14:47:28:08.03,-96.618958,302.187012,133.286560,-96.620155,309.064117,133.937424,-96.091011,304.394043,136.455322,-211.621140,355.186371,167.344620
2279,18.991667,14:47:28:09.00,-96.617523,302.188507,133.287064,-96.617928,309.064209,133.936935,-96.091637,304.393555,136.454956,-211.622955,355.331268,167.246506
2280,19.000000,14:47:28:09.01,-96.619621,302.188049,133.286911,-96.619675,309.064423,133.937042,-96.091667,304.392456,136.454010,-211.608124,355.516968,167.169724
2281,19.008333,14:47:28:09.02,-96.617744,302.188568,133.286316,-96.619263,309.064087,133.936035,-96.091415,304.394470,136.454132,-211.610458,355.623138,167.099396
2282,19.016667,14:47:28:09.03,-96.620430,302.188934,133.287094,-96.620094,309.063690,133.938583,-96.089760,304.394470,136.455627,-211.610153,355.750519,167.043060
2283,19.025000,14:47:28:10.00,-96.619675,302.188904,133.286118,-96.617874,309.064148,133.937210,-96.089882,304.393494,136.455078,-211.596939,355.918060,166.987991
2284,19.033333,14:47:28:10.01,-96.618118,302.187714,133.286789,-96.619400,309.064331,133.937042,-96.091576,304.393066,136.454468,-211.597488,356.020081,166.921082
2285,19.041667,14:47:28:10.02,-96.618126,302.187653,133.285690,-96.619926,309.063232,133.937592,-96.090042,304.392578,136.455017,-211.598724,356.136902,166.834351
2286,19.050000,14:47:28:10.03,-96.617897,302.188721,133.286224,-96.618996,309.063232,133.937088,-96.090034,304.394714,136.455124,-211.578964,356.304352,166.767334
2287,19.058333,14:47:28:11.00,-96.619080,302.189270,133.286697,-96.619377,309.063232,133.936829,-96.090065,304.393158,136.455399,-211.582184,356.392212,166.713531
2288,19.066667,14:47:28:11.01,-96.617355,302.187347,133.287018,-96.617439,309.062744,133.936005,-96.090607,304.392609,136.454102,-211.586670,356.475647,166.660141
2289,19.075000,14:47:28:11.02,-96.617004,302.188354,133.286255,-96.619293,309.064087,133.936554,-96.090820,304.393616,136.454468,-211.577362,356.603027,166.619568
2290,19.083333,14:47:28:11.03,-96.618225,302.188477,133.287430,-96.618950,309.062683,133.937347,-96.090767,304.392822,136.454681,-211.573029,356.731293,166.576080
2291,19.091667,14:47:28:12.00,-96.618034,302.188263,133.287689,-96.618805,309.064056,133.937683,-96.091576,304.392761,136.455887,-211.580582,356.805603,166.532349
2292,19.100000,14:47:28:12.01,-96.620125,302.187683,133.286545,-96.617897,309.063782,133.936462,-96.091408,304.393311,136.455429,-211.603546,356.871948,166.464722
2293,19.108333,14:47:28:12.02,-96.620628,302.187744,133.286575,-96.620033,309.064545,133.937103,-96.090958,304.393005,136.454071,-211.622528,356.942749,166.426544
2294,19.116667,14:47:28:12.03,-96.618484,302.188171,133.286621,-96.619568,309.064178,133.936554,-96.091965,304.394165,136.455139,-211.632660,357.038025,166.392807
2295,19.125000,14:47:28:13.00,-96.619034,302.189484,133.287704,-96.619987,309.063141,133.936996,-96.090378,304.393036,136.454468,-211.644562,357.127533,166.363220
2296,19.133333,14:47:28:13.01,-96.615677,302.187836,133.285736,-96.621056,309.064209,133.937973,-96.090439,304.391266,136.454498,-211.662476,357.177551,166.342346
2297,19.141667,14:47:28:13.02,-96.619781,302.188232,133.287140,-96.619003,309.063019,133.936920,-96.090584,304.392517,136.454651,-211.676361,357.207275,166.321671
2298,19.150000,14:47:28:13.03,-96.618858,302.187683,133.286697,-96.619209,309.064514,133.936661,-96.090286,304.393372,136.455078,-211.688156,357.236359,166.305466
2299,19.158333,14:47:28:14.00,-96.617783,302.188324,133.286499,-96.618965,309.063782,133.936554,-96.089920,304.392639,136.453186,-211.701935,357.260742,166.286499
2300,19.166667,14:47:28:14.01,-96.618095,302.188538,133.287460,-96.619019,309.064209,133.936890,-96.090790,304.394165,136.454926,-211.718750,357.279785,166.273376
2301,19.175000,14:47:28:14.02,-96.618637,302.188110,133.286530,-96.619164,309.064575,133.936569,-96.091499,304.394257,136.454086,-211.739471,357.292236,166.265472
2302,19.183333,14:47:28:14.03,-96.606384,302.190918,133.284576,-96.618416,309.064270,133.936401,-96.090446,304.393768,136.454956,-211.769012,357.296234,166.263016
2303,19.191667,14:47:28:15.00,-96.614296,302.189545,133.286804,-96.618896,309.063934,133.937637,-96.091583,304.394165,136.454803,-211.802551,357.286499,166.259323
2304,19.200000,14:47:28:15.01,-96.617195,302.188507,133.286911,-96.618889,309.063324,133.936493,-96.091492,304.393585,136.454483,-211.864731,357.243622,166.234268
2305,19.208333,14:47:28:15.02,-96.616951,302.187622,133.286224,-96.619949,309.063538,133.937469,-96.091530,304.394684,136.454041,-211.904526,357.201599,166.221649
2306,19.216667,14:47:28:15.03,-96.619400,302.187744,133.286301,-96.619934,309.063507,133.937317,-96.090355,304.394379,136.454575,-211.929352,357.162750,166.225632
2307,19.225000,14:47:28:16.00,-96.620392,302.187073,133.287155,-96.619026,309.064423,133.936752,-96.084274,304.397736,136.454773,-211.940079,357.132782,166.247620
2308,19.233333,14:47:28:16.01,-96.620422,302.187988,133.287567,-96.619293,309.064392,133.936584,-96.088928,304.394165,136.455078,-211.939423,357.115723,166.283264
2309,19.241667,14:47:28:16.02,-96.616943,302.186981,133.285126,-96.620087,309.064484,133.937439,-96.091301,304.394806,136.454346,-211.944992,357.086121,166.323517
2310,19.250000,14:47:28:16.03,-96.619049,302.187256,133.286758,-96.619804,309.063904,133.937424,-96.090431,304.393372,136.454315,-211.969040,357.003571,166.369659
2311,19.258333,14:47:28:17.00,-96.618614,302.188263,133.285797,-96.619041,309.064087,133.936676,-96.090546,304.393127,136.454834,-212.001892,356.893555,166.397781
2312,19.266667,14:47:28:17.01,-96.617294,302.187988,133.286316,-96.618668,309.064301,133.937836,-96.091286,304.393372,136.454956,-212.025269,356.806061,166.473099
2313,19.275000,14:47:28:17.02,-96.618263,302.189148,133.286621,-96.618858,309.064606,133.937576,-96.089378,304.392944,136.454163,-212.052444,356.723541,166.531219
2314,19.283333,14:47:28:17.03,-96.618317,302.188049,133.286774,-96.618553,309.064209,133.937866,-96.092163,304.393707,136.455505,-212.083435,356.616028,166.556641
2315,19.291667,14:47:28:18.00,-96.618660,302.187347,133.286560,-96.617096,309.062897,133.936661,-96.091751,304.392944,136.455399,-212.127548,356.445618,166.592072
2316,19.300000,14:47:28:18.01,-96.619591,302.188293,133.286636,-96.619507,309.063446,133.937454,-96.091591,304.393188,136.455109,-212.152557,356.332428,166.628662
2317,19.308333,14:47:28:18.02,-96.616364,302.187714,133.287262,-96.619583,309.061890,133.936127,-96.090118,304.393707,136.454681,-212.172104,356.231506,166.688843
2318,19.316667,14:47:28:18.03,-96.620087,302.188507,133.286972,-96.618904,309.063293,133.937210,-96.089584,304.392670,136.453812,-212.212463,356.053986,166.741241
2319,19.325000,14:47:28:19.00,-96.617760,302.187103,133.286011,-96.618591,309.063660,133.936569,-96.089676,304.391785,136.453461,-212.241745,355.907196,166.822266
2320,19.333333,14:47:28:19.01,-96.620087,302.188171,133.287323,-96.619324,309.063843,133.937378,-96.090874,304.392517,136.454712,-212.275360,355.770813,166.876831
2321,19.341667,14:47:28:19.02,-96.618065,302.187195,133.286636,-96.617996,309.063385,133.936630,-96.090317,304.392670,136.454803,-212.340454,355.564117,166.909958
2322,19.350000,14:47:28:19.03,-96.619049,302.188782,133.286102,-96.618820,309.063934,133.936890,-96.090500,304.393158,136.455032,-212.424805,355.402771,166.943054
2323,19.358333,14:47:28:20.00,-96.617523,302.187897,133.286804,-96.618118,309.063782,133.937225,-96.088654,304.392944,136.452728,-212.476349,355.201782,167.001572
2324,19.366667,14:47:28:20.01,-96.618851,302.188141,133.285904,-96.619743,309.063629,133.938568,-96.085068,304.397095,136.454666,-212.508148,355.027039,167.097244
2325,19.375000,14:47:28:20.02,-96.615456,302.187866,133.286362,-96.618668,309.063232,133.937393,-96.089485,304.393311,136.455399,-212.549469,354.855591,167.169449
2326,19.383333,14:47:28:20.03,-96.615807,302.187561,133.286697,-96.618584,309.064331,133.937042,-96.091377,304.393616,136.454559,-212.587326,354.647552,167.247757
2327,19.391667,14:47:28:21.00,-96.619453,302.188049,133.286560,-96.619972,309.063843,133.936813,-96.090088,304.393372,136.455032,-212.633301,354.476868,167.326675
2328,19.400000,14:47:28:21.01,-96.620499,302.187927,133.285767,-96.620125,309.063873,133.937592,-96.090675,304.393524,136.454758,-212.722534,354.220367,167.420853
2329,19.408333,14:47:28:21.02,-96.618187,302.187286,133.285339,-96.619629,309.064209,133.937302,-96.090813,304.392456,136.454163,-212.782410,354.025513,167.511124
2330,19.416667,14:47:28:21.03,-96.618401,302.187164,133.286652,-96.619949,309.064545,133.937714,-96.089584,304.393005,136.454391,-212.850327,353.771851,167.571609
2331,19.425000,14:47:28:22.00,-96.618690,302.189026,133.285172,-96.619446,309.064117,133.937454,-96.090462,304.394165,136.454437,-212.935181,353.514923,167.625473
2332,19.433333,14:47:28:22.01,-96.618149,302.187958,133.287506,-96.618385,309.063568,133.937149,-96.091232,304.393555,136.455597,-213.000076,353.265594,167.723312
2333,19.441667,14:47:28:22.02,-96.621033,302.187744,133.286484,-96.619087,309.063812,133.936554,-96.092354,304.393707,136.455353,-213.079453,352.990875,167.822220
2334,19.450000,14:47:28:22.03,-96.619484,302.186157,133.286362,-96.619949,309.063141,133.937592,-96.086235,304.397064,136.453552,-213.132782,352.797119,167.944153
2335,19.458333,14:47:28:23.00,-96.618187,302.188385,133.285522,-96.619789,309.063782,133.937897,-96.089218,304.394257,136.454666,-213.203903,352.492981,168.060654
2336,19.466667,14:47:28:23.01,-96.619324,302.188354,133.286499,-96.620026,309.064056,133.937073,-96.091255,304.392914,136.453827,-213.299438,352.179138,168.128281
2337,19.475000,14:47:28:23.02,-96.617111,302.188080,133.286255,-96.620201,309.063477,133.937073,-96.091667,304.393402,136.455704,-213.345337,351.948151,168.254395
2338,19.483333,14:47:28:23.03,-96.618370,302.186951,133.287476,-96.621674,309.063721,133.938065,-96.092026,304.392822,136.454636,-213.472198,351.590546,168.344147
2339,19.491667,14:47:28:24.00,-96.618729,302.187561,133.285980,-96.620132,309.062561,133.936371,-96.092072,304.393463,136.454407,-213.538528,351.262756,168.462280
2340,19.500000,14:47:28:24.01,-96.620026,302.187500,133.285492,-96.619888,309.063721,133.936844,-96.086159,304.396790,136.454407,-213.582947,350.992157,168.580444
2341,19.508333,14:47:28:24.02,-96.619812,302.186493,133.286011,-96.619644,309.062256,133.936630,-96.090118,304.394196,136.455872,-213.646698,350.678741,168.715652
2342,19.516667,14:47:28:24.03,-96.620216,302.186584,133.286407,-96.620132,309.063965,133.936768,-96.090576,304.393311,136.454086,-213.769287,350.280975,168.801575
2343,19.525000,14:47:28:25.00,-96.621368,302.188385,133.286469,-96.618523,309.062683,133.935501,-96.091187,304.393433,136.454590,-213.834351,349.922882,168.914169
2344,19.533333,14:47:28:25.01,-96.618149,302.187897,133.286102,-96.618248,309.063629,133.936661,-96.091553,304.393280,136.454559,-213.952057,349.514709,169.015427
2345,19.541667,14:47:28:25.02,-96.618484,302.186859,133.287155,-96.618767,309.063110,133.936478,-96.091240,304.392822,136.455856,-214.006210,349.136871,169.138199
2346,19.550000,14:47:28:25.03,-96.620132,302.187408,133.287033,-96.619797,309.063965,133.937241,-96.090958,304.393036,136.455704,-214.094894,348.740997,169.240341
2347,19.558333,14:47:28:26.00,-96.620071,302.187958,133.285538,-96.619621,309.064240,133.937073,-96.090164,304.391907,136.453232,-214.171082,348.338593,169.362732
2348,19.566667,14:47:28:26.01,-96.621712,302.187714,133.286865,-96.620003,309.063904,133.936646,-96.092621,304.393829,136.455353,-214.211746,347.960052,169.516663
2349,19.575000,14:47:28:26.02,-96.620842,302.188263,133.286774,-96.619041,309.063232,133.937653,-96.090591,304.393494,136.453476,-214.330505,347.493683,169.601379
2350,19.583333,14:47:28:26.03,-96.618965,302.187622,133.286652,-96.619659,309.063202,133.937576,-96.091576,304.393585,136.454773,-214.377213,347.080078,169.722870
2351,19.591667,14:47:28:27.00,-96.619156,302.187836,133.285110,-96.619011,309.062927,133.936508,-96.090904,304.392273,136.453583,-214.482742,346.595612,169.834351
2352,19.600000,14:47:28:27.01,-96.617783,302.187622,133.285339,-96.619675,309.063049,133.936203,-96.090225,304.393433,136.454895,-214.554977,346.155823,169.946655
2353,19.608333,14:47:28:27.02,-96.621101,302.188568,133.285553,-96.620415,309.062897,133.937302,-96.091766,304.392517,136.453827,-214.646103,345.660767,170.085190
2354,19.616667,14:47:28:27.03,-96.619385,302.187225,133.287186,-96.619980,309.063324,133.938019,-96.092346,304.392975,136.454178,-214.724976,345.201263,170.180069
2355,19.625000,14:47:28:28.00,-96.619240,302.187714,133.286880,-96.619347,309.063354,133.936615,-96.090805,304.393036,136.455185,-214.810638,344.715515,170.309479
2356,19.633333,14:47:28:28.01,-96.618340,302.187500,133.285950,-96.619980,309.064148,133.937363,-96.091187,304.393707,136.453506,-214.869339,344.204102,170.427628
2357,19.641667,14:47:28:28.02,-96.619728,302.187164,133.285919,-96.619041,309.063324,133.936096,-96.090340,304.392822,136.455292,-214.956757,343.648254,170.512863
2358,19.650000,14:47:28:28.03,-96.620110,302.187500,133.285706,-96.620056,309.063629,133.936996,-96.091751,304.393372,136.454391,-215.018433,343.140808,170.642029
2359,19.658333,14:47:28:29.00,-96.617317,302.187408,133.285828,-96.619888,309.064331,133.937561,-96.091415,304.393921,136.454163,-215.063522,342.654785,170.797379
2360,19.666667,14:47:28:29.01,-96.615372,302.188599,133.286423,-96.619263,309.063782,133.937683,-96.090851,304.393890,136.453827,-215.178391,342.044434,170.814392
2361,19.675000,14:47:28:29.02,-96.618332,302.188751,133.286591,-96.620262,309.063782,133.936386,-96.092285,304.392731,136.454224,-215.282486,341.437317,170.870163
2362,19.683333,14:47:28:29.03,-96.620003,302.189026,133.286453,-96.619911,309.063751,133.938110,-96.091339,304.393799,136.454575,-215.308029,340.890991,170.996231
2363,19.691667,14:47:29:00.00,-96.618111,302.189056,133.287079,-96.619110,309.063477,133.936584,-96.090736,304.393066,136.454254,-215.424164,340.311066,171.100220
2364,19.700000,14:47:29:00.01,-96.618492,302.188232,133.286926,-96.619102,309.062927,133.936539,-96.090874,304.393829,136.454163,-215.470093,339.736694,171.186478
2365,19.708333,14:47:29:00.02,-96.618401,302.187744,133.285339,-96.619820,309.063446,133.936615,-96.091286,304.393982,136.454193,-215.576431,339.120453,171.274353
2366,19.716667,14:47:29:00.03,-96.619972,302.187744,133.286209,-96.620880,309.063751,133.937576,-96.092369,304.393799,136.454880,-215.638809,338.490814,171.343369
2367,19.725000,14:47:29:01.00,-96.620773,302.188202,133.287216,-96.620682,309.063385,133.936432,-96.090492,304.393707,136.455017,-215.720230,337.902557,171.401398
2368,19.733333,14:47:29:01.01,-96.621773,302.187622,133.286285,-96.620399,309.064575,133.937500,-96.091171,304.392487,136.454147,-215.794876,337.232086,171.476059
2369,19.741667,14:47:29:01.02,-96.618866,302.188263,133.286255,-96.619270,309.063019,133.938644,-96.089920,304.392700,136.454147,-215.848618,336.611267,171.540298
2370,19.750000,14:47:29:01.03,-96.615517,302.187958,133.285370,-96.619621,309.064362,133.935776,-96.091881,304.393311,136.454468,-215.967010,335.946594,171.638748
2371,19.758333,14:47:29:02.00,-96.616348,302.189026,133.285294,-96.617722,309.075256,133.940002,-96.090675,304.395203,136.454666,-216.038040,335.317139,171.690750
2372,19.766667,14:47:29:02.01,-96.619537,302.188904,133.285080,-96.615921,309.055603,133.936951,-96.089348,304.393768,136.453827,-216.083649,334.657898,171.789688
2373,19.775000,14:47:29:02.02,-96.617439,302.187317,133.285355,-96.619118,309.059662,133.935883,-96.092506,304.392853,136.453613,-216.187958,333.951447,171.851593
2374,19.783333,14:47:29:02.03,-96.616989,302.186676,133.285660,-96.603500,309.072266,133.966644,-96.092743,304.393585,136.454330,-216.247147,333.297424,171.890213
2375,19.791667,14:47:29:03.00,-96.617218,302.191284,133.287186,-96.595840,309.075775,133.973969,-96.090225,304.393951,136.454071,-216.315887,332.594482,171.940964
2376,19.800000,14:47:29:03.01,-96.611908,302.202087,133.294159,-96.603432,309.087616,133.961716,-96.091057,304.393951,136.454010,-216.432098,331.888885,171.981033
2377,19.808333,14:47:29:03.02,-96.613098,302.178375,133.284683,-96.606621,309.087189,133.959503,-96.089951,304.394379,136.454773,-216.482834,331.188049,172.018799
2378,19.816667,14:47:29:03.03,-96.600929,302.165070,133.300018,-96.610786,309.072815,133.950333,-96.091713,304.393921,136.455353,-216.535095,330.462952,172.073059
2379,19.825000,14:47:29:04.00,-96.594887,302.176453,133.301941,-96.613441,309.072418,133.950912,-96.091042,304.392883,136.453598,-216.660263,329.739441,172.145020
2380,19.833333,14:47:29:04.01,-96.613991,302.175476,133.283096,-96.621330,309.065369,133.936508,-96.089973,304.393829,136.454895,-216.749100,329.040894,172.193451
2381,19.841667,14:47:29:04.02,-96.621689,302.171051,133.280502,-96.627319,309.066406,133.931320,-96.090790,304.393707,136.455078,-216.772034,328.299652,172.254318
2382,19.850000,14:47:29:04.03,-96.619484,302.171997,133.282944,-96.623405,309.057739,133.935760,-96.090500,304.393921,136.453079,-216.880554,327.526184,172.349167
2383,19.858333,14:47:29:05.00,-96.617577,302.173645,133.282318,-96.624619,309.063019,133.935791,-96.091461,304.393921,136.452728,-216.966629,326.803650,172.434586
2384,19.866667,14:47:29:05.01,-96.601105,302.183838,133.298981,-96.624115,309.064240,133.936554,-96.092239,304.394501,136.454529,-217.024139,326.071350,172.502045
2385,19.875000,14:47:29:05.02,-96.573921,302.210358,133.317383,-96.623245,309.062469,133.935257,-96.090523,304.394165,136.453705,-217.099808,325.311554,172.603363
2386,19.883333,14:47:29:05.03,-96.577614,302.199860,133.300049,-96.624237,309.062195,133.936996,-96.091393,304.394257,136.454803,-217.205841,324.523743,172.705795
2387,19.891667,14:47:29:06.00,-96.606140,302.182129,133.283691,-96.625511,309.063293,133.937485,-96.090637,304.394287,136.454361,-217.259811,323.796295,172.778885
2388,19.900000,14:47:29:06.01,-96.617523,302.187622,133.281555,-96.635201,309.069946,133.935745,-96.090446,304.394165,136.453995,-217.296356,323.089874,172.869186
2389,19.908333,14:47:29:06.02,-96.612480,302.191223,133.283905,-96.626976,309.064117,133.937042,-96.091354,304.395050,136.453827,-217.416122,322.288147,172.952499
2390,19.916667,14:47:29:06.03,-96.611969,302.191803,133.284836,-96.623398,309.063232,133.937653,-96.091156,304.394043,136.453415,-217.503693,321.510101,173.016159
2391,19.925000,14:47:29:07.00,-96.612511,302.190826,133.284424,-96.624603,309.064697,133.936722,-96.090988,304.394135,136.453903,-217.542191,320.794403,173.073334
2392,19.933333,14:47:29:07.01,-96.614548,302.189240,133.284546,-96.623871,309.063751,133.938065,-96.090584,304.394104,136.454956,-217.631577,320.064758,173.121048
2393,19.941667,14:47:29:07.02,-96.614647,302.190918,133.286163,-96.622734,309.062897,133.936905,-96.091850,304.392944,136.454224,-217.738129,319.291260,173.157791
2394,19.950000,14:47:29:07.03,-96.613152,302.189911,133.286438,-96.624741,309.063446,133.938538,-96.091583,304.393585,136.455200,-217.807251,318.521606,173.204987
2395,19.958333,14:47:29:08.00,-96.614876,302.190033,133.286285,-96.624741,309.065277,133.938660,-96.091927,304.393188,136.454147,-217.869949,317.794891,173.238449
2396,19.966667,14:47:29:08.01,-96.619514,302.188660,133.286209,-96.624039,309.062744,133.937912,-96.091530,304.392365,136.454636,-217.974564,317.049072,173.266678
2397,19.975000,14:47:29:08.02,-96.616188,302.188049,133.285995,-96.622726,309.064362,133.938202,-96.091782,304.393158,136.454910,-218.075638,316.292725,173.283432
2398,19.983333,14:47:29:08.03,-96.617897,302.188171,133.285873,-96.620773,309.063873,133.936707,-96.090874,304.393768,136.454147,-218.152359,315.558624,173.287735
2399,19.991667,14:47:29:09.00,-96.619972,302.188324,133.287155,-96.622246,309.062988,133.937042,-96.090973,304.393616,136.454285,-218.213409,314.884277,173.291016
2400,20.000000,14:47:29:09.01,-96.620552,302.187744,133.286652,-96.623550,309.063232,133.937729,-96.091858,304.393036,136.454758,-218.314285,314.146820,173.297485
2401,20.008333,14:47:29:09.02,-96.620483,302.188263,133.286835,-96.622101,309.064301,133.938278,-96.090652,304.392944,136.454041,-218.445877,313.442413,173.301376
2402,20.016667,14:47:29:09.03,-96.622017,302.188263,133.286667,-96.620743,309.063812,133.937561,-96.090790,304.393494,136.454147,-218.521255,312.755890,173.310272
2403,20.025000,14:47:29:10.00,-96.620316,302.186951,133.286148,-96.619621,309.063507,133.937180,-96.091042,304.392883,136.454300,-218.584625,312.081757,173.327652
2404,20.033333,14:47:29:10.01,-96.619072,302.187408,133.286667,-96.621750,309.063599,133.937149,-96.093231,304.393280,136.454529,-218.711945,311.408386,173.342880
2405,20.041667,14:47:29:10.02,-96.619118,302.187958,133.285751,-96.620804,309.064209,133.937744,-96.091774,304.392639,136.454361,-218.803024,310.721191,173.345261
2406,20.050000,14:47:29:10.03,-96.620384,302.188110,133.286270,-96.619644,309.064087,133.936920,-96.090553,304.393494,136.454803,-218.865372,310.099915,173.356522
2407,20.058333,14:47:29:11.00,-96.621780,302.187469,133.286591,-96.620087,309.063660,133.937790,-96.091743,304.392883,136.455185,-218.979828,309.429199,173.367935
2408,20.066667,14:47:29:11.01,-96.621414,302.187408,133.286728,-96.619308,309.063202,133.935577,-96.090904,304.393219,136.453064,-219.083908,308.782501,173.373489
2409,20.075000,14:47:29:11.02,-96.621422,302.188141,133.288116,-96.619324,309.062714,133.937241,-96.091064,304.392548,136.453323,-219.110580,308.186920,173.409348
2410,20.083333,14:47:29:11.03,-96.619385,302.187988,133.285950,-96.620270,309.062683,133.936920,-96.091263,304.393066,136.454498,-219.216614,307.524567,173.432175
2411,20.091667,14:47:29:12.00,-96.620712,302.187469,133.286514,-96.620773,309.063110,133.936447,-96.092545,304.392639,136.455521,-219.294022,306.953369,173.463196
2412,20.100000,14:47:29:12.01,-96.620277,302.188232,133.286133,-96.620720,309.063995,133.938416,-96.091232,304.392975,136.454636,-219.335464,306.321808,173.510712
2413,20.108333,14:47:29:12.02,-96.620110,302.187408,133.285782,-96.619812,309.062897,133.937424,-96.090538,304.392944,136.453827,-219.423096,305.735840,173.576492
2414,20.116667,14:47:29:12.03,-96.618767,302.188080,133.285873,-96.619209,309.063019,133.938416,-96.092583,304.392975,136.455719,-219.465561,305.166107,173.629623
2415,20.125000,14:47:29:13.00,-96.617744,302.187744,133.285706,-96.618629,309.063660,133.937393,-96.092529,304.392792,136.455536,-219.521851,304.565399,173.674103
2416,20.133333,14:47:29:13.01,-96.618492,302.188538,133.285767,-96.619812,309.064423,133.937653,-96.093002,304.393707,136.455566,-219.557404,304.019135,173.720322
2417,20.141667,14:47:29:13.02,-96.617355,302.188477,133.287354,-96.620682,309.064178,133.936844,-96.091591,304.393799,136.454453,-219.654663,303.476288,173.777527
2418,20.150000,14:47:29:13.03,-96.616516,302.187500,133.287155,-96.619507,309.064728,133.937408,-96.086052,304.395844,136.454803,-219.682648,302.964050,173.846146
2419,20.158333,14:47:29:14.00,-96.620781,302.187805,133.288544,-96.618675,309.063690,133.937164,-96.090958,304.394867,136.453918,-219.746475,302.412354,173.921753
2420,20.166667,14:47:29:14.01,-96.619904,302.187683,133.288010,-96.620438,309.064636,133.937729,-96.091064,304.392700,136.453812,-219.742889,301.897614,173.996185
2421,20.175000,14:47:29:14.02,-96.617767,302.188263,133.285995,-96.620522,309.063660,133.937698,-96.092567,304.393066,136.455032,-219.837006,301.383118,174.049728
2422,20.183333,14:47:29:14.03,-96.618439,302.188263,133.286530,-96.620491,309.064911,133.937592,-96.090546,304.392426,136.454147,-219.835709,300.938995,174.145081
2423,20.191667,14:47:29:15.00,-96.619812,302.187592,133.286362,-96.620216,309.063782,133.938019,-96.090698,304.393188,136.453949,-219.931290,300.450928,174.223557
2424,20.200000,14:47:29:15.01,-96.619598,302.188629,133.286392,-96.619591,309.062683,133.937866,-96.091469,304.393524,136.454803,-219.930908,300.018677,174.295288
2425,20.208333,14:47:29:15.02,-96.620522,302.187714,133.285980,-96.621513,309.065033,133.937912,-96.089989,304.392242,136.454590,-219.989899,299.563538,174.355865
2426,20.216667,14:47:29:15.03,-96.617592,302.187073,133.285995,-96.621536,309.063354,133.938828,-96.091331,304.393036,136.454727,-220.015091,299.131744,174.433792
2427,20.225000,14:47:29:16.00,-96.620857,302.188049,133.286713,-96.620712,309.064667,133.937439,-96.090981,304.393188,136.454086,-220.030899,298.709991,174.530869
2428,20.233333,14:47:29:16.01,-96.620392,302.188721,133.287216,-96.620155,309.063232,133.936935,-96.091492,304.392395,136.455017,-220.084564,298.290314,174.599579
2429,20.241667,14:47:29:16.02,-96.618965,302.188232,133.287109,-96.620026,309.063049,133.937927,-96.090858,304.393250,136.454376,-220.093109,297.908997,174.653122
2430,20.250000,14:47:29:16.03,-96.618698,302.188843,133.286911,-96.619698,309.063385,133.936707,-96.091019,304.393951,136.454300,-220.151733,297.520294,174.705643
2431,20.258333,14:47:29:17.00,-96.619690,302.187805,133.286728,-96.620628,309.063232,133.937912,-96.091713,304.391846,136.454147,-220.223282,297.159637,174.765076
2432,20.266667,14:47:29:17.01,-96.620491,302.186890,133.286301,-96.618607,309.063507,133.936722,-96.084671,304.396545,136.455093,-220.202042,296.826660,174.854553
2433,20.275000,14:47:29:17.02,-96.622734,302.187836,133.287552,-96.618156,309.064026,133.937515,-96.091309,304.393890,136.454849,-220.252747,296.441711,174.910339
2434,20.283333,14:47:29:17.03,-96.620262,302.187744,133.287140,-96.618759,309.064117,133.936722,-96.092026,304.392670,136.454636,-220.292236,296.069031,174.947952
2435,20.291667,14:47:29:18.00,-96.619576,302.188019,133.286209,-96.620544,309.064240,133.937515,-96.091644,304.392853,136.454712,-220.271301,295.773132,175.001251
2436,20.300000,14:47:29:18.01,-96.618805,302.186279,133.286346,-96.620102,309.063477,133.937622,-96.090172,304.392975,136.453918,-220.340698,295.464844,175.032730
2437,20.308333,14:47:29:18.02,-96.618004,302.187592,133.286270,-96.619835,309.063477,133.937241,-96.091042,304.392670,136.454498,-220.390488,295.116486,175.066193
2438,20.316667,14:47:29:18.03,-96.620728,302.188599,133.286697,-96.620834,309.063629,133.937897,-96.092186,304.393494,136.455536,-220.382004,294.803162,175.110474
2439,20.325000,14:47:29:19.00,-96.619965,302.187317,133.286346,-96.619583,309.063660,133.937057,-96.091553,304.392731,136.454880,-220.419525,294.543945,175.144775
2440,20.333333,14:47:29:19.01,-96.619835,302.187500,133.286987,-96.619652,309.063538,133.937469,-96.091232,304.391785,136.454193,-220.470016,294.220123,175.198074
2441,20.341667,14:47:29:19.02,-96.618149,302.186890,133.285080,-96.620476,309.063446,133.937805,-96.091522,304.392853,136.453842,-220.496246,293.909576,175.220612
2442,20.350000,14:47:29:19.03,-96.617737,302.187683,133.285934,-96.620163,309.063293,133.937042,-96.091339,304.393829,136.454361,-220.502213,293.673126,175.257080
2443,20.358333,14:47:29:20.00,-96.616737,302.186859,133.286224,-96.620308,309.064423,133.937424,-96.092178,304.393372,136.454086,-220.539261,293.383850,175.286087
2444,20.366667,14:47:29:20.01,-96.620117,302.187775,133.286743,-96.619705,309.063354,133.936722,-96.091515,304.393341,136.455078,-220.593781,293.114777,175.309387
2445,20.375000,14:47:29:20.02,-96.621704,302.187164,133.286133,-96.620750,309.063354,133.937820,-96.091232,304.393188,136.454407,-220.607071,292.875000,175.329453
2446,20.383333,14:47:29:20.03,-96.619949,302.187286,133.285675,-96.620987,309.063110,133.937134,-96.092094,304.393402,136.454559,-220.620651,292.615814,175.348312
2447,20.391667,14:47:29:21.00,-96.619957,302.187775,133.287125,-96.621902,309.063568,133.938004,-96.091057,304.392639,136.454315,-220.687195,292.387421,175.356949
2448,20.400000,14:47:29:21.01,-96.619766,302.187653,133.285980,-96.620178,309.063690,133.937546,-96.090622,304.393463,136.454056,-220.716446,292.136627,175.370514
2449,20.408333,14:47:29:21.02,-96.617165,302.187927,133.285172,-96.619759,309.063324,133.937378,-96.090797,304.393829,136.455017,-220.750885,291.931824,175.381714
2450,20.416667,14:47:29:21.03,-96.617035,302.188110,133.285812,-96.620941,309.063354,133.937515,-96.090736,304.393066,136.455276,-220.745560,291.714020,175.405243
2451,20.425000,14:47:29:22.00,-96.616074,302.187622,133.285522,-96.620789,309.063568,133.937332,-96.090866,304.393555,136.454971,-220.836990,291.495850,175.416595
2452,20.433333,14:47:29:22.01,-96.617928,302.188232,133.286224,-96.620056,309.063141,133.937759,-96.090805,304.393860,136.453720,-220.881699,291.302765,175.435516
2453,20.441667,14:47:29:22.02,-96.619576,302.187347,133.287170,-96.620247,309.064087,133.937592,-96.091255,304.392822,136.454910,-220.920258,291.079987,175.455078
2454,20.450000,14:47:29:22.03,-96.620209,302.188019,133.285980,-96.620140,309.063995,133.937653,-96.090958,304.392822,136.453873,-220.936371,290.945953,175.482742
2455,20.458333,14:47:29:23.00,-96.618309,302.189056,133.286942,-96.620636,309.063538,133.937164,-96.089973,304.392792,136.453506,-220.980194,290.710327,175.506638
2456,20.466667,14:47:29:23.01,-96.618744,302.188965,133.286545,-96.619827,309.063354,133.936890,-96.092674,304.393707,136.455231,-221.060318,290.555176,175.521896
2457,20.475000,14:47:29:23.02,-96.617050,302.188293,133.286148,-96.619469,309.063568,133.936493,-96.090660,304.393097,136.454056,-221.124741,290.384491,175.536957
2458,20.483333,14:47:29:23.03,-96.619537,302.187073,133.285004,-96.619530,309.063110,133.936478,-96.092468,304.392822,136.455887,-221.132614,290.207855,175.565857
2459,20.491667,14:47:29:24.00,-96.618362,302.187653,133.285278,-96.619720,309.063202,133.936234,-96.092712,304.393402,136.454437,-221.151596,290.088989,175.601730
2460,20.500000,14:47:29:24.01,-96.619324,302.188324,133.286407,-96.619949,309.063019,133.936981,-96.091148,304.393524,136.452576,-221.182114,289.940796,175.629059
2461,20.508333,14:47:29:24.02,-96.617111,302.187378,133.286255,-96.620964,309.063232,133.936905,-96.090576,304.391876,136.454178,-221.240585,289.744629,175.644379
2462,20.516667,14:47:29:24.03,-96.618515,302.188477,133.286407,-96.621201,309.064240,133.937683,-96.091103,304.393066,136.454208,-221.313446,289.599152,175.649887
2463,20.525000,14:47:29:25.00,-96.619110,302.188446,133.286316,-96.620491,309.063385,133.937469,-96.091972,304.394440,136.454437,-221.326859,289.462128,175.673798
2464,20.533333,14:47:29:25.01,-96.618965,302.188263,133.286819,-96.621010,309.065125,133.937103,-96.090698,304.392944,136.453568,-221.311600,289.286041,175.702347
2465,20.541667,14:47:29:25.02,-96.618401,302.188385,133.285980,-96.619049,309.063385,133.936569,-96.090492,304.392761,136.454239,-221.323441,289.145569,175.727203
2466,20.550000,14:47:29:25.03,-96.618050,302.187500,133.286545,-96.619987,309.062500,133.937256,-96.085754,304.396118,136.454559,-221.329910,288.942841,175.759857
2467,20.558333,14:47:29:26.00,-96.617119,302.187256,133.286133,-96.619507,309.064240,133.938004,-96.085098,304.397308,136.453751,-221.353867,288.737640,175.795044
2468,20.566667,14:47:29:26.01,-96.619095,302.188263,133.286041,-96.619926,309.064545,133.937485,-96.084503,304.397217,136.453918,-221.350952,288.542236,175.824203
2469,20.575000,14:47:29:26.02,-96.619476,302.188629,133.286652,-96.620491,309.064301,133.937592,-96.091095,304.394501,136.454498,-221.330994,288.317902,175.860977
2470,20.583333,14:47:29:26.03,-96.618439,302.187469,133.286041,-96.621262,309.063629,133.936874,-96.092484,304.393707,136.455444,-221.303146,288.127563,175.881866
2471,20.591667,14:47:29:27.00,-96.618492,302.187683,133.286423,-96.619896,309.063354,133.936127,-96.091232,304.393463,136.454376,-221.262543,287.909332,175.921600
2472,20.600000,14:47:29:27.01,-96.621323,302.187836,133.286148,-96.620163,309.064423,133.936447,-96.092346,304.392914,136.455475,-221.219421,287.704651,175.950027
2473,20.608333,14:47:29:27.02,-96.619385,302.187958,133.287338,-96.620140,309.063751,133.937668,-96.092400,304.393921,136.453979,-221.210220,287.460510,175.971451
2474,20.616667,14:47:29:27.03,-96.618065,302.187958,133.285553,-96.621323,309.065094,133.937836,-96.090462,304.393066,136.454056,-221.202820,287.234314,176.003479
2475,20.625000,14:47:29:28.00,-96.619324,302.187927,133.286728,-96.620140,309.063110,133.937561,-96.090927,304.393890,136.454834,-221.190521,287.026276,176.041061
2476,20.633333,14:47:29:28.01,-96.621254,302.188232,133.286255,-96.620468,309.064484,133.938461,-96.090660,304.393158,136.454849,-221.139221,286.797943,176.069946
2477,20.641667,14:47:29:28.02,-96.619293,302.188141,133.285202,-96.619438,309.064331,133.937103,-96.091881,304.393799,136.455505,-221.113068,286.600647,176.102325
2478,20.650000,14:47:29:28.03,-96.620110,302.187561,133.287186,-96.619843,309.063354,133.937317,-96.092300,304.393158,136.455078,-221.075027,286.380096,176.138824
2479,20.658333,14:47:29:29.00,-96.621284,302.187897,133.286896,-96.620842,309.063995,133.936295,-96.089775,304.391998,136.454178,-221.059586,286.186249,176.187912
2480,20.666667,14:47:29:29.01,-96.620995,302.186890,133.287399,-96.619316,309.063141,133.937302,-96.092270,304.394806,136.454437,-221.038895,285.957428,176.224777
2481,20.675000,14:47:29:29.02,-96.621475,302.187744,133.287292,-96.619186,309.064240,133.936600,-96.090576,304.392761,136.455215,-221.031433,285.746307,176.252991
2482,20.683333,14:47:29:29.03,-96.616760,302.186676,133.286423,-96.618736,309.064941,133.936996,-96.091469,304.392731,136.454575,-221.034103,285.514526,176.302628
2483,20.691667,14:47:30:00.00,-96.616974,302.188171,133.287186,-96.620712,309.062439,133.937393,-96.092293,304.393219,136.454559,-221.022156,285.327850,176.349350
2484,20.700000,14:47:30:00.01,-96.617386,302.187622,133.285477,-96.620705,309.062622,133.937973,-96.091011,304.392365,136.454681,-220.969849,285.101837,176.397385
2485,20.708333,14:47:30:00.02,-96.618988,302.187836,133.286163,-96.620575,309.063416,133.937469,-96.091949,304.393188,136.454620,-220.932144,284.927979,176.463562
2486,20.716667,14:47:30:00.03,-96.618103,302.187286,133.286011,-96.621574,309.062744,133.936722,-96.091820,304.393280,136.454697,-220.930267,284.704712,176.509659
2487,20.725000,14:47:30:01.00,-96.616425,302.187134,133.285599,-96.620735,309.063446,133.937378,-96.091560,304.393311,136.453674,-220.962433,284.497375,176.542496
2488,20.733333,14:47:30:01.01,-96.618690,302.188568,133.285812,-96.621712,309.063995,133.938095,-96.090805,304.393280,136.455109,-221.011093,284.306122,176.583771
2489,20.741667,14:47:30:01.02,-96.617439,302.187103,133.285706,-96.621170,309.062042,133.937317,-96.091743,304.391876,136.453781,-220.992661,284.095428,176.633560
2490,20.750000,14:47:30:01.03,-96.618286,302.187286,133.286530,-96.620529,309.063782,133.937195,-96.091148,304.393494,136.454224,-220.979568,283.929657,176.678833
2491,20.758333,14:47:30:02.00,-96.619347,302.187958,133.285934,-96.620026,309.062561,133.937912,-96.084610,304.397491,136.454193,-220.949738,283.721954,176.732819
2492,20.766667,14:47:30:02.01,-96.618515,302.186768,133.286102,-96.620346,309.063141,133.938080,-96.090111,304.392731,136.453690,-220.998001,283.543030,176.774338
2493,20.775000,14:47:30:02.02,-96.619614,302.188385,133.285385,-96.621574,309.064636,133.938370,-96.090813,304.392242,136.454437,-221.016174,283.301453,176.813339
2494,20.783333,14:47:30:02.03,-96.618080,302.188171,133.285706,-96.621071,309.063507,133.937653,-96.091484,304.392822,136.453964,-221.039337,283.137146,176.846970
2495,20.791667,14:47:30:03.00,-96.619980,302.187836,133.285812,-96.621017,309.063354,133.937332,-96.091728,304.393127,136.454163,-221.044189,282.937225,176.875275
2496,20.800000,14:47:30:03.01,-96.620171,302.187683,133.287079,-96.618759,309.061859,133.936691,-96.091240,304.392731,136.454865,-221.027069,282.741699,176.927597
2497,20.808333,14:47:30:03.02,-96.618111,302.187958,133.286957,-96.619591,309.063751,133.936554,-96.091583,304.393158,136.454819,-221.056076,282.573364,176.980896
2498,20.816667,14:47:30:03.03,-96.618797,302.187439,133.285324,-96.619980,309.063293,133.936905,-96.090660,304.393494,136.454834,-221.082230,282.327759,177.039536
2499,20.825000,14:47:30:04.00,-96.617790,302.187988,133.286194,-96.620956,309.063843,133.936523,-96.091080,304.394043,136.454910,-221.142197,282.144653,177.077271
2500,20.833333,14:47:30:04.01,-96.618446,302.188446,133.286728,-96.619537,309.063232,133.936798,-96.092285,304.391541,136.454422,-221.150558,281.948792,177.122238
2501,20.841667,14:47:30:04.02,-96.616180,302.188507,133.285522,-96.620438,309.062927,133.937119,-96.093132,304.393463,136.455948,-221.160553,281.787872,177.159210
2502,20.850000,14:47:30:04.03,-96.618263,302.187073,133.285446,-96.619766,309.064148,133.937286,-96.090355,304.392853,136.454697,-221.176788,281.662292,177.203568
2503,20.858333,14:47:30:05.00,-96.620705,302.186920,133.286011,-96.621147,309.064362,133.938705,-96.090591,304.392609,136.453888,-221.184448,281.462219,177.243317
2504,20.866667,14:47:30:05.01,-96.620857,302.187347,133.285751,-96.620132,309.063599,133.936966,-96.091339,304.393768,136.454651,-221.254211,281.311707,177.271851
2505,20.875000,14:47:30:05.02,-96.620346,302.187744,133.286423,-96.619049,309.063324,133.936768,-96.091499,304.393707,136.454041,-221.324707,281.198059,177.311050
2506,20.883333,14:47:30:05.03,-96.619415,302.188019,133.286438,-96.620224,309.064026,133.937759,-96.091591,304.392578,136.454346,-221.328354,281.013214,177.369446
2507,20.891667,14:47:30:06.00,-96.616318,302.187500,133.285873,-96.620026,309.063629,133.936279,-96.091370,304.391815,136.453827,-221.347855,280.890289,177.423477
2508,20.900000,14:47:30:06.01,-96.617706,302.187866,133.286682,-96.620667,309.063660,133.937378,-96.091644,304.391876,136.453110,-221.375534,280.814087,177.470627
2509,20.908333,14:47:30:06.02,-96.616295,302.187042,133.285614,-96.620308,309.062500,133.936722,-96.091408,304.391907,136.453873,-221.399216,280.723297,177.505096
2510,20.916667,14:47:30:06.03,-96.617737,302.186737,133.286285,-96.620003,309.063660,133.937805,-96.092430,304.393494,136.454773,-221.417786,280.584229,177.539185
2511,20.925000,14:47:30:07.00,-96.618713,302.187103,133.286392,-96.619606,309.063232,133.938080,-96.091026,304.393158,136.453888,-221.441513,280.476440,177.569611
2512,20.933333,14:47:30:07.01,-96.620964,302.187622,133.285370,-96.620560,309.062897,133.937271,-96.090614,304.392303,136.453979,-221.492340,280.405945,177.603500
2513,20.941667,14:47:30:07.02,-96.617439,302.187103,133.285568,-96.619049,309.062897,133.936447,-96.089783,304.392395,136.453766,-221.526505,280.353943,177.642975
2514,20.950000,14:47:30:07.03,-96.618248,302.187592,133.285782,-96.620819,309.064362,133.937637,-96.091248,304.392395,136.453979,-221.551697,280.304016,177.684174
2515,20.958333,14:47:30:08.00,-96.619736,302.187347,133.286072,-96.620766,309.063293,133.936768,-96.091667,304.391968,136.454636,-221.575500,280.245544,177.729767
2516,20.966667,14:47:30:08.01,-96.619347,302.186859,133.285736,-96.620438,309.063660,133.937241,-96.092468,304.392334,136.454178,-221.586105,280.172821,177.772659
2517,20.975000,14:47:30:08.02,-96.619125,302.187683,133.285629,-96.620659,309.063202,133.937805,-96.092972,304.393555,136.455154,-221.588379,280.109680,177.808197
2518,20.983333,14:47:30:08.03,-96.617668,302.187622,133.286224,-96.618965,309.063141,133.936996,-96.090828,304.393311,136.454697,-221.596146,280.064667,177.834534
2519,20.991667,14:47:30:09.00,-96.618935,302.187897,133.286209,-96.620384,309.063904,133.936935,-96.091118,304.393616,136.454529,-221.601837,280.032196,177.868042
2520,21.000000,14:47:30:09.01,-96.618690,302.187347,133.286148,-96.619804,309.064545,133.937500,-96.092171,304.393066,136.452789,-221.613403,279.999023,177.894623
2521,21.008333,14:47:30:09.02,-96.617790,302.188385,133.285126,-96.619934,309.064087,133.937653,-96.090332,304.393463,136.454361,-221.625473,279.979126,177.918106
2522,21.016667,14:47:30:09.03,-96.619972,302.186920,133.286652,-96.619362,309.063202,133.937149,-96.090683,304.392609,136.453888,-221.634216,279.967285,177.934265
2523,21.025000,14:47:30:10.00,-96.617928,302.188171,133.285538,-96.618492,309.063141,133.937180,-96.091545,304.392609,136.455185,-221.645569,279.958618,177.947754
2524,21.033333,14:47:30:10.01,-96.617737,302.188232,133.285782,-96.619415,309.063568,133.937866,-96.091240,304.392273,136.453629,-221.658539,279.950165,177.959396
2525,21.041667,14:47:30:10.02,-96.616928,302.188293,133.286636,-96.619370,309.063263,133.936844,-96.091713,304.392944,136.454025,-221.667450,279.944702,177.971512
2526,21.050000,14:47:30:10.03,-96.619186,302.188019,133.286972,-96.620964,309.063446,133.936600,-96.091377,304.392975,136.454727,-221.678116,279.937958,177.986206
2527,21.058333,14:47:30:11.00,-96.620705,302.187256,133.285690,-96.620178,309.064758,133.936050,-96.090935,304.392914,136.454712,-221.688599,279.929535,178.001862
2528,21.066667,14:47:30:11.01,-96.618652,302.185974,133.285599,-96.620560,309.062958,133.937454,-96.092964,304.393921,136.454788,-221.705124,279.916473,178.017075
2529,21.075000,14:47:30:11.02,-96.619415,302.187622,133.285004,-96.620354,309.063110,133.936935,-96.090889,304.394287,136.454300,-221.718567,279.907104,178.034515
2530,21.083333,14:47:30:11.03,-96.620445,302.187256,133.286758,-96.620277,309.063782,133.936234,-96.092674,304.394348,136.454086,-221.726868,279.904724,178.051727
2531,21.091667,14:47:30:12.00,-96.619438,302.188263,133.286545,-96.619720,309.063934,133.937500,-96.090759,304.392395,136.454926,-221.733780,279.893768,178.065063
2532,21.100000,14:47:30:12.01,-96.617996,302.188385,133.285324,-96.621040,309.065430,133.937683,-96.091164,304.392731,136.453217,-221.734787,279.893188,178.078278
2533,21.108333,14:47:30:12.02,-96.615959,302.187927,133.286102,-96.619110,309.063965,133.936172,-96.091095,304.392548,136.454300,-221.740097,279.887207,178.091415
2534,21.116667,14:47:30:12.03,-96.618294,302.188538,133.286987,-96.619530,309.063660,133.937042,-96.091911,304.393280,136.454666,-221.743896,279.884338,178.107361
2535,21.125000,14:47:30:13.00,-96.617325,302.188110,133.285126,-96.620537,309.063873,133.937515,-96.092468,304.393616,136.454208,-221.746323,279.884857,178.121536
2536,21.133333,14:47:30:13.01,-96.617554,302.188324,133.286041,-96.619720,309.063080,133.937485,-96.092110,304.392944,136.454086,-221.748535,279.884308,178.135223
2537,21.141667,14:47:30:13.02,-96.620407,302.188324,133.286087,-96.619415,309.063995,133.937256,-96.091995,304.392639,136.454483,-221.752213,279.884857,178.145248
2538,21.150000,14:47:30:13.03,-96.617386,302.187744,133.286636,-96.621071,309.063721,133.937317,-96.091034,304.392151,136.454468,-221.755463,279.888611,178.153122
2539,21.158333,14:47:30:14.00,-96.618256,302.189087,133.287033,-96.620148,309.063110,133.936859,-96.084335,304.397736,136.454926,-221.757843,279.888702,178.159073
2540,21.166667,14:47:30:14.01,-96.618736,302.189270,133.285599,-96.620667,309.064545,133.937195,-96.089378,304.394379,136.453766,-221.756454,279.902161,178.163147
2541,21.175000,14:47:30:14.02,-96.619019,302.188110,133.286331,-96.620163,309.063171,133.937332,-96.092094,304.392944,136.455078,-221.760529,279.910645,178.164062
2542,21.183333,14:47:30:14.03,-96.619675,302.187408,133.287094,-96.621086,309.065277,133.938293,-96.090813,304.393585,136.453766,-221.761749,279.924500,178.168457
2543,21.191667,14:47:30:15.00,-96.616936,302.188629,133.286865,-96.619835,309.063873,133.936584,-96.090950,304.393341,136.454163,-221.765488,279.938446,178.165634
2544,21.200000,14:47:30:15.01,-96.618095,302.187622,133.286942,-96.618820,309.062775,133.937149,-96.091034,304.392822,136.453873,-221.771622,279.959747,178.168427
2545,21.208333,14:47:30:15.02,-96.620178,302.188110,133.285828,-96.619965,309.063782,133.936996,-96.090958,304.393341,136.453903,-221.774292,279.987152,178.165710
2546,21.216667,14:47:30:15.03,-96.619827,302.186676,133.286758,-96.619835,309.063385,133.936310,-96.090431,304.393066,136.454208,-221.779510,280.024994,178.162872
2547,21.225000,14:47:30:16.00,-96.618942,302.187897,133.286240,-96.619377,309.063873,133.936279,-96.090752,304.392639,136.455460,-221.785263,280.065887,178.163437
2548,21.233333,14:47:30:16.01,-96.616928,302.187836,133.286606,-96.621628,309.063995,133.938095,-96.090263,304.392548,136.453156,-221.797913,280.116882,178.160873
2549,21.241667,14:47:30:16.02,-96.618690,302.187561,133.285614,-96.619629,309.063202,133.936752,-96.091118,304.393677,136.454193,-221.811935,280.181671,178.163879
2550,21.250000,14:47:30:16.03,-96.618614,302.188446,133.286407,-96.619606,309.063690,133.937805,-96.084877,304.396881,136.453918,-221.825195,280.251007,178.174728
2551,21.258333,14:47:30:17.00,-96.619102,302.188202,133.285492,-96.619698,309.063416,133.937881,-96.090462,304.394379,136.454300,-221.835419,280.317963,178.191025
2552,21.266667,14:47:30:17.01,-96.617661,302.187347,133.286545,-96.619629,309.063232,133.936890,-96.090569,304.391754,136.454590,-221.843307,280.390472,178.199326
2553,21.275000,14:47:30:17.02,-96.617195,302.188110,133.286316,-96.620918,309.064758,133.936996,-96.090401,304.392334,136.454056,-221.856979,280.508789,178.207703
2554,21.283333,14:47:30:17.03,-96.616745,302.188171,133.286697,-96.621552,309.063995,133.936630,-96.091415,304.392334,136.453766,-221.848816,280.652893,178.219360
2555,21.291667,14:47:30:18.00,-96.618027,302.187744,133.285782,-96.620598,309.063873,133.937134,-96.084946,304.395874,136.452744,-221.838593,280.768127,178.227249
2556,21.300000,14:47:30:18.01,-96.619293,302.187866,133.285751,-96.620110,309.064331,133.937866,-96.089539,304.393250,136.455017,-221.834915,280.934967,178.236313
2557,21.308333,14:47:30:18.02,-96.617821,302.187439,133.285873,-96.619942,309.064362,133.936813,-96.091156,304.391663,136.454620,-221.856659,281.137848,178.246338
2558,21.316667,14:47:30:18.03,-96.618301,302.187958,133.286041,-96.618881,309.063721,133.936829,-96.092331,304.392639,136.454193,-221.878815,281.276581,178.254395
2559,21.325000,14:47:30:19.00,-96.619804,302.187195,133.285385,-96.619919,309.063446,133.937256,-96.090111,304.393311,136.453201,-221.920822,281.505951,178.246292
2560,21.333333,14:47:30:19.01,-96.618996,302.187378,133.284943,-96.620407,309.062958,133.937302,-96.091095,304.392639,136.453857,-221.946503,281.673737,178.260422
2561,21.341667,14:47:30:19.02,-96.618134,302.188721,133.284348,-96.618942,309.062622,133.935852,-96.092018,304.392456,136.454605,-222.009186,281.939240,178.275345
2562,21.350000,14:47:30:19.03,-96.617355,302.187531,133.286133,-96.619041,309.063782,133.936829,-96.090485,304.391968,136.453384,-221.971725,282.154419,178.302353
2563,21.358333,14:47:30:20.00,-96.616760,302.188660,133.285385,-96.618629,309.063568,133.936584,-96.091263,304.393433,136.455643,-222.000641,282.446991,178.312057
2564,21.366667,14:47:30:20.01,-96.616409,302.188202,133.285721,-96.619545,309.063568,133.936523,-96.089806,304.393402,136.454437,-222.074371,282.692963,178.323288
2565,21.375000,14:47:30:20.02,-96.617302,302.187622,133.285339,-96.619835,309.062592,133.936722,-96.090034,304.392639,136.454437,-222.123672,282.923615,178.330368
2566,21.383333,14:47:30:20.03,-96.618477,302.187866,133.285706,-96.619934,309.064178,133.936630,-96.091614,304.392700,136.454224,-222.231339,283.220551,178.327316
2567,21.391667,14:47:30:21.00,-96.618416,302.187622,133.285828,-96.618240,309.062958,133.936905,-96.084824,304.396637,136.452576,-222.262573,283.496490,178.331436
2568,21.400000,14:47:30:21.01,-96.616264,302.186798,133.285767,-96.620338,309.064087,133.937347,-96.088707,304.393890,136.453964,-222.294113,283.785706,178.347046
2569,21.408333,14:47:30:21.02,-96.617134,302.187866,133.284805,-96.619148,309.063232,133.936676,-96.090057,304.393158,136.454697,-222.345062,284.104309,178.353470
2570,21.416667,14:47:30:21.03,-96.619392,302.187561,133.285706,-96.618454,309.064117,133.936691,-96.091133,304.392700,136.454330,-222.456818,284.410919,178.350113
2571,21.425000,14:47:30:22.00,-96.618454,302.187378,133.286560,-96.620575,309.064331,133.936996,-96.084564,304.396545,136.453674,-222.540543,284.674561,178.349884
2572,21.433333,14:47:30:22.01,-96.619011,302.187927,133.285751,-96.620270,309.063995,133.936554,-96.089798,304.393616,136.453232,-222.634079,284.957825,178.349411
2573,21.441667,14:47:30:22.02,-96.618340,302.187653,133.285812,-96.621010,309.062286,133.936798,-96.092796,304.394043,136.455856,-222.742050,285.279480,178.354935
2574,21.450000,14:47:30:22.03,-96.616539,302.186157,133.285950,-96.621719,309.064972,133.938034,-96.092400,304.393280,136.454453,-222.799438,285.616028,178.355270
2575,21.458333,14:47:30:23.00,-96.618530,302.187408,133.285324,-96.619865,309.064850,133.936844,-96.090660,304.392731,136.453934,-222.868820,285.873077,178.367950
2576,21.466667,14:47:30:23.01,-96.619408,302.187012,133.286133,-96.619072,309.062836,133.937225,-96.091820,304.392792,136.454697,-222.984619,286.176575,178.363800
2577,21.475000,14:47:30:23.02,-96.619209,302.187317,133.286087,-96.621338,309.063965,133.937592,-96.090996,304.393158,136.453918,-223.097061,286.500275,178.363373
2578,21.483333,14:47:30:23.03,-96.619263,302.188141,133.285553,-96.621231,309.063660,133.937653,-96.091476,304.393890,136.455765,-223.212219,286.791840,178.354050
2579,21.491667,14:47:30:24.00,-96.619072,302.187958,133.285980,-96.619537,309.063843,133.936554,-96.090164,304.393829,136.454147,-223.325317,287.070312,178.358490
2580,21.500000,14:47:30:24.01,-96.618408,302.187958,133.285843,-96.619682,309.064331,133.936325,-96.086258,304.396332,136.454071,-223.449951,287.365570,178.343719
2581,21.508333,14:47:30:24.02,-96.616936,302.188904,133.286682,-96.618912,309.064728,133.937622,-96.090164,304.394806,136.455109,-223.569183,287.670502,178.331573
2582,21.516667,14:47:30:24.03,-96.619446,302.188416,133.286423,-96.619621,309.063660,133.936844,-96.091965,304.392914,136.454834,-223.681351,287.982635,178.316452
2583,21.525000,14:47:30:25.00,-96.619110,302.188660,133.286118,-96.619812,309.063843,133.936844,-96.091362,304.392639,136.453613,-223.799347,288.256561,178.298920
2584,21.533333,14:47:30:25.01,-96.618378,302.187500,133.285416,-96.620216,309.062927,133.937485,-96.091881,304.394958,136.454086,-223.920319,288.545471,178.293030
2585,21.541667,14:47:30:25.02,-96.617882,302.187195,133.285828,-96.620712,309.064240,133.937653,-96.090828,304.392487,136.455048,-224.058243,288.857025,178.268311
2586,21.550000,14:47:30:25.03,-96.620682,302.186401,133.285934,-96.618965,309.063629,133.937607,-96.091156,304.393219,136.454956,-224.195984,289.143860,178.252121
2587,21.558333,14:47:30:26.00,-96.622589,302.187775,133.287308,-96.619705,309.063873,133.937119,-96.090515,304.393372,136.455307,-224.317139,289.412079,178.239365
2588,21.566667,14:47:30:26.01,-96.617577,302.187561,133.285294,-96.621086,309.063934,133.937729,-96.089729,304.392883,136.455078,-224.463562,289.692719,178.222519
2589,21.575000,14:47:30:26.02,-96.620384,302.187653,133.286102,-96.620644,309.063934,133.937042,-96.091263,304.392975,136.455933,-224.617859,289.990417,178.205338
2590,21.583333,14:47:30:26.03,-96.619186,302.186859,133.286743,-96.620857,309.062927,133.936798,-96.092476,304.393280,136.454758,-224.764832,290.265503,178.186554
2591,21.591667,14:47:30:27.00,-96.620094,302.188263,133.286835,-96.620415,309.063354,133.937103,-96.092331,304.393616,136.454971,-224.907104,290.507965,178.178818
2592,21.600000,14:47:30:27.01,-96.619720,302.187775,133.286560,-96.619728,309.064087,133.936569,-96.089622,304.392670,136.454651,-225.065201,290.792786,178.164337
2593,21.608333,14:47:30:27.02,-96.620491,302.188293,133.286316,-96.619675,309.063354,133.936737,-96.091072,304.393555,136.455307,-225.219604,291.059998,178.142365
2594,21.616667,14:47:30:27.03,-96.622070,302.188171,133.286377,-96.621590,309.064880,133.937119,-96.091591,304.393890,136.454361,-225.341324,291.284149,178.137451
2595,21.625000,14:47:30:28.00,-96.618996,302.187073,133.286423,-96.622551,309.063995,133.937225,-96.091232,304.394073,136.453720,-225.493546,291.552521,178.116302
2596,21.633333,14:47:30:28.01,-96.620247,302.187927,133.285614,-96.620300,309.063446,133.937546,-96.090721,304.392731,136.454086,-225.641800,291.819031,178.092194
2597,21.641667,14:47:30:28.02,-96.619484,302.187683,133.285904,-96.619667,309.064667,133.936600,-96.090225,304.393494,136.454620,-225.786514,292.027893,178.074249
2598,21.650000,14:47:30:28.03,-96.620209,302.187744,133.286423,-96.618202,309.064331,133.936447,-96.091995,304.393005,136.455734,-225.953033,292.293701,178.048340
2599,21.658333,14:47:30:29.00,-96.617821,302.188477,133.286209,-96.620384,309.064087,133.937668,-96.091499,304.392578,136.455002,-226.108292,292.547211,178.018997
2600,21.666667,14:47:30:29.01,-96.619507,302.187653,133.285797,-96.619263,309.064056,133.937378,-96.091667,304.392365,136.453827,-226.263947,292.740906,177.991348
2601,21.675000,14:47:30:29.02,-96.618034,302.188751,133.286331,-96.619865,309.063568,133.936966,-96.091934,304.392487,136.455673,-226.415588,293.007385,177.964752
2602,21.683333,14:47:30:29.03,-96.618042,302.188171,133.285553,-96.620178,309.064270,133.937149,-96.091881,304.393097,136.455109,-226.573563,293.211700,177.936859
2603,21.691667,14:47:31:00.00,-96.619949,302.188324,133.287079,-96.620056,309.063568,133.937790,-96.090744,304.393280,136.454315,-226.722046,293.423889,177.914703
2604,21.700000,14:47:31:00.01,-96.620888,302.187866,133.285172,-96.620522,309.064453,133.937225,-96.090691,304.392517,136.454376,-226.865677,293.654572,177.883011
2605,21.708333,14:47:31:00.02,-96.620880,302.187378,133.286835,-96.621109,309.064423,133.937988,-96.091202,304.393127,136.455276,-227.014786,293.834686,177.863663
2606,21.716667,14:47:31:00.03,-96.620438,302.187958,133.286499,-96.619354,309.064026,133.937653,-96.090805,304.391052,136.454224,-227.175644,294.070374,177.841034
2607,21.725000,14:47:31:01.00,-96.620087,302.187836,133.285965,-96.619293,309.065094,133.937454,-96.091179,304.393036,136.454468,-227.313232,294.240082,177.814651
2608,21.733333,14:47:31:01.01,-96.621063,302.186951,133.285889,-96.618843,309.062256,133.938080,-96.090607,304.392822,136.454590,-227.467651,294.450073,177.791962
2609,21.741667,14:47:31:01.02,-96.619598,302.188080,133.286285,-96.619270,309.063385,133.936768,-96.092911,304.393372,136.454437,-227.597046,294.613403,177.770523
2610,21.750000,14:47:31:01.03,-96.617775,302.188293,133.286240,-96.620300,309.062653,133.937286,-96.092354,304.392517,136.454147,-227.739288,294.819244,177.744797
2611,21.758333,14:47:31:02.00,-96.619347,302.187866,133.285889,-96.619293,309.062897,133.937149,-96.091576,304.393219,136.454742,-227.880356,294.970459,177.725677
2612,21.766667,14:47:31:02.01,-96.620239,302.187897,133.286148,-96.621262,309.064911,133.937515,-96.091187,304.392883,136.454926,-228.003784,295.175690,177.713593
2613,21.775000,14:47:31:02.02,-96.619019,302.187683,133.286133,-96.618484,309.063110,133.935898,-96.091858,304.392731,136.454239,-228.108978,295.320190,177.707321
2614,21.783333,14:47:31:02.03,-96.619690,302.187897,133.285721,-96.621033,309.064941,133.937546,-96.091240,304.392181,136.453781,-228.276855,295.485840,177.653854
2615,21.791667,14:47:31:03.00,-96.617897,302.187622,133.285538,-96.620781,309.064209,133.938477,-96.091888,304.393097,136.453995,-228.397583,295.609741,177.629669
2616,21.800000,14:47:31:03.01,-96.617958,302.188599,133.285583,-96.620056,309.064209,133.936935,-96.091103,304.393280,136.453873,-228.527649,295.769440,177.592819
2617,21.808333,14:47:31:03.02,-96.621201,302.188904,133.286713,-96.620216,309.064148,133.938950,-96.092545,304.393524,136.454544,-228.628403,295.924805,177.592743
2618,21.816667,14:47:31:03.03,-96.621117,302.188232,133.286255,-96.619781,309.063599,133.936783,-96.090950,304.392761,136.453064,-228.749710,296.038452,177.549667
2619,21.825000,14:47:31:04.00,-96.619659,302.189056,133.285614,-96.619705,309.063507,133.937469,-96.092155,304.393646,136.454727,-228.848816,296.209198,177.512070
2620,21.833333,14:47:31:04.01,-96.619766,302.187622,133.286362,-96.620766,309.064087,133.936813,-96.091782,304.393097,136.454651,-228.940842,296.327118,177.506317
2621,21.841667,14:47:31:04.02,-96.619019,302.187775,133.286209,-96.621750,309.063080,133.936020,-96.092430,304.394592,136.455231,-229.061600,296.417938,177.449356
2622,21.850000,14:47:31:04.03,-96.618263,302.187073,133.286987,-96.622124,309.062592,133.937057,-96.092537,304.393555,136.454834,-229.145020,296.578033,177.415192
2623,21.858333,14:47:31:05.00,-96.621666,302.188477,133.286102,-96.620323,309.063416,133.936951,-96.090347,304.392487,136.454895,-229.218460,296.650085,177.372070
2624,21.866667,14:47:31:05.01,-96.620773,302.187958,133.285553,-96.620605,309.063232,133.938354,-96.090866,304.393829,136.455017,-229.309006,296.738586,177.311005
2625,21.875000,14:47:31:05.02,-96.620499,302.188568,133.286819,-96.619522,309.063019,133.937759,-96.091728,304.393066,136.454956,-229.395935,296.833984,177.258713
2626,21.883333,14:47:31:05.03,-96.618309,302.188049,133.285538,-96.619865,309.065094,133.938538,-96.091431,304.393219,136.454437,-229.447845,296.926331,177.222504
2627,21.891667,14:47:31:06.00,-96.619644,302.188171,133.286591,-96.621185,309.063171,133.937805,-96.090843,304.393860,136.454559,-229.508499,297.012909,177.163620
2628,21.900000,14:47:31:06.01,-96.616875,302.187744,133.285385,-96.618820,309.063080,133.935516,-96.091583,304.392670,136.455002,-229.509491,297.087860,177.145477
2629,21.908333,14:47:31:06.02,-96.618355,302.188782,133.286560,-96.620247,309.063354,133.937576,-96.092049,304.393219,136.454758,-229.551514,297.156708,177.083130
2630,21.916667,14:47:31:06.03,-96.620850,302.188721,133.287231,-96.621048,309.063507,133.937088,-96.091965,304.393555,136.455658,-229.562714,297.245880,177.055634
2631,21.925000,14:47:31:07.00,-96.621094,302.188629,133.287277,-96.620361,309.063721,133.936905,-96.091965,304.392944,136.455368,-229.598755,297.304932,176.992218
2632,21.933333,14:47:31:07.01,-96.621727,302.189087,133.287170,-96.619781,309.064331,133.937653,-96.092545,304.393494,136.454102,-229.610031,297.363068,176.914612
2633,21.941667,14:47:31:07.02,-96.620613,302.188599,133.286072,-96.620445,309.063934,133.937744,-96.090637,304.394135,136.454575,-229.609100,297.386810,176.828415
2634,21.950000,14:47:31:07.03,-96.616760,302.187408,133.286545,-96.620743,309.063995,133.938736,-96.092812,304.394409,136.455887,-229.594711,297.404205,176.739883
2635,21.958333,14:47:31:08.00,-96.621529,302.188080,133.285599,-96.620255,309.064087,133.937683,-96.090530,304.393433,136.454788,-229.537231,297.456116,176.695480
2636,21.966667,14:47:31:08.01,-96.620041,302.188721,133.286270,-96.620399,309.065033,133.938690,-96.090828,304.393311,136.454956,-229.478912,297.493073,176.626770
2637,21.975000,14:47:31:08.02,-96.619019,302.189026,133.287399,-96.620865,309.063873,133.937393,-96.091911,304.392517,136.454834,-229.419922,297.481628,176.483582
2638,21.983333,14:47:31:08.03,-96.619560,302.188843,133.286087,-96.622032,309.062958,133.937958,-96.091614,304.393555,136.455139,-229.364090,297.499023,176.364502
2639,21.991667,14:47:31:09.00,-96.617943,302.188080,133.285934,-96.620956,309.064026,133.937546,-96.090302,304.394165,136.454910,-229.289001,297.526276,176.288620
2640,22.000000,14:47:31:09.01,-96.616989,302.188477,133.285965,-96.619766,309.063934,133.937424,-96.092621,304.393646,136.456085,-229.223114,297.517975,176.112106
2641,22.008333,14:47:31:09.02,-96.619156,302.188934,133.287216,-96.619835,309.064301,133.938278,-96.091515,304.394135,136.455353,-229.126404,297.538177,175.972565
2642,22.016667,14:47:31:09.03,-96.617851,302.188629,133.285706,-96.620560,309.064545,133.937531,-96.091995,304.393982,136.455688,-229.042648,297.522583,175.861389
2643,22.025000,14:47:31:10.00,-96.618614,302.188171,133.286743,-96.620964,309.064758,133.937851,-96.091499,304.393066,136.453491,-228.940659,297.530762,175.668579
2644,22.033333,14:47:31:10.01,-96.617416,302.188416,133.286209,-96.618774,309.064209,133.938049,-96.085175,304.396576,136.455414,-228.847885,297.514801,175.531036
2645,22.041667,14:47:31:10.02,-96.620720,302.188263,133.286896,-96.619553,309.065735,133.937866,-96.086601,304.397369,136.454681,-228.723404,297.518188,175.358749
2646,22.050000,14:47:31:10.03,-96.617088,302.188324,133.286575,-96.621826,309.064392,133.938721,-96.090683,304.393616,136.455704,-228.596405,297.479614,175.195389
2647,22.058333,14:47:31:11.00,-96.619568,302.189178,133.287094,-96.622482,309.065094,133.938690,-96.091255,304.391693,136.455200,-228.478058,297.444214,175.019287
2648,22.066667,14:47:31:11.01,-96.620285,302.188599,133.286469,-96.620003,309.063873,133.937042,-96.092438,304.393341,136.455093,-228.343781,297.412811,174.834641
2649,22.075000,14:47:31:11.02,-96.618546,302.188080,133.286423,-96.620766,309.064392,133.938599,-96.091309,304.393372,136.455536,-228.207474,297.395447,174.628464
2650,22.083333,14:47:31:11.03,-96.618164,302.187897,133.286057,-96.619492,309.063721,133.937393,-96.091988,304.393799,136.455399,-228.063553,297.377625,174.437195
2651,22.091667,14:47:31:12.00,-96.620354,302.188599,133.286774,-96.619263,309.064636,133.936584,-96.091164,304.393280,136.455307,-227.929230,297.350586,174.189468
2652,22.100000,14:47:31:12.01,-96.618492,302.189178,133.287125,-96.619133,309.064026,133.938950,-96.091904,304.393677,136.454620,-227.784653,297.299866,173.996933
2653,22.108333,14:47:31:12.02,-96.621048,302.188293,133.287369,-96.620232,309.064697,133.938660,-96.091064,304.392181,136.454956,-227.639481,297.212372,173.754913
2654,22.116667,14:47:31:12.03,-96.620026,302.187286,133.286591,-96.620529,309.063965,133.937973,-96.091667,304.392975,136.455811,-227.496918,297.156372,173.534164
2655,22.125000,14:47:31:13.00,-96.621033,302.188019,133.286469,-96.621689,309.064362,133.939240,-96.085938,304.398102,136.454315,-227.348419,297.109863,173.312439
2656,22.133333,14:47:31:13.01,-96.621704,302.188171,133.287018,-96.619118,309.064514,133.937775,-96.091888,304.394775,136.454849,-227.200699,297.065033,173.050690
2657,22.141667,14:47:31:13.02,-96.620094,302.187622,133.286850,-96.620811,309.064697,133.939377,-96.086052,304.398102,136.452881,-227.043625,296.973022,172.840439
2658,22.150000,14:47:31:13.03,-96.621605,302.188385,133.286667,-96.620499,309.063995,133.938187,-96.090828,304.394836,136.455765,-226.889130,296.875519,172.592087
2659,22.158333,14:47:31:14.00,-96.621063,302.189545,133.287827,-96.619583,309.064758,133.938599,-96.092270,304.393127,136.455124,-226.737976,296.812592,172.343079
2660,22.166667,14:47:31:14.01,-96.618881,302.188721,133.287033,-96.619644,309.064941,133.939545,-96.093185,304.393280,136.454849,-226.584000,296.733978,172.125870
2661,22.175000,14:47:31:14.02,-96.620872,302.188568,133.286911,-96.621712,309.065094,133.938690,-96.092964,304.393707,136.455597,-226.419907,296.612000,171.865097
2662,22.183333,14:47:31:14.03,-96.621513,302.189209,133.287140,-96.620216,309.064911,133.939301,-96.093010,304.393524,136.455505,-226.265884,296.531525,171.630020
2663,22.191667,14:47:31:15.00,-96.620789,302.187561,133.287430,-96.619400,309.065216,133.938080,-96.092552,304.392944,136.456284,-226.111984,296.439636,171.411560
2664,22.200000,14:47:31:15.01,-96.620338,302.187805,133.287231,-96.621391,309.063873,133.938446,-96.093628,304.392853,136.455246,-225.955963,296.294067,171.165787
2665,22.208333,14:47:31:15.02,-96.621567,302.189484,133.287262,-96.620804,309.064392,133.937820,-96.092201,304.392761,136.455719,-225.805847,296.207672,170.966690
2666,22.216667,14:47:31:15.03,-96.623337,302.189270,133.287674,-96.620575,309.064575,133.937531,-96.091644,304.393158,136.454697,-225.655121,296.104309,170.735535
2667,22.225000,14:47:31:16.00,-96.619377,302.189301,133.286331,-96.621117,309.064758,133.938400,-96.091812,304.393585,136.455109,-225.509460,295.948944,170.539108
2668,22.233333,14:47:31:16.01,-96.621376,302.188934,133.286545,-96.621056,309.064026,133.938583,-96.091774,304.392700,136.454697,-225.362320,295.859222,170.342651
2669,22.241667,14:47:31:16.02,-96.621452,302.188232,133.287231,-96.621841,309.065369,133.938828,-96.092621,304.394257,136.455597,-225.219849,295.741943,170.147949
2670,22.250000,14:47:31:16.03,-96.617317,302.189270,133.287979,-96.620079,309.064575,133.938248,-96.092583,304.394318,136.454575,-225.066620,295.583984,169.969925
2671,22.258333,14:47:31:17.00,-96.618240,302.189362,133.287247,-96.621071,309.066284,133.939255,-96.086266,304.397308,136.455170,-224.932983,295.477936,169.813965
2672,22.266667,14:47:31:17.01,-96.621399,302.188110,133.287643,-96.620926,309.065735,133.938583,-96.092186,304.394928,136.455093,-224.769119,295.323486,169.648926
2673,22.275000,14:47:31:17.02,-96.621429,302.188477,133.287582,-96.620033,309.064758,133.937531,-96.092484,304.392487,136.455597,-224.641541,295.209106,169.534760
2674,22.283333,14:47:31:17.03,-96.620842,302.188599,133.287674,-96.623352,309.066376,133.938568,-96.093834,304.394012,136.455887,-224.520370,295.096375,169.392487
2675,22.291667,14:47:31:18.00,-96.621490,302.189087,133.287659,-96.620789,309.063629,133.938568,-96.093513,304.393829,136.456497,-224.384613,294.926697,169.275162
2676,22.300000,14:47:31:18.01,-96.623016,302.188660,133.287872,-96.620155,309.065094,133.938232,-96.091614,304.394012,136.456116,-224.258850,294.830597,169.185608
2677,22.308333,14:47:31:18.02,-96.619820,302.188141,133.287720,-96.622581,309.065002,133.938950,-96.091995,304.393402,136.454880,-224.102371,294.712341,169.060684
2678,22.316667,14:47:31:18.03,-96.618958,302.189148,133.285873,-96.622742,309.065552,133.939117,-96.092102,304.392548,136.454361,-223.966354,294.555359,168.954941
2679,22.325000,14:47:31:19.00,-96.622002,302.189148,133.286469,-96.620354,309.065155,133.938263,-96.090820,304.393616,136.454819,-223.876495,294.454132,168.896622
2680,22.333333,14:47:31:19.01,-96.621124,302.187622,133.286148,-96.619324,309.064392,133.937592,-96.092606,304.393585,136.455399,-223.784821,294.275269,168.826889
2681,22.341667,14:47:31:19.02,-96.619759,302.189819,133.286560,-96.620453,309.064331,133.939133,-96.092072,304.393951,136.454315,-223.681976,294.149658,168.747650
2682,22.350000,14:47:31:19.03,-96.622055,302.188477,133.287201,-96.621223,309.064178,133.938782,-96.090904,304.393402,136.454056,-223.594147,294.008453,168.663147
2683,22.358333,14:47:31:20.00,-96.617844,302.188507,133.286423,-96.621582,309.064087,133.938095,-96.092545,304.395020,136.455673,-223.429916,293.852875,168.608505
2684,22.366667,14:47:31:20.01,-96.618210,302.188202,133.286362,-96.620468,309.063965,133.936951,-96.092384,304.394043,136.454437,-223.340424,293.739105,168.563156
2685,22.375000,14:47:31:20.02,-96.621872,302.188477,133.286362,-96.620331,309.063995,133.936310,-96.093216,304.394409,136.454712,-223.228485,293.559387,168.541870
2686,22.383333,14:47:31:20.03,-96.622635,302.189484,133.287277,-96.619812,309.063995,133.936554,-96.093056,304.393707,136.455170,-223.126038,293.422668,168.519135
2687,22.391667,14:47:31:21.00,-96.619919,302.189056,133.286301,-96.620583,309.063995,133.936996,-96.090904,304.394257,136.454697,-223.025009,293.295441,168.490768
2688,22.400000,14:47:31:21.01,-96.618919,302.188171,133.286057,-96.621086,309.063751,133.936691,-96.092239,304.393646,136.455200,-222.902969,293.105621,168.469116
2689,22.408333,14:47:31:21.02,-96.620842,302.188782,133.287064,-96.620499,309.063660,133.937317,-96.092590,304.392303,136.454468,-222.821014,292.974213,168.447433
2690,22.416667,14:47:31:21.03,-96.618919,302.188873,133.286957,-96.620140,309.063263,133.937531,-96.091835,304.393097,136.453369,-222.704666,292.765320,168.430511
2691,22.425000,14:47:31:22.00,-96.617775,302.188782,133.286438,-96.620255,309.063110,133.937622,-96.092163,304.394135,136.454712,-222.621750,292.607941,168.418716
2692,22.433333,14:47:31:22.01,-96.617592,302.188660,133.286194,-96.621696,309.064819,133.937820,-96.093025,304.394257,136.454147,-222.511322,292.385773,168.404800
2693,22.441667,14:47:31:22.02,-96.619118,302.188080,133.285950,-96.621422,309.064209,133.938080,-96.091431,304.392700,136.454880,-222.424744,292.241394,168.403809
2694,22.450000,14:47:31:22.03,-96.620682,302.188782,133.287033,-96.619568,309.063354,133.937073,-96.091454,304.392273,136.454681,-222.319794,292.002380,168.406891
2695,22.458333,14:47:31:23.00,-96.620323,302.189484,133.285843,-96.621201,309.065369,133.938416,-96.090759,304.393494,136.453217,-222.244125,291.848694,168.413223
2696,22.466667,14:47:31:23.01,-96.618385,302.187988,133.286575,-96.621223,309.064240,133.938110,-96.091393,304.392456,136.454132,-222.142075,291.618866,168.426361
2697,22.475000,14:47:31:23.02,-96.618004,302.189331,133.285934,-96.620056,309.064056,133.937210,-96.091690,304.393494,136.453812,-222.080185,291.442505,168.451523
2698,22.483333,14:47:31:23.03,-96.618835,302.188721,133.286591,-96.620850,309.065247,133.938126,-96.092239,304.393646,136.454041,-221.977829,291.233673,168.464386
2699,22.491667,14:47:31:24.00,-96.618790,302.188263,133.285690,-96.619583,309.064606,133.936844,-96.092484,304.395081,136.453598,-221.926285,291.058167,168.495041
2700,22.500000,14:47:31:24.01,-96.619614,302.188812,133.285873,-96.619812,309.064880,133.937653,-96.092453,304.394592,136.454086,-221.816589,290.821899,168.539841
2701,22.508333,14:47:31:24.02,-96.619644,302.188385,133.285599,-96.619659,309.064880,133.936844,-96.093071,304.393860,136.455261,-221.759506,290.660767,168.602798
2702,22.516667,14:47:31:24.03,-96.618271,302.189148,133.286194,-96.620903,309.064301,133.937424,-96.092422,304.393463,136.454849,-221.654129,290.407043,168.662949
2703,22.525000,14:47:31:25.00,-96.617897,302.187286,133.285751,-96.619217,309.063599,133.937088,-96.091148,304.393036,136.454590,-221.591217,290.248291,168.726440
2704,22.533333,14:47:31:25.01,-96.619682,302.188721,133.286667,-96.619698,309.064087,133.936600,-96.092506,304.395020,136.454803,-221.480804,290.008392,168.798477
2705,22.541667,14:47:31:25.02,-96.620438,302.189331,133.286392,-96.620926,309.064758,133.937607,-96.092255,304.394073,136.453979,-221.420975,289.832245,168.851608
2706,22.550000,14:47:31:25.03,-96.622101,302.188660,133.286209,-96.619484,309.064087,133.936691,-96.091553,304.393433,136.453308,-221.313934,289.619720,168.910858
2707,22.558333,14:47:31:26.00,-96.619293,302.189270,133.285660,-96.621689,309.064514,133.936829,-96.091545,304.393829,136.455215,-221.250412,289.436401,168.975906
2708,22.566667,14:47:31:26.01,-96.618446,302.188171,133.285980,-96.620354,309.064148,133.937149,-96.092072,304.393707,136.453323,-221.172974,289.210449,169.051773
2709,22.575000,14:47:31:26.02,-96.619423,302.188385,133.285492,-96.619865,309.063141,133.936829,-96.092026,304.394257,136.454971,-221.113678,289.027679,169.142822
2710,22.583333,14:47:31:26.03,-96.619057,302.188446,133.285675,-96.620781,309.063660,133.936661,-96.092316,304.394287,136.455093,-221.047501,288.782227,169.243958
2711,22.591667,14:47:31:27.00,-96.619293,302.189301,133.285934,-96.620842,309.063721,133.938141,-96.092445,304.392609,136.455154,-220.996933,288.615570,169.332642
2712,22.600000,14:47:31:27.01,-96.619263,302.188873,133.286804,-96.621506,309.063568,133.937683,-96.091591,304.393127,136.455017,-220.924835,288.379120,169.441086
2713,22.608333,14:47:31:27.02,-96.621056,302.189056,133.286957,-96.620529,309.064880,133.937378,-96.091393,304.393890,136.454620,-220.913239,288.200134,169.540390
2714,22.616667,14:47:31:27.03,-96.618607,302.189301,133.286713,-96.621605,309.064453,133.937698,-96.090958,304.392700,136.453583,-220.877075,287.970428,169.632019
2715,22.625000,14:47:31:28.00,-96.618050,302.188263,133.285004,-96.619881,309.064270,133.936859,-96.092590,304.394897,136.455276,-220.864700,287.778961,169.714706
2716,22.633333,14:47:31:28.01,-96.618637,302.188599,133.285553,-96.618484,309.063324,133.935791,-96.093506,304.393921,136.454742,-220.805099,287.580597,169.828171
2717,22.641667,14:47:31:28.02,-96.619759,302.188751,133.285538,-96.619308,309.063843,133.937469,-96.092728,304.392609,136.454041,-220.778992,287.424133,169.929871
2718,22.650000,14:47:31:28.03,-96.620033,302.188812,133.285721,-96.621803,309.064575,133.937912,-96.091148,304.392578,136.454544,-220.746109,287.224792,170.046738
2719,22.658333,14:47:31:29.00,-96.619881,302.188812,133.285873,-96.620682,309.064789,133.937927,-96.091667,304.393524,136.454330,-220.722992,287.082642,170.183380
2720,22.666667,14:47:31:29.01,-96.619888,302.188507,133.286011,-96.619263,309.063782,133.937164,-96.093422,304.395355,136.454086,-220.694107,286.927917,170.297760
2721,22.675000,14:47:31:29.02,-96.618965,302.189209,133.286636,-96.620544,309.064636,133.936203,-96.090942,304.394287,136.454254,-220.657379,286.742462,170.405289
2722,22.683333,14:47:31:29.03,-96.618340,302.189972,133.286438,-96.621490,309.063232,133.936768,-96.091675,304.393677,136.454086,-220.653412,286.619720,170.533936
2723,22.691667,14:47:32:00.00,-96.618355,302.189514,133.286896,-96.620392,309.063995,133.937897,-96.091637,304.393921,136.454300,-220.646484,286.467072,170.654526
2724,22.700000,14:47:32:00.01,-96.620560,302.189026,133.287079,-96.620262,309.063690,133.936371,-96.093971,304.394409,136.454239,-220.617584,286.299103,170.769745
2725,22.708333,14:47:32:00.02,-96.618896,302.187988,133.286926,-96.620506,309.063721,133.937027,-96.091858,304.393097,136.455093,-220.635681,286.186523,170.905945
2726,22.716667,14:47:32:00.03,-96.619743,302.188446,133.285446,-96.620956,309.063965,133.935822,-96.092461,304.393768,136.455429,-220.658539,286.064789,171.004227
2727,22.725000,14:47:32:01.00,-96.619370,302.188080,133.285934,-96.622177,309.064056,133.937714,-96.085373,304.397095,136.454208,-220.649261,285.912170,171.097031
2728,22.733333,14:47:32:01.01,-96.620071,302.187561,133.286530,-96.622017,309.064209,133.937515,-96.091721,304.394348,136.454651,-220.676514,285.806641,171.184967
2729,22.741667,14:47:32:01.02,-96.621857,302.188660,133.286713,-96.620255,309.063568,133.937698,-96.092461,304.392883,136.454269,-220.690887,285.706207,171.314453
2730,22.750000,14:47:32:01.03,-96.620110,302.187744,133.286484,-96.619766,309.063782,133.938309,-96.092751,304.393524,136.454742,-220.702744,285.648712,171.422119
2731,22.758333,14:47:32:02.00,-96.620331,302.188477,133.285751,-96.620651,309.063782,133.937149,-96.091843,304.394104,136.454971,-220.707779,285.583923,171.536072
2732,22.766667,14:47:32:02.01,-96.617867,302.188812,133.286636,-96.620491,309.064240,133.937088,-96.090065,304.391815,136.453171,-220.706970,285.513245,171.624008
2733,22.775000,14:47:32:02.02,-96.618561,302.188446,133.286560,-96.621002,309.063690,133.937546,-96.090385,304.393982,136.454926,-220.717072,285.446472,171.734436
2734,22.783333,14:47:32:02.03,-96.620056,302.189362,133.286438,-96.619728,309.063477,133.937271,-96.092369,304.393372,136.455917,-220.726807,285.402405,171.833618
2735,22.791667,14:47:32:03.00,-96.617035,302.188293,133.286209,-96.619995,309.062897,133.937317,-96.092384,304.392883,136.454178,-220.731812,285.361206,171.901642
2736,22.800000,14:47:32:03.01,-96.618088,302.188293,133.286438,-96.621750,309.064758,133.938446,-96.091599,304.392639,136.453522,-220.734497,285.326385,171.974640
2737,22.808333,14:47:32:03.02,-96.621086,302.188141,133.286880,-96.620796,309.063873,133.936386,-96.091064,304.393921,136.455048,-220.740768,285.290894,172.070740
2738,22.816667,14:47:32:03.03,-96.622002,302.187195,133.285934,-96.621910,309.063965,133.937805,-96.092209,304.394043,136.455185,-220.742218,285.264099,172.173340
2739,22.825000,14:47:32:04.00,-96.621185,302.188477,133.286407,-96.619484,309.063873,133.936768,-96.091690,304.393646,136.455444,-220.749191,285.252319,172.237244
2740,22.833333,14:47:32:04.01,-96.618217,302.188721,133.286163,-96.620789,309.064240,133.938049,-96.091187,304.392700,136.455505,-220.753342,285.246765,172.276123
2741,22.841667,14:47:32:04.02,-96.618965,302.188690,133.286209,-96.620934,309.063110,133.936829,-96.092209,304.392365,136.455627,-220.760925,285.250153,172.310043
2742,22.850000,14:47:32:04.03,-96.618980,302.187958,133.285660,-96.622658,309.064697,133.938553,-96.091347,304.392029,136.454041,-220.773407,285.267761,172.348724
2743,22.858333,14:47:32:05.00,-96.619621,302.187225,133.285980,-96.620872,309.063782,133.937378,-96.092201,304.394043,136.455246,-220.784454,285.297028,172.390228
2744,22.866667,14:47:32:05.01,-96.619125,302.188293,133.286530,-96.620628,309.064087,133.938202,-96.092140,304.393951,136.454742,-220.791489,285.325989,172.436783
2745,22.875000,14:47:32:05.02,-96.616791,302.188446,133.286865,-96.621445,309.064575,133.938751,-96.091026,304.392090,136.454941,-220.797058,285.364563,172.485596
2746,22.883333,14:47:32:05.03,-96.618515,302.188293,133.287918,-96.622696,309.064484,133.937759,-96.091957,304.393127,136.455215,-220.802856,285.394714,172.520798
2747,22.891667,14:47:32:06.00,-96.619843,302.188660,133.285553,-96.620285,309.063965,133.936768,-96.091370,304.393433,136.454590,-220.809311,285.449463,172.550827
2748,22.900000,14:47:32:06.01,-96.621567,302.187958,133.286499,-96.620384,309.064453,133.937805,-96.091675,304.394196,136.454529,-220.804077,285.529541,172.569366
2749,22.908333,14:47:32:06.02,-96.622841,302.188293,133.286163,-96.620903,309.064514,133.937805,-96.093575,304.395050,136.455078,-220.790787,285.624329,172.586823
2750,22.916667,14:47:32:06.03,-96.619736,302.188049,133.286102,-96.621101,309.063538,133.937332,-96.092644,304.393921,136.454422,-220.762085,285.717621,172.609711
2751,22.925000,14:47:32:07.00,-96.620033,302.188324,133.286392,-96.621040,309.064514,133.938522,-96.090858,304.393982,136.453812,-220.738907,285.796539,172.629715
2752,22.933333,14:47:32:07.01,-96.620895,302.187744,133.286209,-96.620590,309.065277,133.939423,-96.091896,304.393433,136.454178,-220.724869,285.869781,172.635025
2753,22.941667,14:47:32:07.02,-96.620659,302.187958,133.285538,-96.620575,309.063995,133.937592,-96.091972,304.393860,136.454849,-220.719742,285.979614,172.625153
2754,22.950000,14:47:32:07.03,-96.620438,302.188934,133.287979,-96.621895,309.065186,133.938293,-96.091972,304.394653,136.454544,-220.720428,286.095795,172.608734
2755,22.958333,14:47:32:08.00,-96.623093,302.188385,133.286575,-96.621742,309.064697,133.937363,-96.092827,304.393372,136.454956,-220.721649,286.181580,172.591217
2756,22.966667,14:47:32:08.01,-96.621841,302.188141,133.285873,-96.622566,309.063965,133.937256,-96.091255,304.393616,136.454636,-220.718353,286.254639,172.568893
2757,22.975000,14:47:32:08.02,-96.620087,302.188995,133.285980,-96.620842,309.064270,133.937485,-96.091034,304.394928,136.455627,-220.704620,286.386627,172.550079
2758,22.983333,14:47:32:08.03,-96.621880,302.189606,133.286926,-96.620377,309.063629,133.936508,-96.091774,304.393066,136.454590,-220.693878,286.536896,172.517380
2759,22.991667,14:47:32:09.00,-96.621529,302.188019,133.286545,-96.622536,309.064728,133.938400,-96.091370,304.394836,136.454422,-220.669266,286.642151,172.485580
2760,23.000000,14:47:32:09.01,-96.621956,302.189026,133.286575,-96.622169,309.065247,133.938477,-96.092171,304.394928,136.455124,-220.621033,286.758789,172.455521
2761,23.008333,14:47:32:09.02,-96.621429,302.188263,133.286850,-96.622345,309.064148,133.937408,-96.091545,304.394135,136.454849,-220.588715,286.911926,172.418594
2762,23.016667,14:47:32:09.03,-96.619858,302.189484,133.287369,-96.620331,309.064972,133.937561,-96.091667,304.393768,136.455185,-220.585114,287.051025,172.382660
2763,23.025000,14:47:32:10.00,-96.621414,302.187958,133.286591,-96.620949,309.065979,133.938400,-96.091904,304.393616,136.454697,-220.573090,287.156403,172.346909
2764,23.033333,14:47:32:10.01,-96.623100,302.189148,133.287292,-96.620956,309.063904,133.937408,-96.092514,304.395081,136.456131,-220.555969,287.279358,172.300644
2765,23.041667,14:47:32:10.02,-96.621597,302.189545,133.287903,-96.621620,309.064056,133.938293,-96.093956,304.394043,136.455551,-220.554352,287.448608,172.230392
2766,23.050000,14:47:32:10.03,-96.620903,302.188171,133.287125,-96.620842,309.063965,133.937500,-96.092773,304.392670,136.454910,-220.507095,287.588776,172.176437
2767,23.058333,14:47:32:11.00,-96.620872,302.188416,133.287399,-96.620941,309.063263,133.937241,-96.091309,304.393158,136.454178,-220.451477,287.740173,172.111740
2768,23.066667,14:47:32:11.01,-96.622757,302.188385,133.288391,-96.619736,309.063904,133.937073,-96.091805,304.394104,136.454025,-220.418503,287.928345,172.048615
2769,23.075000,14:47:32:11.02,-96.619469,302.188080,133.287140,-96.622398,309.064758,133.938141,-96.092430,304.395447,136.455093,-220.413025,288.060272,171.971649
2770,23.083333,14:47:32:11.03,-96.621155,302.189148,133.286697,-96.620979,309.064636,133.938400,-96.092491,304.394012,136.455292,-220.383194,288.208160,171.890350
2771,23.091667,14:47:32:12.00,-96.621254,302.188629,133.286957,-96.620529,309.065399,133.938660,-96.093727,304.393890,136.455933,-220.372391,288.390869,171.791245
2772,23.100000,14:47:32:12.01,-96.621246,302.188354,133.286804,-96.621613,309.063751,133.938248,-96.093063,304.394043,136.454742,-220.333359,288.550934,171.696930
2773,23.108333,14:47:32:12.02,-96.620056,302.187592,133.285721,-96.620232,309.064545,133.938095,-96.091415,304.393127,136.455002,-220.262878,288.725464,171.629379
2774,23.116667,14:47:32:12.03,-96.621552,302.188629,133.286743,-96.619911,309.064209,133.937576,-96.092995,304.393066,136.454895,-220.199677,288.911163,171.554489
2775,23.125000,14:47:32:13.00,-96.619728,302.188446,133.287399,-96.620544,309.064209,133.937805,-96.092545,304.392975,136.454651,-220.160599,289.084015,171.472107
2776,23.133333,14:47:32:13.01,-96.620613,302.187683,133.286865,-96.620209,309.064117,133.938232,-96.092110,304.394287,136.454666,-220.159103,289.249359,171.339996
2777,23.141667,14:47:32:13.02,-96.621117,302.188263,133.286392,-96.621094,309.063965,133.937820,-96.092430,304.394470,136.455139,-220.124863,289.442230,171.248413
2778,23.150000,14:47:32:13.03,-96.622025,302.189789,133.286362,-96.621521,309.063416,133.937286,-96.091675,304.392609,136.453781,-220.056747,289.613739,171.158142
2779,23.158333,14:47:32:14.00,-96.618340,302.188629,133.286255,-96.621170,309.062683,133.938354,-96.092171,304.392639,136.454987,-219.999573,289.857422,171.041794
2780,23.166667,14:47:32:14.01,-96.622787,302.188568,133.286789,-96.620415,309.064850,133.936661,-96.091957,304.393127,136.454636,-219.929260,290.031464,170.933563
2781,23.175000,14:47:32:14.02,-96.621239,302.188873,133.285858,-96.621445,309.063721,133.937958,-96.091965,304.393188,136.455643,-219.927673,290.233917,170.829025
2782,23.183333,14:47:32:14.03,-96.622215,302.189026,133.286865,-96.622017,309.063446,133.936874,-96.092354,304.392822,136.455154,-219.884186,290.436157,170.713425
2783,23.191667,14:47:32:15.00,-96.621658,302.187500,133.286240,-96.620422,309.063782,133.936722,-96.093452,304.393158,136.455017,-219.798630,290.688568,170.584747
2784,23.200000,14:47:32:15.01,-96.620399,302.189026,133.286545,-96.620712,309.063446,133.937256,-96.092850,304.393280,136.454666,-219.733521,290.921997,170.477234
2785,23.208333,14:47:32:15.02,-96.620300,302.187836,133.286438,-96.620819,309.064270,133.937210,-96.091866,304.393188,136.455078,-219.717377,291.155182,170.352615
2786,23.216667,14:47:32:15.03,-96.620789,302.187469,133.284729,-96.621178,309.063782,133.938324,-96.091515,304.393066,136.453995,-219.694870,291.373840,170.224243
2787,23.225000,14:47:32:16.00,-96.620628,302.187775,133.285873,-96.621178,309.063934,133.937531,-96.092697,304.394104,136.454651,-219.616516,291.672821,170.118546
2788,23.233333,14:47:32:16.01,-96.621414,302.187958,133.286560,-96.619881,309.063446,133.936951,-96.093155,304.393066,136.455612,-219.552139,291.896484,169.997833
2789,23.241667,14:47:32:16.02,-96.620872,302.188538,133.286743,-96.621346,309.063934,133.936859,-96.092499,304.393311,136.455215,-219.540863,292.195862,169.832794
2790,23.250000,14:47:32:16.03,-96.619148,302.187286,133.285721,-96.620674,309.063965,133.936203,-96.092400,304.392670,136.454361,-219.510910,292.438904,169.705383
2791,23.258333,14:47:32:17.00,-96.620743,302.187256,133.286774,-96.620468,309.063660,133.937927,-96.093224,304.392853,136.453873,-219.442154,292.734314,169.611435
2792,23.266667,14:47:32:17.01,-96.619705,302.187714,133.286316,-96.621819,309.063751,133.938080,-96.093697,304.393311,136.453979,-219.389984,293.082001,169.488617
2793,23.275000,14:47:32:17.02,-96.620003,302.187653,133.285706,-96.621620,309.063568,133.937317,-96.091812,304.391418,136.454193,-219.387024,293.315674,169.351334
2794,23.283333,14:47:32:17.03,-96.621307,302.187958,133.286880,-96.620964,309.063110,133.938461,-96.085945,304.396667,136.453705,-219.359161,293.625824,169.247894
2795,23.291667,14:47:32:18.00,-96.620964,302.187836,133.286728,-96.621033,309.062988,133.936768,-96.091103,304.393402,136.452988,-219.301254,293.996765,169.131470
2796,23.300000,14:47:32:18.01,-96.620483,302.187958,133.287354,-96.618698,309.062805,133.938034,-96.093330,304.392853,136.454391,-219.275787,294.312042,169.011581
2797,23.308333,14:47:32:18.02,-96.621056,302.187561,133.285889,-96.620193,309.063232,133.936691,-96.092873,304.394196,136.454910,-219.284241,294.598541,168.927368
2798,23.316667,14:47:32:18.03,-96.620087,302.187134,133.285660,-96.619751,309.063782,133.937042,-96.092087,304.393158,136.454758,-219.228287,294.971649,168.846771
2799,23.325000,14:47:32:19.00,-96.617683,302.186584,133.286194,-96.619987,309.062469,133.936661,-96.092873,304.391785,136.454025,-219.203613,295.357391,168.738037
2800,23.333333,14:47:32:19.01,-96.621414,302.187012,133.286469,-96.621361,309.064117,133.937943,-96.091667,304.391663,136.453201,-219.231506,295.709839,168.624741
2801,23.341667,14:47:32:19.02,-96.620636,302.186859,133.286499,-96.622459,309.063324,133.938187,-96.092209,304.391632,136.454727,-219.187347,296.079956,168.544418
2802,23.350000,14:47:32:19.03,-96.619202,302.187775,133.287048,-96.620506,309.062286,133.936554,-96.091690,304.391571,136.454086,-219.139648,296.449554,168.468521
2803,23.358333,14:47:32:20.00,-96.619141,302.187744,133.285736,-96.621338,309.063446,133.936554,-96.089661,304.392395,136.453598,-219.148163,296.814117,168.358017
2804,23.366667,14:47:32:20.01,-96.620300,302.188416,133.286346,-96.620987,309.062897,133.937637,-96.090820,304.392365,136.454010,-219.132416,297.209991,168.280304
2805,23.375000,14:47:32:20.02,-96.619377,302.186798,133.285614,-96.620850,309.063141,133.936996,-96.090927,304.392548,136.453552,-219.108627,297.626984,168.231506
2806,23.383333,14:47:32:20.03,-96.618164,302.187836,133.285385,-96.620995,309.064331,133.936493,-96.092087,304.392273,136.454163,-219.135468,298.013458,168.150131
2807,23.391667,14:47:32:21.00,-96.619370,302.187286,133.286697,-96.619415,309.063446,133.936386,-96.090942,304.392151,136.453278,-219.079300,298.456604,168.085663
2808,23.400000,14:47:32:21.01,-96.621056,302.187927,133.285751,-96.620956,309.064087,133.937744,-96.091721,304.391602,136.454529,-219.078354,298.894470,168.019424
2809,23.408333,14:47:32:21.02,-96.620628,302.187958,133.286865,-96.621819,309.064880,133.937408,-96.091812,304.393066,136.453842,-219.129059,299.307251,167.938477
2810,23.416667,14:47:32:21.03,-96.620605,302.187500,133.285767,-96.620766,309.062592,133.937088,-96.090958,304.393921,136.453705,-219.062897,299.777252,167.885132
2811,23.425000,14:47:32:22.00,-96.620972,302.186737,133.284790,-96.620193,309.061951,133.937103,-96.091904,304.393097,136.454102,-219.086197,300.207397,167.817627
2812,23.433333,14:47:32:22.01,-96.619110,302.187195,133.285797,-96.621033,309.062805,133.936951,-96.090660,304.392181,136.453369,-219.097000,300.659546,167.744965
2813,23.441667,14:47:32:22.02,-96.620277,302.187073,133.286179,-96.620865,309.062988,133.937500,-96.091400,304.392242,136.452759,-219.063828,301.140015,167.693863
2814,23.450000,14:47:32:22.03,-96.618942,302.186646,133.285019,-96.619987,309.062897,133.936066,-96.093643,304.392303,136.454849,-219.073486,301.613678,167.626617
2815,23.458333,14:47:32:23.00,-96.619225,302.186890,133.286575,-96.621773,309.063660,133.937576,-96.091438,304.393158,136.454422,-219.062256,302.112701,167.573517
2816,23.466667,14:47:32:23.01,-96.620468,302.186951,133.286957,-96.620415,309.063232,133.936279,-96.091629,304.392303,136.454590,-219.067352,302.607574,167.515045
2817,23.475000,14:47:32:23.02,-96.619690,302.186920,133.285904,-96.620033,309.063782,133.937546,-96.093002,304.391602,136.454010,-219.076996,303.090820,167.460327
2818,23.483333,14:47:32:23.03,-96.619385,302.188171,133.286392,-96.620270,309.063873,133.937302,-96.093002,304.391968,136.454575,-219.058014,303.608765,167.429565
2819,23.491667,14:47:32:24.00,-96.617584,302.188049,133.286209,-96.621353,309.063934,133.937515,-96.091232,304.393677,136.453644,-219.063568,304.099487,167.380249
2820,23.500000,14:47:32:24.01,-96.618324,302.188293,133.286606,-96.619591,309.062439,133.936417,-96.090523,304.392517,136.454193,-219.033768,304.637421,167.329926
2821,23.508333,14:47:32:24.02,-96.621666,302.186218,133.285934,-96.620331,309.062927,133.936752,-96.093750,304.392334,136.453461,-219.073013,305.167267,167.249069
2822,23.516667,14:47:32:24.03,-96.621788,302.187225,133.285461,-96.622215,309.062317,133.936951,-96.092392,304.391785,136.454269,-219.028992,305.732117,167.210205
2823,23.525000,14:47:32:25.00,-96.620026,302.188049,133.286575,-96.620644,309.063141,133.936996,-96.092094,304.392975,136.453964,-219.072311,306.252106,167.150726
2824,23.533333,14:47:32:25.01,-96.619347,302.187195,133.286133,-96.619835,309.063324,133.936646,-96.091858,304.391113,136.453934,-219.019531,306.804962,167.126877
2825,23.541667,14:47:32:25.02,-96.620522,302.188507,133.286331,-96.621162,309.063293,133.937012,-96.090736,304.391510,136.454086,-219.064804,307.372284,167.069763
2826,23.550000,14:47:32:25.03,-96.621017,302.187958,133.286209,-96.622406,309.062897,133.937439,-96.092674,304.392670,136.455017,-219.032028,307.952332,167.021301
2827,23.558333,14:47:32:26.00,-96.619835,302.186859,133.285599,-96.618942,309.062469,133.934601,-96.092934,304.393524,136.454300,-219.038986,308.516022,166.973938
2828,23.566667,14:47:32:26.01,-96.619644,302.187744,133.285568,-96.620651,309.062683,133.936401,-96.091827,304.391571,136.453659,-219.044022,309.108673,166.920395
2829,23.575000,14:47:32:26.02,-96.619194,302.186981,133.285873,-96.620293,309.063873,133.937393,-96.091988,304.391418,136.453400,-219.039566,309.695160,166.893311
2830,23.583333,14:47:32:26.03,-96.620735,302.187622,133.286560,-96.618614,309.062531,133.936646,-96.092751,304.392303,136.454147,-219.032166,310.274689,166.853439
2831,23.591667,14:47:32:27.00,-96.618568,302.187408,133.286179,-96.620850,309.062622,133.936554,-96.091530,304.391388,136.454300,-219.030853,310.886414,166.837921
2832,23.600000,14:47:32:27.01,-96.620865,302.187042,133.286346,-96.621376,309.062408,133.935379,-96.092094,304.392578,136.454453,-219.019058,311.477509,166.797485
2833,23.608333,14:47:32:27.02,-96.620529,302.186829,133.285461,-96.622314,309.064117,133.936768,-96.092354,304.393066,136.454315,-219.016083,312.095703,166.763550
2834,23.616667,14:47:32:27.03,-96.616852,302.186829,133.284683,-96.619698,309.063141,133.936996,-96.091568,304.392242,136.453217,-218.992401,312.711304,166.725983
2835,23.625000,14:47:32:28.00,-96.618248,302.187042,133.286011,-96.619293,309.062317,133.936386,-96.090553,304.392548,136.453476,-218.974564,313.304810,166.704483
2836,23.633333,14:47:32:28.01,-96.618393,302.187500,133.285172,-96.620651,309.062592,133.937164,-96.093758,304.392181,136.453964,-218.945999,313.929260,166.666855
2837,23.641667,14:47:32:28.02,-96.620216,302.187073,133.285629,-96.620911,309.062347,133.935730,-96.091782,304.392212,136.453827,-218.931763,314.516846,166.644547
2838,23.650000,14:47:32:28.03,-96.620216,302.187988,133.286285,-96.622009,309.062531,133.937943,-96.092010,304.392242,136.454803,-218.855453,315.175171,166.644638
2839,23.658333,14:47:32:29.00,-96.619568,302.188293,133.285934,-96.623367,309.064331,133.936890,-96.091705,304.393524,136.454010,-218.862442,315.755249,166.605927
2840,23.666667,14:47:32:29.01,-96.620865,302.187836,133.285110,-96.623955,309.063446,133.937393,-96.091797,304.392731,136.453781,-218.808289,316.402222,166.598465
2841,23.675000,14:47:32:29.02,-96.615479,302.187439,133.284286,-96.622009,309.062897,133.936996,-96.092590,304.392303,136.454453,-218.811157,316.989288,166.569839
2842,23.683333,14:47:32:29.03,-96.618828,302.187775,133.285797,-96.623871,309.063141,133.937958,-96.090378,304.390869,136.453995,-218.768234,317.605072,166.545441
2843,23.691667,14:47:33:00.00,-96.621147,302.187744,133.286865,-96.624939,309.063629,133.937607,-96.091583,304.392700,136.454666,-218.752426,318.219543,166.504425
2844,23.700000,14:47:33:00.01,-96.619621,302.188721,133.286102,-96.623375,309.063324,133.935867,-96.091820,304.394165,136.454498,-218.732162,318.808899,166.481857
2845,23.708333,14:47:33:00.02,-96.619492,302.188049,133.286041,-96.622780,309.063385,133.936874,-96.091087,304.393158,136.453873,-218.686798,319.421326,166.442062
2846,23.716667,14:47:33:00.03,-96.616348,302.188202,133.284317,-96.622894,309.062958,133.936920,-96.092628,304.392487,136.453003,-218.685669,320.007904,166.403519
2847,23.725000,14:47:33:01.00,-96.616890,302.189087,133.286209,-96.624924,309.063751,133.938080,-96.091835,304.392853,136.453247,-218.629242,320.616974,166.372787
2848,23.733333,14:47:33:01.01,-96.616394,302.189362,133.285172,-96.624092,309.062744,133.937531,-96.092400,304.392029,136.453156,-218.610550,321.207092,166.340790
2849,23.741667,14:47:33:01.02,-96.613197,302.189148,133.284714,-96.624115,309.062714,133.936920,-96.092087,304.392731,136.453979,-218.584015,321.775299,166.309998
2850,23.750000,14:47:33:01.03,-96.612244,302.188568,133.283905,-96.624931,309.063202,133.937866,-96.091759,304.392670,136.454239,-218.547729,322.364319,166.282181
2851,23.758333,14:47:33:02.00,-96.611496,302.188477,133.284058,-96.633461,309.070862,133.935486,-96.092102,304.392395,136.453842,-218.530304,322.943817,166.247284
2852,23.766667,14:47:33:02.01,-96.612999,302.188782,133.284439,-96.625122,309.062622,133.937805,-96.090706,304.392090,136.453171,-218.490860,323.504425,166.191116
2853,23.775000,14:47:33:02.02,-96.613930,302.190125,133.285416,-96.624290,309.063080,133.937317,-96.093384,304.393707,136.454178,-218.465714,324.066315,166.134964
2854,23.783333,14:47:33:02.03,-96.614281,302.189392,133.284622,-96.624382,309.062897,133.937912,-96.092194,304.392639,136.452515,-218.451065,324.629272,166.076523
2855,23.791667,14:47:33:03.00,-96.612915,302.188904,133.284180,-96.635368,309.069580,133.935532,-96.092453,304.392639,136.453064,-218.413635,325.160156,166.038315
2856,23.800000,14:47:33:03.01,-96.614441,302.188599,133.283981,-96.626709,309.062408,133.936081,-96.092499,304.393311,136.454254,-218.385788,325.702087,165.997620
2857,23.808333,14:47:33:03.02,-96.614105,302.187225,133.283371,-96.623932,309.063202,133.937653,-96.091476,304.391968,136.452454,-218.375824,326.259552,165.939926
2858,23.816667,14:47:33:03.03,-96.613541,302.190186,133.284393,-96.624924,309.062561,133.936829,-96.092461,304.392761,136.453049,-218.330353,326.787872,165.864914
2859,23.825000,14:47:33:04.00,-96.610916,302.185608,133.283112,-96.633644,309.069244,133.933960,-96.091774,304.393402,136.453659,-218.297653,327.290649,165.795731
2860,23.833333,14:47:33:04.01,-96.611252,302.191528,133.286407,-96.626717,309.062866,133.937103,-96.091873,304.393463,136.454086,-218.290421,327.792633,165.740280
2861,23.841667,14:47:33:04.02,-96.612091,302.187775,133.285538,-96.626038,309.064331,133.937042,-96.092575,304.392731,136.453690,-218.271515,328.313354,165.685745
2862,23.850000,14:47:33:04.03,-96.614365,302.188171,133.285126,-96.624596,309.064789,133.937256,-96.093575,304.393494,136.454117,-218.238617,328.811157,165.621033
2863,23.858333,14:47:33:05.00,-96.613167,302.190277,133.285019,-96.623428,309.064423,133.937317,-96.091797,304.394745,136.453720,-218.227463,329.289856,165.531464
2864,23.866667,14:47:33:05.01,-96.613785,302.189484,133.285110,-96.625397,309.062866,133.936737,-96.092621,304.394165,136.454590,-218.207794,329.758331,165.472595
2865,23.875000,14:47:33:05.02,-96.618561,302.186279,133.284348,-96.624435,309.063385,133.936447,-96.093277,304.394012,136.454971,-218.173859,330.213257,165.422546
2866,23.883333,14:47:33:05.03,-96.610794,302.192322,133.290741,-96.625259,309.064209,133.937790,-96.092781,304.393951,136.453705,-218.148392,330.667725,165.378220
2867,23.891667,14:47:33:06.00,-96.608345,302.189575,133.289871,-96.625404,309.064026,133.936951,-96.092323,304.394592,136.454025,-218.141006,331.106598,165.316956
2868,23.900000,14:47:33:06.01,-96.616554,302.190430,133.287903,-96.624817,309.064545,133.936264,-96.093140,304.394989,136.454987,-218.117661,331.533234,165.245468
2869,23.908333,14:47:33:06.02,-96.614853,302.188202,133.287811,-96.624878,309.065002,133.937805,-96.093735,304.394867,136.454330,-218.080276,331.953766,165.177200
2870,23.916667,14:47:33:06.03,-96.616058,302.183533,133.286148,-96.626076,309.066132,133.938385,-96.092606,304.394043,136.453796,-218.060715,332.360413,165.126877
2871,23.925000,14:47:33:07.00,-96.627686,302.182617,133.278976,-96.624893,309.064240,133.937424,-96.093208,304.394653,136.454010,-218.046570,332.767334,165.086578
2872,23.933333,14:47:33:07.01,-96.625801,302.177277,133.280975,-96.625114,309.063416,133.936813,-96.093842,304.393829,136.453690,-218.024155,333.157867,165.051834
2873,23.941667,14:47:33:07.02,-96.615746,302.180267,133.289841,-96.625015,309.060913,133.935120,-96.092850,304.393646,136.453629,-217.992264,333.537231,165.001617
2874,23.950000,14:47:33:07.03,-96.600494,302.189331,133.301529,-96.625496,309.064209,133.937866,-96.092651,304.394470,136.455124,-217.961151,333.897888,164.946869
2875,23.958333,14:47:33:08.00,-96.604332,302.193451,133.291809,-96.623680,309.063690,133.936554,-96.093285,304.394257,136.453491,-217.928009,334.246552,164.897995
2876,23.966667,14:47:33:08.01,-96.621552,302.185303,133.285004,-96.624008,309.063934,133.936752,-96.092896,304.394470,136.454742,-217.898056,334.561371,164.857620
2877,23.975000,14:47:33:08.02,-96.624939,302.180725,133.282333,-96.631424,309.068756,133.935074,-96.093887,304.393738,136.454422,-217.857742,334.891846,164.825562
2878,23.983333,14:47:33:08.03,-96.624847,302.187408,133.282013,-96.624031,309.064240,133.937134,-96.093300,304.394897,136.454224,-217.825867,335.228394,164.803833
2879,23.991667,14:47:33:09.00,-96.628120,302.186340,133.277008,-96.621735,309.065369,133.936340,-96.094101,304.394379,136.455246,-217.792679,335.520508,164.778168
2880,24.000000,14:47:33:09.01,-96.630676,302.187958,133.277802,-96.621086,309.064972,133.937088,-96.092972,304.394348,136.454269,-217.749161,335.785339,164.763397
2881,24.008333,14:47:33:09.02,-96.624985,302.187683,133.284042,-96.622818,309.064911,133.937134,-96.092514,304.394257,136.453857,-217.706345,336.082306,164.746307
2882,24.016667,14:47:33:09.03,-96.619591,302.190094,133.286865,-96.621010,309.064270,133.936951,-96.092697,304.394836,136.454742,-217.657608,336.344727,164.721115
2883,24.025000,14:47:33:10.00,-96.618805,302.189819,133.288528,-96.623520,309.061920,133.934952,-96.093010,304.393799,136.454498,-217.612030,336.583588,164.706924
2884,24.033333,14:47:33:10.01,-96.619377,302.188690,133.285934,-96.624016,309.058655,133.933121,-96.094048,304.394287,136.454788,-217.562515,336.837555,164.694626
2885,24.041667,14:47:33:10.02,-96.621521,302.187897,133.287018,-96.622406,309.057465,133.932602,-96.092133,304.393616,136.453659,-217.506485,337.046906,164.688293
2886,24.050000,14:47:33:10.03,-96.619835,302.188660,133.287048,-96.623756,309.060486,133.932709,-96.092552,304.393707,136.453705,-217.447830,337.269592,164.690155
2887,24.058333,14:47:33:11.00,-96.619240,302.188812,133.285553,-96.623627,309.060547,133.933868,-96.090942,304.392853,136.454300,-217.380402,337.457764,164.689697
2888,24.066667,14:47:33:11.01,-96.623100,302.188538,133.286682,-96.621758,309.062561,133.937912,-96.093742,304.393341,136.453934,-217.309280,337.645477,164.699234
2889,24.075000,14:47:33:11.02,-96.621529,302.188721,133.286148,-96.620018,309.063263,133.937378,-96.093132,304.393372,136.453766,-217.241913,337.821899,164.702255
2890,24.083333,14:47:33:11.03,-96.620140,302.188477,133.285828,-96.620392,309.059906,133.936539,-96.093002,304.392944,136.454285,-217.173172,337.972961,164.704727
2891,24.091667,14:47:33:12.00,-96.620087,302.188660,133.286301,-96.622604,309.058899,133.933578,-96.093140,304.393951,136.454834,-217.119293,338.125793,164.703003
2892,24.100000,14:47:33:12.01,-96.619110,302.188324,133.286301,-96.624062,309.060913,133.934372,-96.092346,304.393372,136.453278,-217.053146,338.279266,164.707001
2893,24.108333,14:47:33:12.02,-96.621666,302.188751,133.286911,-96.621864,309.062805,133.934662,-96.091827,304.393524,136.453827,-216.967636,338.385590,164.707428
2894,24.116667,14:47:33:12.03,-96.620972,302.189209,133.286728,-96.621147,309.062836,133.935913,-96.092087,304.393494,136.453720,-216.886856,338.482269,164.706345
2895,24.125000,14:47:33:13.00,-96.620560,302.189667,133.284897,-96.622780,309.062317,133.936523,-96.091858,304.393982,136.454483,-216.820938,338.610931,164.710739
2896,24.133333,14:47:33:13.01,-96.618172,302.187836,133.287109,-96.620224,309.062897,133.937317,-96.091248,304.393158,136.453979,-216.735382,338.711945,164.687439
2897,24.141667,14:47:33:13.02,-96.617577,302.187897,133.285095,-96.620262,309.062653,133.937241,-96.093849,304.392639,136.454651,-216.663956,338.762054,164.670853
2898,24.150000,14:47:33:13.03,-96.621078,302.187408,133.285873,-96.620285,309.061768,133.937302,-96.092293,304.393707,136.454269,-216.586716,338.833496,164.703613
2899,24.158333,14:47:33:14.00,-96.619759,302.187958,133.285934,-96.620720,309.063721,133.938202,-96.090996,304.393616,136.453979,-216.502594,338.897827,164.721771
2900,24.166667,14:47:33:14.01,-96.620262,302.188416,133.285461,-96.621002,309.062866,133.938110,-96.091331,304.392517,136.453735,-216.402740,338.948151,164.720535
2901,24.175000,14:47:33:14.02,-96.619102,302.189545,133.286392,-96.621056,309.063477,133.937515,-96.092316,304.392365,136.454254,-216.338776,338.981415,164.709259
2902,24.183333,14:47:33:14.03,-96.618828,302.187561,133.285080,-96.619186,309.063568,133.937408,-96.091339,304.393250,136.454056,-216.224030,339.013794,164.676559
2903,24.191667,14:47:33:15.00,-96.617638,302.189178,133.284943,-96.619942,309.063141,133.937469,-96.090675,304.393066,136.453781,-216.144394,339.027069,164.652252
2904,24.200000,14:47:33:15.01,-96.618423,302.187988,133.285019,-96.619690,309.063660,133.936203,-96.091591,304.393127,136.454590,-216.082138,339.030609,164.629791
2905,24.208333,14:47:33:15.02,-96.620224,302.188385,133.286041,-96.620819,309.063629,133.937454,-96.093185,304.393036,136.455017,-216.018250,339.037750,164.617401
2906,24.216667,14:47:33:15.03,-96.621490,302.188568,133.286438,-96.621452,309.062744,133.936829,-96.093826,304.393494,136.454620,-215.950348,339.038574,164.605682
2907,24.225000,14:47:33:16.00,-96.617599,302.187439,133.286072,-96.620926,309.063507,133.936447,-96.093208,304.392700,136.453629,-215.803772,339.032257,164.615860
2908,24.233333,14:47:33:16.01,-96.617706,302.188599,133.286697,-96.620613,309.063202,133.936234,-96.091255,304.392944,136.454071,-215.703613,339.008759,164.618713
2909,24.241667,14:47:33:16.02,-96.619423,302.188110,133.286255,-96.619125,309.063141,133.936325,-96.091240,304.392883,136.453888,-215.605255,338.976349,164.615997
2910,24.250000,14:47:33:16.03,-96.619659,302.187225,133.286041,-96.620560,309.062836,133.937103,-96.091202,304.393250,136.453186,-215.500458,338.929169,164.607697
2911,24.258333,14:47:33:17.00,-96.620193,302.188599,133.284988,-96.620598,309.063690,133.937225,-96.092155,304.393616,136.454590,-215.377716,338.863220,164.619202
2912,24.266667,14:47:33:17.01,-96.620529,302.187927,133.286743,-96.621910,309.064423,133.938019,-96.091690,304.392365,136.453674,-215.274292,338.789856,164.627869
2913,24.275000,14:47:33:17.02,-96.618904,302.187286,133.284576,-96.621613,309.063385,133.937973,-96.091774,304.393677,136.454239,-215.189392,338.720581,164.629761
2914,24.283333,14:47:33:17.03,-96.618469,302.187256,133.284805,-96.620850,309.062469,133.936707,-96.092377,304.392120,136.453918,-215.069550,338.658600,164.615387
2915,24.291667,14:47:33:18.00,-96.620148,302.186981,133.286835,-96.620934,309.063019,133.936325,-96.092529,304.391754,136.454590,-214.944550,338.555206,164.617783
2916,24.300000,14:47:33:18.01,-96.620880,302.187134,133.284775,-96.620316,309.062622,133.937012,-96.092972,304.392334,136.454147,-214.839813,338.451508,164.624725
2917,24.308333,14:47:33:18.02,-96.618385,302.187775,133.284683,-96.620087,309.062561,133.936951,-96.091606,304.394165,136.454437,-214.716217,338.364227,164.621155
2918,24.316667,14:47:33:18.03,-96.617599,302.188202,133.284470,-96.620522,309.062927,133.936935,-96.092331,304.393951,136.453812,-214.574478,338.249237,164.618912
2919,24.325000,14:47:33:19.00,-96.619186,302.188141,133.285553,-96.619698,309.064423,133.937454,-96.092361,304.393799,136.454147,-214.440338,338.104279,164.611588
2920,24.333333,14:47:33:19.01,-96.618423,302.188385,133.285416,-96.619034,309.062256,133.936447,-96.091736,304.392517,136.453552,-214.317612,337.986389,164.586533
2921,24.341667,14:47:33:19.02,-96.619255,302.187317,133.286041,-96.621086,309.062836,133.937958,-96.091858,304.393433,136.452896,-214.183777,337.821472,164.557129
2922,24.350000,14:47:33:19.03,-96.620041,302.187836,133.285782,-96.620689,309.063477,133.937103,-96.091660,304.393341,136.452972,-214.030075,337.679382,164.501984
2923,24.358333,14:47:33:20.00,-96.620163,302.188721,133.285645,-96.620644,309.062500,133.937195,-96.090714,304.392517,136.453171,-213.886948,337.504395,164.500946
2924,24.366667,14:47:33:20.01,-96.620049,302.188019,133.285828,-96.619400,309.062347,133.936890,-96.093468,304.393158,136.453949,-213.700027,337.356842,164.476746
2925,24.375000,14:47:33:20.02,-96.616600,302.188263,133.284958,-96.619728,309.063446,133.936401,-96.091133,304.393341,136.453781,-213.533356,337.157257,164.448517
2926,24.383333,14:47:33:20.03,-96.617493,302.189209,133.285767,-96.620575,309.063354,133.936859,-96.090828,304.392517,136.453094,-213.374741,336.975464,164.422729
2927,24.391667,14:47:33:21.00,-96.617867,302.187927,133.285172,-96.619583,309.063416,133.936676,-96.091911,304.393188,136.453125,-213.216095,336.759125,164.399689
2928,24.400000,14:47:33:21.01,-96.617363,302.187744,133.285614,-96.620903,309.063293,133.937912,-96.092712,304.393402,136.452789,-213.049606,336.564484,164.339767
2929,24.408333,14:47:33:21.02,-96.615562,302.188721,133.285217,-96.620041,309.062744,133.936752,-96.092484,304.392975,136.453278,-212.869644,336.337341,164.239334
2930,24.416667,14:47:33:21.03,-96.617035,302.189209,133.284943,-96.620880,309.063904,133.936172,-96.090508,304.392853,136.453598,-212.640961,336.093018,164.208145
2931,24.425000,14:47:33:22.00,-96.618347,302.189911,133.285980,-96.621666,309.063446,133.936569,-96.091713,304.393829,136.453232,-212.459259,335.866882,164.138885
2932,24.433333,14:47:33:22.01,-96.616379,302.188507,133.284332,-96.621330,309.063690,133.935440,-96.092445,304.393463,136.453308,-212.282013,335.629272,164.024933
2933,24.441667,14:47:33:22.02,-96.614395,302.188812,133.284744,-96.621666,309.064056,133.936371,-96.092194,304.393219,136.452454,-212.098053,335.348480,163.942413
2934,24.450000,14:47:33:22.03,-96.618248,302.188354,133.284454,-96.621719,309.063690,133.936249,-96.092186,304.393463,136.453049,-211.822433,335.104523,163.895340
2935,24.458333,14:47:33:23.00,-96.619186,302.187561,133.286652,-96.620949,309.064514,133.936203,-96.091858,304.394073,136.453812,-211.571167,334.863983,163.799759
2936,24.466667,14:47:33:23.01,-96.618340,302.188080,133.285278,-96.621552,309.064941,133.936157,-96.092522,304.394592,136.454010,-211.356186,334.575348,163.699921
2937,24.475000,14:47:33:23.02,-96.618858,302.188477,133.285172,-96.621475,309.063263,133.935608,-96.091515,304.393036,136.453644,-211.113693,334.274841,163.602280
2938,24.483333,14:47:33:23.03,-96.614853,302.188324,133.283707,-96.632149,309.070312,133.933777,-96.091896,304.393433,136.453552,-210.884933,333.963928,163.439270
2939,24.491667,14:47:33:24.00,-96.614891,302.189056,133.285339,-96.625229,309.063599,133.936020,-96.092926,304.393219,136.453674,-210.625763,333.649139,163.321228
2940,24.500000,14:47:33:24.01,-96.615311,302.188629,133.284973,-96.621445,309.064301,133.937195,-96.092339,304.393921,136.453857,-210.379211,333.353363,163.169525
2941,24.508333,14:47:33:24.02,-96.617470,302.189148,133.284805,-96.632019,309.069977,133.934753,-96.091385,304.393555,136.452972,-210.115860,333.058014,163.048737
2942,24.516667,14:47:33:24.03,-96.616104,302.189026,133.285629,-96.623451,309.063690,133.936447,-96.093491,304.394043,136.454102,-209.831284,332.740448,162.881775
2943,24.525000,14:47:33:25.00,-96.616409,302.190308,133.285797,-96.622261,309.063141,133.936722,-96.091728,304.393005,136.453552,-209.533447,332.402344,162.716492
2944,24.533333,14:47:33:25.01,-96.617981,302.188507,133.284958,-96.622231,309.064209,133.937210,-96.090508,304.393829,136.452545,-209.258270,332.071136,162.531525
2945,24.541667,14:47:33:25.02,-96.615616,302.188660,133.286041,-96.623596,309.063568,133.936295,-96.091270,304.392548,136.453430,-208.984711,331.692535,162.356247
2946,24.550000,14:47:33:25.03,-96.615509,302.189758,133.285141,-96.624321,309.063568,133.937851,-96.092293,304.393829,136.453705,-208.662064,331.359741,162.137909
2947,24.558333,14:47:33:26.00,-96.617264,302.189056,133.284760,-96.624344,309.063568,133.936890,-96.091164,304.393707,136.453705,-208.385223,330.999908,161.921616
2948,24.566667,14:47:33:26.01,-96.618324,302.188416,133.284744,-96.623985,309.064178,133.938034,-96.092903,304.393402,136.453979,-208.051544,330.627045,161.713333
2949,24.575000,14:47:33:26.02,-96.616653,302.190155,133.286285,-96.625046,309.062805,133.937256,-96.091011,304.393097,136.453415,-207.738678,330.260925,161.480835
2950,24.583333,14:47:33:26.03,-96.616859,302.188965,133.284943,-96.624649,309.063385,133.935852,-96.092659,304.393372,136.453125,-207.396561,329.884277,161.200974
2951,24.591667,14:47:33:27.00,-96.617409,302.188446,133.285004,-96.623375,309.063324,133.936310,-96.092659,304.393311,136.452637,-207.052444,329.515259,160.959091
2952,24.600000,14:47:33:27.01,-96.619995,302.188751,133.286179,-96.626289,309.063812,133.937454,-96.091118,304.393768,136.453842,-206.727936,329.146942,160.673889
2953,24.608333,14:47:33:27.02,-96.619125,302.189758,133.286316,-96.625137,309.064117,133.936783,-96.090256,304.393219,136.452606,-206.383301,328.793945,160.414444
2954,24.616667,14:47:33:27.03,-96.616867,302.187531,133.285538,-96.625679,309.063507,133.937317,-96.092133,304.392365,136.453888,-206.085709,328.414673,160.090927
2955,24.625000,14:47:33:28.00,-96.616371,302.188049,133.284348,-96.623817,309.063995,133.938522,-96.093025,304.393646,136.453674,-205.741638,328.067566,159.787506
2956,24.633333,14:47:33:28.01,-96.615135,302.188721,133.283463,-96.623489,309.064972,133.937500,-96.092880,304.393524,136.453262,-205.416824,327.718964,159.455170
2957,24.641667,14:47:33:28.02,-96.617584,302.187469,133.285309,-96.624657,309.063660,133.937210,-96.091881,304.392822,136.453522,-205.090454,327.353119,159.098679
2958,24.650000,14:47:33:28.03,-96.620026,302.186951,133.286316,-96.625854,309.063782,133.937057,-96.092697,304.393219,136.454117,-204.768021,326.987854,158.732025
2959,24.658333,14:47:33:29.00,-96.618309,302.188171,133.285141,-96.625824,309.063568,133.936890,-96.091446,304.393677,136.452866,-204.437805,326.612823,158.352386
2960,24.666667,14:47:33:29.01,-96.618340,302.188507,133.286102,-96.624641,309.063324,133.937347,-96.091515,304.393280,136.453217,-204.132629,326.201752,157.918091
2961,24.675000,14:47:33:29.02,-96.619873,302.188904,133.285690,-96.624535,309.063660,133.937592,-96.089920,304.392822,136.454041,-203.781464,325.813782,157.509811
2962,24.683333,14:47:33:29.03,-96.618828,302.188507,133.285721,-96.622787,309.063873,133.937973,-96.091736,304.393677,136.453522,-203.459900,325.427094,157.092178
2963,24.691667,14:47:34:00.00,-96.616028,302.187561,133.285278,-96.623726,309.062958,133.937195,-96.092407,304.393738,136.453674,-203.147842,325.050507,156.677933
2964,24.700000,14:47:34:00.01,-96.619484,302.188232,133.285324,-96.634979,309.069794,133.935760,-96.093163,304.393616,136.454559,-202.861160,324.673950,156.246109
2965,24.708333,14:47:34:00.02,-96.622833,302.189423,133.287003,-96.625328,309.062836,133.936920,-96.091835,304.392365,136.453018,-202.553680,324.314728,155.810760
2966,24.716667,14:47:34:00.03,-96.618210,302.187805,133.285370,-96.622849,309.063049,133.937363,-96.091629,304.392792,136.453857,-202.249786,323.962494,155.362366
2967,24.725000,14:47:34:01.00,-96.618401,302.188171,133.285278,-96.622063,309.063293,133.937317,-96.091637,304.392853,136.453491,-201.978653,323.581635,154.885925
2968,24.733333,14:47:34:01.01,-96.619194,302.187744,133.285858,-96.622124,309.063446,133.937653,-96.092506,304.393494,136.454575,-201.688202,323.220978,154.459412
2969,24.741667,14:47:34:01.02,-96.621880,302.188141,133.286041,-96.622345,309.062592,133.938095,-96.091873,304.392853,136.454025,-201.381424,322.857391,153.971466
2970,24.750000,14:47:34:01.03,-96.621361,302.188538,133.285980,-96.622375,309.063049,133.936813,-96.092926,304.393280,136.454132,-201.083618,322.495697,153.456650
2971,24.758333,14:47:34:02.00,-96.618240,302.188263,133.285828,-96.621910,309.063232,133.936722,-96.093353,304.393860,136.455063,-200.807663,322.126282,152.977768
2972,24.766667,14:47:34:02.01,-96.618813,302.187561,133.286133,-96.624084,309.063721,133.938751,-96.091293,304.393066,136.454956,-200.545502,321.759399,152.475769
2973,24.775000,14:47:34:02.02,-96.620125,302.187286,133.285461,-96.621567,309.062836,133.936661,-96.091476,304.391541,136.454544,-200.270935,321.393005,151.953857
2974,24.783333,14:47:34:02.03,-96.618477,302.186218,133.285980,-96.621254,309.062866,133.936157,-96.092346,304.393616,136.454544,-199.995300,321.038452,151.454529
2975,24.791667,14:47:34:03.00,-96.618683,302.187958,133.285309,-96.621391,309.062897,133.937119,-96.091652,304.392548,136.453751,-199.726379,320.678375,150.899643
2976,24.800000,14:47:34:03.01,-96.620758,302.188019,133.285980,-96.620819,309.063507,133.936005,-96.092285,304.393372,136.453476,-199.464157,320.317261,150.389374
2977,24.808333,14:47:34:03.02,-96.620575,302.187744,133.286224,-96.621155,309.062683,133.936127,-96.090576,304.391937,136.453812,-199.236115,319.961334,149.858170
2978,24.816667,14:47:34:03.03,-96.622688,302.186951,133.286530,-96.622780,309.063416,133.936996,-96.092628,304.393463,136.453812,-198.950287,319.624237,149.328156
2979,24.825000,14:47:34:04.00,-96.619858,302.186798,133.285934,-96.620316,309.063354,133.936066,-96.091049,304.392670,136.453979,-198.681213,319.284424,148.804443
2980,24.833333,14:47:34:04.01,-96.620041,302.187439,133.286285,-96.620316,309.063690,133.936951,-96.091454,304.391510,136.453217,-198.464020,318.939575,148.254349
2981,24.841667,14:47:34:04.02,-96.620476,302.187592,133.285156,-96.620522,309.063324,133.935822,-96.091522,304.393372,136.453491,-198.234619,318.597717,147.757294
2982,24.850000,14:47:34:04.03,-96.621201,302.186859,133.285431,-96.620956,309.063568,133.936172,-96.091827,304.393097,136.453903,-198.004990,318.269958,147.248428
2983,24.858333,14:47:34:05.00,-96.620842,302.188477,133.286285,-96.620354,309.062042,133.936783,-96.092155,304.394104,136.453918,-197.800461,317.927032,146.681122
2984,24.866667,14:47:34:05.01,-96.622627,302.186859,133.287399,-96.620201,309.063110,133.936615,-96.092949,304.393555,136.453705,-197.575562,317.591705,146.165298
2985,24.875000,14:47:34:05.02,-96.619270,302.187653,133.285828,-96.620575,309.063019,133.935623,-96.093391,304.393707,136.455368,-197.371017,317.275940,145.636612
2986,24.883333,14:47:34:05.03,-96.622452,302.186737,133.286774,-96.620514,309.063354,133.936630,-96.093475,304.393372,136.454361,-197.163879,316.968567,145.120422
2987,24.891667,14:47:34:06.00,-96.621643,302.187347,133.285126,-96.621948,309.063354,133.936508,-96.092133,304.392822,136.453384,-196.974274,316.674530,144.615509
2988,24.900000,14:47:34:06.01,-96.622704,302.187836,133.286438,-96.621590,309.063660,133.936523,-96.091850,304.393616,136.454742,-196.834381,316.405792,144.093842
2989,24.908333,14:47:34:06.02,-96.620667,302.187805,133.286316,-96.621201,309.063293,133.935913,-96.091255,304.393127,136.454041,-196.660797,316.117981,143.581085
2990,24.916667,14:47:34:06.03,-96.619896,302.187714,133.285660,-96.621094,309.062622,133.936569,-96.091484,304.393127,136.454163,-196.452591,315.811218,143.101807
2991,24.925000,14:47:34:07.00,-96.623268,302.187500,133.286880,-96.620956,309.063568,133.936630,-96.092072,304.392487,136.454300,-196.285004,315.512573,142.629883
2992,24.933333,14:47:34:07.01,-96.622330,302.187622,133.286270,-96.619827,309.063477,133.936066,-96.093773,304.394165,136.454849,-196.151474,315.248779,142.172623
2993,24.941667,14:47:34:07.02,-96.620445,302.188049,133.285049,-96.620102,309.063538,133.936584,-96.092186,304.392883,136.453995,-196.005447,314.990601,141.697037
2994,24.950000,14:47:34:07.03,-96.621170,302.188293,133.285843,-96.619583,309.063080,133.936096,-96.091362,304.393158,136.453430,-195.880325,314.687927,141.226883
2995,24.958333,14:47:34:08.00,-96.620117,302.187805,133.285660,-96.620033,309.064789,133.936798,-96.092186,304.393127,136.453323,-195.708893,314.403381,140.787689
2996,24.966667,14:47:34:08.01,-96.623138,302.186768,133.285324,-96.621239,309.062805,133.936203,-96.092857,304.393341,136.452408,-195.602768,314.137299,140.350754
2997,24.975000,14:47:34:08.02,-96.621735,302.187805,133.285858,-96.620880,309.062378,133.936615,-96.091484,304.393341,136.452850,-195.482605,313.874451,139.925995
2998,24.983333,14:47:34:08.03,-96.618790,302.187561,133.285446,-96.619827,309.062958,133.937057,-96.092140,304.392883,136.453064,-195.368271,313.584961,139.520081
2999,24.991667,14:47:34:09.00,-96.620827,302.187500,133.285568,-96.619705,309.063843,133.935776,-96.091644,304.392578,136.454468,-195.231934,313.328217,139.107559
3000,25.000000,14:47:34:09.01,-96.620628,302.186432,133.285660,-96.621773,309.063507,133.937515,-96.091934,304.391846,136.452606,-195.142288,313.096039,138.723831
3001,25.008333,14:47:34:09.02,-96.617004,302.187469,133.285629,-96.621132,309.064087,133.938034,-96.092422,304.393372,136.455368,-195.017120,312.816162,138.321442
3002,25.016667,14:47:34:09.03,-96.621422,302.187561,133.285690,-96.620522,309.063354,133.936432,-96.093071,304.393707,136.454269,-194.940598,312.539612,137.934067
3003,25.025000,14:47:34:10.00,-96.622818,302.188293,133.286942,-96.620682,309.062317,133.937210,-96.093094,304.393280,136.453522,-194.839935,312.339050,137.556152
3004,25.033333,14:47:34:10.01,-96.622917,302.186890,133.285751,-96.620789,309.063690,133.935913,-96.092262,304.392395,136.452927,-194.740646,312.052429,137.152725
3005,25.041667,14:47:34:10.02,-96.619751,302.186829,133.284790,-96.622208,309.063721,133.938354,-96.091896,304.392456,136.454285,-194.657883,311.795929,136.780167
3006,25.050000,14:47:34:10.03,-96.621368,302.187958,133.286270,-96.620453,309.063110,133.936661,-96.090561,304.392639,136.453766,-194.608047,311.578552,136.434525
3007,25.058333,14:47:34:11.00,-96.623116,302.187042,133.284943,-96.620804,309.062683,133.935547,-96.094444,304.393707,136.455093,-194.509842,311.336945,136.086777
3008,25.066667,14:47:34:11.01,-96.620506,302.187775,133.284576,-96.620697,309.062958,133.936386,-96.092453,304.393250,136.453461,-194.501999,311.126343,135.771301
3009,25.075000,14:47:34:11.02,-96.619598,302.187073,133.285767,-96.619766,309.062195,133.935684,-96.090820,304.392975,136.454849,-194.408386,310.866150,135.433441
3010,25.083333,14:47:34:11.03,-96.619888,302.187256,133.284729,-96.622139,309.062805,133.936279,-96.092216,304.393372,136.453339,-194.364075,310.691559,135.123627
3011,25.091667,14:47:34:12.00,-96.621315,302.188324,133.285812,-96.621338,309.062744,133.934921,-96.093086,304.392548,136.454117,-194.309448,310.446228,134.782806
3012,25.100000,14:47:34:12.01,-96.621338,302.186951,133.285385,-96.621597,309.062927,133.936249,-96.091698,304.393982,136.453827,-194.279114,310.247101,134.513336
3013,25.108333,14:47:34:12.02,-96.621132,302.187897,133.284836,-96.620529,309.063660,133.935669,-96.092056,304.393799,136.454468,-194.218307,310.037079,134.215286
3014,25.116667,14:47:34:12.03,-96.620682,302.187683,133.286972,-96.620682,309.062378,133.936218,-96.091805,304.392365,136.453384,-194.173737,309.840210,133.929214
3015,25.125000,14:47:34:13.00,-96.619377,302.187744,133.286041,-96.621422,309.063690,133.935730,-96.090630,304.392090,136.453461,-194.128494,309.634033,133.643539
3016,25.133333,14:47:34:13.01,-96.618874,302.187225,133.285721,-96.619270,309.062805,133.936172,-96.092232,304.393799,136.453461,-194.126892,309.452820,133.387024
3017,25.141667,14:47:34:13.02,-96.620560,302.187958,133.286209,-96.620789,309.062653,133.936768,-96.091347,304.392883,136.453384,-194.094604,309.226501,133.066147
3018,25.150000,14:47:34:13.03,-96.619202,302.188538,133.285278,-96.621964,309.062866,133.937180,-96.093346,304.393829,136.454971,-194.055496,309.094604,132.837814
3019,25.158333,14:47:34:14.00,-96.619072,302.187164,133.285324,-96.620651,309.062683,133.935989,-96.093651,304.393555,136.454300,-194.019394,308.851898,132.551224
3020,25.166667,14:47:34:14.01,-96.621208,302.186401,133.286057,-96.621170,309.062347,133.936066,-96.092384,304.392700,136.454117,-193.980179,308.697937,132.262878
3021,25.175000,14:47:34:14.02,-96.621307,302.186951,133.285767,-96.621971,309.063324,133.936249,-96.091637,304.392700,136.453583,-193.945923,308.478363,132.009567
3022,25.183333,14:47:34:14.03,-96.620987,302.186951,133.285385,-96.620903,309.064545,133.936295,-96.093636,304.393738,136.454559,-193.934280,308.306366,131.736145
3023,25.191667,14:47:34:15.00,-96.621552,302.186951,133.284393,-96.621605,309.064148,133.936722,-96.091942,304.391846,136.454895,-193.855133,308.146301,131.487045
3024,25.200000,14:47:34:15.01,-96.621391,302.186523,133.285110,-96.620499,309.063568,133.936981,-96.092491,304.391754,136.453308,-193.838913,307.990417,131.235550
3025,25.208333,14:47:34:15.02,-96.621605,302.187378,133.286026,-96.620476,309.063660,133.936188,-96.091064,304.391357,136.454285,-193.817169,307.854675,130.969009
3026,25.216667,14:47:34:15.03,-96.619957,302.188171,133.285355,-96.620720,309.063477,133.936569,-96.092491,304.392517,136.454666,-193.800812,307.656586,130.689102
3027,25.225000,14:47:34:16.00,-96.618843,302.187286,133.285553,-96.620796,309.062378,133.936386,-96.093521,304.392944,136.453568,-193.803268,307.538055,130.460083
3028,25.233333,14:47:34:16.01,-96.622452,302.186249,133.285461,-96.620178,309.061279,133.935715,-96.092819,304.392944,136.454254,-193.737198,307.412506,130.186905
3029,25.241667,14:47:34:16.02,-96.622940,302.187256,133.285934,-96.621262,309.062653,133.935852,-96.092567,304.392395,136.453751,-193.679184,307.258820,129.957489
3030,25.250000,14:47:34:16.03,-96.620049,302.187103,133.286163,-96.621689,309.063995,133.937622,-96.093109,304.392700,136.455078,-193.678589,307.155334,129.714417
3031,25.258333,14:47:34:17.00,-96.623413,302.188171,133.286743,-96.621872,309.063293,133.936661,-96.092583,304.391937,136.453064,-193.640244,307.037048,129.472275
3032,25.266667,14:47:34:17.01,-96.622543,302.187531,133.286392,-96.620506,309.062317,133.936340,-96.092453,304.393250,136.455124,-193.629059,306.881042,129.227371
3033,25.275000,14:47:34:17.02,-96.620598,302.187531,133.285995,-96.622414,309.062897,133.935730,-96.092247,304.393219,136.454407,-193.627014,306.772827,128.993408
3034,25.283333,14:47:34:17.03,-96.619316,302.185974,133.284897,-96.620300,309.063110,133.936218,-96.091202,304.392487,136.453903,-193.626450,306.690979,128.779175
3035,25.291667,14:47:34:18.00,-96.621147,302.187225,133.286499,-96.620125,309.063965,133.936127,-96.093018,304.393280,136.453384,-193.592422,306.590637,128.588898
3036,25.300000,14:47:34:18.01,-96.623146,302.187286,133.286224,-96.620979,309.062073,133.935532,-96.092934,304.393646,136.454300,-193.560699,306.428040,128.360916
3037,25.308333,14:47:34:18.02,-96.619972,302.186768,133.284821,-96.621498,309.063507,133.935791,-96.093842,304.393158,136.454544,-193.532318,306.359253,128.186935
3038,25.316667,14:47:34:18.03,-96.622177,302.186798,133.285400,-96.619530,309.063019,133.936752,-96.094437,304.392365,136.454178,-193.558411,306.253448,127.997299
3039,25.325000,14:47:34:19.00,-96.620270,302.187408,133.285599,-96.621651,309.063507,133.936356,-96.092575,304.391602,136.453552,-193.544525,306.127960,127.825951
3040,25.333333,14:47:34:19.01,-96.620277,302.186737,133.284241,-96.621971,309.063019,133.936417,-96.091522,304.392883,136.454361,-193.508850,306.023834,127.649643
3041,25.341667,14:47:34:19.02,-96.622620,302.187988,133.287125,-96.621605,309.063080,133.937149,-96.092644,304.393005,136.454498,-193.527557,305.924286,127.477058
3042,25.350000,14:47:34:19.03,-96.623291,302.186646,133.285934,-96.620163,309.062683,133.935852,-96.091751,304.391937,136.453751,-193.532532,305.850677,127.364372
3043,25.358333,14:47:34:20.00,-96.622177,302.187103,133.285385,-96.620575,309.063507,133.936279,-96.091667,304.393036,136.453888,-193.519547,305.782227,127.213905
3044,25.366667,14:47:34:20.01,-96.622864,302.187836,133.285492,-96.621201,309.064606,133.937759,-96.092163,304.392395,136.453201,-193.501251,305.665375,127.074669
3045,25.375000,14:47:34:20.02,-96.621910,302.187134,133.285889,-96.620621,309.063019,133.936859,-96.092834,304.392395,136.454208,-193.495483,305.560059,126.966461
3046,25.383333,14:47:34:20.03,-96.620392,302.187988,133.284943,-96.621063,309.063660,133.936661,-96.093010,304.392639,136.454163,-193.501328,305.488861,126.860214
3047,25.391667,14:47:34:21.00,-96.619446,302.187378,133.285355,-96.622574,309.062347,133.937103,-96.092293,304.392212,136.453079,-193.503784,305.421814,126.761292
3048,25.400000,14:47:34:21.01,-96.622978,302.187195,133.285477,-96.621147,309.062744,133.936295,-96.093529,304.393341,136.454239,-193.504608,305.323090,126.664421
3049,25.408333,14:47:34:21.02,-96.623657,302.186432,133.285355,-96.621353,309.062866,133.935745,-96.091507,304.391327,136.453873,-193.504044,305.198212,126.577530
3050,25.416667,14:47:34:21.03,-96.623444,302.186890,133.285583,-96.622154,309.064423,133.937149,-96.093163,304.392853,136.454163,-193.509888,305.130035,126.502594
3051,25.425000,14:47:34:22.00,-96.619545,302.186554,133.284622,-96.621216,309.063232,133.937103,-96.091843,304.392365,136.454529,-193.515533,305.077759,126.445862
3052,25.433333,14:47:34:22.01,-96.621094,302.186890,133.285278,-96.619484,309.063019,133.936890,-96.092865,304.393250,136.454575,-193.530151,305.011627,126.388023
3053,25.441667,14:47:34:22.02,-96.619370,302.186798,133.284882,-96.620430,309.062592,133.935913,-96.091820,304.392303,136.454514,-193.543777,304.937134,126.330658
3054,25.450000,14:47:34:22.03,-96.624306,302.187469,133.286774,-96.619896,309.063293,133.936142,-96.093872,304.392914,136.455399,-193.544037,304.861755,126.291786
3055,25.458333,14:47:34:23.00,-96.621613,302.186737,133.284988,-96.620514,309.063141,133.936417,-96.092049,304.392487,136.453751,-193.544083,304.773590,126.256348
3056,25.466667,14:47:34:23.01,-96.621407,302.186218,133.285980,-96.621635,309.063446,133.937332,-96.090927,304.391937,136.454605,-193.566193,304.691650,126.213837
3057,25.475000,14:47:34:23.02,-96.621231,302.188202,133.286209,-96.620735,309.063568,133.936432,-96.092087,304.392578,136.453796,-193.605713,304.620209,126.204552
3058,25.483333,14:47:34:23.03,-96.621178,302.187744,133.286011,-96.620880,309.062805,133.937393,-96.092148,304.392487,136.454590,-193.635971,304.552002,126.185120
3059,25.491667,14:47:34:24.00,-96.619759,302.186890,133.286118,-96.620911,309.061340,133.936569,-96.091995,304.392426,136.455002,-193.684036,304.481995,126.163315
3060,25.500000,14:47:34:24.01,-96.620438,302.186951,133.285202,-96.620422,309.062073,133.936142,-96.092171,304.392639,136.454468,-193.694824,304.424286,126.161995
3061,25.508333,14:47:34:24.02,-96.620117,302.186432,133.284912,-96.621086,309.062927,133.936996,-96.092674,304.392975,136.454117,-193.683121,304.350342,126.174232
3062,25.516667,14:47:34:24.03,-96.621010,302.186340,133.285599,-96.621475,309.063904,133.937439,-96.091858,304.392242,136.453064,-193.687622,304.274872,126.179466
3063,25.525000,14:47:34:25.00,-96.623932,302.187042,133.286484,-96.620811,309.061707,133.935455,-96.091202,304.392059,136.454147,-193.697067,304.220276,126.183342
3064,25.533333,14:47:34:25.01,-96.623260,302.186279,133.286880,-96.621635,309.062439,133.936035,-96.093002,304.391876,136.454041,-193.708939,304.176025,126.189110
3065,25.541667,14:47:34:25.02,-96.622475,302.187042,133.286667,-96.619537,309.063019,133.935867,-96.091774,304.392639,136.454910,-193.725983,304.141937,126.190445
3066,25.550000,14:47:34:25.03,-96.621086,302.187134,133.286469,-96.619629,309.062042,133.936371,-96.092514,304.391296,136.454193,-193.743668,304.107819,126.197517
3067,25.558333,14:47:34:26.00,-96.622292,302.186401,133.285904,-96.620255,309.063263,133.936523,-96.091881,304.391724,136.454132,-193.760773,304.078400,126.208511
3068,25.566667,14:47:34:26.01,-96.622635,302.186676,133.286545,-96.620720,309.061829,133.935287,-96.091339,304.391693,136.454117,-193.773438,304.053436,126.227974
3069,25.575000,14:47:34:26.02,-96.620499,302.186859,133.286285,-96.621582,309.061584,133.937286,-96.093674,304.393311,136.454636,-193.788727,304.024963,126.243500
3070,25.583333,14:47:34:26.03,-96.622353,302.187408,133.285370,-96.618851,309.062378,133.936462,-96.092407,304.392273,136.453232,-193.807098,303.993011,126.255295
3071,25.591667,14:47:34:27.00,-96.621498,302.185852,133.285553,-96.620712,309.062286,133.936050,-96.090134,304.392090,136.453644,-193.826599,303.966644,126.265884
3072,25.600000,14:47:34:27.01,-96.622742,302.187012,133.285767,-96.620934,309.062561,133.936081,-96.092857,304.392670,136.454086,-193.858276,303.944092,126.297379
3073,25.608333,14:47:34:27.02,-96.621552,302.187683,133.285004,-96.619781,309.062378,133.936646,-96.091751,304.392578,136.455063,-193.879684,303.920746,126.310242
3074,25.616667,14:47:34:27.03,-96.620872,302.186798,133.286362,-96.621628,309.063354,133.937225,-96.092506,304.392670,136.454193,-193.899628,303.903412,126.321175
3075,25.625000,14:47:34:28.00,-96.620811,302.186890,133.285934,-96.621910,309.062134,133.936722,-96.092415,304.392181,136.454086,-193.924301,303.881775,126.305450
3076,25.633333,14:47:34:28.01,-96.619766,302.186218,133.285461,-96.621475,309.061829,133.936325,-96.091476,304.392273,136.453506,-193.938614,303.861267,126.309418
3077,25.641667,14:47:34:28.02,-96.619110,302.187195,133.285980,-96.621742,309.062622,133.937256,-96.090042,304.393066,136.452866,-193.946335,303.845123,126.310524
3078,25.650000,14:47:34:28.03,-96.620804,302.187286,133.286102,-96.620300,309.062256,133.936356,-96.091393,304.392426,136.454254,-193.952591,303.841553,126.314613
3079,25.658333,14:47:34:29.00,-96.623276,302.186737,133.286209,-96.619781,309.062653,133.936310,-96.092857,304.392883,136.454803,-193.958603,303.840546,126.319504
3080,25.666667,14:47:34:29.01,-96.621819,302.186005,133.285706,-96.620399,309.063873,133.937592,-96.091354,304.391083,136.454269,-193.968018,303.853973,126.324478
3081,25.675000,14:47:34:29.02,-96.621559,302.187347,133.287994,-96.620880,309.062653,133.936096,-96.092522,304.393402,136.454361,-193.974121,303.882233,126.336906
3082,25.683333,14:47:34:29.03,-96.622154,302.186340,133.285950,-96.622177,309.061646,133.936096,-96.091431,304.392639,136.454575,-193.962463,303.928284,126.373444
3083,25.691667,14:47:35:00.00,-96.622513,302.187500,133.286591,-96.621086,309.063232,133.935455,-96.092018,304.392120,136.453568,-193.969696,303.962860,126.388321
3084,25.700000,14:47:35:00.01,-96.621422,302.187378,133.287079,-96.620575,309.062347,133.936234,-96.091553,304.392181,136.454346,-193.975113,304.001831,126.402451
3085,25.708333,14:47:35:00.02,-96.621201,302.187744,133.286865,-96.620216,309.063446,133.936752,-96.092697,304.392395,136.454010,-193.983688,304.026489,126.398514
3086,25.716667,14:47:35:00.03,-96.620796,302.188171,133.284836,-96.621155,309.063141,133.936310,-96.092834,304.391113,136.453354,-193.980591,304.055420,126.410530
3087,25.725000,14:47:35:01.00,-96.620338,302.188171,133.286469,-96.620331,309.061798,133.936554,-96.094391,304.392517,136.454727,-193.983627,304.083862,126.421989
3088,25.733333,14:47:35:01.01,-96.619667,302.186615,133.285217,-96.621071,309.063538,133.937668,-96.092621,304.392883,136.454330,-193.981140,304.122864,126.437744
3089,25.741667,14:47:35:01.02,-96.619324,302.187866,133.287018,-96.620491,309.063965,133.937408,-96.091637,304.392181,136.453918,-194.002396,304.170105,126.464546
3090,25.750000,14:47:35:01.03,-96.619812,302.186859,133.285721,-96.620789,309.062256,133.937378,-96.092972,304.392334,136.452988,-194.001694,304.259766,126.486221
3091,25.758333,14:47:35:02.00,-96.621437,302.186676,133.286972,-96.619644,309.062744,133.936325,-96.091774,304.392822,136.454788,-193.992691,304.354889,126.491531
3092,25.766667,14:47:35:02.01,-96.620674,302.187622,133.286362,-96.621078,309.062347,133.936279,-96.091957,304.392456,136.453659,-194.003799,304.425354,126.529144
3093,25.775000,14:47:35:02.02,-96.621666,302.187653,133.284546,-96.621292,309.062561,133.935867,-96.090256,304.392639,136.454208,-194.006271,304.476776,126.542435
3094,25.783333,14:47:35:02.03,-96.621437,302.186432,133.286148,-96.621765,309.062775,133.936646,-96.092186,304.392944,136.453705,-194.000473,304.538055,126.559532
3095,25.791667,14:47:35:03.00,-96.620720,302.186951,133.285278,-96.620979,309.062469,133.936554,-96.092682,304.391602,136.454269,-194.008804,304.626953,126.586411
3096,25.800000,14:47:35:03.01,-96.621910,302.187775,133.286285,-96.621407,309.063110,133.935791,-96.091614,304.392395,136.453659,-194.035568,304.760468,126.610306
3097,25.808333,14:47:35:03.02,-96.620270,302.187042,133.286148,-96.620735,309.063385,133.936615,-96.093124,304.393066,136.453781,-194.031982,304.856781,126.629211
3098,25.816667,14:47:35:03.03,-96.623245,302.186523,133.286194,-96.620659,309.062531,133.936569,-96.092018,304.392303,136.452881,-194.050781,304.941345,126.656189
3099,25.825000,14:47:35:04.00,-96.620453,302.187317,133.285141,-96.620827,309.062469,133.935303,-96.091263,304.392395,136.454208,-194.058960,305.060364,126.693344
3100,25.833333,14:47:35:04.01,-96.617561,302.186859,133.285339,-96.621849,309.062805,133.936523,-96.092316,304.393127,136.454391,-194.071060,305.220764,126.735817
3101,25.841667,14:47:35:04.02,-96.620567,302.187500,133.286026,-96.620110,309.062256,133.937149,-96.091553,304.392822,136.454605,-194.060028,305.318573,126.767159
3102,25.850000,14:47:35:04.03,-96.620583,302.187592,133.285980,-96.621094,309.063629,133.937729,-96.091530,304.392578,136.453766,-194.053024,305.431824,126.805374
3103,25.858333,14:47:35:05.00,-96.619408,302.187805,133.286743,-96.621208,309.063080,133.937454,-96.092155,304.391937,136.455032,-194.067413,305.606110,126.831039
3104,25.866667,14:47:35:05.01,-96.619347,302.187195,133.285660,-96.620888,309.062744,133.936218,-96.092430,304.392303,136.453918,-194.087662,305.718811,126.872932
3105,25.875000,14:47:35:05.02,-96.619843,302.186157,133.285950,-96.620384,309.062561,133.936340,-96.091469,304.392181,136.454376,-194.084961,305.845367,126.917351
3106,25.883333,14:47:35:05.03,-96.621010,302.187073,133.286194,-96.619171,309.062073,133.935776,-96.090546,304.391418,136.453995,-194.110184,306.038788,126.996490
3107,25.891667,14:47:35:06.00,-96.619377,302.187256,133.285858,-96.619141,309.063141,133.935532,-96.091621,304.392181,136.455261,-194.133987,306.165588,127.048515
3108,25.900000,14:47:35:06.01,-96.620491,302.187103,133.285156,-96.622650,309.063110,133.938187,-96.091171,304.391754,136.454453,-194.130142,306.347321,127.132378
3109,25.908333,14:47:35:06.02,-96.618965,302.187195,133.286362,-96.622124,309.063568,133.937653,-96.092049,304.392273,136.453583,-194.136841,306.539551,127.213348
3110,25.916667,14:47:35:06.03,-96.621803,302.187622,133.285843,-96.621368,309.062714,133.936920,-96.094116,304.392181,136.454956,-194.124847,306.707977,127.290215
3111,25.925000,14:47:35:07.00,-96.621429,302.186859,133.287323,-96.621277,309.062561,133.936279,-96.092209,304.392395,136.454971,-194.183411,306.885498,127.357277
3112,25.933333,14:47:35:07.01,-96.622208,302.186584,133.285339,-96.620941,309.062866,133.936996,-96.091629,304.391846,136.454086,-194.186050,307.061951,127.440689
3113,25.941667,14:47:35:07.02,-96.622536,302.187592,133.286102,-96.620636,309.062286,133.936676,-96.092499,304.392151,136.453964,-194.217438,307.276978,127.567253
3114,25.950000,14:47:35:07.03,-96.619781,302.186890,133.285492,-96.620789,309.062317,133.935928,-96.093262,304.391754,136.454483,-194.212341,307.475922,127.693855
3115,25.958333,14:47:35:08.00,-96.618729,302.186096,133.285370,-96.619865,309.064331,133.937317,-96.091393,304.391327,136.453598,-194.206421,307.691467,127.797356
3116,25.966667,14:47:35:08.01,-96.622086,302.186951,133.286758,-96.621628,309.063721,133.936493,-96.091965,304.392456,136.454834,-194.216766,307.895020,127.891457
3117,25.975000,14:47:35:08.02,-96.621063,302.186737,133.284729,-96.621597,309.062805,133.936493,-96.093269,304.392731,136.454315,-194.267044,308.127014,128.045731
3118,25.983333,14:47:35:08.03,-96.621063,302.186340,133.285431,-96.620987,309.062042,133.937408,-96.092522,304.392517,136.454224,-194.272766,308.330505,128.198166
3119,25.991667,14:47:35:09.00,-96.622421,302.187927,133.285751,-96.619865,309.062225,133.936935,-96.093681,304.393250,136.454956,-194.254425,308.615753,128.334961
3120,26.000000,14:47:35:09.01,-96.621307,302.186737,133.286331,-96.619736,309.062622,133.937546,-96.091110,304.391418,136.453339,-194.265167,308.808502,128.462234
3121,26.008333,14:47:35:09.02,-96.620316,302.186646,133.287384,-96.620628,309.062347,133.937180,-96.092735,304.391479,136.454468,-194.314774,309.078125,128.644577
3122,26.016667,14:47:35:09.03,-96.618523,302.186859,133.285248,-96.621910,309.062805,133.935562,-96.091499,304.391998,136.455215,-194.316147,309.306458,128.790863
3123,26.025000,14:47:35:10.00,-96.620728,302.186523,133.286285,-96.620956,309.062256,133.936005,-96.091499,304.391693,136.453857,-194.334900,309.554230,128.941208
3124,26.033333,14:47:35:10.01,-96.621994,302.187195,133.286072,-96.621712,309.062714,133.937088,-96.092560,304.391968,136.454605,-194.327606,309.828430,129.087967
3125,26.041667,14:47:35:10.02,-96.620911,302.188110,133.285599,-96.621643,309.062805,133.935974,-96.091209,304.391449,136.453705,-194.344193,310.069489,129.248825
3126,26.050000,14:47:35:10.03,-96.621284,302.187378,133.286209,-96.622070,309.063538,133.937302,-96.092567,304.392761,136.453964,-194.380112,310.347046,129.416107
3127,26.058333,14:47:35:11.00,-96.619621,302.187500,133.285934,-96.621254,309.061981,133.936417,-96.091545,304.392761,136.453873,-194.357407,310.605896,129.573822
3128,26.066667,14:47:35:11.01,-96.621254,302.187744,133.285110,-96.619797,309.063019,133.936020,-96.091309,304.391663,136.455078,-194.368164,310.872833,129.716568
3129,26.075000,14:47:35:11.02,-96.620590,302.186371,133.285965,-96.621910,309.062897,133.936722,-96.091682,304.392151,136.453964,-194.406845,311.177551,129.936066
3130,26.083333,14:47:35:11.03,-96.623672,302.187408,133.285965,-96.620903,309.063232,133.936768,-96.091972,304.391968,136.453232,-194.412231,311.404266,130.108047
3131,26.091667,14:47:35:12.00,-96.626183,302.187775,133.286102,-96.621506,309.062897,133.937531,-96.092949,304.392303,136.454254,-194.418640,311.691650,130.293304
3132,26.100000,14:47:35:12.01,-96.622803,302.187134,133.285477,-96.621254,309.063385,133.936661,-96.092209,304.392426,136.453934,-194.428436,311.999023,130.506973
3133,26.108333,14:47:35:12.02,-96.618912,302.186584,133.285339,-96.621361,309.062805,133.936111,-96.091629,304.392456,136.454071,-194.432404,312.256561,130.689835
3134,26.116667,14:47:35:12.03,-96.621750,302.187500,133.286057,-96.620468,309.062378,133.937134,-96.092560,304.391846,136.454086,-194.447662,312.536743,130.909195
3135,26.125000,14:47:35:13.00,-96.620079,302.188232,133.285660,-96.620270,309.062439,133.936996,-96.092522,304.392639,136.454300,-194.458862,312.841614,131.092194
3136,26.133333,14:47:35:13.01,-96.621101,302.187073,133.286194,-96.620811,309.062683,133.936218,-96.093880,304.393188,136.455048,-194.495575,313.095703,131.287918
3137,26.141667,14:47:35:13.02,-96.621956,302.187073,133.286118,-96.620819,309.062134,133.936401,-96.091927,304.391754,136.453873,-194.481598,313.405121,131.492157
3138,26.150000,14:47:35:13.03,-96.621696,302.187256,133.285706,-96.620728,309.061584,133.936539,-96.091682,304.392731,136.453598,-194.494705,313.727203,131.721848
3139,26.158333,14:47:35:14.00,-96.622887,302.187286,133.286209,-96.621483,309.062286,133.936569,-96.092484,304.393066,136.453842,-194.523849,314.005585,131.890732
3140,26.166667,14:47:35:14.01,-96.620712,302.187286,133.285767,-96.620087,309.063782,133.936371,-96.092072,304.393005,136.454849,-194.534027,314.279205,132.126221
3141,26.175000,14:47:35:14.02,-96.621758,302.187042,133.285522,-96.621864,309.063171,133.936935,-96.093399,304.393005,136.454575,-194.516708,314.607971,132.334167
3142,26.183333,14:47:35:14.03,-96.623215,302.187958,133.287354,-96.622063,309.062469,133.937454,-96.092720,304.392853,136.453903,-194.565750,314.913574,132.527863
3143,26.191667,14:47:35:15.00,-96.621086,302.187347,133.285934,-96.620712,309.063568,133.937042,-96.092400,304.391785,136.453384,-194.565414,315.211578,132.779419
3144,26.200000,14:47:35:15.01,-96.620338,302.187897,133.285568,-96.619705,309.062103,133.936218,-96.091644,304.393524,136.455276,-194.545380,315.538422,133.001846
3145,26.208333,14:47:35:15.02,-96.621620,302.186340,133.285919,-96.621574,309.062744,133.936386,-96.093002,304.392944,136.454453,-194.608612,315.866241,133.205948
3146,26.216667,14:47:35:15.03,-96.622261,302.187347,133.287399,-96.621628,309.062561,133.936264,-96.092087,304.391479,136.453934,-194.630096,316.207367,133.463211
3147,26.225000,14:47:35:16.00,-96.620689,302.188660,133.285721,-96.620872,309.062836,133.935471,-96.091805,304.391602,136.454361,-194.624054,316.530029,133.664062
3148,26.233333,14:47:35:16.01,-96.620728,302.186676,133.285019,-96.620163,309.062439,133.936066,-96.091774,304.391357,136.453659,-194.677185,316.834656,133.900208
3149,26.241667,14:47:35:16.02,-96.620850,302.188263,133.287125,-96.620583,309.062256,133.936539,-96.092033,304.392517,136.453461,-194.686371,317.152435,134.102036
3150,26.250000,14:47:35:16.03,-96.620827,302.186798,133.285904,-96.621475,309.063385,133.936172,-96.092316,304.393372,136.454422,-194.732285,317.479767,134.328613
3151,26.258333,14:47:35:17.00,-96.620354,302.186829,133.285538,-96.620667,309.062683,133.935959,-96.091652,304.391449,136.453491,-194.728806,317.898560,134.573547
3152,26.266667,14:47:35:17.01,-96.619499,302.186493,133.285629,-96.620079,309.061981,133.936035,-96.090347,304.392303,136.453644,-194.738541,318.263519,134.825424
3153,26.275000,14:47:35:17.02,-96.619537,302.187164,133.285980,-96.621193,309.063324,133.937653,-96.092148,304.391541,136.453247,-194.784286,318.571533,135.011505
3154,26.283333,14:47:35:17.03,-96.620270,302.186951,133.285278,-96.620979,309.062286,133.937210,-96.093300,304.391937,136.453568,-194.810837,318.893372,135.234665
3155,26.291667,14:47:35:18.00,-96.619858,302.187195,133.285278,-96.620323,309.062775,133.936066,-96.091675,304.392273,136.453995,-194.832336,319.225861,135.434509
3156,26.300000,14:47:35:18.01,-96.619614,302.186615,133.285645,-96.619347,309.062134,133.935135,-96.091789,304.392639,136.454376,-194.847412,319.618500,135.683060
3157,26.308333,14:47:35:18.02,-96.622116,302.186340,133.284790,-96.621368,309.063843,133.937057,-96.091064,304.391998,136.453430,-194.875687,319.966766,135.849014
3158,26.316667,14:47:35:18.03,-96.622963,302.187439,133.286133,-96.620560,309.063873,133.937302,-96.091690,304.391968,136.452881,-194.888046,320.377197,136.117188
3159,26.325000,14:47:35:19.00,-96.619751,302.186768,133.285965,-96.620216,309.062500,133.936600,-96.091339,304.392426,136.454330,-194.890396,320.756226,136.314636
3160,26.333333,14:47:35:19.01,-96.622742,302.186584,133.285522,-96.620583,309.062805,133.936005,-96.092262,304.391876,136.453705,-194.960876,321.081879,136.477737
3161,26.341667,14:47:35:19.02,-96.620743,302.186310,133.285645,-96.621140,309.063568,133.936554,-96.092766,304.392090,136.453293,-194.954376,321.463318,136.725128
3162,26.350000,14:47:35:19.03,-96.619202,302.188080,133.284286,-96.620140,309.063385,133.936371,-96.090981,304.392761,136.453705,-194.957916,321.828064,136.911331
3163,26.358333,14:47:35:20.00,-96.619453,302.186310,133.285599,-96.621117,309.063507,133.935959,-96.091293,304.392334,136.453766,-195.025879,322.130005,137.084015
3164,26.366667,14:47:35:20.01,-96.622002,302.186615,133.286423,-96.621391,309.062805,133.935852,-96.092896,304.392334,136.455322,-195.016403,322.547516,137.319717
3165,26.375000,14:47:35:20.02,-96.621788,302.187622,133.285782,-96.620056,309.062897,133.936066,-96.091827,304.392792,136.454636,-195.029404,322.932495,137.541321
3166,26.383333,14:47:35:20.03,-96.620811,302.187195,133.285950,-96.620247,309.062683,133.935959,-96.092728,304.392670,136.454330,-195.056229,323.308289,137.722336
3167,26.391667,14:47:35:21.00,-96.621552,302.187469,133.286697,-96.620453,309.062439,133.937363,-96.091599,304.390228,136.453186,-195.064316,323.717712,137.989792
3168,26.400000,14:47:35:21.01,-96.620750,302.186920,133.286331,-96.620026,309.063812,133.936523,-96.093246,304.392365,136.454529,-195.100494,324.080048,138.122208
3169,26.408333,14:47:35:21.02,-96.619698,302.187073,133.285172,-96.620247,309.063019,133.936035,-96.092194,304.391968,136.454086,-195.117050,324.410309,138.298981
3170,26.416667,14:47:35:21.03,-96.618179,302.186676,133.285873,-96.621170,309.063354,133.936447,-96.091667,304.391663,136.453339,-195.162872,324.740326,138.451355
3171,26.425000,14:47:35:22.00,-96.621071,302.186218,133.285004,-96.620850,309.063049,133.937271,-96.092155,304.391541,136.453827,-195.160965,325.136841,138.670242
3172,26.433333,14:47:35:22.01,-96.619431,302.185425,133.285614,-96.620689,309.061768,133.935944,-96.093307,304.392426,136.453995,-195.195663,325.561798,138.877792
3173,26.441667,14:47:35:22.02,-96.621033,302.186737,133.286911,-96.619972,309.063995,133.936447,-96.092583,304.391632,136.454056,-195.202744,326.044128,139.153809
3174,26.450000,14:47:35:22.03,-96.621338,302.187256,133.285065,-96.619713,309.063568,133.936752,-96.090446,304.392059,136.453949,-195.250671,326.436493,139.328690
3175,26.458333,14:47:35:23.00,-96.621391,302.186707,133.286636,-96.620163,309.062714,133.936661,-96.090935,304.392303,136.452942,-195.267303,326.851959,139.547699
3176,26.466667,14:47:35:23.01,-96.621796,302.186890,133.285172,-96.620651,309.063110,133.936844,-96.092224,304.392334,136.453888,-195.283325,327.244110,139.752945
3177,26.475000,14:47:35:23.02,-96.621292,302.186310,133.284729,-96.620384,309.062805,133.935867,-96.092194,304.391937,136.454086,-195.320709,327.660767,139.940979
3178,26.483333,14:47:35:23.03,-96.624252,302.186920,133.286102,-96.620354,309.062653,133.936417,-96.092743,304.392334,136.453491,-195.329590,328.050537,140.156799
3179,26.491667,14:47:35:24.00,-96.623329,302.186859,133.285370,-96.620895,309.062103,133.936478,-96.090630,304.391724,136.453400,-195.387787,328.456055,140.331635
3180,26.500000,14:47:35:24.01,-96.622124,302.186859,133.285858,-96.621284,309.063354,133.936737,-96.092354,304.392426,136.453491,-195.393951,328.854279,140.561661
3181,26.508333,14:47:35:24.02,-96.620956,302.186859,133.285172,-96.621742,309.063477,133.937256,-96.092239,304.392273,136.455750,-195.441681,329.262207,140.751968
3182,26.516667,14:47:35:24.03,-96.620872,302.188263,133.286530,-96.620331,309.063507,133.936218,-96.092140,304.392761,136.454529,-195.485657,329.646332,140.943298
3183,26.525000,14:47:35:25.00,-96.619324,302.186707,133.285828,-96.620110,309.062927,133.936417,-96.092545,304.391876,136.454453,-195.505142,330.073578,141.170532
3184,26.533333,14:47:35:25.01,-96.622566,302.187408,133.286789,-96.619545,309.062805,133.936401,-96.093544,304.393036,136.454437,-195.519119,330.468719,141.397446
3185,26.541667,14:47:35:25.02,-96.623756,302.187958,133.286652,-96.621567,309.062225,133.936874,-96.092728,304.392761,136.453629,-195.585831,330.856384,141.559433
3186,26.550000,14:47:35:25.03,-96.622833,302.187714,133.285431,-96.620918,309.063385,133.936691,-96.091637,304.392365,136.453125,-195.581177,331.255310,141.813553
3187,26.558333,14:47:35:26.00,-96.623154,302.186188,133.284912,-96.619522,309.062988,133.935516,-96.093193,304.392090,136.453293,-195.610565,331.639557,141.996658
3188,26.566667,14:47:35:26.01,-96.621086,302.187988,133.285324,-96.620216,309.063965,133.937531,-96.091721,304.390808,136.453674,-195.634872,332.010254,142.219055
3189,26.575000,14:47:35:26.02,-96.621483,302.186890,133.285751,-96.619949,309.063141,133.936996,-96.092094,304.392548,136.453964,-195.670029,332.389374,142.417465
3190,26.583333,14:47:35:26.03,-96.622482,302.187134,133.286026,-96.621445,309.063202,133.936722,-96.091637,304.391876,136.452835,-195.681915,332.754517,142.610443
3191,26.591667,14:47:35:27.00,-96.621902,302.188019,133.286346,-96.621094,309.062561,133.936310,-96.091690,304.392731,136.454651,-195.722092,333.119690,142.832428
3192,26.600000,14:47:35:27.01,-96.620438,302.187439,133.285797,-96.621681,309.062958,133.935944,-96.091995,304.392731,136.454041,-195.743958,333.492157,143.051147
3193,26.608333,14:47:35:27.02,-96.619072,302.186890,133.284790,-96.621391,309.062958,133.936661,-96.092491,304.392517,136.453537,-195.781631,333.857849,143.232574
3194,26.616667,14:47:35:27.03,-96.621178,302.187012,133.285721,-96.621521,309.064423,133.938599,-96.091782,304.393372,136.453796,-195.817917,334.230316,143.478104
3195,26.625000,14:47:35:28.00,-96.623428,302.187866,133.285828,-96.620834,309.062958,133.936722,-96.092224,304.393280,136.454910,-195.873444,334.594330,143.682068
3196,26.633333,14:47:35:28.01,-96.623405,302.187622,133.285065,-96.622444,309.063660,133.936829,-96.092049,304.391846,136.453674,-195.898499,334.954956,143.872528
3197,26.641667,14:47:35:28.02,-96.622017,302.187134,133.286102,-96.621689,309.062805,133.938049,-96.092796,304.391937,136.453522,-195.956665,335.313019,144.094040
3198,26.650000,14:47:35:28.03,-96.620155,302.187714,133.285889,-96.621574,309.063660,133.936646,-96.092072,304.392639,136.454086,-195.986526,335.667511,144.321579
3199,26.658333,14:47:35:29.00,-96.622276,302.187592,133.286179,-96.620766,309.062958,133.937546,-96.092377,304.393127,136.454544,-196.042343,336.015778,144.514145
3200,26.666667,14:47:35:29.01,-96.622063,302.187866,133.285675,-96.619835,309.062134,133.935471,-96.093575,304.393250,136.454178,-196.080048,336.354828,144.739990
3201,26.675000,14:47:35:29.02,-96.621552,302.188110,133.286026,-96.620766,309.062134,133.936234,-96.092430,304.392944,136.454773,-196.128204,336.692780,144.936188
3202,26.683333,14:47:35:29.03,-96.623383,302.187500,133.286667,-96.621429,309.062805,133.936050,-96.092041,304.392853,136.454575,-196.192261,337.034332,145.160431
3203,26.691667,14:47:36:00.00,-96.620476,302.187683,133.285980,-96.621422,309.062531,133.936935,-96.093529,304.391754,136.453217,-196.245956,337.377075,145.365158
3204,26.700000,14:47:36:00.01,-96.621521,302.187469,133.286789,-96.621002,309.062683,133.936890,-96.092560,304.392944,136.454041,-196.302536,337.721680,145.590744
3205,26.708333,14:47:36:00.02,-96.621773,302.186981,133.285660,-96.620895,309.063782,133.936981,-96.093033,304.393066,136.454529,-196.369080,338.078857,145.798553
3206,26.716667,14:47:36:00.03,-96.619209,302.187347,133.286346,-96.621246,309.063568,133.937134,-96.092773,304.393188,136.453171,-196.401520,338.403748,145.996490
3207,26.725000,14:47:36:01.00,-96.621635,302.187927,133.286285,-96.621780,309.063995,133.936081,-96.091621,304.392792,136.454193,-196.497482,338.755096,146.234619
3208,26.733333,14:47:36:01.01,-96.624336,302.187897,133.285782,-96.622551,309.063873,133.935791,-96.092323,304.394379,136.454605,-196.571381,339.059601,146.470383
3209,26.741667,14:47:36:01.02,-96.622726,302.187836,133.285736,-96.622711,309.062866,133.936722,-96.093819,304.393005,136.454254,-196.624115,339.377319,146.689743
3210,26.750000,14:47:36:01.03,-96.621429,302.186615,133.284958,-96.622002,309.062286,133.935989,-96.092613,304.393250,136.454239,-196.708801,339.689880,146.903809
3211,26.758333,14:47:36:02.00,-96.623352,302.188232,133.285538,-96.622459,309.063080,133.937531,-96.093163,304.392731,136.455078,-196.817474,340.009705,147.120911
3212,26.766667,14:47:36:02.01,-96.621422,302.186707,133.285873,-96.621170,309.063446,133.936554,-96.094208,304.392975,136.454849,-196.880600,340.348267,147.365646
3213,26.775000,14:47:36:02.02,-96.621857,302.188141,133.285080,-96.620506,309.063721,133.936539,-96.092918,304.393372,136.454193,-196.958572,340.650543,147.603256
3214,26.783333,14:47:36:02.03,-96.621971,302.187592,133.286133,-96.623070,309.063995,133.938202,-96.092430,304.393829,136.453659,-197.031479,340.953461,147.812378
3215,26.791667,14:47:36:03.00,-96.622177,302.186951,133.286316,-96.621628,309.063293,133.936218,-96.091118,304.393707,136.453796,-197.135696,341.263245,148.129364
3216,26.800000,14:47:36:03.01,-96.622307,302.187042,133.286041,-96.620667,309.063629,133.935959,-96.091576,304.393494,136.453934,-197.260544,341.549988,148.362854
3217,26.808333,14:47:36:03.02,-96.620232,302.187622,133.285446,-96.622643,309.063995,133.937210,-96.091393,304.392426,136.453629,-197.323380,341.890991,148.616592
3218,26.816667,14:47:36:03.03,-96.622032,302.188110,133.285400,-96.621880,309.062561,133.936447,-96.093033,304.393005,136.453766,-197.401886,342.185333,148.891510
3219,26.825000,14:47:36:04.00,-96.622208,302.188049,133.285675,-96.622208,309.062836,133.935730,-96.092590,304.391968,136.454453,-197.507919,342.426819,149.111145
3220,26.833333,14:47:36:04.01,-96.621925,302.187012,133.285980,-96.620392,309.061920,133.936218,-96.091896,304.391998,136.453384,-197.605515,342.693787,149.341873
3221,26.841667,14:47:36:04.02,-96.623390,302.187958,133.286133,-96.621284,309.063873,133.936203,-96.091309,304.392670,136.453979,-197.740555,342.947876,149.570877
3222,26.850000,14:47:36:04.03,-96.624008,302.187836,133.284988,-96.621727,309.064240,133.936264,-96.092003,304.392212,136.454178,-197.826416,343.255676,149.877502
3223,26.858333,14:47:36:05.00,-96.621727,302.187653,133.285599,-96.621284,309.064453,133.936691,-96.093193,304.393494,136.453705,-197.987411,343.422485,150.067062
3224,26.866667,14:47:36:05.01,-96.620667,302.187531,133.285004,-96.622795,309.063354,133.937378,-96.093765,304.391998,136.454269,-198.061646,343.758972,150.403778
3225,26.875000,14:47:36:05.02,-96.621712,302.187256,133.286255,-96.621155,309.064209,133.936005,-96.091309,304.391327,136.452988,-198.177689,344.028320,150.659164
3226,26.883333,14:47:36:05.03,-96.623940,302.187500,133.286285,-96.621910,309.063812,133.936890,-96.092438,304.392578,136.454468,-198.319077,344.196686,150.863358
3227,26.891667,14:47:36:06.00,-96.622498,302.187714,133.284805,-96.621109,309.063690,133.936813,-96.092209,304.392883,136.454361,-198.430588,344.480377,151.160507
3228,26.900000,14:47:36:06.01,-96.622177,302.187775,133.284729,-96.621567,309.063629,133.936768,-96.093254,304.393066,136.453415,-198.557373,344.714752,151.377274
3229,26.908333,14:47:36:06.02,-96.621216,302.187134,133.286026,-96.621880,309.063049,133.935410,-96.093285,304.392517,136.454605,-198.680267,344.893616,151.600632
3230,26.916667,14:47:36:06.03,-96.623001,302.186737,133.284576,-96.621628,309.063446,133.936630,-96.092026,304.392639,136.453415,-198.836884,345.080505,151.803986
3231,26.925000,14:47:36:07.00,-96.620758,302.186859,133.285370,-96.620750,309.063446,133.935867,-96.092697,304.392059,136.454559,-198.921432,345.331940,152.074677
3232,26.933333,14:47:36:07.01,-96.620956,302.186890,133.285431,-96.621468,309.063873,133.936874,-96.093697,304.392731,136.453720,-199.046280,345.551544,152.309692
3233,26.941667,14:47:36:07.02,-96.621910,302.187012,133.285721,-96.620850,309.063599,133.936417,-96.092567,304.392456,136.454666,-199.158371,345.787354,152.570099
3234,26.950000,14:47:36:07.03,-96.625298,302.187103,133.286469,-96.622375,309.063477,133.937027,-96.091843,304.392761,136.453247,-199.302490,345.931763,152.743561
3235,26.958333,14:47:36:08.00,-96.623352,302.186737,133.285004,-96.622452,309.063843,133.936874,-96.092110,304.392578,136.453705,-199.420319,346.185242,153.000458
3236,26.966667,14:47:36:08.01,-96.624550,302.187775,133.286392,-96.622353,309.064117,133.936920,-96.091911,304.393188,136.453079,-199.559753,346.317810,153.185226
3237,26.975000,14:47:36:08.02,-96.623344,302.186584,133.286545,-96.622734,309.063660,133.936707,-96.092430,304.393494,136.453751,-199.684616,346.556183,153.412079
3238,26.983333,14:47:36:08.03,-96.622475,302.187469,133.285141,-96.622581,309.063568,133.937134,-96.093803,304.392822,136.454254,-199.823898,346.707672,153.617279
3239,26.991667,14:47:36:09.00,-96.625092,302.187195,133.286362,-96.623047,309.063446,133.936279,-96.091248,304.391724,136.453476,-199.948257,346.907959,153.804153
3240,27.000000,14:47:36:09.01,-96.621468,302.186737,133.285187,-96.621849,309.063293,133.936539,-96.092445,304.392395,136.453735,-200.093704,347.048279,154.019287
3241,27.008333,14:47:36:09.02,-96.620361,302.186096,133.285751,-96.621376,309.063171,133.935532,-96.093002,304.392273,136.453873,-200.218842,347.247742,154.192215
3242,27.016667,14:47:36:09.03,-96.621857,302.188477,133.285828,-96.620682,309.062500,133.936523,-96.093628,304.392639,136.453827,-200.359650,347.367584,154.399719
3243,27.025000,14:47:36:10.00,-96.620834,302.187195,133.286255,-96.621460,309.062958,133.936569,-96.092918,304.391998,136.453918,-200.480133,347.572601,154.574066
3244,27.033333,14:47:36:10.01,-96.623459,302.188171,133.286301,-96.622513,309.062561,133.936630,-96.092262,304.392944,136.453369,-200.632721,347.658936,154.736481
3245,27.041667,14:47:36:10.02,-96.622948,302.188171,133.286255,-96.622063,309.062653,133.936234,-96.092316,304.392853,136.453308,-200.741760,347.888000,154.930069
3246,27.050000,14:47:36:10.03,-96.622505,302.188019,133.285370,-96.621468,309.062134,133.935791,-96.093025,304.392792,136.453232,-200.881577,347.981232,155.115753
3247,27.058333,14:47:36:11.00,-96.621300,302.188354,133.285706,-96.621147,309.062347,133.936005,-96.093384,304.392059,136.454361,-200.998093,348.150665,155.215347
3248,27.066667,14:47:36:11.01,-96.623085,302.187958,133.286087,-96.622169,309.061981,133.936768,-96.092964,304.392426,136.453690,-201.109909,348.281616,155.436172
3249,27.075000,14:47:36:11.02,-96.623596,302.187286,133.286179,-96.622673,309.062897,133.935852,-96.091652,304.392853,136.453064,-201.221771,348.416565,155.556198
3250,27.083333,14:47:36:11.03,-96.623337,302.187592,133.285461,-96.621765,309.063507,133.936340,-96.093719,304.393585,136.454468,-201.362488,348.539368,155.682587
3251,27.091667,14:47:36:12.00,-96.622543,302.187103,133.284790,-96.621834,309.063324,133.936005,-96.092621,304.392944,136.454803,-201.476974,348.638885,155.825455
3252,27.100000,14:47:36:12.01,-96.623756,302.187347,133.286224,-96.620880,309.062714,133.936554,-96.091621,304.391846,136.453094,-201.568863,348.830658,156.014084
3253,27.108333,14:47:36:12.02,-96.623459,302.187500,133.285324,-96.621880,309.063904,133.936539,-96.093925,304.392822,136.452744,-201.671127,348.937256,156.164307
3254,27.116667,14:47:36:12.03,-96.625671,302.188202,133.286530,-96.620438,309.062378,133.936707,-96.093658,304.392426,136.453934,-201.793808,349.000122,156.219971
3255,27.125000,14:47:36:13.00,-96.624550,302.187805,133.286255,-96.621368,309.063934,133.936539,-96.093224,304.392181,136.454285,-201.902039,349.149841,156.337128
3256,27.133333,14:47:36:13.01,-96.621468,302.187622,133.286346,-96.621483,309.063110,133.936111,-96.093452,304.392426,136.454178,-201.991913,349.276245,156.529449
3257,27.141667,14:47:36:13.02,-96.622780,302.187561,133.285858,-96.622314,309.062714,133.937164,-96.093140,304.393219,136.454666,-202.087311,349.350464,156.605927
3258,27.150000,14:47:36:13.03,-96.623528,302.187958,133.285706,-96.621735,309.063232,133.936584,-96.093452,304.393158,136.454636,-202.180237,349.518188,156.751083
3259,27.158333,14:47:36:14.00,-96.623276,302.186493,133.285980,-96.622192,309.063782,133.936295,-96.092125,304.392792,136.454605,-202.294891,349.581299,156.837280
3260,27.166667,14:47:36:14.01,-96.620567,302.187500,133.286255,-96.621452,309.063751,133.935791,-96.091011,304.392944,136.452759,-202.379562,349.646881,156.896713
3261,27.175000,14:47:36:14.02,-96.621315,302.186798,133.285110,-96.621468,309.063110,133.935349,-96.093704,304.393372,136.454773,-202.475922,349.792297,157.050964
3262,27.183333,14:47:36:14.03,-96.623337,302.186920,133.286469,-96.623184,309.064270,133.937134,-96.093056,304.393433,136.454193,-202.558060,349.895111,157.168030
3263,27.191667,14:47:36:15.00,-96.624611,302.188477,133.286819,-96.621964,309.062317,133.936844,-96.093430,304.393036,136.453842,-202.651566,349.945740,157.238556
3264,27.200000,14:47:36:15.01,-96.622856,302.188141,133.285629,-96.622231,309.063507,133.935959,-96.093163,304.393036,136.454285,-202.768036,350.005737,157.310898
3265,27.208333,14:47:36:15.02,-96.622055,302.186798,133.286011,-96.622040,309.063568,133.936829,-96.092316,304.392242,136.453934,-202.819229,350.154633,157.441620
3266,27.216667,14:47:36:15.03,-96.622536,302.187164,133.285583,-96.621811,309.063141,133.936783,-96.093979,304.393921,136.454697,-202.922028,350.231415,157.534744
3267,27.225000,14:47:36:16.00,-96.621765,302.188599,133.286545,-96.622307,309.063873,133.937073,-96.091866,304.393005,136.453735,-203.046509,350.244232,157.559128
3268,27.233333,14:47:36:16.01,-96.619156,302.187225,133.285843,-96.621506,309.063049,133.937683,-96.093056,304.393036,136.454315,-203.105499,350.328003,157.649155
3269,27.241667,14:47:36:16.02,-96.621796,302.188171,133.286224,-96.620697,309.063324,133.936752,-96.092171,304.393188,136.453781,-203.195877,350.434845,157.758636
3270,27.250000,14:47:36:16.03,-96.623360,302.187073,133.286804,-96.621483,309.064514,133.935837,-96.092415,304.392273,136.454208,-203.255981,350.521576,157.848938
3271,27.258333,14:47:36:17.00,-96.622841,302.186646,133.286041,-96.621429,309.062561,133.935059,-96.092812,304.393524,136.454315,-203.370453,350.557007,157.904526
3272,27.266667,14:47:36:17.01,-96.621330,302.187744,133.286102,-96.621658,309.064178,133.937134,-96.091560,304.393127,136.452896,-203.442902,350.586639,157.956314
3273,27.275000,14:47:36:17.02,-96.621445,302.188416,133.284729,-96.622040,309.063629,133.937256,-96.092995,304.393738,136.454056,-203.577286,350.604156,158.009186
3274,27.283333,14:47:36:17.03,-96.620895,302.187195,133.285736,-96.621643,309.063873,133.936859,-96.093079,304.393799,136.453369,-203.610229,350.699219,158.137283
3275,27.291667,14:47:36:18.00,-96.620499,302.187317,133.285782,-96.621178,309.063507,133.936447,-96.093079,304.392120,136.453598,-203.699677,350.759918,158.201843
3276,27.300000,14:47:36:18.01,-96.622314,302.188263,133.285934,-96.621895,309.063843,133.936157,-96.093697,304.392273,136.453415,-203.784012,350.808868,158.260269
3277,27.308333,14:47:36:18.02,-96.625107,302.188110,133.286606,-96.621826,309.063171,133.936264,-96.091797,304.392792,136.454468,-203.866104,350.832855,158.329681
3278,27.316667,14:47:36:18.03,-96.624878,302.187683,133.286621,-96.620316,309.063202,133.935593,-96.093300,304.394196,136.453125,-204.006271,350.799500,158.398529
3279,27.325000,14:47:36:19.00,-96.620903,302.188721,133.285004,-96.621475,309.063873,133.936279,-96.093697,304.393738,136.454071,-204.078125,350.798126,158.459778
3280,27.333333,14:47:36:19.01,-96.622192,302.187408,133.286530,-96.621994,309.064178,133.936554,-96.093262,304.393677,136.454529,-204.162262,350.815582,158.530746
3281,27.341667,14:47:36:19.02,-96.623184,302.187988,133.285706,-96.620758,309.063843,133.935410,-96.092194,304.394012,136.454742,-204.244705,350.810730,158.609192
3282,27.350000,14:47:36:19.03,-96.622505,302.188416,133.286423,-96.621170,309.063904,133.937164,-96.092789,304.394043,136.453552,-204.344757,350.816986,158.777573
3283,27.358333,14:47:36:20.00,-96.623505,302.188232,133.286728,-96.621590,309.064362,133.936737,-96.091690,304.392914,136.453415,-204.425079,350.806061,158.857925
3284,27.366667,14:47:36:20.01,-96.622581,302.187744,133.286469,-96.622986,309.063446,133.937149,-96.093079,304.393494,136.452896,-204.534119,350.783936,158.949432
3285,27.375000,14:47:36:20.02,-96.620895,302.186676,133.285812,-96.622849,309.064117,133.937531,-96.094284,304.393890,136.453873,-204.681152,350.721130,159.060547
3286,27.383333,14:47:36:20.03,-96.623375,302.187225,133.285538,-96.622025,309.064575,133.936844,-96.093361,304.393829,136.454437,-204.766006,350.693237,159.168045
3287,27.391667,14:47:36:21.00,-96.623062,302.189056,133.285706,-96.622643,309.063843,133.937119,-96.092911,304.393311,136.453766,-204.862335,350.691193,159.331482
3288,27.400000,14:47:36:21.01,-96.623535,302.188171,133.286087,-96.620689,309.063538,133.935913,-96.092285,304.392212,136.453766,-204.972672,350.646057,159.509262
3289,27.408333,14:47:36:21.02,-96.624359,302.188049,133.286285,-96.620415,309.063782,133.936554,-96.092850,304.392151,136.454117,-205.075287,350.593292,159.627884
3290,27.416667,14:47:36:21.03,-96.623245,302.186920,133.286560,-96.620544,309.063263,133.936874,-96.092949,304.393524,136.455261,-205.199127,350.551880,159.831833
3291,27.425000,14:47:36:22.00,-96.622963,302.188110,133.285110,-96.622299,309.064117,133.936783,-96.093559,304.393219,136.454742,-205.340225,350.479034,159.972672
3292,27.433333,14:47:36:22.01,-96.620369,302.188934,133.285812,-96.622322,309.063904,133.937424,-96.093407,304.393158,136.454178,-205.466431,350.382416,160.176010
3293,27.441667,14:47:36:22.02,-96.620781,302.187622,133.285904,-96.622131,309.062836,133.936020,-96.093269,304.393158,136.454056,-205.616257,350.232422,160.310913
3294,27.450000,14:47:36:22.03,-96.623703,302.187622,133.286911,-96.621330,309.063477,133.936493,-96.094086,304.393005,136.454086,-205.737564,350.127808,160.552200
3295,27.458333,14:47:36:23.00,-96.625992,302.188843,133.287476,-96.621010,309.063171,133.936584,-96.093040,304.392731,136.453949,-205.882233,350.028076,160.786575
3296,27.466667,14:47:36:23.01,-96.622734,302.187744,133.287460,-96.621864,309.063751,133.936646,-96.092201,304.392853,136.453690,-206.062561,349.893402,160.956985
3297,27.475000,14:47:36:23.02,-96.621933,302.188049,133.285278,-96.622971,309.063171,133.937302,-96.092865,304.393921,136.454697,-206.195694,349.744049,161.227280
3298,27.483333,14:47:36:23.03,-96.620407,302.187866,133.286316,-96.620049,309.062744,133.935471,-96.093140,304.393097,136.453430,-206.369736,349.544739,161.441040
3299,27.491667,14:47:36:24.00,-96.620789,302.187683,133.285919,-96.622223,309.062836,133.936798,-96.093750,304.393555,136.453735,-206.552933,349.382660,161.650162
3300,27.500000,14:47:36:24.01,-96.620987,302.187836,133.285568,-96.622719,309.064880,133.936554,-96.094124,304.393188,136.453751,-206.673508,349.258057,161.968918
3301,27.508333,14:47:36:24.02,-96.622696,302.188629,133.286072,-96.623123,309.064453,133.936722,-96.093239,304.393951,136.454849,-206.866760,349.020538,162.230499
3302,27.516667,14:47:36:24.03,-96.623985,302.188904,133.287048,-96.621521,309.063232,133.937149,-96.093071,304.394897,136.454834,-207.018326,348.892120,162.546127
3303,27.525000,14:47:36:25.00,-96.622993,302.188446,133.286591,-96.621002,309.064850,133.936707,-96.093018,304.393921,136.454330,-207.237122,348.625397,162.788132
3304,27.533333,14:47:36:25.01,-96.623688,302.189026,133.285324,-96.621742,309.063446,133.937134,-96.093102,304.394409,136.454788,-207.400269,348.439270,163.084991
3305,27.541667,14:47:36:25.02,-96.621445,302.187958,133.285934,-96.621223,309.063446,133.937622,-96.093407,304.394196,136.454544,-207.601212,348.211945,163.344086
3306,27.550000,14:47:36:25.03,-96.622398,302.188049,133.286667,-96.619972,309.063385,133.936371,-96.093575,304.393158,136.454178,-207.792923,347.970459,163.679703
3307,27.558333,14:47:36:26.00,-96.621704,302.188110,133.285843,-96.621651,309.063202,133.937469,-96.093628,304.392578,136.454254,-208.012299,347.735596,163.965195
3308,27.566667,14:47:36:26.01,-96.623360,302.189178,133.286316,-96.621750,309.063995,133.937134,-96.093796,304.393402,136.454269,-208.194641,347.484131,164.318649
3309,27.575000,14:47:36:26.02,-96.627014,302.186951,133.286469,-96.622223,309.063354,133.936523,-96.094009,304.393494,136.454468,-208.426208,347.235229,164.612549
3310,27.583333,14:47:36:26.03,-96.622971,302.187775,133.285858,-96.621109,309.064209,133.937256,-96.092781,304.392456,136.453949,-208.660675,346.929230,164.906235
3311,27.591667,14:47:36:27.00,-96.621475,302.188477,133.285645,-96.620789,309.062744,133.936081,-96.093163,304.392395,136.454651,-208.911850,346.646881,165.209946
3312,27.600000,14:47:36:27.01,-96.621635,302.187622,133.286026,-96.621109,309.063080,133.938080,-96.093300,304.393524,136.454010,-209.088593,346.416870,165.579407
3313,27.608333,14:47:36:27.02,-96.621475,302.187256,133.286346,-96.620750,309.063080,133.936615,-96.092842,304.393372,136.453598,-209.317734,346.088348,165.870819
3314,27.616667,14:47:36:27.03,-96.622543,302.187836,133.286057,-96.621490,309.063721,133.936371,-96.091911,304.392517,136.453934,-209.544876,345.842560,166.195648
3315,27.625000,14:47:36:28.00,-96.620903,302.187988,133.285004,-96.620903,309.063995,133.936005,-96.091934,304.393066,136.453873,-209.811661,345.478302,166.481735
3316,27.633333,14:47:36:28.01,-96.620224,302.189026,133.287170,-96.621613,309.064575,133.937103,-96.092033,304.393066,136.454071,-210.050583,345.140503,166.791565
3317,27.641667,14:47:36:28.02,-96.623131,302.188721,133.286957,-96.621696,309.064240,133.936996,-96.091805,304.392731,136.453659,-210.271927,344.868958,167.108200
3318,27.650000,14:47:36:28.03,-96.624664,302.187408,133.286316,-96.621094,309.063843,133.936569,-96.092552,304.393921,136.453674,-210.537537,344.483978,167.410172
3319,27.658333,14:47:36:29.00,-96.623161,302.187500,133.285599,-96.621849,309.064545,133.938126,-96.093025,304.393555,136.453568,-210.805252,344.096375,167.716309
3320,27.666667,14:47:36:29.01,-96.624008,302.188721,133.285599,-96.621498,309.062317,133.935806,-96.092560,304.394257,136.454895,-211.044144,343.769196,168.034882
3321,27.675000,14:47:36:29.02,-96.622559,302.189026,133.287125,-96.621368,309.063416,133.937057,-96.092293,304.393066,136.454346,-211.310669,343.391815,168.322678
3322,27.683333,14:47:36:29.03,-96.621849,302.187958,133.286255,-96.621048,309.063660,133.937210,-96.092361,304.393311,136.452957,-211.583755,342.996033,168.608200
3323,27.691667,14:47:37:00.00,-96.623108,302.186798,133.285629,-96.624039,309.063843,133.936996,-96.092766,304.393127,136.454453,-211.880447,342.558685,168.888428
3324,27.700000,14:47:37:00.01,-96.623520,302.187592,133.285065,-96.622978,309.063599,133.937256,-96.093010,304.393311,136.454285,-212.098770,342.200928,169.186584
3325,27.708333,14:47:37:00.02,-96.622261,302.188141,133.286606,-96.620720,309.063354,133.936081,-96.092743,304.393829,136.454346,-212.395813,341.765900,169.417557
3326,27.716667,14:47:37:00.03,-96.620804,302.188049,133.285522,-96.621933,309.062256,133.936768,-96.093628,304.393494,136.453354,-212.671875,341.357147,169.659119
3327,27.725000,14:47:37:01.00,-96.620438,302.188080,133.285828,-96.621933,309.063721,133.936218,-96.087547,304.397217,136.453873,-212.945587,340.937958,169.932037
3328,27.733333,14:47:37:01.01,-96.620171,302.188690,133.285690,-96.621323,309.063782,133.936447,-96.092918,304.394135,136.453659,-213.222473,340.493530,170.170776
3329,27.741667,14:47:37:01.02,-96.621307,302.188110,133.285492,-96.620224,309.062561,133.935730,-96.092918,304.391388,136.453110,-213.476776,340.058624,170.437271
3330,27.750000,14:47:37:01.03,-96.620750,302.188965,133.285599,-96.621887,309.063049,133.936493,-96.092361,304.393097,136.452805,-213.747742,339.640442,170.674561
3331,27.758333,14:47:37:02.00,-96.619965,302.188629,133.286499,-96.621605,309.063110,133.936981,-96.091637,304.393433,136.453720,-214.060303,339.170349,170.911545
3332,27.766667,14:47:37:02.01,-96.620895,302.188721,133.285416,-96.621582,309.063934,133.936691,-96.093002,304.394135,136.454453,-214.332535,338.702515,171.156006
3333,27.775000,14:47:37:02.02,-96.620361,302.188110,133.285080,-96.621162,309.063629,133.936127,-96.093193,304.392731,136.453308,-214.569351,338.240387,171.390671
3334,27.783333,14:47:37:02.03,-96.622879,302.188873,133.285583,-96.621658,309.064056,133.937103,-96.092133,304.393829,136.454193,-214.902618,337.784088,171.661957
3335,27.791667,14:47:37:03.00,-96.625046,302.188843,133.286179,-96.621078,309.064270,133.936707,-96.092812,304.392303,136.453918,-215.197540,337.323578,171.888489
3336,27.800000,14:47:37:03.01,-96.620766,302.188110,133.285309,-96.620903,309.065094,133.936722,-96.093582,304.393433,136.453522,-215.442566,336.859070,172.104202
3337,27.808333,14:47:37:03.02,-96.619408,302.187744,133.285751,-96.619919,309.058990,133.935837,-96.093658,304.393219,136.453156,-215.748428,336.376129,172.367935
3338,27.816667,14:47:37:03.03,-96.618767,302.188385,133.285706,-96.623283,309.055878,133.931808,-96.092567,304.395233,136.453491,-216.034790,335.921478,172.563141
3339,27.825000,14:47:37:04.00,-96.616806,302.188934,133.285217,-96.624702,309.064087,133.933029,-96.091072,304.391846,136.452789,-216.297363,335.447296,172.789352
3340,27.833333,14:47:37:04.01,-96.617546,302.188324,133.285812,-96.605698,309.070984,133.965637,-96.093704,304.393738,136.453979,-216.585495,334.969757,173.003082
3341,27.841667,14:47:37:04.02,-96.617958,302.186615,133.283813,-96.599289,309.077606,133.973984,-96.091721,304.392914,136.453186,-216.897156,334.476898,173.168747
3342,27.850000,14:47:37:04.03,-96.619774,302.189301,133.287018,-96.605591,309.087616,133.961716,-96.093002,304.393707,136.453186,-217.172592,333.982300,173.388351
3343,27.858333,14:47:37:05.00,-96.612427,302.208679,133.297791,-96.607933,309.086700,133.959076,-96.092903,304.393921,136.454651,-217.444916,333.500519,173.616394
3344,27.866667,14:47:37:05.01,-96.600136,302.176758,133.298553,-96.608292,309.086029,133.959518,-96.093231,304.393158,136.453827,-217.728302,333.013184,173.771927
3345,27.875000,14:47:37:05.02,-96.596581,302.177216,133.303085,-96.609154,309.083618,133.958511,-96.092560,304.393311,136.453918,-218.007401,332.498688,173.996353
3346,27.883333,14:47:37:05.03,-96.620651,302.174255,133.284027,-96.619682,309.091461,133.956268,-96.093933,304.391113,136.451828,-218.288925,332.002960,174.180252
3347,27.891667,14:47:37:06.00,-96.624603,302.169312,133.279938,-96.605255,309.101105,133.977432,-96.094780,304.389587,136.450729,-218.535965,331.530396,174.357971
3348,27.900000,14:47:37:06.01,-96.627808,302.169617,133.279022,-96.601578,309.109192,133.987457,-96.095695,304.389526,136.450058,-218.839615,330.989594,174.549805
3349,27.908333,14:47:37:06.02,-96.621788,302.170807,133.281296,-96.611572,309.078491,133.953751,-96.098969,304.383026,136.443481,-219.105270,330.500854,174.767197
3350,27.916667,14:47:37:06.03,-96.619118,302.173340,133.282852,-96.621902,309.065491,133.939224,-96.101280,304.378021,136.442184,-219.361908,330.010620,174.941422
3351,27.925000,14:47:37:07.00,-96.619568,302.171173,133.281525,-96.622169,309.048309,133.937698,-96.096870,304.385529,136.447693,-219.639404,329.483948,175.110947
3352,27.933333,14:47:37:07.01,-96.621964,302.172211,133.281708,-96.625763,309.052551,133.929184,-96.096115,304.394653,136.452850,-219.902390,328.979340,175.299377
3353,27.941667,14:47:37:07.02,-96.620354,302.172913,133.281174,-96.634743,309.065155,133.930466,-96.092575,304.393677,136.451813,-220.171600,328.452789,175.462265
3354,27.950000,14:47:37:07.03,-96.618713,302.174988,133.279785,-96.628365,309.063873,133.934402,-96.092087,304.395996,136.453766,-220.391983,327.988159,175.615173
3355,27.958333,14:47:37:08.00,-96.616760,302.173981,133.280533,-96.625626,309.064697,133.934814,-96.095299,304.390015,136.448639,-220.671509,327.468994,175.807785
3356,27.966667,14:47:37:08.01,-96.617188,302.177582,133.280869,-96.624443,309.063293,133.935532,-96.094177,304.391327,136.452927,-220.922165,326.977509,175.935120
3357,27.975000,14:47:37:08.02,-96.594704,302.199310,133.302917,-96.626266,309.064362,133.936234,-96.091362,304.393402,136.455109,-221.162796,326.483978,176.088638
3358,27.983333,14:47:37:08.03,-96.585938,302.185516,133.297424,-96.627701,309.063782,133.936401,-96.091782,304.394684,136.453705,-221.382874,326.005463,176.178329
3359,27.991667,14:47:37:09.00,-96.619385,302.170929,133.269928,-96.625809,309.062531,133.935440,-96.092606,304.394379,136.452652,-221.617538,325.498322,176.321777
3360,28.000000,14:47:37:09.01,-96.619507,302.176056,133.274384,-96.626488,309.063873,133.934860,-96.092979,304.394165,136.453110,-221.852417,325.038422,176.427414
3361,28.008333,14:47:37:09.02,-96.615311,302.189484,133.282684,-96.627022,309.063934,133.936295,-96.093407,304.393555,136.452698,-222.072647,324.554077,176.507690
3362,28.016667,14:47:37:09.03,-96.613220,302.191315,133.282654,-96.626541,309.063110,133.935471,-96.092628,304.394684,136.452454,-222.309067,324.040192,176.600800
3363,28.025000,14:47:37:10.00,-96.613884,302.191437,133.284012,-96.625458,309.063995,133.936829,-96.091179,304.393921,136.453445,-222.507401,323.590363,176.681381
3364,28.033333,14:47:37:10.01,-96.613762,302.191345,133.283920,-96.625725,309.063721,133.937042,-96.093903,304.394348,136.453262,-222.684769,323.125641,176.720673
3365,28.041667,14:47:37:10.02,-96.612236,302.190063,133.283234,-96.626724,309.063873,133.936676,-96.094650,304.394043,136.454285,-222.938828,322.614777,176.781097
3366,28.050000,14:47:37:10.03,-96.611832,302.190796,133.284409,-96.626160,309.063568,133.937256,-96.093361,304.393890,136.455276,-223.117905,322.135223,176.837158
3367,28.058333,14:47:37:11.00,-96.613708,302.191162,133.284927,-96.625313,309.063782,133.937836,-96.093300,304.394684,136.453018,-223.302002,321.673737,176.893799
3368,28.066667,14:47:37:11.01,-96.616081,302.189484,133.284729,-96.625000,309.063873,133.938004,-96.093170,304.393616,136.453979,-223.495987,321.208618,176.964722
3369,28.075000,14:47:37:11.02,-96.616302,302.189575,133.283798,-96.625061,309.063080,133.938187,-96.092606,304.392487,136.453522,-223.681778,320.735992,177.044693
3370,28.083333,14:47:37:11.03,-96.617249,302.188629,133.283798,-96.624519,309.063080,133.936813,-96.094772,304.393158,136.453598,-223.839142,320.266022,177.121033
3371,28.091667,14:47:37:12.00,-96.619240,302.188965,133.284302,-96.624924,309.063904,133.938080,-96.093491,304.392334,136.454636,-224.028900,319.795441,177.155289
3372,28.100000,14:47:37:12.01,-96.620514,302.188263,133.285019,-96.623772,309.063629,133.938232,-96.092728,304.393311,136.454651,-224.201233,319.333221,177.176636
3373,28.108333,14:47:37:12.02,-96.621780,302.188812,133.285141,-96.624443,309.063080,133.937134,-96.092728,304.393280,136.453827,-224.388550,318.865906,177.222794
3374,28.116667,14:47:37:12.03,-96.620605,302.187408,133.285461,-96.623611,309.063354,133.937271,-96.092941,304.393707,136.454987,-224.527023,318.420776,177.285965
3375,28.125000,14:47:37:13.00,-96.619537,302.187195,133.285660,-96.624847,309.063568,133.936615,-96.092590,304.393127,136.453598,-224.680847,317.960358,177.322632
3376,28.133333,14:47:37:13.01,-96.619797,302.187103,133.285278,-96.622734,309.062622,133.936066,-96.091629,304.392120,136.452866,-224.848846,317.500061,177.337906
3377,28.141667,14:47:37:13.02,-96.619514,302.188477,133.285370,-96.622383,309.062653,133.936768,-96.091995,304.392487,136.453705,-224.968201,317.082458,177.365326
3378,28.150000,14:47:37:13.03,-96.621475,302.188141,133.285263,-96.622513,309.063965,133.937851,-96.091911,304.392639,136.453384,-225.171448,316.622772,177.370255
3379,28.158333,14:47:37:14.00,-96.623444,302.187073,133.285095,-96.622017,309.064209,133.936310,-96.091461,304.393616,136.453476,-225.255280,316.209900,177.404541
3380,28.166667,14:47:37:14.01,-96.622070,302.188110,133.285263,-96.620590,309.062866,133.937271,-96.092094,304.393005,136.452896,-225.434784,315.755035,177.431229
3381,28.175000,14:47:37:14.02,-96.623352,302.187378,133.285400,-96.621849,309.063477,133.936005,-96.092239,304.393097,136.453888,-225.564987,315.331238,177.489166
3382,28.183333,14:47:37:14.03,-96.623322,302.186981,133.285187,-96.622902,309.062469,133.936142,-96.092262,304.392120,136.453766,-225.710266,314.892426,177.491074
3383,28.191667,14:47:37:15.00,-96.620247,302.186890,133.285080,-96.622643,309.062653,133.935852,-96.093056,304.391785,136.452759,-225.830078,314.483215,177.519012
3384,28.200000,14:47:37:15.01,-96.620544,302.187622,133.286438,-96.621613,309.063049,133.936264,-96.094261,304.392120,136.453537,-225.964493,314.070374,177.510803
3385,28.208333,14:47:37:15.02,-96.622559,302.187775,133.285599,-96.620628,309.064056,133.936005,-96.093491,304.392090,136.452972,-226.112183,313.688110,177.529388
3386,28.216667,14:47:37:15.03,-96.620087,302.187561,133.285004,-96.619049,309.063751,133.936661,-96.093445,304.392822,136.454041,-226.254700,313.299591,177.499161
3387,28.225000,14:47:37:16.00,-96.620972,302.186676,133.285156,-96.620918,309.064087,133.936813,-96.094337,304.393280,136.454803,-226.386841,312.900146,177.501938
3388,28.233333,14:47:37:16.01,-96.622002,302.187317,133.286163,-96.622505,309.062286,133.937012,-96.093628,304.392242,136.454453,-226.497345,312.497803,177.474945
3389,28.241667,14:47:37:16.02,-96.621689,302.187073,133.286926,-96.619736,309.062378,133.935089,-96.092079,304.392395,136.453857,-226.628922,312.091553,177.488113
3390,28.250000,14:47:37:16.03,-96.621719,302.187836,133.285019,-96.620522,309.062256,133.936478,-96.092514,304.392792,136.453766,-226.738739,311.707977,177.471298
3391,28.258333,14:47:37:17.00,-96.622124,302.188202,133.285400,-96.621056,309.063782,133.936661,-96.091125,304.391632,136.453278,-226.893188,311.345490,177.477966
3392,28.266667,14:47:37:17.01,-96.622208,302.187683,133.284729,-96.622200,309.064758,133.936340,-96.093460,304.392914,136.454712,-227.001434,310.998230,177.480560
3393,28.275000,14:47:37:17.02,-96.618965,302.187347,133.283859,-96.621391,309.062744,133.936127,-96.092537,304.392548,136.453827,-227.120346,310.609497,177.510361
3394,28.283333,14:47:37:17.03,-96.620285,302.187744,133.284821,-96.620445,309.063080,133.935898,-96.091553,304.393585,136.453033,-227.229782,310.226196,177.504105
3395,28.291667,14:47:37:18.00,-96.621277,302.187256,133.285904,-96.619598,309.062805,133.935806,-96.092117,304.393372,136.453369,-227.353455,309.859131,177.529984
3396,28.300000,14:47:37:18.01,-96.622147,302.187195,133.285873,-96.620956,309.062836,133.935516,-96.090958,304.392639,136.452606,-227.467682,309.521912,177.526566
3397,28.308333,14:47:37:18.02,-96.620766,302.187622,133.285172,-96.620628,309.062500,133.936172,-96.092369,304.392426,136.453445,-227.584671,309.176025,177.554703
3398,28.316667,14:47:37:18.03,-96.619812,302.187225,133.285645,-96.621872,309.064606,133.936340,-96.092491,304.391663,136.453613,-227.682373,308.807129,177.578003
3399,28.325000,14:47:37:19.00,-96.617386,302.187042,133.285172,-96.621231,309.063049,133.935303,-96.091484,304.392395,136.452133,-227.775101,308.450165,177.587814
3400,28.333333,14:47:37:19.01,-96.619446,302.187958,133.285004,-96.622154,309.062714,133.936752,-96.092644,304.392731,136.454605,-227.876633,308.158691,177.607956
3401,28.341667,14:47:37:19.02,-96.618881,302.188110,133.285828,-96.620720,309.064270,133.936798,-96.092087,304.392334,136.454041,-227.964539,307.821442,177.645660
3402,28.350000,14:47:37:19.03,-96.620377,302.186859,133.285522,-96.621201,309.064270,133.936676,-96.092422,304.393066,136.453766,-228.047485,307.475739,177.697815
3403,28.358333,14:47:37:20.00,-96.619720,302.187836,133.284714,-96.619873,309.063507,133.936020,-96.092102,304.393616,136.455231,-228.141373,307.171753,177.750046
3404,28.366667,14:47:37:20.01,-96.621513,302.186646,133.285858,-96.620468,309.064209,133.936966,-96.093193,304.392365,136.453339,-228.230240,306.868347,177.799362
3405,28.375000,14:47:37:20.02,-96.620979,302.187256,133.285706,-96.620102,309.064331,133.937469,-96.093246,304.393036,136.454376,-228.308075,306.527679,177.824844
3406,28.383333,14:47:37:20.03,-96.622452,302.187836,133.285202,-96.620590,309.064087,133.936768,-96.090485,304.392487,136.453400,-228.395172,306.260773,177.823334
3407,28.391667,14:47:37:21.00,-96.618889,302.187164,133.285004,-96.620979,309.062347,133.935791,-96.093033,304.392883,136.454926,-228.493286,305.980530,177.844604
3408,28.400000,14:47:37:21.01,-96.620491,302.186676,133.286697,-96.622055,309.062225,133.937073,-96.093460,304.392487,136.453094,-228.499176,305.645233,177.882660
3409,28.408333,14:47:37:21.02,-96.622292,302.188049,133.285553,-96.621933,309.064056,133.936874,-96.091194,304.392456,136.453583,-228.628586,305.424896,177.919189
3410,28.416667,14:47:37:21.03,-96.621399,302.187164,133.285477,-96.622032,309.062531,133.936920,-96.092392,304.393250,136.454193,-228.673172,305.112091,177.948273
3411,28.425000,14:47:37:22.00,-96.620155,302.186554,133.283920,-96.623093,309.063019,133.935806,-96.093864,304.393188,136.452820,-228.759628,304.853485,177.985031
3412,28.433333,14:47:37:22.01,-96.618828,302.186981,133.285141,-96.623550,309.062561,133.936996,-96.092667,304.392487,136.453323,-228.806335,304.588684,178.000565
3413,28.441667,14:47:37:22.02,-96.620293,302.188232,133.284485,-96.621666,309.063446,133.937851,-96.093819,304.392548,136.454895,-228.741669,304.306915,178.034286
3414,28.450000,14:47:37:22.03,-96.619461,302.188354,133.284683,-96.620354,309.063751,133.937134,-96.092918,304.392181,136.453918,-229.005295,304.098022,178.069351
3415,28.458333,14:47:37:23.00,-96.618965,302.187836,133.285217,-96.619675,309.063904,133.936234,-96.093575,304.392639,136.453659,-228.951141,303.812500,178.115265
3416,28.466667,14:47:37:23.01,-96.617958,302.186981,133.285095,-96.620583,309.063995,133.936203,-96.092255,304.393036,136.454208,-229.013535,303.629059,178.113266
3417,28.475000,14:47:37:23.02,-96.618225,302.187897,133.285141,-96.620613,309.063324,133.936829,-96.092316,304.391846,136.452805,-229.059738,303.342468,178.176636
3418,28.483333,14:47:37:23.03,-96.616714,302.188385,133.284576,-96.620384,309.063110,133.935532,-96.092239,304.393677,136.453491,-229.224609,303.173218,178.199081
3419,28.491667,14:47:37:24.00,-96.618828,302.186951,133.285782,-96.620140,309.063721,133.936966,-96.092598,304.392456,136.453644,-229.144333,302.885284,178.265701
3420,28.500000,14:47:37:24.01,-96.618546,302.186127,133.284775,-96.620117,309.062744,133.937439,-96.091858,304.392944,136.454041,-229.287201,302.725616,178.307587
3421,28.508333,14:47:37:24.02,-96.616272,302.186371,133.284546,-96.619156,309.063873,133.936340,-96.090584,304.392609,136.453293,-229.248184,302.466858,178.373154
3422,28.516667,14:47:37:24.03,-96.615845,302.187744,133.284027,-96.620163,309.061890,133.936554,-96.092041,304.393158,136.454102,-229.335953,302.295288,178.408646
3423,28.525000,14:47:37:25.00,-96.616585,302.188049,133.285889,-96.621361,309.063446,133.937775,-96.093132,304.393158,136.455063,-229.342957,302.073700,178.432571
3424,28.533333,14:47:37:25.01,-96.617439,302.188263,133.286041,-96.620544,309.063293,133.936554,-96.091652,304.392273,136.452911,-229.345032,301.895203,178.462982
3425,28.541667,14:47:37:25.02,-96.617577,302.187347,133.284332,-96.620796,309.063141,133.936813,-96.091461,304.392181,136.453156,-229.471207,301.732025,178.460663
3426,28.550000,14:47:37:25.03,-96.618469,302.186859,133.285080,-96.619736,309.063782,133.937103,-96.092308,304.391449,136.453812,-229.371811,301.510559,178.494827
3427,28.558333,14:47:37:26.00,-96.621773,302.187744,133.285294,-96.620087,309.062897,133.936722,-96.090515,304.392120,136.453735,-229.518539,301.382690,178.496216
3428,28.566667,14:47:37:26.01,-96.621933,302.186676,133.285172,-96.619240,309.063019,133.936584,-96.091675,304.392517,136.452835,-229.486771,301.208466,178.505463
3429,28.575000,14:47:37:26.02,-96.617332,302.188019,133.285416,-96.618774,309.062561,133.936768,-96.091034,304.392395,136.453262,-229.440887,301.027222,178.534882
3430,28.583333,14:47:37:26.03,-96.617905,302.187653,133.284500,-96.619324,309.063751,133.935822,-96.090935,304.391541,136.452637,-229.598495,300.912628,178.514999
3431,28.591667,14:47:37:27.00,-96.619850,302.186646,133.285019,-96.619705,309.062775,133.935364,-96.085968,304.396973,136.453598,-229.580444,300.769196,178.514526
3432,28.600000,14:47:37:27.01,-96.619850,302.188080,133.285767,-96.619705,309.062622,133.935364,-96.089935,304.393280,136.452621,-229.502899,300.599304,178.527908
3433,28.608333,14:47:37:27.02,-96.616508,302.187531,133.283463,-96.621017,309.064209,133.936615,-96.091362,304.392853,136.453934,-229.608078,300.505493,178.499130
3434,28.616667,14:47:37:27.03,-96.618042,302.187073,133.285339,-96.620346,309.062500,133.935898,-96.091736,304.391327,136.452499,-229.709839,300.419983,178.469666
3435,28.625000,14:47:37:28.00,-96.618118,302.187988,133.285324,-96.620392,309.062805,133.937225,-96.085182,304.395813,136.452454,-229.633514,300.284485,178.458221
3436,28.633333,14:47:37:28.01,-96.619804,302.187805,133.285461,-96.620605,309.063324,133.934738,-96.090393,304.393646,136.454041,-229.623993,300.156158,178.454239
3437,28.641667,14:47:37:28.02,-96.618263,302.187408,133.284302,-96.619812,309.063568,133.935471,-96.092453,304.391571,136.453766,-229.679062,300.085266,178.428360
3438,28.650000,14:47:37:28.03,-96.618034,302.187134,133.284668,-96.619774,309.063385,133.936157,-96.091827,304.393311,136.454208,-229.761093,300.021149,178.403290
3439,28.658333,14:47:37:29.00,-96.617393,302.188049,133.285767,-96.621239,309.063782,133.936142,-96.091141,304.391785,136.453491,-229.825089,299.965393,178.372955
3440,28.666667,14:47:37:29.01,-96.618530,302.187286,133.285385,-96.621155,309.063751,133.936722,-96.091805,304.393066,136.454269,-229.846649,299.902374,178.354019
3441,28.675000,14:47:37:29.02,-96.617653,302.187500,133.285156,-96.620567,309.062469,133.936829,-96.093163,304.392395,136.454041,-229.877426,299.834930,178.333344
3442,28.683333,14:47:37:29.03,-96.619713,302.186646,133.284866,-96.621429,309.063904,133.937042,-96.092796,304.392395,136.453278,-229.889893,299.782471,178.306274
3443,28.691667,14:47:38:00.00,-96.620529,302.186859,133.284149,-96.620796,309.062714,133.936722,-96.092567,304.391968,136.453583,-229.906982,299.741638,178.281754
3444,28.700000,14:47:38:00.01,-96.617386,302.186676,133.284348,-96.622375,309.062683,133.936493,-96.092316,304.391876,136.454193,-229.953003,299.726898,178.254730
3445,28.708333,14:47:38:00.02,-96.619240,302.187775,133.287186,-96.619667,309.062469,133.936584,-96.091721,304.392365,136.455231,-230.024216,299.727112,178.226349
3446,28.716667,14:47:38:00.03,-96.619781,302.187958,133.285599,-96.619759,309.063599,133.937256,-96.092232,304.392944,136.453979,-230.103394,299.739532,178.194733
3447,28.725000,14:47:38:01.00,-96.620575,302.186890,133.285492,-96.620667,309.063141,133.936783,-96.092422,304.392456,136.453018,-230.174561,299.769867,178.128815
3448,28.733333,14:47:38:01.01,-96.621857,302.186157,133.284851,-96.621552,309.063110,133.936584,-96.091072,304.392975,136.453369,-230.196411,299.799713,178.091949
3449,28.741667,14:47:38:01.02,-96.620872,302.186188,133.283432,-96.619812,309.063354,133.936554,-96.092224,304.393066,136.453751,-230.249374,299.827972,178.062286
3450,28.750000,14:47:38:01.03,-96.621689,302.186951,133.285126,-96.620125,309.062653,133.936203,-96.093765,304.392853,136.453308,-230.284119,299.860413,178.042099
3451,28.758333,14:47:38:02.00,-96.620567,302.187042,133.285767,-96.620270,309.062286,133.936554,-96.093040,304.391205,136.453217,-230.332260,299.899719,178.016525
3452,28.766667,14:47:38:02.01,-96.622490,302.187042,133.284607,-96.621910,309.062256,133.936234,-96.091034,304.391113,136.453003,-230.399673,299.962402,177.996704
3453,28.775000,14:47:38:02.02,-96.623543,302.185760,133.285278,-96.622231,309.062134,133.935257,-96.093658,304.392700,136.453247,-230.741928,300.102081,177.945007
3454,28.783333,14:47:38:02.03,-96.623718,302.185211,133.284134,-96.622475,309.061340,133.936035,-96.091476,304.392426,136.454147,-230.792160,300.173798,177.920105
3455,28.791667,14:47:38:03.00,-96.624390,302.185150,133.284729,-96.622620,309.062958,133.935776,-96.092339,304.391998,136.453613,-230.801804,300.232971,177.913162
3456,28.800000,14:47:38:03.01,-96.625992,302.185944,133.285110,-96.622597,309.062775,133.936447,-96.092674,304.391296,136.454163,-230.925400,300.363403,177.876434
3457,28.808333,14:47:38:03.02,-96.623650,302.185822,133.285309,-96.623154,309.061859,133.935394,-96.092476,304.391144,136.453629,-231.085449,300.515594,177.844604
3458,28.816667,14:47:38:03.03,-96.623390,302.185883,133.285416,-96.622124,309.062805,133.936325,-96.093224,304.391602,136.453232,-231.076981,300.604156,177.828720
3459,28.825000,14:47:38:04.00,-96.622910,302.186279,133.284927,-96.622757,309.061096,133.936203,-96.093956,304.391815,136.454895,-231.284744,300.788422,177.775436
3460,28.833333,14:47:38:04.01,-96.624199,302.186432,133.286102,-96.622162,309.062134,133.936844,-96.093750,304.391724,136.454193,-231.360870,300.919952,177.747452
3461,28.841667,14:47:38:04.02,-96.622498,302.186218,133.285233,-96.623344,309.061523,133.936966,-96.093903,304.391266,136.454315,-231.397964,301.068268,177.723572
3462,28.850000,14:47:38:04.03,-96.624275,302.186584,133.285141,-96.622292,309.063171,133.935471,-96.092766,304.391632,136.453766,-231.592468,301.273651,177.669037
3463,28.858333,14:47:38:05.00,-96.621117,302.186523,133.284729,-96.620766,309.062683,133.935577,-96.093346,304.393066,136.453690,-231.615952,301.410309,177.655823
3464,28.866667,14:47:38:05.01,-96.620415,302.187164,133.284897,-96.620331,309.062073,133.934326,-96.093475,304.392303,136.453354,-231.837769,301.643799,177.603058
3465,28.875000,14:47:38:05.02,-96.620049,302.187775,133.285904,-96.621651,309.062561,133.936234,-96.093933,304.390991,136.453796,-231.869202,301.816071,177.572556
3466,28.883333,14:47:38:05.03,-96.623871,302.186218,133.286179,-96.621666,309.062531,133.935516,-96.093689,304.392242,136.453415,-232.074707,302.037689,177.519501
3467,28.891667,14:47:38:06.00,-96.623917,302.186157,133.286377,-96.621994,309.061584,133.935959,-96.093315,304.392120,136.453979,-232.190155,302.261108,177.481705
3468,28.900000,14:47:38:06.01,-96.621147,302.186859,133.284973,-96.620110,309.062195,133.935211,-96.091934,304.391876,136.453003,-232.252090,302.463318,177.462418
3469,28.908333,14:47:38:06.02,-96.620438,302.188416,133.286011,-96.621292,309.062012,133.936157,-96.093811,304.391846,136.453674,-232.499008,302.734131,177.393616
3470,28.916667,14:47:38:06.03,-96.623924,302.186829,133.285385,-96.622498,309.064026,133.936920,-96.092789,304.392395,136.453537,-232.487839,302.935791,177.379944
3471,28.925000,14:47:38:07.00,-96.621849,302.186310,133.285492,-96.622276,309.062622,133.935959,-96.090897,304.392639,136.453308,-232.672150,303.195496,177.333496
3472,28.933333,14:47:38:07.01,-96.621063,302.185883,133.283752,-96.622437,309.062103,133.936615,-96.092186,304.392426,136.452652,-232.827667,303.475922,177.292496
3473,28.941667,14:47:38:07.02,-96.619904,302.187500,133.285492,-96.621910,309.062531,133.936722,-96.092911,304.391968,136.453308,-232.843750,303.691467,177.277069
3474,28.950000,14:47:38:07.03,-96.622704,302.187256,133.285904,-96.620842,309.063324,133.937256,-96.092506,304.392365,136.453125,-233.020477,303.988892,177.231293
3475,28.958333,14:47:38:08.00,-96.620735,302.186279,133.285217,-96.621094,309.063690,133.936279,-96.091286,304.392395,136.452911,-233.214600,304.298859,177.183578
3476,28.966667,14:47:38:08.01,-96.622169,302.187134,133.285477,-96.620087,309.061157,133.935349,-96.091652,304.391785,136.452393,-233.209869,304.547119,177.177551
3477,28.975000,14:47:38:08.02,-96.621681,302.187988,133.286301,-96.620384,309.061951,133.936600,-96.092438,304.392395,136.454300,-233.294342,304.838837,177.139252
3478,28.983333,14:47:38:08.03,-96.622635,302.187408,133.286896,-96.622070,309.062439,133.937561,-96.093842,304.392181,136.453796,-233.506134,305.171875,177.071518
3479,28.991667,14:47:38:09.00,-96.620583,302.186859,133.286407,-96.622345,309.063232,133.937988,-96.093323,304.392090,136.454330,-233.670135,305.509155,177.027817
3480,29.000000,14:47:38:09.01,-96.621635,302.185974,133.285919,-96.621880,309.062134,133.935638,-96.091507,304.392242,136.453659,-233.703644,305.788635,176.990646
3481,29.008333,14:47:38:09.02,-96.622444,302.186829,133.285583,-96.622437,309.062714,133.936783,-96.093483,304.393616,136.454849,-233.754044,306.085083,176.958084
3482,29.016667,14:47:38:09.03,-96.621132,302.186554,133.285278,-96.621468,309.062469,133.937775,-96.091263,304.393158,136.454239,-233.878510,306.428223,176.919113
3483,29.025000,14:47:38:10.00,-96.621918,302.186432,133.285492,-96.620422,309.062805,133.937805,-96.091980,304.393158,136.454391,-234.045105,306.776154,176.872070
3484,29.033333,14:47:38:10.01,-96.623985,302.187286,133.287354,-96.620819,309.063202,133.937256,-96.094788,304.393219,136.454010,-234.209473,307.128601,176.821915
3485,29.041667,14:47:38:10.02,-96.621902,302.186737,133.285477,-96.620438,309.062256,133.937302,-96.093246,304.391388,136.453827,-234.295868,307.467072,176.778061
3486,29.050000,14:47:38:10.03,-96.623024,302.187378,133.286346,-96.620522,309.062744,133.937317,-96.093369,304.391663,136.453918,-234.358459,307.787476,176.744354
3487,29.058333,14:47:38:11.00,-96.623650,302.187836,133.286377,-96.621307,309.062286,133.936737,-96.092896,304.393250,136.454346,-234.421280,308.124359,176.708466
3488,29.066667,14:47:38:11.01,-96.623787,302.187775,133.287521,-96.621315,309.061493,133.936523,-96.092079,304.391693,136.454346,-234.520966,308.459747,176.666412
3489,29.075000,14:47:38:11.02,-96.621239,302.186890,133.285187,-96.621117,309.062134,133.937149,-96.092323,304.391602,136.453918,-234.650833,308.828552,176.606827
3490,29.083333,14:47:38:11.03,-96.623138,302.186615,133.286209,-96.621674,309.063354,133.936798,-96.094131,304.392151,136.454041,-234.832474,309.197571,176.523636
3491,29.091667,14:47:38:12.00,-96.623367,302.187195,133.285492,-96.621635,309.063110,133.936325,-96.091118,304.392059,136.454041,-234.934708,309.573853,176.457352
3492,29.100000,14:47:38:12.01,-96.621712,302.187073,133.286255,-96.622070,309.062195,133.937653,-96.092964,304.392029,136.453217,-235.011032,309.922546,176.398605
3493,29.108333,14:47:38:12.02,-96.621117,302.187439,133.285553,-96.622772,309.062347,133.936600,-96.093559,304.393402,136.454910,-235.037277,310.234009,176.356415
3494,29.116667,14:47:38:12.03,-96.621841,302.186066,133.285461,-96.623215,309.062897,133.935516,-96.093826,304.391144,136.454834,-235.074112,310.568359,176.318985
3495,29.125000,14:47:38:13.00,-96.623566,302.186066,133.285355,-96.621361,309.062439,133.935486,-96.091904,304.391907,136.453796,-235.173798,310.926544,176.279572
3496,29.133333,14:47:38:13.01,-96.625557,302.186310,133.286133,-96.622551,309.062500,133.935959,-96.094002,304.392853,136.454529,-235.290268,311.294250,176.241440
3497,29.141667,14:47:38:13.02,-96.625046,302.186035,133.286377,-96.622429,309.061066,133.936768,-96.093399,304.391876,136.453552,-235.427231,311.658813,176.197784
3498,29.150000,14:47:38:13.03,-96.623817,302.186157,133.285309,-96.621552,309.061646,133.936432,-96.093246,304.392029,136.454529,-235.548431,312.032166,176.146439
3499,29.158333,14:47:38:14.00,-96.621056,302.185059,133.285004,-96.620674,309.062073,133.936920,-96.092583,304.391907,136.453964,-235.631271,312.401520,176.099930
3500,29.166667,14:47:38:14.01,-96.621124,302.186737,133.285629,-96.621162,309.062347,133.936951,-96.092857,304.392853,136.453812,-235.724472,312.752686,176.046951
3501,29.175000,14:47:38:14.02,-96.622185,302.186310,133.287109,-96.623322,309.064056,133.938309,-96.092537,304.391602,136.455093,-235.737137,313.099335,176.007553
3502,29.183333,14:47:38:14.03,-96.623283,302.187958,133.287231,-96.620636,309.063141,133.937119,-96.093689,304.391541,136.455872,-235.753845,313.435577,175.953644
3503,29.191667,14:47:38:15.00,-96.620415,302.186829,133.286987,-96.620712,309.062286,133.936554,-96.092308,304.392059,136.454025,-235.855743,313.809692,175.899643
3504,29.200000,14:47:38:15.01,-96.621323,302.187408,133.287079,-96.622459,309.062134,133.937683,-96.091171,304.391541,136.453751,-235.951416,314.187164,175.847870
3505,29.208333,14:47:38:15.02,-96.620567,302.188171,133.285110,-96.621788,309.061737,133.936401,-96.093208,304.392273,136.454742,-236.084061,314.553558,175.805969
3506,29.216667,14:47:38:15.03,-96.619186,302.186951,133.286438,-96.621033,309.061829,133.937027,-96.092880,304.392303,136.454681,-236.159821,314.919434,175.767654
3507,29.225000,14:47:38:16.00,-96.618721,302.187286,133.286621,-96.621513,309.061371,133.937210,-96.092102,304.391235,136.453720,-236.186050,315.264038,175.747986
3508,29.233333,14:47:38:16.01,-96.620651,302.187653,133.286072,-96.621407,309.062958,133.936813,-96.092934,304.391968,136.454575,-236.218094,315.590454,175.732254
3509,29.241667,14:47:38:16.02,-96.619759,302.187622,133.286087,-96.621498,309.061829,133.936234,-96.090668,304.391754,136.453278,-236.234573,315.931000,175.716217
3510,29.250000,14:47:38:16.03,-96.619461,302.187073,133.285507,-96.621140,309.062469,133.936905,-96.092529,304.392090,136.453537,-236.323837,316.280273,175.678833
3511,29.258333,14:47:38:17.00,-96.620758,302.185791,133.285583,-96.620979,309.063721,133.937408,-96.092636,304.391541,136.454010,-236.405685,316.662964,175.642685
3512,29.266667,14:47:38:17.01,-96.620628,302.186249,133.284821,-96.620598,309.062256,133.936081,-96.093262,304.391632,136.454391,-236.506393,317.030518,175.587555
3513,29.275000,14:47:38:17.02,-96.620911,302.187500,133.286224,-96.620178,309.063446,133.935913,-96.092758,304.391846,136.454010,-236.575607,317.380554,175.534515
3514,29.283333,14:47:38:17.03,-96.620567,302.186768,133.286224,-96.621834,309.063324,133.936935,-96.094200,304.393066,136.455139,-236.564056,317.713440,175.497406
3515,29.291667,14:47:38:18.00,-96.622154,302.187622,133.286041,-96.621597,309.062561,133.936661,-96.092079,304.392853,136.454834,-236.545471,318.033112,175.452347
3516,29.300000,14:47:38:18.01,-96.619965,302.186646,133.285446,-96.622276,309.062805,133.937103,-96.092346,304.393036,136.453064,-236.613327,318.388214,175.411835
3517,29.308333,14:47:38:18.02,-96.619553,302.185883,133.285095,-96.621887,309.063110,133.937943,-96.092537,304.392181,136.454773,-236.689941,318.748535,175.363739
3518,29.316667,14:47:38:18.03,-96.620712,302.185455,133.285599,-96.621483,309.063232,133.936478,-96.092751,304.391113,136.453369,-236.769485,319.097473,175.320755
3519,29.325000,14:47:38:19.00,-96.620056,302.186737,133.285706,-96.623283,309.062561,133.937943,-96.092445,304.392731,136.455002,-236.740997,319.417450,175.307312
3520,29.333333,14:47:38:19.01,-96.620636,302.187744,133.286499,-96.623726,309.062500,133.937866,-96.092949,304.392303,136.453979,-236.599258,319.712585,175.288879
3521,29.341667,14:47:38:19.02,-96.622093,302.187836,133.286591,-96.622154,309.063141,133.936005,-96.091759,304.391266,136.453888,-236.646027,320.044373,175.229813
3522,29.350000,14:47:38:19.03,-96.621582,302.186737,133.285278,-96.620850,309.062134,133.935913,-96.093552,304.391968,136.454346,-236.799484,320.411224,175.189240
3523,29.358333,14:47:38:20.00,-96.622269,302.186859,133.284821,-96.621811,309.062347,133.937164,-96.092918,304.391083,136.453384,-236.923141,320.749603,175.155304
3524,29.366667,14:47:38:20.01,-96.620285,302.186066,133.285156,-96.622124,309.062347,133.936234,-96.092262,304.392181,136.453735,-236.896393,321.051788,175.138626
3525,29.375000,14:47:38:20.02,-96.620270,302.186432,133.283951,-96.621971,309.062256,133.936890,-96.092255,304.392914,136.454102,-236.767715,321.362518,175.101135
3526,29.383333,14:47:38:20.03,-96.620155,302.186554,133.285156,-96.623436,309.062622,133.936981,-96.091095,304.392090,136.453278,-236.892609,321.712463,175.038071
3527,29.391667,14:47:38:21.00,-96.620819,302.187164,133.286194,-96.623482,309.064514,133.937836,-96.091187,304.392975,136.454788,-237.059402,322.037567,174.957336
3528,29.400000,14:47:38:21.01,-96.619568,302.187408,133.285934,-96.623734,309.062042,133.936798,-96.093109,304.391449,136.452591,-236.947495,322.298157,174.944366
3529,29.408333,14:47:38:21.02,-96.620651,302.186951,133.284775,-96.624702,309.063782,133.937668,-96.085129,304.396332,136.451874,-237.000107,322.619232,174.901657
3530,29.416667,14:47:38:21.03,-96.619591,302.186432,133.284470,-96.623383,309.061859,133.937149,-96.090721,304.394409,136.453812,-237.095398,322.946198,174.852936
3531,29.425000,14:47:38:22.00,-96.619713,302.186340,133.284927,-96.624352,309.062500,133.936874,-96.091827,304.392487,136.453217,-237.073212,323.223724,174.820511
3532,29.433333,14:47:38:22.01,-96.620766,302.186554,133.285187,-96.624771,309.062347,133.936264,-96.092522,304.391144,136.452988,-237.049820,323.487244,174.794632
3533,29.441667,14:47:38:22.02,-96.619820,302.186157,133.284592,-96.625053,309.061615,133.936539,-96.092728,304.391479,136.453384,-237.152176,323.807953,174.728043
3534,29.450000,14:47:38:22.03,-96.620346,302.186249,133.285294,-96.623978,309.062622,133.936783,-96.093979,304.392395,136.453537,-237.170334,324.089111,174.672348
3535,29.458333,14:47:38:23.00,-96.622475,302.186340,133.285400,-96.624100,309.062103,133.936172,-96.091942,304.391785,136.453857,-237.128143,324.341614,174.605164
3536,29.466667,14:47:38:23.01,-96.620094,302.187408,133.284470,-96.625504,309.062378,133.937103,-96.090721,304.392090,136.452728,-237.248947,324.650208,174.528107
3537,29.475000,14:47:38:23.02,-96.620216,302.188080,133.284225,-96.624847,309.061432,133.935516,-96.092430,304.391296,136.452667,-237.184830,324.879150,174.490601
3538,29.483333,14:47:38:23.03,-96.619629,302.187012,133.283585,-96.625389,309.062897,133.936066,-96.091431,304.392181,136.453552,-237.233444,325.139771,174.447449
3539,29.491667,14:47:38:24.00,-96.621307,302.186615,133.284027,-96.623428,309.062256,133.935898,-96.091934,304.392548,136.453705,-237.314148,325.413391,174.401001
3540,29.500000,14:47:38:24.01,-96.621140,302.186005,133.285141,-96.625305,309.062286,133.937302,-96.091499,304.392303,136.453918,-237.126877,325.601898,174.383728
3541,29.508333,14:47:38:24.02,-96.620300,302.187225,133.284622,-96.626579,309.062256,133.937866,-96.092674,304.390930,136.454193,-237.172012,325.856171,174.309586
3542,29.516667,14:47:38:24.03,-96.620872,302.186707,133.285965,-96.626022,309.062683,133.937042,-96.092430,304.390808,136.453461,-237.258987,326.089417,174.267395
3543,29.525000,14:47:38:25.00,-96.618263,302.186646,133.283859,-96.625641,309.061707,133.938095,-96.093170,304.391724,136.453888,-237.389786,326.349915,174.223251
3544,29.533333,14:47:38:25.01,-96.620880,302.186218,133.284943,-96.623680,309.063019,133.936829,-96.093437,304.391968,136.453171,-237.453964,326.543243,174.181274
3545,29.541667,14:47:38:25.02,-96.622795,302.186066,133.285217,-96.624306,309.062439,133.936600,-96.092293,304.392395,136.452942,-237.537674,326.769318,174.131195
3546,29.550000,14:47:38:25.03,-96.619278,302.188049,133.285828,-96.624741,309.062805,133.938477,-96.092514,304.392090,136.454529,-237.543106,326.951752,174.105011
3547,29.558333,14:47:38:26.00,-96.619102,302.187073,133.285629,-96.624542,309.063293,133.937027,-96.092056,304.391510,136.452896,-237.649872,327.167114,174.060730
3548,29.566667,14:47:38:26.01,-96.618721,302.187286,133.285782,-96.624390,309.062012,133.937073,-96.092209,304.391693,136.454269,-237.651245,327.319611,174.038666
3549,29.575000,14:47:38:26.02,-96.618362,302.188477,133.284866,-96.625397,309.062622,133.938477,-96.093277,304.392639,136.453842,-237.797165,327.539215,173.981903
3550,29.583333,14:47:38:26.03,-96.619308,302.187347,133.284927,-96.624687,309.063019,133.937469,-96.093216,304.392975,136.453049,-237.752869,327.664459,173.974518
3551,29.591667,14:47:38:27.00,-96.619926,302.186890,133.286285,-96.626434,309.060760,133.937210,-96.093323,304.391632,136.453430,-237.927338,327.873047,173.917068
3552,29.600000,14:47:38:27.01,-96.619644,302.186646,133.284225,-96.624985,309.061676,133.937469,-96.092987,304.391754,136.453156,-237.932083,327.998901,173.887344
3553,29.608333,14:47:38:27.02,-96.618202,302.187622,133.285629,-96.623405,309.061584,133.936661,-96.092262,304.393219,136.454315,-238.065857,328.159637,173.831711
3554,29.616667,14:47:38:27.03,-96.617256,302.186737,133.284592,-96.623573,309.062469,133.936447,-96.094383,304.392303,136.454803,-238.201782,328.315643,173.778488
3555,29.625000,14:47:38:28.00,-96.619240,302.187195,133.284119,-96.625557,309.062714,133.939285,-96.093079,304.392517,136.453964,-238.205460,328.418793,173.729675
3556,29.633333,14:47:38:28.01,-96.621071,302.187164,133.285370,-96.625534,309.062744,133.936554,-96.092575,304.391205,136.453430,-238.383774,328.594482,173.634491
3557,29.641667,14:47:38:28.02,-96.617111,302.187378,133.285461,-96.624931,309.062103,133.936890,-96.092697,304.390594,136.453705,-238.479187,328.710663,173.575180
3558,29.650000,14:47:38:28.03,-96.618011,302.187073,133.285110,-96.626648,309.062897,133.938522,-96.093498,304.392273,136.454361,-238.506195,328.782776,173.532303
3559,29.658333,14:47:38:29.00,-96.619812,302.187561,133.284958,-96.624489,309.061584,133.937317,-96.091011,304.391968,136.452759,-238.672943,328.910095,173.472076
3560,29.666667,14:47:38:29.01,-96.618965,302.187500,133.284897,-96.625587,309.061981,133.938217,-96.092705,304.392090,136.455551,-238.849640,329.027496,173.415543
3561,29.675000,14:47:38:29.02,-96.617027,302.186432,133.284195,-96.623779,309.062561,133.937454,-96.092308,304.392242,136.454468,-238.872772,329.091370,173.356140
3562,29.683333,14:47:38:29.03,-96.621414,302.187042,133.286255,-96.623680,309.063110,133.937973,-96.091743,304.392212,136.453613,-238.963364,329.168152,173.295776
3563,29.691667,14:47:39:00.00,-96.619095,302.187897,133.285629,-96.623001,309.062195,133.936737,-96.093628,304.391113,136.453827,-239.057190,329.261536,173.253708
3564,29.700000,14:47:39:00.01,-96.620201,302.187439,133.285507,-96.624336,309.062775,133.938370,-96.092705,304.391876,136.453766,-239.154602,329.347504,173.225708
3565,29.708333,14:47:39:00.02,-96.616829,302.188049,133.284897,-96.624580,309.063324,133.937759,-96.091034,304.391418,136.453491,-239.449722,329.404327,173.177094
3566,29.716667,14:47:39:00.03,-96.618797,302.187531,133.284561,-96.626205,309.062653,133.938004,-96.092285,304.392517,136.454071,-239.565689,329.462433,173.119705
3567,29.725000,14:47:39:01.00,-96.618080,302.187744,133.286102,-96.623970,309.062653,133.937042,-96.089561,304.391052,136.453110,-239.789078,329.565460,173.031250
3568,29.733333,14:47:39:01.01,-96.619118,302.187622,133.285492,-96.623573,309.063263,133.938141,-96.092712,304.392334,136.453491,-239.995148,329.639709,172.963928
3569,29.741667,14:47:39:01.02,-96.618050,302.187286,133.285278,-96.623489,309.062592,133.937088,-96.092117,304.391296,136.453934,-240.111969,329.670227,172.921829
3570,29.750000,14:47:39:01.03,-96.617142,302.187653,133.284836,-96.621994,309.062286,133.937698,-96.092758,304.393402,136.455063,-240.222885,329.695648,172.887207
3571,29.758333,14:47:39:02.00,-96.614822,302.186859,133.284210,-96.622902,309.063232,133.937637,-96.093384,304.390961,136.454437,-240.355682,329.720032,172.853561
3572,29.766667,14:47:39:02.01,-96.618301,302.187408,133.285599,-96.623077,309.063538,133.938232,-96.092117,304.391968,136.453171,-240.556198,329.761627,172.805054
3573,29.775000,14:47:39:02.02,-96.616760,302.188049,133.285355,-96.632988,309.069397,133.935135,-96.091461,304.393677,136.453445,-240.815979,329.820679,172.753662
3574,29.783333,14:47:39:02.03,-96.615990,302.188477,133.285355,-96.623955,309.061768,133.936707,-96.092979,304.392151,136.453827,-241.030502,329.850708,172.717178
3575,29.791667,14:47:39:03.00,-96.616592,302.187469,133.285309,-96.622971,309.062317,133.936432,-96.092033,304.391968,136.453613,-241.193817,329.858704,172.695541
3576,29.800000,14:47:39:03.01,-96.616653,302.187775,133.284515,-96.623383,309.063110,133.937759,-96.091591,304.392426,136.454071,-241.370041,329.848969,172.672806
3577,29.808333,14:47:39:03.02,-96.618805,302.187256,133.284561,-96.622208,309.062317,133.935883,-96.091461,304.392670,136.453339,-241.537857,329.833374,172.653656
3578,29.816667,14:47:39:03.03,-96.615265,302.187439,133.285156,-96.622726,309.062042,133.936722,-96.091637,304.392090,136.452072,-241.712540,329.811523,172.639984
3579,29.825000,14:47:39:04.00,-96.617233,302.187012,133.284515,-96.622849,309.063385,133.937225,-96.092598,304.392029,136.452377,-241.892242,329.787048,172.627365
3580,29.833333,14:47:39:04.01,-96.621223,302.187897,133.285202,-96.623024,309.063110,133.936249,-96.091110,304.391693,136.452774,-242.082306,329.754669,172.621689
3581,29.841667,14:47:39:04.02,-96.618607,302.187408,133.284622,-96.623383,309.062195,133.936569,-96.091774,304.391571,136.453339,-242.289154,329.718506,172.614151
3582,29.850000,14:47:39:04.03,-96.619453,302.186340,133.284317,-96.623764,309.062714,133.936722,-96.091331,304.391571,136.451904,-242.458374,329.681793,172.611008
3583,29.858333,14:47:39:05.00,-96.621475,302.188416,133.285355,-96.622864,309.063019,133.937042,-96.091393,304.392365,136.453445,-242.684341,329.629211,172.604065
3584,29.866667,14:47:39:05.01,-96.620651,302.187378,133.285019,-96.622452,309.062744,133.937149,-96.092590,304.391602,136.452515,-242.875534,329.583374,172.596146
3585,29.875000,14:47:39:05.02,-96.619499,302.187866,133.284683,-96.622505,309.062347,133.936905,-96.091339,304.391846,136.453873,-243.090637,329.531769,172.580963
3586,29.883333,14:47:39:05.03,-96.620125,302.186920,133.285599,-96.622292,309.062134,133.937271,-96.091499,304.391632,136.453491,-243.302841,329.481354,172.560379
3587,29.891667,14:47:39:06.00,-96.621323,302.186737,133.284698,-96.623291,309.063354,133.936966,-96.091751,304.392517,136.453568,-243.540604,329.418762,172.531784
3588,29.900000,14:47:39:06.01,-96.619797,302.186676,133.284317,-96.623383,309.062805,133.937851,-96.093483,304.391907,136.453491,-243.761780,329.359314,172.498352
3589,29.908333,14:47:39:06.02,-96.619492,302.187286,133.284531,-96.622391,309.062988,133.936874,-96.091202,304.391418,136.453491,-243.980759,329.292053,172.462387
3590,29.916667,14:47:39:06.03,-96.619507,302.187225,133.285767,-96.624008,309.063049,133.937103,-96.093193,304.392365,136.454300,-244.210434,329.213104,172.424240
3591,29.925000,14:47:39:07.00,-96.619621,302.187439,133.286179,-96.622704,309.063538,133.937912,-96.091423,304.393280,136.454254,-244.408386,329.124939,172.388855
3592,29.933333,14:47:39:07.01,-96.618446,302.188049,133.284943,-96.622353,309.062653,133.937119,-96.092308,304.393341,136.454315,-244.620270,329.023834,172.361176
3593,29.941667,14:47:39:07.02,-96.619835,302.186920,133.285812,-96.622597,309.062561,133.937469,-96.091644,304.393066,136.453262,-244.760132,328.898682,172.341873
3594,29.950000,14:47:39:07.03,-96.620193,302.187408,133.285172,-96.621727,309.062897,133.938614,-96.091965,304.392487,136.453003,-244.942520,328.782104,172.324722
3595,29.958333,14:47:39:08.00,-96.619667,302.186646,133.286011,-96.621902,309.063324,133.937317,-96.093109,304.391449,136.453903,-245.182495,328.686462,172.296814
3596,29.966667,14:47:39:08.01,-96.620148,302.186249,133.285660,-96.622581,309.062897,133.936737,-96.092377,304.392181,136.453705,-245.441223,328.589630,172.268219
3597,29.975000,14:47:39:08.02,-96.619240,302.187805,133.284393,-96.621376,309.062531,133.936981,-96.091469,304.391418,136.453568,-245.705444,328.493286,172.240814
3598,29.983333,14:47:39:08.03,-96.619072,302.186554,133.285507,-96.621117,309.064117,133.936554,-96.092178,304.392731,136.453918,-245.920975,328.375793,172.228821
3599,29.991667,14:47:39:09.00,-96.618942,302.186676,133.286118,-96.622604,309.063538,133.937698,-96.092453,304.391754,136.453766,-246.055557,328.215637,172.237793
3600,30.000000,14:47:39:09.01,-96.618561,302.187408,133.285400,-96.621788,309.062958,133.937164,-96.093025,304.393036,136.453064,-246.238251,328.074707,172.247147
3601,30.008333,14:47:39:09.02,-96.618690,302.187683,133.285385,-96.620117,309.061096,133.935471,-96.091438,304.391205,136.453644,-246.485184,327.963104,172.247421
3602,30.016667,14:47:39:09.03,-96.618103,302.187164,133.285065,-96.621216,309.062347,133.936829,-96.091919,304.392334,136.453537,-246.742126,327.854675,172.246857
3603,30.025000,14:47:39:10.00,-96.617630,302.187317,133.284821,-96.619110,309.062256,133.937805,-96.091042,304.391327,136.453171,-246.988251,327.732544,172.244003
3604,30.033333,14:47:39:10.01,-96.618309,302.187286,133.285217,-96.621826,309.064697,133.937500,-96.092857,304.392548,136.453384,-247.127533,327.577789,172.244598
3605,30.041667,14:47:39:10.02,-96.619125,302.187286,133.286560,-96.621284,309.062408,133.936935,-96.091805,304.391327,136.453430,-247.275955,327.422943,172.245560
3606,30.050000,14:47:39:10.03,-96.619156,302.187683,133.285614,-96.620735,309.063263,133.937515,-96.091614,304.391632,136.453186,-247.459839,327.309265,172.266037
3607,30.058333,14:47:39:11.00,-96.619759,302.187073,133.286041,-96.620750,309.062744,133.936920,-96.085907,304.396423,136.452820,-247.809738,327.203094,172.216492
3608,30.066667,14:47:39:11.01,-96.618774,302.186279,133.285492,-96.619972,309.063232,133.936874,-96.090431,304.394592,136.454376,-248.014496,327.080383,172.184875
3609,30.075000,14:47:39:11.02,-96.616478,302.187012,133.285645,-96.620277,309.062988,133.935898,-96.084587,304.396423,136.453400,-248.064941,326.904755,172.229446
3610,30.083333,14:47:39:11.03,-96.617912,302.186615,133.285706,-96.619476,309.062256,133.936523,-96.090225,304.393280,136.452942,-248.315674,326.767456,172.203033
3611,30.091667,14:47:39:12.00,-96.619484,302.188324,133.286575,-96.620865,309.063141,133.936707,-96.084770,304.395355,136.452667,-248.540039,326.641235,172.220139
3612,30.100000,14:47:39:12.01,-96.620522,302.186859,133.285416,-96.620483,309.062744,133.937531,-96.092163,304.393127,136.453796,-248.635010,326.543030,172.245239
3613,30.108333,14:47:39:12.02,-96.618515,302.187439,133.285217,-96.619453,309.063019,133.936554,-96.087593,304.396240,136.454056,-249.041458,326.374908,172.234711
3614,30.116667,14:47:39:12.03,-96.618156,302.188202,133.286240,-96.619675,309.062469,133.936127,-96.091003,304.394318,136.452927,-249.085663,326.204712,172.247406
3615,30.125000,14:47:39:13.00,-96.618896,302.186981,133.285110,-96.618950,309.061432,133.936401,-96.090881,304.392517,136.453094,-249.113846,326.048035,172.215775
3616,30.133333,14:47:39:13.01,-96.619125,302.187531,133.285904,-96.619530,309.062897,133.935776,-96.092834,304.392365,136.453552,-249.577789,325.957031,172.180832
3617,30.141667,14:47:39:13.02,-96.618011,302.187683,133.286148,-96.621002,309.062195,133.935410,-96.092583,304.391876,136.454041,-249.694443,325.815247,172.202087
3618,30.150000,14:47:39:13.03,-96.618050,302.187347,133.285538,-96.619537,309.062988,133.936127,-96.091797,304.391998,136.453445,-250.011108,325.675171,172.200546
3619,30.158333,14:47:39:14.00,-96.616661,302.187042,133.285172,-96.619911,309.063995,133.936325,-96.091217,304.391296,136.453949,-250.135941,325.521301,172.182175
3620,30.166667,14:47:39:14.01,-96.620674,302.186829,133.285431,-96.619911,309.062744,133.936737,-96.091507,304.391205,136.454056,-250.172668,325.389679,172.188019
3621,30.175000,14:47:39:14.02,-96.620811,302.186554,133.286209,-96.620438,309.062347,133.936630,-96.090912,304.392273,136.453033,-250.565048,325.296021,172.165543
3622,30.183333,14:47:39:14.03,-96.619446,302.186646,133.285400,-96.621529,309.063019,133.936081,-96.091660,304.391296,136.452469,-250.728058,325.167145,172.149750
3623,30.191667,14:47:39:15.00,-96.618477,302.186951,133.284103,-96.620369,309.062714,133.935547,-96.092537,304.391876,136.453827,-250.751801,324.996582,172.172440
3624,30.200000,14:47:39:15.01,-96.619972,302.187317,133.284714,-96.620834,309.063568,133.935791,-96.092186,304.391663,136.452133,-251.131577,324.866364,172.133087
3625,30.208333,14:47:39:15.02,-96.621613,302.186859,133.286392,-96.620903,309.063538,133.936172,-96.091370,304.390930,136.454071,-251.261230,324.747375,172.131210
3626,30.216667,14:47:39:15.03,-96.620819,302.187103,133.285828,-96.622108,309.062958,133.937241,-96.093353,304.391327,136.454117,-251.337173,324.640381,172.117661
3627,30.225000,14:47:39:16.00,-96.620979,302.187317,133.284897,-96.620918,309.062866,133.936768,-96.092979,304.392212,136.454224,-251.779556,324.541870,172.076096
3628,30.233333,14:47:39:16.01,-96.620247,302.187195,133.285477,-96.620728,309.062683,133.936584,-96.092636,304.393250,136.453934,-251.800797,324.369171,172.076004
3629,30.241667,14:47:39:16.02,-96.620537,302.186951,133.284393,-96.620140,309.062714,133.935211,-96.093521,304.392548,136.454025,-251.904160,324.225952,172.059631
3630,30.250000,14:47:39:16.03,-96.621773,302.186737,133.284256,-96.621582,309.062866,133.935745,-96.092278,304.392639,136.453171,-252.272064,324.147217,172.008438
3631,30.258333,14:47:39:17.00,-96.620552,302.186859,133.284653,-96.620522,309.063019,133.936523,-96.091988,304.391968,136.452805,-252.325348,324.015259,172.004669
3632,30.266667,14:47:39:17.01,-96.618965,302.186737,133.285156,-96.620567,309.062897,133.935623,-96.092712,304.392883,136.454147,-252.750183,323.951477,171.971222
3633,30.275000,14:47:39:17.02,-96.619179,302.186890,133.285599,-96.621384,309.062592,133.935730,-96.091812,304.392395,136.453522,-252.840469,323.825989,171.940308
3634,30.283333,14:47:39:17.03,-96.619492,302.186737,133.284821,-96.620857,309.061920,133.936096,-96.092461,304.392212,136.454453,-252.814026,323.656555,171.940170
3635,30.291667,14:47:39:18.00,-96.618958,302.186432,133.285065,-96.621056,309.061707,133.936249,-96.092033,304.392944,136.454178,-253.157288,323.568176,171.916611
3636,30.300000,14:47:39:18.01,-96.619156,302.187103,133.285004,-96.620193,309.062988,133.936188,-96.091187,304.392700,136.453598,-253.358078,323.455750,171.881348
3637,30.308333,14:47:39:18.02,-96.618065,302.185883,133.284286,-96.620087,309.063263,133.936386,-96.090736,304.391022,136.453430,-253.376816,323.325592,171.883011
3638,30.316667,14:47:39:18.03,-96.619438,302.187012,133.285660,-96.620880,309.062103,133.936066,-96.092377,304.391571,136.453568,-253.526489,323.224915,171.852692
3639,30.325000,14:47:39:19.00,-96.621841,302.187103,133.285873,-96.620918,309.063110,133.935944,-96.094040,304.392303,136.454605,-253.904602,323.135864,171.822876
3640,30.333333,14:47:39:19.01,-96.620354,302.185913,133.284821,-96.621689,309.062592,133.936935,-96.093239,304.392242,136.454559,-253.898407,322.987030,171.840164
3641,30.341667,14:47:39:19.02,-96.616821,302.186340,133.284439,-96.621773,309.062561,133.937302,-96.092590,304.391113,136.453171,-253.989532,322.860809,171.816193
3642,30.350000,14:47:39:19.03,-96.621010,302.187592,133.286545,-96.621803,309.062561,133.936707,-96.092941,304.391510,136.453156,-254.405838,322.789673,171.772034
3643,30.358333,14:47:39:20.00,-96.622780,302.187073,133.286148,-96.621147,309.063080,133.935806,-96.091309,304.389252,136.453918,-254.501389,322.694458,171.778534
3644,30.366667,14:47:39:20.01,-96.622070,302.185791,133.286407,-96.621864,309.062439,133.936615,-96.092186,304.391876,136.453308,-254.542328,322.622070,171.775131
3645,30.375000,14:47:39:20.02,-96.622833,302.187195,133.285858,-96.618935,309.062225,133.936157,-96.093109,304.391479,136.455048,-254.926636,322.489441,171.730011
3646,30.383333,14:47:39:20.03,-96.623070,302.186127,133.286530,-96.621185,309.063354,133.937256,-96.093132,304.391357,136.453934,-254.989761,322.352173,171.734299
3647,30.391667,14:47:39:21.00,-96.622620,302.185974,133.286591,-96.622398,309.063232,133.937546,-96.092484,304.391052,136.452667,-255.012436,322.253235,171.730865
3648,30.400000,14:47:39:21.01,-96.621872,302.186523,133.285843,-96.622314,309.062866,133.936905,-96.092674,304.391052,136.453491,-255.370636,322.165466,171.682007
3649,30.408333,14:47:39:21.02,-96.622208,302.184998,133.285080,-96.622009,309.062042,133.936340,-96.092453,304.391083,136.453644,-255.552551,322.087555,171.672134
3650,30.416667,14:47:39:21.03,-96.623360,302.186432,133.285797,-96.622467,309.063599,133.936493,-96.091644,304.392090,136.453445,-255.611603,322.011841,171.682831
3651,30.425000,14:47:39:22.00,-96.623146,302.186615,133.285828,-96.622673,309.062714,133.936584,-96.093689,304.391449,136.453903,-255.785660,321.947357,171.674179
3652,30.433333,14:47:39:22.01,-96.621834,302.185333,133.285385,-96.621338,309.061035,133.936401,-96.092484,304.390594,136.453903,-256.151794,321.860352,171.655548
3653,30.441667,14:47:39:22.02,-96.623039,302.185638,133.286346,-96.621368,309.062927,133.935898,-96.090858,304.391510,136.453552,-256.198334,321.760406,171.684067
3654,30.450000,14:47:39:22.03,-96.622681,302.185883,133.286072,-96.622108,309.062714,133.936188,-96.092972,304.391296,136.453552,-256.175629,321.631866,171.691360
3655,30.458333,14:47:39:23.00,-96.621361,302.186554,133.285446,-96.619972,309.062073,133.936111,-96.092628,304.391449,136.453217,-256.540527,321.567535,171.693100
3656,30.466667,14:47:39:23.01,-96.621338,302.185364,133.286179,-96.621437,309.062988,133.936935,-96.093124,304.390594,136.454193,-256.700043,321.492432,171.695404
3657,30.475000,14:47:39:23.02,-96.618126,302.185425,133.285248,-96.620399,309.062958,133.936996,-96.093788,304.391937,136.454315,-256.759766,321.412964,171.723099
3658,30.483333,14:47:39:23.03,-96.618721,302.186646,133.284683,-96.621445,309.061951,133.936554,-96.092293,304.391541,136.453110,-256.867157,321.339661,171.749466
3659,30.491667,14:47:39:24.00,-96.620766,302.187408,133.286011,-96.619659,309.061920,133.935257,-96.091705,304.392761,136.453400,-257.231537,321.303406,171.763153
3660,30.500000,14:47:39:24.01,-96.620132,302.187744,133.285873,-96.620567,309.062439,133.935211,-96.091583,304.392029,136.453537,-257.322083,321.249695,171.781937
3661,30.508333,14:47:39:24.02,-96.620117,302.188019,133.286240,-96.621277,309.061279,133.936447,-96.092621,304.391357,136.453201,-257.401886,321.180481,171.818741
3662,30.516667,14:47:39:24.03,-96.618881,302.187469,133.285110,-96.620430,309.061829,133.936768,-96.092087,304.391541,136.452835,-257.542694,321.112366,171.876328
3663,30.525000,14:47:39:25.00,-96.619614,302.187073,133.285583,-96.619865,309.062622,133.936661,-96.091881,304.392151,136.453766,-257.915039,321.078766,171.903748
3664,30.533333,14:47:39:25.01,-96.618965,302.186768,133.286011,-96.619576,309.062531,133.935577,-96.093124,304.391693,136.453247,-257.951324,321.022278,171.976883
3665,30.541667,14:47:39:25.02,-96.621742,302.186279,133.286621,-96.620193,309.062439,133.936264,-96.091614,304.391205,136.453110,-258.041107,320.972595,172.035706
3666,30.550000,14:47:39:25.03,-96.621361,302.186859,133.285355,-96.619774,309.062683,133.936295,-96.092766,304.392303,136.453278,-258.047638,320.916901,172.065872
3667,30.558333,14:47:39:26.00,-96.620796,302.184906,133.284744,-96.621025,309.062195,133.936996,-96.092499,304.392181,136.452621,-258.075317,320.857971,172.083481
3668,30.566667,14:47:39:26.01,-96.619438,302.186432,133.284409,-96.622200,309.063660,133.935791,-96.092697,304.392609,136.453461,-258.283844,320.758301,172.123962
3669,30.575000,14:47:39:26.02,-96.618629,302.187347,133.283798,-96.620552,309.061584,133.935196,-96.090607,304.391693,136.452698,-258.518372,320.707672,172.134720
3670,30.583333,14:47:39:26.03,-96.616257,302.188080,133.284393,-96.619888,309.063202,133.935898,-96.092583,304.391846,136.453705,-258.578430,320.646027,172.173004
3671,30.591667,14:47:39:27.00,-96.617569,302.186676,133.283585,-96.618736,309.063446,133.935623,-96.091751,304.392517,136.452606,-258.605804,320.571960,172.220108
3672,30.600000,14:47:39:27.01,-96.622208,302.186951,133.284073,-96.619965,309.062897,133.935684,-96.091202,304.392395,136.453766,-258.647583,320.523529,172.256088
3673,30.608333,14:47:39:27.02,-96.620583,302.186920,133.283264,-96.619522,309.062134,133.934265,-96.091400,304.392700,136.453125,-258.707855,320.469849,172.293167
3674,30.616667,14:47:39:27.03,-96.618805,302.187378,133.282883,-96.619812,309.062714,133.934784,-96.093056,304.392883,136.452820,-258.996094,320.455353,172.329285
3675,30.625000,14:47:39:28.00,-96.619125,302.186951,133.284103,-96.620277,309.063416,133.935196,-96.093025,304.392151,136.452560,-259.086426,320.416199,172.361053
3676,30.633333,14:47:39:28.01,-96.619606,302.186523,133.282501,-96.620682,309.061920,133.934738,-96.092216,304.392181,136.452347,-259.143524,320.376282,172.388428
3677,30.641667,14:47:39:28.02,-96.619560,302.187622,133.284012,-96.621063,309.061920,133.934372,-96.093544,304.392639,136.452896,-259.207489,320.330658,172.419342
3678,30.650000,14:47:39:28.03,-96.619202,302.187103,133.283646,-96.621201,309.062317,133.934082,-96.092361,304.391846,136.453613,-259.269470,320.272980,172.443039
3679,30.658333,14:47:39:29.00,-96.618973,302.185974,133.282745,-96.622635,309.062012,133.935104,-96.092682,304.391968,136.452805,-259.172760,320.207245,172.505371
3680,30.666667,14:47:39:29.01,-96.624947,302.185760,133.283920,-96.621063,309.061493,133.934799,-96.092514,304.392059,136.450989,-259.173370,320.154266,172.547028
3681,30.675000,14:47:39:29.02,-96.622147,302.186432,133.283768,-96.620300,309.061707,133.935226,-96.092003,304.391052,136.452393,-259.174622,320.104370,172.566437
3682,30.683333,14:47:39:29.03,-96.618668,302.186829,133.284332,-96.620682,309.062256,133.935959,-96.093834,304.391998,136.452087,-259.147339,320.054260,172.575836
3683,30.691667,14:47:40:00.00,-96.619614,302.187653,133.284790,-96.620888,309.063263,133.935654,-96.092659,304.391541,136.453110,-259.133759,320.009888,172.583313
3684,30.700000,14:47:40:00.01,-96.618011,302.187012,133.285065,-96.619339,309.061798,133.935135,-96.092072,304.392303,136.454132,-259.126770,319.984283,172.590897
3685,30.708333,14:47:40:00.02,-96.617386,302.186584,133.283463,-96.620567,309.063843,133.935913,-96.092888,304.392151,136.452759,-259.116974,319.960297,172.590714
3686,30.716667,14:47:40:00.03,-96.616257,302.187500,133.284409,-96.620049,309.063110,133.935410,-96.091980,304.391754,136.454773,-259.115692,319.937805,172.579666
3687,30.725000,14:47:40:01.00,-96.614861,302.187195,133.284790,-96.621010,309.062897,133.936066,-96.084381,304.395966,136.453278,-259.108765,319.908325,172.579117
3688,30.733333,14:47:40:01.01,-96.616638,302.187927,133.285370,-96.621346,309.063232,133.935928,-96.084221,304.396790,136.452866,-259.093750,319.882294,172.573669
3689,30.741667,14:47:40:01.02,-96.617287,302.187500,133.284134,-96.620491,309.062653,133.936584,-96.090363,304.392273,136.453384,-259.071442,319.840973,172.558731
3690,30.750000,14:47:40:01.03,-96.615341,302.187286,133.284348,-96.620476,309.063110,133.935471,-96.090775,304.391144,136.452896,-259.029358,319.791870,172.576111
3691,30.758333,14:47:40:02.00,-96.616463,302.187408,133.284927,-96.620544,309.062714,133.936234,-96.085358,304.397186,136.453644,-258.998108,319.740509,172.577805
3692,30.766667,14:47:40:02.01,-96.617004,302.188263,133.285828,-96.619347,309.062744,133.936005,-96.091667,304.393433,136.453308,-258.958710,319.703156,172.574478
3693,30.775000,14:47:40:02.02,-96.614571,302.188629,133.284439,-96.617752,309.062927,133.935959,-96.090790,304.390869,136.452850,-258.926422,319.662750,172.581238
3694,30.783333,14:47:40:02.03,-96.616203,302.186310,133.285400,-96.619255,309.062042,133.935730,-96.092201,304.392944,136.453934,-258.890747,319.632233,172.574234
3695,30.791667,14:47:40:03.00,-96.617744,302.186859,133.284912,-96.619827,309.062744,133.936432,-96.091072,304.391541,136.453110,-258.857666,319.613861,172.575073
3696,30.800000,14:47:40:03.01,-96.618546,302.188232,133.285980,-96.618774,309.062073,133.936066,-96.091949,304.391388,136.453003,-258.818665,319.600067,172.578094
3697,30.808333,14:47:40:03.02,-96.619759,302.187347,133.285385,-96.620071,309.063599,133.937134,-96.093056,304.392029,136.454178,-258.781708,319.591095,172.573273
3698,30.816667,14:47:40:03.03,-96.620522,302.186096,133.285202,-96.620567,309.062012,133.936096,-96.093285,304.391144,136.452881,-258.733124,319.577972,172.557266
3699,30.825000,14:47:40:04.00,-96.619278,302.187500,133.284302,-96.619911,309.061493,133.935303,-96.092232,304.392822,136.453827,-258.808960,319.564545,172.519257
3700,30.833333,14:47:40:04.01,-96.619080,302.187225,133.284180,-96.620857,309.062347,133.935837,-96.093185,304.392090,136.453613,-258.742035,319.550079,172.514648
3701,30.841667,14:47:40:04.02,-96.620956,302.186218,133.284729,-96.621689,309.061157,133.936127,-96.091705,304.391266,136.453339,-258.661652,319.535767,172.511078
3702,30.850000,14:47:40:04.03,-96.619995,302.185791,133.285095,-96.619659,309.062378,133.936829,-96.091278,304.391937,136.452560,-258.573853,319.517029,172.511520
3703,30.858333,14:47:40:05.00,-96.619263,302.187012,133.283722,-96.619972,309.061584,133.935944,-96.092354,304.392395,136.453613,-258.428223,319.485016,172.514603
3704,30.866667,14:47:40:05.01,-96.618385,302.186249,133.284302,-96.620804,309.061676,133.935028,-96.092590,304.391968,136.452576,-258.269897,319.448120,172.514313
3705,30.875000,14:47:40:05.02,-96.619499,302.187500,133.284302,-96.620354,309.063019,133.934586,-96.091827,304.390900,136.453430,-258.023102,319.423615,172.530060
3706,30.883333,14:47:40:05.03,-96.620598,302.186371,133.285904,-96.620171,309.063019,133.935745,-96.091240,304.390442,136.453369,-257.926971,319.410767,172.509613
3707,30.891667,14:47:40:06.00,-96.618034,302.185608,133.283508,-96.618698,309.063019,133.936447,-96.093033,304.391144,136.453766,-257.820160,319.399994,172.477264
3708,30.900000,14:47:40:06.01,-96.618805,302.186401,133.284561,-96.620468,309.062408,133.935959,-96.091728,304.391724,136.453094,-257.719147,319.385925,172.457199
3709,30.908333,14:47:40:06.02,-96.620995,302.185883,133.286499,-96.621437,309.062622,133.935577,-96.093903,304.390991,136.454071,-257.729218,319.391266,172.469482
3710,30.916667,14:47:40:06.03,-96.621803,302.186218,133.286148,-96.622177,309.061951,133.937149,-96.092728,304.390594,136.453156,-257.619354,319.387207,172.479660
3711,30.925000,14:47:40:07.00,-96.621391,302.185883,133.285278,-96.621986,309.061920,133.936279,-96.093193,304.392181,136.454727,-257.340027,319.384491,172.484314
3712,30.933333,14:47:40:07.01,-96.621994,302.185455,133.285110,-96.620880,309.062775,133.935959,-96.093407,304.390900,136.454056,-257.168518,319.359619,172.451401
3713,30.941667,14:47:40:07.02,-96.620819,302.185669,133.286163,-96.620476,309.061462,133.935257,-96.093315,304.392120,136.453445,-257.055573,319.326172,172.418839
3714,30.950000,14:47:40:07.03,-96.619652,302.185547,133.285446,-96.621880,309.062195,133.936340,-96.092003,304.390778,136.453827,-256.958710,319.331909,172.394257
3715,30.958333,14:47:40:08.00,-96.621574,302.186737,133.284241,-96.620628,309.061371,133.935532,-96.092239,304.391510,136.453705,-256.751801,319.304657,172.420944
3716,30.966667,14:47:40:08.01,-96.621010,302.185822,133.285278,-96.620903,309.061157,133.936127,-96.092392,304.391510,136.453888,-256.453278,319.287292,172.446259
3717,30.975000,14:47:40:08.02,-96.621689,302.186157,133.285858,-96.621040,309.061493,133.936661,-96.091194,304.390137,136.453476,-256.278412,319.290771,172.419144
3718,30.983333,14:47:40:08.03,-96.622940,302.185364,133.285110,-96.621246,309.062439,133.936386,-96.091766,304.389984,136.454407,-256.218781,319.306671,172.394592
3719,30.991667,14:47:40:09.00,-96.621758,302.185486,133.285873,-96.622375,309.062195,133.936661,-96.092865,304.391632,136.453979,-256.134521,319.314209,172.383743
3720,31.000000,14:47:40:09.01,-96.619492,302.186310,133.284912,-96.622650,309.061584,133.936127,-96.092331,304.392090,136.453644,-255.834122,319.319733,172.403641
3721,31.008333,14:47:40:09.02,-96.619751,302.186432,133.285431,-96.622849,309.061890,133.937210,-96.093163,304.391968,136.453964,-255.541534,319.344940,172.428192
3722,31.016667,14:47:40:09.03,-96.622375,302.186981,133.285965,-96.621765,309.062439,133.936554,-96.093582,304.392090,136.453293,-255.492615,319.348785,172.424850
3723,31.025000,14:47:40:10.00,-96.623901,302.187775,133.286148,-96.619835,309.062042,133.935379,-96.093826,304.391724,136.453003,-255.351379,319.340576,172.409302
3724,31.033333,14:47:40:10.01,-96.622307,302.186646,133.285645,-96.620720,309.061920,133.936493,-96.092758,304.391846,136.453217,-255.171661,319.343933,172.393402
3725,31.041667,14:47:40:10.02,-96.621254,302.186096,133.285934,-96.621284,309.061493,133.935883,-96.092697,304.392029,136.452728,-254.802612,319.344788,172.419022
3726,31.050000,14:47:40:10.03,-96.622681,302.186676,133.285706,-96.622055,309.061829,133.936020,-96.092346,304.391235,136.453659,-254.613678,319.349213,172.376709
3727,31.058333,14:47:40:11.00,-96.622078,302.185608,133.285767,-96.621864,309.060577,133.935806,-96.092728,304.391266,136.453461,-254.433090,319.355743,172.314041
3728,31.066667,14:47:40:11.01,-96.622177,302.187134,133.286255,-96.622467,309.062012,133.935959,-96.093384,304.391113,136.453934,-254.091049,319.368744,172.301056
3729,31.075000,14:47:40:11.02,-96.620193,302.187958,133.285172,-96.621445,309.061829,133.935272,-96.092972,304.390076,136.453430,-253.869217,319.389191,172.254257
3730,31.083333,14:47:40:11.03,-96.620430,302.186005,133.285492,-96.621307,309.062042,133.937332,-96.092247,304.390594,136.453522,-253.746277,319.417297,172.272461
3731,31.091667,14:47:40:12.00,-96.621338,302.186157,133.284561,-96.621277,309.062347,133.936615,-96.091286,304.391724,136.453262,-253.392975,319.447479,172.298309
3732,31.100000,14:47:40:12.01,-96.620239,302.185272,133.285553,-96.623924,309.062286,133.936935,-96.091637,304.391541,136.453751,-253.203415,319.489136,172.248184
3733,31.108333,14:47:40:12.02,-96.619560,302.187500,133.285339,-96.623024,309.062103,133.937119,-96.092590,304.391357,136.453430,-252.936584,319.525543,172.200958
3734,31.116667,14:47:40:12.03,-96.622208,302.185669,133.284790,-96.622437,309.061707,133.936447,-96.094223,304.391052,136.454147,-252.608353,319.561798,172.185593
3735,31.125000,14:47:40:13.00,-96.621582,302.185944,133.285553,-96.621330,309.061981,133.936569,-96.093483,304.391418,136.454147,-252.456955,319.612885,172.146637
3736,31.133333,14:47:40:13.01,-96.622726,302.186432,133.284622,-96.621300,309.061859,133.935425,-96.094185,304.391449,136.453629,-252.097702,319.643005,172.152679
3737,31.141667,14:47:40:13.02,-96.620514,302.185699,133.285278,-96.621712,309.062042,133.936081,-96.093735,304.391052,136.453735,-251.783615,319.686829,172.176331
3738,31.150000,14:47:40:13.03,-96.624390,302.185486,133.285156,-96.622604,309.062714,133.937759,-96.092834,304.390564,136.453049,-251.700806,319.729767,172.121185
3739,31.158333,14:47:40:14.00,-96.625069,302.185699,133.286377,-96.623253,309.062592,133.936813,-96.093300,304.391937,136.452850,-251.240250,319.790924,172.090195
3740,31.166667,14:47:40:14.01,-96.621498,302.186371,133.284897,-96.622177,309.061523,133.936600,-96.093384,304.391388,136.454117,-250.910477,319.812378,172.026520
3741,31.175000,14:47:40:14.02,-96.622360,302.185638,133.284668,-96.621742,309.061920,133.935913,-96.093269,304.391357,136.454605,-250.713776,319.852234,172.003876
3742,31.183333,14:47:40:14.03,-96.623581,302.186096,133.285507,-96.624191,309.062134,133.936707,-96.093292,304.390717,136.453674,-250.318939,319.904053,171.989471
3743,31.191667,14:47:40:15.00,-96.623871,302.186005,133.286255,-96.621407,309.061676,133.934555,-96.093834,304.391724,136.455124,-249.965881,319.944397,171.938950
3744,31.200000,14:47:40:15.01,-96.623878,302.185760,133.285065,-96.622101,309.062561,133.936600,-96.092178,304.390411,136.453171,-249.608017,320.007233,171.881424
3745,31.208333,14:47:40:15.02,-96.623024,302.185211,133.285934,-96.622643,309.061554,133.935577,-96.092972,304.390442,136.453278,-249.340851,320.070740,171.860245
3746,31.216667,14:47:40:15.03,-96.620171,302.185852,133.284454,-96.623672,309.061920,133.936417,-96.093575,304.391357,136.454239,-248.918793,320.131836,171.873779
3747,31.225000,14:47:40:16.00,-96.623299,302.186798,133.285370,-96.622643,309.062439,133.936203,-96.094513,304.392395,136.453934,-248.671432,320.214233,171.823074
3748,31.233333,14:47:40:16.01,-96.623695,302.185608,133.285583,-96.621010,309.061188,133.934113,-96.093338,304.392365,136.452667,-248.254059,320.296570,171.826584
3749,31.241667,14:47:40:16.02,-96.619164,302.186066,133.285004,-96.621216,309.061646,133.935532,-96.092812,304.392639,136.452866,-248.002625,320.380310,171.725388
3750,31.250000,14:47:40:16.03,-96.623421,302.187408,133.286102,-96.620331,309.062134,133.935501,-96.092033,304.391083,136.452576,-247.667114,320.457977,171.698425
3751,31.258333,14:47:40:17.00,-96.623589,302.187286,133.286331,-96.620766,309.063019,133.936401,-96.092583,304.391968,136.453934,-247.299225,320.554260,171.693329
3752,31.266667,14:47:40:17.01,-96.621918,302.187042,133.285080,-96.619865,309.061615,133.935577,-96.091530,304.390808,136.453033,-246.885422,320.661438,171.645950
3753,31.275000,14:47:40:17.02,-96.619667,302.186401,133.284805,-96.621605,309.062347,133.936111,-96.092255,304.391357,136.453918,-246.405380,320.752563,171.595886
3754,31.283333,14:47:40:17.03,-96.619583,302.187622,133.286209,-96.620537,309.063507,133.936188,-96.093544,304.392151,136.453949,-246.166870,320.854248,171.540894
3755,31.291667,14:47:40:18.00,-96.618568,302.187836,133.285187,-96.619911,309.062805,133.936661,-96.093086,304.392517,136.453644,-245.682556,320.959503,171.559799
3756,31.300000,14:47:40:18.01,-96.621689,302.186829,133.285950,-96.618782,309.062805,133.936096,-96.092133,304.391205,136.454193,-245.390961,321.088104,171.509155
3757,31.308333,14:47:40:18.02,-96.618263,302.185944,133.285355,-96.621086,309.063446,133.936966,-96.092506,304.391754,136.452942,-244.976669,321.210083,171.480759
3758,31.316667,14:47:40:18.03,-96.622185,302.186920,133.285828,-96.621605,309.062805,133.936722,-96.094360,304.393677,136.454132,-244.644897,321.326874,171.437149
3759,31.325000,14:47:40:19.00,-96.620377,302.186462,133.285278,-96.620239,309.061798,133.935242,-96.092201,304.392090,136.453384,-244.138336,321.431885,171.407791
3760,31.333333,14:47:40:19.01,-96.620636,302.187134,133.285339,-96.621689,309.061127,133.934586,-96.092911,304.390961,136.452774,-243.628937,321.524323,171.368134
3761,31.341667,14:47:40:19.02,-96.619591,302.187744,133.285385,-96.622154,309.062134,133.936142,-96.093292,304.392090,136.453247,-243.268875,321.667999,171.349915
3762,31.350000,14:47:40:19.03,-96.617867,302.186981,133.285385,-96.621284,309.063660,133.937393,-96.092506,304.391144,136.452744,-242.882675,321.788422,171.315964
3763,31.358333,14:47:40:20.00,-96.616814,302.186859,133.284637,-96.621361,309.062317,133.937469,-96.093132,304.391602,136.453354,-242.305344,321.901245,171.339539
3764,31.366667,14:47:40:20.01,-96.619980,302.187103,133.286301,-96.620605,309.061829,133.936401,-96.092606,304.391418,136.453506,-241.918137,322.043762,171.301437
3765,31.375000,14:47:40:20.02,-96.618896,302.188446,133.284637,-96.620163,309.062653,133.934601,-96.091125,304.391602,136.453751,-241.593201,322.205231,171.305664
3766,31.383333,14:47:40:20.03,-96.621742,302.187378,133.286682,-96.620644,309.062408,133.935303,-96.091881,304.392334,136.452835,-241.077560,322.376343,171.318970
3767,31.391667,14:47:40:21.00,-96.619781,302.186737,133.285294,-96.621162,309.061493,133.937119,-96.092484,304.392395,136.453735,-240.761520,322.547424,171.300354
3768,31.400000,14:47:40:21.01,-96.618668,302.187775,133.284912,-96.623024,309.063080,133.937119,-96.092453,304.392456,136.453552,-240.320328,322.713074,171.333115
3769,31.408333,14:47:40:21.02,-96.620255,302.187988,133.285126,-96.622398,309.062134,133.937164,-96.092346,304.391907,136.453720,-239.759140,322.863617,171.398499
3770,31.416667,14:47:40:21.03,-96.620888,302.186035,133.284195,-96.620850,309.061981,133.936447,-96.092186,304.392029,136.453964,-239.239975,323.014984,171.420868
3771,31.425000,14:47:40:22.00,-96.621811,302.187347,133.284348,-96.620651,309.063782,133.936249,-96.092354,304.392365,136.452637,-238.845306,323.178802,171.412415
3772,31.433333,14:47:40:22.01,-96.620895,302.186310,133.285248,-96.621841,309.062866,133.936707,-96.092911,304.391876,136.451813,-238.385391,323.373871,171.433701
3773,31.441667,14:47:40:22.02,-96.620056,302.186859,133.284698,-96.621552,309.062775,133.935959,-96.093163,304.391418,136.453598,-237.995621,323.591553,171.464752
3774,31.450000,14:47:40:22.03,-96.618774,302.186646,133.285065,-96.622284,309.062042,133.936127,-96.092758,304.392914,136.454285,-237.417313,323.767303,171.537109
3775,31.458333,14:47:40:23.00,-96.615479,302.188843,133.284988,-96.623825,309.063049,133.937271,-96.092758,304.392670,136.453461,-236.877487,323.928284,171.614334
3776,31.466667,14:47:40:23.01,-96.619972,302.187561,133.284790,-96.622650,309.062225,133.936157,-96.091827,304.391541,136.453430,-236.462738,324.096954,171.658676
3777,31.475000,14:47:40:23.02,-96.619690,302.187256,133.283859,-96.622787,309.061768,133.936722,-96.092484,304.391846,136.452087,-235.981445,324.280060,171.729782
3778,31.483333,14:47:40:23.03,-96.618095,302.187073,133.284500,-96.622421,309.062775,133.936127,-96.093513,304.392578,136.453766,-235.570618,324.501282,171.776642
3779,31.491667,14:47:40:24.00,-96.617455,302.186859,133.284134,-96.623283,309.062653,133.936035,-96.092247,304.392395,136.453461,-235.031631,324.696625,171.850739
3780,31.500000,14:47:40:24.01,-96.615723,302.187866,133.283722,-96.624481,309.061646,133.936768,-96.092155,304.391357,136.453384,-234.493469,324.867401,171.930557
3781,31.508333,14:47:40:24.02,-96.621017,302.187012,133.284210,-96.624313,309.062073,133.937485,-96.093102,304.391571,136.452530,-234.072617,325.040131,171.957611
3782,31.516667,14:47:40:24.03,-96.619102,302.187714,133.283829,-96.624771,309.062347,133.937531,-96.091934,304.391937,136.452408,-233.568222,325.235291,172.000153
3783,31.525000,14:47:40:25.00,-96.618721,302.187164,133.284378,-96.624718,309.062744,133.937515,-96.093376,304.392639,136.453659,-233.188446,325.480499,172.013428
3784,31.533333,14:47:40:25.01,-96.617638,302.187500,133.285110,-96.624542,309.062744,133.936371,-96.093781,304.391937,136.453598,-232.632782,325.668701,172.085114
3785,31.541667,14:47:40:25.02,-96.618996,302.187683,133.283859,-96.624596,309.062195,133.936493,-96.092506,304.391022,136.452301,-232.088898,325.835480,172.162033
3786,31.550000,14:47:40:25.03,-96.619278,302.187592,133.283875,-96.624359,309.060730,133.935730,-96.091248,304.391418,136.452438,-231.545563,326.015137,172.225555
3787,31.558333,14:47:40:26.00,-96.619041,302.187897,133.283691,-96.624512,309.061279,133.936447,-96.091965,304.392212,136.453064,-231.191849,326.223450,172.227890
3788,31.566667,14:47:40:26.01,-96.620659,302.187958,133.284363,-96.625435,309.061157,133.936783,-96.093719,304.392426,136.453217,-230.769943,326.447571,172.260284
3789,31.575000,14:47:40:26.02,-96.619919,302.187836,133.284241,-96.625015,309.062805,133.936066,-96.092293,304.391724,136.453369,-230.279800,326.631927,172.287933
3790,31.583333,14:47:40:26.03,-96.617760,302.188019,133.283936,-96.626503,309.062805,133.937592,-96.093384,304.390900,136.453491,-229.680084,326.801666,172.287231
3791,31.591667,14:47:40:27.00,-96.617561,302.187378,133.283920,-96.624504,309.062073,133.936447,-96.091866,304.391663,136.452393,-229.153061,326.973175,172.292114
3792,31.600000,14:47:40:27.01,-96.617271,302.189056,133.284241,-96.625580,309.062042,133.935410,-96.093575,304.393005,136.452820,-228.689056,327.163177,172.300095
3793,31.608333,14:47:40:27.02,-96.618217,302.188629,133.284119,-96.626373,309.061432,133.935684,-96.092400,304.391449,136.451309,-228.342941,327.367798,172.318069
3794,31.616667,14:47:40:27.03,-96.616615,302.188721,133.282227,-96.626701,309.062592,133.935577,-96.093460,304.391479,136.452728,-227.893951,327.543579,172.354324
3795,31.625000,14:47:40:28.00,-96.617661,302.187073,133.281967,-96.626160,309.061707,133.935699,-96.092773,304.390839,136.452835,-227.345566,327.695221,172.323944
3796,31.633333,14:47:40:28.01,-96.612328,302.188843,133.284958,-96.625046,309.063385,133.936218,-96.093903,304.391449,136.452179,-226.766129,327.832184,172.327347
3797,31.641667,14:47:40:28.02,-96.613831,302.188171,133.283752,-96.624901,309.062531,133.937210,-96.092377,304.392639,136.452438,-226.272293,327.977081,172.329361
3798,31.650000,14:47:40:28.03,-96.615280,302.190186,133.283478,-96.625580,309.063629,133.936172,-96.092384,304.391571,136.451782,-225.983856,328.152710,172.297531
3799,31.658333,14:47:40:29.00,-96.617203,302.188110,133.280365,-96.624619,309.062531,133.935989,-96.092697,304.392426,136.451263,-225.479721,328.302826,172.339722
3800,31.666667,14:47:40:29.01,-96.620506,302.181793,133.273621,-96.622581,309.062317,133.935730,-96.092606,304.392456,136.452255,-224.933380,328.468170,172.353058
3801,31.675000,14:47:40:29.02,-96.604530,302.186829,133.292084,-96.623077,309.063873,133.936188,-96.091881,304.391907,136.452560,-224.521042,328.606506,172.325180
3802,31.683333,14:47:40:29.03,-96.574600,302.194611,133.314972,-96.624985,309.063446,133.935135,-96.093605,304.392853,136.452179,-224.113037,328.681519,172.350952
3803,31.691667,14:47:41:00.00,-96.562614,302.202759,133.313995,-96.624413,309.063599,133.935410,-96.092224,304.393372,136.452972,-223.622864,328.830231,172.377914
3804,31.700000,14:47:41:00.01,-96.592781,302.187500,133.284821,-96.626740,309.065674,133.930740,-96.091751,304.391663,136.451950,-223.167328,328.960236,172.379486
3805,31.708333,14:47:41:00.02,-96.616074,302.174866,133.280334,-96.626961,309.068726,133.929794,-96.093636,304.392761,136.453400,-222.725082,329.072296,172.356995
3806,31.716667,14:47:41:00.03,-96.618668,302.171875,133.277924,-96.626076,309.068359,133.929703,-96.093681,304.392944,136.452927,-222.287628,329.162750,172.324356
3807,31.725000,14:47:41:01.00,-96.617905,302.173126,133.279007,-96.628098,309.067596,133.930038,-96.091248,304.393982,136.453217,-221.838898,329.257477,172.319412
3808,31.733333,14:47:41:01.01,-96.617722,302.174591,133.280334,-96.625534,309.066498,133.932922,-96.092773,304.392090,136.452789,-221.437485,329.350891,172.312561
3809,31.741667,14:47:41:01.02,-96.619591,302.173309,133.278427,-96.609009,309.081055,133.961899,-96.094643,304.386414,136.448410,-221.005936,329.467285,172.296066
3810,31.750000,14:47:41:01.03,-96.617760,302.174683,133.277756,-96.601418,309.111023,133.986908,-96.098503,304.376068,136.441620,-220.561890,329.563416,172.298462
3811,31.758333,14:47:41:02.00,-96.618217,302.174438,133.277832,-96.607056,309.097107,133.965652,-96.093079,304.381226,136.449158,-220.198700,329.618561,172.291245
3812,31.766667,14:47:41:02.01,-96.619186,302.172638,133.278198,-96.611908,309.084351,133.956497,-96.083031,304.395172,136.469070,-219.756241,329.717621,172.302704
3813,31.775000,14:47:41:02.02,-96.619255,302.173126,133.277939,-96.612755,309.082855,133.954865,-96.075287,304.390656,136.479919,-219.375793,329.798523,172.274414
3814,31.783333,14:47:41:02.03,-96.618996,302.171478,133.277435,-96.610245,309.082123,133.955811,-96.078087,304.389709,136.477478,-219.019562,329.865051,172.266174
3815,31.791667,14:47:41:03.00,-96.617981,302.171051,133.277420,-96.610802,309.083801,133.956726,-96.079735,304.388641,136.472031,-218.596954,329.945312,172.270721
3816,31.800000,14:47:41:03.01,-96.617004,302.171570,133.277725,-96.608963,309.084229,133.955887,-96.086678,304.381744,136.458023,-218.220474,329.983612,172.251434
3817,31.808333,14:47:41:03.02,-96.617264,302.173889,133.277115,-96.609978,309.084290,133.955170,-96.089012,304.378693,136.456604,-217.816025,330.033386,172.235687
3818,31.816667,14:47:41:03.03,-96.620773,302.172729,133.277985,-96.611671,309.084869,133.956909,-96.089783,304.379425,136.456207,-217.458527,330.080444,172.209686
3819,31.825000,14:47:41:04.00,-96.621101,302.170074,133.278000,-96.610138,309.084595,133.955887,-96.088768,304.380280,136.456451,-217.064285,330.130310,172.207306
3820,31.833333,14:47:41:04.01,-96.619881,302.171936,133.277176,-96.610504,309.084686,133.957565,-96.087349,304.379974,136.457489,-216.712784,330.157623,172.211639
3821,31.841667,14:47:41:04.02,-96.619896,302.172333,133.277374,-96.610458,309.084259,133.956436,-96.086761,304.381287,136.457016,-216.333817,330.178040,172.235397
3822,31.850000,14:47:41:04.03,-96.616638,302.171112,133.279266,-96.609962,309.082703,133.956284,-96.088272,304.380096,136.456757,-215.972137,330.201447,172.246582
3823,31.858333,14:47:41:05.00,-96.618729,302.172028,133.276596,-96.609489,309.083069,133.955887,-96.090088,304.381409,136.457581,-215.604996,330.229126,172.254532
3824,31.866667,14:47:41:05.01,-96.619545,302.173157,133.277847,-96.610519,309.084381,133.955688,-96.089134,304.380707,136.456345,-215.254944,330.237793,172.249466
3825,31.875000,14:47:41:05.02,-96.617714,302.172760,133.278290,-96.609894,309.082489,133.955521,-96.087578,304.380707,136.456818,-214.915512,330.268524,172.235123
3826,31.883333,14:47:41:05.03,-96.617943,302.172363,133.277390,-96.609665,309.083099,133.955734,-96.088806,304.379517,136.455826,-214.588303,330.268433,172.231659
3827,31.891667,14:47:41:06.00,-96.619415,302.171356,133.276825,-96.609886,309.082672,133.955902,-96.088768,304.380188,136.455582,-214.206177,330.233826,172.270264
3828,31.900000,14:47:41:06.01,-96.618591,302.171295,133.276947,-96.609344,309.083984,133.956390,-96.089119,304.380341,136.455933,-213.908218,330.210602,172.270370
3829,31.908333,14:47:41:06.02,-96.621361,302.174164,133.277832,-96.609657,309.083618,133.957336,-96.089355,304.379242,136.454422,-213.533783,330.234680,172.284729
3830,31.916667,14:47:41:06.03,-96.620384,302.172760,133.276947,-96.609970,309.085144,133.957047,-96.088524,304.378510,136.455322,-213.244156,330.206848,172.254807
3831,31.925000,14:47:41:07.00,-96.622154,302.170013,133.277130,-96.610352,309.082947,133.955368,-96.087944,304.379944,136.455841,-212.908356,330.148407,172.197876
3832,31.933333,14:47:41:07.01,-96.619949,302.170105,133.277649,-96.610916,309.082275,133.956100,-96.088631,304.379120,136.456268,-212.590652,330.091339,172.174576
3833,31.941667,14:47:41:07.02,-96.621071,302.169922,133.277115,-96.611557,309.082703,133.956085,-96.086922,304.379700,136.456131,-212.287521,330.049042,172.159531
3834,31.950000,14:47:41:07.03,-96.620819,302.170441,133.277100,-96.610954,309.082367,133.956009,-96.088234,304.380096,136.454956,-211.958618,330.003143,172.154022
3835,31.958333,14:47:41:08.00,-96.624779,302.169342,133.275421,-96.610580,309.083038,133.955368,-96.090294,304.379547,136.456100,-211.668091,329.911896,172.137970
3836,31.966667,14:47:41:08.01,-96.624062,302.170227,133.277725,-96.610275,309.083435,133.955933,-96.089409,304.379456,136.455566,-211.395142,329.855408,172.084839
3837,31.975000,14:47:41:08.02,-96.622139,302.169891,133.275299,-96.611382,309.083282,133.957489,-96.088089,304.379303,136.454910,-211.053604,329.790436,172.080902
3838,31.983333,14:47:41:08.03,-96.617966,302.170288,133.276337,-96.610390,309.084045,133.956833,-96.088615,304.379089,136.455704,-210.818451,329.660492,172.071503
3839,31.991667,14:47:41:09.00,-96.618332,302.171814,133.277451,-96.608902,309.082672,133.955750,-96.088295,304.378784,136.455887,-210.533737,329.581146,172.013428
3840,32.000000,14:47:41:09.01,-96.619759,302.170166,133.277481,-96.619156,309.091553,133.953995,-96.088524,304.382660,136.455826,-210.215622,329.502808,171.988495
3841,32.008333,14:47:41:09.02,-96.620964,302.171753,133.277130,-96.612022,309.083984,133.956436,-96.087799,304.382172,136.457443,-209.953766,329.389435,171.945267
3842,32.016667,14:47:41:09.03,-96.619812,302.171265,133.276505,-96.609093,309.083588,133.955383,-96.089218,304.379333,136.454697,-209.702881,329.278992,171.898178
3843,32.025000,14:47:41:10.00,-96.621094,302.169983,133.276627,-96.609947,309.084442,133.957321,-96.087440,304.381561,136.456390,-209.414368,329.127045,171.849503
3844,32.033333,14:47:41:10.01,-96.620216,302.169952,133.277679,-96.609802,309.084503,133.955963,-96.088531,304.380432,136.456375,-209.138016,329.028412,171.811539
3845,32.041667,14:47:41:10.02,-96.619263,302.172699,133.278336,-96.610695,309.083405,133.956680,-96.089218,304.380188,136.456863,-208.891037,328.884521,171.768326
3846,32.050000,14:47:41:10.03,-96.618698,302.170471,133.276810,-96.609390,309.082397,133.954849,-96.089317,304.378967,136.455414,-208.685379,328.759308,171.723572
3847,32.058333,14:47:41:11.00,-96.619293,302.172150,133.277710,-96.611267,309.084015,133.955933,-96.088921,304.379639,136.455963,-208.428192,328.576721,171.684540
3848,32.066667,14:47:41:11.01,-96.618240,302.171844,133.278152,-96.610085,309.083618,133.954819,-96.089615,304.379974,136.455460,-208.131821,328.431854,171.629852
3849,32.075000,14:47:41:11.02,-96.618347,302.172791,133.278473,-96.611336,309.084137,133.956635,-96.087982,304.381531,136.456268,-207.893036,328.249207,171.593353
3850,32.083333,14:47:41:11.03,-96.619514,302.171326,133.278030,-96.610611,309.084534,133.957153,-96.086723,304.379120,136.454788,-207.649414,328.085449,171.546021
3851,32.091667,14:47:41:12.00,-96.621658,302.169525,133.276993,-96.609818,309.084991,133.956284,-96.089615,304.380402,136.456924,-207.400040,327.890381,171.517105
3852,32.100000,14:47:41:12.01,-96.622215,302.173035,133.278748,-96.610603,309.085266,133.956940,-96.089386,304.380859,136.456329,-207.167084,327.689819,171.495193
3853,32.108333,14:47:41:12.02,-96.619415,302.171844,133.277847,-96.610352,309.084778,133.957184,-96.088799,304.381195,136.456787,-206.942154,327.498230,171.443146
3854,32.116667,14:47:41:12.03,-96.620667,302.172028,133.278183,-96.609901,309.084045,133.956299,-96.088058,304.380280,136.456131,-206.683090,327.286194,171.384659
3855,32.125000,14:47:41:13.00,-96.618645,302.171631,133.278137,-96.611832,309.084503,133.956421,-96.087936,304.379639,136.455093,-206.434677,327.085968,171.355637
3856,32.133333,14:47:41:13.01,-96.620834,302.172516,133.278976,-96.609802,309.084930,133.955536,-96.087975,304.379791,136.455276,-206.219742,326.864349,171.319016
3857,32.141667,14:47:41:13.02,-96.618492,302.173676,133.278366,-96.609123,309.084442,133.956848,-96.088783,304.380219,136.455292,-205.988892,326.592163,171.271194
3858,32.150000,14:47:41:13.03,-96.616074,302.173309,133.277649,-96.609978,309.084412,133.955948,-96.088722,304.380859,136.456573,-205.758835,326.365112,171.225861
3859,32.158333,14:47:41:14.00,-96.619293,302.171295,133.277939,-96.610886,309.084595,133.956604,-96.089645,304.381317,136.457169,-205.545624,326.137604,171.172043
3860,32.166667,14:47:41:14.01,-96.620979,302.172241,133.277222,-96.611557,309.083099,133.957535,-96.087357,304.380432,136.456345,-205.344849,325.883423,171.124680
3861,32.175000,14:47:41:14.02,-96.617981,302.171722,133.278305,-96.611588,309.084137,133.957138,-96.089127,304.381378,136.455460,-205.128952,325.579834,171.085571
3862,32.183333,14:47:41:14.03,-96.617470,302.173126,133.278137,-96.609627,309.083008,133.956116,-96.089432,304.379944,136.456146,-204.908157,325.295868,171.044724
3863,32.191667,14:47:41:15.00,-96.619087,302.174011,133.276321,-96.610352,309.084198,133.956116,-96.087242,304.380554,136.455673,-204.628174,325.053772,171.018173
3864,32.200000,14:47:41:15.01,-96.620201,302.170288,133.276260,-96.609238,309.084412,133.956390,-96.088837,304.379425,136.455765,-204.411957,324.782959,170.952682
3865,32.208333,14:47:41:15.02,-96.621857,302.172485,133.276398,-96.609650,309.083923,133.955780,-96.087570,304.381104,136.455475,-204.212662,324.457153,170.874893
3866,32.216667,14:47:41:15.03,-96.618828,302.172546,133.277191,-96.610573,309.083527,133.956009,-96.087486,304.381683,136.456726,-203.991013,324.129974,170.795135
3867,32.225000,14:47:41:16.00,-96.618813,302.171875,133.276627,-96.609703,309.083496,133.955841,-96.088837,304.381409,136.455551,-203.790115,323.805603,170.706238
3868,32.233333,14:47:41:16.01,-96.616837,302.174438,133.278793,-96.611908,309.114899,133.961914,-96.088501,304.381958,136.456070,-203.586441,323.473755,170.619232
3869,32.241667,14:47:41:16.02,-96.617958,302.174255,133.278549,-96.627586,309.091217,133.944870,-96.087692,304.380676,136.455048,-203.316711,323.142029,170.586563
3870,32.250000,14:47:41:16.03,-96.619347,302.172455,133.277512,-96.626831,309.056458,133.930817,-96.087715,304.380524,136.455566,-203.125381,322.802094,170.521271
3871,32.258333,14:47:41:17.00,-96.622856,302.170654,133.277344,-96.624100,309.051666,133.931580,-96.090019,304.381073,136.456238,-202.931808,322.433502,170.385986
3872,32.266667,14:47:41:17.01,-96.620056,302.171417,133.278061,-96.624535,309.061493,133.933670,-96.087540,304.378845,136.455063,-202.733582,322.074768,170.301804
3873,32.275000,14:47:41:17.02,-96.618011,302.172943,133.276215,-96.622879,309.063568,133.932465,-96.088791,304.381378,136.455933,-202.544693,321.695770,170.241287
3874,32.283333,14:47:41:17.03,-96.616783,302.172424,133.278030,-96.624481,309.064270,133.934708,-96.087784,304.414520,136.459808,-202.335983,321.341095,170.144974
3875,32.291667,14:47:41:18.00,-96.616737,302.174438,133.278595,-96.624290,309.063721,133.934555,-96.084061,304.411316,136.458481,-202.104767,320.966827,170.074753
3876,32.300000,14:47:41:18.01,-96.616280,302.176056,133.278961,-96.624535,309.063232,133.933777,-96.083153,304.389191,136.463409,-201.888199,320.590607,170.030838
3877,32.308333,14:47:41:18.02,-96.610680,302.176239,133.278168,-96.625259,309.062744,133.935135,-96.091660,304.381714,136.449249,-201.689957,320.212830,169.982132
3878,32.316667,14:47:41:18.03,-96.612488,302.174194,133.278580,-96.624847,309.062378,133.934738,-96.092155,304.386963,136.450714,-201.496384,319.827423,169.919266
3879,32.325000,14:47:41:19.00,-96.616791,302.202148,133.278305,-96.625053,309.061768,133.935593,-96.093575,304.391663,136.449188,-201.282288,319.453735,169.868607
3880,32.333333,14:47:41:19.01,-96.612724,302.199951,133.284210,-96.625511,309.062897,133.934921,-96.093208,304.393372,136.451462,-201.087952,319.063477,169.825684
3881,32.341667,14:47:41:19.02,-96.615959,302.173553,133.277298,-96.626038,309.062042,133.934631,-96.091873,304.393494,136.451721,-200.847290,318.678009,169.816635
3882,32.350000,14:47:41:19.03,-96.619995,302.175629,133.275146,-96.625076,309.062225,133.933670,-96.093338,304.393311,136.451202,-200.623993,318.277039,169.779236
3883,32.358333,14:47:41:20.00,-96.612511,302.187836,133.282516,-96.624451,309.062408,133.934174,-96.092415,304.393280,136.451630,-200.394913,317.873779,169.770081
3884,32.366667,14:47:41:20.01,-96.611481,302.190033,133.283340,-96.625099,309.061829,133.935760,-96.092995,304.393005,136.451141,-200.172333,317.470917,169.709900
3885,32.375000,14:47:41:20.02,-96.612984,302.188934,133.283020,-96.625450,309.062256,133.935623,-96.092545,304.392517,136.450897,-199.917023,317.063538,169.663498
3886,32.383333,14:47:41:20.03,-96.615067,302.189087,133.282654,-96.625351,309.062469,133.934677,-96.094261,304.392212,136.451477,-199.702087,316.663910,169.661407
3887,32.391667,14:47:41:21.00,-96.616837,302.189240,133.281738,-96.624893,309.061340,133.935394,-96.093460,304.391754,136.451248,-199.480835,316.263123,169.654037
3888,32.400000,14:47:41:21.01,-96.616737,302.188080,133.283325,-96.625366,309.061707,133.936523,-96.092697,304.392303,136.451340,-199.231735,315.879974,169.638870
3889,32.408333,14:47:41:21.02,-96.614906,302.189484,133.281418,-96.624901,309.061829,133.935349,-96.094215,304.393127,136.451859,-198.998795,315.493134,169.599594
3890,32.416667,14:47:41:21.03,-96.615501,302.188751,133.284058,-96.625206,309.062347,133.935349,-96.092430,304.393066,136.451477,-198.765320,315.096771,169.525497
3891,32.425000,14:47:41:22.00,-96.613350,302.188812,133.283310,-96.624954,309.061920,133.935730,-96.092987,304.393494,136.450821,-198.519882,314.665344,169.466034
3892,32.433333,14:47:41:22.01,-96.613754,302.188660,133.283005,-96.623634,309.063232,133.935730,-96.091492,304.392334,136.451599,-198.292007,314.233765,169.426865
3893,32.441667,14:47:41:22.02,-96.614647,302.188721,133.282074,-96.622482,309.063904,133.934555,-96.091995,304.393097,136.452240,-198.046188,313.822021,169.372421
3894,32.450000,14:47:41:22.03,-96.617195,302.188477,133.283646,-96.620224,309.061920,133.935547,-96.093369,304.392548,136.452377,-197.804001,313.424744,169.286423
3895,32.458333,14:47:41:23.00,-96.618607,302.189697,133.283676,-96.620728,309.061493,133.935913,-96.092140,304.392670,136.452835,-197.578705,313.023224,169.218796
3896,32.466667,14:47:41:23.01,-96.616226,302.186646,133.282104,-96.622643,309.062286,133.936035,-96.093353,304.392395,136.452515,-197.330139,312.626587,169.180878
3897,32.475000,14:47:41:23.02,-96.621162,302.187317,133.284042,-96.621803,309.062134,133.935364,-96.092720,304.391632,136.453110,-197.087830,312.240295,169.132507
3898,32.483333,14:47:41:23.03,-96.619743,302.185364,133.283722,-96.621849,309.061371,133.934662,-96.092712,304.391571,136.452377,-196.878220,311.803131,169.015747
3899,32.491667,14:47:41:24.00,-96.622032,302.186249,133.284286,-96.620544,309.061127,133.933975,-96.092728,304.391846,136.453415,-196.600830,311.389648,168.960983
3900,32.500000,14:47:41:24.01,-96.623466,302.186737,133.284134,-96.621666,309.062592,133.935394,-96.092346,304.392517,136.453278,-196.370239,310.962494,168.915756
3901,32.508333,14:47:41:24.02,-96.620171,302.187225,133.284317,-96.620239,309.061157,133.935120,-96.092140,304.390778,136.452240,-196.115952,310.573669,168.846054
3902,32.516667,14:47:41:24.03,-96.619537,302.185425,133.283188,-96.620552,309.062744,133.935593,-96.092377,304.390930,136.452881,-195.870834,310.182678,168.754761
3903,32.525000,14:47:41:25.00,-96.621254,302.186310,133.284302,-96.620392,309.062836,133.935379,-96.093307,304.390869,136.452896,-195.680069,309.785767,168.672699
3904,32.533333,14:47:41:25.01,-96.621765,302.185669,133.283096,-96.620163,309.061768,133.934769,-96.092293,304.391510,136.452530,-195.464355,309.390350,168.611923
3905,32.541667,14:47:41:25.02,-96.622688,302.185822,133.283386,-96.619911,309.061920,133.934906,-96.093445,304.392059,136.452911,-195.177872,309.029724,168.561478
3906,32.550000,14:47:41:25.03,-96.621452,302.185883,133.282974,-96.621666,309.061829,133.934982,-96.091606,304.390869,136.451904,-194.941498,308.656586,168.478912
3907,32.558333,14:47:41:26.00,-96.624039,302.186310,133.284683,-96.621552,309.061157,133.934982,-96.094452,304.392487,136.452515,-194.696762,308.266449,168.426788
3908,32.566667,14:47:41:26.01,-96.622398,302.186249,133.283691,-96.621025,309.062256,133.935898,-96.093102,304.390839,136.452774,-194.467407,307.871124,168.353287
3909,32.575000,14:47:41:26.02,-96.623352,302.185486,133.284729,-96.621445,309.061493,133.934952,-96.092484,304.390930,136.452438,-194.253967,307.500885,168.265549
3910,32.583333,14:47:41:26.03,-96.621872,302.186310,133.283127,-96.620895,309.061829,133.934372,-96.093849,304.390991,136.452179,-193.969147,307.137573,168.209808
3911,32.591667,14:47:41:27.00,-96.622482,302.185638,133.283707,-96.621948,309.061157,133.935684,-96.093010,304.390991,136.452072,-193.715134,306.764374,168.166901
3912,32.600000,14:47:41:27.01,-96.622238,302.185852,133.283936,-96.621483,309.060822,133.934723,-96.092484,304.390808,136.453140,-193.493759,306.400055,168.095215
3913,32.608333,14:47:41:27.02,-96.623650,302.185242,133.283630,-96.621567,309.061646,133.934860,-96.092331,304.390045,136.451874,-193.274384,306.051056,167.984070
3914,32.616667,14:47:41:27.03,-96.623993,302.185364,133.285080,-96.621910,309.061432,133.934753,-96.093063,304.391388,136.451904,-193.046646,305.697388,167.917938
3915,32.625000,14:47:41:28.00,-96.621162,302.186035,133.284790,-96.622086,309.060516,133.934692,-96.093201,304.391296,136.452042,-192.777069,305.351685,167.895554
3916,32.633333,14:47:41:28.01,-96.622292,302.184723,133.284073,-96.620644,309.061005,133.935287,-96.092659,304.391113,136.452484,-192.539612,305.028442,167.833725
3917,32.641667,14:47:41:28.02,-96.623474,302.185425,133.285706,-96.622215,309.062073,133.936554,-96.093353,304.390503,136.452942,-192.306931,304.696106,167.750427
3918,32.650000,14:47:41:28.03,-96.623444,302.185638,133.284271,-96.622368,309.060730,133.935364,-96.094582,304.392242,136.453445,-192.076263,304.369659,167.694000
3919,32.658333,14:47:41:29.00,-96.622589,302.185150,133.286133,-96.621414,309.061005,133.935822,-96.092674,304.391113,136.452454,-191.835678,304.061279,167.651672
3920,32.666667,14:47:41:29.01,-96.622047,302.186096,133.284622,-96.621590,309.059998,133.935791,-96.092232,304.390472,136.453033,-191.610123,303.750671,167.578369
3921,32.675000,14:47:41:29.02,-96.623779,302.186493,133.285110,-96.622749,309.061554,133.936768,-96.093307,304.390656,136.453415,-191.398453,303.438904,167.492020
3922,32.683333,14:47:41:29.03,-96.625587,302.186157,133.284561,-96.621445,309.063232,133.935913,-96.092659,304.391418,136.452972,-191.177689,303.132141,167.447678
3923,32.691667,14:47:42:00.00,-96.624535,302.185577,133.285446,-96.620613,309.061920,133.936478,-96.093147,304.390289,136.453293,-190.961182,302.820343,167.403824
3924,32.700000,14:47:42:00.01,-96.621567,302.185669,133.284683,-96.621902,309.061646,133.935211,-96.092789,304.390167,136.453629,-190.724075,302.546570,167.322357
3925,32.708333,14:47:42:00.02,-96.622459,302.185364,133.284576,-96.621933,309.061096,133.935089,-96.092377,304.389771,136.452499,-190.526077,302.254822,167.242569
3926,32.716667,14:47:42:00.03,-96.623894,302.185181,133.285095,-96.621437,309.060608,133.935364,-96.092094,304.391174,136.453400,-190.313263,302.012299,167.193146
3927,32.725000,14:47:42:01.00,-96.623138,302.185699,133.284576,-96.622383,309.061646,133.934586,-96.093079,304.392181,136.452927,-190.105087,301.749268,167.146072
3928,32.733333,14:47:42:01.01,-96.622314,302.186646,133.284332,-96.621147,309.061096,133.935593,-96.092812,304.390991,136.452942,-189.899277,301.471161,167.043488
3929,32.741667,14:47:42:01.02,-96.621780,302.186279,133.283539,-96.622345,309.062134,133.936127,-96.092834,304.390106,136.452942,-189.703110,301.201569,166.967957
3930,32.750000,14:47:42:01.03,-96.622902,302.185303,133.284561,-96.622559,309.061981,133.936172,-96.094315,304.390930,136.452621,-189.512299,300.981354,166.915176
3931,32.758333,14:47:42:02.00,-96.622528,302.185333,133.284348,-96.621758,309.061920,133.936157,-96.091736,304.390991,136.451874,-189.317337,300.732513,166.841080
3932,32.766667,14:47:42:02.01,-96.623192,302.186523,133.283859,-96.620689,309.062042,133.935059,-96.093239,304.390900,136.453293,-189.118469,300.483337,166.738083
3933,32.775000,14:47:42:02.02,-96.623001,302.185944,133.284836,-96.621536,309.061279,133.935745,-96.094398,304.390320,136.453445,-188.954544,300.257965,166.668167
3934,32.783333,14:47:42:02.03,-96.623878,302.185974,133.284409,-96.622803,309.061737,133.935379,-96.094032,304.390808,136.452896,-188.769043,300.045288,166.605881
3935,32.791667,14:47:42:03.00,-96.624207,302.185089,133.283478,-96.622002,309.061707,133.935410,-96.092361,304.390747,136.452164,-188.590698,299.792084,166.496857
3936,32.800000,14:47:42:03.01,-96.623032,302.186157,133.283844,-96.620628,309.061188,133.934280,-96.092926,304.391541,136.453918,-188.422043,299.597778,166.386719
3937,32.808333,14:47:42:03.02,-96.623108,302.186829,133.284149,-96.621750,309.060455,133.934601,-96.093605,304.391449,136.451355,-188.242386,299.387024,166.356354
3938,32.816667,14:47:42:03.03,-96.622116,302.185211,133.283020,-96.622414,309.062378,133.936249,-96.093399,304.389984,136.453125,-188.065430,299.164398,166.269684
3939,32.825000,14:47:42:04.00,-96.625046,302.185822,133.284271,-96.621185,309.061829,133.936005,-96.092346,304.390259,136.452103,-187.885651,299.003326,166.175568
3940,32.833333,14:47:42:04.01,-96.623192,302.186646,133.283203,-96.621658,309.061127,133.935318,-96.094482,304.390564,136.452240,-187.701752,298.766632,166.112900
3941,32.841667,14:47:42:04.02,-96.622993,302.185730,133.284531,-96.622383,309.061707,133.935684,-96.094978,304.392548,136.453110,-187.531693,298.605835,166.059418
3942,32.850000,14:47:42:04.03,-96.622200,302.186462,133.285309,-96.624001,309.062866,133.937653,-96.093147,304.391357,136.452179,-187.351471,298.427490,165.996582
3943,32.858333,14:47:42:05.00,-96.622810,302.184998,133.283859,-96.621330,309.061707,133.934769,-96.093330,304.392212,136.452469,-187.195633,298.254944,165.906830
3944,32.866667,14:47:42:05.01,-96.623329,302.186218,133.283752,-96.622948,309.061554,133.935776,-96.093422,304.390747,136.452545,-187.038452,298.082703,165.858948
3945,32.875000,14:47:42:05.02,-96.623383,302.186310,133.284073,-96.622864,309.062073,133.935623,-96.094620,304.390747,136.453308,-186.866379,297.945160,165.811340
3946,32.883333,14:47:42:05.03,-96.623329,302.185211,133.283920,-96.622208,309.061829,133.935379,-96.093994,304.391510,136.453476,-186.682816,297.787750,165.758652
3947,32.891667,14:47:42:06.00,-96.624825,302.186340,133.284821,-96.620811,309.061157,133.934799,-96.093658,304.392151,136.452515,-186.529770,297.660492,165.671783
3948,32.900000,14:47:42:06.01,-96.623787,302.186432,133.283752,-96.621536,309.062042,133.935181,-96.093079,304.391327,136.453171,-186.371552,297.506744,165.610367
3949,32.908333,14:47:42:06.02,-96.624229,302.186920,133.284927,-96.621895,309.061707,133.935638,-96.092606,304.391724,136.453217,-186.227173,297.414917,165.550644
3950,32.916667,14:47:42:06.03,-96.624626,302.186401,133.285324,-96.620667,309.061127,133.935028,-96.093628,304.392365,136.453079,-186.046738,297.306549,165.520325
3951,32.925000,14:47:42:07.00,-96.624199,302.184906,133.284912,-96.619720,309.062256,133.935028,-96.093445,304.390717,136.452545,-185.885361,297.203766,165.456512
3952,32.933333,14:47:42:07.01,-96.620605,302.185211,133.283752,-96.622505,309.063049,133.935486,-96.094582,304.392090,136.453156,-185.759552,297.126709,165.377472
3953,32.941667,14:47:42:07.02,-96.621475,302.185669,133.283844,-96.622261,309.061371,133.936218,-96.092392,304.391144,136.452362,-185.606522,297.043427,165.332825
3954,32.950000,14:47:42:07.03,-96.620827,302.186279,133.284988,-96.622620,309.062042,133.935303,-96.093681,304.391632,136.452484,-185.434174,296.952332,165.291183
3955,32.958333,14:47:42:08.00,-96.622955,302.185211,133.284500,-96.621490,309.061401,133.935120,-96.092888,304.390991,136.453857,-185.298782,296.912231,165.232727
3956,32.966667,14:47:42:08.01,-96.624466,302.185211,133.284683,-96.620712,309.062378,133.935867,-96.092506,304.391632,136.453552,-185.158844,296.882263,165.152893
3957,32.975000,14:47:42:08.02,-96.622856,302.185791,133.284027,-96.620003,309.062286,133.935181,-96.093079,304.391876,136.454147,-185.003555,296.840759,165.075989
3958,32.983333,14:47:42:08.03,-96.622078,302.186462,133.284729,-96.621529,309.061951,133.935715,-96.092735,304.391205,136.452667,-184.827301,296.802460,165.056854
3959,32.991667,14:47:42:09.00,-96.621254,302.186188,133.285706,-96.621223,309.061523,133.936462,-96.093262,304.390900,136.452881,-184.684677,296.780182,165.010864
3960,33.000000,14:47:42:09.01,-96.619873,302.185455,133.283920,-96.621315,309.060547,133.935715,-96.092697,304.390991,136.452698,-184.513931,296.787720,164.931961
3961,33.008333,14:47:42:09.02,-96.621307,302.186218,133.284409,-96.621658,309.061279,133.935486,-96.091866,304.390900,136.452316,-184.351486,296.791870,164.862427
3962,33.016667,14:47:42:09.03,-96.621872,302.185608,133.284882,-96.622047,309.062256,133.936783,-96.092072,304.390228,136.453659,-184.214371,296.818115,164.812973
3963,33.025000,14:47:42:10.00,-96.623489,302.186096,133.284882,-96.619812,309.061005,133.935867,-96.093163,304.390930,136.453278,-184.070343,296.831726,164.736710
3964,33.033333,14:47:42:10.01,-96.622398,302.186768,133.285309,-96.622566,309.062836,133.936127,-96.092834,304.390259,136.453400,-183.878540,296.881317,164.675980
3965,33.041667,14:47:42:10.02,-96.621254,302.186737,133.284622,-96.621399,309.061432,133.936142,-96.092781,304.391022,136.453217,-183.703583,296.937653,164.604645
3966,33.050000,14:47:42:10.03,-96.621986,302.186310,133.284210,-96.622322,309.062317,133.936432,-96.092667,304.390320,136.452805,-183.545456,297.003326,164.547119
3967,33.058333,14:47:42:11.00,-96.621185,302.185333,133.284180,-96.623062,309.062042,133.936752,-96.093109,304.391022,136.453079,-183.373795,297.054230,164.480698
3968,33.066667,14:47:42:11.01,-96.624420,302.186005,133.286911,-96.622177,309.061493,133.936295,-96.093925,304.391418,136.453522,-183.176254,297.140289,164.386108
3969,33.075000,14:47:42:11.02,-96.622643,302.184753,133.284409,-96.619835,309.061310,133.935822,-96.092674,304.389404,136.453873,-182.989044,297.233734,164.313354
3970,33.083333,14:47:42:11.03,-96.624741,302.185608,133.285126,-96.619820,309.059906,133.934753,-96.093407,304.390564,136.454193,-182.842682,297.323334,164.224655
3971,33.091667,14:47:42:12.00,-96.622704,302.186005,133.285706,-96.621124,309.061920,133.935928,-96.092949,304.391235,136.453384,-182.651627,297.478973,164.156830
3972,33.100000,14:47:42:12.01,-96.625183,302.185425,133.284378,-96.622337,309.061279,133.936859,-96.093208,304.390869,136.453552,-182.464432,297.605774,164.065323
3973,33.108333,14:47:42:12.02,-96.623428,302.185974,133.284576,-96.622482,309.062195,133.936722,-96.092834,304.391418,136.453751,-182.255753,297.749420,163.995544
3974,33.116667,14:47:42:12.03,-96.621803,302.185455,133.285278,-96.622124,309.062775,133.936417,-96.093842,304.391083,136.453110,-182.076782,297.882141,163.895660
3975,33.125000,14:47:42:13.00,-96.623352,302.184875,133.284943,-96.622078,309.062805,133.936691,-96.093529,304.390350,136.454620,-181.892761,298.062073,163.781052
3976,33.133333,14:47:42:13.01,-96.623466,302.184906,133.285278,-96.622452,309.062653,133.937653,-96.093559,304.390076,136.453705,-181.715256,298.255127,163.702148
3977,33.141667,14:47:42:13.02,-96.620605,302.185242,133.285004,-96.622444,309.061432,133.937256,-96.092873,304.390381,136.454117,-181.500137,298.431885,163.586014
3978,33.150000,14:47:42:13.03,-96.623055,302.183990,133.285492,-96.622543,309.061066,133.936493,-96.093140,304.390137,136.454041,-181.292419,298.627838,163.483780
3979,33.158333,14:47:42:14.00,-96.627144,302.184235,133.286636,-96.621674,309.060150,133.936356,-96.091759,304.388519,136.452576,-181.107254,298.848175,163.389938
3980,33.166667,14:47:42:14.01,-96.626022,302.184845,133.286057,-96.621666,309.060333,133.936737,-96.093475,304.389343,136.453461,-180.891235,299.065247,163.259796
3981,33.175000,14:47:42:14.02,-96.626190,302.183990,133.286743,-96.621727,309.060577,133.938171,-96.093300,304.388580,136.454437,-180.705536,299.334320,163.163651
3982,33.183333,14:47:42:14.03,-96.625557,302.184204,133.284973,-96.622856,309.061310,133.937485,-96.091957,304.389526,136.452835,-180.495148,299.554352,163.014526
3983,33.191667,14:47:42:15.00,-96.624054,302.184540,133.285721,-96.621880,309.060944,133.936798,-96.092804,304.388489,136.454086,-180.299103,299.835724,162.906799
3984,33.200000,14:47:42:15.01,-96.622070,302.184784,133.284698,-96.621338,309.060333,133.937210,-96.093788,304.388977,136.454193,-180.069550,300.088318,162.754959
3985,33.208333,14:47:42:15.02,-96.624908,302.184570,133.286270,-96.622246,309.060913,133.936707,-96.093018,304.389465,136.455078,-179.856735,300.402130,162.635651
3986,33.216667,14:47:42:15.03,-96.626999,302.184998,133.285492,-96.622101,309.060516,133.937225,-96.093575,304.388702,136.453629,-179.614685,300.684143,162.478699
3987,33.225000,14:47:42:16.00,-96.627029,302.185974,133.285355,-96.623734,309.061340,133.938187,-96.092682,304.389130,136.453430,-179.402313,301.000824,162.353546
3988,33.233333,14:47:42:16.01,-96.624763,302.185547,133.284958,-96.622330,309.061035,133.935913,-96.095207,304.390015,136.454697,-179.173676,301.314117,162.169785
3989,33.241667,14:47:42:16.02,-96.623810,302.185394,133.286423,-96.622597,309.061707,133.937073,-96.093491,304.389435,136.453674,-178.941483,301.628265,162.041367
3990,33.250000,14:47:42:16.03,-96.623138,302.185669,133.285538,-96.620377,309.061707,133.936752,-96.093628,304.389832,136.453476,-178.718307,301.981445,161.846878
3991,33.258333,14:47:42:17.00,-96.623337,302.185944,133.285034,-96.620781,309.061920,133.936508,-96.092247,304.389587,136.453491,-178.478058,302.319916,161.678970
3992,33.266667,14:47:42:17.01,-96.623009,302.185730,133.285568,-96.621559,309.062256,133.936859,-96.093193,304.391235,136.453384,-178.225586,302.659210,161.508530
3993,33.275000,14:47:42:17.02,-96.618675,302.186646,133.284592,-96.620766,309.062012,133.936218,-96.092728,304.392670,136.453430,-177.983826,303.035675,161.301376
3994,33.283333,14:47:42:17.03,-96.619591,302.187775,133.284622,-96.619850,309.062836,133.936127,-96.093399,304.392059,136.453354,-177.740067,303.430878,161.137680
3995,33.291667,14:47:42:18.00,-96.619759,302.187347,133.284790,-96.620819,309.062561,133.935410,-96.093231,304.391846,136.453278,-177.499603,303.774750,160.915024
3996,33.300000,14:47:42:18.01,-96.620026,302.186859,133.284164,-96.621468,309.063812,133.935959,-96.091965,304.391510,136.452957,-177.218170,304.158295,160.720764
3997,33.308333,14:47:42:18.02,-96.619873,302.187408,133.284454,-96.619942,309.063171,133.935501,-96.092278,304.392609,136.452530,-176.947586,304.560242,160.534714
3998,33.316667,14:47:42:18.03,-96.620621,302.186462,133.286270,-96.620407,309.063141,133.935226,-96.090523,304.392456,136.452042,-176.693237,304.948273,160.296768
3999,33.325000,14:47:42:19.00,-96.619484,302.187286,133.284714,-96.620491,309.064606,133.936172,-96.091690,304.391968,136.452957,-176.377060,305.401672,160.115417
4000,33.333333,14:47:42:19.01,-96.619728,302.187134,133.284470,-96.619766,309.062469,133.935669,-96.092827,304.392639,136.454178,-176.103027,305.812073,159.900940
4001,33.341667,14:47:42:19.02,-96.622124,302.186981,133.284698,-96.621475,309.062164,133.935745,-96.092316,304.392761,136.452988,-175.809998,306.220856,159.692673
4002,33.350000,14:47:42:19.03,-96.619102,302.187622,133.284592,-96.622437,309.064087,133.937439,-96.092163,304.393005,136.452408,-175.497299,306.646484,159.472244
4003,33.358333,14:47:42:20.00,-96.621956,302.187683,133.285522,-96.622124,309.063446,133.936935,-96.092995,304.393036,136.454361,-175.207016,307.098541,159.215240
4004,33.366667,14:47:42:20.01,-96.618446,302.187866,133.282562,-96.619568,309.063446,133.936920,-96.093330,304.391754,136.453552,-174.923691,307.558624,158.995880
4005,33.375000,14:47:42:20.02,-96.617798,302.187836,133.284119,-96.619888,309.063354,133.936874,-96.093536,304.393372,136.452896,-174.622452,308.007690,158.786774
4006,33.383333,14:47:42:20.03,-96.618515,302.186920,133.283371,-96.623215,309.063141,133.936096,-96.091354,304.392029,136.452240,-174.337753,308.463318,158.528900
4007,33.391667,14:47:42:21.00,-96.615463,302.189270,133.283508,-96.622696,309.062256,133.935638,-96.092072,304.392731,136.453369,-174.055450,308.947052,158.309097
4008,33.400000,14:47:42:21.01,-96.613113,302.188354,133.282837,-96.621147,309.062347,133.936172,-96.092484,304.394043,136.453003,-173.776398,309.418762,158.052048
4009,33.408333,14:47:42:21.02,-96.612534,302.189789,133.281815,-96.622032,309.063232,133.935196,-96.091064,304.393280,136.450851,-173.480957,309.903900,157.789642
4010,33.416667,14:47:42:21.03,-96.615288,302.190979,133.283646,-96.622726,309.063995,133.934845,-96.093552,304.394806,136.451797,-173.207779,310.374359,157.507309
4011,33.425000,14:47:42:22.00,-96.614189,302.189697,133.283157,-96.624199,309.063202,133.934387,-96.092300,304.393616,136.451263,-172.943573,310.855347,157.274124
4012,33.433333,14:47:42:22.01,-96.614006,302.189056,133.281418,-96.623978,309.063812,133.934204,-96.092430,304.393707,136.450928,-172.655685,311.359467,157.049866
4013,33.441667,14:47:42:22.02,-96.612556,302.190247,133.282547,-96.624718,309.062897,133.934906,-96.091927,304.394653,136.452271,-172.382507,311.810730,156.778152
4014,33.450000,14:47:42:22.03,-96.612587,302.190338,133.282303,-96.624825,309.062866,133.934708,-96.091782,304.394318,136.450851,-172.075684,312.305969,156.540924
4015,33.458333,14:47:42:23.00,-96.613014,302.189972,133.282501,-96.625443,309.062927,133.935349,-96.091515,304.393890,136.450821,-171.802750,312.799377,156.285065
4016,33.466667,14:47:42:23.01,-96.612808,302.191010,133.281784,-96.624252,309.062897,133.935989,-96.092560,304.394806,136.450745,-171.522888,313.262329,156.010681
4017,33.475000,14:47:42:23.02,-96.612473,302.188019,133.281342,-96.625198,309.063477,133.934158,-96.093056,304.394043,136.451691,-171.230728,313.739990,155.734390
4018,33.483333,14:47:42:23.03,-96.614502,302.187744,133.282318,-96.624794,309.062805,133.933777,-96.091850,304.393341,136.451706,-170.966446,314.226868,155.448990
4019,33.491667,14:47:42:24.00,-96.610100,302.175140,133.280807,-96.624924,309.062805,133.935303,-96.091835,304.394592,136.451324,-170.727768,314.696106,155.148666
4020,33.500000,14:47:42:24.01,-96.613884,302.204285,133.283264,-96.626648,309.062805,133.935257,-96.093163,304.394012,136.450546,-170.481186,315.167175,154.848999
4021,33.508333,14:47:42:24.02,-96.609100,302.181824,133.281677,-96.624931,309.062439,133.935410,-96.092903,304.394897,136.450775,-170.225632,315.648590,154.549622
4022,33.516667,14:47:42:24.03,-96.616257,302.176300,133.278763,-96.626144,309.062683,133.934479,-96.093224,304.391663,136.451645,-169.980225,316.114380,154.246811
4023,33.525000,14:47:42:25.00,-96.620834,302.173737,133.278244,-96.635017,309.069336,133.933182,-96.092705,304.389862,136.450775,-169.748184,316.567383,153.934448
4024,33.533333,14:47:42:25.01,-96.621170,302.173248,133.279999,-96.627289,309.062836,133.934235,-96.088234,304.405151,136.461121,-169.514328,317.033112,153.623611
4025,33.541667,14:47:42:25.02,-96.620956,302.173676,133.277390,-96.626381,309.063965,133.934540,-96.084366,304.407318,136.460800,-169.285431,317.490662,153.309448
4026,33.550000,14:47:42:25.03,-96.619934,302.173462,133.276886,-96.625870,309.063629,133.932861,-96.086929,304.385162,136.457275,-169.063431,317.945160,152.994324
4027,33.558333,14:47:42:26.00,-96.623207,302.172516,133.277176,-96.625618,309.063019,133.933090,-96.083054,304.369873,136.465866,-168.845566,318.394226,152.674576
4028,33.566667,14:47:42:26.01,-96.622490,302.172089,133.277893,-96.623260,309.059875,133.933517,-96.081314,304.395355,136.472839,-168.638474,318.828278,152.357010
4029,33.575000,14:47:42:26.02,-96.621101,302.173859,133.278900,-96.624252,309.065399,133.935959,-96.079391,304.425964,136.478668,-168.430115,319.263275,152.035172
4030,33.583333,14:47:42:26.03,-96.620377,302.173737,133.276108,-96.622292,309.061157,133.939285,-96.081963,304.394470,136.461121,-168.224472,319.692200,151.717224
4031,33.591667,14:47:42:27.00,-96.619308,302.172943,133.277267,-96.621780,309.093719,133.944626,-96.089272,304.380920,136.455185,-168.018524,320.125305,151.403671
4032,33.600000,14:47:42:27.01,-96.621048,302.172913,133.276947,-96.610527,309.089874,133.959549,-96.091202,304.380646,136.456085,-167.821945,320.547150,151.096466
4033,33.608333,14:47:42:27.02,-96.621361,302.172943,133.278122,-96.610344,309.088196,133.958389,-96.088554,304.381287,136.456985,-167.626495,320.970520,150.782761
4034,33.616667,14:47:42:27.03,-96.618637,302.173462,133.277405,-96.611633,309.086517,133.957825,-96.089264,304.381531,136.456635,-167.437912,321.380432,150.467819
4035,33.625000,14:47:42:28.00,-96.618820,302.173218,133.276352,-96.601669,309.093964,133.976501,-96.090714,304.380920,136.456100,-167.248764,321.780060,150.149384
4036,33.633333,14:47:42:28.01,-96.621582,302.173981,133.277191,-96.607826,309.089508,133.960541,-96.089294,304.382507,136.455887,-167.067902,322.164307,149.832123
4037,33.641667,14:47:42:28.02,-96.623779,302.171844,133.275955,-96.611145,309.082977,133.956192,-96.089462,304.381348,136.456085,-166.892395,322.540405,149.526047
4038,33.650000,14:47:42:28.03,-96.619141,302.173340,133.277740,-96.611580,309.082123,133.954803,-96.090149,304.379120,136.456833,-166.724625,322.921906,149.226456
4039,33.658333,14:47:42:29.00,-96.622612,302.174225,133.277695,-96.610382,309.082489,133.956345,-96.089622,304.380951,136.456436,-166.568787,323.307190,148.922852
4040,33.666667,14:47:42:29.01,-96.620789,302.172485,133.277267,-96.619812,309.093079,133.954865,-96.089943,304.381134,136.455948,-166.412674,323.692474,148.615479
4041,33.675000,14:47:42:29.02,-96.622704,302.170837,133.277374,-96.611961,309.085266,133.957642,-96.088425,304.380096,136.457108,-166.246735,324.057129,148.296982
4042,33.683333,14:47:42:29.03,-96.621437,302.170837,133.278503,-96.611786,309.085693,133.957504,-96.089233,304.380493,136.457901,-166.075928,324.393005,147.984451
4043,33.691667,14:47:43:00.00,-96.622398,302.172180,133.279007,-96.610291,309.085052,133.955612,-96.090607,304.379944,136.459198,-165.911453,324.728821,147.666748
4044,33.700000,14:47:43:00.01,-96.625481,302.168091,133.279068,-96.609772,309.083923,133.958176,-96.088097,304.377960,136.460510,-165.781128,325.092590,147.339111
4045,33.708333,14:47:43:00.02,-96.628990,302.165955,133.277924,-96.607574,309.084656,133.957886,-96.089203,304.379730,136.458618,-165.658981,325.443390,147.011261
4046,33.716667,14:47:43:00.03,-96.628899,302.165955,133.278381,-96.609047,309.084534,133.958572,-96.090302,304.379547,136.458847,-165.515045,325.766174,146.684601
4047,33.725000,14:47:43:01.00,-96.630272,302.166138,133.278839,-96.607880,309.083893,133.958527,-96.089531,304.378815,136.460281,-165.368958,326.066345,146.361938
4048,33.733333,14:47:43:01.01,-96.629364,302.166687,133.279999,-96.606651,309.083405,133.958572,-96.080666,304.386719,136.474152,-165.248550,326.403748,146.048172
4049,33.741667,14:47:43:01.02,-96.630531,302.166718,133.278732,-96.607216,309.084076,133.958755,-96.075752,304.394653,136.484100,-165.131363,326.723694,145.732910
4050,33.750000,14:47:43:01.03,-96.627831,302.165710,133.279602,-96.606422,309.084595,133.958496,-96.082214,304.397949,136.470367,-165.000092,327.014008,145.430389
4051,33.758333,14:47:43:02.00,-96.630898,302.167450,133.279114,-96.605186,309.084900,133.958023,-96.086060,304.396362,136.465057,-164.892502,327.310638,145.138321
4052,33.766667,14:47:43:02.01,-96.628777,302.166412,133.279999,-96.604538,309.084839,133.957855,-96.091003,304.389252,136.458481,-164.770020,327.628235,144.850616
4053,33.775000,14:47:43:02.02,-96.630173,302.164734,133.279221,-96.606628,309.084442,133.958572,-96.094147,304.389771,136.452789,-164.645462,327.921112,144.589050
4054,33.783333,14:47:43:02.03,-96.630737,302.166107,133.280365,-96.607918,309.083618,133.958572,-96.094543,304.390320,136.453018,-164.555099,328.183929,144.291367
4055,33.791667,14:47:43:03.00,-96.629189,302.165833,133.279877,-96.606125,309.083801,133.957977,-96.092018,304.390564,136.453705,-164.423187,328.508606,143.999054
4056,33.800000,14:47:43:03.01,-96.616051,302.166077,133.296036,-96.606819,309.083893,133.957092,-96.093567,304.391754,136.453293,-164.351456,328.695801,143.674622
4057,33.808333,14:47:43:03.02,-96.591621,302.175079,133.312347,-96.597900,309.085388,133.975571,-96.093071,304.392273,136.452957,-164.236526,329.006256,143.394424
4058,33.816667,14:47:43:03.03,-96.608910,302.188629,133.290070,-96.595001,309.085754,133.981964,-96.092606,304.391632,136.453018,-164.158356,329.255280,143.123810
4059,33.825000,14:47:43:04.00,-96.622177,302.188538,133.285431,-96.607574,309.064178,133.949707,-96.093658,304.391754,136.453384,-164.064133,329.489288,142.849472
4060,33.833333,14:47:43:04.01,-96.624199,302.186981,133.286148,-96.620407,309.062408,133.936996,-96.094673,304.391327,136.453903,-163.981552,329.750732,142.552917
4061,33.841667,14:47:43:04.02,-96.622574,302.186951,133.286102,-96.620361,309.062256,133.938736,-96.093559,304.392365,136.452866,-163.894257,329.936920,142.245682
4062,33.850000,14:47:43:04.03,-96.621155,302.187958,133.286438,-96.620148,309.062469,133.937698,-96.094116,304.392426,136.453339,-163.822144,330.211090,141.974777
4063,33.858333,14:47:43:05.00,-96.622490,302.187195,133.285629,-96.623573,309.061249,133.936569,-96.094826,304.391876,136.452927,-163.734116,330.391632,141.701263
4064,33.866667,14:47:43:05.01,-96.620529,302.187103,133.284058,-96.623543,309.060699,133.935455,-96.093811,304.392090,136.453552,-163.680908,330.634460,141.446960
4065,33.875000,14:47:43:05.02,-96.621742,302.187103,133.285233,-96.621643,309.061462,133.935623,-96.093979,304.393127,136.453644,-163.600937,330.794586,141.157394
4066,33.883333,14:47:43:05.03,-96.621613,302.187988,133.285599,-96.621468,309.061951,133.937469,-96.093330,304.392639,136.453659,-163.546509,331.021393,140.872025
4067,33.891667,14:47:43:06.00,-96.622803,302.186859,133.286545,-96.621857,309.062866,133.937256,-96.093643,304.392487,136.454697,-163.476212,331.203064,140.616272
4068,33.900000,14:47:43:06.01,-96.622185,302.187836,133.285156,-96.621643,309.063019,133.936584,-96.093521,304.392303,136.453552,-163.416183,331.389252,140.372223
4069,33.908333,14:47:43:06.02,-96.621284,302.187653,133.285843,-96.622231,309.061127,133.936096,-96.094788,304.393250,136.454468,-163.384384,331.585205,140.111633
4070,33.916667,14:47:43:06.03,-96.621658,302.187836,133.285629,-96.621696,309.061737,133.937500,-96.092102,304.392334,136.453110,-163.323593,331.723755,139.832077
4071,33.925000,14:47:43:07.00,-96.620323,302.187561,133.286331,-96.622093,309.061310,133.935516,-96.091988,304.392273,136.454376,-163.269516,331.968506,139.641113
4072,33.933333,14:47:43:07.01,-96.619431,302.187958,133.285461,-96.621452,309.062561,133.937302,-96.093086,304.393005,136.454605,-163.250397,332.067993,139.379532
4073,33.941667,14:47:43:07.02,-96.619324,302.187622,133.285614,-96.620972,309.062469,133.937469,-96.093330,304.392975,136.453690,-163.199142,332.265625,139.163605
4074,33.950000,14:47:43:07.03,-96.622452,302.186951,133.285934,-96.620911,309.062988,133.936996,-96.092079,304.391571,136.453476,-163.151306,332.441986,138.982910
4075,33.958333,14:47:43:08.00,-96.621315,302.186951,133.286148,-96.621964,309.063202,133.936554,-96.093704,304.391571,136.454544,-163.126068,332.532440,138.734116
4076,33.966667,14:47:43:08.01,-96.623108,302.187653,133.286102,-96.621201,309.062408,133.935913,-96.092316,304.392303,136.453369,-163.103226,332.721710,138.585083
4077,33.975000,14:47:43:08.02,-96.623558,302.186737,133.286102,-96.621758,309.062775,133.936813,-96.094307,304.391541,136.454056,-163.062759,332.845581,138.369705
4078,33.983333,14:47:43:08.03,-96.622551,302.186676,133.285385,-96.622704,309.062927,133.938293,-96.094872,304.392639,136.454041,-163.036545,332.946991,138.216064
4079,33.991667,14:47:43:09.00,-96.620682,302.186493,133.285721,-96.622238,309.063660,133.938477,-96.092117,304.392670,136.453674,-163.003937,333.099854,138.019043
4080,34.000000,14:47:43:09.01,-96.621124,302.187195,133.286621,-96.621994,309.063171,133.938049,-96.092972,304.393036,136.454361,-162.981674,333.243011,137.892288
4081,34.008333,14:47:43:09.02,-96.620766,302.187347,133.287018,-96.620850,309.062042,133.936615,-96.093628,304.392792,136.454529,-162.976379,333.310822,137.697083
4082,34.016667,14:47:43:09.03,-96.618416,302.187134,133.286697,-96.621147,309.062683,133.936462,-96.092834,304.391907,136.454041,-162.971634,333.386749,137.547974
4083,34.025000,14:47:43:10.00,-96.618614,302.187256,133.286652,-96.621529,309.061707,133.936615,-96.092453,304.393127,136.454147,-162.945877,333.552185,137.427124
4084,34.033333,14:47:43:10.01,-96.618332,302.187683,133.286057,-96.621605,309.062683,133.937546,-96.093216,304.392944,136.454498,-162.922470,333.655853,137.275330
4085,34.041667,14:47:43:10.02,-96.618057,302.187195,133.285645,-96.621414,309.062286,133.937012,-96.091354,304.391815,136.452957,-162.910599,333.721985,137.172165
4086,34.050000,14:47:43:10.03,-96.620346,302.188354,133.285156,-96.620651,309.063019,133.935730,-96.093864,304.392517,136.454803,-162.903442,333.790771,137.039597
4087,34.058333,14:47:43:11.00,-96.620102,302.187225,133.285797,-96.620720,309.063446,133.936111,-96.091667,304.392792,136.453705,-162.894684,333.882080,136.914169
4088,34.066667,14:47:43:11.01,-96.619125,302.188110,133.286331,-96.621780,309.063110,133.937012,-96.091637,304.393372,136.453598,-162.882828,333.989532,136.834305
4089,34.075000,14:47:43:11.02,-96.618515,302.187897,133.286362,-96.621582,309.062286,133.936615,-96.092239,304.392761,136.453644,-162.886353,334.067780,136.757080
4090,34.083333,14:47:43:11.03,-96.620621,302.187286,133.285172,-96.620399,309.063995,133.937042,-96.092834,304.393494,136.453766,-162.888596,334.105621,136.656113
4091,34.091667,14:47:43:12.00,-96.620186,302.187714,133.285904,-96.619987,309.063660,133.936035,-96.093155,304.393005,136.453934,-162.888245,334.136353,136.542023
4092,34.100000,14:47:43:12.01,-96.617821,302.188324,133.286026,-96.619698,309.063324,133.937042,-96.091263,304.392914,136.453491,-162.900131,334.174622,136.465134
4093,34.108333,14:47:43:12.02,-96.619102,302.187744,133.285828,-96.619888,309.062469,133.936172,-96.087639,304.397308,136.453384,-162.899536,334.231628,136.418091
4094,34.116667,14:47:43:12.03,-96.619179,302.188019,133.285370,-96.621765,309.064728,133.937439,-96.092369,304.394135,136.454605,-162.897095,334.320099,136.377106
4095,34.125000,14:47:43:13.00,-96.620224,302.187958,133.285553,-96.620354,309.063385,133.936279,-96.091171,304.391785,136.453629,-162.905243,334.388855,136.334305
4096,34.133333,14:47:43:13.01,-96.619362,302.188049,133.284790,-96.620872,309.063751,133.937103,-96.094032,304.393372,136.452988,-162.905777,334.432037,136.291138
4097,34.141667,14:47:43:13.02,-96.620499,302.187927,133.285599,-96.621300,309.064331,133.937729,-96.093063,304.393341,136.453934,-162.913330,334.457764,136.220184
4098,34.150000,14:47:43:13.03,-96.617622,302.187531,133.284866,-96.621666,309.064270,133.936020,-96.092995,304.393707,136.453110,-162.927216,334.481323,136.167572
4099,34.158333,14:47:43:14.00,-96.619789,302.188263,133.285431,-96.621231,309.063049,133.936203,-96.092705,304.393250,136.453278,-162.937317,334.503479,136.134583
4100,34.166667,14:47:43:14.01,-96.618782,302.187469,133.285141,-96.621414,309.062469,133.935181,-96.093246,304.392944,136.453690,-162.941711,334.523834,136.112442
4101,34.175000,14:47:43:14.02,-96.619530,302.186096,133.285416,-96.622261,309.063599,133.936569,-96.092415,304.392181,136.453522,-162.949188,334.542267,136.094635
4102,34.183333,14:47:43:14.03,-96.620354,302.187744,133.284821,-96.622528,309.063171,133.936356,-96.093193,304.392853,136.452911,-162.957184,334.558929,136.080246
4103,34.191667,14:47:43:15.00,-96.622345,302.187195,133.284866,-96.622070,309.062958,133.935410,-96.094200,304.393158,136.453979,-162.964264,334.581146,136.072983
4104,34.200000,14:47:43:15.01,-96.622604,302.187714,133.283768,-96.623001,309.062317,133.936203,-96.093384,304.392853,136.452805,-162.976868,334.606964,136.065659
4105,34.208333,14:47:43:15.02,-96.620575,302.187653,133.284882,-96.621437,309.063354,133.935135,-96.093552,304.391571,136.453003,-162.992645,334.637543,136.061615
4106,34.216667,14:47:43:15.03,-96.620850,302.187500,133.284622,-96.621544,309.063141,133.936188,-96.092728,304.391968,136.454178,-163.005920,334.664795,136.057297
4107,34.225000,14:47:43:16.00,-96.619743,302.187256,133.285110,-96.623383,309.063721,133.937714,-96.093506,304.392883,136.454086,-163.021683,334.679840,136.054398
4108,34.233333,14:47:43:16.01,-96.620590,302.187439,133.284622,-96.621559,309.063293,133.936325,-96.093155,304.391663,136.453339,-163.035767,334.688385,136.053177
4109,34.241667,14:47:43:16.02,-96.622269,302.185669,133.284271,-96.622070,309.063568,133.935593,-96.092529,304.392639,136.454025,-163.049728,334.687347,136.056641
4110,34.250000,14:47:43:16.03,-96.623398,302.186829,133.284973,-96.622177,309.064270,133.936966,-96.093185,304.390991,136.453522,-163.063278,334.679688,136.061111
4111,34.258333,14:47:43:17.00,-96.622910,302.186310,133.285217,-96.621574,309.062897,133.936005,-96.093765,304.393066,136.453644,-163.074692,334.673584,136.070023
4112,34.266667,14:47:43:17.01,-96.621674,302.186890,133.284805,-96.622200,309.062469,133.936600,-96.093422,304.392456,136.453796,-163.091934,334.654816,136.076569
4113,34.275000,14:47:43:17.02,-96.621613,302.187714,133.284332,-96.619637,309.062531,133.935196,-96.092819,304.392944,136.452469,-163.108871,334.640778,136.082596
4114,34.283333,14:47:43:17.03,-96.620735,302.186707,133.284409,-96.620926,309.062897,133.935516,-96.092903,304.392029,136.452164,-163.124161,334.623566,136.087006
4115,34.291667,14:47:43:18.00,-96.622574,302.186798,133.285385,-96.622238,309.063232,133.935028,-96.093925,304.392731,136.453247,-163.138931,334.606140,136.092438
4116,34.300000,14:47:43:18.01,-96.624542,302.187805,133.286346,-96.621696,309.061981,133.935684,-96.092712,304.391632,136.453247,-163.152512,334.585724,136.100235
4117,34.308333,14:47:43:18.02,-96.620544,302.187286,133.285217,-96.622635,309.063904,133.934982,-96.094086,304.393372,136.453110,-163.164429,334.570831,136.111801
4118,34.316667,14:47:43:18.03,-96.621918,302.186493,133.285278,-96.621689,309.062164,133.935959,-96.093300,304.391479,136.453201,-163.177719,334.554443,136.126816
4119,34.325000,14:47:43:19.00,-96.620453,302.187225,133.283203,-96.621582,309.063507,133.935547,-96.094360,304.392365,136.453293,-163.194260,334.544189,136.144379
4120,34.333333,14:47:43:19.01,-96.620338,302.187408,133.284668,-96.622124,309.062714,133.936096,-96.092972,304.392731,136.451965,-163.220947,334.529175,136.167297
4121,34.341667,14:47:43:19.02,-96.619484,302.187408,133.284409,-96.621628,309.063446,133.934967,-96.092834,304.392090,136.452713,-163.246887,334.507629,136.188370
4122,34.350000,14:47:43:19.03,-96.620285,302.187347,133.285599,-96.619995,309.062683,133.935745,-96.092133,304.392883,136.452972,-163.281387,334.489349,136.208725
4123,34.358333,14:47:43:20.00,-96.618011,302.188507,133.283859,-96.619637,309.062225,133.934921,-96.091080,304.392365,136.452438,-163.310760,334.474762,136.229294
4124,34.366667,14:47:43:20.01,-96.618149,302.186951,133.283585,-96.621742,309.063080,133.935974,-96.093163,304.392395,136.452789,-163.340652,334.452667,136.251587
4125,34.375000,14:47:43:20.02,-96.620735,302.187195,133.283661,-96.621742,309.062347,133.935410,-96.092018,304.391418,136.452240,-163.359833,334.435516,136.271912
4126,34.383333,14:47:43:20.03,-96.620438,302.186737,133.284332,-96.620613,309.063385,133.934433,-96.093307,304.393188,136.452515,-163.374710,334.413818,136.289932
4127,34.391667,14:47:43:21.00,-96.618233,302.186798,133.283630,-96.619965,309.062347,133.936066,-96.093460,304.392181,136.453064,-163.392670,334.393250,136.307388
4128,34.400000,14:47:43:21.01,-96.618858,302.186676,133.283539,-96.621124,309.063293,133.935303,-96.092018,304.392273,136.452515,-163.420517,334.369934,136.328812
4129,34.408333,14:47:43:21.02,-96.617325,302.187225,133.283768,-96.620766,309.062653,133.935287,-96.093010,304.392365,136.452377,-163.448471,334.341064,136.356369
4130,34.416667,14:47:43:21.03,-96.618698,302.187744,133.283646,-96.621567,309.064575,133.936584,-96.092644,304.391235,136.452332,-163.481613,334.309601,136.383499
4131,34.425000,14:47:43:22.00,-96.620544,302.188263,133.284241,-96.620811,309.062286,133.935318,-96.092239,304.392639,136.453384,-163.518173,334.267487,136.420914
4132,34.433333,14:47:43:22.01,-96.620262,302.186707,133.283768,-96.619453,309.062805,133.935745,-96.091934,304.391754,136.453186,-163.551056,334.211090,136.475998
4133,34.441667,14:47:43:22.02,-96.618645,302.187500,133.283813,-96.619072,309.061646,133.934814,-96.094002,304.393341,136.453079,-163.573715,334.138214,136.515030
4134,34.450000,14:47:43:22.03,-96.619240,302.185699,133.283142,-96.620193,309.062500,133.935089,-96.092964,304.392609,136.452652,-163.603165,334.042664,136.551743
4135,34.458333,14:47:43:23.00,-96.617928,302.187286,133.283737,-96.620285,309.061310,133.935532,-96.091202,304.392395,136.452194,-163.627136,333.977997,136.608963
4136,34.466667,14:47:43:23.01,-96.618668,302.187378,133.283646,-96.621696,309.062592,133.935669,-96.092392,304.392731,136.452637,-163.666107,333.923584,136.657501
4137,34.475000,14:47:43:23.02,-96.615997,302.186951,133.283173,-96.620270,309.061768,133.936142,-96.092400,304.391174,136.452484,-163.706726,333.873383,136.731827
4138,34.483333,14:47:43:23.03,-96.615593,302.187958,133.284454,-96.619347,309.063049,133.936050,-96.092674,304.391449,136.453934,-163.746826,333.819092,136.842880
4139,34.491667,14:47:43:24.00,-96.617104,302.187439,133.285126,-96.620872,309.062256,133.935791,-96.090652,304.392456,136.452133,-163.777756,333.714386,136.901077
4140,34.500000,14:47:43:24.01,-96.617142,302.187103,133.285217,-96.619431,309.061584,133.935745,-96.092102,304.392487,136.453476,-163.822342,333.583527,136.965652
4141,34.508333,14:47:43:24.02,-96.616730,302.188324,133.286148,-96.620552,309.061005,133.934555,-96.093636,304.392151,136.453064,-163.883911,333.514343,137.058685
4142,34.516667,14:47:43:24.03,-96.617493,302.187347,133.285187,-96.622368,309.062744,133.935440,-96.092361,304.391479,136.453308,-163.940674,333.448578,137.192459
4143,34.525000,14:47:43:25.00,-96.616699,302.186920,133.284637,-96.620262,309.061432,133.935135,-96.092751,304.392365,136.453171,-163.969849,333.368958,137.289581
4144,34.533333,14:47:43:25.01,-96.618774,302.187683,133.283615,-96.620506,309.062103,133.935013,-96.092972,304.391754,136.453384,-164.038727,333.220734,137.384735
4145,34.541667,14:47:43:25.02,-96.619995,302.186432,133.285217,-96.619354,309.061401,133.934875,-96.091339,304.391754,136.453110,-164.119522,333.086700,137.531265
4146,34.550000,14:47:43:25.03,-96.620110,302.187347,133.285004,-96.620842,309.062805,133.936325,-96.091530,304.391754,136.452942,-164.150635,333.001831,137.645020
4147,34.558333,14:47:43:26.00,-96.616844,302.187622,133.283585,-96.619209,309.061920,133.935791,-96.092659,304.393555,136.454193,-164.231796,332.907715,137.810867
4148,34.566667,14:47:43:26.01,-96.618446,302.188019,133.283127,-96.619423,309.062531,133.935715,-96.092224,304.391876,136.453308,-164.320541,332.707153,137.922958
4149,34.575000,14:47:43:26.02,-96.618179,302.186646,133.283813,-96.620872,309.063354,133.935608,-96.092384,304.391998,136.452042,-164.373520,332.600220,138.087173
4150,34.583333,14:47:43:26.03,-96.615730,302.186432,133.283096,-96.619293,309.062042,133.934601,-96.091721,304.392151,136.452164,-164.469864,332.485626,138.266083
4151,34.591667,14:47:43:27.00,-96.617798,302.187531,133.284897,-96.620453,309.062805,133.934921,-96.092041,304.391632,136.452484,-164.525955,332.299225,138.420258
4152,34.600000,14:47:43:27.01,-96.617302,302.185913,133.284317,-96.621300,309.063049,133.935608,-96.093155,304.391449,136.453522,-164.628418,332.132355,138.609695
4153,34.608333,14:47:43:27.02,-96.618851,302.186951,133.284134,-96.619110,309.063599,133.935410,-96.092621,304.392334,136.452789,-164.696289,332.016602,138.825363
4154,34.616667,14:47:43:27.03,-96.620804,302.187714,133.285065,-96.619614,309.062408,133.935349,-96.092102,304.391418,136.451813,-164.792313,331.757202,138.977249
4155,34.625000,14:47:43:28.00,-96.619446,302.186859,133.284271,-96.621643,309.063019,133.936005,-96.093002,304.391571,136.452469,-164.881088,331.634491,139.226013
4156,34.633333,14:47:43:28.01,-96.616211,302.188721,133.284576,-96.620323,309.063324,133.936096,-96.091034,304.391418,136.453842,-164.975922,331.415955,139.404449
4157,34.641667,14:47:43:28.02,-96.614639,302.186737,133.283279,-96.620346,309.063232,133.934952,-96.092957,304.392731,136.452911,-165.063889,331.217438,139.635056
4158,34.650000,14:47:43:28.03,-96.616898,302.187317,133.284348,-96.620796,309.061707,133.935379,-96.090897,304.392212,136.452621,-165.183151,331.044464,139.884567
4159,34.658333,14:47:43:29.00,-96.616829,302.187286,133.284241,-96.621147,309.062866,133.937210,-96.092720,304.392639,136.453232,-165.271637,330.809052,140.089737
4160,34.666667,14:47:43:29.01,-96.615746,302.187744,133.284348,-96.620483,309.063599,133.936417,-96.091553,304.391418,136.454147,-165.394257,330.621674,140.345993
4161,34.675000,14:47:43:29.02,-96.615479,302.187866,133.283890,-96.620827,309.063690,133.937256,-96.092033,304.393066,136.453354,-165.493515,330.355530,140.612198
4162,34.683333,14:47:43:29.03,-96.614456,302.187531,133.283844,-96.620789,309.063446,133.936279,-96.090195,304.391754,136.452759,-165.607422,330.184143,140.895782
4163,34.691667,14:47:44:00.00,-96.614433,302.187561,133.284073,-96.620537,309.062378,133.935715,-96.091408,304.392487,136.453430,-165.744019,329.905518,141.143692
4164,34.700000,14:47:44:00.01,-96.616310,302.187378,133.284744,-96.622223,309.062561,133.936569,-96.093803,304.392303,136.453842,-165.842621,329.705811,141.411255
4165,34.708333,14:47:44:00.02,-96.619370,302.188141,133.283752,-96.621246,309.062836,133.935471,-96.091499,304.391602,136.452057,-165.981598,329.422424,141.679718
4166,34.716667,14:47:44:00.03,-96.619286,302.187744,133.284683,-96.621803,309.063843,133.936127,-96.084137,304.396423,136.452667,-166.127197,329.186890,141.981369
4167,34.725000,14:47:44:01.00,-96.615791,302.187195,133.284210,-96.619469,309.062347,133.935425,-96.091537,304.393921,136.452652,-166.263077,328.906281,142.253876
4168,34.733333,14:47:44:01.01,-96.616737,302.186646,133.284637,-96.621307,309.063538,133.935883,-96.093353,304.391907,136.452866,-166.383743,328.641754,142.547592
4169,34.741667,14:47:44:01.02,-96.617462,302.188599,133.284271,-96.622452,309.063873,133.935898,-96.093246,304.391144,136.451691,-166.555267,328.381836,142.854797
4170,34.750000,14:47:44:01.03,-96.617836,302.188141,133.284409,-96.621582,309.063110,133.935364,-96.092972,304.392944,136.453323,-166.708038,328.094208,143.166229
4171,34.758333,14:47:44:02.00,-96.617363,302.187744,133.284088,-96.621506,309.063354,133.936295,-96.092918,304.391266,136.452835,-166.865219,327.850281,143.495102
4172,34.766667,14:47:44:02.01,-96.617371,302.187500,133.284485,-96.621742,309.063660,133.935028,-96.091774,304.393158,136.452423,-167.019333,327.538605,143.826157
4173,34.775000,14:47:44:02.02,-96.615723,302.188049,133.284042,-96.621666,309.062805,133.934616,-96.093102,304.392273,136.452286,-167.171799,327.240021,144.143524
4174,34.783333,14:47:44:02.03,-96.618179,302.187073,133.283340,-96.621971,309.062225,133.934509,-96.093903,304.392334,136.452972,-167.342682,326.968750,144.476929
4175,34.791667,14:47:44:03.00,-96.619026,302.185974,133.281906,-96.621109,309.062836,133.935562,-96.094284,304.392212,136.452713,-167.514877,326.642151,144.813217
4176,34.800000,14:47:44:03.01,-96.615417,302.185150,133.282501,-96.622055,309.062897,133.934601,-96.092194,304.391968,136.452850,-167.698654,326.316528,145.138428
4177,34.808333,14:47:44:03.02,-96.602928,302.180481,133.296371,-96.621796,309.059784,133.933289,-96.093521,304.392792,136.452637,-167.886871,326.009430,145.471054
4178,34.816667,14:47:44:03.03,-96.582565,302.182892,133.308609,-96.624359,309.061493,133.933182,-96.094421,304.392120,136.453049,-168.063538,325.683868,145.820816
4179,34.825000,14:47:44:04.00,-96.571793,302.203400,133.312302,-96.624596,309.060333,133.931061,-96.094254,304.392822,136.452957,-168.243103,325.342316,146.167084
4180,34.833333,14:47:44:04.01,-96.557281,302.213287,133.319550,-96.623703,309.059631,133.930420,-96.093079,304.391083,136.452621,-168.448959,325.011017,146.507080
4181,34.841667,14:47:44:04.02,-96.553017,302.207520,133.316666,-96.619057,309.057404,133.936142,-96.091507,304.392242,136.452026,-168.652924,324.674988,146.849915
4182,34.850000,14:47:44:04.03,-96.571449,302.195190,133.306259,-96.603508,309.065186,133.962570,-96.092583,304.391815,136.452240,-168.848404,324.308350,147.194885
4183,34.858333,14:47:44:05.00,-96.617332,302.173096,133.281204,-96.597420,309.094879,133.984772,-96.092415,304.391876,136.453491,-169.047668,323.954865,147.527634
4184,34.866667,14:47:44:05.01,-96.629333,302.166290,133.279495,-96.602631,309.124146,134.000519,-96.094627,304.391418,136.452667,-169.261063,323.631622,147.862213
4185,34.875000,14:47:44:05.02,-96.627335,302.167145,133.280792,-96.611183,309.122406,133.989944,-96.093643,304.391144,136.453064,-169.474213,323.291229,148.208221
4186,34.883333,14:47:44:05.03,-96.621330,302.171387,133.280548,-96.614693,309.088501,133.956177,-96.092422,304.391266,136.453339,-169.686966,322.922119,148.549835
4187,34.891667,14:47:44:06.00,-96.621262,302.169647,133.279495,-96.614960,309.064056,133.947723,-96.093254,304.392151,136.454361,-169.910294,322.546875,148.884338
4188,34.900000,14:47:44:06.01,-96.620766,302.170776,133.278442,-96.627769,309.067444,133.931152,-96.093048,304.390900,136.452713,-170.149414,322.207397,149.223740
4189,34.908333,14:47:44:06.02,-96.620003,302.170868,133.278687,-96.630463,309.064972,133.940094,-96.094070,304.388702,136.448486,-170.394440,321.860321,149.573273
4190,34.916667,14:47:44:06.03,-96.620705,302.170502,133.277786,-96.623901,309.060364,133.935028,-96.094582,304.386841,136.450775,-170.630341,321.476685,149.910812
4191,34.925000,14:47:44:07.00,-96.621147,302.172058,133.278427,-96.626076,309.063171,133.933640,-96.093025,304.389465,136.452408,-170.859406,321.085052,150.248306
4192,34.933333,14:47:44:07.01,-96.619118,302.171600,133.279938,-96.627350,309.062042,133.933441,-96.094315,304.386322,136.450928,-171.099701,320.716980,150.585281
4193,34.941667,14:47:44:07.02,-96.621841,302.170990,133.278656,-96.626297,309.062408,133.932541,-96.096352,304.385223,136.446289,-171.361145,320.364014,150.917831
4194,34.950000,14:47:44:07.03,-96.619690,302.171600,133.278488,-96.626373,309.061829,133.932343,-96.098015,304.391113,136.444855,-171.621841,319.983459,151.247192
4195,34.958333,14:47:44:08.00,-96.617592,302.172485,133.277145,-96.626656,309.061676,133.932098,-96.092140,304.390045,136.451477,-171.870239,319.584290,151.582214
4196,34.966667,14:47:44:08.01,-96.617386,302.172455,133.279099,-96.626244,309.061584,133.932526,-96.089966,304.393829,136.455811,-172.106110,319.191010,151.920471
4197,34.975000,14:47:44:08.02,-96.615303,302.173584,133.278793,-96.626366,309.061279,133.934402,-96.091919,304.395142,136.453781,-172.353607,318.808350,152.256744
4198,34.983333,14:47:44:08.03,-96.615456,302.172699,133.277054,-96.626350,309.061798,133.934753,-96.093681,304.393921,136.451141,-172.636200,318.439240,152.588745
4199,34.991667,14:47:44:09.00,-96.608261,302.194122,133.289124,-96.624245,309.063110,133.933594,-96.092728,304.392242,136.452377,-172.903732,318.050812,152.913513
4200,35.000000,14:47:44:09.01,-96.589645,302.225372,133.309982,-96.626801,309.063232,133.935257,-96.092697,304.393250,136.450577,-173.150024,317.639374,153.227051
4201,35.008333,14:47:44:09.02,-96.584770,302.199127,133.293915,-96.626938,309.062988,133.935577,-96.091469,304.393066,136.452301,-173.422974,317.224548,153.508484
4202,35.016667,14:47:44:09.03,-96.590416,302.163086,133.298859,-96.627090,309.060883,133.934891,-96.093071,304.392426,136.452347,-173.727768,316.818298,153.804398
4203,35.025000,14:47:44:10.00,-96.615395,302.173676,133.278961,-96.626511,309.062683,133.934998,-96.093185,304.392853,136.451492,-174.009537,316.442627,154.092987
4204,35.033333,14:47:44:10.01,-96.619644,302.173004,133.276932,-96.627762,309.060394,133.934937,-96.092575,304.392609,136.451141,-174.272827,316.047394,154.380402
4205,35.041667,14:47:44:10.02,-96.615997,302.212372,133.288239,-96.627449,309.062347,133.935547,-96.092422,304.392548,136.452026,-174.554581,315.637665,154.669678
4206,35.050000,14:47:44:10.03,-96.602539,302.186096,133.286560,-96.627083,309.062317,133.935181,-96.092758,304.391541,136.451141,-174.830643,315.225189,154.954407
4207,35.058333,14:47:44:11.00,-96.612694,302.187988,133.283157,-96.625992,309.060669,133.935333,-96.092278,304.392517,136.451797,-175.091690,314.806488,155.252426
4208,35.066667,14:47:44:11.01,-96.615341,302.189240,133.282990,-96.628281,309.061615,133.935287,-96.093246,304.392395,136.450989,-175.381393,314.401611,155.547134
4209,35.075000,14:47:44:11.02,-96.615288,302.188446,133.283218,-96.627045,309.061920,133.935349,-96.093933,304.393646,136.452240,-175.691315,314.011658,155.814285
4210,35.083333,14:47:44:11.03,-96.613632,302.188995,133.282776,-96.627014,309.062225,133.935776,-96.093948,304.391815,136.451263,-176.001907,313.585846,156.083099
4211,35.091667,14:47:44:12.00,-96.615181,302.188812,133.282730,-96.626076,309.061127,133.934402,-96.093651,304.392853,136.451981,-176.262024,313.167419,156.355743
4212,35.100000,14:47:44:12.01,-96.615616,302.188477,133.282471,-96.627716,309.061310,133.936005,-96.092331,304.392517,136.452179,-176.546127,312.741364,156.611938
4213,35.108333,14:47:44:12.02,-96.614655,302.187439,133.282715,-96.627853,309.062042,133.935776,-96.092567,304.392853,136.453003,-176.823151,312.327148,156.860504
4214,35.116667,14:47:44:12.03,-96.617737,302.187897,133.284378,-96.627861,309.061981,133.935471,-96.093048,304.391479,136.452713,-177.112167,311.893402,157.098251
4215,35.125000,14:47:44:13.00,-96.616486,302.188080,133.282761,-96.626541,309.061920,133.935608,-96.092720,304.390656,136.452515,-177.418671,311.466614,157.329529
4216,35.133333,14:47:44:13.01,-96.613991,302.188629,133.283722,-96.625076,309.061493,133.936447,-96.093704,304.390320,136.452408,-177.718246,311.064178,157.572510
4217,35.141667,14:47:44:13.02,-96.614548,302.187195,133.282379,-96.624146,309.061920,133.936600,-96.092674,304.392853,136.452515,-178.019897,310.643524,157.832108
4218,35.150000,14:47:44:13.03,-96.614716,302.187012,133.283051,-96.623711,309.062134,133.935669,-96.092850,304.392670,136.453781,-178.283340,310.216949,158.073639
4219,35.158333,14:47:44:14.00,-96.613228,302.187744,133.283630,-96.624535,309.061554,133.936951,-96.092484,304.391357,136.453796,-178.593582,309.781403,158.271332
4220,35.166667,14:47:44:14.01,-96.614227,302.186127,133.285065,-96.623901,309.062897,133.936996,-96.094879,304.391174,136.454254,-178.895920,309.334381,158.476334
4221,35.175000,14:47:44:14.02,-96.616974,302.185699,133.283493,-96.623627,309.060516,133.936218,-96.094055,304.390137,136.453659,-179.146820,308.920837,158.701675
4222,35.183333,14:47:44:14.03,-96.620018,302.185455,133.284973,-96.623207,309.060699,133.934952,-96.093231,304.391541,136.453064,-179.455704,308.524536,158.901352
4223,35.191667,14:47:44:15.00,-96.623352,302.187103,133.285110,-96.622231,309.062347,133.935654,-96.092155,304.391754,136.453644,-179.777115,308.131317,159.080856
4224,35.200000,14:47:44:15.01,-96.622253,302.186371,133.285995,-96.622520,309.062256,133.937149,-96.092400,304.392059,136.453400,-180.055634,307.697449,159.292465
4225,35.208333,14:47:44:15.02,-96.619537,302.185089,133.284851,-96.621765,309.062134,133.936890,-96.093071,304.391632,136.453247,-180.308243,307.261932,159.498672
4226,35.216667,14:47:44:15.03,-96.620537,302.186218,133.286148,-96.622421,309.062042,133.936752,-96.091827,304.390350,136.452438,-180.588791,306.875793,159.690338
4227,35.225000,14:47:44:16.00,-96.619202,302.186218,133.284134,-96.620995,309.061920,133.935577,-96.093163,304.391663,136.453751,-180.874512,306.466553,159.904755
4228,35.233333,14:47:44:16.01,-96.619446,302.185272,133.284729,-96.620979,309.061462,133.936050,-96.093933,304.391846,136.452423,-181.172485,306.083954,160.098190
4229,35.241667,14:47:44:16.02,-96.621880,302.186279,133.285248,-96.622452,309.061981,133.937485,-96.092812,304.391876,136.454315,-181.429153,305.680908,160.278671
4230,35.250000,14:47:44:16.03,-96.621971,302.184723,133.284424,-96.620956,309.061462,133.935593,-96.092461,304.390930,136.453354,-181.690903,305.270966,160.477829
4231,35.258333,14:47:44:17.00,-96.621864,302.186066,133.284470,-96.621582,309.061646,133.935028,-96.092896,304.390228,136.453323,-181.933670,304.857025,160.670334
4232,35.266667,14:47:44:17.01,-96.619728,302.186737,133.284225,-96.620918,309.061035,133.936661,-96.091881,304.389923,136.452454,-182.192474,304.485687,160.833832
4233,35.275000,14:47:44:17.02,-96.620758,302.185669,133.285049,-96.621353,309.061371,133.935989,-96.093246,304.391754,136.453476,-182.455826,304.129486,161.015335
4234,35.283333,14:47:44:17.03,-96.620804,302.186066,133.285324,-96.621628,309.061188,133.935364,-96.092407,304.390106,136.453339,-182.699280,303.749359,161.181656
4235,35.291667,14:47:44:18.00,-96.617706,302.185791,133.284546,-96.621460,309.062103,133.936066,-96.092087,304.391541,136.452896,-182.949860,303.356110,161.332413
4236,35.300000,14:47:44:18.01,-96.618828,302.186493,133.284058,-96.620461,309.061371,133.936081,-96.092590,304.391815,136.454132,-183.187958,303.006348,161.499969
4237,35.308333,14:47:44:18.02,-96.618668,302.186859,133.284439,-96.619415,309.062134,133.935654,-96.091934,304.390869,136.453506,-183.426743,302.672302,161.623825
4238,35.316667,14:47:44:18.03,-96.615997,302.184784,133.284576,-96.620316,309.061401,133.935837,-96.092720,304.389923,136.452042,-183.657318,302.291260,161.799683
4239,35.325000,14:47:44:19.00,-96.616539,302.185333,133.285156,-96.620865,309.061798,133.935928,-96.092270,304.389801,136.453232,-183.839691,301.952209,161.918182
4240,35.333333,14:47:44:19.01,-96.619186,302.186157,133.284241,-96.621529,309.061401,133.935745,-96.093231,304.390167,136.453491,-184.094162,301.640778,162.074448
4241,35.341667,14:47:44:19.02,-96.617035,302.185760,133.283951,-96.621986,309.061981,133.935715,-96.093193,304.391602,136.453400,-184.293488,301.310059,162.187393
4242,35.350000,14:47:44:19.03,-96.616600,302.185394,133.284027,-96.620804,309.061890,133.936234,-96.093491,304.391357,136.452576,-184.533081,300.982178,162.335327
4243,35.358333,14:47:44:20.00,-96.619438,302.185120,133.284561,-96.621788,309.061584,133.936096,-96.093178,304.390289,136.452942,-184.708588,300.714722,162.450912
4244,35.366667,14:47:44:20.01,-96.620552,302.185638,133.284958,-96.621460,309.062134,133.935898,-96.092926,304.391113,136.453552,-184.917267,300.365723,162.595291
4245,35.375000,14:47:44:20.02,-96.618614,302.184875,133.283768,-96.621445,309.062714,133.936890,-96.093971,304.391388,136.453339,-185.099777,300.098846,162.703888
4246,35.383333,14:47:44:20.03,-96.619873,302.185822,133.284332,-96.621147,309.062256,133.935883,-96.093437,304.391052,136.453171,-185.298279,299.799500,162.846130
4247,35.391667,14:47:44:21.00,-96.621597,302.186951,133.285828,-96.620522,309.061340,133.935196,-96.093018,304.391937,136.454391,-185.469849,299.570404,162.983276
4248,35.400000,14:47:44:21.01,-96.619614,302.186096,133.285004,-96.621399,309.061523,133.936234,-96.091743,304.390717,136.453003,-185.679047,299.284882,163.105988
4249,35.408333,14:47:44:21.02,-96.618980,302.185669,133.284134,-96.621582,309.061615,133.935913,-96.093140,304.390869,136.453445,-185.837677,299.041992,163.234146
4250,35.416667,14:47:44:21.03,-96.618744,302.185760,133.285172,-96.621391,309.062439,133.935822,-96.092621,304.390778,136.452515,-186.002060,298.781586,163.371841
4251,35.425000,14:47:44:22.00,-96.620628,302.185089,133.284134,-96.621254,309.060577,133.935135,-96.092346,304.390533,136.452530,-186.223022,298.572113,163.493118
4252,35.433333,14:47:44:22.01,-96.616486,302.186798,133.283585,-96.620964,309.062469,133.935944,-96.091339,304.389923,136.452957,-186.333847,298.326599,163.616974
4253,35.441667,14:47:44:22.02,-96.617943,302.185974,133.284088,-96.620956,309.062012,133.935959,-96.091492,304.390259,136.452148,-186.539993,298.116516,163.738113
4254,35.450000,14:47:44:22.03,-96.619431,302.185852,133.285217,-96.620239,309.061584,133.936005,-96.093254,304.392303,136.454163,-186.691010,297.918121,163.875595
4255,35.458333,14:47:44:23.00,-96.620232,302.187439,133.283752,-96.620422,309.060791,133.936554,-96.092186,304.390991,136.453156,-186.870560,297.715942,164.006134
4256,35.466667,14:47:44:23.01,-96.619820,302.186035,133.285065,-96.620598,309.062347,133.936371,-96.093277,304.391449,136.453430,-187.066330,297.545044,164.156082
4257,35.475000,14:47:44:23.02,-96.618706,302.184967,133.283859,-96.621231,309.061432,133.936172,-96.093147,304.391510,136.452377,-187.180908,297.347687,164.266113
4258,35.483333,14:47:44:23.03,-96.619865,302.186218,133.283463,-96.621567,309.062988,133.936417,-96.092751,304.391113,136.453293,-187.374084,297.166840,164.433151
4259,35.491667,14:47:44:24.00,-96.620514,302.185974,133.284576,-96.621330,309.062592,133.935196,-96.092812,304.390503,136.453171,-187.577927,297.023926,164.562576
4260,35.500000,14:47:44:24.01,-96.619385,302.186249,133.284485,-96.621475,309.062439,133.935135,-96.092400,304.390991,136.452011,-187.707687,296.884705,164.736267
4261,35.508333,14:47:44:24.02,-96.619019,302.184570,133.283386,-96.621613,309.061523,133.935974,-96.091789,304.391113,136.452423,-187.874817,296.705109,164.869537
4262,35.516667,14:47:44:24.03,-96.618515,302.185242,133.285629,-96.620125,309.062805,133.935532,-96.092003,304.391479,136.452164,-188.049561,296.577057,165.045578
4263,35.525000,14:47:44:25.00,-96.620712,302.186432,133.283752,-96.621063,309.061951,133.934769,-96.092896,304.390839,136.452637,-188.250839,296.465607,165.197021
4264,35.533333,14:47:44:25.01,-96.619453,302.185608,133.284134,-96.621994,309.061462,133.934998,-96.092056,304.390533,136.451309,-188.407211,296.347412,165.359634
4265,35.541667,14:47:44:25.02,-96.616501,302.185883,133.283813,-96.619888,309.061096,133.935089,-96.093002,304.391754,136.452133,-188.578659,296.269104,165.521042
4266,35.550000,14:47:44:25.03,-96.619705,302.187378,133.284058,-96.620422,309.061218,133.935516,-96.092789,304.391418,136.452515,-188.782654,296.133575,165.684525
4267,35.558333,14:47:44:26.00,-96.620003,302.186249,133.284729,-96.620903,309.062134,133.934860,-96.091408,304.391571,136.452301,-188.925110,296.039764,165.835571
4268,35.566667,14:47:44:26.01,-96.618370,302.186066,133.283386,-96.622040,309.062042,133.935791,-96.092926,304.391083,136.452194,-189.148132,295.940918,166.008728
4269,35.575000,14:47:44:26.02,-96.620041,302.186310,133.285446,-96.621231,309.062592,133.935745,-96.094643,304.391022,136.453232,-189.334793,295.862091,166.147491
4270,35.583333,14:47:44:26.03,-96.619461,302.185822,133.283417,-96.621849,309.061646,133.936127,-96.092735,304.390076,136.452454,-189.530243,295.783386,166.335281
4271,35.591667,14:47:44:27.00,-96.618904,302.186279,133.284424,-96.621773,309.062286,133.935852,-96.092667,304.391541,136.452621,-189.700943,295.732056,166.463837
4272,35.600000,14:47:44:27.01,-96.618614,302.185730,133.283920,-96.620918,309.061310,133.935257,-96.092896,304.391083,136.453064,-189.915283,295.677887,166.634445
4273,35.608333,14:47:44:27.02,-96.617615,302.185486,133.284348,-96.621056,309.062012,133.935394,-96.090767,304.390869,136.452316,-190.119263,295.628784,166.775513
4274,35.616667,14:47:44:27.03,-96.619209,302.186310,133.283417,-96.622238,309.061707,133.935028,-96.092537,304.390625,136.452850,-190.293732,295.592834,166.934494
4275,35.625000,14:47:44:28.00,-96.620628,302.185760,133.283249,-96.620827,309.062256,133.935181,-96.093597,304.391602,136.452515,-190.524246,295.554810,167.068436
4276,35.633333,14:47:44:28.01,-96.622559,302.186066,133.284348,-96.621216,309.061829,133.936081,-96.092178,304.390472,136.452362,-190.742630,295.544098,167.222656
4277,35.641667,14:47:44:28.02,-96.621635,302.187225,133.284454,-96.620674,309.061035,133.934875,-96.091858,304.391113,136.451813,-190.982361,295.553223,167.377609
4278,35.650000,14:47:44:28.03,-96.618683,302.186584,133.284210,-96.620102,309.062195,133.935455,-96.092812,304.390594,136.452072,-191.154999,295.555267,167.521805
4279,35.658333,14:47:44:29.00,-96.618340,302.186310,133.283539,-96.620438,309.062012,133.935059,-96.092102,304.390564,136.452133,-191.387192,295.563202,167.684906
4280,35.666667,14:47:44:29.01,-96.617805,302.186249,133.283844,-96.621368,309.062439,133.935318,-96.093925,304.391205,136.452484,-191.616180,295.552856,167.840637
4281,35.675000,14:47:44:29.02,-96.619492,302.185913,133.282791,-96.621605,309.061707,133.934967,-96.092896,304.391235,136.453827,-191.852219,295.547241,167.957550
4282,35.683333,14:47:44:29.03,-96.620216,302.186890,133.285660,-96.620193,309.061005,133.934570,-96.092667,304.391754,136.452652,-192.077988,295.588104,168.098587
4283,35.691667,14:47:45:00.00,-96.619835,302.187622,133.284164,-96.620926,309.061829,133.935593,-96.092323,304.391144,136.452179,-192.329712,295.638336,168.257217
4284,35.700000,14:47:45:00.01,-96.620384,302.186127,133.284241,-96.621155,309.063293,133.935486,-96.094147,304.392090,136.452606,-192.587540,295.656860,168.389771
4285,35.708333,14:47:45:00.02,-96.620979,302.186127,133.283615,-96.620049,309.061523,133.935486,-96.094139,304.391602,136.452545,-192.788132,295.689026,168.522827
4286,35.716667,14:47:45:00.03,-96.621414,302.187378,133.284210,-96.620850,309.062531,133.935089,-96.094124,304.391266,136.452240,-193.036148,295.787201,168.672821
4287,35.725000,14:47:45:01.00,-96.620125,302.187500,133.284866,-96.620293,309.061066,133.933929,-96.092300,304.392395,136.452057,-193.291000,295.854980,168.823975
4288,35.733333,14:47:45:01.01,-96.620102,302.188293,133.284225,-96.621910,309.062286,133.935684,-96.093170,304.392365,136.453384,-193.572311,295.906586,168.933563
4289,35.741667,14:47:45:01.02,-96.619568,302.187012,133.283829,-96.621559,309.062134,133.936035,-96.093361,304.392090,136.452713,-193.811111,296.018677,169.059769
4290,35.750000,14:47:45:01.03,-96.617279,302.186920,133.283951,-96.621132,309.062439,133.934845,-96.092941,304.391876,136.453598,-194.054382,296.123505,169.209854
4291,35.758333,14:47:45:02.00,-96.617615,302.187225,133.283676,-96.620346,309.062347,133.934769,-96.093788,304.390961,136.452972,-194.317001,296.246613,169.352768
4292,35.766667,14:47:45:02.01,-96.618958,302.186646,133.284515,-96.619247,309.063202,133.934387,-96.093163,304.391174,136.453171,-194.621811,296.348663,169.454483
4293,35.775000,14:47:45:02.02,-96.621346,302.187164,133.283905,-96.619095,309.062561,133.934937,-96.093300,304.392273,136.452408,-194.855515,296.463287,169.578934
4294,35.783333,14:47:45:02.03,-96.619827,302.185913,133.283768,-96.620117,309.062286,133.935028,-96.093040,304.391876,136.452667,-195.117889,296.608429,169.724716
4295,35.791667,14:47:45:03.00,-96.618423,302.187286,133.283783,-96.620193,309.062469,133.935959,-96.092415,304.392212,136.452393,-195.398956,296.760406,169.846954
4296,35.800000,14:47:45:03.01,-96.619217,302.186310,133.284424,-96.619926,309.063141,133.934982,-96.093582,304.391571,136.452881,-195.663422,296.914185,169.980438
4297,35.808333,14:47:45:03.02,-96.619965,302.186707,133.284348,-96.619568,309.062653,133.934570,-96.093025,304.391846,136.453751,-195.931747,297.088562,170.080994
4298,35.816667,14:47:45:03.03,-96.617760,302.186615,133.283310,-96.620163,309.062805,133.935394,-96.092873,304.390869,136.451706,-196.209290,297.227173,170.222717
4299,35.825000,14:47:45:04.00,-96.621071,302.187164,133.283478,-96.620529,309.061493,133.934708,-96.092010,304.391815,136.452301,-196.488205,297.425171,170.298599
4300,35.833333,14:47:45:04.01,-96.619995,302.186096,133.284042,-96.620628,309.061829,133.934357,-96.092392,304.391754,136.451996,-196.755386,297.594849,170.436554
4301,35.841667,14:47:45:04.02,-96.621376,302.187408,133.285324,-96.622398,309.062042,133.935272,-96.093437,304.391907,136.452362,-197.042221,297.800568,170.550995
4302,35.850000,14:47:45:04.03,-96.620132,302.187164,133.285187,-96.621269,309.061371,133.934921,-96.092590,304.391388,136.451828,-197.315125,298.012238,170.630951
4303,35.858333,14:47:45:05.00,-96.619461,302.185974,133.284454,-96.619537,309.062347,133.933609,-96.092873,304.391846,136.453094,-197.585831,298.191681,170.738571
4304,35.866667,14:47:45:05.01,-96.619606,302.186523,133.284134,-96.620743,309.062897,133.935471,-96.092361,304.391327,136.453018,-197.869125,298.420105,170.795792
4305,35.875000,14:47:45:05.02,-96.617744,302.187073,133.285446,-96.621117,309.062134,133.934921,-96.091827,304.392090,136.452698,-198.148270,298.643433,170.894516
4306,35.883333,14:47:45:05.03,-96.617340,302.185760,133.284378,-96.620232,309.062012,133.935318,-96.092209,304.391785,136.452194,-198.432404,298.879669,171.001846
4307,35.891667,14:47:45:06.00,-96.620163,302.187286,133.285416,-96.620728,309.062469,133.935471,-96.091751,304.391510,136.453064,-198.691101,299.091797,171.072205
4308,35.900000,14:47:45:06.01,-96.618095,302.187195,133.284119,-96.620461,309.061798,133.935211,-96.093307,304.390778,136.452698,-198.986038,299.340240,171.134171
4309,35.908333,14:47:45:06.02,-96.620621,302.187836,133.284943,-96.620636,309.062134,133.935608,-96.091927,304.391754,136.452942,-199.281601,299.589966,171.198196
4310,35.916667,14:47:45:06.03,-96.619576,302.187195,133.283539,-96.620583,309.062469,133.935135,-96.091888,304.392242,136.453369,-199.534882,299.841187,171.267319
4311,35.925000,14:47:45:07.00,-96.618362,302.187164,133.284836,-96.620865,309.062653,133.937317,-96.092674,304.391174,136.452942,-199.823044,300.100220,171.341583
4312,35.933333,14:47:45:07.01,-96.619659,302.187500,133.284134,-96.619232,309.062836,133.936050,-96.093147,304.391632,136.453278,-200.086731,300.363647,171.424026
4313,35.941667,14:47:45:07.02,-96.620331,302.186920,133.284897,-96.620552,309.062836,133.935684,-96.091972,304.391998,136.454254,-200.378586,300.640045,171.490189
4314,35.950000,14:47:45:07.03,-96.622765,302.186523,133.283798,-96.620369,309.062592,133.936005,-96.092865,304.392120,136.453293,-200.647400,300.945343,171.531799
4315,35.958333,14:47:45:08.00,-96.621788,302.186096,133.284241,-96.620911,309.062195,133.935303,-96.091957,304.391968,136.453430,-200.930283,301.232544,171.570679
4316,35.966667,14:47:45:08.01,-96.619484,302.185760,133.283859,-96.621147,309.061340,133.935455,-96.092163,304.391968,136.453568,-201.207657,301.527039,171.640549
4317,35.975000,14:47:45:08.02,-96.620148,302.186798,133.284866,-96.619781,309.061218,133.935043,-96.091827,304.390869,136.453064,-201.481873,301.820709,171.699982
4318,35.983333,14:47:45:08.03,-96.618423,302.187195,133.284698,-96.621452,309.062592,133.936020,-96.091621,304.391327,136.452545,-201.758240,302.129761,171.743958
4319,35.991667,14:47:45:09.00,-96.620209,302.186951,133.285248,-96.621124,309.061859,133.936142,-96.093292,304.391663,136.452728,-202.018005,302.439697,171.783081
4320,36.000000,14:47:45:09.01,-96.619766,302.187195,133.284698,-96.622124,309.062561,133.936188,-96.093460,304.392822,136.453644,-202.289917,302.758392,171.825989
4321,36.008333,14:47:45:09.02,-96.619392,302.186432,133.285065,-96.621681,309.062622,133.935562,-96.093224,304.391571,136.453827,-202.543427,303.088409,171.883575
4322,36.016667,14:47:45:09.03,-96.619766,302.187836,133.284454,-96.623291,309.061432,133.935730,-96.094360,304.391449,136.453323,-202.839188,303.431976,171.943039
4323,36.025000,14:47:45:10.00,-96.620216,302.186554,133.284073,-96.621040,309.061615,133.935608,-96.092377,304.390717,136.452713,-203.092865,303.788269,171.970444
4324,36.033333,14:47:45:10.01,-96.622482,302.186707,133.285492,-96.620483,309.062042,133.936111,-96.093903,304.391937,136.454315,-203.361694,304.140747,172.010834
4325,36.041667,14:47:45:10.02,-96.620918,302.186554,133.284714,-96.620491,309.062683,133.936005,-96.094467,304.392273,136.453735,-203.637390,304.488464,172.049286
4326,36.050000,14:47:45:10.03,-96.617241,302.187866,133.284286,-96.622086,309.061920,133.936295,-96.093285,304.391968,136.453583,-203.873489,304.857544,172.089066
4327,36.058333,14:47:45:11.00,-96.618996,302.186218,133.284241,-96.620232,309.061646,133.935883,-96.093552,304.392090,136.453659,-204.143311,305.230988,172.110550
4328,36.066667,14:47:45:11.01,-96.621689,302.186920,133.284851,-96.622238,309.063324,133.936508,-96.092621,304.392059,136.452515,-204.391998,305.601807,172.122772
4329,36.075000,14:47:45:11.02,-96.623383,302.185760,133.285553,-96.621666,309.061768,133.935837,-96.093491,304.392578,136.454056,-204.651352,305.981506,172.139709
4330,36.083333,14:47:45:11.03,-96.620544,302.185852,133.285828,-96.622162,309.061707,133.936737,-96.091827,304.389893,136.452744,-204.892151,306.370544,172.174698
4331,36.091667,14:47:45:12.00,-96.621956,302.186401,133.285843,-96.621559,309.062439,133.936417,-96.092972,304.391266,136.453598,-205.131836,306.731445,172.202835
4332,36.100000,14:47:45:12.01,-96.619705,302.187897,133.285599,-96.622559,309.061707,133.936996,-96.092438,304.391266,136.453201,-205.377991,307.107178,172.219925
4333,36.108333,14:47:45:12.02,-96.619553,302.187744,133.285141,-96.621384,309.062683,133.937286,-96.094025,304.392365,136.452881,-205.602081,307.495239,172.238083
4334,36.116667,14:47:45:12.03,-96.618256,302.186951,133.285019,-96.620575,309.062347,133.936081,-96.092453,304.390320,136.453262,-205.821808,307.875824,172.243134
4335,36.125000,14:47:45:13.00,-96.618958,302.186951,133.284500,-96.623131,309.062256,133.936768,-96.093658,304.390686,136.452789,-206.056000,308.240784,172.239609
4336,36.133333,14:47:45:13.01,-96.620262,302.187012,133.285706,-96.621948,309.062103,133.936142,-96.094025,304.391418,136.453354,-206.280182,308.621063,172.236984
4337,36.141667,14:47:45:13.02,-96.619980,302.186340,133.286041,-96.621529,309.062195,133.936661,-96.092949,304.391541,136.453659,-206.495209,308.990662,172.236649
4338,36.150000,14:47:45:13.03,-96.620033,302.187744,133.284790,-96.620926,309.062012,133.936722,-96.093246,304.391205,136.453262,-206.708557,309.355988,172.241074
4339,36.158333,14:47:45:14.00,-96.622887,302.186523,133.284943,-96.621925,309.062134,133.936234,-96.092972,304.391449,136.453476,-206.929108,309.725037,172.244843
4340,36.166667,14:47:45:14.01,-96.622078,302.186066,133.285217,-96.621567,309.061066,133.935867,-96.092880,304.392639,136.453278,-207.148605,310.099487,172.257645
4341,36.175000,14:47:45:14.02,-96.620712,302.185822,133.285507,-96.622177,309.062225,133.936111,-96.093994,304.391113,136.453934,-207.349564,310.467163,172.264938
4342,36.183333,14:47:45:14.03,-96.618492,302.185425,133.284546,-96.622337,309.061310,133.936050,-96.093689,304.389893,136.453186,-207.557968,310.822327,172.264206
4343,36.191667,14:47:45:15.00,-96.619156,302.186981,133.283875,-96.621727,309.062134,133.936203,-96.086609,304.395447,136.452240,-207.771255,311.192719,172.259644
4344,36.200000,14:47:45:15.01,-96.618828,302.186737,133.284744,-96.622498,309.061951,133.935974,-96.093796,304.391907,136.452881,-207.983749,311.573608,172.269241
4345,36.208333,14:47:45:15.02,-96.618881,302.186218,133.285065,-96.623093,309.061584,133.936386,-96.093048,304.390594,136.453415,-208.187561,311.929169,172.269257
4346,36.216667,14:47:45:15.03,-96.619553,302.186676,133.284378,-96.623001,309.062805,133.937531,-96.094917,304.391846,136.454605,-208.380600,312.286591,172.258560
4347,36.225000,14:47:45:16.00,-96.620667,302.185974,133.285355,-96.622253,309.063202,133.937317,-96.093155,304.390747,136.453522,-208.582047,312.656891,172.251709
4348,36.233333,14:47:45:16.01,-96.619736,302.185760,133.285126,-96.622940,309.062469,133.937363,-96.093369,304.391449,136.452637,-208.788651,313.014496,172.248917
4349,36.241667,14:47:45:16.02,-96.619072,302.185089,133.285049,-96.622162,309.061737,133.936676,-96.093407,304.391571,136.453278,-208.990555,313.364227,172.244629
4350,36.250000,14:47:45:16.03,-96.618011,302.187439,133.284790,-96.623543,309.062256,133.937897,-96.092705,304.392090,136.453674,-209.182053,313.724670,172.232193
4351,36.258333,14:47:45:17.00,-96.620270,302.186829,133.284271,-96.622162,309.062042,133.935791,-96.093330,304.392090,136.452484,-209.369705,314.072479,172.224731
4352,36.266667,14:47:45:17.01,-96.621063,302.187531,133.285217,-96.621216,309.061829,133.936142,-96.092560,304.392609,136.453461,-209.556961,314.411987,172.214386
4353,36.275000,14:47:45:17.02,-96.616653,302.187958,133.285172,-96.622429,309.062103,133.936478,-96.093163,304.392029,136.454056,-209.741425,314.761505,172.202927
4354,36.283333,14:47:45:17.03,-96.617386,302.185669,133.284378,-96.624367,309.061707,133.936935,-96.092354,304.391937,136.453415,-209.937881,315.097839,172.201324
4355,36.291667,14:47:45:18.00,-96.616035,302.188690,133.283264,-96.623451,309.062408,133.936005,-96.093071,304.392242,136.452789,-210.117310,315.434479,172.203796
4356,36.300000,14:47:45:18.01,-96.614143,302.189331,133.283249,-96.622505,309.061371,133.936478,-96.093521,304.391998,136.452652,-210.300949,315.751190,172.165497
4357,36.308333,14:47:45:18.02,-96.614143,302.189240,133.283630,-96.623444,309.061096,133.935303,-96.093346,304.391327,136.453659,-210.475449,316.066559,172.138351
4358,36.316667,14:47:45:18.03,-96.613609,302.189087,133.283157,-96.624016,309.062805,133.935364,-96.091423,304.392548,136.452408,-210.644455,316.387878,172.123535
4359,36.325000,14:47:45:19.00,-96.614227,302.187805,133.283401,-96.623703,309.062164,133.935898,-96.092041,304.392731,136.453568,-210.812073,316.708038,172.138947
4360,36.333333,14:47:45:19.01,-96.614487,302.187836,133.282242,-96.623718,309.062073,133.935440,-96.092621,304.391327,136.453140,-210.979584,317.025696,172.141617
4361,36.341667,14:47:45:19.02,-96.614151,302.189697,133.283508,-96.624176,309.062561,133.934372,-96.093292,304.391785,136.452942,-211.147659,317.307404,172.099182
4362,36.350000,14:47:45:19.03,-96.612488,302.189911,133.283432,-96.626633,309.061554,133.935471,-96.092308,304.392303,136.452057,-211.299942,317.579926,172.090027
4363,36.358333,14:47:45:20.00,-96.612076,302.188721,133.281403,-96.624298,309.061279,133.934753,-96.090576,304.393066,136.452667,-211.457413,317.878357,172.077484
4364,36.366667,14:47:45:20.01,-96.615143,302.189026,133.282715,-96.625679,309.063263,133.936066,-96.092354,304.392639,136.451401,-211.615845,318.166016,172.056046
4365,36.375000,14:47:45:20.02,-96.613350,302.189789,133.282761,-96.625366,309.061829,133.935867,-96.090889,304.392242,136.452286,-211.763580,318.429932,172.038696
4366,36.383333,14:47:45:20.03,-96.613029,302.188782,133.282654,-96.625183,309.062592,133.935349,-96.092491,304.392609,136.452133,-211.910248,318.662323,172.015350
4367,36.391667,14:47:45:21.00,-96.613205,302.190735,133.283203,-96.626953,309.062256,133.935242,-96.091911,304.392517,136.451462,-212.053436,318.918671,171.977173
4368,36.400000,14:47:45:21.01,-96.613335,302.189423,133.282227,-96.627083,309.061737,133.936279,-96.092140,304.393219,136.451996,-212.197250,319.154297,171.956299
4369,36.408333,14:47:45:21.02,-96.612183,302.188629,133.281937,-96.624634,309.062012,133.934784,-96.090157,304.391846,136.451279,-212.332458,319.376404,171.951157
4370,36.416667,14:47:45:21.03,-96.612793,302.188385,133.283249,-96.626007,309.062317,133.936218,-96.093193,304.393036,136.450943,-212.485260,319.618652,171.934082
4371,36.425000,14:47:45:22.00,-96.608322,302.187347,133.284348,-96.625153,309.061310,133.935471,-96.092232,304.393494,136.450684,-212.621140,319.810120,171.932526
4372,36.433333,14:47:45:22.01,-96.608002,302.190094,133.284744,-96.626190,309.062805,133.935699,-96.091843,304.392487,136.450500,-212.755325,320.045837,171.924072
4373,36.441667,14:47:45:22.02,-96.610901,302.190887,133.282715,-96.636002,309.068665,133.932968,-96.091805,304.393280,136.451096,-212.880417,320.259888,171.916351
4374,36.450000,14:47:45:22.03,-96.609894,302.187866,133.283264,-96.627159,309.061707,133.934296,-96.090767,304.392944,136.450394,-213.009888,320.441437,171.915970
4375,36.458333,14:47:45:23.00,-96.605446,302.178802,133.284927,-96.625107,309.060486,133.935013,-96.090981,304.392059,136.450562,-213.148911,320.647522,171.904068
4376,36.466667,14:47:45:23.01,-96.610527,302.187347,133.283447,-96.626564,309.062561,133.934265,-96.092903,304.392090,136.451202,-213.282608,320.817230,171.902435
4377,36.475000,14:47:45:23.02,-96.615761,302.220123,133.288498,-96.625839,309.063049,133.935287,-96.091919,304.392731,136.450485,-213.413498,321.002808,171.893997
4378,36.483333,14:47:45:23.03,-96.589149,302.231781,133.315720,-96.625237,309.062256,133.935272,-96.091583,304.392273,136.449661,-213.523071,321.171631,171.900253
4379,36.491667,14:47:45:24.00,-96.548447,302.209015,133.324112,-96.625877,309.062134,133.935028,-96.092743,304.394012,136.451538,-213.654572,321.342102,171.897858
4380,36.500000,14:47:45:24.01,-96.563316,302.176758,133.309586,-96.625618,309.062683,133.934052,-96.091614,304.392365,136.450607,-213.781357,321.487854,171.904694
4381,36.508333,14:47:45:24.02,-96.593689,302.171143,133.296417,-96.625648,309.061584,133.934647,-96.092155,304.392639,136.450882,-213.893433,321.620789,171.906326
4382,36.516667,14:47:45:24.03,-96.605209,302.187042,133.289688,-96.626961,309.061676,133.935364,-96.091324,304.392303,136.451721,-214.004807,321.781616,171.920135
4383,36.525000,14:47:45:25.00,-96.616669,302.197205,133.276505,-96.624611,309.061371,133.934250,-96.092560,304.392273,136.451324,-214.128418,321.891510,171.937424
4384,36.533333,14:47:45:25.01,-96.625694,302.192902,133.271652,-96.626320,309.061829,133.935486,-96.091934,304.392151,136.450546,-214.236618,322.037964,171.935837
4385,36.541667,14:47:45:25.02,-96.623215,302.182251,133.270248,-96.636307,309.068237,133.933136,-96.091560,304.392090,136.451187,-214.345459,322.149506,171.947159
4386,36.550000,14:47:45:25.03,-96.620377,302.177429,133.274490,-96.628555,309.062134,133.934937,-96.093437,304.392944,136.450592,-214.456635,322.244354,171.959244
4387,36.558333,14:47:45:26.00,-96.614365,302.179810,133.278641,-96.625694,309.062378,133.935089,-96.092781,304.391907,136.451431,-214.547134,322.369537,171.957260
4388,36.566667,14:47:45:26.01,-96.613586,302.187073,133.281357,-96.625328,309.063293,133.935150,-96.092003,304.393860,136.451279,-214.659805,322.476501,171.972092
4389,36.575000,14:47:45:26.02,-96.612862,302.204987,133.286377,-96.625877,309.061707,133.934479,-96.091202,304.392883,136.451248,-214.746231,322.551514,171.986542
4390,36.583333,14:47:45:26.03,-96.605255,302.228973,133.299988,-96.623703,309.061920,133.934662,-96.093369,304.392426,136.451141,-214.838409,322.629059,171.983383
4391,36.591667,14:47:45:27.00,-96.583061,302.249451,133.316833,-96.625381,309.062592,133.935226,-96.092781,304.392853,136.451294,-214.923508,322.729218,171.987000
4392,36.600000,14:47:45:27.01,-96.556839,302.265320,133.329605,-96.628014,309.063934,133.935730,-96.093513,304.393646,136.451553,-215.015533,322.809113,172.000336
4393,36.608333,14:47:45:27.02,-96.547066,302.274780,133.327927,-96.625610,309.061859,133.934570,-96.092484,304.393188,136.451752,-215.082199,322.859344,172.002106
4394,36.616667,14:47:45:27.03,-96.553413,302.271637,133.321487,-96.624184,309.061493,133.934174,-96.091972,304.392853,136.451675,-215.165848,322.903809,172.004501
4395,36.625000,14:47:45:28.00,-96.568695,302.205170,133.293182,-96.624741,309.064209,133.934891,-96.091507,304.392517,136.451813,-215.244705,322.951874,171.980804
4396,36.633333,14:47:45:28.01,-96.614662,302.174286,133.279282,-96.625862,309.062683,133.935516,-96.092232,304.391998,136.451965,-215.292480,323.044159,172.009079
4397,36.641667,14:47:45:28.02,-96.620956,302.170654,133.277618,-96.626839,309.062134,133.933884,-96.092865,304.392029,136.451355,-215.348984,323.123108,172.058731
4398,36.650000,14:47:45:28.03,-96.617798,302.169678,133.278381,-96.628563,309.061646,133.935120,-96.092300,304.391754,136.452332,-215.393738,323.158203,172.086472
4399,36.658333,14:47:45:29.00,-96.619698,302.171967,133.277222,-96.626831,309.060760,133.934708,-96.092163,304.391785,136.451584,-215.445374,323.186005,172.109802
4400,36.666667,14:47:45:29.01,-96.617294,302.171234,133.278610,-96.626900,309.061981,133.935059,-96.092102,304.392212,136.453400,-215.505692,323.202515,172.106659
4401,36.675000,14:47:45:29.02,-96.619186,302.171387,133.278580,-96.628052,309.062256,133.934967,-96.094078,304.391907,136.451874,-215.539810,323.229645,172.112244
4402,36.683333,14:47:45:29.03,-96.621582,302.171143,133.278046,-96.628609,309.061401,133.934814,-96.093681,304.390656,136.450775,-215.582245,323.259033,172.133698
4403,36.691667,14:47:46:00.00,-96.620392,302.171021,133.278610,-96.626320,309.059998,133.934326,-96.093170,304.389374,136.450500,-215.624741,323.301605,172.150726
4404,36.700000,14:47:46:00.01,-96.619705,302.171448,133.278305,-96.626495,309.062164,133.935165,-96.093613,304.389740,136.449951,-215.660507,323.351318,172.171082
4405,36.708333,14:47:46:00.02,-96.618965,302.171234,133.279251,-96.627495,309.062134,133.936401,-96.094772,304.391266,136.450333,-215.697784,323.381409,172.173767
4406,36.716667,14:47:46:00.03,-96.618416,302.172119,133.280121,-96.627075,309.061676,133.934586,-96.094955,304.391449,136.450958,-215.725632,323.410645,172.174210
4407,36.725000,14:47:46:01.00,-96.617836,302.171265,133.278519,-96.636070,309.067749,133.933456,-96.093887,304.390076,136.449875,-215.770599,323.421448,172.154175
4408,36.733333,14:47:46:01.01,-96.616791,302.171661,133.278152,-96.628433,309.062256,133.934509,-96.094688,304.391052,136.450043,-215.817932,323.433868,172.142334
4409,36.741667,14:47:46:01.02,-96.617516,302.172028,133.279266,-96.627243,309.061584,133.934814,-96.093086,304.390717,136.450333,-215.850113,323.445404,172.151672
4410,36.750000,14:47:46:01.03,-96.618614,302.172058,133.278519,-96.625137,309.060852,133.934265,-96.093979,304.389893,136.450546,-215.873428,323.460083,172.164261
4411,36.758333,14:47:46:02.00,-96.616844,302.170715,133.279266,-96.624992,309.061371,133.933517,-96.092682,304.388153,136.450119,-215.896790,323.466431,172.171921
4412,36.766667,14:47:46:02.01,-96.616615,302.172699,133.279037,-96.626534,309.061829,133.933777,-96.093422,304.389679,136.450790,-215.912933,323.477600,172.175354
4413,36.775000,14:47:46:02.02,-96.616890,302.170837,133.277420,-96.626472,309.061493,133.934479,-96.094177,304.390717,136.451645,-215.936188,323.487396,172.174667
4414,36.783333,14:47:46:02.03,-96.617111,302.171539,133.277756,-96.625275,309.062531,133.933899,-96.092392,304.389679,136.449631,-215.961075,323.503174,172.193756
4415,36.791667,14:47:46:03.00,-96.615662,302.173553,133.278549,-96.626114,309.061920,133.935455,-96.093262,304.389679,136.450104,-215.996414,323.508575,172.170486
4416,36.800000,14:47:46:03.01,-96.613617,302.173737,133.278305,-96.627213,309.061920,133.935120,-96.093384,304.388367,136.450470,-216.020248,323.515594,172.156525
4417,36.808333,14:47:46:03.02,-96.613373,302.173065,133.276764,-96.625435,309.061951,133.933975,-96.093979,304.387177,136.449478,-216.039963,323.527985,172.146744
4418,36.816667,14:47:46:03.03,-96.615807,302.174438,133.278580,-96.624550,309.062103,133.933456,-96.092590,304.387299,136.448853,-216.060333,323.537811,172.137863
4419,36.825000,14:47:46:04.00,-96.615913,302.173859,133.279282,-96.625885,309.063324,133.934540,-96.093956,304.387146,136.449020,-216.073227,323.547333,172.132629
4420,36.833333,14:47:46:04.01,-96.616913,302.172302,133.278824,-96.625908,309.061768,133.934250,-96.094223,304.387604,136.449295,-216.088318,323.554321,172.122818
4421,36.841667,14:47:46:04.02,-96.614807,302.171539,133.277588,-96.625580,309.062317,133.934464,-96.093597,304.385712,136.447876,-216.098816,323.568115,172.113403
4422,36.850000,14:47:46:04.03,-96.615829,302.173218,133.277054,-96.624947,309.063446,133.933685,-96.093582,304.387177,136.447495,-216.109375,323.585571,172.128036
4423,36.858333,14:47:46:05.00,-96.618896,302.172943,133.279404,-96.634064,309.069489,133.932388,-96.093544,304.385986,136.448090,-216.122559,323.599243,172.126190
4424,36.866667,14:47:46:05.01,-96.618042,302.171875,133.279114,-96.628395,309.063354,133.934372,-96.095016,304.386627,136.448807,-216.135056,323.615753,172.111267
4425,36.875000,14:47:46:05.02,-96.618294,302.171631,133.277161,-96.626488,309.063202,133.933670,-96.093109,304.386902,136.448975,-216.141647,323.629395,172.094986
4426,36.883333,14:47:46:05.03,-96.616806,302.171967,133.276550,-96.626289,309.062592,133.934525,-96.093216,304.386871,136.449295,-216.139313,323.604706,172.054871
4427,36.891667,14:47:46:06.00,-96.618530,302.171173,133.276871,-96.625137,309.062286,133.932663,-96.094009,304.388489,136.449097,-216.141632,323.602356,172.028763
4428,36.900000,14:47:46:06.01,-96.618729,302.170471,133.277679,-96.625389,309.061218,133.933075,-96.094307,304.388580,136.451248,-216.153000,323.609772,172.024719
4429,36.908333,14:47:46:06.02,-96.618889,302.170990,133.278702,-96.625885,309.061157,133.932526,-96.093796,304.389099,136.449081,-216.162109,323.617188,172.010132
4430,36.916667,14:47:46:06.03,-96.615677,302.172302,133.276199,-96.627937,309.062683,133.932953,-96.094887,304.389130,136.450500,-216.162354,323.622467,171.982330
4431,36.925000,14:47:46:07.00,-96.617744,302.173004,133.277863,-96.628258,309.061859,133.932541,-96.093193,304.388702,136.450272,-216.167572,323.622467,171.952515
4432,36.933333,14:47:46:07.01,-96.618179,302.169128,133.277405,-96.628563,309.060913,133.931183,-96.093376,304.388519,136.449829,-216.174347,323.621368,171.917542
4433,36.941667,14:47:46:07.02,-96.618690,302.170502,133.276733,-96.627495,309.059845,133.930389,-96.093201,304.388519,136.451370,-216.175537,323.618622,171.889832
4434,36.950000,14:47:46:07.03,-96.620522,302.170807,133.277588,-96.628212,309.059723,133.931366,-96.093948,304.388123,136.449844,-216.183975,323.616608,171.858307
4435,36.958333,14:47:46:08.00,-96.616875,302.170410,133.275238,-96.628059,309.060394,133.930603,-96.093788,304.387543,136.449860,-216.194824,323.616089,171.833755
4436,36.966667,14:47:46:08.01,-96.619377,302.170471,133.276398,-96.627335,309.058624,133.929169,-96.094139,304.388794,136.451187,-216.205414,323.621704,171.813370
4437,36.975000,14:47:46:08.02,-96.621735,302.170288,133.277298,-96.628387,309.060181,133.928391,-96.093208,304.388092,136.449448,-216.218185,323.623047,171.790039
4438,36.983333,14:47:46:08.03,-96.619316,302.170410,133.276016,-96.630524,309.059082,133.928818,-96.093689,304.388306,136.450150,-216.230087,323.631561,171.775726
4439,36.991667,14:47:46:09.00,-96.620384,302.170258,133.276718,-96.630051,309.058105,133.929138,-96.094131,304.388031,136.450928,-216.235992,323.642517,171.764496
4440,37.000000,14:47:46:09.01,-96.621490,302.170441,133.277313,-96.629761,309.059174,133.928452,-96.093216,304.388031,136.450821,-216.241760,323.648468,171.750153
4441,37.008333,14:47:46:09.02,-96.620918,302.171906,133.278076,-96.629997,309.058228,133.927612,-96.094170,304.388000,136.450439,-216.253479,323.647156,171.732407
4442,37.016667,14:47:46:09.03,-96.621933,302.167847,133.277664,-96.629990,309.057251,133.926834,-96.093674,304.389771,136.450195,-216.264725,323.656982,171.720764
4443,37.025000,14:47:46:10.00,-96.623291,302.166626,133.276520,-96.630310,309.058441,133.926514,-96.092781,304.388275,136.450134,-216.267151,323.669312,171.707779
4444,37.033333,14:47:46:10.01,-96.622055,302.167999,133.276611,-96.630356,309.057922,133.926315,-96.093285,304.388214,136.449646,-216.271378,323.676361,171.693893
4445,37.041667,14:47:46:10.02,-96.621521,302.168121,133.277100,-96.630341,309.057373,133.926804,-96.092621,304.388397,136.450745,-216.282898,323.684845,171.684113
4446,37.050000,14:47:46:10.03,-96.620224,302.169312,133.276123,-96.631203,309.057373,133.926208,-96.092720,304.389313,136.450974,-216.287354,323.702942,171.674591
4447,37.058333,14:47:46:11.00,-96.622551,302.169098,133.278778,-96.630051,309.058594,133.927200,-96.093521,304.390015,136.450607,-216.287064,323.715179,171.661758
4448,37.066667,14:47:46:11.01,-96.625275,302.167358,133.277176,-96.630188,309.057861,133.926147,-96.092560,304.390656,136.451645,-216.292053,323.731354,171.649536
4449,37.075000,14:47:46:11.02,-96.623383,302.168701,133.276581,-96.640839,309.065369,133.925385,-96.092781,304.389587,136.451797,-216.297882,323.752411,171.643509
4450,37.083333,14:47:46:11.03,-96.623871,302.169800,133.278107,-96.635292,309.056702,133.926270,-96.094673,304.388397,136.450653,-216.306473,323.775085,171.647141
4451,37.091667,14:47:46:12.00,-96.621292,302.169037,133.278137,-96.632851,309.058807,133.925385,-96.094528,304.388977,136.450943,-216.320129,323.798004,171.654449
4452,37.100000,14:47:46:12.01,-96.619568,302.168213,133.276886,-96.630669,309.057770,133.926086,-96.093216,304.387817,136.450424,-216.332581,323.820190,171.663483
4453,37.108333,14:47:46:12.02,-96.619476,302.169373,133.277206,-96.641449,309.064453,133.925018,-96.092659,304.388519,136.450912,-216.352036,323.844604,171.671585
4454,37.116667,14:47:46:12.03,-96.622177,302.168610,133.278107,-96.634903,309.058533,133.925095,-96.093193,304.388580,136.451019,-216.357300,323.878296,171.663757
4455,37.125000,14:47:46:13.00,-96.620461,302.168152,133.275711,-96.632133,309.059204,133.926895,-96.094048,304.388855,136.450806,-216.360397,323.919952,171.644409
4456,37.133333,14:47:46:13.01,-96.621147,302.168945,133.277390,-96.630470,309.059357,133.926727,-96.092758,304.387634,136.449753,-216.365082,323.977234,171.608810
4457,37.141667,14:47:46:13.02,-96.620789,302.169189,133.276505,-96.640190,309.066711,133.925217,-96.093620,304.388855,136.451508,-216.366837,324.035583,171.571533
4458,37.150000,14:47:46:13.03,-96.621521,302.170471,133.278412,-96.633873,309.060516,133.925369,-96.095375,304.389557,136.450134,-216.349838,324.096130,171.544357
4459,37.158333,14:47:46:14.00,-96.623749,302.170410,133.277435,-96.631966,309.060364,133.926254,-96.093773,304.388275,136.450531,-216.347122,324.132141,171.523422
4460,37.166667,14:47:46:14.01,-96.620552,302.170807,133.277206,-96.632309,309.060455,133.927811,-96.093742,304.389771,136.451675,-216.333893,324.174805,171.518494
4461,37.175000,14:47:46:14.02,-96.621788,302.169556,133.277313,-96.630974,309.061920,133.926605,-96.091751,304.388000,136.451035,-216.336731,324.208221,171.519485
4462,37.183333,14:47:46:14.03,-96.621956,302.168915,133.277588,-96.631264,309.062286,133.927505,-96.092293,304.389130,136.451233,-216.337967,324.243500,171.535904
4463,37.191667,14:47:46:15.00,-96.622368,302.170013,133.275497,-96.629944,309.062683,133.926620,-96.091537,304.388855,136.451828,-216.342834,324.274445,171.559280
4464,37.200000,14:47:46:15.01,-96.619118,302.170410,133.276321,-96.630577,309.063660,133.927567,-96.093010,304.389191,136.452545,-216.342163,324.303833,171.573090
4465,37.208333,14:47:46:15.02,-96.617516,302.171478,133.277344,-96.630707,309.062897,133.926895,-96.093613,304.388916,136.451889,-216.342285,324.333008,171.577408
4466,37.216667,14:47:46:15.03,-96.617973,302.172333,133.277100,-96.630821,309.063568,133.926208,-96.091965,304.387817,136.452255,-216.350693,324.368011,171.570984
4467,37.225000,14:47:46:16.00,-96.618919,302.171906,133.276123,-96.630219,309.064148,133.926620,-96.090302,304.386963,136.452682,-216.360886,324.408661,171.559387
4468,37.233333,14:47:46:16.01,-96.616905,302.172455,133.278030,-96.629745,309.064697,133.926575,-96.092209,304.388275,136.453094,-216.372437,324.453674,171.548141
4469,37.241667,14:47:46:16.02,-96.617760,302.172913,133.277039,-96.640244,309.070404,133.925446,-96.090919,304.388367,136.453903,-216.373108,324.493195,171.539658
4470,37.250000,14:47:46:16.03,-96.617424,302.173004,133.277634,-96.632706,309.065094,133.926254,-96.091507,304.387482,136.454651,-216.380020,324.522949,171.527435
4471,37.258333,14:47:46:17.00,-96.616356,302.175293,133.279144,-96.629066,309.065857,133.926926,-96.092575,304.387756,136.453766,-216.395142,324.552429,171.504791
4472,37.266667,14:47:46:17.01,-96.616280,302.172028,133.276337,-96.629616,309.066620,133.928497,-96.091339,304.386536,136.454636,-216.405838,324.586792,171.473724
4473,37.275000,14:47:46:17.02,-96.619148,302.172882,133.276566,-96.628914,309.066650,133.928085,-96.089790,304.386719,136.453110,-216.412064,324.616241,171.443848
4474,37.283333,14:47:46:17.03,-96.617279,302.170746,133.278732,-96.628746,309.067322,133.929092,-96.090591,304.387512,136.451996,-216.414001,324.646454,171.416458
4475,37.291667,14:47:46:18.00,-96.617828,302.173004,133.277435,-96.628204,309.068848,133.928329,-96.090927,304.389526,136.452728,-216.418793,324.676056,171.395996
4476,37.300000,14:47:46:18.01,-96.618019,302.173004,133.276428,-96.629921,309.070251,133.929047,-96.091240,304.390686,136.452713,-216.419312,324.710358,171.384140
4477,37.308333,14:47:46:18.02,-96.620773,302.170532,133.276306,-96.627655,309.069336,133.929276,-96.091637,304.392029,136.452316,-216.429428,324.746643,171.372452
4478,37.316667,14:47:46:18.03,-96.618576,302.171814,133.278168,-96.628632,309.070282,133.929947,-96.092224,304.391968,136.452591,-216.437698,324.789642,171.361923
4479,37.325000,14:47:46:19.00,-96.619247,302.172333,133.277161,-96.628403,309.070160,133.927963,-96.091431,304.395020,136.451920,-216.448669,324.843048,171.350693
4480,37.333333,14:47:46:19.01,-96.616402,302.175018,133.277618,-96.630119,309.071350,133.928955,-96.091614,304.394470,136.452774,-216.454025,324.889648,171.340714
4481,37.341667,14:47:46:19.02,-96.616020,302.171844,133.276886,-96.629318,309.071106,133.929230,-96.092026,304.395935,136.452209,-216.459869,324.929535,171.341125
4482,37.350000,14:47:46:19.03,-96.617096,302.172791,133.276947,-96.628273,309.071045,133.931580,-96.092949,304.396210,136.453079,-216.465683,324.963989,171.348969
4483,37.358333,14:47:46:20.00,-96.619156,302.173370,133.276520,-96.628494,309.071075,133.929733,-96.091652,304.395233,136.451935,-216.474792,324.995117,171.359085
4484,37.366667,14:47:46:20.01,-96.618446,302.174103,133.278351,-96.628716,309.071716,133.930222,-96.091583,304.394867,136.452438,-216.478378,325.020569,171.373688
4485,37.375000,14:47:46:20.02,-96.619316,302.171295,133.276062,-96.628624,309.071655,133.929245,-96.093582,304.396027,136.453690,-216.473358,325.047516,171.384491
4486,37.383333,14:47:46:20.03,-96.617950,302.170624,133.276077,-96.627930,309.070068,133.928482,-96.091904,304.395111,136.452911,-216.476471,325.062225,171.394974
4487,37.391667,14:47:46:21.00,-96.619736,302.171753,133.278687,-96.627480,309.070068,133.929291,-96.089294,304.394440,136.452728,-216.489334,325.075867,171.417877
4488,37.400000,14:47:46:21.01,-96.619835,302.172882,133.276550,-96.627754,309.070435,133.928955,-96.090271,304.394165,136.453979,-216.491013,325.090179,171.429459
4489,37.408333,14:47:46:21.02,-96.619568,302.172180,133.277267,-96.628609,309.069733,133.929672,-96.090332,304.393188,136.452637,-216.490509,325.102844,171.435593
4490,37.416667,14:47:46:21.03,-96.619713,302.171783,133.277893,-96.628990,309.069031,133.928070,-96.092316,304.392487,136.452515,-216.482895,325.112579,171.438354
4491,37.425000,14:47:46:22.00,-96.618484,302.173279,133.276047,-96.629868,309.068695,133.929321,-96.091545,304.393341,136.454346,-216.473465,325.123596,171.448059
4492,37.433333,14:47:46:22.01,-96.620064,302.171570,133.277267,-96.629669,309.069977,133.929138,-96.091148,304.392731,136.453110,-216.473846,325.126404,171.461670
4493,37.441667,14:47:46:22.02,-96.618340,302.170685,133.275070,-96.628456,309.067596,133.929199,-96.091125,304.392731,136.453217,-216.472595,325.133789,171.482101
4494,37.450000,14:47:46:22.03,-96.619759,302.173126,133.277969,-96.629601,309.068054,133.928268,-96.090874,304.392853,136.452927,-216.466995,325.131927,171.509628
4495,37.458333,14:47:46:23.00,-96.618904,302.173645,133.276840,-96.631447,309.068237,133.928024,-96.091309,304.393005,136.452942,-216.452576,325.130798,171.527100
4496,37.466667,14:47:46:23.01,-96.619713,302.171906,133.277771,-96.632507,309.067505,133.927979,-96.092018,304.391052,136.452682,-216.438919,325.130920,171.541504
4497,37.475000,14:47:46:23.02,-96.619072,302.171692,133.277435,-96.630440,309.067871,133.928375,-96.092812,304.391113,136.454193,-216.415710,325.122772,171.549988
4498,37.483333,14:47:46:23.03,-96.617859,302.171661,133.276855,-96.629578,309.067261,133.929138,-96.092072,304.391052,136.452530,-216.386276,325.109039,171.565063
4499,37.491667,14:47:46:24.00,-96.617020,302.171844,133.276382,-96.628738,309.068573,133.928253,-96.092850,304.391327,136.453262,-216.370392,325.093231,171.583328
4500,37.500000,14:47:46:24.01,-96.619858,302.172089,133.276886,-96.639648,309.075134,133.927567,-96.092072,304.392578,136.453552,-216.358521,325.089478,171.605301
4501,37.508333,14:47:46:24.02,-96.620911,302.171234,133.275681,-96.631882,309.068604,133.928864,-96.092690,304.392029,136.452759,-216.346664,325.085754,171.617065
4502,37.516667,14:47:46:24.03,-96.618858,302.172455,133.277023,-96.630219,309.069000,133.928375,-96.093391,304.391724,136.450974,-216.335510,325.078186,171.616089
4503,37.525000,14:47:46:25.00,-96.621124,302.170868,133.275574,-96.628822,309.067841,133.928925,-96.093109,304.392395,136.452072,-216.323120,325.069611,171.608902
4504,37.533333,14:47:46:25.01,-96.620178,302.171204,133.277756,-96.630211,309.069275,133.927780,-96.093941,304.392761,136.451508,-216.310532,325.062103,171.607880
4505,37.541667,14:47:46:25.02,-96.619911,302.170929,133.277161,-96.630112,309.068359,133.929169,-96.093330,304.393280,136.450745,-216.293076,325.053925,171.614258
4506,37.550000,14:47:46:25.03,-96.621307,302.171112,133.278336,-96.629684,309.069946,133.930084,-96.093353,304.393158,136.451050,-216.278412,325.036774,171.628983
4507,37.558333,14:47:46:26.00,-96.621201,302.172333,133.277863,-96.628792,309.069977,133.930252,-96.093216,304.392914,136.450363,-216.262024,325.021301,171.644333
4508,37.566667,14:47:46:26.01,-96.620743,302.173950,133.277863,-96.629158,309.069397,133.930634,-96.093460,304.392914,136.451309,-216.247971,325.008545,171.657211
4509,37.575000,14:47:46:26.02,-96.620491,302.171814,133.276505,-96.638939,309.076874,133.928253,-96.093628,304.393280,136.451691,-216.231613,324.996094,171.662994
4510,37.583333,14:47:46:26.03,-96.621933,302.172882,133.278076,-96.632294,309.069366,133.928009,-96.094200,304.393402,136.450165,-216.217773,324.981323,171.666412
4511,37.591667,14:47:46:27.00,-96.621109,302.172150,133.278488,-96.628700,309.070190,133.929276,-96.093437,304.392181,136.451431,-216.199142,324.977173,171.679001
4512,37.600000,14:47:46:27.01,-96.620789,302.171814,133.276688,-96.628143,309.071716,133.930573,-96.092514,304.393616,136.451309,-216.187378,324.964386,171.697739
4513,37.608333,14:47:46:27.02,-96.620819,302.171478,133.278259,-96.627892,309.071472,133.931244,-96.094551,304.393555,136.450256,-216.180496,324.957123,171.714371
4514,37.616667,14:47:46:27.03,-96.619949,302.171387,133.276566,-96.628632,309.071533,133.930130,-96.093262,304.393127,136.450363,-216.179901,324.949463,171.723648
4515,37.625000,14:47:46:28.00,-96.620491,302.173889,133.278503,-96.628410,309.070740,133.929489,-96.094086,304.394257,136.450043,-216.181976,324.945374,171.722427
4516,37.633333,14:47:46:28.01,-96.617310,302.171448,133.277100,-96.629555,309.070526,133.929901,-96.093979,304.393829,136.450470,-216.191010,324.938629,171.713623
4517,37.641667,14:47:46:28.02,-96.619629,302.171570,133.276978,-96.629028,309.071289,133.930420,-96.093163,304.392517,136.450012,-216.190094,324.945892,171.712845
4518,37.650000,14:47:46:28.03,-96.620224,302.171051,133.278076,-96.629562,309.071411,133.929764,-96.094360,304.393280,136.450607,-216.181900,324.941406,171.727097
4519,37.658333,14:47:46:29.00,-96.618149,302.172485,133.278015,-96.630272,309.070526,133.930206,-96.094521,304.391205,136.449387,-216.169998,324.937286,171.744354
4520,37.666667,14:47:46:29.01,-96.618744,302.172821,133.277588,-96.630470,309.071594,133.930801,-96.094925,304.391418,136.449646,-216.149597,324.928802,171.755081
4521,37.675000,14:47:46:29.02,-96.617661,302.171021,133.276718,-96.630440,309.070190,133.929840,-96.095139,304.390808,136.450211,-216.132050,324.916595,171.755112
4522,37.683333,14:47:46:29.03,-96.620865,302.171112,133.278412,-96.629341,309.070251,133.929718,-96.094688,304.390900,136.450150,-216.112381,324.912140,171.754623
4523,37.691667,14:47:47:00.00,-96.621185,302.169617,133.278030,-96.631104,309.067627,133.929535,-96.094917,304.390686,136.451279,-216.094620,324.907288,171.762924
4524,37.700000,14:47:47:00.01,-96.622787,302.171295,133.278275,-96.631615,309.067810,133.929718,-96.093788,304.389099,136.449677,-216.079971,324.896393,171.776001
4525,37.708333,14:47:47:00.02,-96.621269,302.169800,133.276718,-96.631180,309.067780,133.929047,-96.093903,304.389160,136.449020,-216.064911,324.882019,171.784790
4526,37.716667,14:47:47:00.03,-96.620491,302.171509,133.278183,-96.631416,309.066681,133.929245,-96.093704,304.386597,136.449478,-216.050674,324.870789,171.788162
4527,37.725000,14:47:47:01.00,-96.621742,302.170593,133.277130,-96.630219,309.066620,133.928650,-96.094879,304.386078,136.449127,-216.035629,324.862213,171.794312
4528,37.733333,14:47:47:01.01,-96.618919,302.169891,133.279053,-96.629715,309.066437,133.928497,-96.093872,304.385681,136.448837,-216.030640,324.849976,171.814270
4529,37.741667,14:47:47:01.02,-96.620125,302.170959,133.277191,-96.640137,309.071594,133.926529,-96.094475,304.385345,136.449295,-216.030670,324.832581,171.842117
4530,37.750000,14:47:47:01.03,-96.621231,302.169952,133.277161,-96.632805,309.063416,133.926804,-96.093330,304.384644,136.449036,-216.023468,324.813019,171.868546
4531,37.758333,14:47:47:02.00,-96.619652,302.169617,133.276947,-96.638817,309.068451,133.925964,-96.094727,304.385315,136.449921,-216.003387,324.797211,171.881165
4532,37.766667,14:47:47:02.01,-96.621544,302.170624,133.275955,-96.633133,309.063995,133.928238,-96.094330,304.385315,136.449493,-215.967529,324.777283,171.889038
4533,37.775000,14:47:47:02.02,-96.618225,302.169739,133.275818,-96.630653,309.062775,133.928116,-96.094116,304.383911,136.449554,-215.938919,324.759644,171.895935
4534,37.783333,14:47:47:02.03,-96.619476,302.171906,133.277145,-96.630455,309.064331,133.928543,-96.094063,304.384369,136.449387,-215.909225,324.739349,171.910385
4535,37.791667,14:47:47:03.00,-96.619621,302.171051,133.276657,-96.628670,309.062683,133.927673,-96.093941,304.383331,136.448868,-215.888290,324.715424,171.918564
4536,37.800000,14:47:47:03.01,-96.623077,302.171478,133.278793,-96.629135,309.063324,133.928604,-96.093765,304.381805,136.448944,-215.863205,324.684357,171.909470
4537,37.808333,14:47:47:03.02,-96.619560,302.170044,133.279282,-96.629486,309.061646,133.929260,-96.094254,304.382874,136.448105,-215.829224,324.639954,171.899780
4538,37.816667,14:47:47:03.03,-96.619820,302.169342,133.278198,-96.628754,309.061432,133.928452,-96.094772,304.383087,136.447983,-215.794327,324.599182,171.886917
4539,37.825000,14:47:47:04.00,-96.619400,302.170197,133.277756,-96.639290,309.068420,133.926773,-96.095016,304.383179,136.447647,-215.764664,324.553558,171.875275
4540,37.833333,14:47:47:04.01,-96.619072,302.169434,133.277969,-96.630226,309.062775,133.927475,-96.094162,304.382324,136.447327,-215.761597,324.525970,171.845215
4541,37.841667,14:47:47:04.02,-96.621368,302.170197,133.277756,-96.628410,309.063477,133.929794,-96.096024,304.385010,136.447281,-215.758270,324.511780,171.792786
4542,37.850000,14:47:47:04.03,-96.620300,302.168854,133.277176,-96.627899,309.062744,133.929428,-96.096344,304.384705,136.447754,-215.730576,324.500153,171.761139
4543,37.858333,14:47:47:05.00,-96.619789,302.171692,133.278610,-96.628860,309.062317,133.929794,-96.094803,304.384003,136.447372,-215.706161,324.478088,171.762863
4544,37.866667,14:47:47:05.01,-96.621674,302.169617,133.278519,-96.637306,309.067841,133.928680,-96.096222,304.385162,136.447067,-215.685867,324.462738,171.777420
4545,37.875000,14:47:47:05.02,-96.622299,302.170685,133.278625,-96.631310,309.062561,133.929962,-96.096237,304.385254,136.447006,-215.660736,324.443481,171.774750
4546,37.883333,14:47:47:05.03,-96.621841,302.168854,133.278351,-96.629364,309.062225,133.929703,-96.095711,304.386383,136.447067,-215.635590,324.427856,171.750259
4547,37.891667,14:47:47:06.00,-96.622559,302.171173,133.277756,-96.628098,309.061554,133.929092,-96.094986,304.385223,136.446747,-215.607620,324.417816,171.729874
4548,37.900000,14:47:47:06.01,-96.618774,302.170502,133.278030,-96.628967,309.062378,133.930359,-96.095856,304.386414,136.447388,-215.593689,324.408936,171.722153
4549,37.908333,14:47:47:06.02,-96.620270,302.171875,133.279617,-96.628494,309.062042,133.928421,-96.095848,304.385712,136.447937,-215.580795,324.401581,171.720291
4550,37.916667,14:47:47:06.03,-96.621315,302.169739,133.279297,-96.629654,309.062378,133.928894,-96.096008,304.385651,136.447327,-215.566925,324.396027,171.707703
4551,37.925000,14:47:47:07.00,-96.618942,302.171783,133.278503,-96.629768,309.062836,133.929688,-96.094894,304.385223,136.446838,-215.546753,324.389801,171.684067
4552,37.933333,14:47:47:07.01,-96.621841,302.171204,133.279877,-96.629730,309.062347,133.929688,-96.095573,304.386078,136.447632,-215.530258,324.382629,171.652359
4553,37.941667,14:47:47:07.02,-96.619965,302.171600,133.278625,-96.628540,309.061462,133.928757,-96.095909,304.386078,136.448654,-215.516922,324.376404,171.634537
4554,37.950000,14:47:47:07.03,-96.620712,302.169647,133.279114,-96.629593,309.062561,133.930389,-96.094849,304.384857,136.448257,-215.503555,324.378052,171.625565
4555,37.958333,14:47:47:08.00,-96.619644,302.169891,133.277954,-96.628799,309.063507,133.929474,-96.094444,304.385193,136.449188,-215.490128,324.381317,171.615845
4556,37.966667,14:47:47:08.01,-96.622719,302.170227,133.278427,-96.629669,309.064240,133.930893,-96.094444,304.384338,136.449692,-215.481064,324.390106,171.608002
4557,37.975000,14:47:47:08.02,-96.622719,302.170776,133.279022,-96.628044,309.063995,133.930786,-96.093491,304.383942,136.451050,-215.474182,324.399231,171.595535
4558,37.983333,14:47:47:08.03,-96.622955,302.169739,133.278610,-96.627373,309.063843,133.931244,-96.094498,304.384613,136.449768,-215.469070,324.410858,171.580292
4559,37.991667,14:47:47:09.00,-96.621483,302.169952,133.279007,-96.628349,309.063324,133.931061,-96.092674,304.383392,136.451080,-215.457840,324.420898,171.568161
4560,38.000000,14:47:47:09.01,-96.620407,302.169373,133.277725,-96.628349,309.064148,133.931274,-96.094284,304.384247,136.452316,-215.440109,324.435516,171.549789
4561,38.008333,14:47:47:09.02,-96.622620,302.167572,133.277832,-96.629028,309.063446,133.930466,-96.093643,304.382507,136.451370,-215.421371,324.451569,171.532272
4562,38.016667,14:47:47:09.03,-96.621925,302.168182,133.275787,-96.627312,309.062714,133.931137,-96.093559,304.384491,136.452026,-215.399887,324.466980,171.517014
4563,38.025000,14:47:47:10.00,-96.622765,302.168945,133.277695,-96.627274,309.063019,133.930679,-96.091530,304.383362,136.452179,-215.380447,324.479095,171.505905
4564,38.033333,14:47:47:10.01,-96.623505,302.167786,133.278152,-96.627945,309.063660,133.930481,-96.092674,304.382935,136.452209,-215.360352,324.494171,171.494537
4565,38.041667,14:47:47:10.02,-96.623085,302.167877,133.278122,-96.628052,309.063080,133.931046,-96.092354,304.381958,136.452240,-215.345169,324.504456,171.487656
4566,38.050000,14:47:47:10.03,-96.622490,302.172394,133.277634,-96.627769,309.063416,133.931198,-96.091583,304.383331,136.451965,-215.324814,324.522125,171.487961
4567,38.058333,14:47:47:11.00,-96.618828,302.170319,133.277710,-96.627998,309.063110,133.932037,-96.090584,304.382477,136.453217,-215.302628,324.537781,171.490601
4568,38.066667,14:47:47:11.01,-96.619537,302.170013,133.280075,-96.627380,309.062622,133.931854,-96.091370,304.382446,136.452927,-215.279465,324.549377,171.487839
4569,38.075000,14:47:47:11.02,-96.620651,302.169312,133.277710,-96.624710,309.060791,133.932571,-96.091171,304.382812,136.454285,-215.259201,324.559540,171.485443
4570,38.083333,14:47:47:11.03,-96.621155,302.169617,133.279037,-96.626106,309.061249,133.932434,-96.089859,304.383148,136.453369,-215.241486,324.568451,171.483307
4571,38.091667,14:47:47:12.00,-96.619179,302.169800,133.278534,-96.625923,309.060699,133.934738,-96.090714,304.383698,136.454453,,,
4572,38.100000,14:47:47:12.01,-96.621605,302.171295,133.278732,-96.623947,309.060944,133.934708,-96.091675,304.383759,136.454025,,,
4573,38.108333,14:47:47:12.02,-96.619492,302.170471,133.278503,-96.624413,309.059967,133.934860,-96.092239,304.384277,136.455551,,,
4574,38.116667,14:47:47:12.03,-96.618790,302.170380,133.277618,-96.625015,309.059998,133.936142,-96.090622,304.384644,136.455185,,,
4575,38.125000,14:47:47:13.00,-96.618668,302.170441,133.277893,-96.622398,309.058319,133.935226,-96.090469,304.386047,136.455811,,,
4576,38.133333,14:47:47:13.01,-96.619125,302.169403,133.278000,-96.622971,309.058472,133.936111,-96.090332,304.386841,136.456711,,,
4577,38.141667,14:47:47:13.02,-96.620155,302.168121,133.276749,-96.622459,309.059753,133.936768,-96.088699,304.389404,136.457016,,,
4578,38.150000,14:47:47:13.03,-96.619118,302.170074,133.278427,-96.621246,309.059814,133.937210,-96.088478,304.390656,136.457001,,,
4579,38.158333,14:47:47:14.00,-96.619125,302.171143,133.276901,-96.620430,309.061310,133.938232,-96.089027,304.392548,136.458832,,,
4580,38.166667,14:47:47:14.01,-96.617630,302.171783,133.277420,-96.621773,309.063141,133.938461,-96.088806,304.395142,136.460861,,,
4581,38.175000,14:47:47:14.02,-96.620712,302.173096,133.278687,-96.622040,309.063446,133.938248,-96.086487,304.396118,136.461914,,,
4582,38.183333,14:47:47:14.03,-96.617630,302.171082,133.275894,-96.620865,309.066437,133.939438,-96.086441,304.396667,136.463699,,,
4583,38.191667,14:47:47:15.00,-96.619362,302.172119,133.277588,-96.620155,309.068848,133.940262,-96.085083,304.397461,136.465759,,,
4584,38.200000,14:47:47:15.01,-96.617935,302.170685,133.277054,-96.619896,309.069122,133.941559,-96.082542,304.400391,136.468048,,,
4585,38.208333,14:47:47:15.02,-96.620003,302.169830,133.277344,-96.620255,309.071899,133.942154,-96.080246,304.401337,136.470886,,,
4586,38.216667,14:47:47:15.03,-96.620140,302.173126,133.278427,-96.620834,309.071808,133.941757,-96.080704,304.403290,136.474304,,,
4587,38.225000,14:47:47:16.00,-96.618484,302.171112,133.276382,-96.621590,309.074890,133.942993,-96.076981,304.403961,136.475555,,,
4588,38.233333,14:47:47:16.01,-96.619102,302.170959,133.277191,-96.619606,309.075165,133.943146,-96.076820,304.405426,136.477036,,,
4589,38.241667,14:47:47:16.02,-96.620613,302.172760,133.277725,-96.618469,309.075073,133.942368,-96.078987,304.404968,136.478561,,,
4590,38.250000,14:47:47:16.03,-96.618172,302.171875,133.276855,-96.620163,309.077393,133.944565,-96.077583,304.402985,136.479996,,,
4591,38.258333,14:47:47:17.00,-96.618652,302.172363,133.279114,-96.618965,309.077393,133.944717,-96.076469,304.404541,136.482010,,,
4592,38.266667,14:47:47:17.01,-96.620338,302.171082,133.279480,-96.618645,309.079803,133.944901,-96.075180,304.404449,136.482300,,,
4593,38.275000,14:47:47:17.02,-96.622604,302.170502,133.276230,-96.616524,309.081696,133.945801,-96.075233,304.403900,136.483002,,,
4594,38.283333,14:47:47:17.03,-96.622093,302.170471,133.276581,-96.615639,309.084045,133.948471,-96.076683,304.403748,136.483368,,,
4595,38.291667,14:47:47:18.00,-96.618958,302.170074,133.277542,-96.615395,309.088470,133.949356,-96.076347,304.403076,136.483780,,,
4596,38.300000,14:47:47:18.01,-96.620537,302.171417,133.278336,-96.613647,309.092133,133.951492,-96.075897,304.402771,136.482574,,,
4597,38.308333,14:47:47:18.02,-96.620369,302.171143,133.278412,-96.612198,309.095825,133.954926,-96.075333,304.402679,136.483322,,,
4598,38.316667,14:47:47:18.03,-96.619385,302.173157,133.279388,-96.614655,309.100250,133.955856,-96.076057,304.403290,136.483002,,,
4599,38.325000,14:47:47:19.00,-96.618851,302.170593,133.278641,-96.613953,309.105286,133.957962,-96.075127,304.400879,136.482208,,,
4600,38.333333,14:47:47:19.01,-96.619530,302.170380,133.279648,-96.613953,309.109833,133.959503,-96.077271,304.399536,136.481537,,,
4601,38.341667,14:47:47:19.02,-96.619179,302.170654,133.278885,-96.614632,309.114746,133.960938,-96.078201,304.398499,136.480133,,,
4602,38.350000,14:47:47:19.03,-96.623024,302.170013,133.276825,-96.615944,309.120239,133.963043,-96.077827,304.397736,136.479538,,,
4603,38.358333,14:47:47:20.00,-96.620392,302.168182,133.277054,-96.616325,309.125183,133.964508,-96.077179,304.398224,136.479431,,,
4604,38.366667,14:47:47:20.01,-96.621857,302.170746,133.279556,-96.629074,309.140442,133.968033,-96.077255,304.397980,136.478897,,,
4605,38.375000,14:47:47:20.02,-96.623680,302.169098,133.277939,-96.622574,309.138672,133.971909,-96.077324,304.397461,136.478104,,,
4606,38.383333,14:47:47:20.03,-96.619606,302.171112,133.279205,-96.630280,309.144867,133.970978,-96.079102,304.395203,136.476929,,,
4607,38.391667,14:47:47:21.00,-96.618706,302.170532,133.279388,-96.619957,309.134766,133.973892,-96.080360,304.394287,136.477448,,,
4608,38.400000,14:47:47:21.01,-96.622482,302.170624,133.280655,-96.614494,309.125732,133.970581,-96.079193,304.391418,136.474747,,,
4609,38.408333,14:47:47:21.02,-96.621307,302.170074,133.278061,-96.613091,309.122314,133.968002,-96.081161,304.390106,136.473175,,,
4610,38.416667,14:47:47:21.03,-96.620667,302.169220,133.277130,-96.610870,309.122406,133.970490,-96.081711,304.387787,136.471832,,,
4611,38.425000,14:47:47:22.00,-96.622139,302.169922,133.277267,-96.613220,309.123322,133.971268,-96.088196,304.380737,136.458344,,,
4612,38.433333,14:47:47:22.01,-96.620300,302.170166,133.277863,-96.609077,309.089844,133.960297,-96.089233,304.378387,136.456757,,,
4613,38.441667,14:47:47:22.02,-96.622093,302.170227,133.277542,-96.621330,309.087769,133.952194,-96.088852,304.379059,136.457932,,,
4614,38.450000,14:47:47:22.03,-96.620979,302.169647,133.277985,-96.616310,309.082428,133.955643,-96.088974,304.379639,136.457916,,,
4615,38.458333,14:47:47:23.00,-96.620766,302.169128,133.278076,-96.610764,309.081665,133.956711,-96.087997,304.378754,136.457443,,,
4616,38.466667,14:47:47:23.01,-96.621132,302.170471,133.277863,-96.620354,309.091187,133.953705,-96.088257,304.378906,136.457092,,,
4617,38.475000,14:47:47:23.02,-96.618355,302.168884,133.277466,-96.624199,309.092224,133.955246,-96.088013,304.378235,136.456528,,,
4618,38.483333,14:47:47:23.03,-96.619438,302.170441,133.277740,-96.622993,309.093323,133.954880,-96.089256,304.378418,136.456207,,,
4619,38.491667,14:47:47:24.00,-96.618660,302.170074,133.279556,-96.612839,309.082947,133.958023,-96.088760,304.378998,136.455353,,,
4620,38.500000,14:47:47:24.01,-96.621506,302.168396,133.278839,-96.610992,309.083038,133.956863,-96.088181,304.378174,136.457245,,,
4621,38.508333,14:47:47:24.02,-96.619614,302.170990,133.278137,-96.619698,309.090210,133.953583,-96.090141,304.378021,136.456039,,,
4622,38.516667,14:47:47:24.03,-96.620041,302.169434,133.279099,-96.612091,309.083588,133.955307,-96.089691,304.379333,136.456268,,,
4623,38.525000,14:47:47:25.00,-96.618111,302.169098,133.277634,-96.611366,309.081390,133.955597,-96.088684,304.378143,136.456940,,,
4624,38.533333,14:47:47:25.01,-96.621994,302.170959,133.278366,-96.612221,309.083618,133.956726,-96.089485,304.377106,136.456009,,,
4625,38.541667,14:47:47:25.02,-96.621742,302.169861,133.276871,-96.611122,309.082062,133.954330,-96.087433,304.378723,136.456482,,,
4626,38.550000,14:47:47:25.03,-96.619186,302.168793,133.276886,-96.610580,309.082855,133.955460,-96.088181,304.379272,136.457031,,,
4627,38.558333,14:47:47:26.00,-96.621033,302.169952,133.277100,-96.610153,309.081970,133.955246,-96.089401,304.377533,136.456161,,,
4628,38.566667,14:47:47:26.01,-96.622337,302.169220,133.278000,-96.611008,309.083099,133.954910,-96.087769,304.379425,136.455154,,,
4629,38.575000,14:47:47:26.02,-96.621498,302.169647,133.277069,-96.611137,309.082184,133.955261,-96.090042,304.378571,136.457031,,,
4630,38.583333,14:47:47:26.03,-96.624458,302.169189,133.276917,-96.611900,309.083801,133.956070,-96.089676,304.377625,136.455505,,,
4631,38.591667,14:47:47:27.00,-96.622482,302.169922,133.278214,-96.610085,309.081818,133.955551,-96.087471,304.378815,136.454330,,,
4632,38.600000,14:47:47:27.01,-96.621338,302.169525,133.277100,-96.611801,309.082703,133.954681,-96.089935,304.379791,136.455246,,,
4633,38.608333,14:47:47:27.02,-96.622055,302.169220,133.278687,-96.611855,309.082947,133.956360,-96.089264,304.379333,136.455643,,,
4634,38.616667,14:47:47:27.03,-96.619957,302.170074,133.277664,-96.611252,309.083313,133.954697,-96.089355,304.381653,136.456665,,,
4635,38.625000,14:47:47:28.00,-96.618301,302.169800,133.276505,-96.611031,309.082825,133.955170,-96.089798,304.378815,136.455994,,,
4636,38.633333,14:47:47:28.01,-96.620491,302.171051,133.278519,-96.612236,309.083405,133.956467,-96.088608,304.380157,136.455475,,,
4637,38.641667,14:47:47:28.02,-96.621880,302.167572,133.274216,-96.611755,309.083160,133.956543,-96.088440,304.379242,136.456757,,,
4638,38.650000,14:47:47:28.03,-96.621887,302.169281,133.275299,-96.610352,309.082184,133.955811,-96.089928,304.379150,136.455399,,,
4639,38.658333,14:47:47:29.00,-96.622963,302.169647,133.277679,-96.611008,309.083252,133.956451,-96.089279,304.380005,136.456177,,,
4640,38.666667,14:47:47:29.01,-96.620766,302.169647,133.276337,-96.609375,309.082825,133.955627,-96.090897,304.381042,136.456085,,,
4641,38.675000,14:47:47:29.02,-96.618675,302.168335,133.275940,-96.619370,309.091064,133.953125,-96.089943,304.380096,136.456436,,,
4642,38.683333,14:47:47:29.03,-96.621277,302.169098,133.276718,-96.612411,309.083527,133.956635,-96.088120,304.377411,136.455597,,,
4643,38.691667,14:47:48:00.00,-96.622971,302.170868,133.277313,-96.610390,309.082153,133.955643,-96.089844,304.377563,136.455078,,,
4644,38.700000,14:47:48:00.01,-96.621658,302.169922,133.278625,-96.611168,309.082062,133.956314,-96.089943,304.379486,136.455994,,,
4645,38.708333,14:47:48:00.02,-96.619995,302.168976,133.277496,-96.611847,309.081543,133.955688,-96.088554,304.379303,136.456055,,,
4646,38.716667,14:47:48:00.03,-96.622032,302.169678,133.277466,-96.619850,309.090729,133.954224,-96.088089,304.380432,136.456467,,,
4647,38.725000,14:47:48:01.00,-96.621880,302.168488,133.277008,-96.613304,309.084564,133.955704,-96.088478,304.379028,136.456253,,,
4648,38.733333,14:47:48:01.01,-96.623329,302.168640,133.276718,-96.611687,309.082886,133.955414,-96.088211,304.379456,136.454361,,,
4649,38.741667,14:47:48:01.02,-96.621231,302.170502,133.277771,-96.610489,309.082092,133.955902,-96.089859,304.380859,136.455780,,,
4650,38.750000,14:47:48:01.03,-96.620789,302.170502,133.276825,-96.611160,309.080994,133.956390,-96.088097,304.380127,136.455078,,,
4651,38.758333,14:47:48:02.00,-96.620773,302.170532,133.276093,-96.611511,309.082245,133.956207,-96.088112,304.378601,136.455139,,,
4652,38.766667,14:47:48:02.01,-96.620140,302.171631,133.276550,-96.610786,309.082916,133.956207,-96.090576,304.379120,136.454834,,,
4653,38.775000,14:47:48:02.02,-96.619926,302.172241,133.275787,-96.612213,309.084290,133.956177,-96.089256,304.378754,136.453537,,,
4654,38.783333,14:47:48:02.03,-96.621597,302.170837,133.276260,-96.610954,309.084534,133.956161,-96.090973,304.379547,136.455292,,,
4655,38.791667,14:47:48:03.00,-96.620224,302.171539,133.274460,-96.609276,309.083282,133.954651,-96.087677,304.379425,136.456116,,,
4656,38.800000,14:47:48:03.01,-96.621208,302.171051,133.276321,-96.610794,309.084045,133.955566,-96.088753,304.380859,136.455856,,,
4657,38.808333,14:47:48:03.02,-96.621941,302.170441,133.275345,-96.610474,309.082916,133.956055,-96.088943,304.378784,136.453949,,,
4658,38.816667,14:47:48:03.03,-96.621819,302.171600,133.275635,-96.610443,309.083496,133.955566,-96.089958,304.380554,136.455307,,,
4659,38.825000,14:47:48:04.00,-96.620529,302.170319,133.276230,-96.609673,309.084381,133.955521,-96.088707,304.378540,136.454514,,,
4660,38.833333,14:47:48:04.01,-96.621445,302.169281,133.275406,-96.611229,309.083527,133.955170,-96.089333,304.378906,136.454147,,,
4661,38.841667,14:47:48:04.02,-96.618202,302.170258,133.275620,-96.611115,309.083282,133.955170,-96.087608,304.379730,136.453751,,,
4662,38.850000,14:47:48:04.03,-96.618019,302.171112,133.274918,-96.611282,309.084900,133.955215,-96.086800,304.380524,136.455582,,,
4663,38.858333,14:47:48:05.00,-96.619545,302.169678,133.275940,-96.609161,309.084290,133.955429,-96.088898,304.379272,136.454132,,,
4664,38.866667,14:47:48:05.01,-96.619377,302.169647,133.274277,-96.609932,309.083923,133.956223,-96.088547,304.378662,136.454620,,,
4665,38.875000,14:47:48:05.02,-96.622612,302.170837,133.274872,-96.611031,309.083893,133.955978,-96.088356,304.379150,136.453598,,,
4666,38.883333,14:47:48:05.03,-96.620522,302.170715,133.275818,-96.610443,309.084106,133.955521,-96.088066,304.380615,136.454788,,,
4667,38.891667,14:47:48:06.00,-96.617455,302.171509,133.274719,-96.609589,309.084381,133.954971,-96.087761,304.381714,136.455322,,,
4668,38.900000,14:47:48:06.01,-96.619293,302.169556,133.276077,-96.609879,309.084503,133.955215,-96.088181,304.382477,136.455383,,,
4669,38.908333,14:47:48:06.02,-96.616386,302.172913,133.276840,-96.610023,309.084259,133.955704,-96.088684,304.381256,136.454636,,,
4670,38.916667,14:47:48:06.03,-96.612579,302.172363,133.276337,-96.610794,309.083710,133.956848,-96.089401,304.380371,136.454269,,,
4671,38.925000,14:47:48:07.00,-96.615761,302.173126,133.276825,-96.610634,309.083954,133.956726,-96.088715,304.381226,136.454590,,,
4672,38.933333,14:47:48:07.01,-96.618256,302.171234,133.277557,-96.609138,309.084259,133.955811,-96.088089,304.380432,136.454468,,,
4673,38.941667,14:47:48:07.02,-96.619904,302.169708,133.276123,-96.609741,309.083710,133.956177,-96.088638,304.380096,136.455902,,,
4674,38.950000,14:47:48:07.03,-96.620468,302.171814,133.276062,-96.610207,309.083710,133.954956,-96.087883,304.380371,136.455765,,,
4675,38.958333,14:47:48:08.00,-96.620041,302.171539,133.275589,-96.609917,309.083160,133.954636,-96.087303,304.380341,136.455139,,,
4676,38.966667,14:47:48:08.01,-96.618935,302.170624,133.275604,-96.610535,309.084137,133.955460,-96.088234,304.379425,136.455872,,,
4677,38.975000,14:47:48:08.02,-96.620636,302.171967,133.277039,-96.611931,309.083435,133.956070,-96.088402,304.379791,136.454773,,,
4678,38.983333,14:47:48:08.03,-96.619102,302.170715,133.276932,-96.610870,309.082733,133.954971,-96.088486,304.380432,136.455414,,,
4679,38.991667,14:47:48:09.00,-96.618782,302.171112,133.276779,-96.609940,309.082794,133.955368,-96.089622,304.380219,136.455032,,,
4680,39.000000,14:47:48:09.01,-96.620125,302.170807,133.277878,-96.612488,309.084686,133.957001,-96.088150,304.380615,136.455017,,,
4681,39.008333,14:47:48:09.02,-96.619247,302.172058,133.277313,-96.610176,309.083496,133.956329,-96.087990,304.380493,136.457138,,,
4682,39.016667,14:47:48:09.03,-96.618179,302.172943,133.278702,-96.610603,309.082916,133.955200,-96.089989,304.379028,136.455658,,,
4683,39.025000,14:47:48:10.00,-96.620705,302.170837,133.276627,-96.610008,309.083405,133.955124,-96.089752,304.379517,136.455688,,,
4684,39.033333,14:47:48:10.01,-96.619446,302.168793,133.276672,-96.609375,309.083710,133.955353,-96.088348,304.378967,136.455002,,,
4685,39.041667,14:47:48:10.02,-96.619354,302.171051,133.275986,-96.611664,309.083099,133.957016,-96.089455,304.380157,136.456482,,,
4686,39.050000,14:47:48:10.03,-96.619568,302.170380,133.276154,-96.610954,309.083405,133.955933,-96.088371,304.380157,136.455490,,,
4687,39.058333,14:47:48:11.00,-96.619728,302.169403,133.276459,-96.611252,309.084259,133.956497,-96.088684,304.378571,136.455368,,,
4688,39.066667,14:47:48:11.01,-96.621513,302.170319,133.276718,-96.609375,309.083588,133.955475,-96.089134,304.379761,136.457031,,,
4689,39.075000,14:47:48:11.02,-96.623909,302.172211,133.277298,-96.610909,309.083679,133.954208,-96.089142,304.379547,136.457123,,,
4690,39.083333,14:47:48:11.03,-96.619644,302.170685,133.278458,-96.610382,309.082428,133.954803,-96.088745,304.377594,136.457642,,,
4691,39.091667,14:47:48:12.00,-96.621414,302.170776,133.277039,-96.611694,309.083282,133.955582,-96.087921,304.377808,136.456955,,,
4692,39.100000,14:47:48:12.01,-96.619614,302.169464,133.276871,-96.610924,309.082489,133.955734,-96.088531,304.378662,136.458511,,,
4693,39.108333,14:47:48:12.02,-96.620598,302.169861,133.275345,-96.611443,309.083588,133.956024,-96.089729,304.377655,136.456970,,,
4694,39.116667,14:47:48:12.03,-96.620392,302.167908,133.275467,-96.611107,309.082001,133.954666,-96.083313,304.386200,136.470490,,,
4695,39.125000,14:47:48:13.00,-96.621773,302.168518,133.275574,-96.611328,309.082184,133.954788,-96.079506,304.395538,136.476807,,,
4696,39.133333,14:47:48:13.01,-96.621620,302.168304,133.276306,-96.610870,309.082489,133.955139,-96.074806,304.397430,136.483429,,,
4697,39.141667,14:47:48:13.02,-96.621269,302.168427,133.277100,-96.610298,309.082794,133.955109,-96.084251,304.393402,136.464310,,,
4698,39.150000,14:47:48:13.03,-96.623207,302.168945,133.278137,-96.611366,309.084045,133.957703,-96.092133,304.389435,136.455917,,,
4699,39.158333,14:47:48:14.00,-96.622231,302.166901,133.278107,-96.619408,309.090546,133.954559,-96.094398,304.387817,136.451645,,,
4700,39.166667,14:47:48:14.01,-96.625374,302.165955,133.278641,-96.612617,309.083618,133.957397,-96.094200,304.389862,136.451477,,,
4701,39.175000,14:47:48:14.02,-96.624573,302.166138,133.278580,-96.610634,309.083191,133.956879,-96.093063,304.390045,136.452820,,,
4702,39.183333,14:47:48:14.03,-96.625671,302.165924,133.278412,-96.601685,309.083099,133.972336,-96.092682,304.391205,136.452560,,,
4703,39.191667,14:47:48:15.00,-96.626747,302.167114,133.278046,-96.606277,309.081940,133.969635,-96.092178,304.390656,136.452484,,,
4704,39.200000,14:47:48:15.01,-96.625465,302.166779,133.277863,-96.616875,309.062042,133.941467,-96.093575,304.391876,136.453003,,,
4705,39.208333,14:47:48:15.02,-96.624931,302.166809,133.277863,-96.625923,309.055054,133.929184,-96.093727,304.390778,136.452515,,,
4706,39.216667,14:47:48:15.03,-96.604248,302.180054,133.295517,-96.629539,309.056854,133.928757,-96.092880,304.389740,136.450943,,,
4707,39.225000,14:47:48:16.00,-96.575691,302.206299,133.316132,-96.633186,309.064209,133.932007,-96.092979,304.390350,136.452408,,,
4708,39.233333,14:47:48:16.01,-96.561440,302.205231,133.308853,-96.624062,309.060394,133.932724,-96.093887,304.391632,136.451569,,,
4709,39.241667,14:47:48:16.02,-96.585892,302.191925,133.293671,-96.621445,309.061707,133.933548,-96.093117,304.390228,136.452072,,,
4710,39.250000,14:47:48:16.03,-96.616646,302.183075,133.282883,-96.621773,309.061554,133.934921,-96.094086,304.389984,136.451828,,,
4711,39.258333,14:47:48:17.00,-96.620827,302.184387,133.281296,-96.622681,309.060791,133.934799,-96.093597,304.390991,136.451859,,,
4712,39.266667,14:47:48:17.01,-96.619865,302.185394,133.283417,-96.623962,309.062164,133.935165,-96.092789,304.389496,136.451935,,,
4713,39.275000,14:47:48:17.02,-96.618073,302.186157,133.283524,-96.623619,309.061157,133.934158,-96.093460,304.389923,136.452118,,,
4714,39.283333,14:47:48:17.03,-96.618446,302.186157,133.284943,-96.624321,309.061035,133.935883,-96.092163,304.390594,136.452225,,,
4715,39.291667,14:47:48:18.00,-96.617683,302.186066,133.282837,-96.622375,309.061890,133.934830,-96.093597,304.390320,136.452072,,,
4716,39.300000,14:47:48:18.01,-96.615997,302.185974,133.282959,-96.623161,309.061340,133.934708,-96.093475,304.390015,136.451675,,,
4717,39.308333,14:47:48:18.02,-96.615913,302.186249,133.283508,-96.623436,309.060852,133.934311,-96.092514,304.391296,136.452621,,,
4718,39.316667,14:47:48:18.03,-96.619331,302.185822,133.284561,-96.624245,309.061157,133.935242,-96.092072,304.390045,136.450943,,,
4719,39.325000,14:47:48:19.00,-96.619041,302.186798,133.283691,-96.624359,309.061188,133.935028,-96.092522,304.389893,136.451263,,,
4720,39.333333,14:47:48:19.01,-96.615967,302.186737,133.282608,-96.624718,309.060638,133.936066,-96.092590,304.389893,136.452545,,,
4721,39.341667,14:47:48:19.02,-96.616302,302.185974,133.283127,-96.623581,309.060760,133.935822,-96.092667,304.389435,136.452179,,,
4722,39.350000,14:47:48:19.03,-96.617172,302.185364,133.283859,-96.622894,309.061432,133.934860,-96.093262,304.389954,136.451965,,,
4723,39.358333,14:47:48:20.00,-96.619629,302.185455,133.285110,-96.622856,309.061340,133.935440,-96.093140,304.390228,136.451828,,,
4724,39.366667,14:47:48:20.01,-96.617355,302.186401,133.283432,-96.623283,309.061798,133.935684,-96.093681,304.390717,136.452408,,,
4725,39.375000,14:47:48:20.02,-96.617935,302.186096,133.283875,-96.622292,309.061310,133.934921,-96.092087,304.390320,136.451797,,,
4726,39.383333,14:47:48:20.03,-96.617775,302.185638,133.283386,-96.621590,309.061218,133.935196,-96.093452,304.390137,136.452133,,,
4727,39.391667,14:47:48:21.00,-96.614677,302.185364,133.282898,-96.623817,309.061646,133.935089,-96.093002,304.390320,136.452255,,,
4728,39.400000,14:47:48:21.01,-96.618179,302.186127,133.283936,-96.623497,309.061371,133.935135,-96.092865,304.389587,136.452026,,,
4729,39.408333,14:47:48:21.02,-96.618683,302.185669,133.284622,-96.622375,309.061798,133.935562,-96.091995,304.389862,136.452606,,,
4730,39.416667,14:47:48:21.03,-96.620720,302.186371,133.284119,-96.621582,309.061615,133.935059,-96.093147,304.390289,136.451813,,,
4731,39.425000,14:47:48:22.00,-96.619934,302.186096,133.284805,-96.622726,309.061096,133.936417,-96.093277,304.390015,136.451538,,,
4732,39.433333,14:47:48:22.01,-96.620956,302.184357,133.283173,-96.622307,309.061920,133.935654,-96.092377,304.391205,136.452789,,,
4733,39.441667,14:47:48:22.02,-96.618179,302.185455,133.283264,-96.622787,309.061707,133.934891,-96.093071,304.389557,136.452133,,,
4734,39.450000,14:47:48:22.03,-96.619957,302.186218,133.284454,-96.623268,309.060455,133.935593,-96.093285,304.389923,136.451920,,,
4735,39.458333,14:47:48:23.00,-96.622513,302.185852,133.284500,-96.622643,309.061035,133.935196,-96.091751,304.390381,136.451584,,,
4736,39.466667,14:47:48:23.01,-96.621719,302.186127,133.283173,-96.622643,309.061279,133.935440,-96.092628,304.390015,136.451752,,,
4737,39.475000,14:47:48:23.02,-96.619751,302.186676,133.284225,-96.622208,309.061707,133.934677,-96.092781,304.390778,136.452942,,,
4738,39.483333,14:47:48:23.03,-96.619102,302.186859,133.284088,-96.620903,309.061371,133.934341,-96.092102,304.390594,136.451630,,,
4739,39.491667,14:47:48:24.00,-96.620140,302.185028,133.284027,-96.622177,309.061249,133.935394,-96.091965,304.390228,136.451538,,,
4740,39.500000,14:47:48:24.01,-96.619530,302.186401,133.282364,-96.621910,309.061066,133.934235,-96.092918,304.391144,136.451950,,,
4741,39.508333,14:47:48:24.02,-96.618774,302.186432,133.282898,-96.622810,309.061035,133.934784,-96.091980,304.390594,136.452042,,,
4742,39.516667,14:47:48:24.03,-96.618584,302.186584,133.283051,-96.622284,309.061493,133.935516,-96.093071,304.391602,136.452408,,,
4743,39.525000,14:47:48:25.00,-96.620819,302.186066,133.284134,-96.621590,309.062134,133.934921,-96.092934,304.391876,136.452560,,,
4744,39.533333,14:47:48:25.01,-96.617233,302.185333,133.283371,-96.621292,309.061920,133.934555,-96.092918,304.391144,136.451523,,,
4745,39.541667,14:47:48:25.02,-96.619423,302.185181,133.283157,-96.622101,309.061981,133.935684,-96.093338,304.390625,136.451706,,,
4746,39.550000,14:47:48:25.03,-96.621109,302.186310,133.284103,-96.622017,309.060425,133.934479,-96.087090,304.394165,136.452957,,,
4747,39.558333,14:47:48:26.00,-96.620316,302.184692,133.282806,-96.622322,309.061676,133.935455,-96.092278,304.392944,136.452271,,,
4748,39.566667,14:47:48:26.01,-96.621986,302.185455,133.283813,-96.622475,309.062469,133.935226,-96.094475,304.390778,136.452484,,,
4749,39.575000,14:47:48:26.02,-96.621422,302.186859,133.284729,-96.621773,309.061157,133.935089,-96.093124,304.390839,136.451859,,,
4750,39.583333,14:47:48:26.03,-96.619644,302.185974,133.283630,-96.621674,309.062988,133.935944,-96.093597,304.390900,136.452209,,,
4751,39.591667,14:47:48:27.00,-96.620262,302.186584,133.284576,-96.621407,309.061646,133.934555,-96.093102,304.390778,136.452454,,,
4752,39.600000,14:47:48:27.01,-96.618248,302.185577,133.282700,-96.622025,309.061584,133.935135,-96.092056,304.390167,136.452560,,,
4753,39.608333,14:47:48:27.02,-96.619621,302.185181,133.283798,-96.622414,309.060822,133.936172,-96.093712,304.390228,136.452652,,,
4754,39.616667,14:47:48:27.03,-96.619614,302.185883,133.283783,-96.621834,309.060974,133.936279,-96.092369,304.389221,136.452240,,,
4755,39.625000,14:47:48:28.00,-96.620415,302.185791,133.284012,-96.621292,309.062347,133.935913,-96.092621,304.390442,136.452072,,,
4756,39.633333,14:47:48:28.01,-96.621208,302.186890,133.283630,-96.622536,309.061523,133.935486,-96.093689,304.390991,136.452072,,,
4757,39.641667,14:47:48:28.02,-96.618217,302.186523,133.283539,-96.622581,309.059967,133.935410,-96.091362,304.389740,136.451614,,,
4758,39.650000,14:47:48:28.03,-96.617844,302.185730,133.282822,-96.622581,309.061829,133.935089,-96.092812,304.389740,136.451706,,,
4759,39.658333,14:47:48:29.00,-96.618744,302.186005,133.282822,-96.619995,309.061829,133.935059,-96.092834,304.389771,136.451645,,,
4760,39.666667,14:47:48:29.01,-96.620964,302.185333,133.284805,-96.620369,309.062134,133.935028,-96.093391,304.391571,136.452789,,,
4761,39.675000,14:47:48:29.02,-96.621246,302.186127,133.283157,-96.622749,309.062042,133.935638,-96.092987,304.390961,136.452576,,,
4762,39.683333,14:47:48:29.03,-96.620705,302.186859,133.284302,-96.622017,309.061798,133.934677,-96.093132,304.391113,136.452133,,,
4763,39.691667,14:47:49:00.00,-96.622391,302.186188,133.284027,-96.620895,309.060822,133.934967,-96.091835,304.391357,136.452820,,,
4764,39.700000,14:47:49:00.01,-96.621620,302.185913,133.283646,-96.621910,309.061829,133.936172,-96.093002,304.391327,136.452560,,,
4765,39.708333,14:47:49:00.02,-96.620712,302.187408,133.284439,-96.622665,309.061584,133.935806,-96.091209,304.389893,136.452316,,,
4766,39.716667,14:47:49:00.03,-96.622070,302.186096,133.284058,-96.621582,309.061432,133.934921,-96.094238,304.390717,136.451859,,,
4767,39.725000,14:47:49:01.00,-96.621796,302.186798,133.283081,-96.620743,309.061768,133.934357,-96.091026,304.391174,136.451859,,,
4768,39.733333,14:47:49:01.01,-96.622208,302.185333,133.284454,-96.620850,309.061920,133.935318,-96.093819,304.391174,136.451950,,,
4769,39.741667,14:47:49:01.02,-96.624001,302.186310,133.284576,-96.620308,309.061798,133.934341,-96.092957,304.389221,136.452072,,,
4770,39.750000,14:47:49:01.03,-96.620850,302.186310,133.284271,-96.621597,309.061249,133.935043,-96.091927,304.389648,136.451462,,,
4771,39.758333,14:47:49:02.00,-96.621735,302.187195,133.284378,-96.622696,309.061707,133.934860,-96.093452,304.391327,136.451996,,,
4772,39.766667,14:47:49:02.01,-96.619179,302.187164,133.283478,-96.622375,309.061737,133.935608,-96.094093,304.390747,136.451859,,,
4773,39.775000,14:47:49:02.02,-96.619827,302.186829,133.283203,-96.619827,309.062866,133.935135,-96.092735,304.391602,136.452408,,,
4774,39.783333,14:47:49:02.03,-96.620354,302.186829,133.283463,-96.619621,309.062683,133.934540,-96.091736,304.392151,136.450958,,,
4775,39.791667,14:47:49:03.00,-96.619865,302.187683,133.283813,-96.621025,309.063446,133.935135,-96.090828,304.393066,136.451309,,,
4776,39.800000,14:47:49:03.01,-96.618729,302.189209,133.283920,-96.619598,309.064087,133.934372,-96.090126,304.393860,136.452972,,,
4777,39.808333,14:47:49:03.02,-96.619316,302.188232,133.283569,-96.621140,309.063110,133.935211,-96.089302,304.393921,136.451233,,,
4778,39.816667,14:47:49:03.03,-96.623177,302.187744,133.283463,-96.621162,309.063110,133.935730,-96.089645,304.392792,136.452087,,,
4779,39.825000,14:47:49:04.00,-96.620445,302.187561,133.283783,-96.620689,309.063019,133.934921,-96.093613,304.392853,136.452896,,,
4780,39.833333,14:47:49:04.01,-96.619591,302.187225,133.283234,-96.620583,309.063690,133.935516,-96.092934,304.390930,136.451508,,,
4781,39.841667,14:47:49:04.02,-96.622932,302.186859,133.283173,-96.621689,309.063110,133.934341,-96.093727,304.391785,136.452179,,,
4782,39.850000,14:47:49:04.03,-96.619621,302.186554,133.283737,-96.623337,309.063232,133.935211,-96.094307,304.391968,136.452179,,,
4783,39.858333,14:47:49:05.00,-96.621162,302.187195,133.282166,-96.624115,309.061951,133.933289,-96.094765,304.390839,136.450912,,,
4784,39.866667,14:47:49:05.01,-96.621147,302.187164,133.282394,-96.624008,309.061005,133.932846,-96.095634,304.392822,136.450821,,,
4785,39.875000,14:47:49:05.02,-96.624146,302.185913,133.283508,-96.624596,309.062744,133.933563,-96.094475,304.391541,136.450806,,,
4786,39.883333,14:47:49:05.03,-96.625481,302.185211,133.282684,-96.622887,309.061859,133.933090,-96.094467,304.389069,136.451813,,,
4787,39.891667,14:47:49:06.00,-96.628029,302.185730,133.283127,-96.624969,309.060303,133.933838,-96.096825,304.389587,136.450348,,,
4788,39.900000,14:47:49:06.01,-96.627602,302.183929,133.281799,-96.625526,309.059418,133.932755,-96.097824,304.389618,136.450958,,,
4789,39.908333,14:47:49:06.02,-96.627441,302.184143,133.281815,-96.628502,309.058990,133.934006,-96.099518,304.388428,136.451447,,,
4790,39.916667,14:47:49:06.03,-96.630569,302.183380,133.282120,-96.626984,309.058136,133.933105,-96.097847,304.387573,136.451035,,,
4791,39.925000,14:47:49:07.00,-96.628288,302.184631,133.282059,-96.626907,309.058960,133.934464,-96.099716,304.387482,136.450775,,,
4792,39.933333,14:47:49:07.01,-96.627853,302.184723,133.281921,-96.626915,309.059967,133.933701,-96.099739,304.388336,136.450378,,,
4793,39.941667,14:47:49:07.02,-96.625908,302.185150,133.282410,-96.626160,309.060669,133.934479,-96.095627,304.388794,136.449890,,,
4794,39.950000,14:47:49:07.03,-96.624146,302.187836,133.282944,-96.622841,309.062347,133.933777,-96.095459,304.393372,136.451447,,,
4795,39.958333,14:47:49:08.00,-96.623245,302.189026,133.284271,-96.620583,309.064117,133.934113,-96.091919,304.393555,136.450699,,,
4796,39.966667,14:47:49:08.01,-96.622681,302.190247,133.283752,-96.620888,309.065796,133.934097,-96.091225,304.395538,136.451553,,,
4797,39.975000,14:47:49:08.02,-96.622040,302.190674,133.285370,-96.620186,309.066193,133.934753,-96.091309,304.396301,136.453461,,,
4798,39.983333,14:47:49:08.03,-96.619331,302.191132,133.283859,-96.619438,309.066498,133.935089,-96.089890,304.396698,136.452057,,,
4799,39.991667,14:47:49:09.00,-96.617508,302.191101,133.283829,-96.617928,309.066528,133.934067,-96.089203,304.396667,136.452148,,,
4800,40.000000,14:47:49:09.01,-96.619179,302.191986,133.283890,-96.617874,309.065460,133.934006,-96.091965,304.397919,136.453278,,,
4801,40.008333,14:47:49:09.02,-96.617882,302.190033,133.284271,-96.618835,309.065643,133.934998,-96.089668,304.396545,136.452316,,,
4802,40.016667,14:47:49:09.03,-96.622658,302.190125,133.284317,-96.620110,309.065155,133.935150,-96.089813,304.395447,136.452179,,,
4803,40.025000,14:47:49:10.00,-96.622284,302.189941,133.284668,-96.619019,309.064911,133.934525,-96.091301,304.396332,136.453568,,,
4804,40.033333,14:47:49:10.01,-96.623055,302.189026,133.285278,-96.621155,309.064911,133.934525,-96.092644,304.395905,136.452271,,,
4805,40.041667,14:47:49:10.02,-96.623322,302.187988,133.284576,-96.624123,309.062836,133.935638,-96.094955,304.393158,136.453583,,,
4806,40.050000,14:47:49:10.03,-96.624512,302.185974,133.284897,-96.624168,309.061615,133.934937,-96.095367,304.390045,136.452454,,,
4807,40.058333,14:47:49:11.00,-96.626297,302.183441,133.284454,-96.623405,309.058868,133.934921,-96.094910,304.387268,136.452286,,,
4808,40.066667,14:47:49:11.01,-96.626976,302.181335,133.283020,-96.626404,309.057159,133.935303,-96.097488,304.385437,136.452728,,,
4809,40.075000,14:47:49:11.02,-96.625725,302.180725,133.281830,-96.627037,309.056488,133.935623,-96.099113,304.383606,136.451584,,,
4810,40.083333,14:47:49:11.03,-96.627174,302.180908,133.283798,-96.626465,309.054993,133.935089,-96.098305,304.382233,136.451996,,,
4811,40.091667,14:47:49:12.00,-96.625519,302.180695,133.283173,-96.626991,309.055298,133.935852,-96.097275,304.383667,136.451401,,,
4812,40.100000,14:47:49:12.01,-96.622849,302.179779,133.283020,-96.625481,309.056946,133.935623,-96.097443,304.384766,136.452408,,,
4813,40.108333,14:47:49:12.02,-96.621567,302.180969,133.282654,-96.623711,309.056793,133.934677,-96.095047,304.385376,136.451691,,,
4814,40.116667,14:47:49:12.03,-96.619553,302.182556,133.283966,-96.620842,309.058502,133.934921,-96.092506,304.386841,136.451721,,,
4815,40.125000,14:47:49:13.00,-96.617378,302.183380,133.284073,-96.620583,309.060394,133.935959,-96.091187,304.388367,136.452347,,,
4816,40.133333,14:47:49:13.01,-96.616318,302.185425,133.283096,-96.619919,309.061646,133.935745,-96.090912,304.389526,136.452515,,,
4817,40.141667,14:47:49:13.02,-96.616707,302.186981,133.284363,-96.619186,309.062805,133.935471,-96.089218,304.391418,136.452606,,,
4818,40.150000,14:47:49:13.03,-96.616325,302.188568,133.283752,-96.617989,309.063568,133.934662,-96.089371,304.392975,136.451340,,,
4819,40.158333,14:47:49:14.00,-96.616402,302.188324,133.284027,-96.620132,309.064392,133.936111,-96.083984,304.397125,136.452393,,,
4820,40.166667,14:47:49:14.01,-96.616455,302.189484,133.284515,-96.618683,309.065125,133.935303,-96.089241,304.396271,136.453125,,,
4821,40.175000,14:47:49:14.02,-96.617142,302.189697,133.283951,-96.619621,309.065735,133.934723,-96.092285,304.394501,136.452942,,,
4822,40.183333,14:47:49:14.03,-96.619202,302.191833,133.285431,-96.621147,309.066925,133.935287,-96.090996,304.395752,136.452576,,,
4823,40.191667,14:47:49:15.00,-96.620850,302.191010,133.285080,-96.619621,309.067352,133.935135,-96.091393,304.396637,136.451920,,,
4824,40.200000,14:47:49:15.01,-96.621902,302.191254,133.285110,-96.621727,309.066956,133.936279,-96.088722,304.399597,136.453033,,,
4825,40.208333,14:47:49:15.02,-96.621109,302.190979,133.285385,-96.623962,309.066772,133.936157,-96.094254,304.395844,136.452560,,,
4826,40.216667,14:47:49:15.03,-96.621773,302.189026,133.284790,-96.625725,309.064789,133.936325,-96.095482,304.394653,136.452972,,,
4827,40.225000,14:47:49:16.00,-96.622429,302.187866,133.284241,-96.625214,309.062531,133.935852,-96.094910,304.393158,136.452499,,,
4828,40.233333,14:47:49:16.01,-96.622696,302.185760,133.282974,-96.624214,309.061310,133.935303,-96.096352,304.391113,136.452637,,,
4829,40.241667,14:47:49:16.02,-96.624199,302.184692,133.284256,-96.624084,309.059753,133.935410,-96.096489,304.388947,136.451752,,,
4830,40.250000,14:47:49:16.03,-96.625267,302.182983,133.284195,-96.625496,309.059235,133.936401,-96.097015,304.387146,136.451660,,,
4831,40.258333,14:47:49:17.00,-96.624329,302.181946,133.283813,-96.624573,309.057922,133.936005,-96.095886,304.386597,136.453506,,,
4832,40.266667,14:47:49:17.01,-96.620720,302.181885,133.282639,-96.624916,309.057983,133.936066,-96.093925,304.385345,136.451157,,,
4833,40.275000,14:47:49:17.02,-96.620598,302.182495,133.284409,-96.622360,309.058563,133.935532,-96.092712,304.385956,136.452179,,,
4834,40.283333,14:47:49:17.03,-96.619240,302.182495,133.283691,-96.620735,309.058716,133.934982,-96.091751,304.385681,136.451218,,,
4835,40.291667,14:47:49:18.00,-96.616432,302.182373,133.283096,-96.621307,309.059143,133.935822,-96.092239,304.386810,136.451523,,,
4836,40.300000,14:47:49:18.01,-96.619987,302.182648,133.283813,-96.619957,309.059540,133.935196,-96.091667,304.387573,136.452377,,,
4837,40.308333,14:47:49:18.02,-96.617195,302.183044,133.283279,-96.619263,309.058289,133.934357,-96.090607,304.386841,136.453033,,,
4838,40.316667,14:47:49:18.03,-96.617783,302.183411,133.282623,-96.621490,309.059570,133.935730,-96.090927,304.388062,136.451599,,,
4839,40.325000,14:47:49:19.00,-96.617531,302.184570,133.283585,-96.622269,309.060120,133.935349,-96.092155,304.389252,136.451630,,,
4840,40.333333,14:47:49:19.01,-96.618828,302.185974,133.283951,-96.621231,309.060547,133.933899,-96.093506,304.389282,136.451752,,,
4841,40.341667,14:47:49:19.02,-96.621094,302.186523,133.283707,-96.623978,309.062927,133.935333,-96.093643,304.391083,136.451859,,,
4842,40.350000,14:47:49:19.03,-96.620819,302.187592,133.282425,-96.624130,309.064545,133.935806,-96.095215,304.393951,136.452362,,,
4843,40.358333,14:47:49:20.00,-96.624451,302.189819,133.285416,-96.623848,309.064484,133.934708,-96.094757,304.394470,136.453186,,,
4844,40.366667,14:47:49:20.01,-96.623817,302.190399,133.285034,-96.624619,309.065735,133.936157,-96.096207,304.394806,136.453537,,,
4845,40.375000,14:47:49:20.02,-96.621666,302.190369,133.284027,-96.624901,309.065338,133.935791,-96.095848,304.395386,136.452347,,,
4846,40.383333,14:47:49:20.03,-96.622162,302.189270,133.283463,-96.624908,309.064453,133.935074,-96.095848,304.395050,136.452499,,,
4847,40.391667,14:47:49:21.00,-96.622627,302.188873,133.282776,-96.624352,309.065002,133.935379,-96.095688,304.394165,136.452316,,,
4848,40.400000,14:47:49:21.01,-96.621147,302.187714,133.283478,-96.623978,309.063232,133.935577,-96.095398,304.393982,136.452240,,,
4849,40.408333,14:47:49:21.02,-96.621666,302.188263,133.284607,-96.623756,309.062897,133.936127,-96.095917,304.392365,136.451828,,,
4850,40.416667,14:47:49:21.03,-96.621361,302.186920,133.284790,-96.623161,309.061707,133.935562,-96.092842,304.390900,136.452576,,,
4851,40.425000,14:47:49:22.00,-96.620399,302.186890,133.284836,-96.623413,309.060822,133.937225,-96.093956,304.391205,136.452072,,,
4852,40.433333,14:47:49:22.01,-96.617790,302.184052,133.283813,-96.621841,309.060028,133.935898,-96.092133,304.388672,136.452484,,,
4853,40.441667,14:47:49:22.02,-96.617729,302.184143,133.282990,-96.619934,309.058929,133.935455,-96.091774,304.388733,136.451797,,,
4854,40.450000,14:47:49:22.03,-96.619835,302.183472,133.284988,-96.621841,309.060242,133.935623,-96.091431,304.387939,136.452377,,,
4855,40.458333,14:47:49:23.00,-96.617981,302.183594,133.283859,-96.620651,309.059021,133.935928,-96.089882,304.388336,136.451355,,,
4856,40.466667,14:47:49:23.01,-96.615860,302.183441,133.283096,-96.621002,309.058777,133.936401,-96.090416,304.388000,136.451859,,,
4857,40.475000,14:47:49:23.02,-96.615204,302.183380,133.282700,-96.622421,309.058807,133.935074,-96.089745,304.387451,136.451477,,,
4858,40.483333,14:47:49:23.03,-96.617302,302.184265,133.284134,-96.621719,309.059326,133.935959,-96.092621,304.387451,136.451752,,,
4859,40.491667,14:47:49:24.00,-96.614418,302.183289,133.283386,-96.622818,309.058746,133.935745,-96.091881,304.386871,136.451508,,,
4860,40.500000,14:47:49:24.01,-96.618523,302.182831,133.283218,-96.623604,309.058899,133.934387,-96.093704,304.386841,136.452713,,,
4861,40.508333,14:47:49:24.02,-96.621391,302.181610,133.281418,-96.624176,309.059906,133.934860,-96.094109,304.388367,136.451721,,,
4862,40.516667,14:47:49:24.03,-96.612503,302.182678,133.290665,-96.624771,309.060669,133.934967,-96.096107,304.388336,136.450058,,,
4863,40.525000,14:47:49:25.00,-96.594223,302.191711,133.306595,-96.624527,309.061707,133.934357,-96.096642,304.389954,136.452515,,,
4864,40.533333,14:47:49:25.01,-96.568924,302.207611,133.320419,-96.626022,309.061127,133.931168,-96.096527,304.392914,136.453003,,,
4865,40.541667,14:47:49:25.02,-96.548470,302.214111,133.325531,-96.626160,309.061829,133.931259,-96.096146,304.393158,136.452682,,,
4866,40.550000,14:47:49:25.03,-96.553825,302.210388,133.316559,-96.619926,309.063171,133.941910,-96.096130,304.393311,136.452499,,,
4867,40.558333,14:47:49:26.00,-96.600548,302.184784,133.285751,-96.601784,309.082794,133.973831,-96.094765,304.393646,136.453278,,,
4868,40.566667,14:47:49:26.01,-96.625458,302.171112,133.279526,-96.599907,309.092926,133.980438,-96.094444,304.393646,136.452789,,,
4869,40.575000,14:47:49:26.02,-96.627388,302.169098,133.278488,-96.606606,309.090668,133.961044,-96.093178,304.392914,136.452515,,,
4870,40.583333,14:47:49:26.03,-96.623985,302.167419,133.278412,-96.619377,309.093658,133.955124,-96.092506,304.394135,136.454346,,,
4871,40.591667,14:47:49:27.00,-96.624535,302.170837,133.279999,-96.610466,309.084686,133.955795,-96.092003,304.391907,136.452454,,,
4872,40.600000,14:47:49:27.01,-96.619949,302.167908,133.279083,-96.608017,309.082642,133.955322,-96.090965,304.390198,136.450607,,,
4873,40.608333,14:47:49:27.02,-96.620712,302.168976,133.277679,-96.607803,309.083832,133.955078,-96.095215,304.384125,136.444473,,,
4874,40.616667,14:47:49:27.03,-96.619446,302.169495,133.278625,-96.608604,309.082581,133.953934,-96.090027,304.382690,136.454895,,,
4875,40.625000,14:47:49:28.00,-96.619148,302.170471,133.277817,-96.608932,309.083191,133.954544,-96.076881,304.386230,136.477402,,,
4876,40.633333,14:47:49:28.01,-96.618584,302.169189,133.277374,-96.609917,309.082397,133.956039,-96.085754,304.379761,136.459045,,,
4877,40.641667,14:47:49:28.02,-96.620712,302.168823,133.275803,-96.610413,309.081970,133.955093,-96.089638,304.377045,136.455612,,,
4878,40.650000,14:47:49:28.03,-96.621384,302.164978,133.275848,-96.612152,309.080933,133.956207,-96.090607,304.376465,136.456467,,,
4879,40.658333,14:47:49:29.00,-96.619957,302.168884,133.276535,-96.614502,309.112732,133.963165,-96.091087,304.377167,136.454590,,,
4880,40.666667,14:47:49:29.01,-96.619743,302.168243,133.276886,-96.612236,309.069000,133.955627,-96.091599,304.377045,136.455200,,,
4881,40.675000,14:47:49:29.02,-96.620514,302.168427,133.276367,-96.609459,309.067841,133.960754,-96.090759,304.375977,136.454254,,,
4882,40.683333,14:47:49:29.03,-96.621414,302.168671,133.277924,-96.612877,309.080627,133.955444,-96.093002,304.374847,136.453430,,,
4883,40.691667,14:47:50:00.00,-96.625053,302.170624,133.276550,-96.622330,309.090057,133.953339,-96.092926,304.377228,136.454926,,,
4884,40.700000,14:47:50:00.01,-96.622299,302.169861,133.276657,-96.614418,309.083191,133.955185,-96.091423,304.378662,136.454117,,,
4885,40.708333,14:47:50:00.02,-96.621338,302.170135,133.277267,-96.619667,309.096008,133.943909,-96.091965,304.380737,136.457199,,,
4886,40.716667,14:47:50:00.03,-96.620911,302.170288,133.276627,-96.612877,309.066345,133.952362,-96.085510,304.405731,136.468918,,,
4887,40.725000,14:47:50:01.00,-96.619736,302.171173,133.276611,-96.624985,309.074982,133.934525,-96.074966,304.415497,136.483353,,,
4888,40.733333,14:47:50:01.01,-96.620117,302.173920,133.277786,-96.623978,309.064056,133.934860,-96.084717,304.389893,136.457092,,,
4889,40.741667,14:47:50:01.02,-96.619247,302.174164,133.278793,-96.624527,309.056274,133.930817,-96.088669,304.380768,136.455246,,,
4890,40.750000,14:47:50:01.03,-96.618774,302.172485,133.278183,-96.623756,309.061493,133.932190,-96.088638,304.379120,136.454269,,,
4891,40.758333,14:47:50:02.00,-96.620651,302.173279,133.277802,-96.624001,309.063324,133.933289,-96.089165,304.380615,136.456955,,,
4892,40.766667,14:47:50:02.01,-96.618912,302.171814,133.278091,-96.624550,309.064087,133.933502,-96.086914,304.412964,136.459015,,,
4893,40.775000,14:47:50:02.02,-96.619675,302.174194,133.279129,-96.625175,309.063507,133.933609,-96.078003,304.392456,136.469849,,,
4894,40.783333,14:47:50:02.03,-96.621155,302.173035,133.277969,-96.625267,309.062805,133.932632,-96.094009,304.397980,136.449127,,,
4895,40.791667,14:47:50:03.00,-96.619606,302.171692,133.277008,-96.634392,309.068848,133.930969,-96.089371,304.383728,136.453705,,,
4896,40.800000,14:47:50:03.01,-96.617279,302.174103,133.279114,-96.628647,309.062073,133.934662,-96.093437,304.387573,136.450562,,,
4897,40.808333,14:47:50:03.02,-96.614525,302.173431,133.278900,-96.626778,309.061249,133.934372,-96.092567,304.390747,136.450653,,,
4898,40.816667,14:47:50:03.03,-96.615280,302.171753,133.279297,-96.628929,309.060822,133.935364,-96.095123,304.391724,136.451508,,,
4899,40.825000,14:47:50:04.00,-96.605743,302.203766,133.298874,-96.629105,309.059235,133.934967,-96.095184,304.390442,136.451111,,,
4900,40.833333,14:47:50:04.01,-96.595581,302.189301,133.293839,-96.630318,309.059998,133.935791,-96.097481,304.389862,136.450333,,,
4901,40.841667,14:47:50:04.02,-96.609528,302.172302,133.285553,-96.629730,309.058685,133.934814,-96.097221,304.389099,136.451096,,,
4902,40.850000,14:47:50:04.03,-96.618706,302.182465,133.282761,-96.629532,309.058960,133.934921,-96.096046,304.388702,136.450439,,,
4903,40.858333,14:47:50:05.00,-96.617767,302.186310,133.282135,-96.629280,309.057556,133.934875,-96.095230,304.387360,136.450592,,,
4904,40.866667,14:47:50:05.01,-96.618195,302.185272,133.282578,-96.629105,309.057526,133.935013,-96.096268,304.388489,136.450348,,,
4905,40.875000,14:47:50:05.02,-96.616982,302.186707,133.282333,-96.627876,309.058380,133.934204,-96.094513,304.389709,136.451706,,,
4906,40.883333,14:47:50:05.03,-96.616890,302.186737,133.283539,-96.626305,309.058380,133.934418,-96.094093,304.391113,136.449722,,,
4907,40.891667,14:47:50:06.00,-96.616096,302.186829,133.282272,-96.625694,309.060120,133.934723,-96.092743,304.390961,136.451111,,,
4908,40.900000,14:47:50:06.01,-96.617783,302.187683,133.283432,-96.626129,309.060303,133.935944,-96.092346,304.390015,136.450516,,,
4909,40.908333,14:47:50:06.02,-96.618690,302.188660,133.284149,-96.624893,309.060852,133.933655,-96.092674,304.391357,136.450623,,,
4910,40.916667,14:47:50:06.03,-96.617378,302.186890,133.283585,-96.624847,309.061615,133.934662,-96.092163,304.392090,136.452011,,,
4911,40.925000,14:47:50:07.00,-96.615074,302.187744,133.282867,-96.622871,309.062195,133.934769,-96.091858,304.391479,136.452576,,,
4912,40.933333,14:47:50:07.01,-96.616280,302.187805,133.284027,-96.622795,309.062469,133.934433,-96.093079,304.393463,136.452896,,,
4913,40.941667,14:47:50:07.02,-96.617470,302.187958,133.283600,-96.624443,309.062531,133.936188,-96.092239,304.391724,136.452469,,,
4914,40.950000,14:47:50:07.03,-96.620575,302.188477,133.283340,-96.622490,309.062378,133.935303,-96.092911,304.392426,136.453613,,,
4915,40.958333,14:47:50:08.00,-96.621933,302.187408,133.285110,-96.624489,309.062256,133.936066,-96.092819,304.392029,136.453171,,,
4916,40.966667,14:47:50:08.01,-96.626060,302.186493,133.284790,-96.625900,309.062653,133.936234,-96.095078,304.393066,136.452179,,,
4917,40.975000,14:47:50:08.02,-96.627579,302.186981,133.284348,-96.624245,309.062469,133.935852,-96.097206,304.393372,136.453568,,,
4918,40.983333,14:47:50:08.03,-96.626091,302.186523,133.285294,-96.624115,309.061401,133.935440,-96.095795,304.390961,136.453461,,,
4919,40.991667,14:47:50:09.00,-96.625565,302.185547,133.286423,-96.624168,309.062073,133.936035,-96.094635,304.389832,136.452667,,,
4920,41.000000,14:47:50:09.01,-96.623840,302.185883,133.285187,-96.623665,309.061066,133.935669,-96.095497,304.390167,136.452621,,,
4921,41.008333,14:47:50:09.02,-96.625587,302.184784,133.284027,-96.623520,309.060791,133.936279,-96.095268,304.388580,136.452789,,,
4922,41.016667,14:47:50:09.03,-96.623772,302.183411,133.283752,-96.622925,309.059418,133.936890,-96.095940,304.388611,136.452957,,,
4923,41.025000,14:47:50:10.00,-96.623337,302.182922,133.284317,-96.622482,309.060028,133.936081,-96.094131,304.389038,136.452499,,,
4924,41.033333,14:47:50:10.01,-96.624672,302.183075,133.284668,-96.622337,309.060303,133.934753,-96.094070,304.388763,136.452042,,,
4925,41.041667,14:47:50:10.02,-96.622849,302.184021,133.283798,-96.621918,309.060150,133.935837,-96.092621,304.389282,136.452698,,,
4926,41.050000,14:47:50:10.03,-96.621651,302.184021,133.285706,-96.621010,309.060364,133.935822,-96.092323,304.389069,136.452744,,,
4927,41.058333,14:47:50:11.00,-96.619919,302.184021,133.283981,-96.620377,309.061920,133.935837,-96.092972,304.389038,136.454147,,,
4928,41.066667,14:47:50:11.01,-96.620018,302.184601,133.284561,-96.619263,309.059753,133.935287,-96.091164,304.390137,136.452835,,,
4929,41.075000,14:47:50:11.02,-96.619324,302.185150,133.285004,-96.619476,309.059479,133.935425,-96.091652,304.390778,136.452988,,,
4930,41.083333,14:47:50:11.03,-96.621895,302.184753,133.284988,-96.620872,309.060791,133.935257,-96.093117,304.390564,136.453110,,,
4931,41.091667,14:47:50:12.00,-96.621742,302.186462,133.284790,-96.621033,309.060669,133.935623,-96.093277,304.391052,136.452576,,,
4932,41.100000,14:47:50:12.01,-96.621971,302.185822,133.283798,-96.621704,309.061279,133.934982,-96.092117,304.390778,136.453156,,,
4933,41.108333,14:47:50:12.02,-96.623581,302.187683,133.284988,-96.621445,309.061646,133.935257,-96.093712,304.390625,136.452835,,,
4934,41.116667,14:47:50:12.03,-96.621803,302.187256,133.284744,-96.620979,309.062134,133.935211,-96.094704,304.391388,136.452698,,,
4935,41.125000,14:47:50:13.00,-96.622833,302.186737,133.284286,-96.621964,309.062134,133.935211,-96.094330,304.390686,136.452133,,,
4936,41.133333,14:47:50:13.01,-96.625313,302.185730,133.285065,-96.623962,309.061890,133.935654,-96.095360,304.392242,136.452789,,,
4937,41.141667,14:47:50:13.02,-96.626831,302.187927,133.285187,-96.625191,309.062897,133.935104,-96.096382,304.392700,136.453796,,,
4938,41.150000,14:47:50:13.03,-96.623894,302.186951,133.284409,-96.623825,309.063080,133.936295,-96.097168,304.392395,136.454071,,,
4939,41.158333,14:47:50:14.00,-96.625504,302.186157,133.284576,-96.625122,309.063293,133.936142,-96.094322,304.390961,136.452972,,,
4940,41.166667,14:47:50:14.01,-96.624771,302.185547,133.284866,-96.624214,309.063019,133.935516,-96.096153,304.392517,136.453491,,,
4941,41.175000,14:47:50:14.02,-96.625557,302.185394,133.285065,-96.625076,309.063385,133.936935,-96.095673,304.390808,136.453125,,,
4942,41.183333,14:47:50:14.03,-96.623009,302.185455,133.284912,-96.625275,309.062561,133.937927,-96.096054,304.389282,136.453735,,,
4943,41.191667,14:47:50:15.00,-96.622925,302.184662,133.284409,-96.623924,309.061737,133.937668,-96.093643,304.389465,136.453217,,,
4944,41.200000,14:47:50:15.01,-96.622055,302.185120,133.283936,-96.625397,309.061035,133.937576,-96.091637,304.389313,136.451843,,,
4945,41.208333,14:47:50:15.02,-96.622910,302.184601,133.284744,-96.623108,309.059814,133.937775,-96.092590,304.390991,136.453812,,,
4946,41.216667,14:47:50:15.03,-96.624344,302.185760,133.284775,-96.621277,309.059998,133.935410,-96.092705,304.390106,136.453491,,,
4947,41.225000,14:47:50:16.00,-96.620522,302.183380,133.284119,-96.620964,309.060364,133.935623,-96.092804,304.389252,136.452301,,,
4948,41.233333,14:47:50:16.01,-96.623055,302.184509,133.284851,-96.620323,309.060822,133.934921,-96.093735,304.389465,136.452240,,,
4949,41.241667,14:47:50:16.02,-96.620277,302.182922,133.284073,-96.619194,309.060059,133.936279,-96.092766,304.387726,136.452682,,,
4950,41.250000,14:47:50:16.03,-96.622452,302.183746,133.283951,-96.621132,309.060394,133.936630,-96.094070,304.391113,136.452713,,,
4951,41.258333,14:47:50:17.00,-96.620491,302.183350,133.283951,-96.623177,309.060883,133.936371,-96.096558,304.392761,136.455078,,,
4952,41.266667,14:47:50:17.01,-96.623100,302.186218,133.284241,-96.624611,309.060577,133.936600,-96.098709,304.393036,136.457001,,,
4953,41.275000,14:47:50:17.02,-96.628189,302.186829,133.286285,-96.624466,309.061401,133.935516,-96.097786,304.391754,136.454742,,,
4954,41.283333,14:47:50:17.03,-96.630875,302.187317,133.288040,-96.625114,309.060822,133.936218,-96.098618,304.389252,136.456085,,,
4955,41.291667,14:47:50:18.00,-96.628448,302.184509,133.287323,-96.623253,309.060181,133.935211,-96.095291,304.387024,136.454361,,,
4956,41.300000,14:47:50:18.01,-96.626839,302.185547,133.286728,-96.624352,309.060638,133.935654,-96.095772,304.389191,136.453873,,,
4957,41.308333,14:47:50:18.02,-96.627655,302.184692,133.286743,-96.624969,309.061401,133.936615,-96.097427,304.391235,136.454697,,,
4958,41.316667,14:47:50:18.03,-96.626877,302.185242,133.286469,-96.623245,309.062225,133.936569,-96.096954,304.391846,136.455017,,,
4959,41.325000,14:47:50:19.00,-96.626831,302.186066,133.287537,-96.623711,309.061829,133.934219,-96.097748,304.391846,136.455353,,,
4960,41.333333,14:47:50:19.01,-96.626350,302.187042,133.285706,-96.623184,309.061920,133.934967,-96.097244,304.391632,136.454697,,,
4961,41.341667,14:47:50:19.02,-96.625099,302.187378,133.286301,-96.621826,309.061218,133.934891,-96.097702,304.391907,136.455856,,,
4962,41.350000,14:47:50:19.03,-96.624367,302.185974,133.285553,-96.623848,309.063232,133.936874,-96.095474,304.391266,136.454468,,,
4963,41.358333,14:47:50:20.00,-96.624245,302.186035,133.286911,-96.625320,309.062622,133.937881,-96.094269,304.388977,136.454407,,,
4964,41.366667,14:47:50:20.01,-96.623718,302.184845,133.286743,-96.622185,309.061981,133.936722,-96.093979,304.389465,136.454269,,,
4965,41.375000,14:47:50:20.02,-96.624985,302.185089,133.285706,-96.623070,309.062195,133.938156,-96.094345,304.390106,136.453186,,,
4966,41.383333,14:47:50:20.03,-96.625305,302.185638,133.285645,-96.621330,309.061127,133.936005,-96.094200,304.389252,136.454330,,,
4967,41.391667,14:47:50:21.00,-96.624718,302.185394,133.285919,-96.623238,309.061462,133.936996,-96.094666,304.391724,136.455460,,,
4968,41.400000,14:47:50:21.01,-96.624550,302.184326,133.286484,-96.623352,309.062103,133.937027,-96.095749,304.391632,136.456848,,,
4969,41.408333,14:47:50:21.02,-96.625343,302.184296,133.285385,-96.622551,309.060516,133.936386,-96.096397,304.389557,136.456238,,,
4970,41.416667,14:47:50:21.03,-96.625122,302.185455,133.286209,-96.621437,309.061035,133.936401,-96.095055,304.388489,136.454971,,,
4971,41.425000,14:47:50:22.00,-96.626350,302.184906,133.286880,-96.622574,309.060944,133.935822,-96.096573,304.389465,136.456406,,,
4972,41.433333,14:47:50:22.01,-96.626122,302.184052,133.286148,-96.623627,309.061279,133.936127,-96.095184,304.388428,136.454636,,,
4973,41.441667,14:47:50:22.02,-96.625771,302.184937,133.286545,-96.623573,309.061371,133.936127,-96.097130,304.388855,136.456223,,,
4974,41.450000,14:47:50:22.03,-96.626305,302.184692,133.285706,-96.624481,309.061035,133.937210,-96.098984,304.389893,136.455948,,,
4975,41.458333,14:47:50:23.00,-96.623886,302.185211,133.286545,-96.623077,309.061462,133.935852,-96.098007,304.389618,136.456146,,,
4976,41.466667,14:47:50:23.01,-96.625481,302.186371,133.286057,-96.624825,309.062256,133.937393,-96.097694,304.390015,136.455078,,,
4977,41.475000,14:47:50:23.02,-96.626152,302.185577,133.285065,-96.624496,309.063019,133.935913,-96.095352,304.390015,136.454239,,,
4978,41.483333,14:47:50:23.03,-96.622810,302.185547,133.285492,-96.623123,309.061707,133.935852,-96.095016,304.390320,136.452820,,,
4979,41.491667,14:47:50:24.00,-96.624199,302.186707,133.286652,-96.623962,309.062103,133.936859,-96.095016,304.390381,136.454361,,,
4980,41.500000,14:47:50:24.01,-96.624031,302.185883,133.286575,-96.623238,309.064209,133.937622,-96.094254,304.390167,136.453690,,,
4981,41.508333,14:47:50:24.02,-96.625008,302.186218,133.285934,-96.621796,309.063171,133.936569,-96.094238,304.391022,136.454056,,,
4982,41.516667,14:47:50:24.03,-96.623245,302.187988,133.286087,-96.622627,309.061920,133.937378,-96.094833,304.390900,136.455292,,,
4983,41.525000,14:47:50:25.00,-96.626312,302.186737,133.285995,-96.621353,309.062012,133.936859,-96.094528,304.391266,136.455231,,,
4984,41.533333,14:47:50:25.01,-96.627800,302.186310,133.287354,-96.621635,309.061707,133.935516,-96.094887,304.391724,136.455582,,,
4985,41.541667,14:47:50:25.02,-96.625610,302.185974,133.286606,-96.622398,309.062775,133.936829,-96.093712,304.390594,136.453964,,,
4986,41.550000,14:47:50:25.03,-96.621849,302.186310,133.285553,-96.623024,309.064056,133.936478,-96.094009,304.390167,136.454407,,,
4987,41.558333,14:47:50:26.00,-96.622803,302.185852,133.285568,-96.623260,309.062561,133.937347,-96.094597,304.391113,136.453751,,,
4988,41.566667,14:47:50:26.01,-96.623993,302.187408,133.286011,-96.623268,309.062592,133.937683,-96.094604,304.391022,136.455521,,,
4989,41.575000,14:47:50:26.02,-96.624809,302.187103,133.286682,-96.623764,309.062347,133.937042,-96.095688,304.390869,136.454453,,,
4990,41.583333,14:47:50:26.03,-96.627495,302.186462,133.288391,-96.625351,309.062225,133.938278,-96.097107,304.390564,136.454254,,,
4991,41.591667,14:47:50:27.00,-96.628555,302.185883,133.287292,-96.625603,309.061157,133.937531,-96.096359,304.389465,136.454803,,,
4992,41.600000,14:47:50:27.01,-96.628990,302.185333,133.286560,-96.625519,309.061157,133.937042,-96.095528,304.388855,136.455139,,,
4993,41.608333,14:47:50:27.02,-96.627266,302.185425,133.288086,-96.625671,309.060913,133.937485,-96.096680,304.389160,136.455750,,,
4994,41.616667,14:47:50:27.03,-96.626160,302.184814,133.285950,-96.625114,309.062225,133.938599,-96.096054,304.389465,136.454300,,,
4995,41.625000,14:47:50:28.00,-96.628525,302.184937,133.287125,-96.626587,309.063049,133.939148,-96.097290,304.389160,136.454269,,,
4996,41.633333,14:47:50:28.01,-96.627678,302.184235,133.287445,-96.626999,309.063324,133.938858,-96.096848,304.389923,136.454407,,,
4997,41.641667,14:47:50:28.02,-96.627357,302.184174,133.287598,-96.625992,309.062408,133.939255,-96.097404,304.392090,136.456329,,,
4998,41.650000,14:47:50:28.03,-96.624481,302.186249,133.286301,-96.627113,309.065063,133.941238,-96.098206,304.391571,136.456955,,,
4999,41.658333,14:47:50:29.00,-96.622673,302.186768,133.287216,-96.626495,309.065186,133.941132,-96.095665,304.389954,136.456375,,,
5000,41.666667,14:47:50:29.01,-96.624710,302.185822,133.286896,-96.628044,309.064972,133.942993,-96.095833,304.390991,136.456711,,,
5001,41.675000,14:47:50:29.02,-96.623795,302.185760,133.285843,-96.628578,309.065186,133.943283,-96.094582,304.389862,136.455246,,,
5002,41.683333,14:47:50:29.03,-96.625557,302.185913,133.288010,-96.627846,309.065186,133.942795,-96.096954,304.392883,136.457794,,,
5003,41.691667,14:47:51:00.00,-96.623245,302.185425,133.287186,-96.625153,309.062042,133.941727,-96.099388,304.395477,136.458176,,,
5004,41.700000,14:47:51:00.01,-96.628204,302.187347,133.288757,-96.621658,309.058502,133.937775,-96.097923,304.393402,136.458588,,,
5005,41.708333,14:47:51:00.02,-96.629128,302.187500,133.288818,-96.620842,309.058929,133.935257,-96.096992,304.388489,136.458267,,,
5006,41.716667,14:47:51:00.03,-96.629433,302.187073,133.289566,-96.621902,309.061615,133.936127,-96.098305,304.390106,136.459274,,,
5007,41.725000,14:47:51:01.00,-96.628075,302.187286,133.289200,-96.622131,309.061584,133.935577,-96.100578,304.393158,136.460281,,,
5008,41.733333,14:47:51:01.01,-96.632401,302.186523,133.290497,-96.622559,309.061859,133.935287,-96.102432,304.394958,136.460098,,,
5009,41.741667,14:47:51:01.02,-96.633896,302.186310,133.290253,-96.622536,309.060303,133.934769,-96.099876,304.390259,136.458618,,,
5010,41.750000,14:47:51:01.03,-96.636459,302.187286,133.290466,-96.621529,309.062134,133.935822,-96.094742,304.382172,136.454468,,,
5011,41.758333,14:47:51:02.00,-96.635231,302.187042,133.291656,-96.623405,309.060516,133.935684,-96.090164,304.380096,136.450821,,,
5012,41.766667,14:47:51:02.01,-96.636726,302.187531,133.292633,-96.623756,309.060303,133.935196,-96.091583,304.383026,136.450180,,,
5013,41.775000,14:47:51:02.02,-96.632607,302.186218,133.291534,-96.623268,309.058472,133.934341,-96.093559,304.388733,136.452179,,,
5014,41.783333,14:47:51:02.03,-96.624123,302.180969,133.286224,-96.623505,309.060272,133.935379,-96.094406,304.389801,136.451080,,,
5015,41.791667,14:47:51:03.00,-96.615875,302.179565,133.282654,-96.621773,309.060120,133.935272,-96.094147,304.388794,136.452377,,,
5016,41.800000,14:47:51:03.01,-96.616882,302.182251,133.282578,-96.620010,309.059326,133.935410,-96.093887,304.388794,136.451538,,,
5017,41.808333,14:47:51:03.02,-96.621063,302.185181,133.283493,-96.622063,309.060730,133.936340,-96.093445,304.388763,136.452393,,,
5018,41.816667,14:47:51:03.03,-96.621849,302.183472,133.284241,-96.620972,309.060822,133.935791,-96.094429,304.389191,136.452347,,,
5019,41.825000,14:47:51:04.00,-96.620216,302.184387,133.283768,-96.620819,309.061432,133.934326,-96.091225,304.389130,136.451340,,,
5020,41.833333,14:47:51:04.01,-96.619820,302.185120,133.283356,-96.621521,309.061646,133.935272,-96.091873,304.390991,136.452682,,,
5021,41.841667,14:47:51:04.02,-96.619934,302.185211,133.284073,-96.621666,309.060944,133.935089,-96.092674,304.390106,136.452469,,,
5022,41.850000,14:47:51:04.03,-96.620575,302.184631,133.283661,-96.619835,309.060730,133.935059,-96.092255,304.389648,136.451309,,,
5023,41.858333,14:47:51:05.00,-96.621948,302.185760,133.284256,-96.620979,309.060883,133.934708,-96.092743,304.391266,136.453079,,,
5024,41.866667,14:47:51:05.01,-96.622070,302.185211,133.282425,-96.622169,309.061340,133.935471,-96.093819,304.391510,136.452057,,,
5025,41.875000,14:47:51:05.02,-96.621231,302.185883,133.283020,-96.621643,309.060852,133.935394,-96.093391,304.390991,136.451340,,,
5026,41.883333,14:47:51:05.03,-96.623871,302.186310,133.284012,-96.621857,309.061951,133.935272,-96.094536,304.390259,136.451660,,,
5027,41.891667,14:47:51:06.00,-96.622589,302.185944,133.283936,-96.621635,309.061218,133.933701,-96.094803,304.390656,136.451538,,,
5028,41.900000,14:47:51:06.01,-96.623352,302.185944,133.283829,-96.622940,309.061035,133.934814,-96.094406,304.390442,136.451233,,,
5029,41.908333,14:47:51:06.02,-96.622398,302.185455,133.284637,-96.623047,309.061279,133.934265,-96.095085,304.389862,136.452835,,,
5030,41.916667,14:47:51:06.03,-96.619972,302.184601,133.283569,-96.623077,309.061707,133.934906,-96.093376,304.390594,136.451813,,,
5031,41.925000,14:47:51:07.00,-96.621918,302.185181,133.283463,-96.623405,309.060303,133.934662,-96.093849,304.389099,136.452438,,,
5032,41.933333,14:47:51:07.01,-96.623184,302.184906,133.283691,-96.623177,309.060974,133.934784,-96.094475,304.390839,136.450912,,,
5033,41.941667,14:47:51:07.02,-96.625031,302.183685,133.283600,-96.622849,309.059906,133.934677,-96.094055,304.389252,136.451813,,,
5034,41.950000,14:47:51:07.03,-96.622360,302.185455,133.282944,-96.623817,309.059296,133.934967,-96.094170,304.388580,136.452866,,,
5035,41.958333,14:47:51:08.00,-96.618835,302.182617,133.283890,-96.622330,309.059082,133.935562,-96.092049,304.387665,136.452286,,,
5036,41.966667,14:47:51:08.01,-96.620003,302.183075,133.283585,-96.622322,309.059509,133.934525,-96.093193,304.388855,136.452011,,,
5037,41.975000,14:47:51:08.02,-96.621414,302.183807,133.283371,-96.621849,309.058990,133.933563,-96.090958,304.389282,136.450821,,,
5038,41.983333,14:47:51:08.03,-96.620651,302.183533,133.283585,-96.619995,309.059235,133.932877,-96.092209,304.390472,136.450775,,,
5039,41.991667,14:47:51:09.00,-96.621719,302.183868,133.282852,-96.620956,309.060303,133.934082,-96.091438,304.389038,136.452896,,,
5040,42.000000,14:47:51:09.01,-96.620110,302.184021,133.283524,-96.621635,309.059174,133.935379,-96.090614,304.388397,136.451126,,,
5041,42.008333,14:47:51:09.02,-96.619141,302.184235,133.283188,-96.622139,309.059570,133.933304,-96.092613,304.388153,136.452026,,,
5042,42.016667,14:47:51:09.03,-96.619705,302.183533,133.282318,-96.621437,309.059082,133.934387,-96.092209,304.388184,136.451050,,,
5043,42.025000,14:47:51:10.00,-96.617592,302.184082,133.282166,-96.620995,309.058777,133.934280,-96.093208,304.388458,136.451904,,,
5044,42.033333,14:47:51:10.01,-96.622673,302.184052,133.284668,-96.621193,309.059875,133.934662,-96.093750,304.388794,136.451111,,,
5045,42.041667,14:47:51:10.02,-96.620461,302.185089,133.282669,-96.621910,309.060486,133.934036,-96.092628,304.389343,136.451736,,,
5046,42.050000,14:47:51:10.03,-96.620995,302.184570,133.282455,-96.622253,309.060272,133.934708,-96.094429,304.389618,136.451675,,,
5047,42.058333,14:47:51:11.00,-96.623573,302.183807,133.283417,-96.621613,309.060547,133.935730,-96.094421,304.389252,136.452560,,,
5048,42.066667,14:47:51:11.01,-96.620575,302.185425,133.282822,-96.621307,309.061340,133.934265,-96.092957,304.388855,136.450989,,,
5049,42.075000,14:47:51:11.02,-96.620750,302.184509,133.282547,-96.621437,309.060089,133.934814,-96.093842,304.389679,136.451416,,,
5050,42.083333,14:47:51:11.03,-96.623245,302.184174,133.282791,-96.624077,309.061279,133.935791,-96.093925,304.390442,136.451401,,,
5051,42.091667,14:47:51:12.00,-96.624084,302.185394,133.283585,-96.623108,309.060577,133.933502,-96.094986,304.390167,136.452545,,,
5052,42.100000,14:47:51:12.01,-96.620354,302.184784,133.283325,-96.622162,309.061279,133.934326,-96.094215,304.390442,136.452469,,,
5053,42.108333,14:47:51:12.02,-96.619255,302.184631,133.282852,-96.621826,309.061035,133.934692,-96.093758,304.390869,136.452164,,,
5054,42.116667,14:47:51:12.03,-96.622337,302.184967,133.284149,-96.621239,309.059662,133.934158,-96.092552,304.390411,136.451797,,,
5055,42.125000,14:47:51:13.00,-96.622086,302.184052,133.283813,-96.622017,309.059967,133.934204,-96.092438,304.388763,136.451309,,,
5056,42.133333,14:47:51:13.01,-96.623703,302.184692,133.282593,-96.620483,309.060303,133.934845,-96.093483,304.389404,136.451935,,,
5057,42.141667,14:47:51:13.02,-96.620102,302.184021,133.282333,-96.619850,309.059631,133.934692,-96.092705,304.390411,136.451065,,,
5058,42.150000,14:47:51:13.03,-96.620773,302.184021,133.283676,-96.620544,309.060974,133.934845,-96.092430,304.389801,136.451233,,,
5059,42.158333,14:47:51:14.00,-96.620796,302.184570,133.284027,-96.621452,309.060211,133.934784,-96.092644,304.389587,136.453384,,,
5060,42.166667,14:47:51:14.01,-96.621284,302.184357,133.283340,-96.623001,309.060150,133.933945,-96.094254,304.389069,136.451202,,,
5061,42.175000,14:47:51:14.02,-96.622574,302.185089,133.282974,-96.620430,309.060547,133.934280,-96.092972,304.388245,136.451126,,,
5062,42.183333,14:47:51:14.03,-96.623146,302.183746,133.282944,-96.620743,309.060150,133.933990,-96.094093,304.388885,136.452652,,,
5063,42.191667,14:47:51:15.00,-96.622314,302.183441,133.283081,-96.620522,309.060181,133.933884,-96.093468,304.388550,136.451492,,,
5064,42.200000,14:47:51:15.01,-96.624031,302.184753,133.283295,-96.622360,309.060516,133.935059,-96.093544,304.388031,136.451523,,,
5065,42.208333,14:47:51:15.02,-96.621582,302.184021,133.282700,-96.622162,309.059113,133.933716,-96.093300,304.387756,136.451996,,,
5066,42.216667,14:47:51:15.03,-96.621689,302.184570,133.282776,-96.622292,309.060638,133.935135,-96.093361,304.388733,136.450653,,,
5067,42.225000,14:47:51:16.00,-96.621643,302.183960,133.282181,-96.622345,309.059601,133.935532,-96.093399,304.389954,136.451309,,,
5068,42.233333,14:47:51:16.01,-96.620079,302.184265,133.282471,-96.624260,309.060852,133.935196,-96.094513,304.389343,136.452637,,,
5069,42.241667,14:47:51:16.02,-96.623322,302.185120,133.283051,-96.622147,309.060394,133.934586,-96.094521,304.389221,136.452972,,,
5070,42.250000,14:47:51:16.03,-96.622231,302.185242,133.283310,-96.623161,309.061523,133.935181,-96.093140,304.389771,136.452133,,,
5071,42.258333,14:47:51:17.00,-96.619804,302.184967,133.282440,-96.622780,309.059967,133.934647,-96.093117,304.389191,136.452057,,,
5072,42.266667,14:47:51:17.01,-96.622314,302.184448,133.283585,-96.621262,309.060120,133.934052,-96.090897,304.389008,136.450546,,,
5073,42.275000,14:47:51:17.02,-96.622490,302.185547,133.284592,-96.622284,309.059967,133.934540,-96.092484,304.390259,136.450897,,,
5074,42.283333,14:47:51:17.03,-96.622177,302.185303,133.283417,-96.621727,309.061127,133.933945,-96.093246,304.390106,136.451172,,,
5075,42.291667,14:47:51:18.00,-96.621101,302.185211,133.283554,-96.620392,309.060944,133.934067,-96.091881,304.388489,136.451157,,,
5076,42.300000,14:47:51:18.01,-96.621246,302.185028,133.283051,-96.619461,309.059814,133.934372,-96.092896,304.389862,136.452148,,,
5077,42.308333,14:47:51:18.02,-96.621834,302.184570,133.283264,-96.620544,309.058868,133.933716,-96.091606,304.389008,136.451859,,,
5078,42.316667,14:47:51:18.03,-96.619972,302.183899,133.282852,-96.621643,309.060089,133.933838,-96.094093,304.388916,136.452164,,,
5079,42.325000,14:47:51:19.00,-96.619781,302.184326,133.282333,-96.622429,309.060059,133.934418,-96.092339,304.387604,136.451859,,,
5080,42.333333,14:47:51:19.01,-96.619568,302.184601,133.283005,-96.622375,309.060150,133.934952,-96.092239,304.388367,136.452301,,,
5081,42.341667,14:47:51:19.02,-96.622261,302.182922,133.284561,-96.623001,309.059845,133.935242,-96.094902,304.389160,136.451569,,,
5082,42.350000,14:47:51:19.03,-96.621964,302.184052,133.283615,-96.621391,309.059448,133.934753,-96.093712,304.388855,136.452301,,,
5083,42.358333,14:47:51:20.00,-96.620743,302.184418,133.283234,-96.621361,309.061127,133.933563,-96.095085,304.388367,136.452744,,,
5084,42.366667,14:47:51:20.01,-96.621147,302.183868,133.282455,-96.621910,309.059692,133.934494,-96.092888,304.388031,136.451141,,,
5085,42.375000,14:47:51:20.02,-96.621170,302.183716,133.283585,-96.621826,309.059479,133.933624,-96.093437,304.388794,136.452988,,,
5086,42.383333,14:47:51:20.03,-96.622650,302.184174,133.283966,-96.623764,309.061249,133.934906,-96.094864,304.388916,136.452637,,,
5087,42.391667,14:47:51:21.00,-96.622299,302.185120,133.283524,-96.622459,309.059204,133.933990,-96.092415,304.388580,136.452148,,,
5088,42.400000,14:47:51:21.01,-96.622284,302.184784,133.284775,-96.623840,309.059875,133.934448,-96.093796,304.389526,136.452789,,,
5089,42.408333,14:47:51:21.02,-96.617836,302.183472,133.283005,-96.622498,309.060028,133.934875,-96.091705,304.389160,136.452072,,,
5090,42.416667,14:47:51:21.03,-96.618721,302.184357,133.283432,-96.621765,309.060608,133.934738,-96.093819,304.389374,136.451569,,,
5091,42.425000,14:47:51:22.00,-96.619408,302.184631,133.283936,-96.622116,309.060150,133.936203,-96.092476,304.388885,136.453354,,,
5092,42.433333,14:47:51:22.01,-96.618225,302.184753,133.284363,-96.620163,309.059540,133.934433,-96.091774,304.389038,136.452621,,,
5093,42.441667,14:47:51:22.02,-96.619728,302.184174,133.283539,-96.620491,309.059418,133.934189,-96.091904,304.389008,136.453033,,,
5094,42.450000,14:47:51:22.03,-96.619072,302.184753,133.284332,-96.620613,309.059845,133.935516,-96.092247,304.388153,136.451111,,,
5095,42.458333,14:47:51:23.00,-96.619049,302.184235,133.283432,-96.620567,309.060638,133.935364,-96.091728,304.388763,136.451263,,,
5096,42.466667,14:47:51:23.01,-96.620079,302.184998,133.284439,-96.620743,309.060242,133.935303,-96.091911,304.389343,136.452927,,,
5097,42.475000,14:47:51:23.02,-96.620224,302.184235,133.283325,-96.621170,309.060455,133.933594,-96.091682,304.389374,136.452576,,,
5098,42.483333,14:47:51:23.03,-96.617767,302.184875,133.283936,-96.620506,309.059875,133.934891,-96.092545,304.389618,136.452774,,,
5099,42.491667,14:47:51:24.00,-96.619522,302.185394,133.283691,-96.620155,309.059845,133.934204,-96.091103,304.389130,136.452606,,,
5100,42.500000,14:47:51:24.01,-96.618835,302.183807,133.282883,-96.622223,309.060730,133.934967,-96.093178,304.390015,136.452133,,,
5101,42.508333,14:47:51:24.02,-96.622398,302.184631,133.283615,-96.621910,309.059937,133.934235,-96.094048,304.388794,136.452271,,,
5102,42.516667,14:47:51:24.03,-96.623268,302.184753,133.284073,-96.622772,309.060394,133.933578,-96.091995,304.389191,136.451401,,,
5103,42.525000,14:47:51:25.00,-96.622635,302.184509,133.283615,-96.622017,309.059296,133.934738,-96.094215,304.389526,136.452133,,,
5104,42.533333,14:47:51:25.01,-96.622131,302.184784,133.283432,-96.622406,309.060791,133.935364,-96.094421,304.389008,136.452240,,,
5105,42.541667,14:47:51:25.02,-96.620819,302.184052,133.282715,-96.622154,309.060364,133.934647,-96.093163,304.388672,136.451736,,,
5106,42.550000,14:47:51:25.03,-96.619492,302.185638,133.283539,-96.621414,309.060699,133.933884,-96.093781,304.388916,136.451477,,,
5107,42.558333,14:47:51:26.00,-96.620003,302.184998,133.283493,-96.620552,309.059204,133.933289,-96.092346,304.388763,136.450912,,,
5108,42.566667,14:47:51:26.01,-96.620247,302.184906,133.283920,-96.621933,309.059235,133.934464,-96.093170,304.389923,136.451752,,,
5109,42.575000,14:47:51:26.02,-96.622330,302.184998,133.282578,-96.621231,309.061554,133.933563,-96.092636,304.388824,136.451645,,,
5110,42.583333,14:47:51:26.03,-96.619377,302.184753,133.282455,-96.618858,309.060120,133.933441,-96.093407,304.390289,136.452667,,,
5111,42.591667,14:47:51:27.00,-96.619102,302.185364,133.282669,-96.620071,309.060516,133.933334,-96.092262,304.389008,136.451477,,,
5112,42.600000,14:47:51:27.01,-96.618416,302.184692,133.281677,-96.620453,309.060577,133.934204,-96.092781,304.389343,136.450546,,,
5113,42.608333,14:47:51:27.02,-96.617012,302.184509,133.283401,-96.621239,309.061157,133.934174,-96.092781,304.390259,136.451691,,,
5114,42.616667,14:47:51:27.03,-96.617111,302.183807,133.282944,-96.620331,309.061157,133.933380,-96.092880,304.390289,136.451126,,,
5115,42.625000,14:47:51:28.00,-96.619843,302.184448,133.282608,-96.620850,309.061157,133.934586,-96.092598,304.390106,136.451767,,,
5116,42.633333,14:47:51:28.01,-96.619278,302.185699,133.282639,-96.620338,309.060730,133.934738,-96.092812,304.390503,136.450882,,,
5117,42.641667,14:47:51:28.02,-96.620140,302.185211,133.283432,-96.621162,309.060303,133.933945,-96.093307,304.389832,136.451477,,,
5118,42.650000,14:47:51:28.03,-96.619812,302.184906,133.282654,-96.621681,309.060822,133.933777,-96.092896,304.388702,136.452850,,,
5119,42.658333,14:47:51:29.00,-96.620110,302.184601,133.281860,-96.620293,309.060181,133.933014,-96.093300,304.389709,136.451736,,,
5120,42.666667,14:47:51:29.01,-96.622169,302.183746,133.283112,-96.620636,309.060791,133.933044,-96.092682,304.390411,136.451538,,,
5121,42.675000,14:47:51:29.02,-96.621727,302.185638,133.282608,-96.621964,309.059967,133.934540,-96.093018,304.389740,136.452072,,,
5122,42.683333,14:47:51:29.03,-96.621948,302.184509,133.282928,-96.621231,309.059753,133.934052,-96.093307,304.389709,136.451767,,,
5123,42.691667,14:47:52:00.00,-96.621689,302.185089,133.283630,-96.623451,309.059967,133.934357,-96.093300,304.389648,136.451859,,,
5124,42.700000,14:47:52:00.01,-96.622345,302.183807,133.282547,-96.621971,309.059479,133.934326,-96.094978,304.390778,136.451691,,,
5125,42.708333,14:47:52:00.02,-96.622711,302.184631,133.283691,-96.621284,309.060669,133.933624,-96.094513,304.388489,136.452591,,,
5126,42.716667,14:47:52:00.03,-96.621361,302.183594,133.282700,-96.620506,309.060150,133.933990,-96.093796,304.387634,136.452209,,,
5127,42.725000,14:47:52:01.00,-96.622108,302.184509,133.282532,-96.622353,309.059601,133.933411,-96.093063,304.388275,136.452393,,,
5128,42.733333,14:47:52:01.01,-96.621513,302.183899,133.283768,-96.622475,309.060608,133.934265,-96.092232,304.389587,136.452805,,,
5129,42.741667,14:47:52:01.02,-96.618423,302.185638,133.283615,-96.621834,309.060059,133.934723,-96.093208,304.388672,136.452637,,,
5130,42.750000,14:47:52:01.03,-96.620979,302.184143,133.283096,-96.620766,309.061035,133.934372,-96.095123,304.388580,136.451691,,,
5131,42.758333,14:47:52:02.00,-96.622421,302.184601,133.284103,-96.621414,309.059906,133.934097,-96.092453,304.389557,136.453445,,,
5132,42.766667,14:47:52:02.01,-96.621582,302.184357,133.284836,-96.620682,309.058990,133.935257,-96.092445,304.388733,136.452545,,,
5133,42.775000,14:47:52:02.02,-96.621475,302.184784,133.283249,-96.620499,309.059753,133.935013,-96.091057,304.387878,136.452454,,,
5134,42.783333,14:47:52:02.03,-96.624245,302.183899,133.284164,-96.621201,309.059662,133.934326,-96.092636,304.387604,136.452591,,,
5135,42.791667,14:47:52:03.00,-96.624413,302.183929,133.283813,-96.622566,309.060242,133.935486,-96.093132,304.387878,136.452866,,,
5136,42.800000,14:47:52:03.01,-96.622932,302.183990,133.284348,-96.622154,309.061066,133.934601,-96.094055,304.388367,136.451538,,,
5137,42.808333,14:47:52:03.02,-96.622429,302.184265,133.284027,-96.622673,309.059875,133.934937,-96.092819,304.389679,136.452667,,,
5138,42.816667,14:47:52:03.03,-96.621246,302.184448,133.284225,-96.621719,309.060211,133.935928,-96.094307,304.388947,136.452591,,,
5139,42.825000,14:47:52:04.00,-96.623573,302.184998,133.285858,-96.623795,309.060760,133.935806,-96.095512,304.389526,136.453598,,,
5140,42.833333,14:47:52:04.01,-96.623108,302.183838,133.283127,-96.622223,309.061127,133.934967,-96.094002,304.389893,136.452515,,,
5141,42.841667,14:47:52:04.02,-96.620544,302.184357,133.283264,-96.622993,309.061035,133.935623,-96.092194,304.388824,136.452011,,,
5142,42.850000,14:47:52:04.03,-96.621384,302.183807,133.284302,-96.622955,309.060028,133.935791,-96.094688,304.388824,136.451569,,,
5143,42.858333,14:47:52:05.00,-96.623474,302.185333,133.284973,-96.621704,309.060760,133.935883,-96.094528,304.387970,136.452896,,,
5144,42.866667,14:47:52:05.01,-96.622597,302.183960,133.284210,-96.623177,309.060699,133.936325,-96.094551,304.389069,136.452560,,,
5145,42.875000,14:47:52:05.02,-96.621719,302.182922,133.283340,-96.623352,309.058777,133.935577,-96.093277,304.388672,136.452423,,,
5146,42.883333,14:47:52:05.03,-96.622406,302.184723,133.284546,-96.621536,309.060181,133.935303,-96.092796,304.388458,136.453384,,,
5147,42.891667,14:47:52:06.00,-96.620041,302.184326,133.284454,-96.621201,309.060272,133.935211,-96.093376,304.388580,136.451904,,,
5148,42.900000,14:47:52:06.01,-96.619408,302.184509,133.283859,-96.620453,309.060730,133.935944,-96.092125,304.388397,136.453201,,,
5149,42.908333,14:47:52:06.02,-96.621002,302.184021,133.284027,-96.621368,309.060730,133.935638,-96.092407,304.389343,136.452744,,,
5150,42.916667,14:47:52:06.03,-96.618935,302.184265,133.283218,-96.620941,309.061279,133.935425,-96.093956,304.388977,136.452576,,,
5151,42.925000,14:47:52:07.00,-96.619247,302.182983,133.283630,-96.620552,309.059937,133.935410,-96.092644,304.388367,136.453568,,,
5152,42.933333,14:47:52:07.01,-96.619171,302.184509,133.283813,-96.621605,309.060913,133.935364,-96.092278,304.387817,136.452560,,,
5153,42.941667,14:47:52:07.02,-96.620682,302.185577,133.284454,-96.620384,309.060150,133.934967,-96.092728,304.387695,136.452545,,,
5154,42.950000,14:47:52:07.03,-96.621475,302.184326,133.284500,-96.621407,309.060608,133.935730,-96.092613,304.389099,136.453323,,,
5155,42.958333,14:47:52:08.00,-96.621109,302.184998,133.283859,-96.622513,309.060059,133.936401,-96.092499,304.389221,136.452774,,,
5156,42.966667,14:47:52:08.01,-96.619400,302.184998,133.283401,-96.620872,309.059875,133.935089,-96.094025,304.388855,136.452423,,,
5157,42.975000,14:47:52:08.02,-96.617439,302.184082,133.282532,-96.621719,309.060822,133.934708,-96.093819,304.388306,136.451950,,,
5158,42.983333,14:47:52:08.03,-96.621216,302.184387,133.283722,-96.620323,309.060303,133.934937,-96.092873,304.388672,136.452515,,,
5159,42.991667,14:47:52:09.00,-96.622208,302.184235,133.283707,-96.622345,309.061707,133.935410,-96.091553,304.389252,136.451569,,,
5160,43.000000,14:47:52:09.01,-96.621208,302.184692,133.283600,-96.622330,309.060303,133.935913,-96.094223,304.390442,136.451538,,,
5161,43.008333,14:47:52:09.02,-96.620636,302.184143,133.283691,-96.622017,309.060059,133.935135,-96.093781,304.388977,136.452393,,,
5162,43.016667,14:47:52:09.03,-96.619041,302.183990,133.283707,-96.622925,309.060516,133.934174,-96.094040,304.389038,136.453217,,,
5163,43.025000,14:47:52:10.00,-96.621284,302.184357,133.283829,-96.620522,309.059113,133.934326,-96.092979,304.389313,136.452286,,,
5164,43.033333,14:47:52:10.01,-96.621513,302.184570,133.284500,-96.620789,309.060730,133.934937,-96.092606,304.388824,136.451767,,,
5165,43.041667,14:47:52:10.02,-96.621239,302.185211,133.281586,-96.620834,309.060822,133.936005,-96.092728,304.389465,136.453156,,,
5166,43.050000,14:47:52:10.03,-96.619957,302.184723,133.283508,-96.620140,309.060730,133.934509,-96.092430,304.388580,136.452393,,,
5167,43.058333,14:47:52:11.00,-96.619217,302.184021,133.282410,-96.620087,309.059631,133.934219,-96.091354,304.389008,136.451721,,,
5168,43.066667,14:47:52:11.01,-96.620659,302.185333,133.283188,-96.620003,309.061249,133.934860,-96.092346,304.389099,136.451401,,,
5169,43.075000,14:47:52:11.02,-96.620705,302.184875,133.283737,-96.620491,309.060028,133.934921,-96.091789,304.389984,136.453094,,,
5170,43.083333,14:47:52:11.03,-96.616310,302.184052,133.282852,-96.621056,309.060364,133.935059,-96.092529,304.389435,136.452499,,,
5171,43.091667,14:47:52:12.00,-96.617416,302.184296,133.281982,-96.622620,309.060577,133.933914,-96.093445,304.389893,136.452621,,,
5172,43.100000,14:47:52:12.01,-96.621613,302.183990,133.284698,-96.622772,309.060577,133.934860,-96.093582,304.390015,136.452652,,,
5173,43.108333,14:47:52:12.02,-96.618790,302.184448,133.283890,-96.623047,309.059631,133.934998,-96.091866,304.388245,136.452225,,,
5174,43.116667,14:47:52:12.03,-96.621307,302.185547,133.284302,-96.622154,309.060364,133.934937,-96.093750,304.388916,136.453247,,,
5175,43.125000,14:47:52:13.00,-96.619804,302.185791,133.284119,-96.622238,309.060181,133.934647,-96.092010,304.388458,136.452042,,,
5176,43.133333,14:47:52:13.01,-96.618690,302.185120,133.283249,-96.620979,309.061218,133.934708,-96.094467,304.389740,136.453278,,,
5177,43.141667,14:47:52:13.02,-96.619835,302.185181,133.282272,-96.620995,309.061768,133.935242,-96.094170,304.390503,136.452774,,,
5178,43.150000,14:47:52:13.03,-96.620598,302.185577,133.284515,-96.623550,309.061005,133.935623,-96.094841,304.389343,136.452744,,,
5179,43.158333,14:47:52:14.00,-96.621147,302.184631,133.283463,-96.621162,309.060364,133.934494,-96.093338,304.389465,136.452148,,,
5180,43.166667,14:47:52:14.01,-96.622879,302.185760,133.283951,-96.620522,309.059418,133.935410,-96.092644,304.389465,136.452301,,,
5181,43.175000,14:47:52:14.02,-96.620995,302.186554,133.284576,-96.622490,309.061035,133.934875,-96.094986,304.389740,136.452881,,,
5182,43.183333,14:47:52:14.03,-96.621590,302.185120,133.284515,-96.622498,309.061310,133.935516,-96.094444,304.389618,136.452652,,,
5183,43.191667,14:47:52:15.00,-96.622131,302.184021,133.284592,-96.623001,309.060638,133.935501,-96.093315,304.388855,136.452148,,,
5184,43.200000,14:47:52:15.01,-96.621178,302.184448,133.283691,-96.622597,309.061188,133.934753,-96.093369,304.389038,136.452850,,,
5185,43.208333,14:47:52:15.02,-96.622116,302.184235,133.284180,-96.620689,309.060394,133.934570,-96.093414,304.389404,136.452652,,,
5186,43.216667,14:47:52:15.03,-96.625496,302.184753,133.283859,-96.622421,309.061615,133.935699,-96.093086,304.388794,136.451645,,,
5187,43.225000,14:47:52:16.00,-96.622238,302.184357,133.284348,-96.621361,309.060699,133.935287,-96.091156,304.389618,136.451370,,,
5188,43.233333,14:47:52:16.01,-96.622726,302.185059,133.284409,-96.621948,309.059631,133.935715,-96.093193,304.389679,136.452698,,,
5189,43.241667,14:47:52:16.02,-96.619629,302.185211,133.283295,-96.620300,309.060486,133.934753,-96.093170,304.389465,136.451859,,,
5190,43.250000,14:47:52:16.03,-96.618073,302.185669,133.282623,-96.622253,309.061493,133.935196,-96.094009,304.389893,136.452652,,,
5191,43.258333,14:47:52:17.00,-96.621490,302.185120,133.283997,-96.623161,309.059967,133.935562,-96.093849,304.389160,136.452209,,,
5192,43.266667,14:47:52:17.01,-96.623383,302.184265,133.284622,-96.621613,309.061188,133.936218,-96.093117,304.389679,136.453262,,,
5193,43.275000,14:47:52:17.02,-96.622543,302.185669,133.284241,-96.622200,309.060913,133.935684,-96.093369,304.389282,136.452515,,,
5194,43.283333,14:47:52:17.03,-96.622505,302.184570,133.283554,-96.623055,309.060181,133.935547,-96.094498,304.389557,136.451782,,,
5195,43.291667,14:47:52:18.00,-96.621689,302.184601,133.283386,-96.622849,309.060760,133.934906,-96.094528,304.390137,136.452896,,,
5196,43.300000,14:47:52:18.01,-96.621094,302.184723,133.284103,-96.621971,309.061371,133.935028,-96.094093,304.389435,136.451538,,,
5197,43.308333,14:47:52:18.02,-96.623199,302.185913,133.284378,-96.622383,309.060913,133.935303,-96.094551,304.389893,136.452789,,,
5198,43.316667,14:47:52:18.03,-96.622810,302.184845,133.284393,-96.624062,309.061035,133.935928,-96.093933,304.391418,136.453384,,,
5199,43.325000,14:47:52:19.00,-96.622047,302.185394,133.283920,-96.622520,309.061279,133.935516,-96.094009,304.389496,136.453568,,,
5200,43.333333,14:47:52:19.01,-96.623688,302.185120,133.284592,-96.620987,309.062225,133.935028,-96.094238,304.389740,136.451904,,,
5201,43.341667,14:47:52:19.02,-96.622490,302.185944,133.283737,-96.622307,309.062317,133.935684,-96.094147,304.391144,136.453110,,,
5202,43.350000,14:47:52:19.03,-96.620453,302.186066,133.284363,-96.622795,309.060577,133.935394,-96.092949,304.391327,136.451889,,,
5203,43.358333,14:47:52:20.00,-96.618637,302.185425,133.283646,-96.621857,309.060699,133.935364,-96.093521,304.390900,136.452377,,,
5204,43.366667,14:47:52:20.01,-96.622482,302.185699,133.284729,-96.622574,309.061218,133.935822,-96.093857,304.390778,136.452103,,,
5205,43.375000,14:47:52:20.02,-96.620438,302.184875,133.283615,-96.621948,309.061005,133.934448,-96.093414,304.391113,136.451553,,,
5206,43.383333,14:47:52:20.03,-96.621742,302.185760,133.285339,-96.621170,309.060822,133.934891,-96.093239,304.390106,136.452606,,,
5207,43.391667,14:47:52:21.00,-96.621880,302.185303,133.284241,-96.620430,309.060974,133.935089,-96.092728,304.390869,136.451691,,,
5208,43.400000,14:47:52:21.01,-96.620766,302.186249,133.283203,-96.620697,309.061768,133.935196,-96.093025,304.390533,136.452026,,,
5209,43.408333,14:47:52:21.02,-96.618538,302.185059,133.283127,-96.620499,309.060577,133.934738,-96.092003,304.390503,136.452713,,,
5210,43.416667,14:47:52:21.03,-96.619987,302.186066,133.283417,-96.622650,309.062256,133.935074,-96.094772,304.390991,136.452576,,,
5211,43.425000,14:47:52:22.00,-96.620384,302.184784,133.283630,-96.620804,309.061279,133.935272,-96.092712,304.390198,136.451965,,,
5212,43.433333,14:47:52:22.01,-96.622757,302.184692,133.283936,-96.621750,309.061157,133.935150,-96.093651,304.390717,136.452316,,,
5213,43.441667,14:47:52:22.02,-96.622093,302.184784,133.283585,-96.621635,309.061005,133.934830,-96.093735,304.389038,136.452347,,,
5214,43.450000,14:47:52:22.03,-96.621254,302.185425,133.284241,-96.621964,309.060944,133.935593,-96.093430,304.389740,136.451477,,,
5215,43.458333,14:47:52:23.00,-96.621506,302.185944,133.283981,-96.620102,309.060303,133.934967,-96.094528,304.389862,136.452759,,,
5216,43.466667,14:47:52:23.01,-96.623138,302.184357,133.284134,-96.622490,309.061310,133.934723,-96.094284,304.389343,136.451538,,,
5217,43.475000,14:47:52:23.02,-96.622520,302.185730,133.282928,-96.621643,309.060333,133.934433,-96.092255,304.389832,136.452271,,,
5218,43.483333,14:47:52:23.03,-96.618782,302.184906,133.282700,-96.623138,309.059967,133.934326,-96.092834,304.390076,136.452728,,,
5219,43.491667,14:47:52:24.00,-96.618744,302.185181,133.283157,-96.621674,309.060730,133.934097,-96.093735,304.389679,136.452133,,,
5220,43.500000,14:47:52:24.01,-96.621590,302.186371,133.284073,-96.622482,309.060333,133.934509,-96.093460,304.390015,136.451797,,,
5221,43.508333,14:47:52:24.02,-96.622696,302.183411,133.283691,-96.620293,309.060760,133.934174,-96.092628,304.388702,136.452148,,,
5222,43.516667,14:47:52:24.03,-96.622948,302.184753,133.284027,-96.620712,309.060089,133.935486,-96.093353,304.390259,136.452179,,,
5223,43.525000,14:47:52:25.00,-96.622314,302.185669,133.283798,-96.621468,309.060760,133.934372,-96.093979,304.389374,136.452011,,,
5224,43.533333,14:47:52:25.01,-96.622955,302.184235,133.283447,-96.621826,309.060089,133.935257,-96.092705,304.389465,136.452209,,,
5225,43.541667,14:47:52:25.02,-96.622284,302.184357,133.283371,-96.621910,309.060730,133.934540,-96.092590,304.389496,136.451706,,,
5226,43.550000,14:47:52:25.03,-96.620575,302.184906,133.282608,-96.620628,309.061066,133.935471,-96.093590,304.389771,136.451965,,,
5227,43.558333,14:47:52:26.00,-96.621063,302.184631,133.283325,-96.621246,309.060211,133.934311,-96.093521,304.389648,136.452850,,,
5228,43.566667,14:47:52:26.01,-96.622147,302.183746,133.283768,-96.621346,309.060669,133.933838,-96.092621,304.388580,136.452927,,,
5229,43.575000,14:47:52:26.02,-96.624092,302.184052,133.284180,-96.621780,309.059723,133.933487,-96.092850,304.389496,136.452087,,,
5230,43.583333,14:47:52:26.03,-96.621964,302.183655,133.283203,-96.622360,309.061218,133.935577,-96.093842,304.389282,136.452637,,,
5231,43.591667,14:47:52:27.00,-96.620705,302.184784,133.282944,-96.621567,309.059998,133.934891,-96.093437,304.388275,136.452408,,,
5232,43.600000,14:47:52:27.01,-96.620926,302.184235,133.284241,-96.621391,309.061218,133.934952,-96.092400,304.388458,136.452240,,,
5233,43.608333,14:47:52:27.02,-96.621681,302.183380,133.284454,-96.621033,309.059753,133.935196,-96.093437,304.389404,136.452789,,,
5234,43.616667,14:47:52:27.03,-96.623161,302.183746,133.284378,-96.621468,309.060364,133.935211,-96.094742,304.388641,136.452789,,,
5235,43.625000,14:47:52:28.00,-96.621933,302.184113,133.282745,-96.619957,309.058502,133.934006,-96.093132,304.388489,136.452332,,,
5236,43.633333,14:47:52:28.01,-96.622780,302.183563,133.283691,-96.622665,309.058929,133.934891,-96.094070,304.388824,136.452530,,,
5237,43.641667,14:47:52:28.02,-96.620178,302.184113,133.283478,-96.623405,309.060394,133.934921,-96.093132,304.389038,136.452179,,,
5238,43.650000,14:47:52:28.03,-96.621948,302.183624,133.283401,-96.622414,309.060303,133.935410,-96.093246,304.389252,136.452042,,,
5239,43.658333,14:47:52:29.00,-96.619659,302.184052,133.282852,-96.621162,309.059723,133.934052,-96.093803,304.389740,136.452240,,,
5240,43.666667,14:47:52:29.01,-96.621796,302.185608,133.283142,-96.620956,309.060303,133.934341,-96.093254,304.389221,136.451797,,,
5241,43.675000,14:47:52:29.02,-96.622070,302.184570,133.284088,-96.620735,309.060028,133.934479,-96.093353,304.389465,136.451706,,,
5242,43.683333,14:47:52:29.03,-96.617546,302.184174,133.282562,-96.621437,309.061035,133.935120,-96.091545,304.389862,136.451706,,,
5243,43.691667,14:47:53:00.00,-96.617332,302.185303,133.282883,-96.621964,309.060730,133.934280,-96.093132,304.390228,136.451584,,,
5244,43.700000,14:47:53:00.01,-96.615372,302.184052,133.282593,-96.621201,309.060577,133.934967,-96.091995,304.389771,136.452408,,,
5245,43.708333,14:47:53:00.02,-96.618088,302.184418,133.282333,-96.620529,309.060242,133.934113,-96.092300,304.389282,136.451752,,,
5246,43.716667,14:47:53:00.03,-96.619263,302.184174,133.281830,-96.621475,309.059387,133.933014,-96.093925,304.389648,136.451843,,,
5247,43.725000,14:47:53:01.00,-96.621964,302.184601,133.283310,-96.621712,309.060577,133.934158,-96.092857,304.389771,136.451675,,,
5248,43.733333,14:47:53:01.01,-96.618698,302.184753,133.282501,-96.620872,309.059967,133.933334,-96.092102,304.389160,136.450180,,,
5249,43.741667,14:47:53:01.02,-96.620567,302.184753,133.283142,-96.619705,309.060333,133.932632,-96.094131,304.389679,136.451584,,,
5250,43.750000,14:47:53:01.03,-96.621925,302.184784,133.284088,-96.619209,309.060822,133.933868,-96.092781,304.390320,136.451309,,,
5251,43.758333,14:47:53:02.00,-96.621254,302.183899,133.282928,-96.622124,309.060333,133.935410,-96.092484,304.390137,136.451416,,,
5252,43.766667,14:47:53:02.01,-96.621208,302.183899,133.283005,-96.620979,309.060059,133.934387,-96.091881,304.390106,136.451660,,,
5253,43.775000,14:47:53:02.02,-96.619812,302.184906,133.283401,-96.620361,309.059845,133.933716,-96.092583,304.389099,136.450500,,,
5254,43.783333,14:47:53:02.03,-96.621559,302.184998,133.283920,-96.621811,309.059662,133.934921,-96.093102,304.389832,136.451797,,,
5255,43.791667,14:47:53:03.00,-96.621986,302.184692,133.283813,-96.622192,309.059998,133.934433,-96.092918,304.388428,136.450943,,,
5256,43.800000,14:47:53:03.01,-96.621193,302.184814,133.283157,-96.622208,309.060608,133.934845,-96.093262,304.390167,136.451691,,,
5257,43.808333,14:47:53:03.02,-96.619804,302.184448,133.283524,-96.621910,309.059967,133.934113,-96.093666,304.389679,136.450806,,,
5258,43.816667,14:47:53:03.03,-96.619637,302.184540,133.283264,-96.621017,309.059631,133.933838,-96.093407,304.388397,136.451569,,,
5259,43.825000,14:47:53:04.00,-96.618347,302.184357,133.283875,-96.621620,309.059937,133.935837,-96.091957,304.388580,136.451752,,,
5260,43.833333,14:47:53:04.01,-96.620453,302.182983,133.282349,-96.621284,309.059082,133.934799,-96.091423,304.388794,136.450653,,,
5261,43.841667,14:47:53:04.02,-96.621124,302.184387,133.282837,-96.621201,309.059906,133.934769,-96.093269,304.388947,136.452835,,,
5262,43.850000,14:47:53:04.03,-96.620918,302.183441,133.283859,-96.620651,309.059509,133.933701,-96.092377,304.388214,136.451599,,,
5263,43.858333,14:47:53:05.00,-96.620148,302.184265,133.283127,-96.619972,309.058075,133.933426,-96.092262,304.389099,136.452042,,,
5264,43.866667,14:47:53:05.01,-96.617294,302.183472,133.283493,-96.621445,309.059204,133.933670,-96.092758,304.388214,136.451660,,,
5265,43.875000,14:47:53:05.02,-96.619301,302.183716,133.282455,-96.621758,309.059082,133.934753,-96.091423,304.387604,136.451508,,,
5266,43.883333,14:47:53:05.03,-96.621452,302.183838,133.284943,-96.622330,309.059906,133.934341,-96.093056,304.388092,136.451248,,,
5267,43.891667,14:47:53:06.00,-96.619774,302.183044,133.283615,-96.621048,309.059692,133.934402,-96.091194,304.387512,136.450958,,,
5268,43.900000,14:47:53:06.01,-96.617958,302.183167,133.282928,-96.621010,309.060120,133.934265,-96.092644,304.388214,136.452484,,,
5269,43.908333,14:47:53:06.02,-96.621307,302.184845,133.283691,-96.621002,309.059784,133.934647,-96.091850,304.387299,136.451508,,,
5270,43.916667,14:47:53:06.03,-96.621170,302.183350,133.283859,-96.620956,309.059296,133.934601,-96.093430,304.388306,136.451645,,,
5271,43.925000,14:47:53:07.00,-96.620964,302.184631,133.283920,-96.619698,309.059662,133.934158,-96.092728,304.388275,136.452713,,,
5272,43.933333,14:47:53:07.01,-96.618614,302.184692,133.283234,-96.620819,309.061310,133.935684,-96.093147,304.389099,136.452545,,,
5273,43.941667,14:47:53:07.02,-96.618454,302.183655,133.283508,-96.622292,309.059753,133.935303,-96.093292,304.388885,136.452744,,,
5274,43.950000,14:47:53:07.03,-96.622604,302.185211,133.285126,-96.622215,309.059998,133.936340,-96.094040,304.389679,136.452438,,,
5275,43.958333,14:47:53:08.00,-96.621498,302.185547,133.283127,-96.621666,309.061127,133.934311,-96.093719,304.389801,136.451706,,,
5276,43.966667,14:47:53:08.01,-96.621353,302.185516,133.283813,-96.622414,309.060455,133.936020,-96.093292,304.388916,136.452789,,,
5277,43.975000,14:47:53:08.02,-96.620895,302.185211,133.285126,-96.622429,309.061371,133.935287,-96.092110,304.390076,136.452972,,,
5278,43.983333,14:47:53:08.03,-96.621170,302.185760,133.284622,-96.622917,309.061890,133.936081,-96.093124,304.390656,136.453827,,,
5279,43.991667,14:47:53:09.00,-96.621994,302.185333,133.285706,-96.623222,309.061798,133.936234,-96.093765,304.390594,136.452896,,,
5280,44.000000,14:47:53:09.01,-96.621773,302.185791,133.283585,-96.622047,309.061371,133.936325,-96.095482,304.390533,136.452560,,,
5281,44.008333,14:47:53:09.02,-96.623260,302.185730,133.284760,-96.622574,309.062134,133.935089,-96.094963,304.390533,136.452927,,,
5282,44.016667,14:47:53:09.03,-96.624184,302.186371,133.285065,-96.622398,309.061432,133.936279,-96.094032,304.390015,136.452820,,,
5283,44.025000,14:47:53:10.00,-96.622955,302.185333,133.285019,-96.622559,309.061554,133.936279,-96.095291,304.390564,136.453827,,,
5284,44.033333,14:47:53:10.01,-96.623634,302.184906,133.284546,-96.622459,309.061768,133.935394,-96.094978,304.390259,136.453262,,,
5285,44.041667,14:47:53:10.02,-96.625374,302.185394,133.284943,-96.622589,309.061951,133.935471,-96.095154,304.390228,136.452789,,,
5286,44.050000,14:47:53:10.03,-96.625076,302.185272,133.284836,-96.622620,309.061890,133.935684,-96.094879,304.390564,136.453171,,,
5287,44.058333,14:47:53:11.00,-96.623650,302.185059,133.284500,-96.622452,309.061890,133.936432,-96.094406,304.390106,136.453262,,,
5288,44.066667,14:47:53:11.01,-96.622406,302.184998,133.283920,-96.621933,309.061035,133.935333,-96.094078,304.390533,136.453491,,,
5289,44.075000,14:47:53:11.02,-96.624741,302.185303,133.283966,-96.622559,309.062042,133.935425,-96.094650,304.389435,136.452927,,,
5290,44.083333,14:47:53:11.03,-96.623772,302.186340,133.284821,-96.622086,309.061401,133.934967,-96.094910,304.390533,136.453079,,,
5291,44.091667,14:47:53:12.00,-96.622620,302.186096,133.284912,-96.623230,309.062042,133.936188,-96.094818,304.390594,136.452667,,,
5292,44.100000,14:47:53:12.01,-96.624336,302.185242,133.284729,-96.623940,309.061157,133.936554,-96.094635,304.389954,136.453598,,,
5293,44.108333,14:47:53:12.02,-96.625496,302.185638,133.284561,-96.623291,309.061859,133.936234,-96.094666,304.391052,136.454361,,,
5294,44.116667,14:47:53:12.03,-96.623260,302.185638,133.284821,-96.622566,309.061310,133.935730,-96.093903,304.390717,136.454330,,,
5295,44.125000,14:47:53:13.00,-96.624527,302.184387,133.284286,-96.622536,309.060944,133.936432,-96.092804,304.389557,136.452988,,,
5296,44.133333,14:47:53:13.01,-96.623169,302.185974,133.284683,-96.621613,309.060822,133.935120,-96.094429,304.390106,136.453430,,,
5297,44.141667,14:47:53:13.02,-96.624496,302.185333,133.284744,-96.623268,309.062073,133.936264,-96.093712,304.390015,136.453781,,,
5298,44.150000,14:47:53:13.03,-96.625397,302.185211,133.284348,-96.621956,309.061157,133.935303,-96.095207,304.389618,136.453064,,,
5299,44.158333,14:47:53:14.00,-96.623428,302.184784,133.284363,-96.621368,309.060455,133.934784,-96.095238,304.388489,136.452621,,,
5300,44.166667,14:47:53:14.01,-96.625671,302.185455,133.284683,-96.622322,309.061890,133.936508,-96.093971,304.389435,136.453888,,,
5301,44.175000,14:47:53:14.02,-96.626266,302.184906,133.284729,-96.621964,309.062225,133.935684,-96.093201,304.390106,136.452911,,,
5302,44.183333,14:47:53:14.03,-96.622650,302.185272,133.283615,-96.619888,309.060669,133.935165,-96.093079,304.390228,136.453110,,,
5303,44.191667,14:47:53:15.00,-96.622597,302.185516,133.284637,-96.623268,309.059509,133.935410,-96.094551,304.389313,136.452423,,,
5304,44.200000,14:47:53:15.01,-96.624580,302.185852,133.284576,-96.623047,309.061127,133.935074,-96.093658,304.390076,136.452240,,,
5305,44.208333,14:47:53:15.02,-96.623726,302.185333,133.283783,-96.623337,309.061707,133.935715,-96.094917,304.389587,136.452515,,,
5306,44.216667,14:47:53:15.03,-96.622017,302.185852,133.285263,-96.623878,309.061157,133.936295,-96.094742,304.390533,136.452301,,,
5307,44.225000,14:47:53:16.00,-96.625694,302.186310,133.283478,-96.623840,309.061371,133.935364,-96.094200,304.391235,136.452316,,,
5308,44.233333,14:47:53:16.01,-96.624161,302.184967,133.283691,-96.624336,309.060944,133.934677,-96.094833,304.389038,136.452347,,,
5309,44.241667,14:47:53:16.02,-96.624641,302.186035,133.284134,-96.623909,309.061737,133.934525,-96.094009,304.388580,136.453659,,,
5310,44.250000,14:47:53:16.03,-96.623947,302.184357,133.285278,-96.624146,309.061157,133.935532,-96.094360,304.389252,136.453995,,,
5311,44.258333,14:47:53:17.00,-96.624260,302.185364,133.285217,-96.622597,309.060455,133.935135,-96.093544,304.390625,136.452301,,,
5312,44.266667,14:47:53:17.01,-96.623222,302.186096,133.284256,-96.621986,309.061493,133.935257,-96.094696,304.389801,136.451767,,,
5313,44.275000,14:47:53:17.02,-96.623787,302.186310,133.283569,-96.623024,309.061493,133.934982,-96.095642,304.390198,136.453064,,,
5314,44.283333,14:47:53:17.03,-96.623741,302.185364,133.284302,-96.623268,309.062347,133.935593,-96.094307,304.390106,136.452621,,,
5315,44.291667,14:47:53:18.00,-96.622307,302.186096,133.284180,-96.624306,309.061981,133.935242,-96.094269,304.390808,136.452469,,,
5316,44.300000,14:47:53:18.01,-96.623993,302.185974,133.283478,-96.623268,309.060730,133.934555,-96.094269,304.391388,136.452454,,,
5317,44.308333,14:47:53:18.02,-96.625381,302.186188,133.284531,-96.621162,309.061401,133.934479,-96.093719,304.391174,136.453476,,,
5318,44.316667,14:47:53:18.03,-96.621399,302.185974,133.283478,-96.621109,309.061615,133.935272,-96.094040,304.390778,136.452728,,,
5319,44.325000,14:47:53:19.00,-96.623405,302.186005,133.283875,-96.622269,309.061310,133.935135,-96.093765,304.390564,136.452499,,,
5320,44.333333,14:47:53:19.01,-96.622620,302.184479,133.284378,-96.623550,309.061981,133.935013,-96.095261,304.390167,136.452759,,,
5321,44.341667,14:47:53:19.02,-96.624336,302.186005,133.284576,-96.622849,309.061371,133.934525,-96.095619,304.390869,136.452820,,,
5322,44.350000,14:47:53:19.03,-96.623642,302.185883,133.283951,-96.622581,309.060822,133.934692,-96.094879,304.390625,136.451965,,,
5323,44.358333,14:47:53:20.00,-96.624359,302.186737,133.283646,-96.622726,309.061279,133.935486,-96.094177,304.391510,136.452515,,,
5324,44.366667,14:47:53:20.01,-96.621902,302.185364,133.282928,-96.622292,309.061859,133.934341,-96.093765,304.390564,136.453293,,,
5325,44.375000,14:47:53:20.02,-96.621338,302.185974,133.284698,-96.623230,309.061646,133.935532,-96.094078,304.389984,136.452698,,,
5326,44.383333,14:47:53:20.03,-96.622238,302.185486,133.284286,-96.623947,309.061737,133.935120,-96.094429,304.389954,136.452148,,,
5327,44.391667,14:47:53:21.00,-96.622292,302.186157,133.284821,-96.624580,309.060577,133.935303,-96.096001,304.389954,136.452499,,,
5328,44.400000,14:47:53:21.01,-96.621368,302.186462,133.284378,-96.622314,309.061157,133.935654,-96.095276,304.389679,136.452454,,,
5329,44.408333,14:47:53:21.02,-96.620148,302.186096,133.284103,-96.623512,309.062317,133.935806,-96.094917,304.390869,136.452377,,,
5330,44.416667,14:47:53:21.03,-96.622726,302.186462,133.284119,-96.623543,309.061279,133.935974,-96.095131,304.389923,136.451599,,,
5331,44.425000,14:47:53:22.00,-96.624825,302.184113,133.285156,-96.621460,309.060486,133.934082,-96.092613,304.389984,136.451965,,,
5332,44.433333,14:47:53:22.01,-96.621017,302.184113,133.284485,-96.623863,309.061646,133.936142,-96.094193,304.390930,136.451797,,,
5333,44.441667,14:47:53:22.02,-96.622749,302.186066,133.284775,-96.623108,309.061310,133.936035,-96.093597,304.389679,136.453079,,,
5334,44.450000,14:47:53:22.03,-96.619850,302.185089,133.284073,-96.622017,309.060730,133.935486,-96.093643,304.391052,136.453171,,,
5335,44.458333,14:47:53:23.00,-96.621292,302.184235,133.283539,-96.623024,309.060333,133.935852,-96.093414,304.389191,136.452164,,,
5336,44.466667,14:47:53:23.01,-96.622429,302.185303,133.284348,-96.624001,309.061279,133.934753,-96.094322,304.390747,136.453110,,,
5337,44.475000,14:47:53:23.02,-96.621902,302.184692,133.284073,-96.621719,309.060638,133.935287,-96.094711,304.390442,136.453308,,,
5338,44.483333,14:47:53:23.03,-96.622368,302.183685,133.284042,-96.622833,309.059692,133.934647,-96.095154,304.390411,136.453217,,,
5339,44.491667,14:47:53:24.00,-96.621513,302.184631,133.284042,-96.623169,309.060822,133.935181,-96.094734,304.389771,136.453186,,,
5340,44.500000,14:47:53:24.01,-96.621826,302.184235,133.284775,-96.623795,309.060852,133.935486,-96.094170,304.389038,136.453339,,,
5341,44.508333,14:47:53:24.02,-96.622963,302.184509,133.283981,-96.623154,309.060730,133.934723,-96.093536,304.389771,136.453735,,,
5342,44.516667,14:47:53:24.03,-96.621292,302.184448,133.283478,-96.624222,309.060272,133.936310,-96.094147,304.389465,136.452072,,,
5343,44.525000,14:47:53:25.00,-96.622147,302.183960,133.284821,-96.623619,309.061157,133.935913,-96.096146,304.389252,136.452332,,,
5344,44.533333,14:47:53:25.01,-96.623245,302.184814,133.285172,-96.622543,309.059509,133.936279,-96.094620,304.389679,136.452835,,,
5345,44.541667,14:47:53:25.02,-96.623512,302.183899,133.284775,-96.622086,309.060242,133.935287,-96.093971,304.390228,136.452942,,,
5346,44.550000,14:47:53:25.03,-96.620712,302.184235,133.284302,-96.622101,309.060669,133.935486,-96.092827,304.389771,136.452896,,,
5347,44.558333,14:47:53:26.00,-96.621536,302.184784,133.284164,-96.622070,309.060486,133.935272,-96.093788,304.390076,136.452728,,,
5348,44.566667,14:47:53:26.01,-96.621925,302.185455,133.285278,-96.623764,309.060883,133.936462,-96.093102,304.389252,136.452423,,,
5349,44.575000,14:47:53:26.02,-96.623917,302.185394,133.283920,-96.623154,309.060944,133.936386,-96.094772,304.390259,136.452194,,,
5350,44.583333,14:47:53:26.03,-96.622696,302.184235,133.284302,-96.622292,309.059753,133.935593,-96.095566,304.389679,136.452988,,,
5351,44.591667,14:47:53:27.00,-96.621460,302.185577,133.284073,-96.621887,309.060059,133.935516,-96.093697,304.389343,136.452789,,,
5352,44.600000,14:47:53:27.01,-96.624184,302.185272,133.285629,-96.621071,309.060486,133.934601,-96.094421,304.390167,136.454239,,,
5353,44.608333,14:47:53:27.02,-96.622459,302.183746,133.284836,-96.622917,309.061157,133.935425,-96.094521,304.388672,136.452835,,,
5354,44.616667,14:47:53:27.03,-96.623840,302.185547,133.284836,-96.621170,309.060547,133.934402,-96.093536,304.388580,136.451736,,,
5355,44.625000,14:47:53:28.00,-96.623672,302.183899,133.285004,-96.620667,309.061584,133.935089,-96.092934,304.389252,136.453079,,,
5356,44.633333,14:47:53:28.01,-96.622871,302.185028,133.285019,-96.622086,309.061493,133.935806,-96.092255,304.390411,136.451935,,,
5357,44.641667,14:47:53:28.02,-96.623978,302.185120,133.285217,-96.622330,309.060486,133.935196,-96.093079,304.391205,136.452972,,,
5358,44.650000,14:47:53:28.03,-96.623070,302.185211,133.284058,-96.621544,309.061035,133.934418,-96.093681,304.389587,136.453110,,,
5359,44.658333,14:47:53:29.00,-96.623787,302.186401,133.284409,-96.623032,309.060608,133.936081,-96.093353,304.390747,136.452988,,,
5360,44.666667,14:47:53:29.01,-96.620903,302.185272,133.283463,-96.622803,309.061035,133.935059,-96.095253,304.391174,136.452942,,,
5361,44.675000,14:47:53:29.02,-96.620941,302.185547,133.282104,-96.621597,309.060028,133.934509,-96.094116,304.389130,136.453003,,,
5362,44.683333,14:47:53:29.03,-96.622589,302.185425,133.284088,-96.623306,309.061707,133.935318,-96.093353,304.389099,136.453156,,,
5363,44.691667,14:47:54:00.00,-96.622452,302.185150,133.284103,-96.622841,309.061279,133.935471,-96.092819,304.391724,136.452103,,,
5364,44.700000,14:47:54:00.01,-96.622185,302.185364,133.284424,-96.623627,309.061554,133.935028,-96.093216,304.389679,136.452377,,,
5365,44.708333,14:47:54:00.02,-96.623596,302.185760,133.284729,-96.622292,309.060669,133.933990,-96.093796,304.389557,136.452499,,,
5366,44.716667,14:47:54:00.03,-96.624046,302.184784,133.283798,-96.621872,309.059692,133.935623,-96.094582,304.389557,136.452072,,,
5367,44.725000,14:47:54:01.00,-96.622772,302.184387,133.284927,-96.622261,309.061615,133.934784,-96.094231,304.389648,136.452316,,,
5368,44.733333,14:47:54:01.01,-96.623070,302.184906,133.283722,-96.622307,309.060730,133.935303,-96.094498,304.390778,136.452179,,,
5369,44.741667,14:47:54:01.02,-96.621857,302.185425,133.284073,-96.621246,309.061707,133.934708,-96.092430,304.390137,136.451294,,,
5370,44.750000,14:47:54:01.03,-96.622009,302.184082,133.283920,-96.621506,309.061157,133.934601,-96.091896,304.390350,136.452576,,,
5371,44.758333,14:47:54:02.00,-96.621758,302.186890,133.284729,-96.623695,309.061279,133.935425,-96.093872,304.390015,136.453110,,,
5372,44.766667,14:47:54:02.01,-96.621124,302.185516,133.283951,-96.623306,309.060822,133.935547,-96.094086,304.390564,136.452896,,,
5373,44.775000,14:47:54:02.02,-96.622238,302.184662,133.284897,-96.622475,309.060822,133.933731,-96.093689,304.390717,136.452667,,,
5374,44.783333,14:47:54:02.03,-96.621651,302.185089,133.284256,-96.622124,309.060425,133.935364,-96.094299,304.390778,136.452789,,,
5375,44.791667,14:47:54:03.00,-96.623184,302.185883,133.283813,-96.623146,309.061066,133.935120,-96.093460,304.390442,136.451889,,,
5376,44.800000,14:47:54:03.01,-96.623474,302.185486,133.283417,-96.621964,309.061279,133.934814,-96.093872,304.390656,136.452606,,,
5377,44.808333,14:47:54:03.02,-96.621170,302.185486,133.283630,-96.621078,309.061859,133.935425,-96.092499,304.390320,136.452942,,,
5378,44.816667,14:47:54:03.03,-96.622734,302.185120,133.284409,-96.622276,309.061829,133.935898,-96.093735,304.389343,136.451599,,,
5379,44.825000,14:47:54:04.00,-96.623909,302.185089,133.283905,-96.621666,309.060455,133.934769,-96.095566,304.391296,136.453262,,,
5380,44.833333,14:47:54:04.01,-96.624413,302.185181,133.283035,-96.622498,309.061249,133.935745,-96.093742,304.390533,136.452255,,,
5381,44.841667,14:47:54:04.02,-96.621613,302.185364,133.282928,-96.622887,309.062134,133.935532,-96.093987,304.389984,136.452957,,,
5382,44.850000,14:47:54:04.03,-96.622131,302.185425,133.284317,-96.622971,309.062317,133.935730,-96.094528,304.389923,136.452164,,,
5383,44.858333,14:47:54:05.00,-96.622643,302.184906,133.283356,-96.622314,309.061768,133.934616,-96.093658,304.390656,136.453033,,,
5384,44.866667,14:47:54:05.01,-96.621727,302.183777,133.284149,-96.622757,309.060486,133.936249,-96.093582,304.389801,136.453354,,,
5385,44.875000,14:47:54:05.02,-96.619446,302.184143,133.282974,-96.621170,309.061340,133.934860,-96.093498,304.391205,136.453796,,,
5386,44.883333,14:47:54:05.03,-96.621490,302.186646,133.283173,-96.624084,309.061981,133.934662,-96.092758,304.391541,136.452087,,,
5387,44.891667,14:47:54:06.00,-96.620773,302.185272,133.284180,-96.622925,309.061432,133.934708,-96.093956,304.390503,136.452637,,,
5388,44.900000,14:47:54:06.01,-96.620750,302.185120,133.285019,-96.622322,309.062042,133.935699,-96.094681,304.389862,136.452621,,,
5389,44.908333,14:47:54:06.02,-96.620300,302.184753,133.283417,-96.622406,309.061035,133.935043,-96.094376,304.390533,136.453751,,,
5390,44.916667,14:47:54:06.03,-96.621277,302.184601,133.284134,-96.622620,309.061157,133.934601,-96.093353,304.389099,136.451340,,,
5391,44.925000,14:47:54:07.00,-96.621391,302.185486,133.282272,-96.620949,309.060669,133.935516,-96.094971,304.389343,136.452057,,,
5392,44.933333,14:47:54:07.01,-96.620506,302.184357,133.284241,-96.621521,309.061310,133.935974,-96.093681,304.389954,136.451859,,,
5393,44.941667,14:47:54:07.02,-96.619698,302.185577,133.283127,-96.621635,309.059845,133.935226,-96.092644,304.388458,136.451889,,,
5394,44.950000,14:47:54:07.03,-96.620956,302.184753,133.284149,-96.622444,309.061371,133.936630,-96.095261,304.389740,136.452820,,,
5395,44.958333,14:47:54:08.00,-96.622208,302.184509,133.283798,-96.624146,309.061096,133.935654,-96.093178,304.390289,136.452011,,,
5396,44.966667,14:47:54:08.01,-96.622292,302.184723,133.284134,-96.621788,309.060974,133.935913,-96.094574,304.389465,136.452469,,,
5397,44.975000,14:47:54:08.02,-96.618935,302.185150,133.283432,-96.621246,309.060944,133.936447,-96.092102,304.389771,136.452118,,,
5398,44.983333,14:47:54:08.03,-96.621826,302.185211,133.283096,-96.620689,309.061096,133.933929,-96.092781,304.389343,136.451904,,,
5399,44.991667,14:47:54:09.00,-96.622383,302.185242,133.283951,-96.622757,309.060242,133.935074,-96.093796,304.388458,136.451584,,,
5400,45.000000,14:47:54:09.01,-96.624107,302.185638,133.283936,-96.622261,309.060730,133.934753,-96.094124,304.389465,136.452240,,,
5401,45.008333,14:47:54:09.02,-96.621674,302.184753,133.283478,-96.621872,309.061096,133.935730,-96.093750,304.389893,136.453217,,,
5402,45.016667,14:47:54:09.03,-96.624138,302.185211,133.285446,-96.622498,309.060120,133.935730,-96.092918,304.390442,136.452835,,,
5403,45.025000,14:47:54:10.00,-96.623924,302.185150,133.284851,-96.621353,309.061615,133.935715,-96.093422,304.389099,136.452789,,,
5404,45.033333,14:47:54:10.01,-96.621346,302.184326,133.284302,-96.621117,309.061432,133.936325,-96.093407,304.388885,136.451645,,,
5405,45.041667,14:47:54:10.02,-96.620300,302.185883,133.284271,-96.621521,309.060181,133.934860,-96.093605,304.389343,136.452072,,,
5406,45.050000,14:47:54:10.03,-96.620605,302.184143,133.283905,-96.621521,309.060577,133.936508,-96.093056,304.389679,136.453201,,,
5407,45.058333,14:47:54:11.00,-96.621574,302.184998,133.283936,-96.622360,309.061798,133.935898,-96.093735,304.389801,136.453476,,,
5408,45.066667,14:47:54:11.01,-96.621033,302.185822,133.284164,-96.622314,309.060150,133.935532,-96.092781,304.390442,136.452026,,,
5409,45.075000,14:47:54:11.02,-96.620766,302.184692,133.284317,-96.623199,309.060822,133.934967,-96.094315,304.390106,136.453629,,,
5410,45.083333,14:47:54:11.03,-96.623161,302.184509,133.284668,-96.623436,309.061707,133.936172,-96.094383,304.389282,136.453964,,,
5411,45.091667,14:47:54:12.00,-96.620300,302.185791,133.283829,-96.621864,309.060516,133.935059,-96.094528,304.389465,136.452148,,,
5412,45.100000,14:47:54:12.01,-96.621170,302.184631,133.284576,-96.622177,309.061096,133.935364,-96.093071,304.388855,136.453323,,,
5413,45.108333,14:47:54:12.02,-96.621162,302.184998,133.284042,-96.623360,309.061462,133.936035,-96.092834,304.388702,136.451736,,,
5414,45.116667,14:47:54:12.03,-96.622665,302.184509,133.284164,-96.623108,309.060333,133.935471,-96.093010,304.388458,136.452286,,,
5415,45.125000,14:47:54:13.00,-96.624512,302.184692,133.284851,-96.623077,309.060547,133.936035,-96.092117,304.388702,136.452026,,,
5416,45.133333,14:47:54:13.01,-96.621689,302.184570,133.282898,-96.621841,309.061584,133.934723,-96.092987,304.388947,136.452072,,,
5417,45.141667,14:47:54:13.02,-96.620918,302.184509,133.284698,-96.621529,309.060944,133.936325,-96.093628,304.389282,136.452545,,,
5418,45.150000,14:47:54:13.03,-96.623680,302.185577,133.285065,-96.621231,309.060120,133.934875,-96.094582,304.389008,136.452118,,,
5419,45.158333,14:47:54:14.00,-96.621063,302.185547,133.284714,-96.622849,309.061584,133.935684,-96.094505,304.388916,136.451828,,,
5420,45.166667,14:47:54:14.01,-96.623604,302.184998,133.283798,-96.621956,309.059875,133.935623,-96.094337,304.390381,136.452301,,,
5421,45.175000,14:47:54:14.02,-96.622162,302.184662,133.284119,-96.621574,309.061646,133.935410,-96.093628,304.388672,136.451889,,,
5422,45.183333,14:47:54:14.03,-96.622124,302.185211,133.284454,-96.623314,309.060547,133.935577,-96.094879,304.389679,136.452713,,,
5423,45.191667,14:47:54:15.00,-96.622147,302.184998,133.283722,-96.622398,309.061218,133.936447,-96.093712,304.389557,136.452499,,,
5424,45.200000,14:47:54:15.01,-96.620735,302.184357,133.284363,-96.621597,309.061066,133.935303,-96.093285,304.389893,136.452896,,,
5425,45.208333,14:47:54:15.02,-96.620636,302.185303,133.284225,-96.623436,309.060547,133.935730,-96.093147,304.389343,136.453995,,,
5426,45.216667,14:47:54:15.03,-96.621826,302.184937,133.285309,-96.622856,309.060944,133.935516,-96.094650,304.390106,136.452698,,,
5427,45.225000,14:47:54:16.00,-96.622726,302.186096,133.285538,-96.624245,309.060913,133.935684,-96.093735,304.389008,136.452087,,,
5428,45.233333,14:47:54:16.01,-96.620163,302.184937,133.284515,-96.622200,309.059998,133.934509,-96.095284,304.390594,136.452896,,,
5429,45.241667,14:47:54:16.02,-96.620804,302.185638,133.284363,-96.622826,309.061707,133.934998,-96.091888,304.390137,136.452942,,,
5430,45.250000,14:47:54:16.03,-96.623032,302.187103,133.285248,-96.622711,309.060669,133.937332,-96.093727,304.389435,136.453583,,,
5431,45.258333,14:47:54:17.00,-96.623604,302.185883,133.284866,-96.621529,309.060303,133.935272,-96.094017,304.388641,136.452728,,,
5432,45.266667,14:47:54:17.01,-96.624222,302.185089,133.285065,-96.622673,309.061371,133.936111,-96.094475,304.389160,136.453110,,,
5433,45.275000,14:47:54:17.02,-96.626297,302.185303,133.285400,-96.621284,309.059967,133.935135,-96.094917,304.389587,136.453110,,,
5434,45.283333,14:47:54:17.03,-96.622452,302.185364,133.284271,-96.622406,309.060608,133.935928,-96.095009,304.389130,136.453247,,,
5435,45.291667,14:47:54:18.00,-96.621788,302.185669,133.284973,-96.624390,309.060394,133.937057,-96.094551,304.389832,136.453583,,,
5436,45.300000,14:47:54:18.01,-96.624359,302.184906,133.285889,-96.623955,309.060944,133.935852,-96.095665,304.389435,136.452469,,,
5437,45.308333,14:47:54:18.02,-96.624123,302.184784,133.284912,-96.623276,309.061249,133.935883,-96.095345,304.389465,136.453400,,,
5438,45.316667,14:47:54:18.03,-96.626289,302.185211,133.284897,-96.623856,309.061462,133.936050,-96.095985,304.389801,136.452332,,,
5439,45.325000,14:47:54:19.00,-96.623138,302.184937,133.283859,-96.623039,309.060577,133.935547,-96.093765,304.389526,136.453064,,,
5440,45.333333,14:47:54:19.01,-96.622643,302.185516,133.283981,-96.624199,309.061066,133.937027,-96.095322,304.389587,136.452789,,,
5441,45.341667,14:47:54:19.02,-96.621567,302.185669,133.284943,-96.623169,309.060547,133.937210,-96.094711,304.389984,136.453644,,,
5442,45.350000,14:47:54:19.03,-96.623245,302.184692,133.284683,-96.621735,309.060730,133.936447,-96.094856,304.389191,136.452942,,,
5443,45.358333,14:47:54:20.00,-96.625839,302.185974,133.285202,-96.621651,309.060760,133.935471,-96.094177,304.388397,136.453705,,,
5444,45.366667,14:47:54:20.01,-96.625580,302.184509,133.285095,-96.623177,309.059875,133.937164,-96.093353,304.388245,136.453369,,,
5445,45.375000,14:47:54:20.02,-96.624840,302.184784,133.284607,-96.622391,309.060516,133.936005,-96.094902,304.389374,136.454300,,,
5446,45.383333,14:47:54:20.03,-96.625504,302.184937,133.285385,-96.622673,309.060944,133.936646,-96.094330,304.389496,136.452454,,,
5447,45.391667,14:47:54:21.00,-96.623482,302.184845,133.285019,-96.623756,309.061646,133.936188,-96.093925,304.390686,136.453415,,,
5448,45.400000,14:47:54:21.01,-96.623055,302.185974,133.284912,-96.624161,309.060944,133.936234,-96.094322,304.389832,136.452881,,,
5449,45.408333,14:47:54:21.02,-96.623337,302.184845,133.284409,-96.623199,309.060486,133.936142,-96.095184,304.390533,136.453156,,,
5450,45.416667,14:47:54:21.03,-96.625450,302.185760,133.285614,-96.624046,309.060944,133.936325,-96.094803,304.389313,136.453873,,,
5451,45.425000,14:47:54:22.00,-96.625671,302.185059,133.285370,-96.622078,309.060120,133.935379,-96.094826,304.390198,136.453690,,,
5452,45.433333,14:47:54:22.01,-96.627594,302.184662,133.285339,-96.623070,309.061157,133.937195,-96.093796,304.390259,136.452728,,,
5453,45.441667,14:47:54:22.02,-96.629929,302.185455,133.284973,-96.624161,309.061157,133.936829,-96.094551,304.389740,136.452515,,,
5454,45.450000,14:47:54:22.03,-96.625778,302.184998,133.285522,-96.623055,309.061066,133.935547,-96.096405,304.390015,136.453690,,,
5455,45.458333,14:47:54:23.00,-96.623871,302.185272,133.285065,-96.623253,309.061584,133.936127,-96.096024,304.391418,136.453339,,,
5456,45.466667,14:47:54:23.01,-96.623642,302.185486,133.284470,-96.624176,309.062469,133.936813,-96.094589,304.391632,136.454224,,,
5457,45.475000,14:47:54:23.02,-96.624168,302.186432,133.285263,-96.624466,309.060394,133.936188,-96.094154,304.390564,136.453766,,,
5458,45.483333,14:47:54:23.03,-96.623032,302.186127,133.285202,-96.623802,309.060608,133.936234,-96.096085,304.388916,136.453018,,,
5459,45.491667,14:47:54:24.00,-96.622429,302.185211,133.284943,-96.624771,309.060883,133.937302,-96.095016,304.390533,136.453857,,,
5460,45.500000,14:47:54:24.01,-96.624901,302.185730,133.285080,-96.624306,309.060791,133.936279,-96.095261,304.390106,136.453476,,,
5461,45.508333,14:47:54:24.02,-96.625580,302.185791,133.286011,-96.622185,309.061493,133.936188,-96.095268,304.389801,136.453842,,,
5462,45.516667,14:47:54:24.03,-96.623985,302.186218,133.285904,-96.623390,309.061157,133.937607,-96.095451,304.391479,136.452972,,,
5463,45.525000,14:47:54:25.00,-96.624199,302.185181,133.284866,-96.623276,309.060638,133.936508,-96.094688,304.390686,136.453659,,,
5464,45.533333,14:47:54:25.01,-96.623024,302.185242,133.285400,-96.624001,309.060852,133.935715,-96.096100,304.389313,136.455231,,,
5465,45.541667,14:47:54:25.02,-96.625977,302.185669,133.287018,-96.622459,309.060944,133.936356,-96.094086,304.389923,136.453674,,,
5466,45.550000,14:47:54:25.03,-96.625565,302.186096,133.285370,-96.624008,309.062683,133.936554,-96.095345,304.391327,136.454208,,,
5467,45.558333,14:47:54:26.00,-96.625450,302.186737,133.285690,-96.624718,309.061554,133.936890,-96.095123,304.390564,136.453949,,,
5468,45.566667,14:47:54:26.01,-96.625755,302.186737,133.285004,-96.623520,309.062622,133.937012,-96.095016,304.390411,136.453766,,,
5469,45.575000,14:47:54:26.02,-96.625763,302.185669,133.285995,-96.622307,309.060669,133.935867,-96.093742,304.391052,136.453918,,,
5470,45.583333,14:47:54:26.03,-96.626625,302.185638,133.285599,-96.621994,309.062042,133.937119,-96.094269,304.390289,136.454453,,,
5471,45.591667,14:47:54:27.00,-96.620934,302.186523,133.285416,-96.621666,309.062683,133.936340,-96.096130,304.389862,136.452698,,,
5472,45.600000,14:47:54:27.01,-96.623856,302.185883,133.286148,-96.623497,309.061188,133.936584,-96.095757,304.390656,136.453110,,,
5473,45.608333,14:47:54:27.02,-96.624733,302.185974,133.285172,-96.622780,309.061188,133.935623,-96.094177,304.390045,136.453812,,,
5474,45.616667,14:47:54:27.03,-96.625893,302.185364,133.284882,-96.624229,309.060791,133.937256,-96.094894,304.390533,136.453278,,,
5475,45.625000,14:47:54:28.00,-96.622421,302.185638,133.284668,-96.624413,309.061676,133.936462,-96.094666,304.391235,136.454086,,,
5476,45.633333,14:47:54:28.01,-96.626938,302.186340,133.286087,-96.623573,309.061829,133.937057,-96.095619,304.390320,136.453796,,,
5477,45.641667,14:47:54:28.02,-96.627747,302.186096,133.285446,-96.623184,309.061798,133.936020,-96.096199,304.389923,136.453064,,,
5478,45.650000,14:47:54:28.03,-96.625153,302.186859,133.285858,-96.623627,309.061798,133.937149,-96.094795,304.389954,136.453064,,,
5479,45.658333,14:47:54:29.00,-96.627487,302.186859,133.285919,-96.625481,309.061859,133.937210,-96.094582,304.390839,136.452957,,,
5480,45.666667,14:47:54:29.01,-96.626221,302.185730,133.284378,-96.624527,309.060760,133.936661,-96.093399,304.388977,136.452911,,,
5481,45.675000,14:47:54:29.02,-96.625809,302.185425,133.285965,-96.623558,309.060577,133.935669,-96.094765,304.390320,136.452957,,,
5482,45.683333,14:47:54:29.03,-96.624710,302.186127,133.284866,-96.623734,309.061127,133.936783,-96.093224,304.389801,136.453049,,,
5483,45.691667,14:47:55:00.00,-96.624115,302.184357,133.285385,-96.623039,309.060913,133.936859,-96.094467,304.390289,136.453766,,,
5484,45.700000,14:47:55:00.01,-96.624603,302.184753,133.283798,-96.622818,309.061157,133.936157,-96.095123,304.389862,136.452942,,,
5485,45.708333,14:47:55:00.02,-96.623581,302.185822,133.284943,-96.622131,309.060394,133.936523,-96.096588,304.391022,136.452759,,,
5486,45.716667,14:47:55:00.03,-96.626892,302.185760,133.285278,-96.622017,309.060852,133.935410,-96.094284,304.389557,136.453629,,,
5487,45.725000,14:47:55:01.00,-96.624985,302.185150,133.285645,-96.622971,309.061157,133.935532,-96.095398,304.390533,136.453583,,,
5488,45.733333,14:47:55:01.01,-96.624146,302.185364,133.284760,-96.622482,309.062286,133.935684,-96.093925,304.389374,136.452499,,,
5489,45.741667,14:47:55:01.02,-96.622757,302.186218,133.284241,-96.622780,309.061310,133.936661,-96.093575,304.390228,136.453171,,,
5490,45.750000,14:47:55:01.03,-96.623077,302.186951,133.284454,-96.624306,309.061493,133.936279,-96.093582,304.390045,136.452942,,,
5491,45.758333,14:47:55:02.00,-96.624596,302.185242,133.285004,-96.622696,309.061188,133.936081,-96.094994,304.390259,136.453690,,,
5492,45.766667,14:47:55:02.01,-96.624260,302.185333,133.284348,-96.622833,309.059845,133.935684,-96.093933,304.390320,136.452713,,,
5493,45.775000,14:47:55:02.02,-96.621017,302.184998,133.282501,-96.622162,309.060913,133.935303,-96.096352,304.390137,136.453018,,,
5494,45.783333,14:47:55:02.03,-96.622292,302.186584,133.284836,-96.623108,309.060486,133.935272,-96.094383,304.389801,136.452560,,,
5495,45.791667,14:47:55:03.00,-96.622864,302.185608,133.284317,-96.622055,309.060516,133.935471,-96.093925,304.389771,136.453003,,,
5496,45.800000,14:47:55:03.01,-96.621246,302.186310,133.283813,-96.621826,309.061127,133.936768,-96.094254,304.390900,136.451630,,,
5497,45.808333,14:47:55:03.02,-96.621269,302.185852,133.283752,-96.621445,309.060883,133.936188,-96.093193,304.390381,136.452896,,,
5498,45.816667,14:47:55:03.03,-96.621155,302.185608,133.284348,-96.623306,309.061035,133.936829,-96.094337,304.389709,136.452454,,,
5499,45.825000,14:47:55:04.00,-96.623489,302.185394,133.285278,-96.622154,309.060699,133.934311,-96.093483,304.389099,136.452194,,,
5500,45.833333,14:47:55:04.01,-96.619072,302.186005,133.284241,-96.622009,309.060394,133.935211,-96.093132,304.390472,136.451813,,,
5501,45.841667,14:47:55:04.02,-96.619186,302.183502,133.283569,-96.621300,309.061493,133.933990,-96.092499,304.391083,136.452560,,,
5502,45.850000,14:47:55:04.03,-96.622398,302.185120,133.284256,-96.622269,309.061340,133.934647,-96.094475,304.390472,136.451385,,,
5503,45.858333,14:47:55:05.00,-96.622017,302.185883,133.283356,-96.621819,309.061676,133.935242,-96.092606,304.390564,136.453110,,,
5504,45.866667,14:47:55:05.01,-96.622559,302.185669,133.283920,-96.622543,309.060455,133.935562,-96.093979,304.389404,136.451965,,,
5505,45.875000,14:47:55:05.02,-96.620644,302.184967,133.283859,-96.622116,309.061462,133.935150,-96.094566,304.390381,136.452469,,,
5506,45.883333,14:47:55:05.03,-96.621307,302.185211,133.284348,-96.620705,309.060852,133.933701,-96.093773,304.389130,136.451370,,,
5507,45.891667,14:47:55:06.00,-96.619400,302.186066,133.283798,-96.621086,309.060516,133.935562,-96.094009,304.389496,136.451828,,,
5508,45.900000,14:47:55:06.01,-96.618774,302.185303,133.283203,-96.621506,309.060699,133.935425,-96.095184,304.389709,136.452133,,,
5509,45.908333,14:47:55:06.02,-96.620041,302.185394,133.283798,-96.621391,309.061127,133.934479,-96.093613,304.389984,136.452744,,,
5510,45.916667,14:47:55:06.03,-96.620415,302.184937,133.283813,-96.622604,309.059967,133.936035,-96.092850,304.389404,136.452713,,,
5511,45.925000,14:47:55:07.00,-96.622070,302.184784,133.283966,-96.622414,309.061157,133.935318,-96.092957,304.389343,136.451752,,,
5512,45.933333,14:47:55:07.01,-96.622177,302.185150,133.283554,-96.622818,309.061371,133.936615,-96.094337,304.390442,136.451324,,,
5513,45.941667,14:47:55:07.02,-96.618065,302.185150,133.283386,-96.622375,309.061279,133.935760,-96.092110,304.389435,136.451431,,,
5514,45.950000,14:47:55:07.03,-96.621246,302.184937,133.282120,-96.621826,309.061127,133.935089,-96.093712,304.389679,136.451416,,,
5515,45.958333,14:47:55:08.00,-96.619934,302.185516,133.283356,-96.621323,309.060852,133.934433,-96.092453,304.389008,136.451721,,,
5516,45.966667,14:47:55:08.01,-96.619293,302.184814,133.283829,-96.621193,309.060425,133.933853,-96.093307,304.390778,136.451508,,,
5517,45.975000,14:47:55:08.02,-96.622940,302.187225,133.284058,-96.621666,309.060944,133.934738,-96.093437,304.390320,136.451462,,,
5518,45.983333,14:47:55:08.03,-96.623962,302.184570,133.283401,-96.622734,309.061157,133.935028,-96.094086,304.390472,136.451462,,,
5519,45.991667,14:47:55:09.00,-96.619972,302.184906,133.283035,-96.622429,309.061218,133.934723,-96.093491,304.389221,136.450607,,,
5520,46.000000,14:47:55:09.01,-96.620308,302.185211,133.283157,-96.620544,309.061157,133.934494,-96.095100,304.390320,136.453125,,,
5521,46.008333,14:47:55:09.02,-96.620270,302.184845,133.284042,-96.620094,309.060333,133.935196,-96.093430,304.390564,136.451279,,,
5522,46.016667,14:47:55:09.03,-96.620354,302.184357,133.282669,-96.621635,309.060242,133.934814,-96.093765,304.389374,136.451050,,,
5523,46.025000,14:47:55:10.00,-96.620262,302.184265,133.281815,-96.621796,309.061127,133.935089,-96.094063,304.389587,136.451416,,,
5524,46.033333,14:47:55:10.01,-96.619240,302.185425,133.283676,-96.620911,309.061005,133.934128,-96.092865,304.390625,136.451477,,,
5525,46.041667,14:47:55:10.02,-96.619415,302.185547,133.283630,-96.621162,309.060730,133.934998,-96.094200,304.390442,136.452484,,,
5526,46.050000,14:47:55:10.03,-96.620407,302.184387,133.283844,-96.621284,309.060638,133.935577,-96.092651,304.389832,136.451004,,,
5527,46.058333,14:47:55:11.00,-96.621140,302.183502,133.283386,-96.621223,309.060699,133.935883,-96.092834,304.389862,136.451614,,,
5528,46.066667,14:47:55:11.01,-96.620377,302.183746,133.283203,-96.621407,309.060272,133.934189,-96.092293,304.388916,136.452072,,,
5529,46.075000,14:47:55:11.02,-96.617203,302.184937,133.282333,-96.623322,309.060577,133.934341,-96.093025,304.389648,136.451477,,,
5530,46.083333,14:47:55:11.03,-96.619370,302.184906,133.282654,-96.622116,309.061218,133.934753,-96.094826,304.389343,136.451904,,,
5531,46.091667,14:47:55:12.00,-96.621552,302.184387,133.282928,-96.621117,309.060272,133.934830,-96.093834,304.388275,136.452560,,,
5532,46.100000,14:47:55:12.01,-96.622154,302.183960,133.283691,-96.620346,309.060516,133.934341,-96.094208,304.388763,136.450775,,,
5533,46.108333,14:47:55:12.02,-96.619698,302.184174,133.282730,-96.622452,309.060669,133.934708,-96.093811,304.389587,136.452240,,,
5534,46.116667,14:47:55:12.03,-96.621239,302.185425,133.283478,-96.622330,309.061005,133.935257,-96.092072,304.389282,136.451385,,,
5535,46.125000,14:47:55:13.00,-96.620331,302.184204,133.282913,-96.620895,309.059967,133.934113,-96.094315,304.390137,136.452133,,,
5536,46.133333,14:47:55:13.01,-96.621216,302.184479,133.284607,-96.620834,309.060883,133.934509,-96.093384,304.389832,136.453079,,,
5537,46.141667,14:47:55:13.02,-96.620255,302.185577,133.283997,-96.622086,309.060089,133.935196,-96.094887,304.390289,136.452316,,,
5538,46.150000,14:47:55:13.03,-96.618294,302.184937,133.283585,-96.621338,309.059296,133.934326,-96.094475,304.389282,136.451965,,,
5539,46.158333,14:47:55:14.00,-96.618744,302.185181,133.283020,-96.621185,309.060638,133.935379,-96.093208,304.389801,136.451950,,,
5540,46.166667,14:47:55:14.01,-96.620384,302.184967,133.282928,-96.621880,309.061157,133.934906,-96.093513,304.389893,136.451965,,,
5541,46.175000,14:47:55:14.02,-96.621338,302.185425,133.283539,-96.621117,309.061096,133.934341,-96.093613,304.390137,136.451035,,,
5542,46.183333,14:47:55:14.03,-96.619102,302.185150,133.282440,-96.620850,309.061035,133.933731,-96.092941,304.388794,136.451050,,,
5543,46.191667,14:47:55:15.00,-96.619820,302.185974,133.282455,-96.621315,309.061005,133.935120,-96.093086,304.389008,136.451935,,,
5544,46.200000,14:47:55:15.01,-96.620178,302.185059,133.284073,-96.621506,309.061737,133.934372,-96.094170,304.390259,136.451538,,,
5545,46.208333,14:47:55:15.02,-96.618935,302.185730,133.284164,-96.622314,309.060791,133.934433,-96.092651,304.389771,136.451782,,,
5546,46.216667,14:47:55:15.03,-96.618111,302.185242,133.282257,-96.620140,309.060944,133.933105,-96.092186,304.389313,136.451538,,,
5547,46.225000,14:47:55:16.00,-96.620605,302.185883,133.283630,-96.620651,309.059570,133.933411,-96.093513,304.389771,136.452118,,,
5548,46.233333,14:47:55:16.01,-96.620789,302.184479,133.283524,-96.621521,309.060303,133.934708,-96.093124,304.388153,136.450562,,,
5549,46.241667,14:47:55:16.02,-96.621078,302.185272,133.284088,-96.620331,309.060516,133.934219,-96.093033,304.389343,136.452499,,,
5550,46.250000,14:47:55:16.03,-96.622643,302.184906,133.283829,-96.620575,309.061005,133.934204,-96.093895,304.389465,136.451477,,,
5551,46.258333,14:47:55:17.00,-96.620438,302.184540,133.284439,-96.622757,309.061493,133.935242,-96.092972,304.389465,136.452469,,,
5552,46.266667,14:47:55:17.01,-96.619987,302.185303,133.282944,-96.623207,309.061005,133.934174,-96.093529,304.389954,136.451660,,,
5553,46.275000,14:47:55:17.02,-96.622726,302.185303,133.284073,-96.621880,309.060547,133.934891,-96.094116,304.390350,136.451492,,,
5554,46.283333,14:47:55:17.03,-96.621315,302.185638,133.281769,-96.621269,309.060699,133.934479,-96.093544,304.390350,136.452408,,,
5555,46.291667,14:47:55:18.00,-96.619270,302.184448,133.282333,-96.621986,309.060638,133.934814,-96.093094,304.389740,136.450790,,,
5556,46.300000,14:47:55:18.01,-96.619293,302.185730,133.282394,-96.622025,309.060059,133.934708,-96.094139,304.389587,136.451172,,,
5557,46.308333,14:47:55:18.02,-96.619644,302.184998,133.282562,-96.622032,309.060272,133.934265,-96.092720,304.389984,136.451309,,,
5558,46.316667,14:47:55:18.03,-96.619400,302.184448,133.282730,-96.621552,309.061035,133.933334,-96.094353,304.388885,136.450958,,,
5559,46.325000,14:47:55:19.00,-96.620819,302.184875,133.282608,-96.620422,309.060883,133.934097,-96.093704,304.388000,136.452316,,,
5560,46.333333,14:47:55:19.01,-96.620491,302.184601,133.282547,-96.621689,309.060303,133.934647,-96.092979,304.389435,136.451462,,,
5561,46.341667,14:47:55:19.02,-96.619209,302.185211,133.281967,-96.622444,309.061829,133.934723,-96.093109,304.389130,136.451736,,,
5562,46.350000,14:47:55:19.03,-96.620499,302.184570,133.283752,-96.621986,309.061707,133.935471,-96.093193,304.389648,136.451263,,,
5563,46.358333,14:47:55:20.00,-96.622101,302.185211,133.283585,-96.621880,309.060791,133.934799,-96.093063,304.390411,136.452698,,,
5564,46.366667,14:47:55:20.01,-96.622017,302.184357,133.283234,-96.621513,309.060974,133.934921,-96.093460,304.390198,136.451828,,,
5565,46.375000,14:47:55:20.02,-96.619049,302.184204,133.283127,-96.622185,309.060120,133.934906,-96.093857,304.389740,136.451553,,,
5566,46.383333,14:47:55:20.03,-96.619255,302.185211,133.283066,-96.623085,309.060852,133.935242,-96.094299,304.389282,136.451859,,,
5567,46.391667,14:47:55:21.00,-96.618744,302.186646,133.283646,-96.621796,309.060730,133.935333,-96.093941,304.389862,136.452042,,,
5568,46.400000,14:47:55:21.01,-96.619789,302.185516,133.283463,-96.621635,309.060638,133.933990,-96.095276,304.391998,136.452011,,,
5569,46.408333,14:47:55:21.02,-96.620850,302.185272,133.283829,-96.620544,309.061157,133.933899,-96.094437,304.389984,136.451874,,,
5570,46.416667,14:47:55:21.03,-96.621384,302.184906,133.282745,-96.622208,309.061371,133.936096,-96.093155,304.389465,136.452164,,,
5571,46.425000,14:47:55:22.00,-96.619629,302.185669,133.283997,-96.621033,309.060394,133.934052,-96.092918,304.390289,136.452179,,,
5572,46.433333,14:47:55:22.01,-96.620926,302.184692,133.283096,-96.622932,309.060516,133.935226,-96.093925,304.389526,136.451462,,,
5573,46.441667,14:47:55:22.02,-96.623474,302.185425,133.284348,-96.623047,309.061188,133.933884,-96.092834,304.389923,136.451553,,,
5574,46.450000,14:47:55:22.03,-96.620560,302.183960,133.283234,-96.621666,309.060883,133.935120,-96.094055,304.389465,136.451950,,,
5575,46.458333,14:47:55:23.00,-96.620399,302.186066,133.283920,-96.621742,309.060455,133.935471,-96.091690,304.388031,136.451065,,,
5576,46.466667,14:47:55:23.01,-96.619087,302.185730,133.282928,-96.621033,309.060730,133.934265,-96.094955,304.389374,136.452347,,,
5577,46.475000,14:47:55:23.02,-96.623055,302.185120,133.284760,-96.619865,309.060425,133.933929,-96.093712,304.389679,136.451096,,,
5578,46.483333,14:47:55:23.03,-96.622238,302.184113,133.283371,-96.621292,309.060760,133.934708,-96.093307,304.390198,136.452072,,,
5579,46.491667,14:47:55:24.00,-96.620026,302.186218,133.282806,-96.622505,309.060944,133.935089,-96.093506,304.389832,136.451340,,,
5580,46.500000,14:47:55:24.01,-96.618942,302.184265,133.282166,-96.620445,309.059845,133.934464,-96.092873,304.388702,136.451355,,,
5581,46.508333,14:47:55:24.02,-96.620918,302.184967,133.284119,-96.621925,309.061157,133.934708,-96.092041,304.389496,136.450302,,,
5582,46.516667,14:47:55:24.03,-96.620094,302.185608,133.284225,-96.620750,309.059753,133.934341,-96.092812,304.390411,136.451370,,,
5583,46.525000,14:47:55:25.00,-96.621994,302.185028,133.283859,-96.622337,309.060760,133.935303,-96.092598,304.389221,136.450714,,,
5584,46.533333,14:47:55:25.01,-96.620354,302.185425,133.283768,-96.621552,309.061737,133.934479,-96.095352,304.389069,136.451889,,,
5585,46.541667,14:47:55:25.02,-96.619835,302.185669,133.283722,-96.619972,309.060364,133.934433,-96.092140,304.389282,136.452225,,,
5586,46.550000,14:47:55:25.03,-96.619286,302.184814,133.282623,-96.620499,309.061066,133.934570,-96.093292,304.389679,136.450790,,,
5587,46.558333,14:47:55:26.00,-96.622345,302.184570,133.283203,-96.622086,309.060364,133.934219,-96.092537,304.389404,136.451096,,,
5588,46.566667,14:47:55:26.01,-96.619804,302.184784,133.284119,-96.620911,309.059845,133.935486,-96.093895,304.390228,136.452698,,,
5589,46.575000,14:47:55:26.02,-96.619415,302.184570,133.283813,-96.621346,309.061279,133.935242,-96.093536,304.389893,136.451050,,,
5590,46.583333,14:47:55:26.03,-96.620972,302.184814,133.282883,-96.621017,309.060913,133.934967,-96.092117,304.389343,136.451553,,,
5591,46.591667,14:47:55:27.00,-96.619705,302.183899,133.283356,-96.620888,309.060944,133.934860,-96.093460,304.389801,136.452225,,,
5592,46.600000,14:47:55:27.01,-96.619431,302.184998,133.283722,-96.621918,309.059631,133.935135,-96.092781,304.389496,136.452332,,,
5593,46.608333,14:47:55:27.02,-96.622177,302.185486,133.284821,-96.622482,309.060699,133.935745,-96.093636,304.390320,136.453079,,,
5594,46.616667,14:47:55:27.03,-96.620575,302.184082,133.283020,-96.620857,309.059021,133.933701,-96.092590,304.388855,136.451859,,,
5595,46.625000,14:47:55:28.00,-96.620583,302.185638,133.283051,-96.621727,309.059418,133.935425,-96.093025,304.389557,136.451859,,,
5596,46.633333,14:47:55:28.01,-96.622368,302.183929,133.284744,-96.622002,309.061432,133.935104,-96.093895,304.390350,136.452621,,,
5597,46.641667,14:47:55:28.02,-96.621773,302.184723,133.283127,-96.621948,309.060730,133.935928,-96.093094,304.390015,136.453018,,,
5598,46.650000,14:47:55:28.03,-96.620628,302.184784,133.283585,-96.622231,309.061096,133.935913,-96.090630,304.389130,136.451126,,,
5599,46.658333,14:47:55:29.00,-96.621277,302.184967,133.284378,-96.621826,309.059998,133.934280,-96.091293,304.388702,136.451828,,,
5600,46.666667,14:47:55:29.01,-96.620979,302.185699,133.283142,-96.620750,309.061005,133.933975,-96.092690,304.390106,136.452240,,,
5601,46.675000,14:47:55:29.02,-96.618477,302.184784,133.284180,-96.620796,309.060059,133.934967,-96.093719,304.389252,136.452103,,,
5602,46.683333,14:47:55:29.03,-96.619675,302.183746,133.282715,-96.622643,309.060608,133.936615,-96.093407,304.389221,136.453064,,,
5603,46.691667,14:47:56:00.00,-96.619888,302.183929,133.283127,-96.622345,309.058838,133.934937,-96.093407,304.390289,136.452362,,,
5604,46.700000,14:47:56:00.01,-96.620277,302.184296,133.284180,-96.621727,309.061279,133.936005,-96.092949,304.388672,136.451309,,,
5605,46.708333,14:47:56:00.02,-96.619286,302.184357,133.283875,-96.620903,309.061035,133.934769,-96.092918,304.389465,136.451553,,,
5606,46.716667,14:47:56:00.03,-96.619003,302.185638,133.282776,-96.622276,309.060944,133.935471,-96.093216,304.389465,136.451797,,,
5607,46.725000,14:47:56:01.00,-96.619156,302.184753,133.283966,-96.621231,309.060516,133.934036,-96.090546,304.389465,136.451904,,,
5608,46.733333,14:47:56:01.01,-96.620422,302.184509,133.284500,-96.621017,309.060730,133.934464,-96.094086,304.390198,136.452454,,,
5609,46.741667,14:47:56:01.02,-96.622375,302.184448,133.283905,-96.621262,309.061584,133.935135,-96.092590,304.389648,136.452164,,,
5610,46.750000,14:47:56:01.03,-96.622978,302.184998,133.284470,-96.621498,309.060577,133.934433,-96.091370,304.389984,136.452179,,,
5611,46.758333,14:47:56:02.00,-96.618996,302.184998,133.284470,-96.621391,309.060699,133.935104,-96.093300,304.391357,136.452805,,,
5612,46.766667,14:47:56:02.01,-96.619209,302.185425,133.283340,-96.621422,309.060150,133.935699,-96.093636,304.390228,136.452301,,,
5613,46.775000,14:47:56:02.02,-96.619888,302.184937,133.284073,-96.619652,309.060059,133.934479,-96.093262,304.389496,136.451706,,,
5614,46.783333,14:47:56:02.03,-96.619850,302.184509,133.283691,-96.621796,309.060303,133.934875,-96.092781,304.390320,136.452820,,,
5615,46.791667,14:47:56:03.00,-96.619209,302.185394,133.283951,-96.622070,309.060455,133.934052,-96.093369,304.390533,136.451752,,,
5616,46.800000,14:47:56:03.01,-96.618904,302.184448,133.283310,-96.623344,309.061768,133.935135,-96.094421,304.390320,136.453217,,,
5617,46.808333,14:47:56:03.02,-96.623268,302.185089,133.284744,-96.622307,309.060913,133.934052,-96.092674,304.390381,136.452133,,,
5618,46.816667,14:47:56:03.03,-96.622551,302.185425,133.283905,-96.620560,309.061462,133.934845,-96.093735,304.390228,136.452728,,,
5619,46.825000,14:47:56:04.00,-96.620682,302.185852,133.283997,-96.621819,309.061157,133.936630,-96.091545,304.390167,136.451065,,,
5620,46.833333,14:47:56:04.01,-96.620132,302.185577,133.283859,-96.620804,309.059998,133.934799,-96.094070,304.389893,136.453217,,,
5621,46.841667,14:47:56:04.02,-96.620537,302.184845,133.284317,-96.622162,309.061035,133.936417,-96.092186,304.389679,136.452164,,,
5622,46.850000,14:47:56:04.03,-96.620621,302.185699,133.283630,-96.620003,309.060608,133.934448,-96.094032,304.390167,136.452881,,,
5623,46.858333,14:47:56:05.00,-96.619705,302.184967,133.283615,-96.622299,309.060211,133.935501,-96.092316,304.389832,136.451645,,,
5624,46.866667,14:47:56:05.01,-96.619102,302.185883,133.284058,-96.620590,309.061096,133.933167,-96.092758,304.388672,136.451797,,,
5625,46.875000,14:47:56:05.02,-96.621254,302.185364,133.283371,-96.621246,309.060944,133.934479,-96.094025,304.389343,136.452713,,,
5626,46.883333,14:47:56:05.03,-96.621307,302.184998,133.283157,-96.620560,309.060059,133.934921,-96.093338,304.389648,136.451920,,,
5627,46.891667,14:47:56:06.00,-96.621300,302.185547,133.284302,-96.621529,309.060791,133.934402,-96.092400,304.389435,136.452408,,,
5628,46.900000,14:47:56:06.01,-96.618248,302.184906,133.282822,-96.621361,309.060150,133.933792,-96.093704,304.389679,136.452515,,,
5629,46.908333,14:47:56:06.02,-96.619194,302.184631,133.283005,-96.622368,309.061646,133.934601,-96.094429,304.389984,136.451920,,,
5630,46.916667,14:47:56:06.03,-96.620438,302.185272,133.285553,-96.622070,309.060974,133.934341,-96.093864,304.388824,136.452316,,,
5631,46.925000,14:47:56:07.00,-96.622330,302.185516,133.284897,-96.621017,309.059509,133.933884,-96.093552,304.389160,136.451538,,,
5632,46.933333,14:47:56:07.01,-96.621674,302.184326,133.283752,-96.621689,309.060150,133.934189,-96.093132,304.390198,136.452576,,,
5633,46.941667,14:47:56:07.02,-96.621193,302.185425,133.284760,-96.622086,309.060394,133.935394,-96.092697,304.390015,136.451813,,,
5634,46.950000,14:47:56:07.03,-96.621529,302.185059,133.284424,-96.621254,309.061157,133.934097,-96.094276,304.390228,136.452469,,,
5635,46.958333,14:47:56:08.00,-96.621559,302.185211,133.283310,-96.621338,309.060669,133.934540,-96.094673,304.389282,136.452347,,,
5636,46.966667,14:47:56:08.01,-96.619019,302.185760,133.283661,-96.620575,309.061127,133.935043,-96.092918,304.388489,136.451431,,,
5637,46.975000,14:47:56:08.02,-96.620544,302.185333,133.284256,-96.621063,309.060425,133.935516,-96.093277,304.390320,136.451813,,,
5638,46.983333,14:47:56:08.03,-96.622444,302.184326,133.284470,-96.621605,309.060455,133.935135,-96.092514,304.389343,136.451416,,,
5639,46.991667,14:47:56:09.00,-96.621414,302.185364,133.283295,-96.620354,309.060913,133.933807,-96.092224,304.389130,136.450760,,,
5640,47.000000,14:47:56:09.01,-96.619644,302.184937,133.283905,-96.622208,309.061157,133.935699,-96.094093,304.389679,136.452469,,,
5641,47.008333,14:47:56:09.02,-96.620865,302.185486,133.284088,-96.622536,309.059967,133.934021,-96.094185,304.390106,136.452789,,,
5642,47.016667,14:47:56:09.03,-96.622482,302.184662,133.283173,-96.620720,309.059814,133.934708,-96.093254,304.389313,136.451599,,,
5643,47.025000,14:47:56:10.00,-96.621124,302.183838,133.282944,-96.622543,309.060455,133.934967,-96.093117,304.389862,136.451492,,,
5644,47.033333,14:47:56:10.01,-96.618729,302.184021,133.283157,-96.623329,309.060211,133.934601,-96.093231,304.389648,136.451660,,,
5645,47.041667,14:47:56:10.02,-96.619919,302.184082,133.283554,-96.621796,309.060669,133.934662,-96.093216,304.389893,136.452271,,,
5646,47.050000,14:47:56:10.03,-96.620880,302.184387,133.283051,-96.620979,309.060760,133.934937,-96.092766,304.389465,136.451141,,,
5647,47.058333,14:47:56:11.00,-96.621101,302.185394,133.283966,-96.620575,309.060303,133.934418,-96.092751,304.389648,136.451706,,,
5648,47.066667,14:47:56:11.01,-96.621971,302.185730,133.283188,-96.621681,309.060730,133.934799,-96.094444,304.390778,136.451157,,,
5649,47.075000,14:47:56:11.02,-96.622299,302.184326,133.284271,-96.621704,309.061310,133.935272,-96.093987,304.390198,136.453873,,,
5650,47.083333,14:47:56:11.03,-96.620293,302.185272,133.284225,-96.621727,309.061340,133.935852,-96.092621,304.389465,136.452209,,,
5651,47.091667,14:47:56:12.00,-96.621750,302.184662,133.283417,-96.620316,309.060089,133.935074,-96.093079,304.390106,136.451706,,,
5652,47.100000,14:47:56:12.01,-96.623734,302.184265,133.281174,-96.621361,309.061035,133.934448,-96.092308,304.389252,136.452499,,,
5653,47.108333,14:47:56:12.02,-96.621674,302.184601,133.284134,-96.620522,309.059418,133.934204,-96.093185,304.390656,136.451843,,,
5654,47.116667,14:47:56:12.03,-96.623070,302.184357,133.283768,-96.622665,309.061707,133.934921,-96.093842,304.389252,136.451752,,,
5655,47.125000,14:47:56:13.00,-96.623779,302.185272,133.283173,-96.622810,309.061920,133.934891,-96.093903,304.390228,136.451538,,,
5656,47.133333,14:47:56:13.01,-96.620781,302.185516,133.284195,-96.620331,309.061157,133.933533,-96.094963,304.389526,136.452560,,,
5657,47.141667,14:47:56:13.02,-96.619759,302.185577,133.285080,-96.621880,309.060394,133.935013,-96.092888,304.388458,136.451828,,,
5658,47.150000,14:47:56:13.03,-96.621483,302.185455,133.283966,-96.621498,309.061035,133.934341,-96.093170,304.389038,136.453552,,,
5659,47.158333,14:47:56:14.00,-96.620644,302.184631,133.283264,-96.621689,309.060730,133.934692,-96.094681,304.388428,136.452682,,,
5660,47.166667,14:47:56:14.01,-96.620087,302.185211,133.282242,-96.622925,309.061707,133.936234,-96.092598,304.388550,136.452301,,,
5661,47.175000,14:47:56:14.02,-96.620903,302.185059,133.283218,-96.623352,309.060455,133.934753,-96.093681,304.389526,136.451385,,,
5662,47.183333,14:47:56:14.03,-96.620911,302.184204,133.282578,-96.621742,309.060242,133.934662,-96.093376,304.390076,136.452545,,,
5663,47.191667,14:47:56:15.00,-96.621475,302.185516,133.283340,-96.621880,309.060669,133.935654,-96.094048,304.389801,136.452789,,,
5664,47.200000,14:47:56:15.01,-96.622673,302.184570,133.284454,-96.622589,309.061951,133.935135,-96.094337,304.390991,136.452454,,,
5665,47.208333,14:47:56:15.02,-96.620163,302.184570,133.284241,-96.622604,309.060089,133.935364,-96.093140,304.390381,136.452850,,,
5666,47.216667,14:47:56:15.03,-96.620338,302.183929,133.283890,-96.621788,309.060669,133.934769,-96.093559,304.389709,136.452103,,,
5667,47.225000,14:47:56:16.00,-96.622528,302.185425,133.283218,-96.622841,309.060638,133.935364,-96.093948,304.388916,136.453110,,,
5668,47.233333,14:47:56:16.01,-96.620110,302.185150,133.282333,-96.622589,309.061127,133.936142,-96.092545,304.388824,136.451508,,,
5669,47.241667,14:47:56:16.02,-96.622635,302.184570,133.283752,-96.622787,309.060059,133.934845,-96.093735,304.389038,136.451889,,,
5670,47.250000,14:47:56:16.03,-96.620369,302.184937,133.284012,-96.621819,309.060516,133.934967,-96.093872,304.389679,136.453339,,,
5671,47.258333,14:47:56:17.00,-96.620811,302.184631,133.284836,-96.622124,309.060699,133.935211,-96.094208,304.388245,136.451904,,,
5672,47.266667,14:47:56:17.01,-96.621689,302.185791,133.284195,-96.622162,309.060059,133.935104,-96.093140,304.388794,136.452347,,,
5673,47.275000,14:47:56:17.02,-96.620293,302.185547,133.284805,-96.620880,309.059967,133.935394,-96.094200,304.389008,136.452316,,,
5674,47.283333,14:47:56:17.03,-96.621872,302.184448,133.284576,-96.621307,309.059875,133.934860,-96.092949,304.388367,136.452133,,,
5675,47.291667,14:47:56:18.00,-96.623047,302.184296,133.284454,-96.621620,309.060394,133.935760,-96.093376,304.389221,136.452103,,,
5676,47.300000,14:47:56:18.01,-96.624008,302.184509,133.284317,-96.622444,309.060730,133.935272,-96.093391,304.389313,136.452103,,,
5677,47.308333,14:47:56:18.02,-96.621323,302.184052,133.283295,-96.622505,309.060516,133.935333,-96.093933,304.390106,136.452515,,,
5678,47.316667,14:47:56:18.03,-96.622696,302.185333,133.284409,-96.621964,309.060760,133.935730,-96.094048,304.389801,136.452942,,,
5679,47.325000,14:47:56:19.00,-96.623283,302.185883,133.284515,-96.621559,309.060394,133.936157,-96.094498,304.390015,136.452240,,,
5680,47.333333,14:47:56:19.01,-96.621361,302.184326,133.283417,-96.622765,309.060333,133.935333,-96.093979,304.387939,136.452957,,,
5681,47.341667,14:47:56:19.02,-96.622505,302.184113,133.285172,-96.622070,309.059326,133.935730,-96.094200,304.388641,136.452728,,,
5682,47.350000,14:47:56:19.03,-96.623734,302.185272,133.284302,-96.623573,309.060822,133.936142,-96.093094,304.388733,136.452515,,,
5683,47.358333,14:47:56:20.00,-96.622383,302.185242,133.284348,-96.621773,309.059814,133.935135,-96.094009,304.389923,136.453506,,,
5684,47.366667,14:47:56:20.01,-96.621124,302.185730,133.282745,-96.622429,309.059631,133.935333,-96.094490,304.390106,136.452942,,,
5685,47.375000,14:47:56:20.02,-96.622658,302.184143,133.283646,-96.622559,309.059753,133.935867,-96.092674,304.388153,136.452133,,,
5686,47.383333,14:47:56:20.03,-96.620773,302.184998,133.283417,-96.623360,309.060303,133.935776,-96.092079,304.388794,136.452026,,,
5687,47.391667,14:47:56:21.00,-96.622215,302.185181,133.283722,-96.621605,309.059204,133.934433,-96.094147,304.388794,136.452133,,,
5688,47.400000,14:47:56:21.01,-96.624367,302.184357,133.284393,-96.622002,309.062134,133.936508,-96.094124,304.390381,136.453293,,,
5689,47.408333,14:47:56:21.02,-96.622772,302.184235,133.284409,-96.621635,309.061096,133.935150,-96.093056,304.389587,136.453079,,,
5690,47.416667,14:47:56:21.03,-96.622223,302.185577,133.285522,-96.621666,309.060394,133.935455,-96.093544,304.388702,136.451645,,,
5691,47.425000,14:47:56:22.00,-96.621056,302.186096,133.284134,-96.622353,309.059753,133.935181,-96.094254,304.389679,136.452942,,,
5692,47.433333,14:47:56:22.01,-96.624390,302.185852,133.284836,-96.621574,309.060120,133.935959,-96.093674,304.389008,136.452072,,,
5693,47.441667,14:47:56:22.02,-96.621880,302.184906,133.284393,-96.621765,309.060883,133.935104,-96.094063,304.389801,136.451553,,,
5694,47.450000,14:47:56:22.03,-96.620316,302.185333,133.283585,-96.621933,309.061096,133.935837,-96.095291,304.390472,136.452942,,,
5695,47.458333,14:47:56:23.00,-96.620262,302.184174,133.283569,-96.622429,309.061218,133.935715,-96.093689,304.390717,136.451813,,,
5696,47.466667,14:47:56:23.01,-96.619606,302.185181,133.284073,-96.623383,309.060913,133.936417,-96.093437,304.389984,136.452133,,,
5697,47.475000,14:47:56:23.02,-96.624008,302.185425,133.285431,-96.622940,309.060547,133.936768,-96.095375,304.389465,136.452774,,,
5698,47.483333,14:47:56:23.03,-96.622810,302.185547,133.285553,-96.620544,309.060394,133.934784,-96.094604,304.389465,136.452194,,,
5699,47.491667,14:47:56:24.00,-96.620987,302.184601,133.284042,-96.622826,309.061676,133.936386,-96.093193,304.388153,136.452240,,,
5700,47.500000,14:47:56:24.01,-96.621498,302.184814,133.284515,-96.622780,309.060211,133.934967,-96.094917,304.389862,136.453278,,,
5701,47.508333,14:47:56:24.02,-96.620918,302.185425,133.284378,-96.622879,309.059967,133.934830,-96.093590,304.389496,136.451691,,,
5702,47.516667,14:47:56:24.03,-96.621971,302.184784,133.284531,-96.621643,309.060822,133.934402,-96.092857,304.389557,136.452774,,,
5703,47.525000,14:47:56:25.00,-96.623680,302.184937,133.283539,-96.621552,309.060425,133.935364,-96.094719,304.389465,136.452972,,,
5704,47.533333,14:47:56:25.01,-96.622253,302.185547,133.285065,-96.622238,309.060669,133.936401,-96.095543,304.389587,136.453232,,,
5705,47.541667,14:47:56:25.02,-96.622597,302.185425,133.284973,-96.622253,309.060822,133.935562,-96.094521,304.389008,136.452789,,,
5706,47.550000,14:47:56:25.03,-96.620766,302.184631,133.283813,-96.622910,309.061279,133.935852,-96.094055,304.389648,136.452835,,,
5707,47.558333,14:47:56:26.00,-96.621254,302.185028,133.283829,-96.621880,309.061127,133.935699,-96.094223,304.389587,136.452835,,,
5708,47.566667,14:47:56:26.01,-96.624008,302.184357,133.284561,-96.622856,309.060455,133.935425,-96.095009,304.390350,136.451370,,,
5709,47.575000,14:47:56:26.02,-96.622017,302.186096,133.284073,-96.622963,309.061310,133.935974,-96.094002,304.389801,136.452057,,,
5710,47.583333,14:47:56:26.03,-96.621399,302.184570,133.282867,-96.622810,309.060730,133.935852,-96.094498,304.390411,136.452774,,,
5711,47.591667,14:47:56:27.00,-96.622971,302.184784,133.284866,-96.622223,309.060913,133.935654,-96.093460,304.389709,136.451859,,,
5712,47.600000,14:47:56:27.01,-96.621323,302.184967,133.283691,-96.621780,309.061340,133.935577,-96.093346,304.389771,136.452377,,,
5713,47.608333,14:47:56:27.02,-96.622833,302.184906,133.282883,-96.622459,309.061157,133.935730,-96.093613,304.389465,136.453308,,,
5714,47.616667,14:47:56:27.03,-96.621208,302.184448,133.282944,-96.622604,309.060852,133.936218,-96.094063,304.389435,136.452637,,,
5715,47.625000,14:47:56:28.00,-96.620781,302.185486,133.284027,-96.621666,309.061157,133.935501,-96.091904,304.390198,136.452133,,,
5716,47.633333,14:47:56:28.01,-96.620987,302.186005,133.284561,-96.623825,309.060608,133.935333,-96.093475,304.390930,136.452332,,,
5717,47.641667,14:47:56:28.02,-96.622368,302.185760,133.283661,-96.625046,309.061340,133.935989,-96.093445,304.390228,136.452393,,,
5718,47.650000,14:47:56:28.03,-96.623024,302.185883,133.284180,-96.622673,309.061005,133.935562,-96.094688,304.390778,136.452179,,,
5719,47.658333,14:47:56:29.00,-96.620956,302.184784,133.282867,-96.622879,309.062073,133.935883,-96.092819,304.388855,136.452454,,,
5720,47.666667,14:47:56:29.01,-96.619835,302.186096,133.283569,-96.623268,309.061584,133.935242,-96.093819,304.390259,136.453293,,,
5721,47.675000,14:47:56:29.02,-96.622398,302.184784,133.284210,-96.623520,309.061493,133.935516,-96.092667,304.389404,136.451904,,,
5722,47.683333,14:47:56:29.03,-96.621559,302.184845,133.284180,-96.622467,309.061554,133.935608,-96.094345,304.390228,136.451889,,,
5723,47.691667,14:47:57:00.00,-96.622658,302.186340,133.284439,-96.622513,309.061127,133.935593,-96.093620,304.389679,136.452133,,,
5724,47.700000,14:47:57:00.01,-96.622009,302.185822,133.283875,-96.622665,309.060303,133.936127,-96.093124,304.390259,136.452316,,,
5725,47.708333,14:47:57:00.02,-96.622849,302.184631,133.283478,-96.620697,309.062134,133.935394,-96.093193,304.389587,136.451935,,,
5726,47.716667,14:47:57:00.03,-96.621544,302.185516,133.284592,-96.620468,309.061340,133.935471,-96.095726,304.389496,136.452988,,,
5727,47.725000,14:47:57:01.00,-96.621445,302.186218,133.284943,-96.622215,309.061127,133.935410,-96.095276,304.389832,136.452637,,,
5728,47.733333,14:47:57:01.01,-96.619873,302.185547,133.284058,-96.622833,309.061493,133.935852,-96.094345,304.390564,136.452087,,,
5729,47.741667,14:47:57:01.02,-96.620193,302.185852,133.283798,-96.622726,309.061584,133.935410,-96.094460,304.390411,136.452347,,,
5730,47.750000,14:47:57:01.03,-96.622276,302.185822,133.284622,-96.623436,309.060944,133.935364,-96.093491,304.390503,136.451492,,,
5731,47.758333,14:47:57:02.00,-96.622322,302.184692,133.282883,-96.623283,309.061340,133.935638,-96.094528,304.389893,136.453827,,,
5732,47.766667,14:47:57:02.01,-96.623543,302.185211,133.284454,-96.621979,309.061005,133.936081,-96.094780,304.390228,136.452621,,,
5733,47.775000,14:47:57:02.02,-96.622749,302.185730,133.284424,-96.622971,309.061584,133.936417,-96.094170,304.389893,136.452713,,,
5734,47.783333,14:47:57:02.03,-96.621910,302.184723,133.283981,-96.623108,309.061676,133.936676,-96.093346,304.390564,136.451767,,,
5735,47.791667,14:47:57:03.00,-96.620644,302.185425,133.283981,-96.621361,309.060974,133.936157,-96.094307,304.389862,136.452942,,,
5736,47.800000,14:47:57:03.01,-96.623283,302.185760,133.284744,-96.621178,309.061615,133.935944,-96.095863,304.390839,136.453110,,,
5737,47.808333,14:47:57:03.02,-96.622215,302.185547,133.283966,-96.621391,309.061035,133.935944,-96.094231,304.389343,136.452545,,,
5738,47.816667,14:47:57:03.03,-96.623093,302.185059,133.283554,-96.622581,309.061554,133.935974,-96.092682,304.389709,136.451584,,,
5739,47.825000,14:47:57:04.00,-96.622559,302.186493,133.283173,-96.621994,309.060089,133.936508,-96.094803,304.391663,136.452927,,,
5740,47.833333,14:47:57:04.01,-96.620552,302.186279,133.284470,-96.621635,309.061768,133.935547,-96.094933,304.390320,136.452560,,,
5741,47.841667,14:47:57:04.02,-96.621490,302.184723,133.284515,-96.622589,309.060974,133.936096,-96.093361,304.390869,136.451874,,,
5742,47.850000,14:47:57:04.03,-96.621910,302.184906,133.282532,-96.622589,309.061432,133.935776,-96.094437,304.390167,136.453018,,,
5743,47.858333,14:47:57:05.00,-96.623253,302.186371,133.284683,-96.622879,309.060822,133.935135,-96.095337,304.389893,136.452332,,,
5744,47.866667,14:47:57:05.01,-96.618912,302.185913,133.282654,-96.622398,309.060516,133.935089,-96.094055,304.389557,136.452789,,,
5745,47.875000,14:47:57:05.02,-96.621597,302.185028,133.283737,-96.623260,309.060883,133.934647,-96.093903,304.390778,136.452133,,,
5746,47.883333,14:47:57:05.03,-96.620491,302.185181,133.282837,-96.624390,309.060333,133.935364,-96.093811,304.390381,136.452240,,,
5747,47.891667,14:47:57:06.00,-96.621117,302.185120,133.284195,-96.623680,309.061584,133.935730,-96.094185,304.388733,136.452545,,,
5748,47.900000,14:47:57:06.01,-96.618530,302.184143,133.282974,-96.622200,309.061096,133.935791,-96.095047,304.388489,136.451691,,,
5749,47.908333,14:47:57:06.02,-96.619385,302.186523,133.284729,-96.622452,309.061859,133.935730,-96.094421,304.389343,136.452637,,,
5750,47.916667,14:47:57:06.03,-96.619499,302.186310,133.283447,-96.622650,309.060242,133.935043,-96.095314,304.389709,136.452499,,,
5751,47.925000,14:47:57:07.00,-96.620682,302.184662,133.283401,-96.622589,309.061188,133.935684,-96.093658,304.389557,136.452072,,,
5752,47.933333,14:47:57:07.01,-96.622528,302.185974,133.284256,-96.621719,309.061157,133.935043,-96.093819,304.388794,136.452072,,,
5753,47.941667,14:47:57:07.02,-96.622269,302.185699,133.283936,-96.621582,309.061279,133.934631,-96.095970,304.389374,136.452835,,,
5754,47.950000,14:47:57:07.03,-96.621689,302.184875,133.283737,-96.620895,309.060730,133.935547,-96.094162,304.388062,136.451752,,,
5755,47.958333,14:47:57:08.00,-96.623550,302.186646,133.284409,-96.622688,309.061584,133.934860,-96.095703,304.388550,136.452576,,,
5756,47.966667,14:47:57:08.01,-96.623108,302.185760,133.283737,-96.622948,309.061310,133.935379,-96.094482,304.389496,136.453461,,,
5757,47.975000,14:47:57:08.02,-96.619606,302.185638,133.284698,-96.622810,309.061188,133.936325,-96.095016,304.390442,136.452164,,,
5758,47.983333,14:47:57:08.03,-96.618904,302.184692,133.283859,-96.623657,309.061066,133.936325,-96.094063,304.389587,136.452515,,,
5759,47.991667,14:47:57:09.00,-96.621887,302.185303,133.284164,-96.622368,309.061371,133.935471,-96.093704,304.389709,136.452225,,,
5760,48.000000,14:47:57:09.01,-96.622032,302.185699,133.283966,-96.623093,309.061279,133.935181,-96.095619,304.390106,136.452759,,,
5761,48.008333,14:47:57:09.02,-96.621780,302.184357,133.283035,-96.623055,309.060394,133.934357,-96.094582,304.389221,136.452225,,,
5762,48.016667,14:47:57:09.03,-96.622673,302.184601,133.283997,-96.621536,309.060364,133.934235,-96.094902,304.388580,136.451752,,,
5763,48.025000,14:47:57:10.00,-96.622215,302.184784,133.283829,-96.622345,309.061493,133.935349,-96.095451,304.389801,136.453110,,,
5764,48.033333,14:47:57:10.01,-96.622986,302.184906,133.284378,-96.622696,309.062042,133.936172,-96.094963,304.389893,136.452286,,,
5765,48.041667,14:47:57:10.02,-96.622810,302.184448,133.284760,-96.622696,309.061401,133.935684,-96.094925,304.389496,136.452728,,,
5766,48.050000,14:47:57:10.03,-96.621910,302.184753,133.283524,-96.622986,309.061188,133.935760,-96.096207,304.390228,136.452850,,,
5767,48.058333,14:47:57:11.00,-96.618263,302.184448,133.283264,-96.622490,309.061188,133.934723,-96.093826,304.388794,136.452042,,,
5768,48.066667,14:47:57:11.01,-96.620491,302.185272,133.283096,-96.621170,309.061523,133.934937,-96.093498,304.390137,136.452026,,,
5769,48.075000,14:47:57:11.02,-96.622292,302.185333,133.283661,-96.622772,309.060822,133.935440,-96.094162,304.389832,136.451767,,,
5770,48.083333,14:47:57:11.03,-96.621376,302.185516,133.284866,-96.622513,309.060211,133.934525,-96.095062,304.389893,136.452423,,,
5771,48.091667,14:47:57:12.00,-96.620811,302.185669,133.283875,-96.621872,309.060730,133.934265,-96.093788,304.389343,136.452789,,,
5772,48.100000,14:47:57:12.01,-96.619156,302.185760,133.283081,-96.621841,309.060486,133.934418,-96.094795,304.389374,136.452393,,,
5773,48.108333,14:47:57:12.02,-96.619637,302.184937,133.284698,-96.622810,309.060852,133.935822,-96.093575,304.388916,136.452026,,,
5774,48.116667,14:47:57:12.03,-96.622375,302.184509,133.283493,-96.621689,309.060089,133.934616,-96.094437,304.390747,136.453354,,,
5775,48.125000,14:47:57:13.00,-96.621582,302.185516,133.284698,-96.622635,309.060852,133.935394,-96.093994,304.390198,136.451721,,,
5776,48.133333,14:47:57:13.01,-96.622673,302.184753,133.284164,-96.622047,309.060059,133.935516,-96.093819,304.389496,136.452560,,,
5777,48.141667,14:47:57:13.02,-96.619728,302.184967,133.283432,-96.623055,309.061493,133.935257,-96.093086,304.389587,136.453354,,,
5778,48.150000,14:47:57:13.03,-96.620171,302.185303,133.284393,-96.622810,309.060822,133.936340,-96.094276,304.390015,136.453720,,,
5779,48.158333,14:47:57:14.00,-96.619926,302.185455,133.282959,-96.621506,309.061096,133.935333,-96.093872,304.390778,136.452744,,,
5780,48.166667,14:47:57:14.01,-96.619431,302.184784,133.283096,-96.620522,309.060516,133.934906,-96.093544,304.388214,136.451782,,,
5781,48.175000,14:47:57:14.02,-96.620918,302.184784,133.283630,-96.622528,309.060638,133.935577,-96.093246,304.389618,136.452728,,,
5782,48.183333,14:47:57:14.03,-96.621307,302.184448,133.283066,-96.621788,309.059204,133.935623,-96.092957,304.388275,136.453232,,,
5783,48.191667,14:47:57:15.00,-96.618927,302.183380,133.283478,-96.621063,309.061035,133.934921,-96.093079,304.388062,136.452744,,,
5784,48.200000,14:47:57:15.01,-96.619522,302.184692,133.283997,-96.622055,309.061493,133.935410,-96.093407,304.389343,136.451721,,,
5785,48.208333,14:47:57:15.02,-96.620918,302.184387,133.283432,-96.624390,309.060791,133.936172,-96.093483,304.389038,136.452347,,,
5786,48.216667,14:47:57:15.03,-96.622864,302.183929,133.283691,-96.623436,309.060699,133.935837,-96.094910,304.389008,136.452789,,,
5787,48.225000,14:47:57:16.00,-96.621483,302.184387,133.283157,-96.622322,309.061157,133.935120,-96.093544,304.388519,136.451660,,,
5788,48.233333,14:47:57:16.01,-96.621185,302.185211,133.283142,-96.621407,309.060516,133.935120,-96.093567,304.389252,136.452591,,,
5789,48.241667,14:47:57:16.02,-96.619125,302.184692,133.283951,-96.622185,309.060059,133.935211,-96.092125,304.388123,136.452560,,,
5790,48.250000,14:47:57:16.03,-96.619537,302.185425,133.284729,-96.621445,309.060028,133.934875,-96.093941,304.388977,136.453018,,,
5791,48.258333,14:47:57:17.00,-96.621460,302.184784,133.284195,-96.621376,309.059814,133.934525,-96.093300,304.389587,136.452255,,,
5792,48.266667,14:47:57:17.01,-96.622429,302.184387,133.283295,-96.620544,309.059937,133.935120,-96.092743,304.389008,136.452133,,,
5793,48.275000,14:47:57:17.02,-96.621239,302.184143,133.283859,-96.619781,309.058868,133.932907,-96.092102,304.388611,136.452606,,,
5794,48.283333,14:47:57:17.03,-96.621796,302.184967,133.284409,-96.621910,309.061371,133.935791,-96.092377,304.388702,136.452667,,,
5795,48.291667,14:47:57:18.00,-96.620331,302.184143,133.283691,-96.620758,309.061127,133.934418,-96.092400,304.389343,136.452682,,,
5796,48.300000,14:47:57:18.01,-96.620277,302.184235,133.283707,-96.622414,309.061279,133.936279,-96.092865,304.388367,136.452225,,,
5797,48.308333,14:47:57:18.02,-96.623985,302.185089,133.284622,-96.621628,309.060394,133.934540,-96.092232,304.387604,136.451553,,,
5798,48.316667,14:47:57:18.03,-96.622108,302.184174,133.282410,-96.620880,309.060455,133.934189,-96.092621,304.388062,136.451584,,,
5799,48.325000,14:47:57:19.00,-96.623505,302.184601,133.284882,-96.620949,309.059692,133.935379,-96.091400,304.388397,136.452408,,,
5800,48.333333,14:47:57:19.01,-96.621178,302.184998,133.283310,-96.621758,309.059387,133.934326,-96.093193,304.389008,136.452515,,,
5801,48.341667,14:47:57:19.02,-96.621010,302.185181,133.285400,-96.622429,309.059296,133.934555,-96.094337,304.390625,136.452621,,,
5802,48.350000,14:47:57:19.03,-96.621239,302.184692,133.284576,-96.623215,309.060638,133.934402,-96.092377,304.389496,136.452133,,,
5803,48.358333,14:47:57:20.00,-96.621086,302.183838,133.283524,-96.621483,309.060089,133.934326,-96.091934,304.389923,136.451477,,,
5804,48.366667,14:47:57:20.01,-96.619713,302.183594,133.283386,-96.620003,309.059814,133.933716,-96.092827,304.389008,136.452774,,,
5805,48.375000,14:47:57:20.02,-96.620590,302.184692,133.283844,-96.621529,309.059998,133.934769,-96.093803,304.389343,136.452850,,,
5806,48.383333,14:47:57:20.03,-96.621269,302.184692,133.284302,-96.620850,309.060303,133.934341,-96.091637,304.388336,136.451843,,,
5807,48.391667,14:47:57:21.00,-96.623245,302.184723,133.283737,-96.620735,309.060669,133.934601,-96.092690,304.389343,136.452454,,,
5808,48.400000,14:47:57:21.01,-96.622459,302.185577,133.284073,-96.621933,309.061493,133.935516,-96.094147,304.389008,136.452347,,,
5809,48.408333,14:47:57:21.02,-96.621582,302.185120,133.284134,-96.622093,309.060516,133.935623,-96.093658,304.388947,136.452225,,,
5810,48.416667,14:47:57:21.03,-96.620773,302.184631,133.282928,-96.620872,309.062622,133.935486,-96.092255,304.389435,136.451263,,,
5811,48.425000,14:47:57:22.00,-96.622246,302.185425,133.284073,-96.622093,309.061188,133.934204,-96.092438,304.388580,136.451645,,,
5812,48.433333,14:47:57:22.01,-96.621582,302.184296,133.284424,-96.621986,309.059753,133.935898,-96.093361,304.389648,136.452164,,,
5813,48.441667,14:47:57:22.02,-96.620552,302.185272,133.283371,-96.619919,309.060089,133.934280,-96.092293,304.389221,136.452667,,,
5814,48.450000,14:47:57:22.03,-96.622009,302.183807,133.283768,-96.621506,309.060638,133.935287,-96.094307,304.390015,136.452682,,,
5815,48.458333,14:47:57:23.00,-96.620300,302.183411,133.283417,-96.621529,309.060242,133.934265,-96.092453,304.389252,136.452042,,,
5816,48.466667,14:47:57:23.01,-96.622437,302.184509,133.283218,-96.622643,309.061035,133.934799,-96.092728,304.389099,136.452316,,,
5817,48.475000,14:47:57:23.02,-96.621223,302.184540,133.283737,-96.622696,309.061157,133.934906,-96.092361,304.390320,136.452057,,,
5818,48.483333,14:47:57:23.03,-96.621208,302.183472,133.283249,-96.621521,309.061157,133.935089,-96.092079,304.389801,136.452438,,,
5819,48.491667,14:47:57:24.00,-96.621292,302.183807,133.283264,-96.621895,309.060883,133.935043,-96.093750,304.389069,136.452591,,,
5820,48.500000,14:47:57:24.01,-96.622673,302.184784,133.283203,-96.622017,309.061035,133.935852,-96.093109,304.389679,136.452469,,,
5821,48.508333,14:47:57:24.02,-96.622673,302.184418,133.284134,-96.622368,309.060211,133.935135,-96.091530,304.389160,136.451904,,,
5822,48.516667,14:47:57:24.03,-96.623108,302.185120,133.285049,-96.621254,309.059570,133.935669,-96.092972,304.389038,136.452316,,,
5823,48.525000,14:47:57:25.00,-96.623497,302.185638,133.285385,-96.622055,309.060059,133.934280,-96.094048,304.390045,136.452515,,,
5824,48.533333,14:47:57:25.01,-96.623245,302.184692,133.284622,-96.620270,309.060150,133.934479,-96.092712,304.389923,136.451675,,,
5825,48.541667,14:47:57:25.02,-96.622238,302.184479,133.283707,-96.621193,309.061035,133.935089,-96.092926,304.389709,136.452408,,,
5826,48.550000,14:47:57:25.03,-96.621902,302.184448,133.283478,-96.622238,309.060791,133.935776,-96.092751,304.389374,136.452682,,,
5827,48.558333,14:47:57:26.00,-96.622810,302.183777,133.284988,-96.620857,309.059845,133.935532,-96.093605,304.389465,136.452728,,,
5828,48.566667,14:47:57:26.01,-96.624451,302.185333,133.284164,-96.621635,309.060608,133.935150,-96.093765,304.388306,136.453156,,,
5829,48.575000,14:47:57:26.02,-96.623436,302.184570,133.285309,-96.621666,309.060303,133.935791,-96.093201,304.388977,136.452408,,,
5830,48.583333,14:47:57:26.03,-96.624443,302.184174,133.283966,-96.621918,309.061066,133.936295,-96.092758,304.389008,136.452362,,,
5831,48.591667,14:47:57:27.00,-96.625809,302.183380,133.285309,-96.623978,309.060730,133.937149,-96.093559,304.389130,136.453186,,,
5832,48.600000,14:47:57:27.01,-96.623299,302.185486,133.285721,-96.620216,309.061157,133.935364,-96.092537,304.388794,136.451584,,,
5833,48.608333,14:47:57:27.02,-96.621254,302.185547,133.284439,-96.621704,309.061035,133.935562,-96.094337,304.389893,136.452942,,,
5834,48.616667,14:47:57:27.03,-96.622368,302.184906,133.284500,-96.620575,309.059540,133.934479,-96.092781,304.389435,136.453201,,,
5835,48.625000,14:47:57:28.00,-96.621475,302.184570,133.284683,-96.620911,309.060211,133.934875,-96.092865,304.388916,136.452042,,,
5836,48.633333,14:47:57:28.01,-96.620750,302.185425,133.284409,-96.621437,309.060181,133.935333,-96.094803,304.389130,136.452774,,,
5837,48.641667,14:47:57:28.02,-96.622604,302.185211,133.285004,-96.621521,309.060028,133.935806,-96.093437,304.388367,136.452789,,,
5838,48.650000,14:47:57:28.03,-96.622124,302.184875,133.284622,-96.621979,309.060730,133.936493,-96.093605,304.388733,136.452454,,,
5839,48.658333,14:47:57:29.00,-96.620979,302.184235,133.284134,-96.621284,309.059570,133.935318,-96.093292,304.388123,136.453400,,,
5840,48.666667,14:47:57:29.01,-96.620209,302.184906,133.284149,-96.622383,309.060120,133.937241,-96.094864,304.388153,136.453278,,,
5841,48.675000,14:47:57:29.02,-96.621063,302.184845,133.285324,-96.622932,309.060059,133.936661,-96.095070,304.389313,136.453995,,,
5842,48.683333,14:47:57:29.03,-96.621910,302.184326,133.285370,-96.623100,309.060394,133.936111,-96.095238,304.389740,136.453140,,,
5843,48.691667,14:47:58:00.00,-96.623001,302.185120,133.285568,-96.622818,309.059387,133.936493,-96.093628,304.387390,136.454361,,,
5844,48.700000,14:47:58:00.01,-96.621964,302.183807,133.285065,-96.623459,309.059753,133.937714,-96.093452,304.388489,136.453979,,,
5845,48.708333,14:47:58:00.02,-96.625786,302.185425,133.286041,-96.623543,309.061401,133.937302,-96.093918,304.388824,136.454956,,,
5846,48.716667,14:47:58:00.03,-96.624443,302.185455,133.286560,-96.623497,309.060364,133.938095,-96.093407,304.387756,136.452301,,,
5847,48.725000,14:47:58:01.00,-96.623650,302.183899,133.285095,-96.622803,309.060242,133.937164,-96.093742,304.388702,136.453186,,,
5848,48.733333,14:47:58:01.01,-96.626305,302.185120,133.285614,-96.623627,309.059723,133.937805,-96.094620,304.388947,136.453934,,,
5849,48.741667,14:47:58:01.02,-96.624893,302.184387,133.285965,-96.624062,309.059784,133.937561,-96.092934,304.387604,136.454224,,,
5850,48.750000,14:47:58:01.03,-96.624794,302.184052,133.286972,-96.623436,309.059814,133.938965,-96.094093,304.386902,136.454605,,,
5851,48.758333,14:47:58:02.00,-96.622810,302.184082,133.285507,-96.623024,309.059631,133.937866,-96.093605,304.387268,136.453659,,,
5852,48.766667,14:47:58:02.01,-96.622444,302.183624,133.285141,-96.622543,309.059540,133.936691,-96.094070,304.388092,136.454315,,,
5853,48.775000,14:47:58:02.02,-96.623306,302.183746,133.285446,-96.622101,309.058990,133.936676,-96.093307,304.387329,136.453400,,,
5854,48.783333,14:47:58:02.03,-96.620018,302.183441,133.285355,-96.624382,309.059143,133.938354,-96.093933,304.387390,136.454544,,,
5855,48.791667,14:47:58:03.00,-96.622185,302.184204,133.284821,-96.623734,309.058472,133.937729,-96.093834,304.386200,136.452774,,,
5856,48.800000,14:47:58:03.01,-96.621117,302.182739,133.284897,-96.623352,309.059052,133.936981,-96.094017,304.386749,136.453552,,,
5857,48.808333,14:47:58:03.02,-96.618706,302.182953,133.284760,-96.622368,309.059052,133.937744,-96.092789,304.385986,136.452225,,,
5858,48.816667,14:47:58:03.03,-96.621933,302.183044,133.285263,-96.622368,309.057404,133.936691,-96.092583,304.385773,136.453659,,,
5859,48.825000,14:47:58:04.00,-96.623932,302.182495,133.284424,-96.621170,309.058441,133.936798,-96.093910,304.385742,136.453278,,,
5860,48.833333,14:47:58:04.01,-96.621979,302.182129,133.284821,-96.621513,309.058868,133.936081,-96.094093,304.385498,136.454361,,,
5861,48.841667,14:47:58:04.02,-96.619324,302.183105,133.284134,-96.622620,309.058533,133.936722,-96.093277,304.386444,136.453369,,,
5862,48.850000,14:47:58:04.03,-96.620819,302.181824,133.285706,-96.621582,309.058350,133.935730,-96.093681,304.386627,136.453232,,,
5863,48.858333,14:47:58:05.00,-96.621262,302.182617,133.284073,-96.622078,309.059143,133.936386,-96.094193,304.385498,136.452637,,,
5864,48.866667,14:47:58:05.01,-96.623650,302.182831,133.285202,-96.622375,309.058228,133.936249,-96.094337,304.385223,136.453278,,,
5865,48.875000,14:47:58:05.02,-96.617851,302.183868,133.284515,-96.621590,309.058228,133.936462,-96.092850,304.385651,136.452515,,,
5866,48.883333,14:47:58:05.03,-96.619385,302.182556,133.284653,-96.622124,309.058380,133.935791,-96.094643,304.385651,136.454041,,,
5867,48.891667,14:47:58:06.00,-96.619995,302.183014,133.284485,-96.621910,309.057648,133.936005,-96.094566,304.386444,136.453491,,,
5868,48.900000,14:47:58:06.01,-96.622673,302.181305,133.284836,-96.622681,309.059418,133.936234,-96.093361,304.386688,136.453415,,,
5869,48.908333,14:47:58:06.02,-96.621948,302.183075,133.284698,-96.622070,309.058319,133.936996,-96.093491,304.385529,136.453552,,,
5870,48.916667,14:47:58:06.03,-96.619164,302.183167,133.284515,-96.621635,309.058441,133.936707,-96.093903,304.386047,136.453003,,,
5871,48.925000,14:47:58:07.00,-96.619629,302.182800,133.285126,-96.621384,309.058228,133.936005,-96.093201,304.386108,136.453644,,,
5872,48.933333,14:47:58:07.01,-96.618721,302.182312,133.283630,-96.621559,309.058807,133.936523,-96.094643,304.384491,136.453796,,,
5873,48.941667,14:47:58:07.02,-96.620537,302.182281,133.285477,-96.621490,309.058380,133.937515,-96.093628,304.385620,136.453110,,,
5874,48.950000,14:47:58:07.03,-96.621414,302.182800,133.284836,-96.622871,309.058929,133.936920,-96.093452,304.386993,136.453003,,,
5875,48.958333,14:47:58:08.00,-96.621033,302.182495,133.284271,-96.622299,309.058350,133.936386,-96.093079,304.385162,136.453583,,,
5876,48.966667,14:47:58:08.01,-96.622093,302.182220,133.282883,-96.622543,309.059021,133.936661,-96.093712,304.385834,136.452560,,,
5877,48.975000,14:47:58:08.02,-96.623352,302.181671,133.285599,-96.623245,309.059265,133.937180,-96.093712,304.385986,136.453674,,,
5878,48.983333,14:47:58:08.03,-96.620979,302.182037,133.283905,-96.623016,309.058685,133.937454,-96.093475,304.386078,136.454102,,,
5879,48.991667,14:47:58:09.00,-96.622292,302.183563,133.284836,-96.622429,309.057831,133.935791,-96.093353,304.384857,136.453125,,,
5880,49.000000,14:47:58:09.01,-96.621353,302.183350,133.283813,-96.622803,309.059296,133.936798,-96.095108,304.385437,136.454010,,,
5881,49.008333,14:47:58:09.02,-96.620361,302.181488,133.283310,-96.622482,309.058502,133.936386,-96.093819,304.386017,136.453735,,,
5882,49.016667,14:47:58:09.03,-96.619591,302.180847,133.284149,-96.623703,309.058105,133.936554,-96.094391,304.386444,136.453232,,,
5883,49.025000,14:47:58:10.00,-96.622353,302.182434,133.285172,-96.623489,309.057526,133.936340,-96.092583,304.385071,136.452209,,,
5884,49.033333,14:47:58:10.01,-96.622208,302.181793,133.285706,-96.621445,309.058594,133.936264,-96.093033,304.385712,136.452682,,,
5885,49.041667,14:47:58:10.02,-96.620148,302.183136,133.284012,-96.622993,309.059387,133.936783,-96.093445,304.384766,136.453125,,,
5886,49.050000,14:47:58:10.03,-96.621178,302.181488,133.284271,-96.622314,309.058624,133.935455,-96.094810,304.386078,136.453247,,,
5887,49.058333,14:47:58:11.00,-96.621033,302.180542,133.283752,-96.623817,309.058228,133.936279,-96.093544,304.385101,136.452988,,,
5888,49.066667,14:47:58:11.01,-96.619804,302.182037,133.284531,-96.623024,309.059845,133.935883,-96.093628,304.385254,136.453537,,,
5889,49.075000,14:47:58:11.02,-96.620903,302.181976,133.284409,-96.620979,309.058655,133.935730,-96.093323,304.384460,136.453232,,,
5890,49.083333,14:47:58:11.03,-96.621391,302.181488,133.284683,-96.622505,309.058533,133.937347,-96.093544,304.385834,136.454559,,,
5891,49.091667,14:47:58:12.00,-96.620102,302.182251,133.284653,-96.622749,309.057678,133.936813,-96.093079,304.384644,136.452835,,,
5892,49.100000,14:47:58:12.01,-96.620903,302.181671,133.285263,-96.622505,309.057800,133.935577,-96.093552,304.385010,136.453278,,,
5893,49.108333,14:47:58:12.02,-96.622009,302.181061,133.285278,-96.622490,309.058228,133.937378,-96.093399,304.385376,136.453537,,,
5894,49.116667,14:47:58:12.03,-96.621445,302.181335,133.284882,-96.622711,309.058319,133.937744,-96.093231,304.384125,136.453125,,,
5895,49.125000,14:47:58:13.00,-96.622223,302.181946,133.284927,-96.622292,309.058105,133.936386,-96.092720,304.385376,136.453171,,,
5896,49.133333,14:47:58:13.01,-96.621529,302.181946,133.284668,-96.623398,309.058563,133.936386,-96.093536,304.384308,136.452789,,,
5897,49.141667,14:47:58:13.02,-96.621284,302.182617,133.284271,-96.622475,309.058838,133.936935,-96.092552,304.384369,136.453140,,,
5898,49.150000,14:47:58:13.03,-96.620056,302.181915,133.283920,-96.621696,309.058350,133.936401,-96.093536,304.384460,136.453766,,,
5899,49.158333,14:47:58:14.00,-96.620720,302.182251,133.284714,-96.622177,309.058167,133.935959,-96.094467,304.386383,136.453415,,,
5900,49.166667,14:47:58:14.01,-96.620682,302.182251,133.284439,-96.622734,309.058899,133.936111,-96.094170,304.385254,136.454025,,,
5901,49.175000,14:47:58:14.02,-96.621246,302.181854,133.284149,-96.623459,309.058502,133.937057,-96.093628,304.385681,136.452621,,,
5902,49.183333,14:47:58:14.03,-96.619698,302.181335,133.283173,-96.622124,309.059082,133.936447,-96.093407,304.386139,136.452942,,,
5903,49.191667,14:47:58:15.00,-96.622078,302.183502,133.284027,-96.623055,309.058441,133.935577,-96.094727,304.385345,136.453171,,,
5904,49.200000,14:47:58:15.01,-96.619156,302.182831,133.282837,-96.622047,309.058380,133.935837,-96.093353,304.386017,136.452850,,,
5905,49.208333,14:47:58:15.02,-96.619453,302.182465,133.282654,-96.621246,309.058044,133.935226,-96.093651,304.386108,136.452576,,,
5906,49.216667,14:47:58:15.03,-96.619385,302.183594,133.283279,-96.622139,309.058228,133.934647,-96.093704,304.386597,136.453384,,,
5907,49.225000,14:47:58:16.00,-96.622162,302.183014,133.284805,-96.622459,309.059235,133.935822,-96.093330,304.385742,136.452469,,,
5908,49.233333,14:47:58:16.01,-96.622017,302.181824,133.284744,-96.620766,309.058075,133.935257,-96.092667,304.385254,136.453003,,,
5909,49.241667,14:47:58:16.02,-96.620247,302.183258,133.283585,-96.621689,309.059509,133.935028,-96.093338,304.385956,136.451874,,,
5910,49.250000,14:47:58:16.03,-96.618347,302.182617,133.282974,-96.623352,309.058655,133.935608,-96.093636,304.387054,136.452332,,,
5911,49.258333,14:47:58:17.00,-96.620590,302.183502,133.283646,-96.621864,309.058563,133.936035,-96.092796,304.386749,136.452408,,,
5912,49.266667,14:47:58:17.01,-96.619675,302.182526,133.283646,-96.621498,309.058960,133.935913,-96.094116,304.387054,136.453323,,,
5913,49.275000,14:47:58:17.02,-96.620544,302.182526,133.283997,-96.621529,309.059570,133.936325,-96.093552,304.386963,136.452728,,,
5914,49.283333,14:47:58:17.03,-96.620247,302.182343,133.283737,-96.620956,309.057983,133.935242,-96.093460,304.386841,136.452286,,,
5915,49.291667,14:47:58:18.00,-96.617577,302.184143,133.283371,-96.622612,309.059021,133.936172,-96.094078,304.386902,136.452637,,,
5916,49.300000,14:47:58:18.01,-96.619453,302.183350,133.282959,-96.620956,309.058136,133.934753,-96.093315,304.387207,136.452789,,,
5917,49.308333,14:47:58:18.02,-96.619049,302.182007,133.283585,-96.622047,309.057465,133.935684,-96.092331,304.387115,136.452423,,,
5918,49.316667,14:47:58:18.03,-96.620956,302.182739,133.284912,-96.623260,309.057892,133.935303,-96.093605,304.386749,136.453247,,,
5919,49.325000,14:47:58:19.00,-96.619774,302.183014,133.284393,-96.622398,309.058533,133.935867,-96.093300,304.386292,136.451630,,,
5920,49.333333,14:47:58:19.01,-96.619934,302.182892,133.284592,-96.621849,309.059204,133.935532,-96.093628,304.386261,136.453766,,,
5921,49.341667,14:47:58:19.02,-96.617737,302.182922,133.283340,-96.622475,309.059082,133.935226,-96.093269,304.386200,136.453415,,,
5922,49.350000,14:47:58:19.03,-96.619186,302.182159,133.282043,-96.622993,309.058838,133.935791,-96.093407,304.387054,136.453186,,,
5923,49.358333,14:47:58:20.00,-96.617584,302.182617,133.283249,-96.622757,309.058441,133.934998,-96.092789,304.387054,136.453064,,,
5924,49.366667,14:47:58:20.01,-96.619240,302.183197,133.283188,-96.622223,309.058472,133.936066,-96.093361,304.387299,136.453339,,,
5925,49.375000,14:47:58:20.02,-96.619942,302.182404,133.283478,-96.620323,309.057983,133.934082,-96.091499,304.387268,136.451614,,,
5926,49.383333,14:47:58:20.03,-96.618835,302.182251,133.284225,-96.621773,309.059418,133.935303,-96.091934,304.387115,136.452820,,,
5927,49.391667,14:47:58:21.00,-96.620331,302.183868,133.285065,-96.620857,309.058624,133.935196,-96.092941,304.387817,136.453079,,,
5928,49.400000,14:47:58:21.01,-96.619537,302.183472,133.282623,-96.622864,309.058929,133.935394,-96.092682,304.387512,136.452820,,,
5929,49.408333,14:47:58:21.02,-96.621941,302.183075,133.284607,-96.621902,309.058990,133.934860,-96.092049,304.387482,136.451813,,,
5930,49.416667,14:47:58:21.03,-96.620331,302.183014,133.283798,-96.624077,309.059235,133.936661,-96.092186,304.387115,136.451553,,,
5931,49.425000,14:47:58:22.00,-96.621033,302.182770,133.283829,-96.620918,309.059326,133.934753,-96.093544,304.387604,136.452713,,,
5932,49.433333,14:47:58:22.01,-96.623924,302.183441,133.284866,-96.623047,309.059265,133.935913,-96.093163,304.388000,136.452744,,,
5933,49.441667,14:47:58:22.02,-96.621674,302.182129,133.283890,-96.622673,309.058990,133.935989,-96.094093,304.386932,136.452515,,,
5934,49.450000,14:47:58:22.03,-96.622917,302.182678,133.284500,-96.622925,309.058777,133.935928,-96.092758,304.385986,136.452896,,,
5935,49.458333,14:47:58:23.00,-96.621964,302.183411,133.283646,-96.623138,309.058411,133.935150,-96.093719,304.387054,136.452805,,,
5936,49.466667,14:47:58:23.01,-96.622337,302.181976,133.283417,-96.623116,309.059052,133.935242,-96.093925,304.387909,136.452515,,,
5937,49.475000,14:47:58:23.02,-96.623215,302.183289,133.284241,-96.623207,309.059875,133.935623,-96.093567,304.388214,136.452576,,,
5938,49.483333,14:47:58:23.03,-96.622467,302.181793,133.283127,-96.621475,309.059143,133.935654,-96.092949,304.387390,136.452316,,,
5939,49.491667,14:47:58:24.00,-96.622910,302.182709,133.284424,-96.623589,309.059601,133.935303,-96.092735,304.386993,136.451431,,,
5940,49.500000,14:47:58:24.01,-96.623215,302.183044,133.283951,-96.623108,309.059814,133.935883,-96.093300,304.388702,136.452286,,,
5941,49.508333,14:47:58:24.02,-96.620926,302.184235,133.283646,-96.621994,309.060181,133.936493,-96.094742,304.388092,136.452835,,,
5942,49.516667,14:47:58:24.03,-96.620575,302.183777,133.284546,-96.620682,309.059357,133.934525,-96.094002,304.387512,136.453033,,,
5943,49.525000,14:47:58:25.00,-96.619835,302.183258,133.282822,-96.621529,309.058868,133.934723,-96.092644,304.388000,136.453003,,,
5944,49.533333,14:47:58:25.01,-96.619209,302.183075,133.283752,-96.623787,309.060486,133.935608,-96.094475,304.387512,136.452744,,,
5945,49.541667,14:47:58:25.02,-96.620491,302.184143,133.284058,-96.621864,309.060394,133.936386,-96.094131,304.388062,136.451797,,,
5946,49.550000,14:47:58:25.03,-96.623459,302.184448,133.284180,-96.621475,309.059296,133.935471,-96.093201,304.388153,136.452652,,,
5947,49.558333,14:47:58:26.00,-96.623642,302.183411,133.283493,-96.622314,309.059509,133.936172,-96.093147,304.387451,136.453659,,,
5948,49.566667,14:47:58:26.01,-96.621834,302.183411,133.284134,-96.622559,309.059509,133.935791,-96.094604,304.387054,136.453400,,,
5949,49.575000,14:47:58:26.02,-96.619423,302.182831,133.283035,-96.622055,309.058716,133.935471,-96.094475,304.387604,136.453964,,,
5950,49.583333,14:47:58:26.03,-96.621109,302.183105,133.283310,-96.622627,309.059265,133.935364,-96.093689,304.386719,136.453064,,,
5951,49.591667,14:47:58:27.00,-96.622696,302.182617,133.285004,-96.621681,309.059631,133.934845,-96.093216,304.388275,136.452469,,,
5952,49.600000,14:47:58:27.01,-96.623093,302.182770,133.284531,-96.623299,309.060089,133.936661,-96.094383,304.388092,136.451752,,,
5953,49.608333,14:47:58:27.02,-96.622833,302.183289,133.283875,-96.623070,309.060516,133.935745,-96.094307,304.387573,136.452698,,,
5954,49.616667,14:47:58:27.03,-96.621399,302.184174,133.284149,-96.623047,309.059021,133.936386,-96.092682,304.387543,136.452682,,,
5955,49.625000,14:47:58:28.00,-96.621284,302.183380,133.283981,-96.622490,309.058868,133.936661,-96.093155,304.388489,136.452789,,,
5956,49.633333,14:47:58:28.01,-96.621635,302.184052,133.285095,-96.622246,309.058990,133.936172,-96.094284,304.388153,136.452560,,,
5957,49.641667,14:47:58:28.02,-96.621796,302.183502,133.284714,-96.622238,309.060730,133.936081,-96.093201,304.388489,136.451828,,,
5958,49.650000,14:47:58:28.03,-96.623291,302.184662,133.285828,-96.623093,309.059875,133.935989,-96.095985,304.388000,136.453094,,,
5959,49.658333,14:47:58:29.00,-96.619484,302.183777,133.282990,-96.622322,309.060608,133.935883,-96.093590,304.387482,136.453781,,,
5960,49.666667,14:47:58:29.01,-96.621117,302.183380,133.283112,-96.621338,309.058655,133.935776,-96.094231,304.388611,136.452881,,,
5961,49.675000,14:47:58:29.02,-96.622704,302.183411,133.284683,-96.624168,309.060760,133.936310,-96.093132,304.388672,136.452621,,,
5962,49.683333,14:47:58:29.03,-96.624313,302.182861,133.283417,-96.623520,309.060394,133.937103,-96.094170,304.387390,136.452271,,,
5963,49.691667,14:47:59:00.00,-96.621368,302.183167,133.283493,-96.623497,309.059998,133.937057,-96.094032,304.387634,136.453629,,,
5964,49.700000,14:47:59:00.01,-96.621765,302.183685,133.285248,-96.623596,309.059296,133.935425,-96.094170,304.388885,136.452896,,,
5965,49.708333,14:47:59:00.02,-96.622803,302.183899,133.283585,-96.623055,309.059692,133.935486,-96.094551,304.387054,136.453262,,,
5966,49.716667,14:47:59:00.03,-96.622864,302.184418,133.284531,-96.623024,309.059509,133.935410,-96.094910,304.388153,136.452301,,,
5967,49.725000,14:47:59:01.00,-96.620064,302.183044,133.283768,-96.622719,309.058868,133.935928,-96.093582,304.388336,136.453278,,,
5968,49.733333,14:47:59:01.01,-96.623245,302.183960,133.284637,-96.622238,309.060394,133.935242,-96.094879,304.387817,136.453354,,,
5969,49.741667,14:47:59:01.02,-96.621948,302.183197,133.284149,-96.622665,309.059540,133.935837,-96.093979,304.387512,136.452652,,,
5970,49.750000,14:47:59:01.03,-96.624107,302.183289,133.285446,-96.623505,309.059845,133.935852,-96.094147,304.387604,136.453430,,,
5971,49.758333,14:47:59:02.00,-96.622177,302.184143,133.284729,-96.623573,309.059753,133.936569,-96.095711,304.387054,136.452499,,,
5972,49.766667,14:47:59:02.01,-96.621590,302.183899,133.283768,-96.621246,309.060364,133.935516,-96.094337,304.387756,136.452896,,,
5973,49.775000,14:47:59:02.02,-96.624702,302.183960,133.285004,-96.622345,309.059784,133.935959,-96.093590,304.386841,136.451965,,,
5974,49.783333,14:47:59:02.03,-96.623077,302.183716,133.284729,-96.622940,309.058929,133.935120,-96.093361,304.387726,136.452621,,,
5975,49.791667,14:47:59:03.00,-96.622917,302.183472,133.284302,-96.623978,309.059296,133.936554,-96.093658,304.387665,136.453003,,,
5976,49.800000,14:47:59:03.01,-96.623184,302.182678,133.284332,-96.623055,309.058868,133.934830,-96.093452,304.387848,136.452744,,,
5977,49.808333,14:47:59:03.02,-96.623344,302.184021,133.284286,-96.622284,309.059540,133.935562,-96.092491,304.386322,136.452759,,,
5978,49.816667,14:47:59:03.03,-96.623161,302.183685,133.284286,-96.621689,309.059662,133.935867,-96.095032,304.388031,136.453705,,,
5979,49.825000,14:47:59:04.00,-96.620659,302.183624,133.283218,-96.622864,309.058655,133.934784,-96.093903,304.387817,136.453278,,,
5980,49.833333,14:47:59:04.01,-96.620422,302.184021,133.283859,-96.622963,309.060028,133.935242,-96.094513,304.387054,136.452789,,,
5981,49.841667,14:47:59:04.02,-96.621758,302.184143,133.284317,-96.622940,309.060272,133.935776,-96.093689,304.388153,136.453186,,,
5982,49.850000,14:47:59:04.03,-96.623634,302.183838,133.284668,-96.622093,309.058868,133.936050,-96.092896,304.387451,136.452042,,,
5983,49.858333,14:47:59:05.00,-96.621994,302.183350,133.284576,-96.622871,309.060577,133.935928,-96.095497,304.387817,136.452576,,,
5984,49.866667,14:47:59:05.01,-96.621437,302.183594,133.283752,-96.622810,309.060547,133.936172,-96.094307,304.386902,136.453003,,,
5985,49.875000,14:47:59:05.02,-96.623268,302.183319,133.284912,-96.622215,309.060059,133.936859,-96.094383,304.387451,136.453552,,,
5986,49.883333,14:47:59:05.03,-96.619377,302.182678,133.283386,-96.622253,309.059082,133.934219,-96.094147,304.387421,136.452408,,,
5987,49.891667,14:47:59:06.00,-96.619728,302.184357,133.285446,-96.623703,309.060822,133.935867,-96.093819,304.387543,136.453430,,,
5988,49.900000,14:47:59:06.01,-96.621613,302.183960,133.283447,-96.622673,309.059296,133.935852,-96.094528,304.386963,136.453476,,,
5989,49.908333,14:47:59:06.02,-96.623924,302.184235,133.285355,-96.623108,309.059540,133.935806,-96.092758,304.387848,136.454498,,,
5990,49.916667,14:47:59:06.03,-96.622482,302.182739,133.284943,-96.623085,309.059174,133.936798,-96.093178,304.387512,136.453033,,,
5991,49.925000,14:47:59:07.00,-96.621689,302.182495,133.284973,-96.624336,309.060303,133.937057,-96.093307,304.386993,136.453110,,,
5992,49.933333,14:47:59:07.01,-96.624031,302.183929,133.286514,-96.624382,309.059845,133.936554,-96.094772,304.387238,136.452209,,,
5993,49.941667,14:47:59:07.02,-96.621040,302.183472,133.284302,-96.622704,309.059509,133.935989,-96.093819,304.387573,136.453339,,,
5994,49.950000,14:47:59:07.03,-96.619400,302.183807,133.284012,-96.623344,309.059967,133.937378,-96.093994,304.387482,136.453247,,,
5995,49.958333,14:47:59:08.00,-96.620743,302.183563,133.285019,-96.621063,309.059631,133.936066,-96.093742,304.387329,136.454407,,,
5996,49.966667,14:47:59:08.01,-96.621582,302.183075,133.284302,-96.623245,309.061127,133.936874,-96.093674,304.387360,136.453308,,,
5997,49.975000,14:47:59:08.02,-96.623863,302.183594,133.286163,-96.622673,309.060516,133.937531,-96.093918,304.387817,136.453720,,,
5998,49.983333,14:47:59:08.03,-96.625175,302.184052,133.285614,-96.621925,309.058807,133.935959,-96.094337,304.387177,136.453186,,,
5999,49.991667,14:47:59:09.00,-96.623322,302.184082,133.285492,-96.623230,309.060272,133.936676,-96.093681,304.386993,136.452667,,,
6000,50.000000,14:47:59:09.01,-96.620514,302.182770,133.284210,-96.624374,309.060303,133.937759,-96.092285,304.388428,136.452286,,,
6001,50.008333,14:47:59:09.02,-96.622581,302.183258,133.283569,-96.621933,309.058899,133.934998,-96.094154,304.388245,136.452362,,,
6002,50.016667,14:47:59:09.03,-96.623169,302.182373,133.285110,-96.621910,309.059357,133.936401,-96.094604,304.386749,136.452850,,,
6003,50.025000,14:47:59:10.00,-96.620758,302.182983,133.284729,-96.622360,309.059784,133.936447,-96.094795,304.387726,136.452560,,,
6004,50.033333,14:47:59:10.01,-96.622627,302.183258,133.284210,-96.621498,309.059387,133.936172,-96.094223,304.387360,136.452469,,,
6005,50.041667,14:47:59:10.02,-96.622169,302.183258,133.285233,-96.621635,309.060608,133.936172,-96.093140,304.386139,136.453186,,,
6006,50.050000,14:47:59:10.03,-96.621353,302.183105,133.284409,-96.621750,309.058441,133.935974,-96.092567,304.387268,136.453079,,,
6007,50.058333,14:47:59:11.00,-96.622604,302.183624,133.285172,-96.623367,309.059296,133.935959,-96.093079,304.386536,136.452164,,,
6008,50.066667,14:47:59:11.01,-96.621429,302.183350,133.283020,-96.621819,309.060516,133.935623,-96.093384,304.387878,136.452301,,,
6009,50.075000,14:47:59:11.02,-96.621719,302.183105,133.284180,-96.622154,309.060455,133.936844,-96.093521,304.387177,136.453094,,,
6010,50.083333,14:47:59:11.03,-96.619926,302.181976,133.282883,-96.621681,309.060181,133.935593,-96.092575,304.387756,136.452866,,,
6011,50.091667,14:47:59:12.00,-96.621841,302.182831,133.282135,-96.622780,309.060394,133.936340,-96.092033,304.387115,136.451874,,,
6012,50.100000,14:47:59:12.01,-96.621674,302.183655,133.284698,-96.621429,309.059387,133.935959,-96.092957,304.386963,136.451736,,,
6013,50.108333,14:47:59:12.02,-96.620445,302.183990,133.284317,-96.621803,309.059204,133.935028,-96.093475,304.388062,136.451965,,,
6014,50.116667,14:47:59:12.03,-96.621536,302.182770,133.284058,-96.622200,309.059509,133.935867,-96.093513,304.386780,136.452774,,,
6015,50.125000,14:47:59:13.00,-96.620079,302.183960,133.283981,-96.620872,309.058838,133.935547,-96.092964,304.386658,136.452988,,,
6016,50.133333,14:47:59:13.01,-96.618965,302.184082,133.283646,-96.622711,309.059937,133.935135,-96.093033,304.388214,136.452942,,,
6017,50.141667,14:47:59:13.02,-96.621864,302.183350,133.282852,-96.621490,309.058777,133.934387,-96.092239,304.386749,136.450851,,,
6018,50.150000,14:47:59:13.03,-96.622131,302.183563,133.284302,-96.620605,309.058807,133.935104,-96.092140,304.386963,136.451340,,,
6019,50.158333,14:47:59:14.00,-96.620316,302.182617,133.283371,-96.622559,309.059448,133.936630,-96.092293,304.387512,136.452347,,,
6020,50.166667,14:47:59:14.01,-96.618500,302.182587,133.284561,-96.621040,309.058716,133.935669,-96.092453,304.387512,136.453125,,,
6021,50.175000,14:47:59:14.02,-96.619377,302.184235,133.283356,-96.621048,309.059204,133.935638,-96.093140,304.387451,136.452728,,,
6022,50.183333,14:47:59:14.03,-96.620979,302.182800,133.284485,-96.620529,309.059570,133.935211,-96.091621,304.387360,136.452927,,,
6023,50.191667,14:47:59:15.00,-96.619804,302.183533,133.285156,-96.620247,309.059845,133.935577,-96.093079,304.387512,136.452682,,,
6024,50.200000,14:47:59:15.01,-96.617767,302.183868,133.283127,-96.622673,309.059082,133.936737,-96.092918,304.386505,136.452255,,,
6025,50.208333,14:47:59:15.02,-96.620041,302.183350,133.284470,-96.622963,309.059692,133.934998,-96.092285,304.386536,136.452866,,,
6026,50.216667,14:47:59:15.03,-96.622101,302.182648,133.282364,-96.620728,309.058136,133.935013,-96.091766,304.387024,136.452118,,,
6027,50.225000,14:47:59:16.00,-96.619553,302.182495,133.284363,-96.621071,309.058350,133.936096,-96.091194,304.386719,136.452652,,,
6028,50.233333,14:47:59:16.01,-96.620064,302.182922,133.283539,-96.621498,309.059082,133.935318,-96.092606,304.387848,136.452621,,,
6029,50.241667,14:47:59:16.02,-96.619850,302.182068,133.283752,-96.620705,309.058960,133.935425,-96.093376,304.388000,136.453201,,,
6030,50.250000,14:47:59:16.03,-96.620346,302.182892,133.283493,-96.621880,309.059296,133.935577,-96.091713,304.386932,136.452393,,,
6031,50.258333,14:47:59:17.00,-96.621529,302.182526,133.282959,-96.620949,309.057465,133.934341,-96.092522,304.386536,136.451797,,,
6032,50.266667,14:47:59:17.01,-96.622780,302.182709,133.284042,-96.621254,309.058777,133.935196,-96.092476,304.387451,136.451553,,,
6033,50.275000,14:47:59:17.02,-96.621307,302.184235,133.284515,-96.621254,309.058472,133.935196,-96.092415,304.386597,136.452286,,,
6034,50.283333,14:47:59:17.03,-96.619179,302.182831,133.283691,-96.620781,309.058655,133.935516,-96.092361,304.385986,136.453018,,,
6035,50.291667,14:47:59:18.00,-96.620407,302.183258,133.284134,-96.621078,309.059357,133.934677,-96.093925,304.387421,136.452759,,,
6036,50.300000,14:47:59:18.01,-96.619598,302.184082,133.283569,-96.622200,309.060028,133.936493,-96.092018,304.386292,136.452042,,,
6037,50.308333,14:47:59:18.02,-96.618698,302.183014,133.283203,-96.621391,309.059723,133.935471,-96.093597,304.387268,136.452026,,,
6038,50.316667,14:47:59:18.03,-96.621719,302.183624,133.283157,-96.622223,309.058868,133.935440,-96.093628,304.386902,136.451660,,,
6039,50.325000,14:47:59:19.00,-96.620094,302.184540,133.283310,-96.621796,309.059418,133.935699,-96.092018,304.387268,136.451752,,,
6040,50.333333,14:47:59:19.01,-96.621643,302.183258,133.283508,-96.622292,309.060059,133.936066,-96.092606,304.388031,136.452774,,,
6041,50.341667,14:47:59:19.02,-96.621101,302.182709,133.284134,-96.622025,309.059631,133.935608,-96.091408,304.386505,136.451569,,,
6042,50.350000,14:47:59:19.03,-96.619919,302.184143,133.282944,-96.622322,309.059479,133.935089,-96.095123,304.388123,136.453140,,,
6043,50.358333,14:47:59:20.00,-96.620003,302.183472,133.283234,-96.622498,309.059753,133.935974,-96.092415,304.387695,136.450943,,,
6044,50.366667,14:47:59:20.01,-96.621323,302.183624,133.283295,-96.621658,309.059967,133.934784,-96.093147,304.388153,136.452667,,,
6045,50.375000,14:47:59:20.02,-96.620346,302.183746,133.282883,-96.622551,309.060089,133.934464,-96.094337,304.388214,136.453476,,,
6046,50.383333,14:47:59:20.03,-96.620110,302.183014,133.283173,-96.622452,309.059540,133.935013,-96.091988,304.387634,136.452591,,,
6047,50.391667,14:47:59:21.00,-96.620331,302.184875,133.284027,-96.621552,309.059082,133.935364,-96.092834,304.389099,136.452667,,,
6048,50.400000,14:47:59:21.01,-96.621475,302.184143,133.283203,-96.622147,309.060028,133.935150,-96.093758,304.388641,136.451309,,,
6049,50.408333,14:47:59:21.02,-96.621552,302.184875,133.283844,-96.622070,309.060455,133.935410,-96.093628,304.389191,136.452835,,,
6050,50.416667,14:47:59:21.03,-96.622902,302.184601,133.283310,-96.621063,309.059998,133.935120,-96.093071,304.388153,136.452667,,,
6051,50.425000,14:47:59:22.00,-96.621147,302.183167,133.284119,-96.621613,309.059387,133.935104,-96.094551,304.388275,136.452789,,,
6052,50.433333,14:47:59:22.01,-96.621063,302.184998,133.283920,-96.621597,309.059875,133.935089,-96.093353,304.388153,136.452332,,,
6053,50.441667,14:47:59:22.02,-96.620033,302.184601,133.284622,-96.622589,309.060394,133.936661,-96.092331,304.387268,136.452133,,,
6054,50.450000,14:47:59:22.03,-96.620979,302.183044,133.283539,-96.620132,309.059418,133.934433,-96.094170,304.388702,136.452255,,,
6055,50.458333,14:47:59:23.00,-96.623024,302.184235,133.282990,-96.621895,309.059845,133.936218,-96.094475,304.389709,136.451462,,,
6056,50.466667,14:47:59:23.01,-96.620766,302.184204,133.283646,-96.621750,309.061096,133.934708,-96.093414,304.389099,136.452377,,,
6057,50.475000,14:47:59:23.02,-96.622833,302.183411,133.283646,-96.620979,309.060028,133.934418,-96.093323,304.389679,136.452286,,,
6058,50.483333,14:47:59:23.03,-96.623665,302.184998,133.283356,-96.622002,309.060364,133.934601,-96.094330,304.388977,136.453247,,,
6059,50.491667,14:47:59:24.00,-96.622917,302.184204,133.284073,-96.624092,309.061249,133.935226,-96.092728,304.389130,136.452011,,,
6060,50.500000,14:47:59:24.01,-96.619400,302.184692,133.284576,-96.622910,309.060608,133.935379,-96.093933,304.390289,136.453110,,,
6061,50.508333,14:47:59:24.02,-96.620522,302.184113,133.283752,-96.621750,309.060760,133.935287,-96.092918,304.388794,136.451447,,,
6062,50.516667,14:47:59:24.03,-96.622780,302.185455,133.284393,-96.621788,309.059692,133.935242,-96.094421,304.389679,136.451309,,,
6063,50.525000,14:47:59:25.00,-96.621643,302.184357,133.283096,-96.621460,309.059601,133.934692,-96.093178,304.389679,136.451614,,,
6064,50.533333,14:47:59:25.01,-96.621468,302.184540,133.284027,-96.622238,309.060791,133.935318,-96.094551,304.388367,136.452072,,,
6065,50.541667,14:47:59:25.02,-96.622414,302.183502,133.282959,-96.621834,309.060730,133.934631,-96.094475,304.390137,136.453217,,,
6066,50.550000,14:47:59:25.03,-96.622169,302.184662,133.283798,-96.623428,309.061768,133.936005,-96.093025,304.388733,136.452148,,,
6067,50.558333,14:47:59:26.00,-96.622047,302.183807,133.283539,-96.621201,309.061554,133.935577,-96.093559,304.389374,136.451767,,,
6068,50.566667,14:47:59:26.01,-96.621574,302.184906,133.284424,-96.621521,309.060364,133.934677,-96.094696,304.390106,136.452667,,,
6069,50.575000,14:47:59:26.02,-96.623009,302.184509,133.283569,-96.623131,309.059814,133.935013,-96.092529,304.389313,136.451263,,,
6070,50.583333,14:47:59:26.03,-96.622719,302.184265,133.283676,-96.622467,309.060791,133.935135,-96.092430,304.389160,136.453323,,,
6071,50.591667,14:47:59:27.00,-96.622337,302.185577,133.284470,-96.621605,309.060577,133.934891,-96.093254,304.388824,136.452164,,,
6072,50.600000,14:47:59:27.01,-96.622536,302.185638,133.284363,-96.621964,309.060730,133.935776,-96.093628,304.389160,136.451538,,,
6073,50.608333,14:47:59:27.02,-96.620193,302.185547,133.282242,-96.621574,309.060638,133.935745,-96.092834,304.389038,136.452271,,,
6074,50.616667,14:47:59:27.03,-96.621696,302.184998,133.283386,-96.622543,309.060608,133.935486,-96.092522,304.389374,136.452499,,,
6075,50.625000,14:47:59:28.00,-96.622299,302.184631,133.284058,-96.623177,309.061890,133.935577,-96.093910,304.389374,136.451279,,,
6076,50.633333,14:47:59:28.01,-96.623787,302.184723,133.284042,-96.622169,309.061096,133.935730,-96.094284,304.389282,136.452789,,,
6077,50.641667,14:47:59:28.02,-96.622627,302.184723,133.283783,-96.622765,309.059723,133.935471,-96.094078,304.388763,136.452911,,,
6078,50.650000,14:47:59:28.03,-96.620003,302.184570,133.283203,-96.622108,309.060272,133.935028,-96.094101,304.387695,136.452805,,,
6079,50.658333,14:47:59:29.00,-96.620079,302.184570,133.283234,-96.623260,309.059753,133.934906,-96.093216,304.388550,136.451447,,,
6080,50.666667,14:47:59:29.01,-96.621948,302.184021,133.283768,-96.624062,309.061218,133.935379,-96.094284,304.388916,136.452179,,,
6081,50.675000,14:47:59:29.02,-96.622726,302.183807,133.282608,-96.622505,309.060211,133.934998,-96.094063,304.388367,136.451797,,,
6082,50.683333,14:47:59:29.03,-96.620872,302.184692,133.283630,-96.621254,309.060944,133.934265,-96.094063,304.388153,136.452621,,,
6083,50.691667,14:48:00:00.00,-96.621117,302.185120,133.283966,-96.622986,309.060699,133.935654,-96.093430,304.388519,136.451965,,,
6084,50.700000,14:48:00:00.01,-96.621391,302.184662,133.283264,-96.621170,309.059509,133.934860,-96.093910,304.387512,136.451385,,,
6085,50.708333,14:48:00:00.02,-96.622002,302.184052,133.283264,-96.622292,309.060730,133.935654,-96.095421,304.389313,136.453278,,,
6086,50.716667,14:48:00:00.03,-96.624687,302.183899,133.284058,-96.622787,309.061493,133.935684,-96.092758,304.388367,136.452896,,,
6087,50.725000,14:48:00:01.00,-96.620850,302.185089,133.283676,-96.622269,309.060638,133.935242,-96.092255,304.389038,136.452011,,,
6088,50.733333,14:48:00:01.01,-96.618813,302.184509,133.282623,-96.623970,309.060608,133.936127,-96.094528,304.389160,136.453110,,,
6089,50.741667,14:48:00:01.02,-96.619316,302.184296,133.283203,-96.621422,309.059753,133.934494,-96.094200,304.388000,136.452072,,,
6090,50.750000,14:48:00:01.03,-96.622139,302.183807,133.283966,-96.620544,309.058502,133.934830,-96.094704,304.388489,136.452911,,,
6091,50.758333,14:48:00:02.00,-96.621582,302.184509,133.283615,-96.622658,309.060455,133.935425,-96.093636,304.388214,136.453079,,,
6092,50.766667,14:48:00:02.01,-96.621323,302.184113,133.283173,-96.622223,309.059967,133.934967,-96.093277,304.388580,136.451828,,,
6093,50.775000,14:48:00:02.02,-96.618629,302.183899,133.282715,-96.622696,309.060272,133.935333,-96.094246,304.387970,136.452377,,,
6094,50.783333,14:48:00:02.03,-96.621101,302.184235,133.283585,-96.621742,309.059753,133.934601,-96.092438,304.388275,136.451019,,,
6095,50.791667,14:48:00:03.00,-96.621910,302.185333,133.284027,-96.621490,309.060242,133.934433,-96.093338,304.389038,136.451782,,,
6096,50.800000,14:48:00:03.01,-96.620712,302.184631,133.282715,-96.622398,309.059998,133.935242,-96.092827,304.388214,136.452637,,,
6097,50.808333,14:48:00:03.02,-96.620247,302.184082,133.283524,-96.623260,309.059998,133.935623,-96.092194,304.388916,136.451645,,,
6098,50.816667,14:48:00:03.03,-96.621246,302.184784,133.283966,-96.622940,309.060303,133.935791,-96.093704,304.387268,136.451202,,,
6099,50.825000,14:48:00:04.00,-96.621017,302.184357,133.283875,-96.621872,309.060303,133.934906,-96.095612,304.388550,136.451416,,,
6100,50.833333,14:48:00:04.01,-96.620750,302.184021,133.283203,-96.623489,309.060059,133.935654,-96.093758,304.388977,136.452789,,,
6101,50.841667,14:48:00:04.02,-96.621712,302.183655,133.283051,-96.622017,309.059265,133.935364,-96.092865,304.386902,136.453247,,,
6102,50.850000,14:48:00:04.03,-96.619164,302.183807,133.283066,-96.621857,309.059631,133.935593,-96.094734,304.388519,136.452698,,,
6103,50.858333,14:48:00:05.00,-96.620667,302.183777,133.283096,-96.621727,309.059021,133.934555,-96.092583,304.386841,136.451172,,,
6104,50.866667,14:48:00:05.01,-96.620506,302.184692,133.284317,-96.621552,309.060181,133.935699,-96.094444,304.387878,136.452286,,,
6105,50.875000,14:48:00:05.02,-96.620354,302.184570,133.284271,-96.622551,309.060699,133.936508,-96.093315,304.387787,136.452759,,,
6106,50.883333,14:48:00:05.03,-96.620766,302.183655,133.283432,-96.621208,309.059143,133.934845,-96.094254,304.388580,136.453552,,,
6107,50.891667,14:48:00:06.00,-96.622833,302.184387,133.283188,-96.621910,309.058746,133.935287,-96.093239,304.389343,136.453278,,,
6108,50.900000,14:48:00:06.01,-96.619781,302.183136,133.283157,-96.622955,309.060364,133.936447,-96.094261,304.389130,136.452667,,,
6109,50.908333,14:48:00:06.02,-96.621094,302.184235,133.283417,-96.623039,309.060730,133.935898,-96.094284,304.388367,136.452301,,,
6110,50.916667,14:48:00:06.03,-96.621155,302.184235,133.284286,-96.622551,309.059723,133.935608,-96.095695,304.387207,136.453201,,,
6111,50.925000,14:48:00:07.00,-96.619568,302.183899,133.284241,-96.620850,309.059296,133.935699,-96.093681,304.388245,136.452988,,,
6112,50.933333,14:48:00:07.01,-96.619652,302.183929,133.284409,-96.622963,309.059357,133.935364,-96.093826,304.388275,136.452591,,,
6113,50.941667,14:48:00:07.02,-96.620163,302.183777,133.283813,-96.624084,309.060608,133.935211,-96.093826,304.387238,136.452728,,,
6114,50.950000,14:48:00:07.03,-96.619965,302.184937,133.283936,-96.623299,309.060608,133.935791,-96.094025,304.387939,136.452728,,,
6115,50.958333,14:48:00:08.00,-96.622772,302.184814,133.284866,-96.620926,309.060059,133.935532,-96.093193,304.388000,136.451950,,,
6116,50.966667,14:48:00:08.01,-96.623039,302.183655,133.284470,-96.622551,309.059204,133.935883,-96.093941,304.389038,136.452286,,,
6117,50.975000,14:48:00:08.02,-96.619888,302.184387,133.283966,-96.622658,309.059814,133.934830,-96.095177,304.388855,136.452652,,,
6118,50.983333,14:48:00:08.03,-96.621010,302.184021,133.283737,-96.623116,309.059387,133.936035,-96.094505,304.388641,136.452896,,,
6119,50.991667,14:48:00:09.00,-96.622047,302.183380,133.284897,-96.622292,309.059174,133.935562,-96.092293,304.389099,136.452332,,,
6120,51.000000,14:48:00:09.01,-96.623459,302.183899,133.284561,-96.622475,309.059174,133.935379,-96.094406,304.388153,136.451660,,,
6121,51.008333,14:48:00:09.02,-96.620499,302.184418,133.283691,-96.622971,309.058380,133.935226,-96.094421,304.388336,136.452499,,,
6122,51.016667,14:48:00:09.03,-96.621170,302.184906,133.283920,-96.621056,309.058990,133.934860,-96.095062,304.386932,136.452515,,,
6123,51.025000,14:48:00:10.00,-96.622398,302.182281,133.283615,-96.623177,309.059174,133.935852,-96.093819,304.387482,136.452621,,,
6124,51.033333,14:48:00:10.01,-96.621880,302.183716,133.284348,-96.622864,309.058868,133.935715,-96.093491,304.387848,136.452774,,,
6125,51.041667,14:48:00:10.02,-96.620392,302.182617,133.283463,-96.622833,309.060059,133.935577,-96.093315,304.388123,136.452133,,,
6126,51.050000,14:48:00:10.03,-96.620300,302.182922,133.283478,-96.622910,309.059662,133.936356,-96.093788,304.388062,136.452560,,,
6127,51.058333,14:48:00:11.00,-96.618454,302.184021,133.282578,-96.622017,309.060516,133.935669,-96.094444,304.388794,136.452682,,,
6128,51.066667,14:48:00:11.01,-96.621277,302.184479,133.284286,-96.623306,309.060242,133.936264,-96.096458,304.389343,136.453354,,,
6129,51.075000,14:48:00:11.02,-96.622261,302.184448,133.283752,-96.620903,309.060547,133.935333,-96.095078,304.389374,136.452209,,,
6130,51.083333,14:48:00:11.03,-96.621429,302.183044,133.283691,-96.622841,309.059723,133.935715,-96.094856,304.388641,136.451767,,,
6131,51.091667,14:48:00:12.00,-96.621864,302.184204,133.283951,-96.621857,309.060455,133.934128,-96.094452,304.388947,136.452225,,,
6132,51.100000,14:48:00:12.01,-96.621216,302.184174,133.283752,-96.623383,309.060944,133.936081,-96.094444,304.388611,136.452560,,,
6133,51.108333,14:48:00:12.02,-96.618233,302.184021,133.282944,-96.623192,309.060272,133.936417,-96.093460,304.388885,136.451904,,,
6134,51.116667,14:48:00:12.03,-96.622971,302.183929,133.283661,-96.622696,309.060394,133.935150,-96.094337,304.389435,136.452606,,,
6135,51.125000,14:48:00:13.00,-96.624939,302.185059,133.284576,-96.622002,309.060242,133.934860,-96.094032,304.387390,136.451477,,,
6136,51.133333,14:48:00:13.01,-96.625076,302.185333,133.283920,-96.622971,309.060699,133.936172,-96.096054,304.389343,136.452972,,,
6137,51.141667,14:48:00:13.02,-96.623474,302.184021,133.282852,-96.623283,309.060425,133.936340,-96.094093,304.390198,136.452057,,,
6138,51.150000,14:48:00:13.03,-96.625450,302.185242,133.286102,-96.623833,309.061707,133.936569,-96.093681,304.389801,136.452469,,,
6139,51.158333,14:48:00:14.00,-96.623596,302.184448,133.284668,-96.622833,309.061249,133.935287,-96.095375,304.391235,136.452682,,,
6140,51.166667,14:48:00:14.01,-96.622375,302.185547,133.283020,-96.623207,309.061707,133.936279,-96.095970,304.388702,136.452560,,,
6141,51.175000,14:48:00:14.02,-96.621536,302.185211,133.284515,-96.622742,309.061401,133.935623,-96.095345,304.389496,136.452454,,,
6142,51.183333,14:48:00:14.03,-96.623886,302.185028,133.285080,-96.623322,309.060852,133.935852,-96.094383,304.389099,136.452911,,,
6143,51.191667,14:48:00:15.00,-96.622887,302.185547,133.284637,-96.622879,309.060364,133.935883,-96.097382,304.389343,136.454468,,,
6144,51.200000,14:48:00:15.01,-96.621262,302.185242,133.283676,-96.623711,309.060272,133.935471,-96.095207,304.388428,136.452835,,,
6145,51.208333,14:48:00:15.02,-96.623535,302.185516,133.284164,-96.624054,309.061035,133.936203,-96.094444,304.389099,136.452728,,,
6146,51.216667,14:48:00:15.03,-96.621628,302.185547,133.283463,-96.623703,309.060516,133.935684,-96.096519,304.391357,136.453934,,,
6147,51.225000,14:48:00:16.00,-96.621635,302.185455,133.284286,-96.623230,309.060089,133.934830,-96.095581,304.390991,136.452332,,,
6148,51.233333,14:48:00:16.01,-96.621048,302.185852,133.284332,-96.623329,309.061920,133.936844,-96.094742,304.388794,136.451645,,,
6149,51.241667,14:48:00:16.02,-96.624702,302.185547,133.284424,-96.621956,309.062286,133.935959,-96.095261,304.389130,136.453323,,,
6150,51.250000,14:48:00:16.03,-96.622040,302.185669,133.285172,-96.624199,309.060577,133.935776,-96.095505,304.389343,136.452820,,,
6151,51.258333,14:48:00:17.00,-96.622993,302.184296,133.284500,-96.623383,309.059998,133.935196,-96.096329,304.389404,136.454315,,,
6152,51.266667,14:48:00:17.01,-96.622238,302.185211,133.284409,-96.623337,309.060699,133.935669,-96.095520,304.388947,136.452408,,,
6153,51.275000,14:48:00:17.02,-96.621414,302.185852,133.284042,-96.623383,309.059937,133.935974,-96.094421,304.388580,136.453537,,,
6154,51.283333,14:48:00:17.03,-96.621857,302.185211,133.284988,-96.624649,309.060974,133.936615,-96.094604,304.389160,136.452179,,,
6155,51.291667,14:48:00:18.00,-96.621452,302.185638,133.284790,-96.623924,309.060059,133.936203,-96.095673,304.389313,136.453491,,,
6156,51.300000,14:48:00:18.01,-96.620659,302.184143,133.284103,-96.621361,309.060059,133.936203,-96.095100,304.388458,136.452591,,,
6157,51.308333,14:48:00:18.02,-96.622055,302.185303,133.283478,-96.621330,309.060028,133.934967,-96.095825,304.388458,136.452774,,,
6158,51.316667,14:48:00:18.03,-96.620392,302.184296,133.283737,-96.621910,309.060394,133.935333,-96.095123,304.388580,136.452042,,,
6159,51.325000,14:48:00:19.00,-96.622963,302.184692,133.284286,-96.622520,309.061066,133.935898,-96.094353,304.389587,136.453583,,,
6160,51.333333,14:48:00:19.01,-96.622673,302.185211,133.284363,-96.621162,309.059387,133.935379,-96.093994,304.389130,136.452408,,,
6161,51.341667,14:48:00:19.02,-96.620674,302.184845,133.283859,-96.623436,309.060516,133.935471,-96.094200,304.388916,136.452652,,,
6162,51.350000,14:48:00:19.03,-96.620384,302.184357,133.284134,-96.623123,309.060181,133.934692,-96.095078,304.388580,136.451660,,,
6163,51.358333,14:48:00:20.00,-96.618378,302.184448,133.282059,-96.624138,309.059875,133.936371,-96.094978,304.388641,136.453064,,,
6164,51.366667,14:48:00:20.01,-96.619698,302.183655,133.283417,-96.623711,309.061584,133.935608,-96.093712,304.389069,136.452042,,,
6165,51.375000,14:48:00:20.02,-96.620163,302.183929,133.283096,-96.622932,309.060211,133.934967,-96.094910,304.388702,136.453018,,,
6166,51.383333,14:48:00:20.03,-96.622826,302.183929,133.284119,-96.622520,309.060913,133.936111,-96.094185,304.387878,136.452408,,,
6167,51.391667,14:48:00:21.00,-96.623154,302.183533,133.284836,-96.622780,309.060394,133.936005,-96.093925,304.388397,136.453079,,,
6168,51.400000,14:48:00:21.01,-96.620323,302.184357,133.283173,-96.621597,309.059845,133.935410,-96.094604,304.388214,136.451889,,,
6169,51.408333,14:48:00:21.02,-96.622238,302.185272,133.284027,-96.623642,309.060486,133.936783,-96.093712,304.388489,136.452728,,,
6170,51.416667,14:48:00:21.03,-96.619644,302.185760,133.283493,-96.623863,309.059448,133.935471,-96.096214,304.388550,136.452805,,,
6171,51.425000,14:48:00:22.00,-96.620216,302.184387,133.283829,-96.622620,309.060822,133.935242,-96.095169,304.389221,136.452301,,,
6172,51.433333,14:48:00:22.01,-96.621643,302.185120,133.283768,-96.622391,309.060028,133.936005,-96.095818,304.389008,136.452438,,,
6173,51.441667,14:48:00:22.02,-96.623764,302.185120,133.284225,-96.621666,309.059143,133.935501,-96.094711,304.387390,136.453308,,,
6174,51.450000,14:48:00:22.03,-96.620796,302.183533,133.283157,-96.623611,309.060272,133.935577,-96.094772,304.388489,136.452026,,,
6175,51.458333,14:48:00:23.00,-96.620903,302.184998,133.283707,-96.623962,309.060089,133.936356,-96.095253,304.388580,136.452255,,,
6176,51.466667,14:48:00:23.01,-96.621040,302.184631,133.284134,-96.622910,309.059540,133.935410,-96.095161,304.389343,136.452133,,,
6177,51.475000,14:48:00:23.02,-96.622337,302.185333,133.284302,-96.623428,309.059540,133.935471,-96.094040,304.389313,136.451996,,,
6178,51.483333,14:48:00:23.03,-96.622246,302.184998,133.284149,-96.624413,309.060608,133.936249,-96.096672,304.388947,136.452560,,,
6179,51.491667,14:48:00:24.00,-96.622818,302.185944,133.284775,-96.622803,309.060608,133.935623,-96.096329,304.389801,136.454086,,,
6180,51.500000,14:48:00:24.01,-96.624168,302.185120,133.284637,-96.621704,309.059967,133.936493,-96.095215,304.390289,136.452454,,,
6181,51.508333,14:48:00:24.02,-96.621231,302.184570,133.283829,-96.624550,309.060822,133.935867,-96.093353,304.389404,136.452362,,,
6182,51.516667,14:48:00:24.03,-96.623001,302.184601,133.284256,-96.623703,309.059967,133.935867,-96.096077,304.388763,136.453430,,,
6183,51.525000,14:48:00:25.00,-96.619858,302.184021,133.284637,-96.624458,309.060944,133.936508,-96.095863,304.388977,136.453110,,,
6184,51.533333,14:48:00:25.01,-96.621674,302.185608,133.284134,-96.625076,309.061218,133.936584,-96.096405,304.389465,136.453278,,,
6185,51.541667,14:48:00:25.02,-96.622391,302.185425,133.285675,-96.624504,309.061279,133.937027,-96.094810,304.389771,136.453217,,,
6186,51.550000,14:48:00:25.03,-96.626076,302.185944,133.285553,-96.624107,309.060760,133.937103,-96.096115,304.389343,136.453217,,,
6187,51.558333,14:48:00:26.00,-96.624313,302.185730,133.285507,-96.623856,309.060608,133.936020,-96.096268,304.390717,136.452240,,,
6188,51.566667,14:48:00:26.01,-96.624458,302.185120,133.284332,-96.625069,309.061371,133.937637,-96.095848,304.390991,136.452805,,,
6189,51.575000,14:48:00:26.02,-96.623093,302.185791,133.284332,-96.623741,309.061066,133.936172,-96.094986,304.388519,136.453003,,,
6190,51.583333,14:48:00:26.03,-96.620956,302.184937,133.283966,-96.622215,309.060822,133.935577,-96.096245,304.389099,136.452759,,,
6191,51.591667,14:48:00:27.00,-96.621590,302.184601,133.285065,-96.624084,309.060699,133.937439,-96.095261,304.388916,136.452606,,,
6192,51.600000,14:48:00:27.01,-96.624069,302.185211,133.283585,-96.622887,309.062103,133.936859,-96.094208,304.389893,136.453064,,,
6193,51.608333,14:48:00:27.02,-96.622581,302.185120,133.283585,-96.623070,309.060547,133.936646,-96.096748,304.390686,136.453796,,,
6194,51.616667,14:48:00:27.03,-96.622070,302.185242,133.284073,-96.624367,309.061523,133.936523,-96.094719,304.389008,136.452240,,,
6195,51.625000,14:48:00:28.00,-96.622292,302.185669,133.283920,-96.622292,309.061279,133.934067,-96.094963,304.389832,136.453445,,,
6196,51.633333,14:48:00:28.01,-96.621048,302.185730,133.283585,-96.621689,309.060791,133.935974,-96.095551,304.389313,136.453812,,,
6197,51.641667,14:48:00:28.02,-96.622917,302.185547,133.283981,-96.622559,309.060059,133.935684,-96.095093,304.390656,136.453720,,,
6198,51.650000,14:48:00:28.03,-96.619888,302.185883,133.282562,-96.622093,309.061188,133.936432,-96.095604,304.390442,136.453110,,,
6199,51.658333,14:48:00:29.00,-96.621170,302.185333,133.283951,-96.622177,309.060669,133.935028,-96.095360,304.389221,136.453400,,,
6200,51.666667,14:48:00:29.01,-96.620163,302.185883,133.282776,-96.623283,309.059418,133.934601,-96.093987,304.389832,136.453110,,,
6201,51.675000,14:48:00:29.02,-96.619072,302.185852,133.283096,-96.624153,309.062683,133.936340,-96.094925,304.390106,136.452286,,,
6202,51.683333,14:48:00:29.03,-96.619431,302.186737,133.283722,-96.622078,309.061768,133.934708,-96.094460,304.389557,136.452728,,,
6203,51.691667,14:48:01:00.00,-96.620087,302.186066,133.282806,-96.622704,309.060394,133.935242,-96.094704,304.388489,136.453506,,,
6204,51.700000,14:48:01:00.01,-96.619209,302.186310,133.283264,-96.623810,309.060333,133.934860,-96.095345,304.389832,136.452072,,,
6205,51.708333,14:48:01:00.02,-96.621010,302.185425,133.282654,-96.622192,309.063019,133.935196,-96.095016,304.389679,136.452393,,,
6206,51.716667,14:48:01:00.03,-96.619492,302.186340,133.283310,-96.622742,309.060486,133.936172,-96.095352,304.389496,136.452667,,,
6207,51.725000,14:48:01:01.00,-96.619019,302.187164,133.282898,-96.622696,309.060486,133.934143,-96.094208,304.389893,136.451904,,,
6208,51.733333,14:48:01:01.01,-96.620972,302.185272,133.282166,-96.622444,309.061646,133.934967,-96.094704,304.389374,136.452896,,,
6209,51.741667,14:48:01:01.02,-96.622276,302.184998,133.283157,-96.622536,309.060608,133.935287,-96.094528,304.390686,136.451920,,,
6210,51.750000,14:48:01:01.03,-96.622620,302.185486,133.282898,-96.621674,309.060425,133.935226,-96.094025,304.389465,136.452240,,,
6211,51.758333,14:48:01:02.00,-96.621124,302.187256,133.283875,-96.621849,309.060852,133.934647,-96.093216,304.391022,136.452896,,,
6212,51.766667,14:48:01:02.01,-96.618774,302.185699,133.282928,-96.622864,309.061005,133.935410,-96.091911,304.390381,136.451309,,,
6213,51.775000,14:48:01:02.02,-96.620232,302.185303,133.283081,-96.622475,309.060211,133.934753,-96.094238,304.389771,136.451202,,,
6214,51.783333,14:48:01:02.03,-96.622841,302.185669,133.284073,-96.623238,309.059662,133.935287,-96.093353,304.389709,136.452087,,,
6215,51.791667,14:48:01:03.00,-96.619980,302.185181,133.283447,-96.622795,309.061127,133.935410,-96.092468,304.389648,136.451920,,,
6216,51.800000,14:48:01:03.01,-96.621140,302.185089,133.283203,-96.621857,309.059601,133.934326,-96.094330,304.389954,136.451752,,,
6217,51.808333,14:48:01:03.02,-96.623894,302.185150,133.282867,-96.622086,309.061035,133.935074,-96.093414,304.389191,136.452133,,,
6218,51.816667,14:48:01:03.03,-96.621445,302.185028,133.283127,-96.623459,309.061676,133.935608,-96.093163,304.389862,136.452454,,,
6219,51.825000,14:48:01:04.00,-96.620964,302.185364,133.283905,-96.623566,309.060394,133.936523,-96.093536,304.390015,136.453674,,,
6220,51.833333,14:48:01:04.01,-96.620819,302.185211,133.283478,-96.622612,309.061035,133.935364,-96.094238,304.388428,136.452240,,,
6221,51.841667,14:48:01:04.02,-96.622757,302.185333,133.284302,-96.623215,309.059784,133.935410,-96.094940,304.389099,136.453415,,,
6222,51.850000,14:48:01:04.03,-96.623856,302.183746,133.283783,-96.624039,309.058990,133.936279,-96.094688,304.389038,136.452133,,,
6223,51.858333,14:48:01:05.00,-96.622475,302.185211,133.283081,-96.622887,309.060516,133.935516,-96.095108,304.389587,136.453003,,,
6224,51.866667,14:48:01:05.01,-96.621132,302.184662,133.283188,-96.622566,309.060608,133.936172,-96.094254,304.389587,136.452728,,,
6225,51.875000,14:48:01:05.02,-96.621651,302.185760,133.284073,-96.624611,309.061829,133.937195,-96.093292,304.387909,136.452438,,,
6226,51.883333,14:48:01:05.03,-96.622238,302.184692,133.283981,-96.624031,309.060303,133.936356,-96.094170,304.389465,136.452271,,,
6227,51.891667,14:48:01:06.00,-96.624908,302.185913,133.284851,-96.623772,309.061584,133.936905,-96.094444,304.388184,136.452896,,,
6228,51.900000,14:48:01:06.01,-96.621643,302.185120,133.284500,-96.622955,309.060577,133.936218,-96.094803,304.389130,136.453323,,,
6229,51.908333,14:48:01:06.02,-96.622330,302.185181,133.284225,-96.623268,309.060883,133.935791,-96.095253,304.390106,136.451859,,,
6230,51.916667,14:48:01:06.03,-96.624664,302.184937,133.285980,-96.624901,309.061340,133.937973,-96.093788,304.388306,136.452866,,,
6231,51.925000,14:48:01:07.00,-96.625183,302.184998,133.285187,-96.621765,309.060760,133.936539,-96.094116,304.388062,136.451981,,,
6232,51.933333,14:48:01:07.01,-96.622375,302.185181,133.284210,-96.622047,309.059906,133.935974,-96.095428,304.389343,136.453690,,,
6233,51.941667,14:48:01:07.02,-96.623451,302.184814,133.285416,-96.623100,309.059998,133.935715,-96.094803,304.389282,136.453598,,,
6234,51.950000,14:48:01:07.03,-96.621910,302.183868,133.283508,-96.624184,309.059296,133.935928,-96.094948,304.389801,136.453079,,,
6235,51.958333,14:48:01:08.00,-96.621124,302.183899,133.284195,-96.624207,309.059631,133.935837,-96.094551,304.389099,136.453186,,,
6236,51.966667,14:48:01:08.01,-96.621635,302.185486,133.285629,-96.621834,309.059998,133.934738,-96.094368,304.389099,136.453217,,,
6237,51.975000,14:48:01:08.02,-96.622856,302.186005,133.284897,-96.623260,309.060028,133.937347,-96.094193,304.388885,136.453171,,,
6238,51.983333,14:48:01:08.03,-96.624374,302.184692,133.284439,-96.623589,309.059418,133.936172,-96.094452,304.389618,136.452728,,,
6239,51.991667,14:48:01:09.00,-96.627853,302.184540,133.285156,-96.622978,309.059662,133.935852,-96.094795,304.389252,136.453217,,,
6240,52.000000,14:48:01:09.01,-96.625046,302.184357,133.284409,-96.624962,309.059814,133.935791,-96.094978,304.388916,136.453217,,,
6241,52.008333,14:48:01:09.02,-96.623512,302.185425,133.283966,-96.622917,309.059326,133.936096,-96.094444,304.387726,136.452499,,,
6242,52.016667,14:48:01:09.03,-96.624336,302.184235,133.284851,-96.622726,309.060333,133.935623,-96.094963,304.389130,136.453415,,,
6243,52.025000,14:48:01:10.00,-96.624672,302.184357,133.284241,-96.625046,309.061737,133.937317,-96.094826,304.388580,136.452744,,,
6244,52.033333,14:48:01:10.01,-96.621750,302.183899,133.283676,-96.623978,309.062042,133.936584,-96.092812,304.388123,136.452255,,,
6245,52.041667,14:48:01:10.02,-96.623619,302.184692,133.284042,-96.624908,309.060944,133.935684,-96.094612,304.389343,136.452759,,,
6246,52.050000,14:48:01:10.03,-96.622971,302.183716,133.283997,-96.625084,309.060394,133.934753,-96.095528,304.388885,136.452621,,,
6247,52.058333,14:48:01:11.00,-96.624313,302.184204,133.283859,-96.623253,309.060425,133.936279,-96.095345,304.389160,136.453629,,,
6248,52.066667,14:48:01:11.01,-96.625259,302.183929,133.284805,-96.622833,309.060425,133.936127,-96.095886,304.388611,136.452652,,,
6249,52.075000,14:48:01:11.02,-96.624535,302.184937,133.284302,-96.623116,309.060272,133.936127,-96.095024,304.390167,136.453003,,,
6250,52.083333,14:48:01:11.03,-96.623940,302.185333,133.284348,-96.622841,309.060181,133.935684,-96.094833,304.389954,136.452606,,,
6251,52.091667,14:48:01:12.00,-96.622780,302.185120,133.283936,-96.623985,309.059967,133.935852,-96.094528,304.389740,136.452484,,,
6252,52.100000,14:48:01:12.01,-96.623611,302.184631,133.284592,-96.623802,309.060669,133.935196,-96.095589,304.388580,136.453552,,,
6253,52.108333,14:48:01:12.02,-96.622719,302.185028,133.285248,-96.623077,309.061096,133.936768,-96.096001,304.389801,136.452454,,,
6254,52.116667,14:48:01:12.03,-96.622017,302.184998,133.284500,-96.624031,309.060211,133.936447,-96.095261,304.389618,136.453415,,,
6255,52.125000,14:48:01:13.00,-96.624321,302.185120,133.284225,-96.624603,309.060303,133.935272,-96.095848,304.391052,136.454041,,,
6256,52.133333,14:48:01:13.01,-96.623421,302.185272,133.284271,-96.623405,309.059540,133.936035,-96.094383,304.389435,136.453201,,,
6257,52.141667,14:48:01:13.02,-96.621735,302.184723,133.284042,-96.622925,309.061737,133.935577,-96.094566,304.389343,136.452560,,,
6258,52.150000,14:48:01:13.03,-96.621666,302.184570,133.283966,-96.623001,309.060059,133.935944,-96.094284,304.389557,136.452332,,,
6259,52.158333,14:48:01:14.00,-96.622742,302.184113,133.283127,-96.623352,309.060608,133.936020,-96.095222,304.389801,136.453690,,,
6260,52.166667,14:48:01:14.01,-96.625107,302.185486,133.285049,-96.624153,309.060944,133.935486,-96.094460,304.389465,136.451828,,,
6261,52.175000,14:48:01:14.02,-96.623169,302.185303,133.284256,-96.622795,309.061401,133.935120,-96.094528,304.389771,136.451935,,,
6262,52.183333,14:48:01:14.03,-96.622726,302.184509,133.284241,-96.623299,309.059875,133.935684,-96.094826,304.390076,136.452408,,,
6263,52.191667,14:48:01:15.00,-96.624588,302.184570,133.284271,-96.624428,309.061096,133.935242,-96.093887,304.390167,136.453125,,,
6264,52.200000,14:48:01:15.01,-96.623001,302.184967,133.284500,-96.623962,309.060577,133.936066,-96.095268,304.390167,136.452133,,,
6265,52.208333,14:48:01:15.02,-96.621582,302.185120,133.283249,-96.623184,309.061279,133.936020,-96.095947,304.390137,136.453278,,,
6266,52.216667,14:48:01:15.03,-96.623070,302.184723,133.284897,-96.623825,309.061493,133.936584,-96.095093,304.390137,136.452866,,,
6267,52.225000,14:48:01:16.00,-96.621094,302.185577,133.283981,-96.623871,309.060791,133.935928,-96.095016,304.389954,136.451538,,,
6268,52.233333,14:48:01:16.01,-96.621880,302.184967,133.283920,-96.623711,309.060028,133.934875,-96.094513,304.389984,136.452820,,,
6269,52.241667,14:48:01:16.02,-96.625893,302.184967,133.284027,-96.621796,309.060730,133.935120,-96.093842,304.389923,136.452576,,,
6270,52.250000,14:48:01:16.03,-96.624443,302.184143,133.283890,-96.623917,309.061768,133.936646,-96.094269,304.389587,136.452744,,,
6271,52.258333,14:48:01:17.00,-96.623543,302.184265,133.284439,-96.622940,309.059387,133.935135,-96.094513,304.389954,136.452545,,,
6272,52.266667,14:48:01:17.01,-96.622559,302.185333,133.284225,-96.623291,309.059723,133.935043,-96.094551,304.389587,136.452179,,,
6273,52.275000,14:48:01:17.02,-96.621834,302.183929,133.283981,-96.623657,309.060944,133.935471,-96.095284,304.389923,136.452484,,,
6274,52.283333,14:48:01:17.03,-96.623764,302.184845,133.284210,-96.623230,309.060577,133.935883,-96.094284,304.389709,136.452621,,,
6275,52.291667,14:48:01:18.00,-96.623329,302.184448,133.283051,-96.622421,309.060974,133.934998,-96.094223,304.388702,136.451263,,,
6276,52.300000,14:48:01:18.01,-96.620621,302.184448,133.283966,-96.623024,309.060822,133.935608,-96.094559,304.388275,136.452545,,,
6277,52.308333,14:48:01:18.02,-96.620544,302.184784,133.283295,-96.623550,309.059906,133.935120,-96.093781,304.388336,136.452301,,,
6278,52.316667,14:48:01:18.03,-96.621414,302.184906,133.284241,-96.623734,309.060852,133.935120,-96.094902,304.389801,136.452713,,,
6279,52.325000,14:48:01:19.00,-96.622108,302.184448,133.283691,-96.621429,309.059265,133.934540,-96.093903,304.387726,136.451935,,,
6280,52.333333,14:48:01:19.01,-96.622589,302.183472,133.282990,-96.622559,309.059967,133.935349,-96.093513,304.388641,136.451965,,,
6281,52.341667,14:48:01:19.02,-96.622696,302.182831,133.283463,-96.621414,309.058868,133.933395,-96.092728,304.388641,136.451324,,,
6282,52.350000,14:48:01:19.03,-96.624031,302.183563,133.283661,-96.622719,309.060028,133.934082,-96.092712,304.388275,136.451538,,,
6283,52.358333,14:48:01:20.00,-96.622887,302.183868,133.282883,-96.623100,309.060516,133.934540,-96.094536,304.389404,136.452255,,,
6284,52.366667,14:48:01:20.01,-96.623543,302.183563,133.283752,-96.621658,309.058807,133.934875,-96.093903,304.388123,136.451736,,,
6285,52.375000,14:48:01:20.02,-96.623123,302.185333,133.283386,-96.621231,309.059235,133.934128,-96.093849,304.388397,136.452179,,,
6286,52.383333,14:48:01:20.03,-96.621613,302.184143,133.283310,-96.623001,309.060150,133.935074,-96.094063,304.388733,136.451248,,,
6287,52.391667,14:48:01:21.00,-96.619865,302.183105,133.282761,-96.624245,309.059845,133.935455,-96.092651,304.387604,136.451797,,,
6288,52.400000,14:48:01:21.01,-96.619164,302.183655,133.283279,-96.623383,309.059052,133.936035,-96.094360,304.388367,136.452148,,,
6289,52.408333,14:48:01:21.02,-96.621758,302.183105,133.282883,-96.622910,309.059998,133.935135,-96.094131,304.387421,136.452133,,,
6290,52.416667,14:48:01:21.03,-96.621117,302.183929,133.281097,-96.622726,309.059906,133.935455,-96.095566,304.390106,136.451492,,,
6291,52.425000,14:48:01:22.00,-96.618637,302.183289,133.282898,-96.623344,309.060150,133.935120,-96.093819,304.387909,136.451752,,,
6292,52.433333,14:48:01:22.01,-96.620476,302.183838,133.283417,-96.622635,309.059143,133.934540,-96.093590,304.388794,136.452393,,,
6293,52.441667,14:48:01:22.02,-96.621460,302.184113,133.283127,-96.621216,309.059418,133.934341,-96.092979,304.389313,136.451981,,,
6294,52.450000,14:48:01:22.03,-96.622505,302.183716,133.282883,-96.622993,309.058807,133.934143,-96.094040,304.389038,136.452148,,,
6295,52.458333,14:48:01:23.00,-96.623138,302.184662,133.283920,-96.622810,309.058380,133.934479,-96.094284,304.387787,136.452499,,,
6296,52.466667,14:48:01:23.01,-96.621338,302.183868,133.284592,-96.622261,309.059814,133.934067,-96.093781,304.387817,136.451050,,,
6297,52.475000,14:48:01:23.02,-96.623543,302.184021,133.283554,-96.621483,309.059082,133.934158,-96.093147,304.388153,136.452087,,,
6298,52.483333,14:48:01:23.03,-96.623116,302.182831,133.284363,-96.621262,309.058594,133.933548,-96.093216,304.389008,136.451019,,,
6299,52.491667,14:48:01:24.00,-96.619522,302.183716,133.283386,-96.621063,309.059479,133.934540,-96.092934,304.389343,136.451859,,,
6300,52.500000,14:48:01:24.01,-96.619629,302.184540,133.283447,-96.621445,309.059937,133.934128,-96.093117,304.389313,136.451401,,,
6301,52.508333,14:48:01:24.02,-96.619690,302.184174,133.283936,-96.621719,309.059174,133.934235,-96.094208,304.388855,136.450851,,,
6302,52.516667,14:48:01:24.03,-96.621971,302.182556,133.282639,-96.622429,309.059662,133.934723,-96.095367,304.388916,136.452408,,,
6303,52.525000,14:48:01:25.00,-96.621376,302.184052,133.282425,-96.622749,309.060059,133.934723,-96.094383,304.388123,136.451736,,,
6304,52.533333,14:48:01:25.01,-96.619400,302.183655,133.282562,-96.622261,309.059448,133.934921,-96.092979,304.388397,136.450562,,,
6305,52.541667,14:48:01:25.02,-96.618828,302.184143,133.283447,-96.621391,309.058990,133.934341,-96.092453,304.389404,136.450989,,,
6306,52.550000,14:48:01:25.03,-96.618988,302.184570,133.283157,-96.623032,309.059509,133.934540,-96.093353,304.389221,136.452637,,,
6307,52.558333,14:48:01:26.00,-96.620216,302.183502,133.283249,-96.622292,309.059052,133.933441,-96.093521,304.388275,136.452042,,,
6308,52.566667,14:48:01:26.01,-96.621170,302.183807,133.283401,-96.622177,309.060638,133.935699,-96.092178,304.389038,136.452271,,,
6309,52.575000,14:48:01:26.02,-96.621841,302.182739,133.282928,-96.621948,309.060638,133.935059,-96.093216,304.388580,136.452042,,,
6310,52.583333,14:48:01:26.03,-96.620430,302.182465,133.283203,-96.622452,309.059967,133.934509,-96.092667,304.387482,136.452530,,,
6311,52.591667,14:48:01:27.00,-96.620186,302.182922,133.283157,-96.622223,309.059357,133.934845,-96.094109,304.388214,136.452469,,,
6312,52.600000,14:48:01:27.01,-96.622551,302.184357,133.283646,-96.623093,309.060272,133.935333,-96.091873,304.387817,136.451324,,,
6313,52.608333,14:48:01:27.02,-96.621704,302.184448,133.283325,-96.622238,309.059814,133.934937,-96.093559,304.389069,136.451584,,,
6314,52.616667,14:48:01:27.03,-96.620918,302.184113,133.282654,-96.621857,309.060059,133.934433,-96.093803,304.387817,136.452652,,,
6315,52.625000,14:48:01:28.00,-96.618042,302.183380,133.282196,-96.620491,309.059692,133.933868,-96.094536,304.387512,136.452744,,,
6316,52.633333,14:48:01:28.01,-96.617622,302.184143,133.282562,-96.621147,309.059906,133.935425,-96.093063,304.388214,136.451370,,,
6317,52.641667,14:48:01:28.02,-96.621880,302.184326,133.283798,-96.623055,309.059723,133.935852,-96.094147,304.389252,136.452026,,,
6318,52.650000,14:48:01:28.03,-96.622231,302.184326,133.284241,-96.621010,309.058502,133.934647,-96.093666,304.388306,136.452438,,,
6319,52.658333,14:48:01:29.00,-96.621162,302.183289,133.283493,-96.621490,309.058655,133.934479,-96.093674,304.388153,136.453140,,,
6320,52.666667,14:48:01:29.01,-96.619293,302.184387,133.283752,-96.620674,309.058472,133.934357,-96.092072,304.387939,136.452133,,,
6321,52.675000,14:48:01:29.02,-96.617729,302.183472,133.282745,-96.620850,309.058929,133.934860,-96.091896,304.388123,136.451309,,,
6322,52.683333,14:48:01:29.03,-96.620293,302.183594,133.282700,-96.621155,309.059509,133.933884,-96.094093,304.387421,136.452957,,,
6323,52.691667,14:48:02:00.00,-96.622353,302.183472,133.284180,-96.620445,309.059937,133.934540,-96.092987,304.386993,136.451965,,,
6324,52.700000,14:48:02:00.01,-96.622330,302.183472,133.283615,-96.621849,309.060669,133.934448,-96.092926,304.388550,136.450714,,,
6325,52.708333,14:48:02:00.02,-96.620544,302.182892,133.282654,-96.621414,309.059967,133.934692,-96.092400,304.387787,136.451477,,,
6326,52.716667,14:48:02:00.03,-96.618835,302.182556,133.282059,-96.622452,309.060303,133.934921,-96.092621,304.388214,136.453217,,,
6327,52.725000,14:48:02:01.00,-96.617058,302.183441,133.283051,-96.621307,309.059418,133.934845,-96.094398,304.387177,136.452347,,,
6328,52.733333,14:48:02:01.01,-96.619453,302.185059,133.283783,-96.622421,309.060425,133.935593,-96.094330,304.387268,136.452576,,,
6329,52.741667,14:48:02:01.02,-96.620438,302.183685,133.282501,-96.621719,309.059601,133.934708,-96.094475,304.387665,136.451523,,,
6330,52.750000,14:48:02:01.03,-96.620270,302.183167,133.282715,-96.622604,309.059448,133.934967,-96.094063,304.388489,136.452286,,,
6331,52.758333,14:48:02:02.00,-96.618774,302.183685,133.283539,-96.620605,309.058228,133.933075,-96.093536,304.388885,136.452301,,,
6332,52.766667,14:48:02:02.01,-96.619568,302.183899,133.283127,-96.621201,309.059570,133.933670,-96.092712,304.387726,136.450867,,,
6333,52.775000,14:48:02:02.02,-96.619873,302.183075,133.283051,-96.621506,309.059174,133.933502,-96.092812,304.387360,136.452133,,,
6334,52.783333,14:48:02:02.03,-96.619781,302.183197,133.282974,-96.621536,309.060059,133.934723,-96.094254,304.388672,136.453140,,,
6335,52.791667,14:48:02:03.00,-96.621620,302.183350,133.284515,-96.620049,309.059937,133.934326,-96.093246,304.388763,136.452271,,,
6336,52.800000,14:48:02:03.01,-96.621170,302.183777,133.283783,-96.620872,309.059601,133.935074,-96.094025,304.388062,136.451004,,,
6337,52.808333,14:48:02:03.02,-96.620445,302.184814,133.282990,-96.621941,309.059662,133.934143,-96.093300,304.389771,136.451859,,,
6338,52.816667,14:48:02:03.03,-96.619438,302.183563,133.283447,-96.622620,309.059967,133.934052,-96.094353,304.388153,136.452057,,,
6339,52.825000,14:48:02:04.00,-96.622032,302.184906,133.283127,-96.622124,309.060059,133.935135,-96.094246,304.388092,136.452682,,,
6340,52.833333,14:48:02:04.01,-96.623978,302.183899,133.284607,-96.623871,309.061646,133.936493,-96.094086,304.388885,136.452408,,,
6341,52.841667,14:48:02:04.02,-96.622795,302.183868,133.284790,-96.622910,309.060059,133.935776,-96.094582,304.389252,136.452515,,,
6342,52.850000,14:48:02:04.03,-96.621933,302.184662,133.283997,-96.623291,309.060242,133.935089,-96.093155,304.388580,136.452728,,,
6343,52.858333,14:48:02:05.00,-96.622131,302.185150,133.283966,-96.621925,309.059906,133.934784,-96.095558,304.390015,136.452454,,,
6344,52.866667,14:48:02:05.01,-96.623116,302.182495,133.283539,-96.621971,309.060608,133.935898,-96.095238,304.388611,136.452454,,,
6345,52.875000,14:48:02:05.02,-96.622948,302.183472,133.284134,-96.622322,309.061493,133.934662,-96.094666,304.388733,136.453064,,,
6346,52.883333,14:48:02:05.03,-96.621284,302.183411,133.283722,-96.622673,309.060822,133.936584,-96.094055,304.388947,136.452927,,,
