x,y,z,capture_time,detection_time,confidence
27.728517974846756,29.06284471157937,144.39817844457627,91972.215832,91972.239185,0.7913039977557565
22.623953463634887,16.514127175315483,106.79704080169465,91974.002456,91974.025685,0.9833189274966531
22.538488803914042,16.348845951788945,106.29622884545337,91974.01579,91974.039197,0.9608432445540139
22.61319601594297,16.450554323488937,106.75953298928138,91974.029122,91974.052721,0.8373374981011293
22.61447469522896,16.46375665619503,106.83813915395697,91974.042456,91974.066136,0.851818556025071
22.547975755273,16.439730567873774,106.70037689691297,91974.055789,91974.081415,0.9382455712872318
22.591302022968563,16.5100343346867,107.04227913603077,91974.069123,91974.093516,0.9118548297496909
22.446628527546643,16.442846076703912,106.41722948739925,91974.082456,91974.106189,0.9675617027144889
22.52455329848988,16.500646212532697,106.85442460990274,91974.095789,91974.119865,0.890629947178891
22.51619058621611,16.54349930615863,106.99503192867894,91974.109122,91974.132331,0.9687542952967899
22.525798098919367,16.59443535400567,107.17622647617242,91974.122456,91974.146644,0.9771622463272676
22.530167839768314,16.59965541654558,107.23935990535402,91974.135789,91974.159912,0.9771622463272676
22.41883416814247,16.48345969797092,106.54765018311939,91974.149123,91974.173662,0.8889890014364052
22.52324723160763,16.475284555246688,106.89333792293183,91974.162455,91974.18609,0.8311941807714173
22.53714646425732,16.479096244717308,106.90121939763829,91974.175789,91974.20138,0.94419366797657
22.57798828060968,16.52149121706215,107.04239163941746,91974.189122,91974.21453,0.9083889346773163
22.564689463354064,16.620225138620402,107.03271257817521,91974.202456,91974.225989,0.9603977092691734
22.44144349985691,16.607075989201103,106.43063000918225,91974.215789,91974.239273,0.9386505092921134
22.530704521991687,16.77398069297256,106.91053638128534,91974.229122,91974.252832,0.8852565005672559
22.525295384261195,16.906117486925808,106.90077073901749,91974.242455,91974.267126,0.8763561412198718
22.49465565382232,17.004688872698978,106.81354447590199,91974.255789,91974.280003,0.8167073454957218
22.533798062596915,17.162014456163195,107.145248449707,91974.269122,91974.294046,0.9862958801740429
22.470621577171926,17.182445822964215,106.94083560179267,91974.282456,91974.305997,0.9882697578056443
22.461335533741106,17.189295941556306,106.88901977245807,91974.295789,91974.319814,0.8029926363113218
22.49402055102351,17.21037777068851,107.0806604066357,91974.309122,91974.332947,0.9033293749186784
22.51778075818817,17.24840283702562,107.13678876874611,91974.322456,91974.353857,0.9867497007825744
22.534337818649,17.253655127479302,107.05406895227469,91974.335789,91974.359392,0.8889396035576368
22.512309334708934,17.245660971408938,106.87061107893082,91974.349122,91974.373734,0.9318681140374941
22.587924598730535,17.32433799196578,107.18371652347517,91974.362455,91974.387829,0.9588271487683625
22.60355478425399,17.39219940184726,107.17043598191063,91974.375788,91974.399313,0.9708784673512679
22.65348255720203,17.46960643479099,107.29959001632696,91974.389122,91974.420685,0.9621794531878979
22.66364179755173,17.494021748484595,107.23915888526975,91974.402455,91974.425642,0.9485466544624419
22.59128752618684,17.45689545438946,106.81099342961318,91974.415789,91974.439458,0.8170998097977656
22.671445295433234,17.552323513470757,107.10058655038436,91974.429122,91974.452634,0.9614788610737961
22.7066809791099,17.613633287484223,107.16320285748502,91974.442455,91974.466266,0.9893076825568021
22.77415443934719,17.746127762792003,107.44092105777062,91974.455789,91974.479402,0.961902411813032
22.768490234782828,17.82600144925294,107.31624296441588,91974.469122,91974.492563,0.9532326156951658
22.801424496228798,17.959977063120895,107.39801541959906,91974.482455,91974.505623,0.9362720091671407
22.89470193929285,18.08604019958168,107.74228050802282,91974.495788,91974.519418,0.9132655587562898
22.838569314003774,18.11267916250713,107.2809177760436,91974.509122,91974.532231,0.972569207081043
22.95550827165059,18.250671293354376,107.6603189139767,91974.522455,91974.546805,0.8662617104012591
22.963212689882667,18.284397957112695,107.3449792747822,91974.535788,91974.56019,0.9799448148955671
23.00060282973134,18.331365020480046,107.16430968509374,91974.549122,91974.572877,0.824318721027031
23.112058577640873,18.45116321119125,107.28015286178692,91974.562455,91974.586395,0.8653857837778144
23.181047382533915,18.524528924941336,107.1918558681012,91974.575788,91974.600314,0.956238462270763
23.362545700102977,18.683261148501447,107.48597920363883,91974.589122,91974.612206,0.9843386815207271
23.5158308547192,18.810201140582123,107.70724723969015,91974.602455,91974.625552,0.9128952936310014
23.72716086174889,18.992442353523913,107.51178554339357,91974.629121,91974.653453,0.8962623316191115
23.81402607996351,19.012751989286556,107.1131438851258,91974.642455,91974.666687,0.901952966154808
23.93700474170564,19.06627129321254,106.94427731753278,91974.655789,91974.679902,0.9781635894586317
24.06963846245537,19.105883240880914,106.7555344095829,91974.669121,91974.693196,0.9633729008204155
24.39516801667055,19.197316495657628,106.6245938301666,91974.695788,91974.719768,0.9891963472582459
24.45848649229919,19.16076093620273,106.12953146503742,91974.709121,91974.732537,0.9658132652673602
24.765527021039595,19.226717105782686,106.03821499531523,91974.735788,91974.758989,0.9235740604602758
24.884443537280056,19.118363880841326,105.53961308116074,91974.762454,91974.792752,0.8885368514628847
24.97279380325891,19.069256358950046,105.61837326079785,91974.775788,91974.799211,0.8295046151569407
24.99520270526614,18.921911577097646,105.35647479892492,91974.802454,91974.828242,0.969047645228425
24.793026125439507,18.667319574956366,104.78071982827117,91974.829121,91974.854791,0.8816976324032877
24.80467221654056,18.661706733264804,105.23174359597897,91974.842454,91974.866095,0.982998569581565
24.594869554629863,18.540256197660753,104.85451828213453,91974.855788,91974.880593,0.8718340520766065
24.425474306710434,18.497292553822913,105.00713568610684,91974.869121,91974.893757,0.8897820729956749
23.953449887703275,18.48125115544017,105.091554685232,91974.895788,91974.92533,0.8862978474868013
23.64907318251126,18.523470111618884,105.1569549959036,91974.909121,91974.932241,0.9542711457960048
23.265344633880886,18.552311275615565,105.16857541429869,91974.922455,91974.945496,0.9789558490861858
22.91316746886179,18.67245501888915,105.6092997165056,91974.935788,91974.959228,0.8499489567185382
22.679320706487843,19.000157934319656,106.91810259562445,91974.949122,91974.973522,0.9667917519034052
21.877276629060606,18.82412706811355,105.78313716797167,91974.962454,91974.986415,0.8795769025931398
21.27364904761975,18.913919628570916,105.89339128524321,91974.975788,91975.000704,0.8753951569906359
20.653435652299315,19.04068718137731,106.21710364500075,91974.989121,91975.012457,0.9735258399723596
19.855651641354324,19.06088333988066,105.96034717116211,91975.002454,91975.026932,0.9032448584504171
18.316278240592176,19.261938212437176,106.30588341091148,91975.029121,91975.053889,0.9242628289419218
17.519835177237738,19.374721479892887,106.7198268454776,91975.042454,91975.065989,0.9833020389994362
16.690035083130812,19.531170851404458,107.26685751361616,91975.055788,91975.079068,0.9236392726336273
15.703106542807143,19.504480508942876,106.87703584962432,91975.069121,91975.092144,0.9344190529999978
14.782802610388856,19.670508566874933,107.33838536878878,91975.082455,91975.105595,0.967303036020838
13.775274494711805,19.72362452496942,107.33279586250367,91975.095788,91975.119603,0.9353317172418499
12.744083044886821,19.804528283245997,107.45380673343428,91975.109121,91975.13277,0.9361557099899156
11.716027134523273,19.951131839967577,107.78545882353437,91975.122454,91975.145968,0.97026964432067
10.620468794471364,19.905578942091157,107.50730120091436,91975.135787,91975.159027,0.952833274176097
9.54629451131382,20.053923145605296,107.85700283494242,91975.149121,91975.173537,0.9870846155449696
8.434198564173409,20.088870792236822,108.05055338798992,91975.162454,91975.18805,0.9065915087581697
7.312172010359943,20.11994560610229,108.10134775284482,91975.175787,91975.201149,0.9088426154572827
6.185949180939938,20.083857041983087,107.85711466544431,91975.189121,91975.212393,0.8965987834871846
5.083293493525486,20.1300202475978,108.14673810531706,91975.202454,91975.227422,0.9447567813208867
3.97230652682422,20.083714327077974,107.84593778624108,91975.215788,91975.240931,0.9974584610399009
2.894991144641787,20.089069705348003,107.98316458751054,91975.22912,91975.252645,0.9175523725650351
1.8524619633508865,20.12704619965009,108.11723085799778,91975.242454,91975.266733,0.8934189044950693
0.8512452848577592,20.147047532790282,108.06857647915345,91975.255788,91975.27945,0.9509062771582085
-0.09498945573869524,20.187248708666854,108.22490218083085,91975.26912,91975.300243,0.8283398019601349
-1.0102494041497927,20.196615689144117,108.03865745421103,91975.282454,91975.30666,0.9498497383082897
-1.8894742145447063,20.22871558214851,108.1140542942489,91975.295787,91975.319296,0.991741803488885
-2.7118655287095708,20.29626704244087,108.38168262658716,91975.30912,91975.332632,0.9152203774622296
-3.4792089931200616,20.300789019460577,108.37985761863634,91975.322454,91975.345686,0.720020042050479
-4.198156607669557,20.277358012080377,108.22137825084712,91975.335787,91975.359401,0.9786649387864989
-4.886287658480302,20.3020469190129,108.42274499209779,91975.349121,91975.37316,0.9670558525494909
-5.508924351725845,20.23793545812776,108.1580952628226,91975.362454,91975.386445,0.9458863813752066
-6.111155441895397,20.277928937598173,108.51616536926788,91975.375787,91975.399674,0.9034330007461804
-6.600885128248003,20.11136649872296,108.00943718571911,91975.389121,91975.412941,0.9735731645526988
-7.100590919774788,20.063075736098323,108.0256334972261,91975.402454,91975.426457,0.9655563969925857
-7.555941348071948,20.067362899407136,108.14248311859814,91975.415787,91975.43929,0.9474356581921393
-7.972676257446143,20.079975561185698,108.33854218234028,91975.42912,91975.453116,0.9393724076795846
-8.307518398371586,20.012603693808217,108.25702973823769,91975.442453,91975.465438,0.9610448169966562
-8.619190783638299,20.015005613218676,108.6836559414608,91975.455787,91975.478781,0.9496876988436271
-8.764555734077865,19.889176477632976,108.06211604998798,91975.46912,91975.493267,0.9370817761695172
-8.93072540906487,19.839390378870405,107.91117640554832,91975.482454,91975.51224,0.8666791766659387
-9.069553052845674,19.832332446711337,108.17320090596935,91975.495787,91975.519822,0.9111317903636674
-9.09914370462078,19.757564632122207,107.95222388698978,91975.50912,91975.534142,0.9108746214583017
-9.133792408402542,19.768100381603357,108.10134830401773,91975.522454,91975.545489,0.9189608637591291
-9.085650251119135,19.73326864014787,108.02285530682607,91975.535787,91975.560733,0.9746619359568663
-8.9964286673429,19.7470102939075,108.38168257253557,91975.54912,91975.574881,0.9635243364906687
-8.856977534113318,19.719201792097817,108.48662562442095,91975.562453,91975.586588,0.9361557099899156
-8.615977915250774,19.679563664443712,108.50422182195871,91975.575787,91975.599358,0.9434037195494661
-8.339007529440382,19.638101572330054,108.70693346470085,91975.589121,91975.614776,0.9733310757719608
-7.994443352975874,19.62610737707789,108.70406081835169,91975.602453,91975.627739,1.0
-7.556050026029203,19.519453138643588,108.41920942622173,91975.615787,91975.640122,0.9622115521255565
-7.153444700583362,19.527156284871968,108.69081473273462,91975.62912,91975.653129,0.9171727200544311
-6.695627558344866,19.584187282235447,109.11774626988105,91975.642453,91975.666389,0.9211939666270419
-6.214262321185039,19.56976279514879,109.57851754467868,91975.655787,91975.679415,0.9194772327016363
-5.572008757306498,19.399835378145468,108.74502590444541,91975.66912,91975.693023,0.9272217585951813
-4.9742457560251125,19.33892208199528,108.8031370089054,91975.682453,91975.706481,0.9281959014560737
-4.32137663615266,19.180781676772295,108.56934186877572,91975.695786,91975.718998,0.8886151993928547
-3.667246308849276,19.10838807562231,108.75501178374329,91975.70912,91975.732506,0.8224795391271255
-2.9762662257744164,19.07338037094369,109.18389577291647,91975.722453,91975.748075,0.8722366959161718
-2.2159767874716088,18.903833646348016,108.91839761513337,91975.735786,91975.759207,0.8917904093524556
-1.4073882119478693,18.76187348245844,109.09278663360722,91975.74912,91975.77474,0.9618633772168279
-0.5343612220142908,18.591977737116853,109.05144564576425,91975.762453,91975.785661,0.9767096901634613
0.4031893472038287,18.42965478722089,109.21410332786684,91975.775786,91975.805491,0.9386579074824062
1.3864629199484395,18.251149218867877,109.11242856532294,91975.78912,91975.813605,0.9464651033568606
2.4594502542530985,18.00981032402195,108.86706336660497,91975.802453,91975.825496,0.922816632948907
3.568208637659354,17.84980625737663,108.94166296230661,91975.815786,91975.839948,0.979777993110871
4.779179180936752,17.69569439356916,109.31967850526088,91975.829119,91975.853097,0.9843886942593713
6.074395601748827,17.515704602069366,109.36203685333429,91975.842453,91975.865865,0.8897928811565022
7.4216598306314765,17.37757867669448,109.5705859789014,91975.855787,91975.880811,0.8949665715914683
8.785000843281095,17.05987119213411,108.66702540164493,91975.869119,91975.892844,0.9671071643380702
10.315544260891643,17.02001833689809,109.46440669553441,91975.882454,91975.906246,0.9361557099899156
11.898377177449941,16.967480263103834,110.20033124505647,91975.895786,91975.919851,0.9113010119152348
13.47672040388651,16.71440537718427,109.67486840333464,91975.90912,91975.932074,0.9585167176137733
15.182237159934617,16.52891387796004,110.01602958889005,91975.922453,91975.945881,0.9891279597697176
16.8764883135377,16.264410526914006,109.73433044760378,91975.935786,91975.958662,0.8615038335147975
18.689085885943157,16.146788681935714,110.27156647254748,91975.949119,91975.973343,0.9112422068999262
20.50484926175034,15.924179664415824,110.34291175109779,91975.962453,91975.986621,0.8079334549153526
22.43381088544419,15.771951092452014,110.99543935923447,91975.975786,91975.998895,0.9106180678545045
24.15454679462479,15.424637841951402,110.29105465497845,91975.98912,91976.014558,0.9854649950408899
26.156535852798108,15.290604883509996,111.07803845883761,91976.002453,91976.026518,0.9968968142207424
27.86107887758539,14.913469999497758,110.33791930703079,91976.015787,91976.041684,0.9532781970852422
29.800917137340424,14.685356523921154,110.63168137687917,91976.029119,91976.052215,0.9897957710891456
31.544479724238588,14.310270703212572,110.20574785809349,91976.042453,91976.06659,0.818994765084876
33.55407613812628,14.071910014690488,110.88231077343688,91976.055786,91976.079976,0.9979614701701057
35.37557302089104,13.673280363113323,110.98253243283871,91976.069119,91976.095353,0.9681285401497784
36.83082540241043,13.10856330530337,110.09818611491471,91976.082452,91976.106852,0.9791983609474746
38.61646016938982,12.620382897340193,110.4370593726348,91976.095786,91976.122119,0.9887096458564092
40.08616685165029,12.071325673886024,110.01941464846396,91976.109119,91976.132697,0.9910746471610898
41.68573255703695,11.616717927454442,110.17127686410144,91976.122453,91976.145567,0.7793409070918147
43.1560373232973,11.17949176658967,110.19855903189739,91976.135786,91976.159645,0.9234295605251366
44.43316773600337,10.67221997091534,109.92554951699444,91976.14912,91976.173808,0.964851237936003
45.835758978942934,10.267511980019608,110.29030098275489,91976.162452,91976.187718,0.9771225354657372
47.081965418035644,9.882088312902471,110.37748974423684,91976.175786,91976.199431,0.9254521614118874
48.22857784469984,9.605490924184378,110.61172682072359,91976.189119,91976.212456,0.9702650859261777
49.16948399724693,9.339816817820784,110.55513620736387,91976.202452,91976.2264,0.9854649950408899
49.92971447598548,9.075598716285622,110.328744809741,91976.215786,91976.239382,0.9370978654106976
50.59215675859798,8.818787959309583,110.14999993057478,91976.229119,91976.252973,0.9003490198799141
51.349515777145996,8.606879792783017,110.35167680228483,91976.242452,91976.265484,0.907804878828863
51.87128720492364,8.42135922678361,110.25460926011584,91976.255786,91976.281544,0.9813448164407711
52.5389548861526,8.297868301344225,110.62817847572866,91976.269119,91976.293061,0.9964091784428865
52.961574773150566,8.154136240504814,110.59031035135409,91976.282453,91976.30755,0.8907714790051912
53.28767728508434,8.02421218941145,110.49698089646006,91976.295786,91976.319263,0.9374001849315895
53.49801854778294,7.895887846618634,110.24589439855907,91976.309119,91976.33251,0.9700766284326421
53.87612064915503,7.827905660478592,110.51765170325426,91976.322453,91976.347626,0.9523275309799888
54.02462012072287,7.7761955471266155,110.40231407893312,91976.335786,91976.36013,0.9701985925256223
54.16316397732225,7.72309641880038,110.40038531362272,91976.349119,91976.373261,0.8989774573533547
54.24706335154802,7.6473562056908015,110.403588644931,91976.362452,91976.386374,0.9811785202689634
54.36701326881094,7.592393861818438,110.50434108353629,91976.375785,91976.398947,0.8967395314180768
54.204026952128864,7.512757851534385,110.13239469661377,91976.389119,91976.414269,0.9508958990908583
54.23568314094788,7.457556977419301,110.20814771772714,91976.402452,91976.427451,0.8739494153050767
54.295040245227554,7.402887217046707,110.36909073556478,91976.415786,91976.441621,0.9275329024024833
54.17786693512119,7.355406117565741,110.32123325786696,91976.429119,91976.453067,0.9505656088970627
54.228256665444555,7.333374913479602,110.66383607596705,91976.442452,91976.465506,0.8268910475203777
53.8926074835126,7.289561716902545,110.27787035276177,91976.455786,91976.480501,0.9914220736922804
53.72895302140824,7.325557798089617,110.3575664289871,91976.469118,91976.492839,0.8455938814181628
53.536160110658514,7.360620908442784,110.4945571521219,91976.482452,91976.50595,0.978698033693686
53.17526357944416,7.389441798297303,110.35897615193069,91976.495785,91976.520123,0.8592196143651752
52.883416100378575,7.476524791399544,110.49409798468388,91976.509118,91976.531935,0.9594013394173881
52.35675059605324,7.586721130091239,110.24635860011786,91976.522452,91976.545686,0.9546368418258059
51.855154461218966,7.7196705754294666,110.18020158522572,91976.535785,91976.559485,0.9628563622341726
51.14917374657718,7.847668259649917,109.78299164590463,91976.549119,91976.573239,0.930414810039941
50.708719448920824,8.040602607345756,110.0709934892002,91976.562452,91976.586558,0.9356315836898554
49.77036681700504,8.186374074459636,109.38484798414358,91976.575785,91976.599187,0.9128401407804182
49.063066254735126,8.353370084997096,109.26281397245197,91976.589119,91976.612432,0.9163813434874709
48.28162359822579,8.504679954523327,109.0702766399573,91976.602452,91976.626416,0.9171086306408872
47.38194732671319,8.599993229282589,108.6469272911505,91976.615785,91976.639462,0.8885332033147167
46.468754578517306,8.679402460898498,108.31679588664088,91976.629118,91976.653522,0.9506895728796508
45.39030000715118,8.646728582187606,107.58871942614608,91976.642452,91976.666384,0.9487816491512004
44.315996960514944,8.562616986567683,106.95475256295822,91976.655785,91976.679763,0.8840074585663465
43.30945460293393,8.43986412177327,106.5050938732605,91976.669118,91976.692536,0.9284288448284856
41.896771322354915,8.101961331912653,105.06657603950691,91976.682452,91976.705973,0.8399831808163462
40.87118687389889,7.79319068566993,104.60077906010272,91976.695785,91976.720351,0.9365976014372408
39.57640416501464,7.3079412155967445,103.3861106072059,91976.709118,91976.733489,0.8418657932725377
38.414177169167864,6.730729406799452,102.5633206925973,91976.722452,91976.746816,0.9027270579385935
37.16530535845551,6.041990721531365,101.49869036840819,91976.735785,91976.760168,0.8804259147098248
35.90366244955034,5.241657028069543,100.41862376282685,91976.749118,91976.773782,0.9591348344455718
34.6562448069879,4.313740121549784,99.4532883841208,91976.762451,91976.786747,0.8738697458891067
33.2765716934662,3.235287243988061,98.06209296898871,91976.775785,91976.798997,0.9210111899447718
32.02498607730472,1.9976210245997874,96.97783543211611,91976.789118,91976.812602,0.9767235679972028
30.708418061490885,0.6302769421347683,95.71482109911973,91976.802451,91976.825947,0.9303339192176517
29.455790935636543,-0.8165570871990313,94.68252901848679,91976.815785,91976.841126,0.8254714212515362
28.229737949360622,-2.3377791846785496,93.67337309918777,91976.829118,91976.853264,0.8455889685728206
26.89557929740512,-3.872275312938572,92.19611926850584,91976.842451,91976.867997,0.9468562821261952
25.779929797585684,-5.4302915985807605,91.32367656484004,91976.855785,91976.879034,0.9766253127165195
24.685753871129158,-7.022878562676785,90.37760346804048,91976.869118,91976.893761,0.9408556769585104
23.633068946978675,-8.571575796272423,89.6653337855848,91976.882451,91976.90749,0.9476609823152509
22.445005475080432,-10.076654792682326,88.44415477021012,91976.895785,91976.926316,0.9404095252548994
21.4662946875318,-11.650550627328338,88.00737998558506,91976.909118,91976.932318,0.9235617973129966
20.476514769192796,-13.182059233673392,87.19458285467093,91976.922452,91976.945431,0.9172497703085302
19.552485343183044,-14.642157862680213,86.53199481615317,91976.935784,91976.960297,0.8896189039522056
18.609399230079912,-15.968340544514955,85.88384626564358,91976.949118,91976.973284,0.9413499915993967
17.68003522345721,-17.211628025249944,85.38975207912651,91976.962451,91976.986618,0.9214860639586915
16.804861362119553,-18.4187510427194,84.84117855469933,91976.975784,91977.000565,0.9694164128804029
16.011113682177882,-19.598879577457105,84.24577107436329,91976.989118,91977.012653,0.9537578354754692
15.290785180157036,-20.70987351380065,83.80387404436695,91977.002451,91977.025976,0.9251443711065558
14.590724982026382,-21.719134635310606,83.41453762745114,91977.015784,91977.040197,0.8981054909446855
13.915938874476838,-22.63753503282573,83.07331827478903,91977.029118,91977.052532,0.9702163206832848
13.294253651303098,-23.487565889961353,82.79751295541023,91977.042451,91977.065472,0.9443687442173437
12.720377770315329,-24.23936901589399,82.48804750129003,91977.055785,91977.079872,0.9012588555719604
12.161465423933883,-24.886220555169835,82.21945144688776,91977.069118,91977.093327,0.9865750899080042
11.579994434454944,-25.445930633185966,82.06488908799234,91977.082451,91977.109277,0.99385798418065
10.990271299666874,-25.913103221974815,81.90849233019611,91977.095785,91977.121778,0.923142689425885
10.442507479006817,-26.248778868143667,81.60555913622441,91977.109118,91977.132366,0.9782628868324363
9.966961121031511,-26.582506955020143,81.73673668180977,91977.122451,91977.147704,0.9757943207138204
9.438221228108551,-26.679588642355977,81.64617645770085,91977.135784,91977.159917,0.9588837003887688
8.875366884053076,-26.573154706917336,81.52709899385071,91977.149117,91977.173052,0.957964420725899
8.36878084198981,-26.349959240075645,81.45058924894406,91977.162451,91977.193217,0.989895175214106
7.947539064046264,-26.084837120935997,81.66630564968591,91977.175784,91977.208674,0.9378006798561558
7.548714200667678,-25.5737663540419,81.74542687782093,91977.189118,91977.212774,0.981399898426185
7.190364092387528,-24.919210092521052,81.94295735967887,91977.202451,91977.225876,0.9032524376955583
6.8646538529996874,-24.121769192562045,82.08410714931144,91977.215785,91977.239053,0.9538449200422997
6.644863245343567,-23.31719396576195,82.47939346371389,91977.229117,91977.252772,0.9288016209917719
6.514926971101914,-22.418008142018277,82.7999081876322,91977.242451,91977.267702,0.9758177607794479
6.450368955822788,-21.3904632095811,83.08397209292414,91977.255784,91977.280128,0.9624339464114264
6.475006977871854,-20.32956823773888,83.65981957112601,91977.269117,91977.300175,0.9742229084707623
6.593428474356834,-19.214739834796653,84.10869542879507,91977.282451,91977.30613,0.9736138965442406
6.806702773422446,-18.013799688143095,84.42755628341445,91977.295784,91977.319225,0.9923765129597258
7.137523848674555,-16.81067332669875,85.02666758794929,91977.309117,91977.332923,0.9988359389723823
7.549877075173274,-15.577749591347148,85.59023163787157,91977.322451,91977.34717,0.9453930777754441
8.061156245894761,-14.349546117825792,86.1307035157774,91977.335784,91977.359181,0.9798454530092291
8.655184745638149,-13.163615107439414,86.86770338832432,91977.349118,91977.374267,0.9784151400121032
9.326251498680405,-11.967046435783814,87.31718638962049,91977.362451,91977.38623,0.9982004394154047
10.11525199958732,-10.757724468095855,87.91695721488269,91977.375784,91977.399312,0.9875366484437548
10.983405306982116,-9.574685385031138,88.53590233715623,91977.389118,91977.412215,0.9572736178669091
11.939305082419681,-8.394237095828945,89.26668679239621,91977.40245,91977.425548,0.9893911994076897
12.938942189879192,-7.19462561617793,89.64738548649798,91977.415784,91977.439789,0.9949090616474288
14.090937629240722,-6.087770896701127,90.74482753418995,91977.429117,91977.452993,0.9893722692503379
15.236478958609238,-4.9764822068607035,91.1368182820445,91977.44245,91977.466756,0.9849939858408847
16.43924922650457,-3.945500595278855,91.68388480166877,91977.455784,91977.479971,0.9820514583516469
17.750094994917518,-2.975012047987098,92.53697600128996,91977.469117,91977.494909,0.995337439717816
19.064887801405508,-2.0999866855611122,93.06091307071723,91977.482451,91977.507137,0.9377359344471519
20.45660187168224,-1.3147571765144244,93.72424492375664,91977.495784,91977.521099,0.8886375719978707
21.845037318770622,-0.6490284817122192,94.11829080682702,91977.509117,91977.532754,0.9526590048582367
23.32922345313863,-0.045708346625704346,94.76552834693277,91977.522451,91977.545657,0.9606570169506691
24.804577002486997,0.4325481124894913,95.18747474082788,91977.535784,91977.559477,0.9248584811264323
26.348769186843022,0.8498366027908637,95.78378854083344,91977.549117,91977.57284,0.9838452975953199
27.849927479203515,1.1786929649593798,96.16323192921908,91977.56245,91977.586452,0.8493582669172772
29.414853794251492,1.4815044383325975,96.71036376805924,91977.575783,91977.598838,0.9905840633905509
30.84966834400789,1.6944230911450708,96.80769852704758,91977.589117,91977.615801,0.9597038091850191
32.487594428291075,1.8736113656031432,97.7350974757775,91977.60245,91977.625796,0.8517843623165362
33.87568440257647,1.9758436915374005,97.80765799969615,91977.615784,91977.641067,0.9700766284326421
35.333420266769515,1.9821318041321316,98.26328449647006,91977.629117,91977.653573,0.9931467251494265
36.719864098211474,1.91888225944982,98.46792930535933,91977.64245,91977.666323,0.9591484610437008
38.0905719491997,1.7980380938041862,98.7895324602317,91977.655784,91977.679333,0.9633524174503569
39.40984648089184,1.628552264374946,99.06302189512087,91977.669117,91977.692582,0.9075756634536086
40.62150232625999,1.4003550189032712,99.18424266607728,91977.68245,91977.706418,0.9019460033257317
41.76985432615656,1.1242585036061123,99.26965445442036,91977.695783,91977.719703,0.9879198695726761
43.00795094093765,0.833584261783624,99.69484384464852,91977.709117,91977.734032,0.8714022404693559
44.11481187138441,0.5725377467300024,99.95850819789293,91977.72245,91977.746005,0.9161689355510116
45.27935188747777,0.2877479726428369,100.47992243208722,91977.735783,91977.76021,0.775847607671834
46.04299923143958,0.026662683014911554,100.14294314524545,91977.749117,91977.77365,0.9754266745210177
46.77826351549312,-0.2738485888410263,99.97889005928285,91977.76245,91977.788824,0.9084236410242388
47.549807765960374,-0.5995835163070736,100.01498625917458,91977.775783,91977.800629,0.8846796936903627
48.24527757383411,-0.941409168456937,99.98595344290268,91977.789117,91977.813746,0.913446058982057
48.884684415130444,-1.2830966678738593,99.93600590129793,91977.80245,91977.825695,0.9004659249976907
49.292616963059764,-1.645416725304722,99.49905639205062,91977.815783,91977.838992,0.914653980183071
49.893532069375894,-2.0318545894726663,99.55127836761234,91977.829116,91977.852935,0.8957263164377482
50.226971434253805,-2.435011008639094,99.13717798183343,91977.84245,91977.866272,0.9325540835988867
50.53589828342276,-2.8466265792154744,98.76452605692893,91977.855784,91977.879274,0.8325268517095851
50.82831490892532,-3.2636723000307115,98.46424046702919,91977.869117,91977.892452,0.8941213940161554
50.98548370363653,-3.678406992580802,97.9290467821768,91977.88245,91977.906047,0.8802340288838371
51.0571980673946,-4.135723587492227,97.32997655706349,91977.895783,91977.921022,0.8408573840921283
51.03663991299851,-4.635866962650356,96.62273306017943,91977.909116,91977.932551,0.8180499733480665
51.05621382345999,-5.15242014474266,96.08411864563458,91977.92245,91977.945969,0.8461809281214665
50.875405338873314,-5.645016867365686,95.2176097505005,91977.935783,91977.958733,0.8402877915170001
50.668919399045286,-6.18808641608637,94.41881542690126,91977.949116,91977.973697,0.8263535561989875
50.38209683704257,-6.711894063674506,93.53311121171954,91977.962449,91977.987735,0.8300436308531275
50.13525663881624,-7.2615374362237635,92.79809737288402,91977.975783,91977.999247,0.8451803232615237
49.74455119960742,-7.8126541750558545,91.9267772664567,91977.989117,91978.013182,0.9307003431890314
49.351994288536225,-8.343087408585092,91.11332751864936,91978.002449,91978.025721,0.7991318578172923
48.82457287296622,-8.84392433664097,90.15929630564628,91978.015783,91978.039758,0.794221056022167
48.1742398731883,-9.302377138474995,89.10570033817322,91978.029116,91978.054293,0.827441148199933
47.489339408662886,-9.738675809867516,88.08118707850981,91978.042449,91978.067003,0.8419552976183416
46.82293590779516,-10.15373055537337,87.20540973374679,91978.055783,91978.079191,0.812039362080168
46.09361027638675,-10.512304055365941,86.30993343150364,91978.069116,91978.093095,0.7853151743264659
45.2445797913095,-10.813789747489565,85.29939569289522,91978.082449,91978.106514,0.8236997953474545
44.37750382418971,-11.066801078828199,84.35842320165257,91978.095783,91978.118744,0.8157827493055352
43.499591500918854,-11.300678207488936,83.51123555894503,91978.109116,91978.132685,0.9015102934682998
42.50215495198087,-11.474229821272706,82.5080003947282,91978.12245,91978.146267,0.8272395175389564
41.57995141969591,-11.664634179534449,81.78053240036259,91978.135783,91978.159125,0.8235950179968266
40.50555776832257,-11.806959632089587,80.81212424647687,91978.149116,91978.172613,0.7980783803860774
39.44311079823593,-11.939609912734891,79.96203146099484,91978.162449,91978.187507,0.8651074104952874
38.24519893225092,-12.051507510485996,78.90303726902269,91978.175783,91978.20027,0.812491139838962
36.99803752186941,-12.145600601443766,77.79180628240535,91978.189116,91978.212442,0.826729007398231
35.76315975227901,-12.24202856576249,76.77061491127836,91978.202449,91978.227484,0.8354846846710123
34.50337672365456,-12.309623858088205,75.70117246940494,91978.215782,91978.240894,0.8640878479601551
33.242233754999575,-12.352633441822713,74.65660263088115,91978.229116,91978.252834,0.8350883056155655
31.93252759913069,-12.392068563015153,73.51746675464601,91978.242449,91978.265549,0.8853761834513767
30.653306137153503,-12.507588494531896,72.49148449413326,91978.255783,91978.279009,0.8673059734838607
29.309158316623982,-12.649357912617894,71.3277370620534,91978.269116,91978.292409,0.8565993281036812
28.032329805524075,-12.785794817180852,70.26717408868032,91978.28245,91978.305654,0.8998033411337925
26.726811648417513,-12.860211885651236,69.02016973485543,91978.295783,91978.31937,0.9312992729210243
25.494502623442607,-12.934076457887159,67.89694574750847,91978.309116,91978.333113,0.943734406430412
24.296408213807076,-13.015155207057493,66.79221782214096,91978.322449,91978.346922,0.9137434423879895
23.17133125645578,-13.123735529698873,65.86890170012508,91978.335782,91978.360423,0.9017333757149283
22.035166345114817,-13.200648610127214,64.7366585344157,91978.349116,91978.375275,0.901317128213384
21.069675228078236,-13.366230353593949,63.96655578152074,91978.362449,91978.38743,0.9229785530422426
20.124265605025368,-13.559748920713268,63.16754227212732,91978.375782,91978.40102,0.9322067722387065
19.19881235450656,-13.751235481895138,62.41203390003704,91978.389116,91978.413573,0.8938601816759435
18.316076432450693,-13.937176003657257,61.70266767562691,91978.402449,91978.426666,0.8998935416309085
17.525603152471355,-14.138699845971143,61.128732822413674,91978.415783,91978.439748,0.906228720333674
16.801439984508985,-14.309803595454982,60.592931145921206,91978.429115,91978.457779,0.9290044651166153
16.147872861344993,-14.438893931222495,60.14255237431183,91978.442449,91978.465989,0.9539369842275083
15.553548076703635,-14.533501361645596,59.811408808143355,91978.455783,91978.478977,0.9733099554462382
14.98026894341884,-14.566306458096054,59.44012086762127,91978.469115,91978.493819,0.938930408468668
14.48524413592479,-14.587830865314103,59.19582497856647,91978.482449,91978.506087,0.9595582447147135
14.049641512328444,-14.598632820583715,59.00861840499724,91978.495782,91978.520088,0.9309190054200623
13.642235411241552,-14.573286996917608,58.87602442597872,91978.509115,91978.532332,0.9874006120574582
13.261810796647895,-14.528085494926955,58.85493839954093,91978.522449,91978.546684,0.9809991118209133
12.909911720363288,-14.44496311050035,58.825366327409505,91978.535782,91978.561319,0.9729549681325218
12.613216557164487,-14.342509228759164,58.901242558521496,91978.549116,91978.574703,0.9869309882508038
12.367278748459416,-14.22372986849019,58.97589207082047,91978.562449,91978.586062,0.9608030661929957
12.1730264960382,-14.108945699215038,59.18745315388376,91978.575782,91978.600814,0.9616367868598759
11.998016542307074,-13.96646164136655,59.4007821227097,91978.589115,91978.613214,0.9588268506744148
11.861961926150446,-13.826884910513884,59.68126852757966,91978.602449,91978.626401,0.9625339168434373
11.762725899277584,-13.697833139163329,60.021286317947094,91978.615782,91978.639302,0.9258956514232409
11.722653218986752,-13.54988512556632,60.3785127246165,91978.629115,91978.653216,0.9056889226020982
11.70419041884172,-13.387262298527954,60.81907490511044,91978.642449,91978.667751,0.9858098234698696
11.706382487846472,-13.188446278074514,61.29852437343235,91978.655782,91978.67932,0.9586088867356776
11.735910149245333,-12.965643578699156,61.861398721321926,91978.669115,91978.694263,0.9681125788674179
11.82949270775766,-12.77317502716254,62.54386179233126,91978.682449,91978.705965,0.9635572772432439
11.966942310918718,-12.565871649229058,63.23637351614741,91978.695782,91978.726911,0.9462201769791744
12.133577412586689,-12.320670225923934,63.975504460031786,91978.709115,91978.732881,0.985353369062064
12.30964409302793,-12.045468351970072,64.76124364430746,91978.722449,91978.746815,0.9442098704201204
12.536003808581924,-11.766062833619916,65.63595159410856,91978.735782,91978.758749,0.9634900286786259
12.852857438086575,-11.501498853122518,66.70085327818605,91978.749115,91978.772453,0.9697457407791807
13.223775558019515,-11.19860733234639,67.73043782387407,91978.762448,91978.789833,0.9292716432080208
13.634351879693492,-10.845306873368438,68.91670990523289,91978.775782,91978.799248,0.9406442679278786
14.06582430097713,-10.395741996295072,70.22309505558879,91978.789115,91978.812022,0.9786418855750838
14.531252551966306,-9.887030407294036,71.60959174817651,91978.802448,91978.825894,0.9924698858020767
15.114595533477809,-9.35987464979811,73.29881226201023,91978.815782,91978.840844,0.9168646309463276
15.755374038597651,-8.733256352606805,74.80030471435128,91978.829115,91978.857113,0.9812409416488862
16.50437062714416,-8.041456815614676,76.6310041843818,91978.842448,91978.868194,0.9349581746411193
17.3201275531722,-7.2294336904002225,78.80929085032153,91978.855782,91978.878916,0.9442838365767792
18.128696809047813,-6.342830926577276,80.82257940991475,91978.869115,91978.892374,0.9795162958088004
19.045259347477863,-5.434223946239696,83.32635746638823,91978.882448,91978.9076,0.9798342052256945
19.958961282206026,-4.498261412733439,85.86838364275009,91978.895781,91978.92107,0.9591432038490846
20.821706345757168,-3.556423576254175,88.28892835792149,91978.909115,91978.933993,0.8951782683043243
21.72046521044347,-2.613015201585864,91.07099744841578,91978.922448,91978.947355,0.9887170076378599
22.59003174688095,-1.7251654119370392,93.75512438484283,91978.935781,91978.95959,0.9364662604263296
23.461823603627483,-0.9023667550856417,96.45348718273314,91978.949115,91978.972526,0.9556069294247653
24.395447005290077,-0.05800678994177684,99.34531084902311,91978.962448,91978.987443,0.9870846155449696
25.36648637999214,0.7295689677349608,102.34100739999658,91978.975781,91978.999517,0.9995449393364556
26.26852788607792,1.5558661982497868,104.98702667635949,91978.989115,91979.012416,0.9609587242229964
27.22719516384621,2.3936637830052216,107.85406569775495,91979.002448,91979.025572,0.9270051187327515
28.228588373932297,3.123597958801126,110.79289569658273,91979.015781,91979.041111,0.9403132251888677
29.233014608496028,3.8212282009304746,113.61098025944413,91979.029114,91979.053474,0.9460454207372998
30.17465869353843,4.469347570677558,116.26190363545605,91979.042448,91979.065554,0.9607158027530405
31.125314914745115,5.070511752905041,119.01326239961304,91979.055782,91979.079154,0.9598815268115554
31.99324223310066,5.609240453229212,121.38699470084003,91979.069114,91979.092527,0.9790320568880476
32.879299466617624,6.03556368279888,123.99636237274318,91979.082448,91979.105923,0.9967143202631975
33.7600383731196,6.436397464682928,126.77586976913352,91979.095781,91979.119696,0.9322095370691367
34.46765340709041,6.762147429676233,128.88077531503808,91979.109114,91979.134112,0.9569438423735233
35.11015368019201,7.028158488380281,130.9932649006307,91979.122448,91979.146485,0.9181043089829779
35.8433551300676,7.265373388635733,133.4002734346562,91979.135781,91979.162017,0.9181961440705059
36.57016514801588,7.511058049519167,135.97859160036683,91979.149114,91979.172329,0.9822647202024153
36.931604989173934,7.657597222806375,137.2374445409384,91979.162448,91979.187268,0.8803594599305309
37.54113144145961,7.9049766250483735,139.47103573580927,91979.175781,91979.199688,0.9860865239063333
37.9111475254794,8.046411337565605,140.92256385030862,91979.189115,91979.21245,0.9557924558940195
38.622399633539146,8.342781578799348,143.7793036658203,91979.202448,91979.227446,0.8846841812133789
39.009426408142296,8.423493754751512,145.52032839734136,91979.215781,91979.24139,0.9062366420084385
39.255121794126396,8.531144144513576,146.69632703189228,91979.229114,91979.254671,0.9977367079062777
39.43670380122612,8.576251684792139,147.87653943284266,91979.242448,91979.265931,0.9638690452769865
39.608365064728126,8.626666803769409,149.08779884845708,91979.255781,91979.280902,0.9016145055950541
39.93864465340226,8.731432830463755,150.79500761085717,91979.269114,91979.292969,0.844729884974802
39.71380470560275,8.721354878537737,150.48820522672446,91979.282447,91979.307322,0.8905896677793728
40.39582797250335,8.935669279860033,153.8773898842884,91979.295781,91979.320178,0.8658245441695093
40.218145852545916,8.924681211672182,153.73032983862387,91979.309114,91979.334605,0.9427958189347844
39.785567388966655,8.783636557703357,153.2055755749952,91979.335781,91979.359067,0.8471365326585428
40.48412891419737,8.914305088667243,156.82401899553972,91979.349115,91979.373602,0.9184802051657821
40.493728526735325,8.757171303322744,158.23852311303574,91979.375781,91979.398898,0.7898398378379231
40.58684488075221,8.607710064739615,159.7766634863913,91979.402447,91979.426991,0.8965379198927043
39.92197775532426,8.393766546263542,157.55918249962903,91979.415781,91979.439058,0.865915654300681
40.18888201944243,8.480343796339584,160.14679267768224,91979.442447,91979.466347,0.8826172953959962
40.148633678523616,8.479559777826283,160.6580986679837,91979.455781,91979.47916,0.8681136023869767
39.98011986535186,8.45370682162162,160.66079628774878,91979.469114,91979.492816,0.8441395572363641
39.88991860599493,8.485562903855696,161.20031336709863,91979.482448,91979.507585,0.8408710750264016
39.197528661786414,8.465478410455539,161.63538503815613,91979.535781,91979.559905,0.7708789283437021
37.205927185673374,8.403999662104328,160.65811162051017,91979.615781,91979.639935,0.7736769025153841
36.82780509462986,8.436976460590024,160.5666905542322,91979.629114,91979.65242,0.8554302794332393
35.992081739493706,8.624341516303039,160.93600166758156,91979.655781,91979.67885,0.8554998147407047
35.07520478867013,8.622145563817151,159.10048498891356,91979.669113,91979.692042,0.8412118964095823
33.79149338081813,8.849361259166711,159.33065763721396,91979.69578,91979.719946,0.9377021357622743
32.96425492741006,9.043039754890968,158.70685130690174,91979.709113,91979.733825,0.9099451226795466
31.98949337744815,9.258805468973064,158.05241333791008,91979.722447,91979.745811,0.9342601332012422
30.006813158510937,9.688070701786325,157.258525811836,91979.749114,91979.774439,0.938369627329815
28.902933600447774,9.879141264318012,157.18874055329863,91979.762447,91979.78629,0.9395727287686625
27.605014129648314,10.055033977685264,155.93329513245214,91979.77578,91979.807563,0.8832983623611177
26.347857481593405,10.242044507743977,155.31784104045045,91979.789114,91979.813736,0.9336721092299269
25.042539223733094,10.431567709220374,155.20081567252538,91979.802447,91979.82712,0.900549971107078
23.58246197204604,10.52766635533059,154.50176860920575,91979.81578,91979.839099,0.8488967187799703
21.919076523697015,10.590724682964298,152.75286830122724,91979.829113,91979.853229,0.9274655423374973
20.3362570822251,10.878588488180299,152.1637476389709,91979.842447,91979.866303,0.9730177004904497
18.823237452630977,11.07390752621397,152.3815053270041,91979.85578,91979.878974,0.9218749152891165
17.132823086370085,11.335223810374053,151.34627775788678,91979.869113,91979.900225,0.9608117660783981
15.468213371595706,11.51508713716996,150.87084663455164,91979.882447,91979.906193,0.9852216382364255
13.807208776539774,11.708311922270433,150.30738167944935,91979.89578,91979.920123,0.9254005195500148
12.105445974231007,11.77084967870191,149.41859786806853,91979.909113,91979.932143,0.970310157333077
10.443227288916315,11.717682136128184,148.33447010143485,91979.922446,91979.946162,0.9557615304700532
8.769922696411676,11.765777324301256,146.99267502839302,91979.93578,91979.95854,0.98217470562853
7.122998826071151,11.739081382842123,146.0159705682863,91979.949113,91979.973648,0.972289033669894
5.510810361655533,11.714512660059604,144.9144851258565,91979.962446,91979.986493,1.0
4.012705026177483,11.61423656267055,144.0567227441448,91979.97578,91979.998702,0.9476789320103417
2.5606992785887606,11.458347304399357,142.69828206294446,91979.989113,91980.012619,0.993119700775815
1.1809610294992736,11.357155454182365,141.75131897918027,91980.002446,91980.026202,0.9772769056933689
-0.14961701736124636,11.227039058290828,140.81202861962635,91980.01578,91980.040735,0.944924118898954
-1.403100994866582,10.999469665444032,139.70148537254892,91980.029113,91980.053566,0.9765228506778388
-2.553256763866215,10.769137757523291,139.08005659592934,91980.042446,91980.067355,0.9632244237306122
-3.6381641066326034,10.46964284303679,138.0738662401189,91980.05578,91980.07911,0.9318836280178658
-4.640496371882149,10.18588547349543,137.41620515865444,91980.069113,91980.094417,0.89823854264531
-5.484842711746119,9.783850019013254,136.29685119251866,91980.082446,91980.107025,0.9593850788132218
-6.253414510347515,9.266758838341032,134.77359995715918,91980.09578,91980.119399,0.963107678247072
-6.9207322872848405,8.82292784327847,134.05039241090276,91980.109113,91980.133318,0.988669993408336
-7.475229663463184,8.34219850659271,133.3602790518834,91980.122447,91980.146311,0.9650317561945552
-7.939219911176291,7.815550089985775,132.70936560020667,91980.135779,91980.160742,0.9509881865506582
-8.139162195118656,7.272937066951192,130.74689115381435,91980.149113,91980.179538,0.9492062457602288
-8.266336460515735,6.714613411659051,129.89395356072936,91980.162446,91980.186351,0.9774412208185894
-8.166407369028004,6.143767520264504,128.60534314841055,91980.175779,91980.201514,1.0
-8.155307047026021,5.655669611066151,128.6623616166124,91980.189113,91980.212951,0.9659909091252166
-7.795940982153371,5.159756542718515,126.66443165864624,91980.202446,91980.226066,0.9701700736015515
-7.323393698354714,4.629732331116145,125.2739117332041,91980.215779,91980.239673,0.9320228286986291
-6.640512750017441,4.036389613844327,123.93967857609724,91980.229113,91980.252648,0.8871019952912158
-5.826751575071846,3.5156632501168192,122.85717265596224,91980.242446,91980.26545,0.9504388459409954
-4.87621899038203,3.100800768468289,121.84930585505441,91980.25578,91980.278874,0.8772121580615944
-3.8148242204441485,2.7567610546476984,120.33439299339368,91980.269113,91980.293265,0.9742996701512225
-2.596819555563254,2.443715527684211,119.21897405621108,91980.282447,91980.306087,0.9696130025151863
-1.2047603275163543,2.106756525981558,118.12864645052795,91980.295779,91980.321944,0.7973081407966482
0.38764300845993765,1.7206562238622805,116.73788206034398,91980.309113,91980.332339,0.9353185510797565
2.0715460850258838,1.4399525245706102,115.70175291931176,91980.322446,91980.346161,0.8921151829729868
3.8574021313929086,1.1723426399262908,114.54779568093457,91980.335779,91980.359034,0.9956100338764959
5.737253780351295,0.9204391535178638,112.99554416379962,91980.349112,91980.372335,0.9542003137694223
7.707339068972228,0.6598752406124883,111.89333870629049,91980.362446,91980.387999,0.8344172794857234
9.84449574737649,0.42398165078077954,111.28141071213719,91980.375779,91980.398608,0.9098090674599885
12.00142870340173,0.18966166783980834,110.0233239037306,91980.389113,91980.413064,0.8712094762796934
14.248262431860855,-0.011860181449337606,109.18539371302414,91980.402446,91980.426674,0.9034452292004641
16.508815827927922,-0.22128556445452638,108.08297047921202,91980.41578,91980.439135,0.8978919865139782
18.894394131333485,-0.4052623597319468,107.32093551367505,91980.429112,91980.453074,0.9154763209898502
21.237705107924985,-0.5477524786021909,106.03769991495136,91980.442446,91980.465861,0.9762316443820178
23.467072248602868,-0.7226272940205285,104.1971105841084,91980.455779,91980.480267,0.9526696018449624
25.909183654439467,-0.9235960867353074,103.63978250997307,91980.469112,91980.494499,0.964219766830623
28.179552677956114,-1.2508305109227857,102.45102339511894,91980.482446,91980.506257,0.9238565434368271
30.336656864012436,-1.6533985055623803,101.03562041035309,91980.495779,91980.519615,0.9618136455026884
32.66223572958179,-2.0021038353818055,100.40160080661222,91980.509112,91980.532097,0.8996147195794902
34.9896915167991,-2.3991677079763885,99.87627515498576,91980.522446,91980.547059,0.9551433039900443
37.076416794650406,-2.772568732333961,98.9503688116748,91980.535779,91980.559772,0.9909360238582593
38.92856807567603,-3.2174758007166,97.56744957667115,91980.549113,91980.574083,0.8946648450075299
40.90835220095655,-3.7074031775566514,96.89710089505371,91980.562445,91980.586946,0.9519476464142744
42.7549961393428,-4.198752955522973,96.10734258682575,91980.575779,91980.599558,0.9243147625596771
44.58723478075921,-4.73092337711095,95.49638451394435,91980.589112,91980.612345,0.9999921280438886
45.95722942813296,-5.218936765929718,94.07470541038592,91980.602445,91980.627822,0.8504831619150165
47.798249425673326,-5.813768245758873,93.93061900702794,91980.615779,91980.638988,0.7518027272888347
48.84157216615101,-6.309424839145734,92.42331892902402,91980.629112,91980.653783,0.8608715180093273
49.98368347318028,-6.875570546268072,91.40657355249054,91980.642445,91980.666051,0.9772825334955865
51.0407730344442,-7.460167323235891,90.45163710611251,91980.655779,91980.68155,0.8971402676133777
51.935986082448494,-8.036495579882043,89.44158213900641,91980.669112,91980.693143,0.8375352691619908
52.70503849939303,-8.632431314997396,88.43398317681292,91980.682446,91980.706269,0.9720064824102211
53.51312091079564,-9.269470714074425,87.76870995251488,91980.695779,91980.719414,0.7790965995566833
54.165632392130625,-9.884568206793102,87.09661020886983,91980.709112,91980.732493,0.8152815931058088
54.76830451518991,-10.507910251276568,86.53431849719222,91980.722445,91980.745589,0.7542772889090226
55.17387727453288,-11.137476464352421,85.84055181635777,91980.735779,91980.758768,0.8493069798667449
55.441845424393364,-11.76648635980415,85.10856819488028,91980.749112,91980.773717,0.7924455799768902
55.83910150188549,-12.455281809065406,84.77227138395357,91980.762445,91980.787277,0.8786074777059281
55.93672659308443,-13.116584141546705,84.12779000444519,91980.775778,91980.801186,0.8013973040276327
55.88515988922196,-13.782800240074804,83.40515599413165,91980.789112,91980.812241,0.7632931652280813
55.898390798469705,-14.540396927693251,82.94703818472388,91980.802445,91980.827078,0.7255096064675176
55.73506327569889,-15.280681757133276,82.36426515136714,91980.815779,91980.84115,0.7411006673338735
55.52867258586533,-16.048182945826692,81.90301441916974,91980.829112,91980.852882,0.7913387126137041
55.04811252977733,-16.749325397028485,81.18848852376762,91980.842445,91980.87375,0.8144018922785619
54.50454294966914,-17.455535299945932,80.57345006762736,91980.855779,91980.880776,0.8202037636254237
53.782607605228485,-18.151688127086043,79.83766150944324,91980.869112,91980.894393,0.7976828100534559
53.02024697115266,-18.905616706724707,79.22174243837715,91980.882445,91980.905973,0.7679986279604784
52.12381854761575,-19.651411276370364,78.52839505368749,91980.895778,91980.927625,0.8023896638001017
51.24859498981577,-20.47800230041898,78.11228618988414,91980.909112,91980.933997,0.8107283637286385
50.099596400692114,-21.16773215099441,77.42593380030507,91980.922445,91980.947241,0.8456986254607957
48.816316674489606,-21.783018703086483,76.68100557025834,91980.935778,91980.965202,0.8557384684500945
47.611508881194624,-22.402331928363786,76.21630318819773,91980.949112,91980.973191,0.9593573303474808
46.300183649629936,-22.996928523231507,75.75895925539754,91980.962445,91980.986019,0.9356633708481539
44.79585730076733,-23.488505803826577,75.19823414008589,91980.975778,91980.999572,0.8485307135862435
41.694619967272786,-24.26241140794444,74.53831970130547,91981.002445,91981.025991,0.9824196640716025
8.360392004772713,-17.955349202964527,78.09598576463323,91981.242444,91981.266222,0.9648123098921657
6.81733189143319,-16.95691063274971,78.88158985398991,91981.255778,91981.279012,0.9956432338801248
5.363502890856047,-15.948870641393677,80.05168809078029,91981.269111,91981.29894,0.9984714996039288
3.9460600676457633,-14.797407857322725,80.71272381055245,91981.282444,91981.305883,0.9214438828933825
2.636907724246203,-13.604430174004905,81.15294795469227,91981.295766,91981.319478,0.9171403823061635
1.4254996305914187,-12.515254305586973,82.08116987774568,91981.309099,91981.333315,0.9833089279885014
0.2988320883151536,-11.448325262043815,82.96841592738303,91981.322433,91981.353857,0.9556494188571685
-0.7309846309510477,-10.422922170467809,83.74714233249395,91981.335766,91981.365879,0.9571608958773814
-1.6473940816017836,-9.463864865408183,84.47539387926216,91981.3491,91981.379312,0.9751586993133826
-2.4908230654233114,-8.60182557894739,85.40837041554035,91981.362433,91981.389968,0.9629056613565774
-3.2567022498824763,-7.782587962731152,86.28710289206927,91981.375766,91981.400186,0.9731503059646501
-3.9155773302426757,-7.0095601531092075,87.0458764874389,91981.3891,91981.415544,0.983138104838557
-4.497429567993025,-6.262881402225632,87.79015911709068,91981.402433,91981.428947,0.9964763462239844
-4.998927980212513,-5.570482886485524,88.68093698357896,91981.415766,91981.4392,0.9997711384577301
-5.351594489219285,-4.9082439085944385,89.18979445262389,91981.429099,91981.452483,0.9655723334832853
-5.63078324334688,-4.321045648276568,89.87803047019692,91981.442432,91981.465772,0.9381140594925083
-5.793588558148282,-3.7902570923511045,90.50511665543227,91981.455766,91981.48054,0.947647439776457
-5.890509562279754,-3.3113840909153955,91.4107159536349,91981.469099,91981.49281,0.9417902793182085
-5.839934710870958,-2.849801454651815,91.89951469936254,91981.482433,91981.51545,0.9134435915716888
-5.723667705869335,-2.440143258738818,92.51064623503846,91981.495766,91981.519771,0.9804726634879894
-5.495328472283167,-2.0337692479038036,93.087113406936,91981.509099,91981.533434,0.9748056593004599
-5.1649924141949946,-1.6858772108036728,93.7778272989115,91981.522433,91981.546464,0.988840619910081
-4.69706744741641,-1.3590284682810423,94.21124807241165,91981.535766,91981.561817,0.9792934718544942
-4.136207402951345,-1.0743499563929642,94.84745533677983,91981.549099,91981.57461,0.9999386051346371
-3.456405432657441,-0.7507069808474041,95.21026196959426,91981.562432,91981.586419,0.9817422722598041
-2.6171430523171555,-0.48426843379110945,95.66007417771354,91981.575766,91981.600974,0.9578044042132874
-1.6407131279992404,-0.23556955195210344,95.79795048166041,91981.589099,91981.619917,0.9319391004365636
-0.524843755583095,-0.008972248273670023,96.11469570588608,91981.602432,91981.62651,0.8856932053932784
0.7317046610892924,0.17987514853605485,96.60716627127381,91981.615766,91981.639501,0.9441419272076856
2.147173314520007,0.3331592664906274,96.44591059467808,91981.629099,91981.654196,0.9242462414358883
3.7084477553905653,0.4317574521509678,96.54180074949629,91981.642432,91981.666708,0.9392059284015495
5.432276388586101,0.48475851123030894,96.82989928210102,91981.655766,91981.68766,0.9608966220225021
7.282744949829786,0.48180262132108187,96.66254920965983,91981.669099,91981.700129,0.9952269204522188
9.233625200264983,0.4942666099224529,96.89510719027881,91981.682432,91981.706862,0.933916240390576
11.19895160929965,0.5085499454837248,96.79196323873093,91981.695765,91981.725652,0.9566911306392503
13.31479930545397,0.49830266004652546,97.24778500074216,91981.709099,91981.732959,0.9251125347697566
15.40097648320642,0.44972494883641745,96.91698029860925,91981.722433,91981.745903,0.8910086119714499
17.541508628459678,0.29826036069078427,96.80169456435036,91981.735765,91981.759798,0.9476054050103419
19.74006317563885,0.11918622010020091,97.05585252131257,91981.749099,91981.773169,0.98995165316981
21.813915032790025,-0.10241284889025537,96.8091488345216,91981.762432,91981.786428,0.9598038578839596
23.916806459393353,-0.42140862971766213,96.85575403873597,91981.775765,91981.799674,0.9601552235883002
25.937233563301515,-0.8345066883126301,96.56613545066611,91981.789099,91981.812346,0.9337486049938434
27.934167974659687,-1.2905950986018935,96.28519100868202,91981.802432,91981.825754,0.9287604460594358
29.938478042789846,-1.7702113992576183,96.31282203720066,91981.815765,91981.840237,0.9995226509640492
31.892942626442313,-2.325398155170742,96.3420928427102,91981.829098,91981.853475,0.8847312256475313
33.8129508091804,-2.9396447649332083,96.52027583410414,91981.842432,91981.865917,0.9883393139923663
35.66117628986056,-3.612189532133713,96.75777701622279,91981.855766,91981.879963,0.9564657924969873
37.16932005114581,-4.2449394569793,96.30255986322734,91981.869098,91981.892208,0.888852942907344
38.64070946929546,-4.891627893743434,96.13244515632734,91981.882433,91981.905629,0.9006624659665993
40.037423159711786,-5.5546109782441,96.10464401659273,91981.895765,91981.920097,0.9546830487822981
41.41364050113493,-6.207192016477783,96.32290906613812,91981.909098,91981.938808,0.8699529516868354
42.51983665211404,-6.778059569758568,96.27115330157477,91981.922432,91981.947521,0.8968867137303499
43.48785617356832,-7.291961901085275,96.18855080201914,91981.935765,91981.959021,0.8731032850158782
44.402054141319475,-7.807417351156022,96.26800482196109,91981.949098,91981.972295,0.9953686787489038
44.97075974971168,-8.213622598675167,95.87077712640722,91981.962432,91981.988408,0.8894922652896312
45.576094600847426,-8.613332098220205,95.85944408478237,91981.975765,91981.999012,0.9429235471808436
46.159116525578746,-8.956993087311183,96.11764408833905,91981.989099,91982.013435,0.9418647458853598
46.39762200894988,-9.192236260950517,95.94998029379127,91982.002432,91982.025643,0.7552175264261465
46.4822688955528,-9.351542743529212,95.66707007841052,91982.015766,91982.039272,0.96119176689074
46.745944269802806,-9.512531496566753,96.03163024984676,91982.029098,91982.053063,0.9309441126185846
46.65586733653379,-9.57305102852157,96.00309253871707,91982.042432,91982.067292,0.9574429000597334
46.42221736760316,-9.542536820350943,95.98484616149392,91982.055765,91982.080217,0.7550027718272222
46.003399010762266,-9.414233387017116,95.85178435703936,91982.069098,91982.092475,0.7558513272963852
45.541907015936275,-9.237286978132374,95.94614141229462,91982.082432,91982.10629,0.8238919184048155
44.675870959027584,-8.94651664967919,95.51337936510969,91982.095765,91982.120823,0.8861374375218799
43.84994649277045,-8.62760464658057,95.52224001468062,91982.109098,91982.132433,0.9126636875012719
42.7710047476377,-8.214962252179443,95.32028775831722,91982.122432,91982.145996,0.8701850094662379
41.63217475829895,-7.787217567318901,95.35284360797746,91982.135765,91982.159128,0.7822684288209897
40.367266955245896,-7.34307015183888,95.37341137818349,91982.149099,91982.173226,0.955744952711327
38.669960387293436,-6.809597599277946,94.67355154902009,91982.162431,91982.18593,0.8966620666321878
36.94386825496333,-6.309513867622739,94.24864640058692,91982.175765,91982.198969,0.9413299643515555
35.283687958713834,-5.849450996020779,94.4653879991141,91982.189098,91982.213112,0.9317737626549085
33.33579459451039,-5.358536258439466,94.28746822128736,91982.202431,91982.226386,0.9327431281669333
31.3225768583277,-4.895330820546004,94.1439208266086,91982.215765,91982.241726,0.9304457962723108
29.24685522634097,-4.440029329901789,93.89457445687083,91982.229098,91982.253325,0.9022589669990653
27.062503688309693,-3.9698078477618903,93.74888993826372,91982.242431,91982.26545,0.9134324145090815
24.889849776745987,-3.534263222020888,93.65574512724591,91982.255765,91982.279025,0.9890221389765561
20.480422925674084,-2.9017467064493734,93.42583276669943,91982.282432,91982.305644,0.9417790263609648
18.35462714321572,-2.7337590025278726,93.32799206438024,91982.295765,91982.319688,0.9102475500513149
16.2619548962222,-2.6557231902312695,93.22816562177395,91982.309098,91982.334388,0.9819397672251248
14.263224816287785,-2.6332730583060404,93.52140343481946,91982.322431,91982.346044,0.9886217908301802
12.234771718822756,-2.667335244369586,93.23406392190167,91982.335764,91982.35941,0.9926989147420191
10.329975858023033,-2.777824149266468,93.25795919386418,91982.349098,91982.373233,0.956061875310527
8.570449008756515,-2.9375973182060995,93.25483679685995,91982.362431,91982.386636,0.9448349712044746
6.988963845704357,-3.0937365116504516,93.03250816411104,91982.375764,91982.398987,0.9327307011595017
5.549519330784219,-3.1916944319499705,92.9147961027937,91982.389098,91982.413773,0.9607736673758392
4.212417508542072,-3.219887888137743,93.25525822745344,91982.402431,91982.427751,0.9838044699882027
3.0427037123161074,-3.240074693915284,93.26209682706511,91982.415765,91982.439382,0.949131530065796
2.090122591836527,-3.283590401284674,93.09977374044743,91982.429098,91982.45296,0.987374845024997
1.2926877915355772,-3.3340295072251336,93.393055722037,91982.442431,91982.465427,0.9550226760131284
0.6660652146509913,-3.3392383862322115,93.59541913054174,91982.455765,91982.479575,0.9336750331747481
0.21180449052823486,-3.3145610268458303,93.5634585280563,91982.469097,91982.492729,0.9954536424401751
-0.06787616667630052,-3.2717108227968277,93.75973279454085,91982.482431,91982.507391,0.9135525502298402
-0.15441618375675273,-3.207163640233611,93.74087892812659,91982.495764,91982.520073,0.9617535258202655
-0.06742720456446591,-3.118671820648545,93.93233211218318,91982.509097,91982.532506,0.9730505201953342
0.1788107349537051,-2.9919866594156335,93.85976144883814,91982.522431,91982.54805,0.975928984678351
0.5461850864298519,-2.845660809135607,94.08915152504213,91982.535764,91982.559142,0.9671286668429808
1.0538865831009605,-2.641573484247718,94.29497603537462,91982.549098,91982.574179,0.990413075744312
1.70946078604147,-2.3986259501425193,94.40324309945456,91982.562431,91982.58646,0.9616186096448757
2.52651345573863,-2.1300963979004806,94.64286527019429,91982.575764,91982.600053,0.9446775852765189
3.476678438523918,-1.7795400975638538,94.74897048754983,91982.589098,91982.612204,0.9709519275243554
4.5314303151126945,-1.3639718846659843,95.0185570671398,91982.602431,91982.62626,0.9349706874748449
5.698391732771071,-0.8896218865326487,95.22909449228645,91982.615764,91982.638885,0.9549577468146223
7.017350704286209,-0.39819995740501757,95.43437184795653,91982.629097,91982.658619,0.8854068943908046
8.504277000787676,0.12913638942244296,96.07346460371778,91982.642431,91982.665548,0.9166805804217355
10.059828284304537,0.7074419332466493,96.45322160492421,91982.655764,91982.679616,0.9949496283654881
11.730990976913251,1.3506832477362232,97.4568961239651,91982.669097,91982.692568,0.9202583067480226
13.347484761544093,2.0356709110299667,97.60961842835876,91982.682431,91982.706873,0.9297229957865338
15.081187294641186,2.752828448761888,98.63518096625006,91982.695764,91982.720642,0.9809277980277553
16.723577294603867,3.5160295575526606,99.22244934033364,91982.709097,91982.732481,0.9621831146089954
18.354597615494125,4.337546678209626,100.13304253304771,91982.722431,91982.745516,0.9657014150739713
19.926082962288277,5.291279099374435,101.21278850896825,91982.735764,91982.758978,0.9614473615840946
21.355168619516682,6.335854827111307,102.01529232661994,91982.749097,91982.772863,0.9455395317594276
22.74084726128566,7.391864399419959,103.03844798753408,91982.76243,91982.785557,0.7350674383179421
24.07909669071571,8.520841289423347,104.23771071733098,91982.775764,91982.798945,0.8852800369262696
25.31589289415644,9.567559630345858,105.47281197353874,91982.789097,91982.814431,0.93977868410185
26.51734842623985,10.639200641231866,106.9620652060634,91982.80243,91982.826042,0.8870492429913062
27.570541671883007,11.69108277934007,108.28654905628736,91982.815764,91982.839465,0.9702164843768103
28.60105836402281,12.76565776432028,110.1268890312653,91982.829097,91982.852655,0.9969462903701858
29.320763807930003,13.6444436680186,111.0197305992125,91982.84243,91982.86563,0.9466539727206689
29.926200378321425,14.444294154262558,111.98736571544703,91982.855764,91982.879204,0.8677795483995479
30.886833589823937,15.48379058519278,114.890145592507,91982.869097,91982.892706,0.9246089841142942
31.704645120432488,16.88449840570864,117.51323747676018,91982.895764,91982.92049,0.8799448805470016
31.870804189658237,17.366940835594516,118.41198568642729,91982.909097,91982.936759,0.9823514800412273
6.3743187429416786,20.30624335067788,129.40041442868593,91983.269096,91983.293629,0.9536202909748683
4.980483400620734,20.02792054265265,127.74041860924056,91983.28243,91983.30688,0.9133287489100822
3.660358531755587,19.910867578325966,127.31781308128559,91983.295763,91983.32077,0.9761410461016888
2.4018672021015512,19.622204211113004,125.80735529058,91983.309096,91983.335061,0.8992932472559653
0.10743059405132127,19.385405957484103,125.69637600464516,91983.335763,91983.359252,0.9073602460200182
-0.8521041436984836,19.014292620161186,123.9559325073942,91983.349097,91983.379599,0.9524163651433276
-1.806777670016648,18.73599909800523,123.3623666942457,91983.362429,91983.387329,0.9839680981940779
-2.634488200777332,18.363688756487143,122.41877251013378,91983.375763,91983.400516,0.9969462903701858
-3.3362593013627304,17.804291001303287,120.80328021681939,91983.389096,91983.419285,0.9598406160968016
-3.9574695110998293,17.239820200158864,119.53728180438493,91983.402429,91983.434174,0.9977367079062777
-4.5386361408750355,16.814457022070453,119.43901361572632,91983.415763,91983.441188,0.8770580298031901
-4.953026803050144,16.12964464401735,117.95957692520209,91983.429096,91983.459369,0.874575732228498
-5.23648884287512,15.374174706359703,116.6741679937634,91983.442429,91983.466762,0.7715127925494294
-5.443449951526784,14.693094122107194,115.84122086020919,91983.455763,91983.481633,0.9668991088867187
-5.501886542267492,13.792486561645717,114.36443557955756,91983.469096,91983.499933,0.8930579939964424
-5.4736989161772325,12.978534790443607,113.07653451464977,91983.48243,91983.5137,0.996062104930312
-5.406128339104968,12.135337297789567,112.17197670851161,91983.495763,91983.521391,0.9994781420336423
-5.1987912245969685,11.25592844936976,110.96653129914367,91983.509096,91983.539223,0.9563835802607247
-4.830670348474877,10.238168508428439,109.49884915250563,91983.522429,91983.559726,0.9122500535964233
-4.357362920572641,9.247197486900992,108.60436371743197,91983.535763,91983.566681,0.8885057842323565
-3.7585039784887813,8.171366569152744,107.32139173571278,91983.549096,91983.579651,0.8348796831455613
-3.046507788381322,7.118131112126069,105.68915981593351,91983.562429,91983.596594,0.9819421312245894
-2.3019365022145264,6.044796374342937,104.59371780970451,91983.575762,91983.607687,0.9945723658979481
-1.399290205738979,4.935148514089569,103.1201561519516,91983.589096,91983.620621,0.9319457807148237
-0.3773496304040291,3.8429596406784174,102.22382078374206,91983.602429,91983.626907,0.9881207762017378
0.8376539800682171,2.671359518958011,101.10274839802474,91983.615763,91983.640336,0.9283021554466968
2.1608536509411147,1.484026325210684,100.23065692229997,91983.629096,91983.657636,0.8854121138481442
3.5786716314441716,0.3483055118713562,98.72270304783133,91983.642429,91983.66603,0.9081546697142407
5.106507420241031,-0.7782126109575741,98.4125126476643,91983.655763,91983.679852,0.9743838678547501
6.757309480477391,-1.9393700227344655,97.39212543736849,91983.669096,91983.692274,0.9910623732050182
8.500397774510443,-3.151218606508532,96.43616006736012,91983.682429,91983.706207,0.8601851120179678
10.292982582273092,-4.381193069387925,95.32655049542197,91983.695762,91983.720681,0.9861486838438505
12.18840734998265,-5.687511524622297,95.09423864989273,91983.709095,91983.73578,0.9924326339148594
14.03532185749601,-6.978065430453811,94.29842552504277,91983.722429,91983.746612,0.9666741817419305
15.947097207888168,-8.322119130697745,93.55950425236554,91983.735762,91983.759236,0.8858514081357994
17.801766705579688,-9.583771233066058,92.29920565556907,91983.749096,91983.775024,0.6895158805234142
19.83048679688641,-10.935916631129032,91.79866868709946,91983.762429,91983.78648,0.6884322616706293
36.187559054379506,-22.0631790490632,89.33958419739169,91983.882429,91983.915327,0.955109567364899
37.549700578119186,-23.13608152480927,89.13257586671712,91983.895762,91983.930331,0.868737171274676
38.813199257561116,-24.119707242519627,88.96533724256996,91983.909095,91983.944449,0.9445753464908924
39.93842579767066,-24.97129413149554,88.74838983728883,91983.922429,91983.957726,0.9496199614684536
40.84927309602834,-25.6677925718133,88.38429375602657,91983.935762,91983.966852,0.8547557522660971
41.7152689150237,-26.315558814584353,88.21378257985049,91983.949095,91983.973684,0.8667459868672328
42.411606380813915,-26.864083556392778,87.9401338945857,91983.962428,91983.993789,0.8679113596886633
43.048242829830436,-27.39078415208019,87.7484420352811,91983.975762,91983.999662,0.8931266615902164
43.67295865174578,-27.92723450821236,87.7427769920651,91983.989096,91984.019344,0.8693794551385863
44.07961324510373,-28.27761115593393,87.49049684050382,91984.002428,91984.026141,0.9066074727227676
44.550189584219524,-28.645837095507165,87.55895038756864,91984.015762,91984.041658,0.8620663161282827
44.81057607065662,-28.82318898339676,87.40479065865256,91984.029095,91984.054392,0.880939247330744
44.97952007767223,-28.947991195113232,87.2438572622522,91984.042428,91984.067229,0.8912039452725935
45.06765459094976,-29.046267736131107,87.09723576816448,91984.055762,91984.080042,0.7828144433378605
45.18411065166973,-29.209447298507854,87.16964997161874,91984.069095,91984.094073,0.8428764691428967
45.16299870038634,-29.313297299628157,87.19205011922152,91984.082428,91984.105776,0.8786248071180474
44.908401552609625,-29.269249242124616,86.91362184169206,91984.095762,91984.119649,0.8625433704191052
44.63752708825602,-29.261961930618586,86.84264291814543,91984.109095,91984.133026,0.8485142765731752
44.15820958494274,-29.141614264806105,86.4859070445618,91984.122429,91984.145356,0.8736044281117477
43.701820722845994,-29.114986247503936,86.43127642472339,91984.135762,91984.160623,0.9765527381469274
42.99133121595838,-28.97457879415399,86.1204035433889,91984.149095,91984.173878,0.8194204417473091
42.242707486360004,-28.866319918653335,85.93441966784225,91984.162428,91984.187399,0.8772686428735526
41.27364210208935,-28.660321197073678,85.52494504904136,91984.175762,91984.199892,0.8937793032225657
40.26230402605935,-28.465296014717357,85.2150364593944,91984.189095,91984.213563,0.9317473268560224
39.20771748697606,-28.314120333672097,85.13851608122137,91984.202428,91984.232339,0.7952209337290681
37.89250670782814,-28.031886246314635,84.73426527943009,91984.215762,91984.2397,0.9433006121126628
36.7005150749105,-27.936746601920543,84.92769636435895,91984.229095,91984.258615,0.8998150922732548
35.15146126818053,-27.582467623127872,84.38246351695021,91984.242428,91984.26595,0.9073473346585617
2.4818622486497475,-22.308992950197876,79.83178585959863,91984.469094,91984.493662,0.9244388172804763
0.939752050984879,-22.22171150639175,79.98518799395617,91984.482428,91984.507376,0.9810522915978278
-0.4872397883256521,-22.100049187220606,79.95979749065995,91984.495761,91984.525292,0.979241889169555
-1.747229444023313,-22.00302040731399,79.99717557235417,91984.509094,91984.533597,0.9261812176432164
-2.857042290723272,-21.90583301574614,80.07483657336326,91984.522428,91984.546101,0.9826213330775042
-3.845534561928278,-21.776782939223487,80.17351433318933,91984.535761,91984.559975,0.9316981429735669
-4.752001795662501,-21.6473515599406,80.31921489621709,91984.549095,91984.572896,0.990919975742303
-5.521101593099504,-21.48269608782927,80.23501742874733,91984.562428,91984.586035,0.9779921875380178
-6.171708379081541,-21.39679308220033,80.38323371527348,91984.575761,91984.599506,0.9613921910336632
-6.66355516338987,-21.34520001343715,80.57514124386108,91984.589095,91984.613244,0.988640244211653
-7.015427766679285,-21.252214186078316,80.72148282107818,91984.602428,91984.626229,1.0
-7.275798159622789,-21.117766995704585,80.80122555070474,91984.615761,91984.639048,0.9712233224170764
-7.377791285282553,-20.929944606250775,80.66646285897704,91984.629094,91984.658932,0.9913703762755102
-7.384705592374397,-20.852257081469364,80.83025838709976,91984.642427,91984.666696,0.9563103388478679
-7.188472053473912,-20.727813437950594,80.78766651154173,91984.655761,91984.680035,0.9892089727286969
-6.881082670603799,-20.644402760745685,80.95821886885543,91984.669094,91984.692317,0.9820242649858887
-6.425671474560056,-20.456520598916594,80.9305862086838,91984.682428,91984.706991,0.9752210544436575
-5.831461362925661,-20.289542412325197,81.00758516512556,91984.695761,91984.726039,0.9448145190087189
-5.011947148260869,-20.091356695117916,80.99905035037702,91984.709094,91984.732664,0.990487687086986
-4.0085039754294804,-19.95176770778316,81.11531390045744,91984.722427,91984.747637,0.9691745928902614
-2.820543324589556,-19.734784078570218,80.9694485460624,91984.735761,91984.759417,0.9842240839278927
-1.5166302072383189,-19.588199979399324,81.0736930758448,91984.749094,91984.776153,0.9791637935066484
-0.09167676882664291,-19.394032293625912,80.86743860902665,91984.762427,91984.786727,0.8758454411033483
1.4192651235433662,-19.333080102112948,81.07969065505391,91984.77576,91984.799274,0.993692680848835
3.022341784317011,-19.241672838925613,80.95723110033032,91984.789094,91984.812897,0.9732595762747516
4.691968566795241,-19.19051602296366,80.8640107762338,91984.802427,91984.827088,0.97228806684099
6.38332914641058,-19.153501056491972,80.76884961240131,91984.815761,91984.839396,0.9929777819134579
8.103025273628328,-19.192306145931248,80.83533181060844,91984.829094,91984.85347,0.9040672891819044
9.782697417367133,-19.228375581625397,80.71063516591452,91984.842427,91984.86564,0.9815240751084752
11.473183457606076,-19.334705313380372,80.78880019432746,91984.855761,91984.879118,0.9663681077601302
13.143105688847015,-19.40917135833106,80.7098751903907,91984.869094,91984.892787,0.9293226834520852
14.800087900991928,-19.527630997557637,80.80483101967879,91984.882427,91984.905771,0.975311356153657
16.418540001953964,-19.644761928869784,80.84211843177513,91984.89576,91984.919921,0.9771140201298649
17.93858178434489,-19.80274788862244,80.87429137720316,91984.909094,91984.938944,0.986802875694025
19.42211014028707,-20.05480942470603,81.18146856729118,91984.922428,91984.952599,0.968657310128659
20.717312060581875,-20.238114559443517,81.13869493372125,91984.93576,91984.959289,0.9221813498108882
21.931643595920242,-20.469011136516027,81.31570857314362,91984.949094,91984.97372,0.9598098370096296
23.00751637800109,-20.693083078979317,81.38264231973864,91984.962427,91984.985909,0.990416161981666
23.93566721329206,-20.873941489551903,81.3828999440231,91984.97576,91984.999508,0.8807009220071821
24.753748286027456,-21.045208510845143,81.46694684770797,91984.989094,91985.012573,0.8603020055163454
25.48465326364395,-21.185671290536828,81.62152727542441,91985.002427,91985.025732,0.8929519864977221
26.092290006749778,-21.27923032733461,81.74062634527375,91985.01576,91985.038947,0.8947427480403513
26.59932742596101,-21.332128099851047,81.83789676585177,91985.029093,91985.052842,0.8788150683892554
27.020819490759138,-21.4013591262912,82.06690772936915,91985.042427,91985.066614,0.9077234378118824
27.25583466480319,-21.398547826853985,81.99487030738138,91985.055761,91985.082187,0.9022314778385847
27.460296258422684,-21.448733509810474,82.16947923474311,91985.069093,91985.093682,0.9964258485798957
27.526832525287592,-21.477360197356138,82.23047859972813,91985.082427,91985.108616,0.8542814268759008
27.495182772217902,-21.50307051978086,82.30425292582719,91985.09576,91985.120484,0.9285044605368451
27.33177716758717,-21.532471681738222,82.29011737038132,91985.109093,91985.134197,0.8685941634230273
27.048833652840795,-21.559022352434532,82.27578978943545,91985.122427,91985.145848,0.8842866520169377
26.60199668196693,-21.51176755158642,82.07992353520935,91985.13576,91985.159147,0.926211088333745
26.091037004854503,-21.466906295738156,82.01699993386038,91985.149093,91985.173674,0.8977878825608163
25.46103946897148,-21.356264198108864,81.88486071765406,91985.162427,91985.187338,0.8948667133675902
24.74624601356169,-21.18173402964637,81.8892865959334,91985.17576,91985.199053,0.9010578279173332
23.857529121348712,-20.778015826372826,81.59690189061224,91985.189094,91985.213679,0.9163680714247963
22.937009647374158,-20.268813700410288,81.53406673969008,91985.202427,91985.22737,0.9765599079648642
21.965498486214972,-19.60818554277418,81.36818067559514,91985.215761,91985.240126,0.988384391797841
21.052328363082374,-18.86768866501783,81.48383112104962,91985.229093,91985.253841,0.9197475953632666
20.075706902926708,-17.95260663801877,81.71261903888609,91985.242427,91985.265706,0.9294072472477185
19.07189590386708,-16.85982347428369,81.82210257351828,91985.25576,91985.279153,0.9285389249955402
18.06765100528743,-15.674419234368507,82.09948065892728,91985.269093,91985.29399,0.8829853190683918
17.147670915242465,-14.475318660843373,82.66761794097927,91985.282426,91985.306701,0.8735821489127777
16.198691552050867,-13.136613882627787,82.70266448826293,91985.29576,91985.319398,0.9562602675510699
15.385674961895143,-11.855646056661776,83.48024156501363,91985.309093,91985.332349,0.970449934042012
14.566562824343656,-10.543651667398954,84.28896611223638,91985.322427,91985.346129,0.9763536839800838
13.760850570375732,-9.282925434337029,84.76969079019923,91985.33576,91985.360078,0.9791760598816229
13.003287986067816,-8.1688308827178,85.24892344620946,91985.349094,91985.3733,0.9640230130613658
12.336704397946127,-7.2588733194740325,85.74338536626527,91985.362426,91985.388505,0.983006045557155
11.751516185489361,-6.521625900495908,86.37571699943885,91985.37576,91985.400742,0.9603291610784876
11.223270196203762,-5.961617193704595,86.64327091395269,91985.389093,91985.412866,0.9994962969462718
10.795907992763674,-5.571804592261419,86.89342048630304,91985.402426,91985.426023,0.9498905323283005
10.468961069388211,-5.39297981270165,87.15895268192466,91985.41576,91985.439671,0.9059507008074499
10.202027647342096,-5.379949055324637,87.11104861478906,91985.429093,91985.453068,0.9680491310307656
10.039405649705813,-5.55265470138856,87.12613995950879,91985.442426,91985.466049,0.9879845971196106
9.928965075517015,-5.921348587975766,86.84434297110232,91985.45576,91985.485999,0.9509386057617004
9.907704986031378,-6.457058818530818,86.55656949845611,91985.469093,91985.492481,0.9884680605397321
9.974679049299349,-7.1702601148398974,86.18690567838964,91985.482427,91985.507932,0.9941022424474559
10.13602762971797,-8.045620124819658,85.7899207325074,91985.49576,91985.520025,0.9913041932456557
10.390241495549546,-9.09506397870583,85.62621423024811,91985.509093,91985.532453,0.9927616888121658
10.645335930040936,-10.261875304896433,85.13626922192401,91985.522426,91985.545678,0.9774843058322806
10.91792464297469,-11.55626712501623,84.66873828208267,91985.535759,91985.559394,0.9324494542192401
11.200284825664049,-12.965299889585047,84.27614960178892,91985.549093,91985.572109,0.9087620967967983
11.510981840114866,-14.466473129832448,83.76926947979858,91985.562426,91985.586548,0.9188141637795729
11.911448716501122,-16.07001115909619,83.47075623748941,91985.575759,91985.600939,0.9803755149508249
12.408442432062202,-17.672538945109903,83.29239540207904,91985.589093,91985.613788,0.9423423463521561
12.915750859526227,-19.21305685461024,83.0203553152854,91985.602426,91985.633649,0.9414618409538419
13.420012375551034,-20.61660901087525,82.96981359425814,91985.61576,91985.647555,0.9476086242165157
13.992936852981407,-21.876426274918227,82.9081852391301,91985.629093,91985.653124,0.9569162672622925
14.72742556407258,-22.95951839222723,83.01393668249602,91985.642426,91985.666284,0.9673558179859867
15.604722326877795,-23.85108770102051,83.36978380385223,91985.65576,91985.679476,0.9870221379513968
16.491119468350867,-24.378690756800072,83.57505029486057,91985.669092,91985.69237,0.969291771976508
17.393764572645185,-24.685337962234037,83.91119104567922,91985.682426,91985.705495,0.9367397738218588
18.246388351188557,-24.7430798469413,83.8486341651973,91985.695759,91985.720062,0.9903032602761793
19.260577596106415,-24.877384126859322,84.37141242189554,91985.709092,91985.733155,0.983178646538896
20.260245104169268,-24.825789751235586,84.79397551662329,91985.722426,91985.746769,0.9249883858241997
21.26404413348566,-24.696892521309863,85.406175217415,91985.735759,91985.760089,0.9444762765793401
22.185382737510682,-24.39022387836005,85.76237428175503,91985.749093,91985.7748,0.913086399135061
23.111982627439545,-24.0297365572794,86.15051006700823,91985.762426,91985.786078,0.8968370066449973
24.075418485913616,-23.712793067179305,86.81609466446264,91985.775759,91985.798906,0.9174156718229006
24.99580282789034,-23.28773983441226,87.44837563804988,91985.789093,91985.812126,0.9406066568154827
25.721881016166282,-22.74348427283572,87.68803776239474,91985.802426,91985.826313,0.8567135180578932
26.44301493056083,-22.289011699265757,88.25587653260628,91985.815759,91985.838991,0.9411306015880987
27.042107167749354,-21.91482656065316,88.76628110592799,91985.829092,91985.855853,0.8917512477936241
27.42120737696987,-21.508097031091157,88.7926010453302,91985.842425,91985.865587,0.9668624077807272
27.71613363736454,-21.215179839806293,89.00401558908969,91985.855759,91985.878794,0.8615634496217942
27.777837117632295,-20.887603657252352,88.87249172380488,91985.869092,91985.892093,0.9002193460673129
27.67503967164895,-20.67353327200406,88.7391202426261,91985.882426,91985.907165,0.8385736854497816
27.211398156646,-20.392836140325375,87.9878381131178,91985.895759,91985.919297,0.9158356841557591
26.60632692348089,-20.242080714776044,87.37272758349725,91985.909092,91985.934338,0.8915558244692628
25.734042007397782,-20.07513476713617,86.49421005953775,91985.922426,91985.9481,0.9158840659868849
24.58258432929108,-19.86940170836613,85.4041914158444,91985.935759,91985.959972,0.9587327531596499
23.232009005950413,-19.650964830075992,84.42278085508896,91985.949092,91985.975383,0.9971252171088668
21.636047090759778,-19.42754197246423,83.35736965894826,91985.962425,91985.986622,0.9972089565635103
19.957447309752336,-19.313834242509646,82.57313948000795,91985.975759,91985.998904,0.9840017863166075
10.207697717374419,-18.97999964405294,79.82670837627502,91986.042425,91986.066206,0.9983763137556881
8.485589505447194,-18.903555381273847,79.58657906958742,91986.055759,91986.081031,0.8955411051661979
7.105541619108426,-18.882065315039913,79.71812144776291,91986.069092,91986.092768,0.9924377317594271
6.141552065200207,-18.8324283871161,79.77058869835739,91986.082425,91986.105639,0.9861924756686825
5.65115449957626,-18.82317120512277,79.72682103696,91986.095759,91986.12039,0.9881367560213598
5.628745246240738,-18.871132062954555,79.7534201194246,91986.109092,91986.134866,0.990563063115479
6.026264566423544,-18.92288840798796,79.71392750817772,91986.122426,91986.146118,0.9806524182193749
6.861444560984535,-19.023183590746655,79.7830054635438,91986.135758,91986.15959,0.9884199469375705
8.116298638933538,-19.131122292013558,79.880869518635,91986.149092,91986.1724,0.9523723714139618
9.656882784728879,-19.1582311253741,79.84651141468983,91986.162425,91986.185837,0.9488326386566319
11.431543059390789,-19.193156428978863,80.2020036265493,91986.175758,91986.198912,0.9445946192464587
13.37453706079173,-19.222671628144106,80.90636613714436,91986.189092,91986.213256,0.9596405254187192
15.406254738010567,-19.1432246848411,81.51213029910538,91986.202425,91986.226423,0.9510275146921456
17.475630246497836,-19.029782727623576,82.38521068419362,91986.215758,91986.241469,0.9052199869865446
19.430927823801813,-18.752045324079045,83.2063674494849,91986.229092,91986.252697,0.9300691470490167
21.241810716197655,-18.43560916013631,84.43274371140471,91986.242425,91986.266011,0.9569929699288713
22.79614103544882,-18.04679459524715,85.69838046135825,91986.255759,91986.280597,0.9876506017251234
24.123718743895516,-17.64063774582403,86.83036337586984,91986.269092,91986.292381,0.9518434657328996
25.227124753547045,-17.36192176784868,88.06432824000117,91986.282426,91986.30613,0.9961558313832032
25.993711244470784,-17.150830295145983,88.99409837496977,91986.295758,91986.3254,0.9664489044108773
26.380532985989834,-17.001223336587646,89.4456432930262,91986.309092,91986.33246,0.903830403999677
26.452984540779426,-16.909869177740443,89.35742539638386,91986.322425,91986.34829,0.9977041761860264
26.323088364894797,-17.011378697484428,89.05564120519774,91986.335758,91986.359771,0.8578915168802113
25.957395936005025,-17.237394469625368,88.44917052488886,91986.349091,91986.372832,0.9279976395584968
25.381777242923967,-17.565961009085758,87.8017167967252,91986.362425,91986.389616,0.9020787552755207
24.425784598230283,-17.907336400550854,86.70603778019886,91986.375758,91986.400743,0.9136226018659076
23.201329258292155,-18.307571964835933,85.53636231744916,91986.389092,91986.41261,0.983223371158997
21.696483251209393,-18.719253126483565,84.26974553259788,91986.402425,91986.428578,0.9430447257802028
19.973565431698404,-19.117377973771543,83.11580984508981,91986.415759,91986.441247,0.9344385953543121
12.749677215724542,-19.595382628592816,80.42383099841221,91986.469091,91986.49244,0.9135544469657904
11.433302720678004,-19.473743181016278,80.12721353091071,91986.482424,91986.507134,0.9649540038242507
10.616652581232195,-19.408957482246713,80.17129812511254,91986.495758,91986.520348,0.8953890937196188
10.285815662588787,-19.33326957637639,80.26480360046703,91986.509091,91986.533082,0.9954232573982902
10.458990662699666,-19.29393147921242,80.44807140874754,91986.522425,91986.54663,0.9361992255880227
11.136335333100753,-19.26812529186451,80.64758108906163,91986.535758,91986.559678,0.981670488472537
12.212793847021281,-19.24656465222201,80.83266436918697,91986.549092,91986.572214,0.9552444182345071
13.614381804328895,-19.22181780839693,81.204440561227,91986.562424,91986.586787,0.9886968992635446
15.179837881278496,-19.099115358399118,81.62728377205663,91986.575758,91986.59898,0.993393719603504
16.86474603788566,-18.953791203449537,82.39502818936613,91986.589091,91986.614607,0.9616664168771579
18.577850975403308,-18.725211392895886,83.07519441631226,91986.602424,91986.625588,0.9158145199659848
20.380794125796655,-18.533101874579987,84.30485355829455,91986.615758,91986.639452,0.9776683925457461
22.14802512279908,-18.23034667470833,85.55469166680113,91986.629091,91986.653128,0.985850518048956
23.70215733912172,-17.829344548333207,86.93602277919119,91986.642424,91986.666274,0.9151462386644668
24.938589969446422,-17.364210733606246,88.31859557708323,91986.655758,91986.681323,0.9142670144799299
25.68283670670994,-16.797557454890487,89.16987635704719,91986.669091,91986.692736,0.913998418540937
26.22172608655733,-16.45576742477722,90.18037638765887,91986.682425,91986.706456,0.8941939011873358
26.4733510988287,-16.312899967485613,90.54130590320526,91986.695758,91986.718969,0.8763734646639144
26.542258990800036,-16.477026747252552,90.72618860121334,91986.709091,91986.731997,0.825375339770606
26.2104515545644,-16.691885209961473,90.29395346897748,91986.722425,91986.746083,0.9882639069360152
25.58026963100461,-17.01268670923903,89.66018252415479,91986.735758,91986.767569,0.8795572709230846
24.66899192684011,-17.512578347290123,88.77782799899036,91986.749091,91986.772622,0.7819377676726328
23.45879939745677,-18.132410297341206,87.61079101077136,91986.762424,91986.786666,0.9584328444813388
21.90092114330013,-18.689440149148954,86.14186415151664,91986.775757,91986.799342,0.9950760830018619
10.152082025009902,-19.80860530772138,81.91227045843961,91986.855758,91986.878976,0.8990669162280727
9.141198938578158,-19.679271416878787,81.75626098599571,91986.869091,91986.899256,0.9704040552819403
8.75482027334637,-19.645630626207737,81.89325767304166,91986.882424,91986.906162,0.9644753940627752
8.866150082809188,-19.6358843458843,82.0256181179647,91986.895757,91986.921421,0.9633453588655715
9.378519667666517,-19.680500763716083,82.28288676379452,91986.90909,91986.934722,0.9996612636068356
10.177532418300654,-19.766283129604776,82.48144266333954,91986.922425,91986.949026,0.9901126143654403
11.226577987931604,-19.83427955680679,82.45094711757748,91986.935757,91986.965219,0.9388385585882787
12.520703340860438,-19.936417719276385,82.89484732431521,91986.949091,91986.975101,0.9458114704642571
13.930418566806027,-19.85524763930553,83.26554781143918,91986.962424,91986.986283,0.992266659048091
15.433949663747114,-19.646530110575682,83.827892269677,91986.975757,91987.000007,0.9547545043913264
16.98538269163303,-19.26986292083778,84.44285056065368,91986.989091,91987.013175,0.9944491744467218
18.559995394897353,-18.74072916576287,85.36838297491828,91987.002424,91987.027122,0.9742945784051896
20.03911797601677,-17.9532362265314,86.26701227842617,91987.015757,91987.041337,0.9395323572821825
21.40851069341257,-17.09033598296587,87.59246316375646,91987.02909,91987.053361,0.949409339775323
22.527310122535358,-16.10687690808313,88.80668248271867,91987.042424,91987.066473,0.9684435196406367
23.37194153217971,-15.045014195049905,89.74304659699014,91987.055757,91987.078965,0.9571263419448975
24.067112674014098,-14.057791552941067,90.80633926963077,91987.06909,91987.092347,0.9077194405525649
24.58404137990394,-13.08427999059561,91.7994048701778,91987.082424,91987.10639,0.9092642893607411
24.888198095271793,-12.080329578867127,92.5633160495798,91987.095757,91987.12307,0.7618376264751843
25.049375112599424,-11.047783021864829,93.44277124142913,91987.10909,91987.13291,0.8591751207018572
24.940455609469012,-9.950725088553698,93.76655538603957,91987.122424,91987.146204,0.9993554085273246
24.776730622131087,-8.922647120490144,94.33675272184371,91987.135757,91987.159197,0.9329826867014898
24.44959648515611,-7.81227372559689,94.69218839349766,91987.14909,91987.174482,0.9783481334994312
24.04418043216589,-6.6298005724946245,95.12498582754719,91987.162423,91987.186352,0.9968931565334611
23.532672535514873,-5.351908557530616,95.59828245571859,91987.175757,91987.200963,0.99277540014922
22.874061115755715,-4.015059619141985,95.7662480492828,91987.189091,91987.214415,0.9084540641417225
22.200140111571297,-2.6436812832954426,96.42496063136387,91987.202423,91987.22651,0.976893819331477
21.392244319332185,-1.2042632141739062,96.90530909352165,91987.215757,91987.24112,0.9843655592290531
20.556296695496847,0.24592670409746337,97.66689178963179,91987.22909,91987.253148,0.8556988342754777
19.604743183263288,1.685577578604688,98.1431808270466,91987.242423,91987.265426,0.9099524107777911
18.574428526364198,3.0698241662126913,98.506915896789,91987.255757,91987.279372,1.0
17.640973970375782,4.413740213455407,99.56979463663995,91987.26909,91987.292747,0.8944643026722472
16.60519275533419,5.6801134837131535,100.15961958377474,91987.282423,91987.305728,0.9921081882927204
15.583196156234072,6.8480341486903855,100.87594400130729,91987.295757,91987.325992,0.9330977351464935
14.551568381165607,7.971004182027666,101.71133161983838,91987.30909,91987.333983,0.9916504867677683
13.57956306042094,9.015338624908745,102.84087739545416,91987.322424,91987.345996,0.9043877813896689
12.564777224120656,9.881681151739997,103.29084984887491,91987.335756,91987.360232,0.9640634805279944
11.580668550523963,10.64726283487638,103.78334036852009,91987.349091,91987.372239,0.918370543645912
10.680977948682791,11.374140753036192,104.96360362380855,91987.362423,91987.386188,0.9946351031799368
9.816395142659662,11.962750928973351,105.7198522450128,91987.375757,91987.399544,0.9887096458564092
8.966312042238995,12.441824809301744,106.21064300733737,91987.38909,91987.412221,0.9640951090140466
8.149965841307065,12.874184633065386,106.7127551314501,91987.402423,91987.428403,0.9906992045984433
7.3735530276130685,13.149902953967073,106.76993388643695,91987.415756,91987.439565,0.9580027368493841
6.700784394589491,13.592533639378447,108.37962764300374,91987.42909,91987.453566,0.96119178285475
6.029780977440446,13.871481371526517,108.72895629383986,91987.442423,91987.466577,0.9819263660929164
5.475450963313768,14.078620227203013,109.37295024293596,91987.455757,91987.479991,0.9457959042792609
4.941425040120639,14.226031665357905,109.44103629722298,91987.46909,91987.492931,0.8851856581126605
4.457766218005642,14.485251274072363,110.04518539859484,91987.482424,91987.505838,0.9786487052807351
4.0528407343466,14.63902548262578,110.36891990435306,91987.495757,91987.520648,0.9883196981890148
3.701286005410632,14.754387871700045,110.40475864442303,91987.50909,91987.534013,0.9657854019003782
3.5137389954861002,14.781716797235099,110.73549522443946,91987.522423,91987.54722,0.9721253116042766
3.3801327243837074,14.847791316341898,111.09804324743708,91987.535756,91987.560394,0.9741965941680831
3.300659812029885,14.907697113755388,111.37657299916054,91987.54909,91987.573786,0.9493148242655052
3.3598317137968334,14.964264584373543,111.73085521163561,91987.562423,91987.593865,0.9699840686007211
3.5200067487354154,14.86057229935574,111.21089475681494,91987.575756,91987.600509,0.9708430894437213
3.776381680296901,14.874591872406283,111.57692993718616,91987.58909,91987.613369,0.988669993408336
4.190888769263016,14.771010974591166,111.56158497795947,91987.602423,91987.625647,0.9786103293206648
4.69242400530015,14.77512906130834,111.7766772011908,91987.615757,91987.63975,1.0
5.341140431464159,14.660173873916959,111.58805013861675,91987.629089,91987.653425,0.9375460499974482
6.1352951707594805,14.518567133123709,111.59675342604855,91987.642423,91987.666568,0.9479729878083658
7.066843394801812,14.363498541325272,111.1897709104061,91987.655757,91987.686549,0.9791983609474746
8.188442565822317,14.235119476573969,111.38078692851161,91987.669089,91987.698848,0.9605406080760575
9.43682049328618,14.014761056663893,111.25148577926755,91987.682423,91987.712464,0.955366531826847
10.789683957626567,13.848435773226193,111.05444109535354,91987.695756,91987.720086,0.9560429707869295
12.274865193638103,13.666263797626753,110.89319079016421,91987.709089,91987.731998,0.9964826736068604
13.849382336614271,13.42939793668157,110.57634595244068,91987.722423,91987.746448,0.984905932439277
15.620189698169737,13.174187366903077,110.77406825674186,91987.735756,91987.759259,0.9764036668780887
17.35338003547065,12.807429633392378,110.25481134704904,91987.74909,91987.772135,0.928012437820869
19.226414531640355,12.454286486407373,110.21824438826265,91987.762423,91987.788119,0.8921088571486263
21.075173654870976,12.046744925867195,109.84593997340838,91987.775756,91987.799734,0.8810584313565504
23.00382836767894,11.62310805340091,109.70032735162185,91987.789089,91987.813931,0.9786936065816818
24.97703628147718,11.085056359564707,109.68327058745768,91987.802422,91987.825825,0.7609221204841385
27.01918141210761,10.520888069458826,109.77264157694485,91987.815756,91987.839367,0.8346682822255067
28.94124507464519,9.855128274522492,109.31140808720531,91987.829089,91987.853003,0.8542818002392207
30.834865454283154,9.149486845452866,108.85946578533527,91987.842422,91987.865844,0.8943122828416004
32.77572823861603,8.496072012985305,108.77911391211403,91987.855756,91987.881613,0.9703952223118569
34.53197893357405,7.698236131080874,108.15002047533461,91987.869089,91987.892761,0.8883472877610307
36.31144893053152,6.873307629892535,107.83399811474717,91987.882423,91987.905966,0.8658738797589737
38.19918393643182,6.074192555008477,108.09011793618498,91987.895756,91987.925514,0.9549541073324694
39.72106873813213,5.2382579536747125,107.52244921970058,91987.909089,91987.933722,0.9572119047198513
41.13679904376221,4.422789598088278,107.06941957500192,91987.922423,91987.946569,0.735101751635881
42.53075814071404,3.6311675247554906,106.80043358772623,91987.935756,91987.961408,0.98596248115176
44.05641194079388,2.8773492705097676,107.18332709201118,91987.949089,91987.973484,0.9577123617473063
45.11502805616906,2.1225305998841515,106.62530871100671,91987.962422,91987.985354,0.898083358768369
46.38451360331812,1.4107041156172428,106.91220225652039,91987.975756,91987.999612,0.8728963297942485
47.18454986462985,0.7295497573023547,106.38159171842976,91987.989089,91988.014043,0.980810260939963
48.096263114498726,0.09719746156339726,106.348211811803,91988.002422,91988.026882,0.8492364300794691
48.985084719238806,-0.48323750464027143,106.55335532296522,91988.015756,91988.040095,0.944143249593975
49.6521517154046,-1.0300335417217132,106.49748894922838,91988.029089,91988.053156,0.8996116027241339
50.02279513649175,-1.5192473351579054,105.9799936649488,91988.042422,91988.065603,0.8914588941266778
50.57867661695044,-1.972980750514783,106.21636238127073,91988.055756,91988.084277,0.833147479536176
50.847154524855796,-2.298603428492473,106.09436390426524,91988.069089,91988.093484,0.8941451974197491
51.069471804410064,-2.6088544531338527,106.09120103761444,91988.082422,91988.105884,0.9831343262774063
51.03820361283364,-2.800465864861351,105.79811586590255,91988.095755,91988.125822,0.8463821561189784
51.05317690710234,-2.9904821695004014,105.82015186977048,91988.109089,91988.134455,0.8381155032966532
50.87580955877416,-3.0615727681966303,105.70907406169417,91988.122423,91988.145644,0.8809947498770613
50.73831744758125,-3.0908754530049922,105.94673501892204,91988.135755,91988.160579,0.8927518551588726
50.17773749702999,-3.0352790369849556,105.46577540653823,91988.149089,91988.173893,0.9288032044532554
49.74828461979098,-2.9301739956821007,105.55515949698938,91988.162422,91988.185899,0.9729473939206907
48.95426822557198,-2.763409699101957,105.09089663502586,91988.175755,91988.205714,0.8877403519311546
48.28491684079254,-2.5149218468692185,105.26001680083743,91988.189089,91988.214782,0.798914263446299
47.36364033372626,-2.1845958926631845,105.1331385173024,91988.202422,91988.225742,0.956733143064307
46.276151136062545,-1.812263199444857,104.89509440152956,91988.215755,91988.239391,0.79861179473091
45.07705872374318,-1.3844832530493725,104.71533286664925,91988.229088,91988.253791,0.8986249352881008
43.712274541135734,-0.9371475714909141,104.33566500742184,91988.242422,91988.266171,0.8721918759327162
42.2907589991624,-0.43517711852262275,104.22199113021472,91988.255756,91988.28025,0.8820372893151591
39.0341768235042,0.5966789795027745,103.69757526953225,91988.282422,91988.306519,0.9103580946373818
37.03582553895091,1.0239137068820645,102.71220479884911,91988.295755,91988.320249,0.9394031472974418
35.268121549411966,1.4674568898898097,102.70134564549072,91988.309088,91988.332707,0.8469057690037756
33.37065336632723,1.8905038121603124,102.70318550947849,91988.322422,91988.34666,0.9083636671336861
31.311798362149023,2.2670130331319256,102.35036118309709,91988.335755,91988.359609,0.9534516409640375
29.06278135274966,2.554668951662904,101.58636379018574,91988.349088,91988.373538,0.9761245902224915
26.957321388956224,2.7563852406226728,101.46859882514194,91988.362422,91988.388037,0.9646975628906929
24.629235289730143,2.83465273760547,100.60887418280522,91988.375755,91988.399432,0.9737359303601516
22.414655521368235,2.918363444827591,100.62734907831943,91988.389089,91988.412474,0.9313403547661049
20.08470223703169,2.9363553697111944,100.19176173145819,91988.402422,91988.425843,0.9235828770876993
17.777353672166335,2.800265276696693,99.65349354503306,91988.415755,91988.439661,0.9493284282543084
15.602165288472799,2.586308664746349,99.45483501259051,91988.429088,91988.459878,0.8917257947371362
13.456314522930326,2.288262559428146,98.76472634273976,91988.442422,91988.473684,0.9563581510740821
11.385013727630609,1.9376121441269862,98.26861929737765,91988.455755,91988.485922,0.8824549316465137
9.372131448410272,1.5277464925158368,97.64209033169685,91988.469088,91988.494067,0.9388227589905821
7.447251987993325,1.0444862061847624,97.20228417288861,91988.482421,91988.506976,0.9406143777212426
5.7080697727091465,0.5060290809219155,96.89501643938824,91988.495755,91988.519566,0.9765509795157991
4.136897240635535,-0.057083434357868335,96.06458680836494,91988.509088,91988.532587,0.9488222028165314
2.729792470519533,-0.6218615230970301,96.14537277695744,91988.522422,91988.546543,0.9155473393431767
1.408277017654032,-1.1464487366115204,95.91389518414134,91988.535755,91988.560643,0.9298377757441185
0.19002693821367708,-1.637608962669741,95.82869293161079,91988.549089,91988.57426,0.9008001974308167
-0.9171735435864347,-2.1516505946204885,95.61630399118923,91988.562421,91988.586375,0.9663535382852766
-1.8513634433504023,-2.6331054755691548,95.28000138156453,91988.575755,91988.599508,0.933778462167234
-2.6558027726796096,-3.108445253192931,95.1922265559041,91988.589088,91988.613385,0.9422643486124547
-3.3200850848950965,-3.52139827599894,94.85348045377573,91988.602421,91988.626316,0.9589164600274066
-3.901477025359565,-3.9032767891746465,94.93844337147812,91988.615754,91988.641752,0.9643760962389039
-4.310767919425516,-4.221467772872095,94.64364803383597,91988.629088,91988.656283,0.9490510033185177
-4.571845021737963,-4.528469572750025,94.43595686285286,91988.642421,91988.666874,0.9221422379369002
-4.642366500735768,-4.805655310538806,94.48315615977172,91988.655755,91988.680872,0.9829994001261502
-4.502310153341215,-5.0209309783161595,94.15097819048651,91988.669088,91988.69379,0.9372624368614331
-4.220868984302469,-5.174754377166628,93.87233397893826,91988.682422,91988.70622,0.9502133676422038
-3.853337805168631,-5.2929941948436525,93.81933222519142,91988.695755,91988.720153,0.9266292657091174
-3.3501036746557524,-5.396992484277098,93.77791208582293,91988.709088,91988.73292,0.9265327062662886
-2.649472223348132,-5.504872121801076,93.3132037008517,91988.722421,91988.7466,0.9373240331696993
-1.7679928144265142,-5.638955027544843,93.12990322532221,91988.735754,91988.760039,0.9012508811249931
-0.7473839662005439,-5.750399752214145,92.99086471581126,91988.749088,91988.773118,0.971384213711371
0.41023256137345926,-5.803348121806104,92.96619346904845,91988.762421,91988.788515,0.9489048270736302
1.7119455977129099,-5.828838175113579,92.69075577690474,91988.775754,91988.799645,0.9742738824507875
3.1508962675933376,-5.859488446758625,92.4021078656266,91988.789088,91988.820122,0.9710921103498986
4.64843767034734,-5.87551466092018,92.11112705969504,91988.802421,91988.825944,0.9731597047738071
6.222252874175631,-5.905743328064867,91.88914466535697,91988.815755,91988.840212,0.924765138930352
7.8432024513335925,-5.955003893237617,91.34246832245343,91988.829088,91988.853346,0.9441343665135887
9.559173812542431,-6.101464876162147,91.31169596723535,91988.842421,91988.868739,0.9421955986136498
11.308280040352395,-6.287634174733441,90.9744929484114,91988.855755,91988.88016,0.9829076247040135
13.083413065123933,-6.505518911194448,90.73243867774445,91988.869088,91988.892101,0.9715622592718216
14.837748819832195,-6.7525558225363,90.34613534775916,91988.882421,91988.90629,0.9894849990037499
16.588558963722708,-7.029510383488583,89.94896295891203,91988.895754,91988.920126,0.9566618497151277
18.329733859049316,-7.38339046765644,89.52887673792503,91988.909087,91988.933347,0.9895454038698888
20.137026687310282,-7.8402335025848835,89.35061287220559,91988.922423,91988.94628,0.9513329433341363
21.936775769987968,-8.366137529913827,89.15413393505989,91988.935754,91988.959886,0.9529092182066949
23.61435704387092,-8.87518674396036,88.63452898716226,91988.949088,91988.973183,0.977567611129744
25.307457765656554,-9.444646263635057,88.44498529305073,91988.962421,91988.987787,0.8805221116704722
26.891412226904666,-10.020898555925513,88.11130991283251,91988.975754,91988.999968,0.9121151981014609
28.461085123360775,-10.611063307734474,87.95281264212393,91988.989088,91989.013962,0.8465561719784507
29.787565283919292,-11.116688456519622,87.20860603842239,91989.002421,91989.026893,0.9353344835116745
31.218571366221386,-11.69981734309121,87.07026025497507,91989.015754,91989.041008,0.9230134394229706
32.583163240684485,-12.337957399254842,86.94665490388799,91989.029087,91989.053008,0.9781427564621169
33.842331895278804,-12.986158721855421,86.79449092537928,91989.042421,91989.065637,0.9099278330407646
35.01797496288902,-13.646033709709195,86.61588011345226,91989.055754,91989.081066,0.9076289753052943
36.13164465291812,-14.335494211915464,86.47344827343396,91989.069087,91989.093746,0.8209213290967696
37.13711058449253,-15.020425482009072,86.2433916480336,91989.082421,91989.11212,0.9891316251126749
38.04592085871338,-15.719515690889686,86.0113315994404,91989.095754,91989.120198,0.906078217747261
38.88033569568323,-16.417142879002718,85.86874109084327,91989.109087,91989.133872,0.9237092153408126
39.590176104403774,-17.125874915832966,85.58807875411705,91989.122421,91989.146321,0.8135525821145146
40.24193223103259,-17.84803315642855,85.47680657171921,91989.135754,91989.160814,0.8144997740250121
40.61256970203577,-18.458918967972657,84.93721383838721,91989.149087,91989.173727,0.8871631092640107
41.062256046972635,-19.160039991188334,84.7629917570665,91989.16242,91989.186299,0.8430545837237785
41.25068802990574,-19.763357839046936,84.24811569572117,91989.175754,91989.20133,0.8046738215747682
41.484965027337026,-20.409892763066512,84.09798372239896,91989.189087,91989.214707,0.8570910197178949
41.496940386699734,-20.96562706877061,83.70046459405347,91989.20242,91989.226033,0.8431241225487751
41.45422623427865,-21.543305031006238,83.42386426866855,91989.215754,91989.240311,0.8777820020738039
41.21940304099207,-22.04028842331871,82.96552905982267,91989.229087,91989.260084,0.8245745308697566
40.94599098555356,-22.539367801815807,82.63957336335122,91989.24242,91989.266331,0.8411015015497395
40.48064892558145,-22.925218504781395,82.15400838565952,91989.255754,91989.279895,0.8477226203045518
39.95489373880906,-23.26721376379726,81.76437190004577,91989.269087,91989.29296,0.8371063417127486
39.39457596035669,-23.597122358528534,81.53277639342006,91989.28242,91989.306908,0.8697475814674646
38.79944197445383,-23.912648355679547,81.37968223486448,91989.295753,91989.320313,0.8693101354094278
38.010964293957834,-24.11836492650568,80.98509638176817,91989.309087,91989.332493,0.8000919804223688
37.125889395507116,-24.27013192834588,80.61337724646643,91989.32242,91989.34647,0.881182675284456
36.22923162098228,-24.40235891464299,80.42722093606284,91989.335753,91989.366164,0.8883555313588877
35.15398563073665,-24.41723373158332,80.0341518592432,91989.349087,91989.374803,0.9358274713226766
34.06196910401643,-24.440951013967926,79.7970950397302,91989.36242,91989.386111,0.8986778682602572
32.951461426626736,-24.43496661561614,79.67366092905188,91989.375753,91989.400338,0.8889121559451082
31.70574532621037,-24.31137433984264,79.40218348077065,91989.389087,91989.41332,0.9864664943702977
30.359392304684373,-24.068198372741243,79.09876053972704,91989.40242,91989.425765,0.9873253963042418
29.01218541169447,-23.785480027967168,78.96223329847741,91989.415753,91989.441877,0.9447487829908824
27.58576378830319,-23.430393860719068,78.7593450667873,91989.429087,91989.453304,0.9934513733933137
26.094918616390334,-22.994069635912577,78.44498496350556,91989.44242,91989.465974,0.9972468220102321
23.103415942568255,-21.997438442578506,78.25340566970608,91989.469086,91989.49341,0.9061559098815207
16.661127677730537,-18.96210796712668,78.35370538586433,91989.522335,91989.54661,0.9249756212747164
10.287807991630054,-14.657940438811092,79.46539764691188,91989.575668,91989.599102,0.8239689756211772
8.76096251575152,-13.502839343518762,80.10796080085568,91989.589002,91989.612845,0.8423851369587437
7.234840080890473,-12.256004842868482,80.5237162409135,91989.602335,91989.627744,0.7587296130860576
5.732022984816391,-10.992039965893754,81.12495662498418,91989.615669,91989.639253,0.9674787345053126
4.267545045830316,-9.706449967876539,81.70814821502228,91989.629001,91989.652654,0.9566139732203565
2.8729601448806315,-8.437959195910858,82.46427870806097,91989.642335,91989.665998,0.952762191386211
1.5248626518736832,-7.151912931472088,83.27275009392422,91989.655668,91989.679557,0.9622115190194991
0.2488656928281003,-5.845899813787194,83.79019011355203,91989.669001,91989.69234,0.9805077716556796
-0.9768758791823716,-4.543496550361849,84.66255343452431,91989.682334,91989.705989,0.9344023187680777
-2.100552818397488,-3.219637370875605,85.23686870338001,91989.695668,91989.720157,0.9927588234057559
-3.1712782125785743,-1.9075151170220708,86.31587604695198,91989.709001,91989.732295,0.9673312157095246
-4.10591720177187,-0.5855497107491531,87.13488413512444,91989.722335,91989.745867,0.9985178075443172
-4.965264412180176,0.7550695279789992,88.0490933593154,91989.735668,91989.759299,1.0
-5.736561999401798,2.1038705647495557,88.94661603872086,91989.749002,91989.772076,0.9330729858067945
-6.426895124040317,3.451441004411268,90.00328308816583,91989.762334,91989.785881,0.916715880316283
-6.991818611172402,4.781375815707176,90.84982474066965,91989.775668,91989.80051,0.9802064007676811
-7.464066231293271,6.109051120437993,91.71180165691622,91989.789001,91989.814899,0.8617916017524836
-7.83656604322696,7.374038836476892,92.90781180203797,91989.802334,91989.834596,0.8899901732524903
-8.042999859518096,8.570220541618921,93.52082132824087,91989.815668,91989.845319,0.9649807440866119
-8.212189100108974,9.735677679583462,94.61401341714219,91989.829001,91989.853239,0.9453649833087531
-8.261108695356157,10.810976622324524,95.46820218030355,91989.842334,91989.865511,0.8501005153904344
-8.247526282663474,11.838222601970578,96.51494251173173,91989.855668,91989.88055,0.9407505807762075
-8.124972265722784,12.763044459770647,97.44155068361604,91989.869001,91989.892878,0.918078691120715
-7.932850915001013,13.640260853042314,98.506351234293,91989.882335,91989.905833,0.8937133636646697
-7.668340002492498,14.444161655852447,99.5069065197137,91989.895668,91989.921797,0.9183262782688832
-7.3076420848791255,15.17406627970501,100.26213297043667,91989.909001,91989.933606,0.9327223960067852
-6.938386932128334,15.977705064772964,101.6697763207432,91989.922334,91989.946941,1.0
-6.441271411033985,16.477436596044818,101.74307988533614,91989.935668,91989.960917,0.9951434794104648
-5.988576045930471,17.100087960150624,102.93361816927434,91989.949001,91989.972458,0.9361925662770465
-5.546268971757741,17.63172736997416,104.33493864327097,91989.962334,91989.986349,0.9264822622555149
-4.979303064180212,17.924096588237607,104.41636269084425,91989.975667,91989.999793,0.9084407294901377
-4.480513149952285,18.295545768292108,105.42268384569145,91989.989001,91990.014029,0.9702140299594962
-3.9398910949472272,18.499365981542557,105.9912272159105,91990.002334,91990.02742,0.9587120565652161
-3.3417897026358823,18.748661640497065,106.84445640602218,91990.015668,91990.0401,0.999510846287299
-2.732573203793597,18.871162450519105,107.47590020996806,91990.029001,91990.05617,0.825514015912984
-2.1013707201024214,19.022956083445116,108.35546362376336,91990.042334,91990.074906,0.9440761502536402
-1.4627351945802298,19.17154512600372,109.21005131553099,91990.055668,91990.079663,0.9524846876837278
-0.7749705348959113,19.105704393037023,109.37446042754014,91990.069001,91990.092398,0.8167781625339608
-0.05545194988917153,19.143936003904034,110.31479298541932,91990.082334,91990.105659,0.9305478101727521
0.6865157718443838,19.072992578912345,110.59581518194477,91990.095667,91990.125862,0.9100088462058438
1.4296397631438649,19.107949118875197,111.46333464287537,91990.109,91990.133111,0.8728245756856031
2.214748095110424,19.02984486800065,111.8361307252277,91990.122335,91990.148782,0.8655933744813105
3.024088674783532,19.03592993927042,112.53379998816995,91990.135667,91990.160599,0.8181790653926138
3.8606444542004157,18.986143110059075,112.98241088908797,91990.149001,91990.175197,0.9401324406364171
4.718143636756649,18.95910712483496,113.58193525785435,91990.162334,91990.187181,0.9780513093899454
5.575359373396948,18.83214382455245,113.75865027651338,91990.175667,91990.205197,0.9802994093699501
6.453475191055092,18.779266153492085,114.30428661929261,91990.189001,91990.213101,0.9580375986153594
7.315419867996157,18.678177298663012,114.44637576597219,91990.202334,91990.225989,0.9811515882461299
8.182330406186015,18.604528663074863,114.55467348713135,91990.215667,91990.24146,0.9778053800109476
9.047392850394186,18.53072202709123,114.82867299472544,91990.229,91990.252907,1.0
9.927324693772873,18.380132956997237,115.05631197301321,91990.242334,91990.265843,0.9578377887199273
10.791722151788226,18.173838784551133,114.84645620212439,91990.255668,91990.285547,0.9760891761761303
11.722775940724283,18.177016627177988,115.84108011050724,91990.269,91990.292669,0.9930908239565583
12.581422957289703,17.92307568412453,115.58738446275301,91990.282334,91990.306639,0.9642825455024066
13.408056735471044,17.750182730610288,115.52164362550155,91990.295667,91990.321471,0.8327115185400408
14.28564812037667,17.64591542316944,115.90794827616514,91990.309,91990.333882,0.9587081966315463
15.115317299714032,17.424661055022295,115.76168636009623,91990.322334,91990.345874,0.8087629563760749
15.954826922435737,17.304789281828167,116.04019163899278,91990.335667,91990.365353,0.9536305622695752
16.754916704747185,17.152802815639404,116.02529809346098,91990.349,91990.37433,1.0
17.635830887903,17.072445194771113,116.63637969670546,91990.362333,91990.386104,0.9360034042187726
18.328233247981547,16.881759298612348,116.22161480322917,91990.375667,91990.399405,0.8146290913571008
19.055337868554144,16.75140676803441,116.11028326538624,91990.389,91990.412928,0.8592929988911755
19.797759393537344,16.676302725340786,116.24326717792155,91990.402333,91990.425872,0.9772727166818195
20.54049502902454,16.666991320981182,116.65986019107126,91990.415667,91990.445579,0.9057827324670965
21.22359887470519,16.590752405470514,116.61208745572276,91990.429,91990.453,0.9026315656031213
21.7603771729987,16.458202192422814,115.95386217134762,91990.442333,91990.465999,0.9215767064308785
22.401083130337437,16.44713785448474,116.2441820898406,91990.455667,91990.481606,0.9139979362487793
22.94442751442943,16.39619343878145,116.07900941223777,91990.469,91990.492839,0.9232661401149074
23.494198723690054,16.369403538843166,116.0668460026758,91990.482333,91990.506095,0.874575732228498
23.965208969440965,16.310508547908473,116.05810262868614,91990.495666,91990.519443,0.9787706189148033
24.353545652816837,16.19788415742366,115.66497747511721,91990.509,91990.533771,0.9999354743323908
24.705794028953772,16.150322358768584,115.33685379387117,91990.522334,91990.548087,0.9398860500385119
25.167552993716665,16.143130427602568,115.6837508817249,91990.535666,91990.55926,0.9533178329467773
25.469859907935767,16.063925623956724,115.41399400589476,91990.549,91990.57347,0.9815926293720697
25.779896997589677,16.01973185920993,115.40724042581046,91990.562333,91990.58651,0.9487345401850282
26.093177020260406,15.985692685739444,115.59620463447459,91990.575666,91990.599337,0.968461403416656
26.228217280374043,15.829880335627863,115.09590198172897,91990.589,91990.612528,0.7625411623771964
26.43891724005364,15.816962629536597,115.30561632446519,91990.602333,91990.632866,0.951152719612599
26.6095630047903,15.773405277786093,115.43067679902319,91990.615666,91990.641674,0.9426290548525902
26.747795749476225,15.731786708596628,115.66257738265506,91990.629,91990.653506,0.9712438583374023
26.753213303186143,15.633391058280882,115.41528600979102,91990.642333,91990.667281,0.9426290548525902
26.71143711791164,15.521636819166176,115.13989473651168,91990.655667,91990.679382,0.9052079160031211
26.729662248321368,15.47112217203341,115.33553769323689,91990.669,91990.693172,0.8173820790231393
26.70464433236401,15.45488419793917,115.40371462823646,91990.682334,91990.706626,0.9001438225020599
26.640799819795387,15.502916471445078,115.74705500089712,91990.695667,91990.7211,0.9132982808100053
26.529779870241796,15.507549478839847,115.64406715900813,91990.709,91990.732848,0.9569438423735233
26.522676134240175,15.61238867512726,116.28250019833878,91990.722333,91990.745901,0.9795176248169203
26.322320051211666,15.640932089414735,116.15069800757374,91990.735666,91990.760107,0.9867626660265958
26.104003204354353,15.666409375061685,115.90246267427834,91990.748999,91990.774685,0.8250544670136379
26.002160118749583,15.826896972675446,116.39219653245154,91990.762333,91990.786667,0.9459362983703613
25.684829986528335,15.821053355231596,115.96037523459167,91990.775666,91990.799761,0.9854723732418976
25.61377041480692,16.049536148791507,116.86723436498613,91990.789,91990.81846,0.9971459367367794
25.368571539668505,16.168461636590497,116.94365750747757,91990.802333,91990.826135,0.9781974792480469
25.053936187048745,16.245967898785285,116.82074777240226,91990.815667,91990.843217,0.9406752246003235
24.756406790414104,16.37516014216439,116.9317274290334,91990.828999,91990.852414,0.9030353862009322
24.331497210407637,16.35997914649775,116.35695759093376,91990.842333,91990.866618,0.9582861478123555
24.014819044721765,16.500033410953833,116.61419953959323,91990.855666,91990.879667,0.9772727166818195
23.705093930559034,16.602366718852437,116.71999510273221,91990.868999,91990.892064,0.8250544670136379
23.279898863982034,16.671473275424365,116.4681714147344,91990.882333,91990.905744,0.9428284935655395
22.954964455450703,16.802592823090812,116.67640404093427,91990.895666,91990.919637,0.9988655077701846
22.575236611794335,16.844743330746002,116.70190650205943,91990.908999,91990.932836,0.7922491071521072
22.27836740828976,16.96239816219316,117.10810322450637,91990.922333,91990.95297,0.9635994744705988
21.864383128576517,16.95389216146476,116.90698752519472,91990.935666,91990.960149,0.9917587280273438
21.49536414993609,16.970519500187233,116.804691514662,91990.949,91990.973676,0.8723497497159493
21.167858970447796,17.028782736284068,117.11380808487712,91990.962332,91990.986621,0.9134146241190345
20.779560930571332,16.994526914190615,116.88556027871583,91990.975666,91990.999608,0.9843162933319949
20.38208866351854,16.94278207847897,116.54347609169298,91990.988999,91991.01203,0.8947222294054621
20.053844570169375,16.907481369786797,116.62790411917774,91991.002332,91991.026214,0.9327420415364391
19.795518424345293,16.956929628824895,117.2288235780298,91991.015666,91991.039593,0.9877836510354474
19.440854100628478,16.91412585052247,116.94500327627104,91991.028999,91991.052419,0.9845759015376476
19.140080860745712,16.885732346320328,116.99653256963242,91991.042332,91991.06654,0.9381859216538886
18.892890505948294,16.89984364310003,117.31427448295949,91991.055666,91991.081719,0.8716250069187313
18.57288278910237,16.781681762878133,116.96809131027011,91991.068999,91991.092133,0.9646433061544002
18.292161756974387,16.765238678274628,117.01380802191646,91991.082333,91991.106077,0.9845759015376476
18.023514843886495,16.705126458779375,116.94247845004726,91991.095666,91991.119789,0.9369103447274357
17.82625265254388,16.687320853953473,117.33031212955096,91991.108999,91991.132114,0.875910145264406
17.602125059874865,16.668858653082268,117.17243245625671,91991.122332,91991.145644,0.9960304452931421
17.40580783034162,16.686309653960212,117.42926640700553,91991.135666,91991.1593,0.8362198994189587
17.246098256196746,16.756519866059076,117.66989974086582,91991.148999,91991.173924,0.9567600643597935
17.033694921788197,16.793001483155795,117.50656371621281,91991.162332,91991.187193,0.9206831249806815
16.90174534527153,16.884556841215772,118.0432017713069,91991.175665,91991.201607,0.9445821758579306
16.749361660882588,16.9626221737273,118.14056429995952,91991.188999,91991.212544,0.8363846994299392
16.574393999426594,16.929488419745294,117.95403761031734,91991.202332,91991.228118,0.8744977762801969
16.449851051565574,16.94839050763678,118.05649340882846,91991.215666,91991.240666,0.8801197907761174
16.180235305838973,16.873891314791383,117.33726256357608,91991.228999,91991.253207,0.9891955812648945
15.971989327824717,17.030505222256064,117.80335491016632,91991.242332,91991.26623,0.8473663765344529
15.820905177873692,17.072811036595994,117.57589687409305,91991.255666,91991.280771,0.9569438423735233
15.756368172837309,17.061054636547365,117.74977645563018,91991.268999,91991.293474,0.9708537036107524
15.61873152524093,16.93987429609142,117.37094012101232,91991.282332,91991.306939,0.9637469285579379
15.609684020585409,16.958883415728266,117.62771087095261,91991.295665,91991.325429,0.9988547803653209
15.540414058949816,17.008298686811802,117.76229803021948,91991.308999,91991.332845,0.9030522297226726
15.462279033395472,16.901528885218955,117.26417405531325,91991.322332,91991.34824,0.9490574079059644
15.48606328802591,16.940441398605724,117.8023012125892,91991.335665,91991.359844,0.9629858052120943
15.425531830822585,16.85274725237975,117.64073996572309,91991.348999,91991.374993,0.9189410306845958
15.39632354636293,16.873312315513683,117.92811342223351,91991.362332,91991.388904,0.9157308931983007
15.37433361915998,16.805632636797416,117.53631163720384,91991.375665,91991.39994,0.9226302360853385
15.392445242191318,16.79091895810201,117.68183324925236,91991.388999,91991.413457,0.9565640628249207
15.384604075047148,16.779285090322592,117.51419957915427,91991.402332,91991.426643,0.9786649387864989
15.415326144981377,16.74542188433814,117.35062857163499,91991.415665,91991.439754,0.9845759015376476
15.461661538800186,16.80220222524212,117.5440857929282,91991.428998,91991.45568,0.9610344465688042
15.47855553852405,16.920404153838874,117.55805014545203,91991.442332,91991.468911,0.914767699552385
15.56402118497481,17.016763483128656,117.9537167582183,91991.455666,91991.480441,0.9645156119145089
15.627436035048836,16.97497860220895,117.73121859302843,91991.468998,91991.493499,0.9884714722334309
15.730757015560302,17.100979076770006,118.17390296423086,91991.482332,91991.506463,0.8363121789207585
15.779840616874516,16.977835050827956,117.65401782138201,91991.495665,91991.520432,0.9997404529297151
15.879131444094366,16.964179601295488,117.86672417128044,91991.508998,91991.533908,0.9786649387864989
15.899937427201865,16.890514381525296,117.55188252983162,91991.522332,91991.548195,0.9670140049498581
16.011473264399495,16.97320614250755,118.00943100624465,91991.535665,91991.563037,0.9421838463258122
16.10720968523092,16.952346949777986,118.14367915713333,91991.548998,91991.574142,0.9670707167184117
16.13040171937109,16.861476597485797,117.87250346061005,91991.562332,91991.586813,0.9768554296670668
16.192967053596576,16.919802808687113,118.10778795863477,91991.575665,91991.599778,0.8453127081341097
16.21557791531903,17.028633478430724,118.20034029364209,91991.588999,91991.613254,0.9786649387864989
16.21563238292066,16.986695546646818,117.825583497821,91991.602331,91991.627366,0.9180739307600695
16.24980168980796,17.02368776495717,117.85337487909332,91991.615666,91991.640086,0.9627373262427131
16.314227649800284,17.159172731995298,118.35990545610485,91991.628998,91991.659214,0.9215614444442048
16.318523895048852,17.16046709186475,118.24755195785629,91991.642331,91991.674039,0.9978969074480348
16.348886590001488,17.129950342988373,118.24641828991994,91991.655665,91991.683047,0.9506872366838682
16.37012057427258,17.113290942081154,118.28352867440492,91991.668998,91991.692789,0.9753559455030584
16.395193971501474,17.122280131110386,118.40601349456105,91991.682331,91991.706061,0.977865663180282
16.35646721603323,17.08146777741544,117.91461596199107,91991.695665,91991.720271,0.9507291983400795
16.41195817066446,17.079391521137467,118.05879469099244,91991.708998,91991.732061,0.9763527626023534
16.485744789366436,17.128489839641468,118.57828208783714,91991.722332,91991.745546,0.8370975978046403
16.515594347110447,17.088555622040047,118.31460166660132,91991.735665,91991.759741,0.8908568977554289
16.556515340672902,17.05094096495716,118.14486275115982,91991.748998,91991.775561,0.9772283534870543
16.606238597224664,17.07237768687987,118.16749661212792,91991.762331,91991.787926,0.9415493339683504
16.67543743085416,17.07729247870586,118.26257875449474,91991.775665,91991.799869,0.9569438423735233
16.77011926886483,17.1584239874444,118.61540999270906,91991.788998,91991.814343,0.920524736643925
16.854199954879633,17.122754972904243,118.64519257275929,91991.802331,91991.82646,0.9349490919845928
16.870487837722656,17.075704889682058,118.12200153536097,91991.815664,91991.839811,0.930872044794215
17.02748922856701,17.154628932512416,118.87460210293104,91991.828998,91991.860203,0.8965987834871846
17.07751253998118,17.115981060288743,118.55044984108986,91991.842331,91991.873492,0.9569438423735233
17.160947142707595,17.075714803806758,118.42303462652772,91991.855665,91991.885334,0.9988655077701846
17.2866018528584,17.100159497688022,118.6602317520653,91991.868998,91991.89268,0.9823699640886877
17.383369110089717,17.044784469000398,118.60842852063291,91991.882332,91991.908867,0.7933014957377156
17.490035681899034,16.95682823589943,118.33176282021033,91991.895665,91991.919886,0.827522023866184
17.64907413848542,16.99064288713316,118.56776265411716,91991.908998,91991.93401,0.9367144813102836
17.78888647229735,16.976108708898852,118.61241680022431,91991.922331,91991.948109,0.9540042482745221
17.904408256182883,16.824453435617993,118.1205183648691,91991.935664,91991.959846,0.8600650524573075
18.106487389541417,16.848384923592022,118.54008188210523,91991.948998,91991.973643,0.9569438423735233
18.266671110955798,16.71709767553117,118.37322912540371,91991.962331,91991.986907,0.8107390034690305
18.427009784452125,16.643072552611816,118.2273363004829,91991.975664,91991.999744,0.9729315881264488
18.643881878391568,16.612662847717075,118.44236745722422,91991.988998,91992.014944,0.9518090182755815
18.80079488671164,16.55623846322094,118.26328219718829,91992.002331,91992.027176,0.9699419250129031
18.96657927016114,16.53990512432787,118.29844164709831,91992.015665,91992.04033,0.9157374872359049
19.103742172019288,16.505135665304213,118.11184965680744,91992.028998,91992.052832,0.9328304865161275
19.321725873682922,16.52427654677434,118.40779021000044,91992.042331,91992.066373,0.9936633606852977
19.547274736077295,16.537058146074322,118.67880802820409,91992.055665,91992.082268,0.9539418026839941
19.713929843761637,16.482114379382157,118.50149545129337,91992.068997,91992.091904,0.8832495057538149
19.873111367711562,16.470177300696633,118.55833995846118,91992.082331,91992.105636,0.9860145235357691
20.012624315463388,16.370252749834602,118.28213086972976,91992.095664,91992.119602,0.9454391505972247
20.165781138076227,16.37364310527094,118.10168874965417,91992.108997,91992.133374,0.9899775040953498
20.376823516217218,16.38087724738517,118.38928484616565,91992.122331,91992.146744,0.9672177930361262
20.54909932826779,16.36179176265072,118.3835621584581,91992.135664,91992.160429,0.9351185892937066
20.704146697181102,16.357359922268184,118.29480535990356,91992.148998,91992.173848,0.8746372757011046
20.868148274567815,16.328328765367015,118.32822969242476,91992.162331,91992.193601,0.8242912857759327
21.0575896645556,16.373513185733113,118.55808849164373,91992.175664,91992.199754,0.9234612879058016
21.156618459757187,16.233324007087976,118.09160826057878,91992.188998,91992.212564,0.9981596545599358
21.3129590155537,16.215670245733445,118.01524455265105,91992.202331,91992.226163,0.8845600008206069
21.47840078463575,16.181377980880807,117.90610608223447,91992.215664,91992.239643,0.9531592776178066
21.690793362723905,16.235130468309123,118.14950895108358,91992.228997,91992.254845,0.9602373739872906
21.833828030991015,16.19536774335417,117.90705858141905,91992.24233,91992.265939,0.9856941639075751
21.991614808439035,16.177176684586005,117.73135511212315,91992.255664,91992.279063,0.9666319066997255
22.192087422530783,16.18418998305478,117.89140300624535,91992.268997,91992.2922,0.9305201232648361
22.297106652729347,16.106965869414438,117.48016532258794,91992.282331,91992.305765,0.9096970900680816
22.540508357234327,16.135918518744692,117.71655303623815,91992.295664,91992.322588,0.9994552460642809
22.680125370357768,16.061190828611416,117.4397006830946,91992.308997,91992.332635,0.970604523846307
22.89876902526106,16.050165197181414,117.6618253911078,91992.322331,91992.346518,0.9762159424323869
23.06095761647469,16.00484884449798,117.49302740623651,91992.335664,91992.359736,0.9578338223416731
23.30771908227928,16.026614918563954,117.68885422769699,91992.348997,91992.372249,0.8689664170172756
23.422073076325738,15.951983445932461,117.27141187090342,91992.36233,91992.39208,0.9179148414417432
23.632295306676028,15.884012498075325,117.19200274788727,91992.375664,91992.399498,0.9440537242016606
23.82516452673709,15.859465725195475,117.1729801090067,91992.388997,91992.413888,0.9529811287968115
24.05483256737154,15.82126484939974,117.17697786712549,91992.40233,91992.425726,0.9539418026839941
24.28489233470106,15.778922232208352,117.39509306434663,91992.415664,91992.440337,0.9781743468232628
24.37363936612091,15.640634643520618,116.71024293082597,91992.428997,91992.459142,0.9078226803126943
24.739816803475378,15.732402346485234,117.500799861119,91992.44233,91992.466446,0.8515904257402248
24.786061997198303,15.595538876714429,116.76831317270462,91992.455664,91992.47982,0.8039342961332019
