x,y,z,capture_time,detection_time,confidence
11.210498174502717,32.82799611111001,116.11762726463293,94488.779606,94488.803928,0.9278341165753476
11.413367967370943,32.75533434249611,116.09695290169473,94488.792939,94488.8174,0.9130564731397592
11.541491966844724,32.76657207763301,116.17288501187663,94488.806272,94488.831163,0.996148288565132
11.675304614192719,32.67968201419,115.98271901272662,94488.819606,94488.845927,0.9218110427793141
11.835370732436925,32.66107413489216,116.08072729312717,94488.832939,94488.858706,0.8995651129927462
12.00491062648947,32.7072849190201,116.3724819298193,94488.846272,94488.870342,0.9916438708958912
12.13491167542781,32.63310279994548,116.29615809993172,94488.859606,94488.883231,0.9137530599215619
12.27377935279313,32.624586842953164,116.43903303774921,94488.872939,94488.897093,0.9616186096448757
12.39449368857708,32.57509915190184,116.33647432245749,94488.886272,94488.909996,0.8978415116826526
12.527743828168083,32.58170497963198,116.4094323717232,94488.899606,94488.923373,0.925558064970978
12.66581620736313,32.59671050884526,116.56313848382264,94488.912939,94488.93815,0.9426119374162769
12.777198780963882,32.52850081314743,116.37603102346596,94488.926272,94488.956615,0.9791658354524845
12.920468555105698,32.48913864577475,116.40311574663158,94488.939606,94488.970349,0.9841910179362837
13.048962265380506,32.438132490946344,116.3451451838169,94488.952939,94488.978182,0.9950218509087533
13.186052199924218,32.400024756427115,116.41219233578106,94488.966272,94488.9915,0.9570427811903017
13.306510278068512,32.35932503131128,116.33252946072271,94488.979605,94489.004489,0.9333909611896423
13.431856368061624,32.34789106580569,116.41153711481371,94488.992939,94489.017129,0.9568988474843011
13.541237180668197,32.365094799605274,116.59400615738923,94489.006272,94489.030504,0.9263009640446636
13.565398248600129,32.27934301821621,116.1326806404903,94489.019605,94489.044111,0.9329925783367427
13.657078269557745,32.37069719065035,116.34080821886783,94489.032939,94489.063236,0.9274303984433718
13.714921314761659,32.23398997375007,116.12888377863818,94489.046272,94489.07076,0.9894802901602328
13.797915524380032,32.12681881016331,116.14341607162905,94489.059605,94489.084594,0.9284368646075691
13.873416820816745,32.08183429762567,116.12561098908255,94489.072939,94489.099549,0.9945721721105487
13.943531405453724,32.08316058451778,116.15114187998294,94489.086272,94489.112958,0.9595395537763198
14.00061345037977,32.0111862022999,116.03339770657966,94489.099605,94489.123954,0.9136848892531647
14.078651984942189,31.97173497396366,116.10755143407923,94489.112939,94489.138459,0.9539041883458991
14.116138315574718,31.88592119700313,115.94486253836678,94489.126272,94489.150935,0.8938740044280605
14.17392633786675,31.848812431047904,115.90859901175914,94489.139605,94489.163905,0.9650880472178737
14.208365614700718,31.747870111995514,115.59335002806415,94489.152938,94489.17939,0.9372791066056606
14.308741308478428,31.80790735980867,115.83288154815895,94489.166272,94489.192011,0.9707913489677453
14.384941769512793,31.737237881747852,115.57065741013037,94489.179605,94489.20353,0.916483636728722
14.5126950154965,31.75808770169934,115.52504157552885,94489.192938,94489.216943,0.934606828887347
14.680306279897945,31.76075549234985,115.45668150236021,94489.206272,94489.230281,0.93922718615141
14.914927628097987,31.771361447321755,115.40714614021402,94489.219605,94489.243555,0.9628207755397766
15.231245344147522,31.748119719372315,115.39499156584257,94489.232939,94489.257205,0.9602216578657291
15.71657146080105,31.851893626751465,115.84473459846807,94489.246272,94489.271752,0.9815150171400653
16.24313774471028,31.818831790154107,115.64317761764914,94489.259605,94489.283401,0.9602216578657291
16.847076613303607,31.90496215774088,115.82936679773817,94489.272938,94489.298838,0.8750188390415958
17.55374645203751,32.12705646679096,116.59347125603188,94489.286272,94489.310047,0.9751424674978616
18.180192927232227,32.16271553497027,116.81597955736676,94489.299605,94489.330388,0.8522761022963856
18.759303688887154,32.291751556328705,117.25804838920985,94489.312938,94489.337573,0.8194211459797253
19.18304273889833,32.32188992970153,117.32001193262832,94489.326272,94489.350211,0.9466608745006152
19.50352617941455,32.46601212793682,117.72610047592181,94489.339605,94489.363582,0.988137936600012
19.688128540403877,32.51489014920499,117.92864611485423,94489.352939,94489.378117,0.9305718753203297
19.730866674114328,32.480613051231956,117.93000153347626,94489.366272,94489.391356,0.9718613783309215
19.638838741756732,32.460546292420744,117.86752789652355,94489.379605,94489.405065,0.9495516406813861
19.265498293352323,32.342795977625165,117.48203602691416,94489.392938,94489.416882,0.8576550661919791
18.676930402319204,32.03701932689548,116.58753622198837,94489.406271,94489.432017,0.9866620987184802
17.938141785799733,31.695784406967388,115.76337412631854,94489.419605,94489.44467,0.9066351838773343
17.035494309190806,31.342345531137752,114.98413954500387,94489.432938,94489.458082,0.9620442200004565
15.994626919121034,30.942928522887886,113.86376006750191,94489.446271,94489.470181,0.9945721721105487
14.893745083698972,30.637458415357667,112.99244237513231,94489.459605,94489.485239,0.9383528402576454
13.7671234519494,30.40779762831277,112.2919139766353,94489.472938,94489.49844,0.9944888891678326
12.604854042692562,30.176489756036005,111.47647991045253,94489.486271,94489.511364,0.9910838860862732
11.495497389726163,30.054990603770335,111.06762055902162,94489.499605,94489.524792,0.8519898910081116
10.594138639153904,29.965951772633435,110.61505234406536,94489.512938,94489.538193,0.9558472379522889
9.827272695605545,29.897673970867107,110.2543433778055,94489.526271,94489.550586,0.9287249973944011
9.246624642396451,29.805419290943153,109.74754048292264,94489.539605,94489.564175,0.9017270720970578
8.892869072335829,29.92097577636051,109.96460371087765,94489.552938,94489.577019,0.9528794668851073
8.776870841799022,29.990522459003728,109.98350778756198,94489.566272,94489.590046,0.9444702247053044
8.911833696821827,30.105697720835646,110.19890673003978,94489.579604,94489.603886,0.9046249322117521
9.24351682768367,30.196555283054064,110.21495021609184,94489.592938,94489.616824,0.926179547127539
9.734112731498408,30.386419265380567,110.5997333805708,94489.606271,94489.630213,0.9923425873325532
10.309543374322898,30.550800751371167,110.92925177629145,94489.619605,94489.643608,0.9263009640446636
10.919535666010015,30.670960213766637,111.22230238010633,94489.632938,94489.65656,0.9635081178767316
11.526919337903475,30.774941910483033,111.54697011320945,94489.646271,94489.670858,0.9397953626917136
12.133058198594641,30.88870835634093,111.97251707193557,94489.659604,94489.686135,0.9570427811903017
12.704837733398719,30.930327897867173,112.20251363766111,94489.672938,94489.699792,0.9333909611896423
13.288751715201343,31.025960314581486,112.70159688176562,94489.686271,94489.717422,0.9995043879298325
13.841644942262587,31.033922343088236,112.90477585833818,94489.699605,94489.72385,0.9285132130109902
14.411696273362127,31.084604309806437,113.33428073801063,94489.712938,94489.737514,0.9948918826995542
14.927592085277306,31.068047170363762,113.50647337051217,94489.726271,94489.749957,0.9202856443163986
15.382473825883418,31.096839329124048,113.82261954739529,94489.739604,94489.764143,0.9651706886245667
15.728573594065466,31.04178288958635,113.88578817285872,94489.752938,94489.777382,0.9923354226969491
15.978835970778443,30.956658718963922,113.98596243610224,94489.766271,94489.791841,0.921076106886558
16.076469123068247,30.737527818684736,113.75802256407005,94489.779604,94489.803484,0.9555702850015969
16.052724103175958,30.53858166424102,113.72298748618603,94489.792937,94489.816589,0.995173108812281
15.817223487576618,30.278922306204944,113.47434422085112,94489.806271,94489.830815,0.9974635262808575
15.36981949272716,29.847120939688054,112.79661016763622,94489.819604,94489.844239,0.9883158079486266
14.907632262852497,29.465721156377114,112.47298533294904,94489.832938,94489.856719,0.9835190173386522
14.401486782534507,29.055216974664688,111.9729923961562,94489.846271,94489.870636,0.9691762050459614
13.90301448527728,28.731335146656008,111.47358650923637,94489.859604,94489.884157,0.9183399601803481
13.748304829231621,28.54117986854228,111.08342704395832,94489.872937,94489.898413,0.977301871205041
13.779250150268277,28.310534344786305,110.77967172817984,94489.886271,94489.910958,0.9684371074749238
14.038559602992837,28.027806845696702,110.69028356937437,94489.899604,94489.923151,0.9645058101175629
14.441875552964808,27.74573166236978,110.61659628133376,94489.912937,94489.937233,0.970705804870017
14.948435814998687,27.449067009611774,110.47200356399559,94489.926271,94489.950252,0.9891809996808928
15.600086829578325,27.342453316492946,110.84403309679554,94489.939604,94489.96383,0.9646942060648026
16.22757972158507,27.081207872023807,110.65164329582974,94489.952937,94489.97719,0.9942127082953875
16.854525265074763,26.85689394427905,110.67255856518169,94489.966271,94489.990654,0.9411612979593241
17.414384851337584,26.750364545645,110.98852705957428,94489.979604,94490.005279,0.9223699576197072
17.856406064470928,26.687376088913968,111.36826528548698,94489.992937,94490.017801,0.9549334437478698
18.1108560719273,26.523743155566986,111.32758770264041,94490.00627,94490.029678,0.935075318580215
18.194105740020667,26.43099265227207,111.45019140344019,94490.019604,94490.043597,0.9770109615416779
18.01160528085477,26.358081127013968,111.52655753335318,94490.032937,94490.056993,0.9897021426743724
17.394477503810617,26.371546373452606,111.60122055066402,94490.046271,94490.070477,0.968327300000184
16.43167519671965,26.262047579162214,111.32409521115837,94490.059604,94490.085641,0.9780778495421143
15.285476111416619,26.146872901828903,111.29679806187778,94490.072937,94490.097417,0.9259759235925641
13.992787663183524,25.911624131830944,110.99498475924196,94490.08627,94490.116238,0.9621623064682923
12.658109829052822,25.75072742695532,110.81601577203254,94490.099604,94490.123236,0.9844473835051353
11.37309546192384,25.810480660251223,110.898563281153,94490.112937,94490.137258,0.9343469398425748
10.198528341480076,25.92059556491281,110.67613196262664,94490.12627,94490.150119,0.9405278075540385
9.12859915601271,26.055669151112816,110.6829104574939,94490.139604,94490.163521,0.9491952207315306
8.24169412816231,26.137150844658052,110.85381449237632,94490.152937,94490.177235,0.9441960510312181
7.535849226984405,26.17207159300418,110.96318431543727,94490.166271,94490.192349,0.9307938044569803
6.998002231007142,26.265228572171054,111.21677927265321,94490.179604,94490.203936,0.997562234244019
6.598157048234608,26.26465215340626,111.12033125753145,94490.192937,94490.218553,0.9799583548487646
6.347885775286163,26.296299374229356,111.29006351378938,94490.20627,94490.232199,0.9321126048730213
6.282141590641721,26.351806314296365,111.62020972091915,94490.219603,94490.243995,0.9620423109703387
6.3827693833114285,26.376701787918357,111.92276362593367,94490.232937,94490.258041,0.9229726058851669
6.666437411286825,26.411754786986968,112.29803333536879,94490.24627,94490.271096,0.9700987024716079
7.086190090588207,26.540156275497477,113.05246150810397,94490.259603,94490.284271,0.9667818191992749
7.5834645144582264,26.625205100492234,113.58782040448826,94490.272937,94490.296768,0.9688311107286686
8.156415124397036,26.868265197083915,114.7058145941913,94490.28627,94490.3109,0.9752829376634555
8.695792160953582,27.086117545959446,115.46716082808574,94490.299604,94490.324618,0.9603609299289648
9.200767302838017,27.408334043167788,116.52411190578262,94490.312937,94490.338013,0.9463325952307844
9.657044345156761,27.766009696849114,117.67420077979402,94490.32627,94490.351054,0.8040139508593499
10.005776342285598,28.132465164274244,118.6838811584653,94490.339603,94490.364665,0.9484217792982418
10.301533264467173,28.58788934890833,119.87679830468204,94490.352937,94490.380061,0.9500869188241303
10.536001440927775,29.000472610104627,120.97762286217319,94490.36627,94490.391878,0.990948219494809
10.722988868440806,29.19829650505214,121.54811819412608,94490.379603,94490.40481,0.9419063791218147
10.832294124425315,29.270313044733033,121.8482910512787,94490.392937,94490.417743,0.9383471463003896
10.897929728175601,29.281155611795484,122.13880278000546,94490.40627,94490.4311,0.8420787574359502
10.90700029045744,29.228032667120658,122.23328563229258,94490.419603,94490.445316,0.9786649387864989
10.820937414965885,29.0074229315252,122.21210984836473,94490.432937,94490.456795,0.9933568239433871
10.709863854607345,28.760473705194155,122.16312986118328,94490.44627,94490.476672,0.9819263660929164
10.51446622316886,28.357586085257157,121.64829897731073,94490.459603,94490.490055,0.9765570016890462
10.194732191659005,27.97784537042654,121.12426720212977,94490.472936,94490.504401,0.9170487356580928
9.743606373793197,27.618509653611827,120.35069747284818,94490.48627,94490.519043,0.838867956457991
9.162277138239858,27.21532217931542,119.40717082261305,94490.499603,94490.531638,0.967825929293897
8.469417941199179,26.88864295333758,118.63099158886922,94490.512936,94490.544292,0.9952727598063326
7.619803062651168,26.58107327277372,117.83045996507168,94490.52627,94490.557936,0.9832641028629866
6.655437754625375,26.319395034735557,117.00968739430131,94490.539603,94490.572318,0.9800596043628662
5.632110879258552,26.037865633152396,116.1588694629188,94490.552936,94490.578766,0.9944888891678326
4.778870571267901,25.832624823829352,115.52853817847569,94490.56627,94490.594051,0.9158927268050235
4.236845304595629,25.748741322028785,115.09165786186199,94490.579603,94490.608497,0.9514984259041946
4.011874417334803,25.784413761964096,115.02984751003869,94490.592936,94490.61763,0.9307938044569803
4.044511625346987,25.86829210824492,115.16486551204454,94490.60627,94490.637775,0.9820393784820511
4.355901549368871,25.864099835052578,115.07057683529428,94490.619603,94490.646257,0.9398184065809941
4.9433379490616085,25.91356912146741,115.30858877207797,94490.632937,94490.663943,0.9672572612762451
5.797725198724233,25.90886898955471,115.34886954036837,94490.64627,94490.672165,0.8827179752745934
6.878936379649743,25.96153194678985,115.77040275447482,94490.659603,94490.684985,0.9894950154047134
8.10742411614105,25.943876108683128,116.04673486749266,94490.672936,94490.69748,0.887072111553753
9.449262726645582,25.958472217528737,116.77294540382822,94490.68627,94490.711228,0.9719596669744394
10.75842655895549,25.863808120500497,117.08588762675853,94490.699603,94490.723949,1.0
11.999964915850098,25.880214317522757,117.9372909412409,94490.712936,94490.7393,0.9537749207650149
13.063065901755778,25.931704159364088,118.66378478003294,94490.726269,94490.75105,0.9458691735383454
13.952737577499152,25.971592670828556,119.13486287548082,94490.739603,94490.765087,0.9326780453561495
14.677359849119263,26.024731062893274,119.42945945236691,94490.752936,94490.77713,0.9854649950408899
15.27877058508845,26.19130434325446,120.30094174689131,94490.76627,94490.790931,0.9886268057201477
15.654177105171811,26.240931154174973,120.69628185549551,94490.779603,94490.805653,0.9930263443990546
15.757261216028148,26.232714320324906,120.65218136480995,94490.792936,94490.817673,0.9075966743059315
15.686693471225658,26.355239036795695,121.05907857317283,94490.806269,94490.834767,0.9728518844845251
15.338251452842298,26.274812480277927,120.67832522603547,94490.819603,94490.844366,0.9728518844845251
14.831900935098538,26.192626909826096,120.54996748311396,94490.832936,94490.856834,0.9635602738245224
14.158561340415549,26.07998776751464,120.46299430909116,94490.846269,94490.871599,0.9500819818234737
13.273711281300033,25.855511036337575,119.83621435301522,94490.859602,94490.884576,0.8786913941193909
12.2322348302273,25.680804974866245,119.25637053510711,94490.872936,94490.897829,0.8225751557763374
11.064225252235776,25.468390312042448,118.63208464342856,94490.886269,94490.917844,0.9639563925896244
9.799176801603963,25.266277741244274,118.151675466782,94490.899603,94490.930498,0.9195834496365346
8.41990123937163,25.032405329281502,117.5725422374684,94490.912936,94490.944681,0.9449669293641478
6.9148755297262525,24.762748758152014,116.93624255965045,94490.926269,94490.950626,0.9036940469569075
5.3144135628445275,24.407610678580276,116.1711817812793,94490.939602,94490.964474,0.9681661604128871
3.6333885571349813,24.04090788410055,115.47026999112846,94490.952936,94490.979645,0.9108219170993777
1.8724524546705923,23.678186225344476,114.91667758685843,94490.966269,94490.99682,0.9531990336233674
0.05685531765453642,23.238583201051703,114.12220680995804,94490.979602,94491.0045,0.9846350110600159
-1.8218061358591513,22.77360273859122,113.42025081249527,94490.992936,94491.025747,0.8983299818644817
-3.761598818868096,22.289908422661906,112.87570550049422,94491.006269,94491.039328,0.9616404401446814
-5.722562903107224,21.741453672929783,112.20141737411126,94491.019602,94491.050238,0.9085678487533789
-7.699199883788711,21.124871837948824,111.50700793996312,94491.032936,94491.058637,0.9943780726003356
-9.604040384661047,20.494751620695176,110.86950467226633,94491.046269,94491.073025,0.9294962357919598
-11.420686896949347,19.81385321292799,110.08451962986763,94491.059602,94491.085148,0.9521710408590918
-13.17773728707579,19.09754635126327,109.38212553996291,94491.072935,94491.097348,0.8996384303678006
-14.862813880297235,18.356346057004373,108.8400955213713,94491.086269,94491.110902,0.9648354677866114
-16.349532013390025,17.515325967175258,108.15888919083956,94491.099602,94491.124296,0.9831211166888214
-17.66892354912729,16.682943912360155,107.78213453183132,94491.112936,94491.137725,0.9664912969790134
-18.796368069087066,15.822529258498003,107.33402719912786,94491.126269,94491.152137,0.9994662567551398
-19.81744356748926,14.99689070945172,107.09185471326653,94491.139602,94491.1656,0.988313202137876
-20.54184260220182,14.078459636075292,106.50249008406114,94491.152935,94491.177208,0.9693883533890458
-21.096384056008013,13.224449687543308,106.2476676001971,94491.166269,94491.190314,0.9964309460070837
-21.396989031390312,12.441362196148011,105.88991038839067,94491.179602,94491.204665,0.9948309381604127
-21.590242253281545,11.84080781523017,105.78308634530013,94491.192935,94491.217237,0.9923550240811505
-21.56662491551486,11.301099363733053,105.57456978606665,94491.206269,94491.237062,0.9915344225003476
-21.333198208864022,10.859940535200016,105.42159387707804,94491.219602,94491.250165,0.9975764065339938
-20.90529688899114,10.50950073123531,105.37021566738828,94491.232936,94491.258422,0.9960899197072746
-20.230147560912165,10.253106808655174,105.11621792219339,94491.246275,94491.270841,0.9480337534250552
-19.453648905862053,10.151992804530856,105.18855655042817,94491.259609,94491.283778,0.9984789844125959
-18.477163033081464,10.131889380390948,105.05206761036763,94491.272942,94491.297479,0.9764695232370765
-17.369006031764627,10.175017659993406,105.00993014169522,94491.286275,94491.310608,0.9722996570590411
-16.154625127615834,10.315553231749277,105.4133995278474,94491.299609,94491.3236,0.972778101183738
-14.688788544405948,10.505127196190195,105.51034459261155,94491.312942,94491.337603,0.9662289719633125
-13.112151833642214,10.800540044836938,105.83394330697895,94491.326275,94491.351659,0.9311557559801737
-11.420604941471616,11.194825400779912,106.0968340075622,94491.339608,94491.364864,0.975429046803565
-9.618995817875572,11.643242490023216,106.40728514743597,94491.352942,94491.384504,0.9639513186856202
-7.704074584253697,12.112155829993284,106.54445573263462,94491.366276,94491.390251,0.9550831290021162
-5.720036782043195,12.600307457325398,106.76816375240735,94491.379608,94491.403609,0.979608592543743
-3.6836481320141874,13.127639610201086,107.21796573115907,94491.392942,94491.416692,0.9892029891969789
-1.5544226815676303,13.625442022609052,107.58443043870064,94491.406275,94491.43086,0.9821186644809629
0.6152588567579759,14.085759723553599,107.95917913251989,94491.419608,94491.443335,0.9795861820726891
2.810012742089919,14.518210699355901,108.57551860547628,94491.432942,94491.456656,0.9409030232605108
5.033419480401223,14.840496509038866,109.06714568902164,94491.446275,94491.470726,1.0
7.240672136650291,15.076646097278791,109.501408372526,94491.459608,94491.48372,0.9879817546841226
9.445701949090603,15.25380856939549,110.12058517443828,94491.472942,94491.497813,0.9943378876793134
11.61049599838064,15.296132311889789,110.45932883341966,94491.486275,94491.517499,0.9974677645844597
13.789983600221277,15.269401475349497,110.93342882579323,94491.499609,94491.529856,0.9813649112906082
15.925023512410307,15.170580059436066,111.51424861910701,94491.512942,94491.543118,0.958823050955984
17.997636275276342,14.96193854064185,111.88289517209341,94491.526275,94491.551123,0.8970958568904444
20.033185262395076,14.691280341666127,112.42241412725357,94491.539608,94491.564935,0.9884338682110982
21.924219015696604,14.285213424187846,112.55715848992052,94491.552941,94491.578302,0.9624820562253846
23.710547047338075,13.790737713957888,112.68138023747979,94491.566275,94491.590837,0.9808620875451846
25.45016382268204,13.187231199633684,113.02641195974022,94491.579608,94491.604603,0.9591443589924314
27.057648663976266,12.482107021876327,113.06969917303557,94491.592941,94491.624897,0.9624820562253846
28.602433893141495,11.745974427852083,113.20725165808757,94491.606275,94491.629956,0.9426128649876524
30.019005478560516,11.029901377736257,113.31071782138777,94491.619608,94491.643283,0.9808941663670068
31.2266036810349,10.317719211645095,112.96752039489566,94491.632942,94491.658061,0.9291071136332933
32.44747873893585,9.73730118783747,113.07541663490716,94491.646275,94491.670523,0.9859106630308669
33.51664041627328,9.199455262165541,112.96766783940778,94491.659608,94491.686396,0.9973737658341979
34.578307942724955,8.699732914513685,113.1894369847341,94491.672941,94491.697692,0.9842811115439494
35.393067840128516,8.176554395222052,112.92615473602896,94491.686275,94491.712458,0.9640261009531298
36.13486632721583,7.712495465228526,112.79067013521974,94491.699608,94491.72416,0.9859727641823895
36.775041416125056,7.29572477350842,112.71844617104219,94491.712941,94491.736838,0.9748905214338354
37.29013981558404,6.897578085443822,112.59785282428881,94491.726275,94491.749834,0.9692042172290183
37.606958486372235,6.4882276772284735,112.18671185656018,94491.739608,94491.763348,0.8188020687563161
37.94375156439667,6.15265051625105,112.18183534201802,94491.752941,94491.776742,1.0
38.12369528652905,5.845799024860778,112.08543198498043,94491.766275,94491.790791,0.9692197121073659
38.130400389840766,5.552124539527466,111.80505660648124,94491.779608,94491.803598,0.943077798561475
37.973201117783915,5.275555932028333,111.33588063697623,94491.792941,94491.818314,0.9675714118936147
37.79005332395342,5.062041817029756,111.04411573474923,94491.806274,94491.830268,0.8642248915484907
37.53246585402971,4.920348412015421,110.79359706115729,94491.819608,94491.843316,0.8669100823525184
37.15302187053545,4.879005106206107,110.49779890452652,94491.832941,94491.857678,0.9492577042861813
36.72260982736692,4.882891105582702,110.30556828656727,94491.846274,94491.870877,0.9017870750188861
36.15741740051029,4.915878470579848,110.01368628629503,94491.859608,94491.885764,0.9526166160855427
35.46960764491454,4.993058345240623,109.56813687879219,94491.872941,94491.898208,0.9034278162809621
34.71942142711492,5.1520602191979945,109.22915507150816,94491.886274,94491.911051,0.9869310868969676
33.918731431792565,5.388212522390624,109.00885894000358,94491.899608,94491.924632,0.9500329645923262
32.99118472714066,5.6657909274222344,108.68088991683733,94491.912941,94491.936841,0.858085975854494
31.93059992288916,5.981295989615603,108.20887117626937,94491.926274,94491.95215,0.9411728994657601
30.849271058666464,6.350808248106086,108.04828401827052,94491.939607,94491.964164,0.9509792553629097
29.604178748546552,6.724340345831394,107.47477351499607,94491.952941,94491.977321,0.9306336694476738
28.35983649559775,7.156178931048379,107.20546640874869,94491.966275,94491.996609,0.9665160805199501
27.1005734596251,7.639891774923425,107.11317402381344,94491.979607,94492.004655,0.9554189322209412
25.699374995306698,8.107516479577878,106.696285416801,94491.992941,94492.017434,0.9698889368375757
24.275577978270274,8.582550051076076,106.48872653492104,94492.006274,94492.029858,0.909049733737986
22.782536728332143,9.005168265170804,106.10191450669326,94492.019607,94492.044249,0.9111864107088448
21.34627511815744,9.425774299751593,106.16084593681511,94492.032941,94492.056944,0.9630651751147974
19.79552446494588,9.777125319854752,105.7547974718641,94492.046274,94492.070668,0.9876680351671301
18.233053102291755,10.123724849078126,105.5475286747568,94492.059607,94492.083242,0.9780133491888978
16.63223324722347,10.429836463838942,105.36186374433107,94492.072941,94492.096956,0.9790303313400638
14.999495069281577,10.718214617605042,105.23927326215751,94492.086274,94492.110361,0.9742012417002278
13.369193055036938,10.956339564509486,105.0706548258139,94492.099608,94492.125478,0.9304003082452148
11.766574482450345,11.164974271971156,104.84406938142747,94492.112941,94492.136809,0.9624979540536313
10.208492362170924,11.387319045542442,104.98724321173641,94492.126274,94492.157128,0.9698568666970856
8.66058207359779,11.541274798357756,104.87683814954353,94492.139607,94492.163578,0.9907852208078259
7.1316892308265905,11.647969031407868,104.84215079164382,94492.152941,94492.176622,0.9357496379176324
5.665648805834447,11.752289077018153,104.91774390538411,94492.166274,94492.189931,0.9919231391341902
4.288261358573603,11.873754311459871,105.19961943956558,94492.179607,94492.2053,0.9933375437135493
2.9846217910531396,12.005610715856758,105.32545408682596,94492.19294,94492.21747,0.9663343662819323
1.7107027560757362,12.177719081617342,105.57175602807561,94492.206274,94492.230739,0.9871747160257197
0.47738087764788506,12.338673317881064,105.82312581654408,94492.219607,94492.24415,0.9194748419286987
-0.7245797789894098,12.531855918967771,106.0072586379404,94492.232941,94492.25685,0.9931219674391785
-1.869016066772239,12.811176091123194,106.4419696688218,94492.246274,94492.27744,0.9906237858591577
-2.8994761320309657,13.155484199871708,106.54996500104188,94492.259607,94492.283684,0.9539588243371343
-3.883745150733904,13.654967961495466,106.99592578905703,94492.27294,94492.297543,0.9820841948496706
-4.7443666105353595,14.168409271084208,107.13857498811613,94492.286274,94492.313,0.9126480832531828
-5.502963771168972,14.724245021746944,107.4272607546948,94492.299607,94492.326802,0.9147850997311626
-6.178723787384076,15.30837620452396,107.86773251126692,94492.31294,94492.337888,0.8976921753646386
-6.7131360711145405,15.810361877291928,107.91597973969795,94492.326274,94492.349899,0.9421242344372868
-7.190995898318707,16.340958295751655,108.40261008572423,94492.339607,94492.36356,0.940056150306794
-7.525976499201825,16.728305775607566,108.34207383849133,94492.35294,94492.377851,0.9950253013826699
-7.793288259409914,17.07257699704123,108.39781769999622,94492.366274,94492.389933,0.9500937055071308
-8.005228244804318,17.42481546624152,108.69729514991204,94492.379607,94492.404391,0.9319285645096236
-8.11132182241888,17.68415864094638,108.8753474652754,94492.39294,94492.416786,0.902254250801856
-8.132127569006906,17.893773511643364,108.85671189288705,94492.406273,94492.431323,0.9936147816562091
-8.078304498816108,18.04251704826553,108.78148080353029,94492.419607,94492.450343,0.9951875939714618
-8.002925475068276,18.233774171998437,108.97513969907783,94492.43294,94492.460458,0.926235712567475
-7.840308587070597,18.362101664804083,108.87580770886935,94492.446273,94492.471121,0.9593832749322674
-7.62922548069049,18.459253625532302,108.6563094267759,94492.459607,94492.483207,0.976381986259884
-7.315198676130962,18.476837361138074,108.19233997369459,94492.47294,94492.49705,0.986351113845924
-6.98540768733867,18.539081544943095,108.25065961542386,94492.486273,94492.510744,0.9533145517794848
-6.568991303442412,18.47984965577114,107.76409516081542,94492.499607,94492.524783,0.9726612443197253
-6.14820900995652,18.377031161208805,107.28160555958674,94492.51294,94492.538423,0.9797800714234307
-5.730937030414568,18.24145349224796,106.97859391175041,94492.526273,94492.551566,0.8888529504841759
-5.301902954634157,18.01020284198696,106.4559378943321,94492.539607,94492.563711,0.9314358713746234
-4.87787400849636,17.68313597564136,105.66346954193256,94492.55294,94492.582915,0.9828437667261745
-4.461774832418957,17.33216684886744,105.11997300584414,94492.566274,94492.590416,0.9794569765788458
-3.996946119565754,16.866060517547584,104.16814927129336,94492.579606,94492.604036,0.9101735664586396
-3.5587702431128516,16.442940218585573,103.72639295522839,94492.59294,94492.617085,0.9839957427225319
-3.054372986738582,15.894743401762879,102.61572966991915,94492.606273,94492.629947,0.9218372548653972
-2.5353999567187473,15.331875910345426,101.58366119413282,94492.619606,94492.643251,0.9957267354545879
-1.9749769611033667,14.765091295924899,100.6664885972531,94492.63294,94492.656803,0.9278053406310786
-1.3835252483970184,14.145507405807033,99.6184192012503,94492.646273,94492.670534,0.965075031043591
-0.7762315892185827,13.524937046657142,98.64689258492803,94492.659606,94492.683436,0.9639474049465756
-0.09559531236121568,12.868771457716894,97.52719955987618,94492.67294,94492.697706,0.9931219674391785
0.6167358065644952,12.220479739430528,96.41368679353961,94492.686273,94492.710991,0.9799364134133247
1.3740884121283583,11.606257075527601,95.34772349103554,94492.699606,94492.725222,0.9705959070826067
2.1513228919511174,10.997484280057533,94.11665493031062,94492.71294,94492.737547,0.9564789148094576
2.9497092379531975,10.385494729887101,92.84027248013412,94492.726273,94492.750359,0.9673098489283097
3.776449700727525,9.763659372480692,91.42247139870774,94492.739606,94492.764498,0.972293980569299
4.634342764461951,9.174706915098756,90.03402082652892,94492.75294,94492.776984,0.9777909668580067
5.528842353876441,8.598983514372259,88.66246062221974,94492.766273,94492.790398,0.9503998153172806
6.464137466848951,8.011446939740926,87.24050413326285,94492.779606,94492.804644,0.9778920400168818
7.422658282761746,7.383503990037506,85.76151297586951,94492.792939,94492.817521,0.9957811970908749
8.403918308212337,6.721319886163935,84.4564123063575,94492.806273,94492.830447,0.962418016528478
9.409748058201227,6.031303955706267,83.10487344684884,94492.819606,94492.844848,0.9880512094600818
10.442983817183771,5.313868015552176,81.81124318757865,94492.83294,94492.8589,0.9997864414233519
11.464637596686153,4.601380159168995,80.46157412471271,94492.846273,94492.869869,0.979234859185277
12.461438862492203,3.9043290151104113,79.22772446150282,94492.859606,94492.885926,0.988622121810264
13.410166716489016,3.2263934834639967,77.95650972806824,94492.872939,94492.899765,0.9890395667532043
14.337761872354365,2.5549398762050677,76.78789771758204,94492.886273,94492.916606,0.9379928541664305
15.219555616668783,1.9243607708925314,75.66113141378072,94492.899606,94492.929943,0.9816706464851026
16.052718393696136,1.3417562543872863,74.60534597998299,94492.912939,94492.937081,0.9709701628430598
16.823142410748922,0.7879544089580607,73.618747366883,94492.926273,94492.95012,0.9885225528515443
17.531407967543487,0.2400466009400081,72.6489840842933,94492.939606,94492.964309,0.9980726015467899
18.188418996530416,-0.29467685848152475,71.71052198321063,94492.952939,94492.978513,0.9276613028333236
18.830544557899017,-0.8060194882986343,70.95574542356897,94492.966273,94492.992465,0.9810565057863796
19.399703082010532,-1.2653296179327218,70.13541297658492,94492.979606,94493.003865,0.9684776696689601
19.92765685501596,-1.6878712164391811,69.41644573165017,94492.992939,94493.019419,0.9533183409572973
20.419504784243298,-2.0868811040725785,68.78203118814295,94493.006273,94493.031295,0.9975280424996151
20.89433561383368,-2.4846779822194414,68.24541809964867,94493.019606,94493.044096,0.9830298718550258
21.329452732572303,-2.85102448645451,67.68963631537767,94493.03294,94493.057809,0.945958639282963
21.746189585573944,-3.1754278852062456,67.26912452372375,94493.046272,94493.070925,0.9289955964790804
22.125194887015088,-3.4561817090936757,66.90421166408615,94493.059606,94493.083344,0.97827362199135
22.434450023419394,-3.672800439425453,66.51462791134203,94493.072939,94493.096569,0.9429366953278262
22.722312027963575,-3.837775060110009,66.21911329157498,94493.086272,94493.110234,0.9423282130826187
22.973115236478296,-3.955704854816916,65.91348996456684,94493.099606,94493.12395,0.9654317683565777
23.196188029323274,-4.033362953176097,65.70435353654848,94493.112939,94493.139126,0.9418297053379213
23.362995862103663,-4.072541967775923,65.46295206181054,94493.126272,94493.150493,0.9342558288062858
23.50150506229186,-4.0998138761503835,65.30567978861666,94493.139606,94493.165001,0.8818809127112575
23.59386470576315,-4.121426212409652,65.14092492743696,94493.152939,94493.176896,0.9305653301581858
23.690327172512642,-4.136372356087975,65.14541365989956,94493.166273,94493.189702,0.955999199717116
23.742067789972694,-4.139557171468418,65.15064192318786,94493.179606,94493.203688,0.9416598643835522
23.722901540940377,-4.1207099502600695,65.10062036893403,94493.192939,94493.218509,0.8855804049915678
23.706149962655903,-4.09048594274423,65.26314618202588,94493.206272,94493.230483,0.9326262852750664
23.615905348246635,-4.045134685428312,65.3616892690093,94493.219606,94493.244918,0.8640019100401356
23.523535895149337,-3.9985827873986595,65.63101146790142,94493.232939,94493.256603,0.9120399178415466
23.376018911820143,-3.922167932129782,65.87425061038472,94493.246272,94493.271341,0.9388776840740432
23.20190032364347,-3.8097171497160263,66.23653359056853,94493.259605,94493.284056,0.9593527121703805
23.007224803950585,-3.6468883185206957,66.70303838887405,94493.272939,94493.296607,0.956997036012483
22.724080702878815,-3.416647901634829,67.0943113275411,94493.286272,94493.31053,0.8989714627293697
22.416868853198967,-3.1426885924294843,67.60869525199153,94493.299606,94493.323455,0.9097097730434761
22.081150627443087,-2.817528606603998,68.21008177921759,94493.312939,94493.337762,0.9773027989153957
21.679245342278783,-2.4405428761362384,68.79451769318241,94493.326272,94493.353028,0.9564622473687302
21.2848267866864,-2.030667934516536,69.64926973091731,94493.339605,94493.363819,0.9296475822865118
20.81806679582528,-1.5912532775498747,70.46363835359274,94493.352939,94493.378693,0.9365765158596651
20.29002199397826,-1.125030088333737,71.26580194428331,94493.366272,94493.390363,0.9592347946133587
19.778267721711682,-0.6422779404759597,72.30451000381291,94493.379605,94493.403217,0.9571324469937766
19.19583238890205,-0.13402067711340798,73.34280226806162,94493.392939,94493.416751,0.9534540155667677
18.55459453730462,0.40888301339934774,74.46627398078954,94493.406272,94493.430328,0.9577259592895461
17.86301565232867,0.9970580139816696,75.67962931813537,94493.419605,94493.443488,0.9859699454173988
17.128566077015297,1.611486132531944,76.88692143207682,94493.432939,94493.45739,0.9463861663082191
16.400729199441248,2.2621815725246126,78.27522430344742,94493.446272,94493.470985,0.988553917506521
15.65340958747171,2.9276331475097046,79.86346040051261,94493.459605,94493.483691,0.9897737319029712
14.827524413445772,3.626125281334458,81.34972966813471,94493.472938,94493.497394,0.985492607027306
13.96736940780244,4.351410219446716,82.98404381857495,94493.486272,94493.51085,0.9620516860372142
13.091068213438733,5.103278042092666,84.82964877554582,94493.499605,94493.529818,0.9503392276566002
12.211358959029798,5.862138928427748,86.83182095255309,94493.512939,94493.538262,0.9674048047107473
11.31711756575201,6.600931235825453,88.90270694950243,94493.526272,94493.551594,0.974496316427757
10.42673143386883,7.31128513188117,91.09249762823677,94493.539605,94493.56356,0.9458265827261716
9.529624859163148,7.979073100155005,93.25339737095307,94493.552938,94493.578747,0.9867104777527763
8.657320448127138,8.637885347971139,95.67846195593432,94493.566272,94493.590157,0.999957612222792
7.783875372463546,9.27493722772849,98.25578756919393,94493.579605,94493.604651,0.9859852049340203
6.9224752486277055,9.875156405026916,100.81869092586513,94493.592938,94493.617702,0.9381939408046651
6.069498936889959,10.445686690627229,103.2608270772232,94493.606272,94493.630261,1.0
5.21049898676496,10.989646991427444,105.69371275088923,94493.619605,94493.645368,0.963758157870616
4.3425269678673715,11.583573507553387,108.2933870739855,94493.632938,94493.656625,0.9101114348635704
3.45288037053844,12.190884674970341,110.79241910521762,94493.646272,94493.670639,0.9264077432961918
2.507864874692769,12.811314001708803,113.09515432883585,94493.659605,94493.683443,0.9675714118936147
1.4752964893308236,13.445308150355368,115.25569818786995,94493.672938,94493.696779,0.9689722543597391
0.3701213344427869,14.074645797950884,117.32871037945178,94493.686271,94493.711784,0.9771667310711297
-0.7746201396360196,14.654443643852858,118.92981536581138,94493.699605,94493.723432,0.9993224397301106
-1.9735406074693138,15.299239514454134,120.9341672571932,94493.712938,94493.738744,0.9929094599595143
-3.1861021510593672,15.91311587636903,122.52126378938829,94493.726271,94493.750878,0.9605276801036773
-4.435846774763414,16.566827698822912,124.14862691699851,94493.739605,94493.76462,0.9814975657416518
-5.680060611444433,17.180700079079138,124.87062047718764,94493.752938,94493.777928,0.8640113581354336
-6.936070900759755,17.886087671102743,125.9128384537669,94493.766272,94493.790029,0.9917273687419208
-8.206525676134811,18.695184774825986,127.41622968595581,94493.779605,94493.803839,0.9906309250272242
-9.343187766634882,19.442123570965215,128.61762568437277,94493.792938,94493.818551,0.9644317238905704
-10.36170035521942,20.10589905144275,129.47319357556182,94493.806271,94493.830079,0.9901654982499561
-11.262138393894016,20.684117646611423,130.29489712578885,94493.819605,94493.844105,0.9221103257751301
-12.094159597211117,21.224660090772577,131.15937127775715,94493.832938,94493.858478,0.945036803494302
-12.827983508477434,21.717821665295528,132.15609206478084,94493.846271,94493.870707,0.9082910786987354
-13.524374205030576,22.23436578719527,133.6146194653347,94493.859604,94493.884904,0.9876182115697881
-14.016618863602554,22.548832703953888,134.0313094219309,94493.872938,94493.896655,0.9778529167175293
-14.483229746530608,22.9345630342666,134.9211613526673,94493.886271,94493.911494,0.9659806416036439
-14.976240091033397,23.364559985867057,136.23305177651565,94493.899605,94493.923983,0.9845759015376476
-15.302669332336523,23.623083527379503,136.8383345349735,94493.912938,94493.941164,0.9837585399426063
-15.555295752629743,23.77973649565034,137.32673381705038,94493.926271,94493.95061,0.8399542345620953
-15.846661956429232,24.064698191337996,138.63107628028365,94493.939604,94493.963603,0.9887096458564092
-16.003402194684792,24.19356720914634,139.32636147086745,94493.952938,94493.97672,0.9989330734846296
-16.053576485344323,24.216869355186674,139.6155325559999,94493.966271,94493.989847,0.902076317429578
-16.033220620858064,24.22269529127005,139.9394541538262,94493.979604,94494.004536,0.9728246820257208
-15.924517207444914,24.251595710950664,140.34885854384314,94493.992938,94494.018592,0.9687760663947395
-15.79659358674647,24.33079623342396,141.33642369912283,94494.006271,94494.033061,0.8050218876449269
-15.525730448478516,24.373011262582363,141.86307863181898,94494.019604,94494.044705,0.8895724733416227
-15.057396671926861,24.213420694629306,141.5593752401925,94494.032938,94494.056621,0.9710709456984457
-14.542907449915088,24.206930261731674,141.8704007826146,94494.046271,94494.070374,0.9854649950408899
-13.895348409921079,24.17247409865277,142.36208887862682,94494.059604,94494.083345,0.9401073723632873
-13.065672807621544,24.08751704226126,142.41403625462362,94494.072937,94494.097064,0.9916790906370887
-12.026087485699112,23.967058091325487,141.96776343075547,94494.086271,94494.110349,0.9976672760655593
-10.877388982260118,23.943146814857354,142.2398180394424,94494.099605,94494.123379,0.9732158583651983
-9.453891284177148,23.845147881512432,141.88018192604636,94494.112937,94494.13838,0.968884952047022
-7.813743293243118,23.813014309427633,141.89892427814914,94494.126271,94494.150358,0.990354238854877
-5.9348144100657425,23.755260094529664,141.45936233888264,94494.139604,94494.164685,0.8214197071782996
-3.9333801491732316,23.876926507856712,141.76516879029106,94494.152937,94494.177858,0.8728070984621039
-1.7051209261463762,23.824352331293426,141.16860380030056,94494.166271,94494.191767,0.9262584524175196
0.6251388721736372,23.951348360282996,141.67256671571042,94494.179604,94494.206512,0.8263107220474779
3.1000785295011912,23.897209912454052,141.46246729786162,94494.192937,94494.217133,0.9830044743438111
5.648560693728738,23.80555939876141,141.36851463191144,94494.206271,94494.232399,0.9854649950408899
8.237517263721122,23.610483985753003,140.96307616971063,94494.219604,94494.24377,0.9719991757779722
10.839961595905038,23.362873351488364,140.78816369075483,94494.232938,94494.256631,1.0
13.495976552433756,23.037820211631605,140.57952105148706,94494.246271,94494.26986,0.8504670439507994
16.23191595027348,22.63303553586847,140.73354460438253,94494.259604,94494.28358,0.9896886284565343
18.961744126060957,22.090779000585098,140.64823133736263,94494.272937,94494.297242,0.9639577964800201
21.71674423666747,21.436375257299524,140.58641770369067,94494.286271,94494.309863,0.841974020074025
24.412627555214712,20.57078122012729,140.1684226071498,94494.299604,94494.324294,0.9867768007694011
27.177780359157296,19.665188352364467,140.28644945340005,94494.312937,94494.338696,0.8937185816405167
29.795314510494105,18.54372830337724,139.93459350526783,94494.32627,94494.350496,0.8605928246136202
32.52531656052279,17.44064580691193,140.75389923383267,94494.339604,94494.363272,0.8757470308282943
34.89533737926825,16.154692046905506,140.57489363417417,94494.352937,94494.377499,1.0
37.21185293062125,14.879754845388861,140.92739681827123,94494.366271,94494.389834,0.8690497290529482
39.37719682135216,13.652801930287582,141.35913487842228,94494.379604,94494.404133,0.8652776906807168
41.33854801613212,12.440917359117956,141.6775982313496,94494.392937,94494.417627,0.8702516717774745
43.04181035971415,11.329349179755116,141.80078943339913,94494.40627,94494.431098,0.8606375682048834
44.612162812145684,10.312726541789162,142.04377259171812,94494.419604,94494.445631,0.9498400688171387
46.0489098002127,9.411846779173027,142.42675251019986,94494.432937,94494.457842,0.8980217293099279
47.27924639929996,8.596709965434497,142.76079835955463,94494.44627,94494.470426,0.9727373861990699
48.4055078124568,7.8812612580211585,143.3315468371677,94494.459604,94494.483831,0.8399318523243225
49.26288593251508,7.321826486428072,143.55179703601635,94494.472937,94494.496846,0.9206246883346808
49.98078422635253,6.826655946331895,143.7285770809923,94494.48627,94494.510059,0.9598406160968016
50.537656012628766,6.454303990101819,143.90208930018972,94494.499604,94494.523472,0.9001304236852785
50.71595177156782,6.200391125454551,143.3667940513206,94494.512937,94494.538864,0.9515919350464979
51.05888756304227,6.11163421392462,143.89546131993103,94494.52627,94494.550037,0.8886146819945793
51.0173982253634,6.086659845537488,143.6203690543603,94494.539603,94494.565139,0.9983014902222592
50.801503277302956,6.133348809469659,143.3502228221466,94494.552937,94494.577441,0.8517833725912715
50.3668720319207,6.315051717845131,142.79652641014133,94494.56627,94494.590886,0.8316341339268585
49.68979238468435,6.591200163626648,142.03771332265995,94494.579603,94494.604878,0.8908318312821919
49.11029394543112,7.033529968537873,142.06950219570015,94494.592937,94494.617368,0.8944272041320801
48.04568648037069,7.493727809716202,141.3692840831785,94494.60627,94494.630217,0.8819826126098633
46.778134923804274,7.98722645540237,140.64347629097952,94494.619603,94494.644606,0.9547350956563733
45.046160814854936,8.479974588803644,139.10593195535904,94494.632937,94494.657141,0.9975582278109036
43.433779687352065,9.18465416682466,138.7947631995201,94494.64627,94494.678397,0.8923172808668696
41.22172562946197,9.88708227083704,137.27550723598833,94494.659603,94494.683245,0.9510590985310416
38.9722396904859,10.696617990917186,136.63864063481853,94494.672937,94494.698081,0.9810355844976669
36.10545760915498,11.396694945080476,134.70413912614396,94494.68627,94494.71084,0.9461694498228529
33.258143553222205,12.257693016430185,133.99022546401395,94494.699603,94494.725167,0.7824687975402663
30.0690137181327,13.121206041770689,132.9805103634818,94494.712937,94494.736937,0.9791006478378173
26.675025283501427,13.927442545004403,131.89045467556673,94494.72627,94494.751714,0.9356926929017956
23.255474443936524,14.67756864943289,131.22702649666692,94494.739603,94494.763546,0.8836471469027803
19.85924306557543,15.291776734000337,130.9905963547288,94494.752936,94494.776386,0.9030525606011196
16.428876518207318,15.67062004408078,130.25361334156355,94494.76627,94494.790034,0.9969885084849084
13.40347100883071,16.03981874858274,130.07007719854528,94494.779603,94494.803719,0.9677828404889253
10.517872098745354,16.2735228503662,129.67796613351345,94494.792936,94494.816848,0.9143166868406148
7.885641884646644,16.46561491552518,129.72352283741978,94494.80627,94494.832583,0.9880505210656487
5.515206276610465,16.483584759619855,129.56559728637657,94494.819603,94494.844774,0.9802003680165118
3.427988487947562,16.404544857110622,129.4514710825852,94494.832937,94494.858649,0.984674397360048
1.6062454857039976,16.237131333361788,129.36060727785707,94494.84627,94494.870455,0.9498196628783336
0.05975003230654704,16.016725167171362,129.31611591810167,94494.859603,94494.883029,0.8936143740236473
-1.198223050244632,15.765691263544472,129.06064076823452,94494.872936,94494.896602,0.9647600797530796
-2.1622474558628917,15.57009306084407,128.9911558262652,94494.88627,94494.909896,0.9398492579905986
-2.844964697637984,15.410599872857349,129.04609148998642,94494.899603,94494.923242,0.9758135177096819
-3.2100168650037912,15.21537251809448,128.72023463915875,94494.912936,94494.937749,0.8849639049232539
-3.251315830703003,15.073932218266226,128.5211138916927,94494.926269,94494.951074,0.9565148860281587
-2.953564192782443,14.989319132914863,128.6832539307862,94494.939603,94494.9652,0.9562036336936838
-2.2771612463877187,14.905790558719378,128.13571311856492,94494.952936,94494.976708,0.9819263660929164
-1.2682566901468257,14.904124995172872,127.96970386758184,94494.96627,94494.989816,0.9854649950408899
0.13647112700331304,15.00418128532164,128.233482382354,94494.979603,94495.004012,0.9605406080760575
1.9525680738461386,15.116794805513976,128.3114217937232,94494.992936,94495.016649,0.9079975062817323
4.120372513606218,15.321642953463323,128.6360137051177,94495.006269,94495.030193,0.9582438545963003
6.485605777124538,15.627827081740113,129.082633074786,94495.019603,94495.043458,0.9995355676793003
9.03897864220077,16.0184598616256,129.93015554635244,94495.032937,94495.056772,0.9705628348434884
11.693039239573931,16.379464963369514,130.786553843256,94495.046269,94495.07034,0.9896699905395507
14.473610326929242,16.837457732965266,132.62359742494516,94495.059603,94495.083843,0.9741513434322335
17.213400670745163,17.294677474766157,134.7354948380772,94495.072936,94495.098102,0.9850305003836503
19.752885015871602,17.745897068318477,136.6419285130041,94495.086269,94495.111686,0.9245640839851318
22.046201764512006,18.144137224835,138.52909273130004,94495.099603,94495.123667,0.9866191843789363
24.13426873953096,18.500027350197286,140.32694902033097,94495.112936,94495.137521,0.8740993036562822
26.22326722759154,18.91038468664376,143.42279028025698,94495.126269,94495.151357,0.7651918193026926
27.95860581615782,19.184377214685686,145.83947617601197,94495.139602,94495.163949,0.9909924404369358
39.537670226255095,15.132617392009807,150.79928616018807,94495.352936,94495.376526,0.9946714255987462
38.95385606802221,14.486991837705418,148.61362815826894,94495.366269,94495.390022,0.979121612307353
37.7468316937846,13.768273061519668,145.25093262458518,94495.379602,94495.403576,0.9078064675789916
36.449037964792225,13.256216355635683,143.2762878056473,94495.392935,94495.416538,0.9481981846156897
34.5844796432142,12.802264437693616,140.5482334362574,94495.406269,94495.430142,0.8842092095229527
32.28747463571245,12.38630674021496,137.74356756690403,94495.419602,94495.44402,0.8811374062683052
29.888060969794957,12.087308596001643,135.98216730172766,94495.432936,94495.458452,0.983970155442665
27.29028947549991,11.86273295021694,134.0868472584675,94495.446269,94495.47105,0.9393382944170726
24.587751484333904,11.817007529845691,132.6304245933675,94495.459602,94495.490879,0.9773484057927527
21.833608004435536,11.86617945194394,131.06356414550146,94495.472935,94495.503723,0.8642887447557681
19.282335853193498,12.024763383618035,130.3978689260224,94495.486269,94495.512431,0.9256859055246455
16.933005769687213,12.083536636329532,129.48580180495023,94495.499602,94495.524625,0.9695534787050017
14.936163720417639,12.129159155321233,128.99809876412462,94495.512935,94495.537952,0.998996578253924
13.166631392071912,12.286850576753064,128.7382429787764,94495.526269,94495.550912,0.9583256285472768
11.570022044850507,12.555865885598497,128.46838273263327,94495.539602,94495.564983,0.9982608825353969
10.178358041235548,12.77354820588305,128.10129767475948,94495.552935,94495.578472,0.985394086645506
9.026383045713612,13.036362293117717,128.50812755534656,94495.566269,94495.592269,0.8992349311217802
7.983172271726721,13.233885358541023,127.99991236544795,94495.579602,94495.603455,0.957878180785978
7.078391321250421,13.562691232166735,128.4688667337378,94495.592935,94495.623509,0.9870846155449696
6.254331388875991,13.778339396482533,128.28186337375763,94495.606268,94495.63718,0.9854649950408899
5.531961770820233,14.016835187555397,128.45845400598597,94495.619602,94495.650054,0.9375805763092476
4.9238599162172045,14.206763383441876,128.45108677140522,94495.632935,94495.658874,0.999941368427244
4.408005925573253,14.503557690488934,128.7089759529607,94495.646269,94495.670374,1.0
3.9936375141740186,14.796744842100733,129.0669464945612,94495.659602,94495.686235,0.9426119374162769
3.662485686411434,15.035489862389678,129.28966064061296,94495.672935,94495.698424,0.961306770217795
3.4439061422383817,15.242565798959086,129.24457013708013,94495.686268,94495.710844,0.9036664777430286
3.303007269237418,15.433260574411177,129.33299948434606,94495.699602,94495.723951,0.9575044265146939
3.25141645229983,15.588995309698381,129.6619714410186,94495.712935,94495.737313,0.9897949793283481
3.2717012222989514,15.710129704111214,129.58531682351224,94495.726268,94495.750208,0.9581469397812468
3.4168085003446826,15.807886918615061,130.03905660373525,94495.739602,94495.763163,0.9781623470330523
3.655088659643799,15.810323840489488,129.89002232557087,94495.752935,94495.780041,0.9162971655755744
4.010538860726759,15.7880683467456,129.96113557574589,94495.766269,94495.79046,0.9895726036645695
4.450343103901534,15.729550179962692,130.20373457276764,94495.779601,94495.80696,0.9699566508965347
5.014509161538696,15.557033131391233,130.38268950954557,94495.792935,94495.81871,0.8998553259190473
5.636966352603605,15.262291824418654,130.00984506971804,94495.806268,94495.831236,0.9964091784428865
6.364308701625018,14.89680234596868,130.15603040811916,94495.819601,94495.844724,0.7846476961612111
7.125794419787911,14.38979884419628,129.8418937337457,94495.832935,94495.858789,0.9891710376648011
7.937786679265437,13.836723461033419,130.10293521707175,94495.846268,94495.871101,0.87722501822179
8.767184682553514,13.062800128920946,129.73773451828595,94495.859601,94495.88971,0.9225003909785716
9.64254453942307,12.127294088917496,129.3771760136428,94495.872935,94495.898349,0.889913908379284
10.52629994176776,11.105147342598636,129.34988644235335,94495.886268,94495.911272,0.9838327146341475
11.359371648229125,9.893879933765007,128.77847849197363,94495.899601,94495.927874,0.9615864829455552
12.160524804765325,8.54996145512442,128.315727139241,94495.912935,94495.938707,0.870172369521609
12.993270762522785,7.111660925888609,128.03728961178254,94495.926268,94495.951797,0.9009352220833257
13.833854875024809,5.569778938417713,127.69576937391554,94495.939601,94495.964794,0.9138072669084194
14.702805581190129,4.066497543818011,127.33528014726588,94495.952935,94495.979302,0.9265445485126175
15.536221059376315,2.52453813337184,126.9409921698108,94495.966268,94495.990228,0.8991301512924417
16.363255853861382,0.9108600170821588,126.63282445667838,94495.979601,94496.003745,0.9985985661901804
17.23837018841575,-0.8116045291511876,126.40892335588039,94495.992934,94496.019486,0.9821535177518556
18.14454210471232,-2.623430150964605,126.08697189680686,94496.006268,94496.031743,0.9333320097299421
19.061078340561586,-4.380546096500052,125.64655036283094,94496.019601,94496.043737,0.9454039600920042
19.995411626625348,-6.155498900493055,125.23873022974433,94496.032935,94496.057692,0.826697171348759
20.948196666870228,-7.903690865582344,125.1152211095339,94496.046268,94496.078256,0.9317915825802638
21.945579428578387,-9.637144831763571,124.80602489594271,94496.059601,94496.083874,0.9928650150589601
23.04275086549742,-11.300134918594814,124.91816085969212,94496.072934,94496.096984,0.9503352320766971
24.13656655538096,-12.848401744185386,124.86258664997834,94496.086268,94496.110228,0.9959783274613815
25.255814537182065,-14.322527418059883,124.98103945933357,94496.099601,94496.123229,0.9777601267472139
26.38523192382636,-15.778971139267211,125.31459618090082,94496.112934,94496.137187,0.8773962627181708
27.43296332322001,-17.13654806058997,125.1278406819941,94496.126268,94496.152555,0.9880778927766319
28.572115302783942,-18.41276222904461,125.23064595179221,94496.139601,94496.166263,0.9994790449882777
29.7554075469452,-19.62286936029369,125.44778607655759,94496.152934,94496.183656,0.8838224895891258
30.948495666016488,-20.759092907138367,125.67199736384927,94496.166268,94496.191067,0.927461610529638
32.0568259026083,-21.744972025544392,125.68717492726717,94496.179601,94496.204355,0.9621004962635953
33.1500547689314,-22.666550769208214,125.79995809990824,94496.192934,94496.218155,0.8845764020605578
34.17440768660264,-23.49656496454616,125.73452896811303,94496.206267,94496.23132,0.9848972625315686
35.27150083935118,-24.304655141388295,126.25423187368243,94496.219601,94496.24524,0.8878320477970932
36.07424843545235,-24.865947976567874,125.89444679007008,94496.232935,94496.259082,0.9743589131900708
37.06698189267896,-25.530230315098244,126.66220988345908,94496.246267,94496.270552,0.9252034442825364
37.89764884293691,-26.032547954014746,127.12638704998297,94496.259601,94496.283533,0.9605882094955912
38.49084902044365,-26.301518709428134,126.98102770911464,94496.272934,94496.298061,0.8848507172208337
39.00928998994501,-26.458229458215442,126.88107383624991,94496.286267,94496.316588,0.8238860876622572
39.550552597528686,-26.60309484342179,127.30563308861177,94496.299601,94496.329558,0.8705182417923593
39.89259258696792,-26.539530178355857,127.52325230828059,94496.312934,94496.337073,0.9870598036246304
39.95648650224762,-26.21479248251686,127.20425119724061,94496.326268,94496.350647,0.9422213584252257
40.02049149738191,-25.82090667759131,127.21125623435258,94496.339601,94496.363637,0.9946143707298574
39.997984746207834,-25.36278355703405,127.39707007361916,94496.352934,94496.37807,0.9348158695228015
39.721872768856116,-24.699489642849546,127.15702111304508,94496.366268,94496.39137,0.9640274371512028
39.455391915299764,-24.059381937839614,127.48858753541343,94496.379601,94496.405624,0.7965968612962918
38.87147286100221,-23.243029692800413,127.34721041576816,94496.392934,94496.417048,0.867011087358113
38.11930040931032,-22.37899150922765,127.12813370699203,94496.406267,94496.431348,0.9006624659665993
37.170484174828594,-21.426622956890803,126.62298962404368,94496.419601,94496.451235,0.9494573887065266
36.21300403570501,-20.47883866686261,126.60961765693725,94496.432934,94496.456997,0.9502731326570016
34.99193027270838,-19.38774583618612,126.11427545000949,94496.446267,94496.471477,0.9831330106092709
33.70401610289203,-18.29310752564058,125.85232199453216,94496.4596,94496.485032,0.9910324231509421
32.36938091653172,-17.24509517156433,125.9120352749968,94496.472934,94496.497276,0.9860463290277861
30.831665203155932,-16.15412435955136,125.54931306903894,94496.486267,94496.509922,0.9988189578577751
29.253998399541626,-15.13142241049003,125.49043784411603,94496.499601,94496.525096,0.8495079211607809
27.524589327700237,-14.136239731670742,125.23978188407746,94496.512934,94496.538598,0.9229606309182243
25.713456192219805,-13.194906763794924,124.9663364953562,94496.526267,94496.549911,0.8866871926635129
23.85425853707394,-12.31753043103568,124.86517074808494,94496.5396,94496.570527,0.8911230923838765
21.890695336380144,-11.471826981924108,124.32135379932336,94496.552934,94496.577891,0.9232569699458926
19.904902006696688,-10.766813604062634,124.24938243404107,94496.566267,94496.590672,0.8800624273751086
17.846672096885843,-10.167696481874412,124.28265968015437,94496.5796,94496.606103,0.8860355622703013
15.713022885719958,-9.66928733227024,124.12005724315866,94496.592934,94496.618963,0.8732172371566107
13.563796035544051,-9.274104930257048,123.85355261667108,94496.606267,94496.629899,0.9749351665922863
11.473726842423433,-8.965737264464655,123.71092539156952,94496.6196,94496.644817,0.9140803819816122
9.367786048081335,-8.71293829510567,123.82288662089955,94496.632934,94496.656734,0.9050172277151891
7.194289607985076,-8.48201309419071,123.61740599424859,94496.646267,94496.6707,0.9374939649396768
5.0620652670373,-8.308510236936769,122.99240197044556,94496.6596,94496.68318,0.9999341387129385
3.019551133596539,-8.242805065081113,123.2882512991873,94496.672933,94496.697934,0.9404644961158045
1.0724163998768323,-8.141764954804538,122.87490247015391,94496.686267,94496.710958,0.8654952630264648
-0.8073437222953597,-8.115865611755835,123.24651174006269,94496.6996,94496.725012,0.8464421113541666
-2.594706697146351,-8.130379559301337,123.25432829911706,94496.712934,94496.736851,0.8450541900192946
-4.2635142689143155,-8.18434828029103,122.8180692622702,94496.726267,94496.750507,0.9928097851609422
-5.791713257159385,-8.330881495861528,122.72180174659597,94496.7396,94496.763438,0.9015570225206831
-7.136958726547076,-8.557210329440496,122.70353496184097,94496.752933,94496.777058,0.9473435392928802
-8.324411504354282,-8.785466447000678,122.69023375579307,94496.766267,94496.789897,0.9718174596870284
-9.396293529571372,-9.079955391762942,122.86340099979684,94496.7796,94496.804873,0.9944798382528448
-10.287367145542667,-9.398309995346379,122.65218612460193,94496.792933,94496.816847,0.9338114207050938
-11.024905294331479,-9.799114800039305,122.62714581415095,94496.806267,94496.831002,0.9574793013092289
-11.572440695710009,-10.180745027044349,122.66182129600746,94496.8196,94496.844018,0.9621623064682923
-11.966170113614375,-10.522813926355552,122.67825419004532,94496.832934,94496.856622,0.9195544493335506
-12.185395898193404,-10.780349686854978,122.45602378161803,94496.846267,94496.870669,0.997026488244867
-12.277756324793572,-11.0550589952652,122.49016883993139,94496.8596,94496.885928,0.9288304663430118
-12.184419307354046,-11.33584564167635,122.37071456378925,94496.872933,94496.89786,0.948904988644191
-11.854436301845201,-11.608076879257409,122.25817740696269,94496.886267,94496.912876,0.9775665280120194
-11.324222233316288,-11.835258442755022,122.19233588802848,94496.8996,94496.925896,0.994691279391803
-10.580955701127639,-11.978311106550127,121.8831163156493,94496.912933,94496.937815,0.9751714985026624
-9.750432222923138,-12.123646319721944,122.12476534211034,94496.926266,94496.950332,0.9794096439640612
-8.712341907316258,-12.226766350192364,122.17060055179343,94496.9396,94496.965088,0.9661222428356989
-7.421936887749152,-12.298292177245925,121.97539688853814,94496.952933,94496.977851,0.9915379112199216
-5.939793985254556,-12.356562835487319,121.94002735386137,94496.966267,94496.989943,0.9835830002659126
-4.361218701452393,-12.3913975082842,122.3845968645366,94496.9796,94497.004807,0.9936455897378416
-2.670577103585974,-12.309357151350651,122.38895642744589,94496.992933,94497.017788,0.9200845881676083
-0.8556649184185406,-12.193684678354403,122.36220901857028,94497.006266,94497.03146,0.9494987933371248
1.0852147457985744,-12.090633648646977,122.84047222088914,94497.0196,94497.0457,0.9804093384795624
3.1871821130067337,-11.952924596387586,123.18005056581686,94497.032933,94497.059191,0.9641188769322729
5.373126320420177,-11.748391369511214,123.41866435689012,94497.046266,94497.070452,0.8960249274004006
7.576736306115818,-11.448229347933934,123.453568553453,94497.059599,94497.086111,0.9495086829446973
9.777588107920607,-11.134925540720326,123.91299273921169,94497.072933,94497.098027,0.9884004583686066
12.008521891292242,-10.792098892821949,124.51624979314059,94497.086266,94497.109811,0.9468259361665818
14.25335396161243,-10.425355040935802,124.99257697729864,94497.0996,94497.124509,0.9593053297008863
16.48761972569425,-9.985213841685415,125.21604815338866,94497.112933,94497.137561,0.9023208025437253
18.735958301235723,-9.534154732067204,125.78293271281703,94497.126266,94497.149888,0.9552383320102507
20.96803393809509,-9.072268094525574,126.38225010059526,94497.139599,94497.16394,0.9795095706652247
23.13679113612492,-8.561311239490488,126.7771155472598,94497.152933,94497.177152,0.8927902662408262
25.321074057234437,-8.031217183629478,127.56815429006275,94497.166267,94497.19045,0.9825479352945334
27.3827649148671,-7.3734611347052095,128.19916565932687,94497.179599,94497.205169,0.9334724778806637
29.349106305978992,-6.572375735237639,128.93286651637234,94497.192933,94497.216672,0.9496469531245646
31.151858348485966,-5.600622512293247,129.57373052446457,94497.206266,94497.231374,0.9236044082458882
32.76928382389859,-4.45658832799609,130.02607456971543,94497.219599,94497.244776,0.9936330695536347
34.327636198891476,-3.1919676084015403,130.8232397437372,94497.232933,94497.256706,0.9278959929192655
35.61914846872821,-1.79474644122238,131.10960453588157,94497.246266,94497.271692,0.9188112116297569
36.95470065187269,-0.30348907438710016,132.1501236226058,94497.259599,94497.283999,0.8334901659444575
38.20980010153988,1.2252878078622451,133.37613706833116,94497.272932,94497.297965,0.9352587832061444
38.97034827688937,2.7652339529052217,133.22193213511625,94497.286266,94497.31124,0.983064937171001
39.84239015952256,4.322053107248548,133.94992225026303,94497.299599,94497.331996,0.8619375438913698
40.41686728811902,5.863154112570814,134.05382212846064,94497.312932,94497.337675,0.8681102388400559
41.05146306167395,7.473429478759977,134.8600196315739,94497.326266,94497.353139,0.9284891994470732
41.4717918388067,9.119424062250127,135.40677937342932,94497.339599,94497.365037,0.9365500168963714
41.850002490234154,10.800724748875309,136.3554621574056,94497.352933,94497.38027,0.9455792526903319
41.87677924827705,12.366338788553822,136.52810724747334,94497.366266,94497.39198,0.9668991088867187
41.71198830269751,13.906134304836282,136.6014447652488,94497.379599,94497.404852,0.9066970276206445
41.62247819570506,15.45374322966072,137.40496033458763,94497.392932,94497.418567,0.8820142276330019
41.16853754543581,16.837284135870682,137.31264892661918,94497.406266,94497.431293,0.9370817761695172
40.655607687268386,18.177133849765102,137.43045691863892,94497.419599,94497.444275,0.9038002719242555
40.149110668495986,19.536221822080254,138.0693237369918,94497.432933,94497.456994,0.905293019356846
39.22269307899786,20.693787449733307,137.75274170731385,94497.446266,94497.472522,0.8925461409407949
38.13909145400646,21.7940869673959,137.44673926463824,94497.459599,94497.484065,0.9370426187460298
37.11052374389926,22.956450654233745,137.76234340217437,94497.472932,94497.497349,0.9480210493161568
35.879914755606556,23.99039507984622,137.7455478959775,94497.486266,94497.510894,0.9954366198020239
34.47804488843926,24.850911770291304,137.31358216745315,94497.499599,94497.524986,0.9525161743164062
33.31525144473491,25.86307737589402,138.11686182392577,94497.512932,94497.537231,0.9384267807006836
31.81505825974028,26.54155942744462,137.67769120805067,94497.526265,94497.552406,0.9709014892578125
30.45585221909396,27.288512411996603,137.98229202192746,94497.539599,94497.564473,0.9114726367211531
28.920726565670638,27.863425498071486,137.82060454599267,94497.552932,94497.583586,0.9971697453414238
27.419439035423505,28.473281672733687,138.03848695912822,94497.566266,94497.590678,0.8936408996582031
25.808952179732177,28.994096281999546,138.09548849829085,94497.579599,94497.611351,0.8585950326487216
24.067844034679037,29.38095057923682,137.8497201716442,94497.592932,94497.623536,0.8835866934807891
22.32242388043247,29.742135929908034,137.94496111444252,94497.606265,94497.630848,0.9152905832484499
20.480339879008575,29.99484355452781,137.70859430474215,94497.619599,94497.64414,0.9668757914721018
18.611797557113118,30.20567595094869,137.79683992170928,94497.632932,94497.657937,0.9791983609474746
16.62928559841259,30.202761381281018,137.3496676828388,94497.646265,94497.670096,0.9935589616291963
14.629976240798499,30.155883024752455,136.85177711084833,94497.659599,94497.683726,0.9667377854259126
12.642643261855874,30.08629798527832,136.8126938458913,94497.672932,94497.697308,0.9703592500148299
10.626532506711873,29.91479238108143,136.7398845215872,94497.686265,94497.710181,0.9862049488560178
8.630441443012653,29.63853772481171,136.497838439293,94497.699599,94497.723883,0.9899775040953498
6.589684360820306,29.393833381420073,136.33959557433334,94497.712932,94497.743919,0.9483369913894986
4.488419426588917,29.069744534739744,135.66417482716852,94497.726265,94497.750739,0.8523722466203658
2.337862669070484,28.773043001429464,135.1039279943595,94497.739598,94497.773993,0.9253825972600416
0.14736931072040138,28.484432736898583,134.87858484953358,94497.752932,94497.784383,0.7821393611557865
-1.9659035640082072,27.984818665163253,134.1591489569149,94497.766265,94497.790346,0.9510924516448632
-4.006796846825,27.5365839704019,133.74949396063658,94497.779598,94497.811793,0.7568454238790409
-6.070760833791151,27.076027421913135,133.07844838306747,94497.792932,94497.81765,0.9824053035178361
-8.090475232405597,26.63474653715356,132.47438567514416,94497.806265,94497.830024,0.9762245774350228
-10.056736336347313,26.146227311770396,132.0261882498644,94497.819598,94497.843215,0.9716881221427425
-11.881190187391988,25.496225487329543,131.11605773530871,94497.832932,94497.857597,0.9496026360396963
-13.73299054760095,24.95299407576666,131.08986057373525,94497.846265,94497.870479,0.9937930920132944
-15.309441693798826,24.184377593604133,129.94318878642255,94497.859598,94497.885671,0.938808745694825
-16.78067926310209,23.529345057151044,129.28536627310288,94497.872932,94497.896965,0.9799321442310367
-18.15201166749374,22.944263935890852,128.87457264303214,94497.886265,94497.910992,0.9725275149857924
-19.34564398966599,22.369236203703927,128.21393651035814,94497.899598,94497.924593,0.9661293940584217
-20.380827924078147,21.864575496718896,127.55624151154325,94497.912932,94497.937415,0.9994552460642809
-21.25550333161328,21.391842809145885,126.99999420015713,94497.926265,94497.951978,0.9461009979048814
-21.78341587637373,20.834952751991324,126.002544237902,94497.939598,94497.966844,0.9851626765621152
-22.15845724691257,20.434463997363405,125.62679175282773,94497.952931,94497.983549,0.983972204105306
-22.24893468744377,20.014200418387087,124.83484088408946,94497.966265,94497.9906,0.9176650612126745
-22.329337972737324,19.788505987995613,124.68895761487911,94497.979598,94498.004597,0.9764822806894354
-22.07782806716182,19.482604477123488,123.99591627634568,94497.992931,94498.018137,0.9358402001131616
-21.572276608556745,19.23006836551693,123.51552032622762,94498.006265,94498.030197,0.9151192107979613
-20.789630100057973,19.06064990634914,122.96290232705518,94498.019598,94498.045278,0.9652380113454959
-19.88019816442494,19.129313675896846,123.03463425041278,94498.032931,94498.057987,0.95415857795072
-18.66511803322877,19.252018579074218,122.66649152529388,94498.046265,94498.071812,0.9746838079786382
-17.134428651973398,19.378469133004707,122.15814148329382,94498.059598,94498.090101,0.8566366398461497
-15.329850811728702,19.597572545496167,121.93800545174209,94498.072931,94498.099803,0.9367141231787856
-13.220328882559569,19.90603340744309,121.96319384687267,94498.086265,94498.113241,0.9129672431053774
-10.887505261964158,20.360929283087337,122.30867702362778,94498.099598,94498.1248,0.9708624760842544
-8.359966332603781,20.921615628174607,122.68789283866883,94498.112931,94498.138149,0.8615060058287732
-5.720065055671824,21.491901736022584,123.20642217434445,94498.126264,94498.150785,0.898750941128813
-2.990116842116452,21.9084011259108,123.37565893264721,94498.139598,94498.164175,0.8538441936867172
-0.34094208376917085,22.411945123402305,124.5504226994047,94498.152931,94498.179344,0.880653152551814
2.2671355080499898,22.791258268158835,125.63123251172131,94498.166265,94498.191099,0.9635699144090037
4.788899518015532,23.098475199568004,126.68686081817049,94498.179598,94498.203954,0.9172316426371485
7.208960548398154,23.14883528965109,126.86158059180812,94498.192931,94498.216593,0.9569438423735233
9.548870213995936,23.260024653220242,127.81744347605138,94498.206264,94498.230169,0.8611540911087294
11.800915389988841,23.20688044339646,128.34562607515593,94498.219598,94498.24426,0.9139979362487793
13.940822083735382,23.075640928170014,128.93610508382082,94498.232932,94498.257069,0.98217470562853
15.972685064785237,22.867429242376282,129.39374342503382,94498.246264,94498.271807,0.9664688064904314
17.87283103055174,22.480336170177047,129.1933518462069,94498.259598,94498.284804,0.9727373861990699
19.64802674493061,22.000918115295395,128.62106303304682,94498.272931,94498.29863,0.821408651642284
21.327250541457524,21.514965476935327,128.24018335562715,94498.286264,94498.309501,0.9664688064904314
22.827157783653956,21.036570034617128,127.70257488963676,94498.299598,94498.324719,0.973448053046572
24.065109007215284,20.417746310492312,126.05780029175392,94498.312931,94498.337169,0.9196383789809695
25.17802432098791,19.874500351916822,124.88544681582798,94498.326264,94498.349913,0.9384267807006836
26.02964937258633,19.305490474580267,123.26892604758595,94498.339597,94498.363619,0.9244294573148195
26.72134175859439,18.809865322609788,121.90033583155835,94498.352931,94498.377156,0.9681132070245672
27.085428527697534,18.27063501914431,120.18642634009248,94498.366265,94498.39028,0.8489860220420777
27.272756531171495,17.803679162115582,118.84240652583591,94498.379597,94498.403505,0.9030353862009322
27.222717449711315,17.287625892475784,117.32188319809525,94498.392931,94498.418207,0.9165365876713502
27.035036194901217,16.826055880298618,115.95098342603924,94498.406264,94498.43191,0.9252681484455924
26.820018351902956,16.507790601489088,114.78875789101602,94498.419597,94498.451734,0.9421690299595915
26.678551900167058,16.367913616378278,114.00526296914416,94498.432931,94498.456951,0.9632727099434412
26.562234436776087,16.230194674423682,113.3432550080466,94498.446264,94498.470198,0.9730614134930362
26.527478921617963,15.997352211286646,112.56797910196751,94498.459597,94498.48403,0.939504700121862
26.670985732269163,15.728090514202913,111.96192123355816,94498.472931,94498.496767,0.9857874035833712
27.056646721474483,15.522194823970091,111.58780672841031,94498.486264,94498.511138,0.9822815750679318
27.598514504954423,15.317718633389404,111.05001609155187,94498.499598,94498.524278,0.9730342048600378
28.344968621407677,15.105848148297529,110.72465731306836,94498.512931,94498.538444,0.9215020604421944
29.19761529943353,14.844065152074592,110.34078167386555,94498.526264,94498.551825,0.9688243563584341
30.18101818387696,14.576068121649216,110.19431019722741,94498.539597,94498.563902,0.9419455792033887
31.149171863507,14.277228427764342,109.90700299311715,94498.552931,94498.578079,0.8995506928941963
32.173216935514915,14.005881255647152,109.8133818868652,94498.566264,94498.59275,0.9169285425975341
33.05010387139294,13.697335583418383,109.33775823879002,94498.579597,94498.603844,0.9075843734327154
33.94790346170668,13.460150806395704,109.38932031024129,94498.59293,94498.623554,0.9640951090140466
34.5860970032468,13.174789632576863,109.04589291225413,94498.606264,94498.632987,0.8891084238406827
35.12752519816763,12.951247363604722,108.92159411500745,94498.619597,94498.645534,0.93922718615141
35.464929404965496,12.760895446270101,108.66346303087111,94498.632931,94498.656935,0.9402035034846827
35.64527085594509,12.579913121629541,108.40356746314383,94498.646264,94498.678048,0.93861089676665
35.48861768873097,12.37198152210423,107.79164957687428,94498.659597,94498.683218,0.8012662349380705
35.1074453326883,12.283500675955388,107.52253799155302,94498.67293,94498.696873,0.9946495095083522
34.30464941865198,12.152404856410495,106.65506972167726,94498.686264,94498.710509,0.9948909696179291
33.2699524686894,11.991173372406795,105.69295236385943,94498.699597,94498.724016,0.9304530249005426
32.026591095575625,11.807798169467892,104.61144875537141,94498.712931,94498.737163,0.8687312495174402
30.569126579086625,11.631592496331079,103.39139960331309,94498.726264,94498.750106,0.9157378585654246
28.948503022737082,11.543531047696808,102.22909343567937,94498.739597,94498.76555,0.9964776510212793
27.149138194159498,11.456940565493207,100.88128096407203,94498.75293,94498.777857,0.9161739020741821
25.24268021379983,11.342704639087525,99.55209203196337,94498.766264,94498.790329,0.9385400380466676
23.299395158461927,11.221393048836894,98.38743919716704,94498.779597,94498.804062,0.999661479391034
21.279585335388774,11.095934178377,97.0340991589543,94498.79293,94498.816595,0.9656719686831627
19.272787751202177,11.057703699580273,95.95632953485281,94498.806263,94498.831542,0.9747056220490913
17.202861367040445,10.990088522033913,94.67887425698841,94498.819597,94498.851097,0.9800183876825073
15.140975055608138,10.868806431253212,93.5640460608792,94498.83293,94498.86372,0.9559076084927067
13.040900006597363,10.65166959234582,92.16089971213792,94498.846263,94498.877361,0.99979868498966
10.958977052033461,10.406857140868201,90.95248352058428,94498.859597,94498.883891,1.0
8.859769734458865,10.077887774841184,89.67867858664555,94498.872878,94498.897518,0.9668237328882483
6.772608123934171,9.614898823787488,88.44453625331765,94498.886212,94498.909928,0.978711072829665
4.731076405807757,9.042856816431971,87.22329690729774,94498.899545,94498.925449,0.9933557077327734
2.762853658015098,8.41714530485734,86.0517077413723,94498.912878,94498.937558,0.9025587186472641
0.9315498230866216,7.862375025349685,84.81512536349044,94498.926212,94498.953497,0.9704064227444839
-0.8125980269991965,7.353232511517911,83.9345056866215,94498.939545,94498.965621,0.9971424673770067
-2.4237266650524067,6.763075557787902,82.90565747546887,94498.952878,94498.978143,0.9592528156408097
-3.905961369595013,6.08443367591861,82.00084963175453,94498.966212,94498.992924,0.9851555911703798
-5.237232813746449,5.368961094817868,81.13110327191275,94498.979545,94499.004592,0.994560398798538
-6.420121754440907,4.687772109246725,80.36057637548977,94498.992878,94499.017781,0.9749171239815807
-7.47206707641374,4.0455841063852915,79.66475407782413,94499.006211,94499.033513,0.9878504166480154
-8.410440446027428,3.418123130692961,79.03840728940038,94499.019545,94499.045839,0.9672314110467011
-9.214893482773487,2.7829252396849644,78.38466567687959,94499.032878,94499.05719,0.987621912108009
-9.890224400868554,2.1498457177265635,77.86723687104544,94499.046211,94499.07042,0.9979766613256326
-10.367541599278312,1.5280904473833405,77.31997226122768,94499.059545,94499.083639,0.9681963190431562
-10.671473671495765,0.9677895960354583,76.92245981309746,94499.072878,94499.096787,0.98083574414183
-10.842730588238126,0.5009313773119646,76.66306987430711,94499.086211,94499.112944,0.9718315666583419
-10.900708335145572,0.1102959710127559,76.48474698794405,94499.099545,94499.126484,0.9774346542286018
-10.818855914285452,-0.24982539117178956,76.27297103577939,94499.112878,94499.1377,0.9575518665447194
-10.561402787450533,-0.5504815914969359,76.12589439447257,94499.126211,94499.150366,0.9980904444008463
-10.143653295361215,-0.7577214975527287,76.115232852609,94499.139545,94499.166424,0.9779398473671815
-9.62212382371717,-0.8194525037637628,76.25083659776651,94499.152878,94499.178757,0.9793779728176504
-8.97447874979452,-0.7301388609800207,76.3083306181299,94499.166212,94499.191746,0.9573336760726575
-8.21452772649,-0.5456804939562485,76.5665701491043,94499.179545,94499.203752,0.9656504277458203
-7.297878858233373,-0.2969694776390212,76.91475670326629,94499.192878,94499.217456,0.9815395154806815
-6.181919263504645,0.005368967487413258,77.26075890716741,94499.206211,94499.230034,0.9890677136866448
-4.891077359542583,0.36742286613333863,77.73130669433085,94499.219545,94499.243924,0.9808608356321646
-3.486132255266095,0.8309290151282462,78.32222896282667,94499.232878,94499.257263,0.9412471430126508
-1.97946537814186,1.387132398393892,78.9420981033016,94499.246211,94499.278128,0.9454709685618121
-0.3553957058193904,1.9942397327544457,79.43341476950641,94499.259544,94499.290078,0.9837964158126741
1.376952760607085,2.603091087303911,80.19638529242705,94499.272878,94499.304479,0.9444152286390242
3.1999426465056198,3.195269710731437,80.9463498027378,94499.286211,94499.31066,0.956676085406401
5.073030805541454,3.757182312296617,81.92242470372955,94499.299545,94499.326908,0.9937247257711557
6.965511512748535,4.278593348589125,82.82732844223536,94499.312878,94499.337239,0.9464181285815786
8.866524770064297,4.754398633267858,83.86337381990712,94499.326211,94499.351268,0.9149909462833993
10.803476892776253,5.159106651182267,85.00000096031867,94499.339544,94499.365262,0.962431392358128
12.770834167474504,5.4698928774813105,86.05717046557477,94499.352878,94499.376747,0.9408866354654186
14.773363306090726,5.690612685378287,87.27775477748193,94499.366211,94499.391519,0.9647394630324342
16.743729763017445,5.820834938900199,88.40332809677138,94499.379544,94499.405699,0.9705043053066199
18.681123420641836,5.86032253261126,89.58088917842316,94499.392878,94499.417504,0.9599098450779764
20.580481725441903,5.789098471333316,90.75233824582833,94499.406211,94499.430239,0.8931324240107453
22.43958334592024,5.596671494985584,91.98792322622619,94499.419544,94499.443897,0.9448992620305562
24.131801325826725,5.2684063858703984,92.85249099312264,94499.432878,94499.457379,0.9697093353436341
25.774213465569538,4.882219471555492,94.13729423860563,94499.446211,94499.471045,0.9780984852272159
27.17877498125546,4.422711642360552,95.03442807569942,94499.459544,94499.484608,0.9999922283462297
28.416218451900914,3.983319122985095,95.98636910462535,94499.472877,94499.497707,0.9872532535767773
29.43848417382201,3.5385732273458967,96.66463569734778,94499.486211,94499.510318,0.9470956012763372
30.32988019013054,3.1057638521714805,97.41054730072223,94499.499544,94499.52398,0.9358002195130587
30.97992905003375,2.6715481022640812,97.93503050907731,94499.512877,94499.538156,0.8919536816937219
31.460158541322823,2.2786198100840225,98.48186469268946,94499.526211,94499.550262,0.988921292789243
31.683873949481455,1.9068616067597877,98.74068315389543,94499.539544,94499.563387,0.9224310116570185
31.766126772029622,1.5867548210938762,98.96339079465616,94499.552877,94499.577887,0.9791658354524845
31.720204484962853,1.3484307556993838,99.17917269837199,94499.566211,94499.590514,0.9791658354524845
31.499081483318836,1.271784717372996,99.273034512505,94499.579544,94499.60463,0.861728482553052
31.127223986177448,1.3617290615587339,99.25773051565778,94499.592877,94499.617316,0.9686287590536437
30.667903040209076,1.5287576434053498,99.32701348284705,94499.606211,94499.63132,0.9381387286622436
29.9706096492011,1.6813673962724014,98.94333875479822,94499.619544,94499.645358,0.8917171537794878
29.302093103890943,1.835796358602956,98.9716646698952,94499.632877,94499.659448,0.9465962143737531
28.339097799181538,2.0555073047210093,98.31542374129977,94499.646211,94499.671784,0.8701636037979041
27.322738782340817,2.3250690264113056,97.91902708135497,94499.659544,94499.683585,0.9994540574100013
26.20617783588599,2.612293867119718,97.47681407535028,94499.672877,94499.697037,0.9182819493646304
24.951099415265865,2.8791590496265864,96.80651278610398,94499.68621,94499.709859,0.9657043091820728
23.686709805916646,3.1167244599619166,96.38013430760344,94499.699544,94499.723263,0.9885808993221583
22.298908256426465,3.3414552035590157,95.66069573208085,94499.712877,94499.737837,0.9436031880486957
20.868114023872955,3.5459302318611425,94.99648300841305,94499.72621,94499.749917,0.9832342352211999
19.412049359418774,3.68927233508655,94.33892682525105,94499.739544,94499.764819,0.9981486473694546
17.942423073064862,3.724515171082728,93.69006968922444,94499.752877,94499.783645,0.9978598166105928
16.518382150413604,3.711884561097648,92.89887308342725,94499.76621,94499.791035,0.9581121740348572
15.229418217859159,3.7719228556950224,92.31070160250864,94499.779544,94499.80471,0.9958361634673262
13.95143254973708,3.908270650594401,91.8188723456714,94499.792877,94499.816552,0.9846993107469568
12.706102134930607,4.058573287433546,91.16593020608589,94499.80621,94499.82997,0.9647480772085616
11.556658878976837,4.215702299793792,90.84637293117699,94499.819544,94499.844886,0.9644079217768045
10.476835356623168,4.394676978381086,90.59488702306568,94499.832877,94499.863421,0.9956634261859729
9.386849077651808,4.611524968461788,90.22649070335771,94499.84621,94499.871294,0.9800398706302779
8.336497922537008,4.8906175437194515,90.19758613768217,94499.859543,94499.883486,0.960341351485539
7.355622676355095,5.1884625632061345,89.9998029650331,94499.872877,94499.897068,0.9554814292129066
6.509472013445356,5.5643123035142175,90.10725678700051,94499.88621,94499.913492,0.9773518667285575
5.742800566461705,6.126084123041119,90.50693955539792,94499.899544,94499.924565,0.9968393525931124
5.013536748584461,6.86210688387765,90.91644387610847,94499.912877,94499.938304,0.9646280639750411
4.358577308957242,7.700990712310129,91.48279060033335,94499.92621,94499.951147,0.9693301224660399
3.7919062987821452,8.646205139504543,92.37310654425224,94499.939543,94499.963657,0.9457583221974375
3.3168033774643684,9.69476783770363,93.25998218082,94499.952877,94499.977617,0.9953167981327015
2.9285654892277764,10.915634517104317,94.58264897750155,94499.966211,94499.989894,0.9957267354545879
2.6189614892908213,12.21917800455226,95.86658955656492,94499.979543,94500.004404,0.9919026454138836
2.3803128519677834,13.554936256704226,97.03656852553075,94499.992877,94500.017216,0.9900849114149687
2.2284720877079605,14.969024586020902,98.79171726783727,94500.00621,94500.031269,0.8846194335094935
2.1666329217764195,16.287777880955247,100.03163641496572,94500.019543,94500.04424,0.8835283637530561
2.188521901486317,17.70162166413667,101.96471136495083,94500.032877,94500.058915,0.9383082514661102
2.3025353911031723,18.982980364917854,103.61737095418627,94500.04621,94500.069808,0.955835418012218
2.489657098639783,20.27960226405171,105.67127225027572,94500.059543,94500.084715,0.8946597906207516
2.73916645099801,21.47750614886117,107.6802356187053,94500.072876,94500.096736,0.9987007406212343
3.0353713716201614,22.59829478852194,109.78707115055961,94500.08621,94500.110075,0.964851237936003
3.3737015026400106,23.63009688830389,112.00136747291816,94500.099543,94500.125484,0.900336899939926
3.7502796361648096,24.58713848603562,114.03378113473865,94500.112876,94500.138374,0.884251863358971
4.159521578883822,25.66356949624649,116.62066707933833,94500.12621,94500.150265,0.9800159438813203
4.587231621988591,26.6541514156957,118.8891885363352,94500.139543,94500.163111,0.8994922477728708
5.058280742025161,27.656420884201097,121.36684373741771,94500.152876,94500.177021,0.9320351359985638
5.559151956053612,28.43555934066491,123.06792306724736,94500.16621,94500.190175,0.9638860239935114
6.0997912371591205,29.28706368297403,125.37696868548261,94500.179543,94500.205145,0.9766092896344465
6.657394313950661,30.07810945094325,127.6272677393022,94500.192876,94500.217887,0.9326578563564503
7.2057400662197875,30.786005990876966,129.66783877539513,94500.20621,94500.236319,0.9734147924485707
7.778981852862022,31.563203954515135,132.49686976642062,94500.219543,94500.243836,0.9737289132865091
8.315469928106547,31.986722797278933,134.22311191825787,94500.232877,94500.257397,0.9999489918191083
8.839540920817605,32.426740078632264,136.45408334803122,94500.24621,94500.270887,0.9661293940584217
9.373795585520499,32.71470804728058,138.5045002543886,94500.259543,94500.285006,0.9988933223875317
9.90344881158377,32.962878390110355,140.4597370159165,94500.272876,94500.297323,0.9509996018191363
10.347614005061963,33.14076378987612,141.92315760984548,94500.28621,94500.310286,0.9994552460642809
10.774245360498163,33.479620759564526,143.91143613725194,94500.299543,94500.324105,0.9998263166962958
11.103087739743271,33.780735020896756,145.5734275573479,94500.312876,94500.337943,0.9495178280005935
11.437672692945274,34.005100904232336,147.16863233954587,94500.32621,94500.352261,0.9279418448491085
11.69659875613439,34.03217968469687,148.0916266308402,94500.339543,94500.365067,0.941660847437121
11.969600155080716,34.20705445831356,149.62996033134115,94500.352876,94500.383485,0.9532525561533108
12.161250905011439,34.115386483603814,150.0483935265606,94500.36621,94500.390649,0.9130527344786549
12.40095611395441,34.19275606320372,151.4423896967022,94500.379543,94500.404106,0.9607088912624185
12.587655603791807,34.21186803430252,152.6620916473156,94500.392876,94500.416982,0.9720046278763046
12.701031451818608,34.17398456827727,153.56229692116116,94500.406209,94500.431238,0.7935348663028929
12.816210964491159,34.188907868727,154.93034308979205,94500.419543,94500.444927,0.9615548751421891
12.865330503972588,34.12298750540724,155.81281132198805,94500.432876,94500.457446,0.9507770214483859
12.82922705510908,33.86659412709083,155.90335691580975,94500.446209,94500.470495,0.8439092899242061
12.810071271429743,33.84989792116212,156.74110100858783,94500.459543,94500.483512,0.9362140621975051
12.723618968132689,33.7546408362378,156.74352378228767,94500.472876,94500.503258,0.9450789644953663
12.601613168267084,33.86413937809447,157.47523506125472,94500.486209,94500.511422,0.9220509841862847
12.42821137231826,33.85356449334131,157.6082107785381,94500.499543,94500.524501,0.9178566274067799
12.265255289333883,34.107944524698446,158.83214462532425,94500.512876,94500.539632,0.8675118630847412
12.020416325535916,34.195492241666294,159.39980089074677,94500.526209,94500.552445,0.7924053782568325
11.691111806360677,34.40146352758659,160.25802397971236,94500.539542,94500.564155,0.870032331915283
11.287885025964115,34.383534147237455,160.25719779755707,94500.552876,94500.577519,0.8326017590516991
10.809084243048675,34.59727724677821,161.04866168960012,94500.566209,94500.591494,0.9028245356923
10.244769789016555,34.69965544283523,161.58442652256892,94500.579542,94500.60447,0.8993434491302923
9.518958459332005,34.51705990624792,160.80509499995836,94500.592876,94500.617611,0.915054800113089
8.736835546430274,34.60622625101498,161.1981134766809,94500.606209,94500.630476,0.8230960804889419
7.9137546298585475,34.57970972361397,161.1217330901923,94500.619542,94500.644219,0.9258551127320513
6.9913732014259855,34.567570410187926,160.8638578623952,94500.632876,94500.657679,0.8124543784122
6.018520870063716,34.3062183689571,159.07691812305936,94500.646209,94500.671563,0.8455397314456397
4.967075611526813,34.78270814620214,160.16933921538842,94500.659542,94500.683407,0.7964226365940983
3.89675437463085,34.962330542109484,159.68967577007047,94500.672876,94500.698564,0.889082487988876
2.827609221535844,34.915700190179344,158.24954754471028,94500.686209,94500.711663,0.8613443910389291
1.6985212036093371,35.14880749368692,157.94385653984386,94500.699542,94500.724143,0.8949987252543822
0.5820467265980155,35.24095507027769,156.84017615140226,94500.712876,94500.737641,0.8359497676993362
-0.5059275183890869,35.30990263341298,155.50472827003316,94500.726209,94500.750624,0.8120997509457281
-1.6144159070350583,35.533289528940216,154.39680215178208,94500.739542,94500.765949,0.9221831721366263
-2.7311522022823973,35.95578389786757,154.02216496780198,94500.752875,94500.783334,0.9629974811280951
-3.7345072284643805,36.122748504059096,152.44389332235872,94500.766209,94500.791862,0.9615619987253801
-4.781178066495348,36.56807056357594,151.86120782029843,94500.779542,94500.804838,0.8926003707834489
-5.689576637363206,36.666209093082564,150.09037409566787,94500.792875,94500.81652,0.9317116786348376
-6.670206397772668,37.009141336886344,149.35881141877576,94500.806209,94500.831654,0.8085102030273865
-7.602789104011897,37.160056171656684,148.05888083446118,94500.819542,94500.844529,0.9531225755436845
-8.40896517380751,37.16974964728836,146.59277811946498,94500.832876,94500.857234,0.81891132990837
-9.184398775151717,37.12656527149249,145.28848277777917,94500.846209,94500.871753,0.9659134148149369
-9.935727268692409,37.09309826899966,144.17628088591567,94500.859542,94500.884514,0.9059280560556117
-10.583992829914408,36.789503744737225,142.41954842824276,94500.872875,94500.898757,0.9170047880292425
-11.204934024955653,36.47729374450243,140.90939238500692,94500.886209,94500.911416,0.9832939203244968
-11.74904815292704,36.13424682712103,139.53300466818547,94500.899542,94500.925389,0.828670733736894
-12.26251739828029,35.71137511314316,138.11458948656764,94500.912875,94500.938879,0.9732228530442046
-12.673608572408755,35.22786453284629,136.77758242209285,94500.926208,94500.950373,0.9837434768676758
-12.931880559904945,34.700964608146734,135.32907101457113,94500.939542,94500.964049,0.9438593026234172
-13.254461713591292,34.43100419089667,134.82104461659927,94500.952875,94500.978617,0.9279955988893672
-13.36989444465683,33.84273460557761,133.19914831270785,94500.966209,94500.990748,0.9495644209246197
-13.466870396083168,33.38715946870848,132.25652590947576,94500.979542,94501.0051,0.8121380560270963
-13.379798768171787,32.76330590498383,130.64657865320675,94500.992875,94501.017252,0.9571724965626612
-13.243427350663973,32.27602559169043,129.46090680940557,94501.006208,94501.031913,0.9300818171248815
-13.051115055010785,31.89653228776782,128.64468853620818,94501.019542,94501.04339,0.9650227474384505
-12.738128180035291,31.49458878398999,127.67124098097291,94501.032876,94501.061808,0.9192788835633933
-12.287046220365966,31.013776073239796,126.41947188631194,94501.046208,94501.072669,0.9954443765966157
-11.716377012570629,30.551414007077224,125.31643144430835,94501.059542,94501.08997,0.9325846885595881
-11.059301144227732,30.112143407831745,124.3052392146528,94501.072875,94501.098007,0.8934034402983182
-10.306304332575026,29.75443618575291,123.58975015709781,94501.086208,94501.112162,0.9596706661376418
-9.404020445997409,29.32138136059176,122.72340699574606,94501.099542,94501.131463,0.8539251796952912
-8.347858512900867,28.82845041166371,121.60838889207453,94501.112875,94501.145528,0.8426931609397091
-7.279331181225166,28.561876902728223,121.3538352076324,94501.126208,94501.152546,0.8960330139497802
-6.003562404626216,28.111327677908687,120.47018089200145,94501.139541,94501.171583,0.8892934149279119
-4.620964451080477,27.72518670690999,119.7459630067752,94501.152875,94501.177116,0.9466519056514666
-3.1470215550497316,27.43084393603603,119.05172002390327,94501.166209,94501.190841,0.9652040122226495
-1.5942419570077597,27.165377265534403,118.29426294674296,94501.179541,94501.205739,0.9879418717351885
0.03739925388235619,26.981169118000302,117.67877334356703,94501.192875,94501.218474,0.9710583090027961
1.7415738372566045,26.811497425444472,117.10891202550503,94501.206208,94501.231431,0.8221431558081551
3.526461636975609,26.672733214762328,116.57421614800907,94501.219541,94501.24415,0.8353854572637325
5.34705685113999,26.56359100990902,116.17616022126401,94501.232875,94501.257272,0.830465998728279
7.209188770047212,26.435483860123018,115.6626512905991,94501.246208,94501.273299,0.9034883026099374
9.085198073606689,26.280646312755515,115.11094887225786,94501.259541,94501.288417,0.8803606385266316
11.01010658021207,26.001908549627142,114.22115130095443,94501.272875,94501.298717,0.9988653231274583
13.008536170685812,25.83850947341993,113.77045955368159,94501.286208,94501.310486,0.9895787320143644
15.037620108835348,25.646983616276888,113.05854081228053,94501.299542,94501.333273,0.9149705207940448
17.128638603527186,25.480744965255862,112.31493190281913,94501.312875,94501.342185,0.9871255378937756
19.240768403201645,25.364833603077038,111.6008632648356,94501.326208,94501.350612,0.9736682038640234
21.379102458632982,25.257682885242577,111.05840089675421,94501.339541,94501.371203,0.9666776232286328
23.471957644822858,24.975965327159795,110.26909760760499,94501.352875,94501.383878,0.9091765348947203
25.56237209032812,24.679623708459932,109.67591075152387,94501.366208,94501.392981,0.9494995874476156
27.55518027738246,24.32654220393782,108.89410515715404,94501.379541,94501.403867,0.9601603257401065
29.42483471721093,24.011946182162507,107.99176331090963,94501.392874,94501.417029,0.9453305856874431
31.285264900948132,23.813813903106904,107.39925869637987,94501.406208,94501.437249,0.8748979871548175
33.00836166489798,23.599576768983358,106.6793823535639,94501.419541,94501.443892,0.945778262029068
34.66814323962961,23.412756573131766,106.09248813686541,94501.432875,94501.456835,0.954511732315504
36.218006870547676,23.181898037666276,105.43073077456009,94501.446208,94501.472012,0.8739708665820347
37.76344410188419,23.0015797534663,105.05849729809164,94501.459541,94501.484244,0.8808271358759006
39.2400790278062,22.798121541864358,104.62839308683265,94501.472874,94501.500874,0.972609466977082
40.65633929944458,22.587743586218814,104.2425847659961,94501.486208,94501.516879,0.9828058031344838
42.004519992042596,22.370503493876452,103.87975118498572,94501.499541,94501.525357,0.871640391492224
43.350608367041445,22.19176396908429,103.68764107421735,94501.512874,94501.53895,0.9274493027516751
44.471017170205435,21.923533365761728,103.11082357101412,94501.526208,94501.551943,0.9388228338068444
45.519120265536536,21.656148364367773,102.57997985872298,94501.539541,94501.566142,0.8242502243369519
46.57213696691688,21.401558713339863,102.24575156731387,94501.552874,94501.577257,0.8811770214461203
47.43916009392174,21.078680835002036,101.6358743674612,94501.566208,94501.59714,0.9438886484104749
48.29637271557007,20.77009274173048,101.19274259967563,94501.579541,94501.606237,0.976128569334393
49.10187799841459,20.440718143873255,100.80478648521276,94501.592874,94501.623761,0.8766115677482287
49.763970846845766,20.07491639372623,100.22473851648682,94501.606207,94501.631174,0.8627547841237152
50.40404336168516,19.714497028048164,99.70772032701245,94501.619541,94501.652045,0.9292228056955059
51.04765615105716,19.344780498857805,99.32906800859632,94501.632874,94501.658096,0.8780931414625086
51.532228875489345,18.94219859410266,98.73731894394723,94501.646207,94501.677194,0.9070306633178896
52.037560624772304,18.562958067849696,98.3217576979594,94501.659541,94501.683966,0.8187779290407619
52.43142149637553,18.17292513536917,97.89383192259875,94501.672874,94501.697879,0.9571556760551538
52.68455632440807,17.745962870961232,97.33677845721849,94501.686207,94501.710449,0.9098467925187335
52.89996819403051,17.34986053515426,96.86593434677361,94501.699541,94501.724416,0.8237169036206047
53.09526947391097,16.97646587336468,96.47827315269184,94501.712874,94501.738067,0.7906012783291624
53.312099796446155,16.652939405552775,96.27887873998615,94501.726207,94501.751216,0.8412236077408143
53.11592778524157,16.255933181202465,95.52037099808979,94501.739541,94501.764696,0.8538668342727079
53.0525670846467,15.995390517067394,95.21479418340483,94501.752874,94501.777032,0.8419502482338648
52.73753176722255,15.723904678472802,94.65737972083647,94501.766207,94501.791466,0.9061162771405681
52.329143922083,15.487319764873634,94.0878422010958,94501.77954,94501.809676,0.8857880213972817
51.90383790805735,15.310812145061776,93.69533460181157,94501.792874,94501.817088,0.9319688759540136
51.368439970149026,15.182558625342164,93.31799641580444,94501.806207,94501.829947,0.8890381125627926
50.59909277891844,15.060043977022461,92.7535011925326,94501.81954,94501.844817,0.885460115823817
49.85509167473927,15.023981719955676,92.46900455856137,94501.832874,94501.856951,0.8578768418238673
48.877898126256206,15.015385657466815,91.99004823545951,94501.846207,94501.870444,0.9179750594675721
47.675476451299964,15.030809675229303,91.28942126151372,94501.85954,94501.883387,0.9028456255654853
46.541978263647685,15.177839442830187,91.03369562944738,94501.872874,94501.896986,0.9035119513791839
45.213198612141596,15.367649020226242,90.64728740105294,94501.886207,94501.910458,0.8424873897288554
43.68062973726643,15.575378412797669,90.11745175485525,94501.89954,94501.923693,0.8752436534937754
41.99950748920157,15.804247886121045,89.53894089555759,94501.912874,94501.937847,0.8709279137217376
40.24401502892709,16.06077892045897,89.0566856933522,94501.926207,94501.950483,0.9204378457348273
38.323291492466424,16.298603717858168,88.44602931043484,94501.93954,94501.963611,0.8647365598401578
36.27046836122284,16.531904900300866,87.7653367964314,94501.952874,94501.976699,0.9088745411945017
34.174423469427204,16.77139177263052,87.20009185642206,94501.966207,94501.989949,0.9770398389277882
31.979213363928938,16.962198217168627,86.59519023471823,94501.97954,94502.004321,0.9582194287433017
29.727893699763353,17.10020197403848,86.03625758523798,94501.992873,94502.019531,0.9954486437009816
27.410648011516184,17.168035039714773,85.46980256149227,94502.006207,94502.034371,0.9478504938306023
25.11215925795915,17.218068731322994,85.0740621094907,94502.01954,94502.044909,0.9610783686617491
22.775015053209064,17.242991199698853,84.76299843053071,94502.032874,94502.056819,0.970812503521093
20.36004541837224,17.202038023687432,84.33445155116122,94502.046207,94502.070667,0.9989528828269388
17.917417381900265,17.072142814130206,83.88337776455228,94502.05954,94502.083039,0.9983200880020846
15.501182283419007,16.87843128619892,83.56569329505098,94502.072873,94502.097057,0.9255266401648458
13.079600812836846,16.616570813687453,83.20198558570681,94502.086207,94502.11083,0.9896359352269428
10.64433034194856,16.31975580420203,82.77401813801355,94502.09954,94502.123472,0.9391764515423554
8.231931530127374,15.934399278060077,82.22522227787512,94502.112873,94502.138115,0.9782317879095074
5.855393063580889,15.469142621936912,81.82488888175646,94502.126207,94502.151021,0.9987473439082761
3.639296497834589,14.898686319586396,81.39375888506247,94502.13954,94502.164927,0.9747506169070697
1.5383373052155958,14.279466697357849,81.03810430037353,94502.152873,94502.177913,0.9351793170642415
-0.4702027611910096,13.668865237711335,80.59048766858844,94502.166207,94502.189738,0.984995643310824
-2.401412888532993,13.106006156518784,80.213310768807,94502.17954,94502.204044,0.9858574461278181
-4.232037248413801,12.534898597791363,79.88236691482575,94502.192873,94502.218185,0.9466710823302995
-5.944648998172517,11.94086901032015,79.54759962370268,94502.206206,94502.229899,0.9462860789059665
-7.571985976666485,11.364909936623064,79.26456053246798,94502.21954,94502.244731,0.9979408731762093
-9.082462744804475,10.785606599711654,78.82788385899096,94502.232874,94502.257335,0.9422915971625739
-10.496939589947388,10.231969353606296,78.62286566820976,94502.246206,94502.269994,0.959541652596135
-11.731963782785321,9.679445222404667,78.43571659321158,94502.25954,94502.284774,0.9646384751405442
-12.794032601827649,9.160807216411289,78.24479315790418,94502.272873,94502.297262,0.9691813236959506
-13.76661264331309,8.740987746560608,78.2520133036618,94502.286207,94502.311417,0.9742112434366157
-14.54642507676422,8.321204134798478,77.98084835974322,94502.29954,94502.32641,0.9743771800115189
-15.237150289857956,7.93508474641867,78.02656233647875,94502.312873,94502.338573,0.9880361760643264
-15.738911230215699,7.532232270017754,78.0996633139684,94502.326206,94502.350413,0.9707279200882811
-16.036910662684484,7.1593345593492685,78.13693083262069,94502.33954,94502.363941,0.9837002244248791
-16.238806900999215,6.8647978874599636,78.45055759651179,94502.352873,94502.377957,0.9882697661249945
-16.26059998102038,6.588732935729343,78.5723786196217,94502.366207,94502.39031,0.9343272321937859
-16.19117779627665,6.323868795735744,78.83408343105404,94502.37954,94502.405256,0.9594254359613452
-15.98077356208672,6.036493790881022,79.04010542768727,94502.392873,94502.417992,0.9874004669051067
-15.601545893599884,5.709069935521123,79.12484914805435,94502.406206,94502.431263,0.9661035282932214
-15.148048104901662,5.409352324564788,79.48265011378055,94502.41954,94502.443931,0.9565303038918629
-14.559546705723381,5.123664169788443,79.82914340699868,94502.432873,94502.456984,0.9486292651479549
-13.842941692612245,4.866533748356859,80.10580154563007,94502.446206,94502.47153,0.9842712184830413
-13.072218900479424,4.642869723256893,80.57625721276352,94502.459539,94502.483801,0.95166177913998
-12.132722712632908,4.419966691799936,80.90193298063865,94502.472873,94502.497158,0.9896971748231108
-11.067896439372117,4.215682505666308,81.3379394966189,94502.486206,94502.509662,0.9657815128235284
-9.839044538409095,4.012423778932681,81.80093507017266,94502.49954,94502.523369,0.9913762536091784
-8.480287444279153,3.812923025289612,82.23082327431432,94502.512873,94502.538294,0.9505425524331574
-7.025198650523257,3.62532223943043,82.73591534143605,94502.526206,94502.550596,0.9960433426595315
-5.47308318283609,3.404207587507893,83.03747070909752,94502.539539,94502.564987,0.9762964163343741
-3.8224084368751075,3.1736575118692505,83.56251787140552,94502.552873,94502.5784,0.9906257608877163
-2.048916711913373,2.9504000990911905,84.010412701554,94502.566206,94502.590889,0.9553306286067343
-0.20024654114031074,2.7250382762136134,84.55242045221273,94502.579539,94502.604904,0.992940508985325
1.717863558558797,2.5056054051109817,84.8554337452236,94502.592873,94502.616806,0.9866781562502566
3.6542632074299397,2.2705018378910893,85.31366327922028,94502.606206,94502.630223,0.9986950166923931
5.602474449184119,2.0078508669593544,85.81651818016763,94502.619539,94502.644865,0.9704860220104109
7.534581941059472,1.6983183029579931,86.14164434714715,94502.632873,94502.656926,0.9619705183827466
9.468199094237423,1.3521563507538559,86.50685367536327,94502.646206,94502.671299,0.951867006135396
11.406286295294487,0.9602922217223766,87.17133711791506,94502.659539,94502.683546,0.9894437817065728
13.26758829320162,0.5125787865755326,87.39688486797166,94502.672872,94502.698448,0.9986648501573309
15.076789798417833,-0.025752385743761784,87.80627796909104,94502.686206,94502.710582,0.9693735731839807
16.79060971443955,-0.6672352153026645,88.183427471435,94502.699539,94502.725753,0.9677851954974726
18.428981444191887,-1.3629126945592698,88.54654527499302,94502.712873,94502.73853,0.9729134048687156
19.95203205364146,-2.0294999087596617,88.86513182598749,94502.726206,94502.750129,0.9786245366185757
21.352069030862058,-2.6316010408434907,89.14340747373743,94502.739539,94502.764041,0.9693108417671448
22.657378379940393,-3.168306241977321,89.55900700961418,94502.752872,94502.776652,0.9502580518341983
23.857926923916438,-3.6772454821247647,90.00538669409701,94502.766206,94502.78993,0.9517553598680056
24.90394422525437,-4.166250295261622,90.33195829516234,94502.779539,94502.804655,0.9339623945254519
25.842607223253196,-4.657680272035963,90.71079434100515,94502.792872,94502.816863,0.9401309374807016
26.64387745809021,-5.146762906884786,91.09918507167204,94502.806206,94502.831641,0.9880281093757272
27.316172283810424,-5.608966460085152,91.48157151914594,94502.819539,94502.850397,0.9650456919634863
27.84346606055947,-6.075885796582825,91.8723453247412,94502.832873,94502.85973,0.9518745851485131
28.227421522974815,-6.522313007652517,92.1829219529391,94502.846206,94502.871131,0.817903203568419
28.47489044367346,-6.983259236123191,92.50091999004336,94502.859539,94502.883455,0.9107145826996806
28.57619238852456,-7.377903657246703,92.75392684256431,94502.872872,94502.897,0.8818772444604579
28.523686814570254,-7.689186222406029,92.85910302133885,94502.886205,94502.911358,0.9995415783856252
28.387075866470628,-7.936026539938163,93.06293729125477,94502.899539,94502.923207,0.9398856739935169
28.15449430169657,-8.11524094089939,93.31074923715502,94502.912872,94502.937932,0.8658333450342549
27.7330196920192,-8.221218863879214,93.24825244690588,94502.926205,94502.94996,0.977700685845838
27.266669706857073,-8.302575853444276,93.45600354867024,94502.939539,94502.96481,0.864164150331342
26.576663735264347,-8.33401078051194,93.25973278573153,94502.952872,94502.978261,0.9535396459850708
25.815412923379828,-8.386058849987643,93.26648692656705,94502.966206,94502.990564,0.998043459479262
24.885239147400032,-8.426395685775812,93.09430380017396,94502.979539,94503.009863,0.8896464746751275
23.807683870808408,-8.484432382613322,92.93809749741705,94502.992872,94503.017202,0.9910521886287025
22.531462222603803,-8.553527264487,92.49585015551516,94503.006205,94503.030995,0.9371024281817956
21.14058968599798,-8.721705674360985,92.10223834918762,94503.019539,94503.050495,0.9165465190261328
19.678090434207803,-9.009500051036163,91.74716402959385,94503.032872,94503.057251,0.9674310553764787
18.114331164620904,-9.37109416253333,91.17237998746918,94503.046205,94503.071534,0.9883819932531606
16.542123429214687,-9.880196264304681,90.94212635879185,94503.059538,94503.084099,0.9727163932503604
14.8366263893652,-10.480541825072292,90.36103090606828,94503.072872,94503.096752,0.9104330170155078
13.057228382584247,-11.196118988605559,89.69280340498197,94503.086205,94503.110042,0.84097619919907
11.276876168634022,-12.056466249103629,89.28943389748873,94503.099539,94503.123527,0.9320110096251846
9.676408592281419,-12.899798670173084,88.64422536916238,94503.112872,94503.137442,0.9161012475735141
8.154123850194155,-13.68158855157828,88.31973623272269,94503.126205,94503.150968,0.935717642581716
6.611439768412829,-14.373279156997354,87.80957461799741,94503.139538,94503.163366,0.8064794250283079
5.089173727578876,-15.11354519392664,87.32651136431623,94503.152872,94503.177285,0.9513525970283406
3.6329620307390247,-15.943132285498264,86.94981703770854,94503.166206,94503.189915,0.8961595153696568
2.313916191902245,-16.76305289383183,86.58392392570053,94503.179538,94503.204011,0.8253038589386443
1.0963270377917322,-17.438795226895,86.07176867812706,94503.192872,94503.216665,0.8919871459426318
-0.009803739928119504,-18.01988031900245,85.58987731174585,94503.206205,94503.231672,0.9502026324418948
-0.9655393546983106,-18.594614803672762,85.45562411442178,94503.219538,94503.244939,0.9802061992041158
-1.7102586914661146,-19.071204428009125,85.36852499327777,94503.232872,94503.258195,0.9880919839876698
-2.212346152846059,-19.372387979027483,85.25393836628068,94503.246205,94503.27125,0.9692089291628947
-2.534637454811323,-19.531424653419155,85.27037991834122,94503.259538,94503.283552,0.9828877172824638
-2.6767749339731277,-19.505389137910573,85.20655489711032,94503.272871,94503.297632,0.9906272241820137
-2.6457910842331995,-19.382607027851012,85.38692127775482,94503.286205,94503.316791,0.9914706128859204
-2.3765248693602894,-19.069976470047624,85.50953034375222,94503.299538,94503.323662,0.9353405453840555
-1.8720921175154968,-18.54006605138763,85.8667382324141,94503.312871,94503.33806,0.9544910845101209
-1.166857522159674,-17.688854440690676,86.19209916387763,94503.326205,94503.351618,0.9799097748767929
-0.2834221278432412,-16.556453000168656,86.58960047651571,94503.339538,94503.363644,0.9955270033160448
0.7533158437338758,-15.258197440525295,87.15497050879435,94503.352871,94503.378296,0.8853373907374967
1.9391539936867115,-13.75990668414509,87.50586685185196,94503.366205,94503.392309,0.9722307557143198
3.2583804487665695,-12.182129522885631,88.22542029485994,94503.379538,94503.403928,0.9957155676796362
4.710338541152667,-10.459005608454229,88.89603510482318,94503.392871,94503.423261,0.9636589149305074
6.265118893142599,-8.64507069089292,89.66049538538776,94503.406205,94503.430361,0.9924111940075178
7.897543162348239,-6.7534756213522895,90.55746167893213,94503.419538,94503.443655,0.9496295682463063
9.55089605979652,-4.759093800419186,91.09192996808554,94503.432872,94503.4573,0.965496933098659
11.249957246636928,-2.74974740088663,92.12958270459227,94503.446205,94503.470962,0.9234597958016572
12.945260172919093,-0.7516466607406085,93.05730162002378,94503.459538,94503.485137,0.9710395163716111
14.60944270879243,1.209114232654464,93.98939983507846,94503.472871,94503.497421,0.9080429584608913
16.231132739340598,3.1127505130199404,95.06186979297487,94503.486205,94503.511838,0.9755948421293112
17.81886110614725,4.994301389609969,96.46767513674826,94503.499538,94503.522908,0.9579121409170753
19.19762336145645,6.82048939517529,97.26110676061583,94503.512871,94503.536616,0.9646800529996246
20.510012923919895,8.642745834255544,98.42776363870084,94503.526204,94503.550059,0.9976162222104336
21.645076139809724,10.388043149446121,99.10361904242706,94503.539538,94503.563805,0.8307046901265981
22.774271383632414,12.114626299878,100.20764958713968,94503.552871,94503.576521,0.939272475419191
23.790577393754365,13.720848277806931,101.16578921936484,94503.566205,94503.590054,0.9187663165366488
24.73609449867805,15.202462362436881,102.07614024208081,94503.579538,94503.604115,0.97898768650416
25.620610988442298,16.56394401299359,103.00107427846658,94503.592871,94503.616786,0.9667171138391711
26.41884376300634,17.803736381082366,103.8205734639064,94503.606204,94503.630584,0.9813448164407711
27.192389887099363,18.945507103052954,104.83072944096207,94503.619538,94503.645406,0.939528208265167
27.862120042216066,19.9043205993096,105.64038402420213,94503.632871,94503.658503,0.9859727641823895
28.424514068125525,20.68139579276869,106.28273893377708,94503.646204,94503.671226,0.9621122528956948
29.028059618583594,21.419777317857264,107.35471434961832,94503.659538,94503.685101,0.9649052363596147
29.454972087137776,21.956788445863648,107.94843049364097,94503.672871,94503.696697,0.9878991389144672
29.879229558068662,22.489380856033716,108.81369525613606,94503.686204,94503.710061,0.911557479345365
30.125098149123456,22.86385114939947,109.23921985190555,94503.699538,94503.723222,0.9094925846522564
30.30890058175055,23.15271014429936,109.67227760486671,94503.712871,94503.73736,0.9041913241199567
30.4696736745671,23.422295161297335,110.30911140674732,94503.726204,94503.750866,0.978059584256062
30.553771237794354,23.61234421299126,110.75858445934244,94503.739537,94503.763421,0.969561840646674
30.523595989450943,23.703236526445718,110.91562606168924,94503.752871,94503.777916,0.8782916364018245
30.427772905955734,23.71910895315207,111.03372696675477,94503.766204,94503.791655,0.7842973763241862
30.228309516360994,23.633586404996265,110.85225378139975,94503.779537,94503.804903,0.9936330695536347
29.96263371621152,23.47659976632091,110.67406686912462,94503.792871,94503.818224,0.8070871644736574
29.68210719656251,23.309125309847957,110.59496607678777,94503.806204,94503.830111,0.9998105080056668
29.344184382246933,23.1148136089702,110.50126653457379,94503.819537,94503.843184,0.9733353375098235
28.875468179038755,22.82398613501817,110.11067421927076,94503.832871,94503.85863,0.9029072948176091
28.288051198904217,22.493469746442813,109.61943183344474,94503.846204,94503.870982,0.9951670750986056
27.617589339282016,22.131887692833615,109.1113772898644,94503.859537,94503.883864,0.9764691381571485
26.881643772674614,21.71877077765497,108.7312503937703,94503.872871,94503.896698,0.9049191484870265
25.923402077181073,21.1224919753973,107.63636009499201,94503.886204,94503.910338,0.9491859683528998
24.880475370818925,20.574348620693524,106.74902027242067,94503.899537,94503.923506,0.9544892156608363
23.682028331946874,19.962856290095353,105.69588219171297,94503.912871,94503.939703,0.9623243877065407
22.45045501688328,19.250679717898723,104.71586948361545,94503.926204,94503.951035,0.9319106903963715
21.152948178725392,18.35619574024191,103.61257730896921,94503.939537,94503.964928,0.9200974443070637
19.823503154105147,17.4244074566033,102.63116416886844,94503.95287,94503.977341,0.9313991582354392
18.393250196539572,16.473596117657575,101.71333990021894,94503.966204,94503.989757,0.9505698931130685
16.816273582682236,15.370074651577328,100.61781539746447,94503.979537,94504.004207,0.9424724261309739
15.195694642382803,13.970737542263102,99.4816293624622,94503.99287,94504.016936,0.9589553914654807
13.660021963533914,12.32153250547826,98.68185379279197,94504.006204,94504.03034,0.990827224868876
12.233537575616825,10.637370910605105,97.61184120435048,94504.019537,94504.04423,0.920782648507939
10.827745718463653,9.228285376712245,96.7153540869173,94504.032871,94504.057392,0.9970788752278195
9.343812786718589,7.9047794727397305,95.99924476354178,94504.046204,94504.072054,0.9913897338334472
7.898922921845027,6.383698133823059,95.24599261281791,94504.059537,94504.084101,0.9521666465091837
6.511505170584774,4.601728628094767,94.47214386680972,94504.07287,94504.096623,0.9712909785171533
5.247819094291032,2.8172013565999205,93.97302625199603,94504.086204,94504.110584,0.9296280758674987
4.003964635470306,1.1863118509819404,93.31057818461254,94504.099537,94504.12402,0.9639578257933186
2.8189318619489403,-0.38384471241588286,92.96099107136236,94504.11287,94504.13753,0.9999268217747116
1.7922887749671998,-1.9926002180941746,92.21815388235055,94504.126203,94504.153042,0.9106122926525697
0.9231289499151305,-3.6361141554288436,91.86956018794868,94504.139537,94504.164286,0.9812175466030248
0.24368023434673602,-5.2009277139314944,91.39578913769766,94504.15287,94504.183261,0.9807338860134891
-0.20054313268896515,-6.649880623414744,91.16811290489082,94504.166204,94504.198824,0.9927989646288801
-0.3665066993562843,-7.990907329282562,90.80858191024939,94504.179537,94504.20361,0.9975836490587302
-0.29435605865195286,-9.226671302303219,90.53971488112855,94504.19287,94504.217191,0.9953808674080776
0.00837806947455709,-10.362742378517204,90.3213459105651,94504.206203,94504.230437,0.9895365707059812
0.5778821602795887,-11.424197255494603,90.15930420980852,94504.219537,94504.243501,0.9345150007720863
1.4433528090196697,-12.378123753730968,90.12475834277465,94504.23287,94504.260128,0.9474522694636575
2.572309048051664,-13.20356360360758,90.21180487007832,94504.246203,94504.277127,0.952530057380716
3.89734382080732,-13.84832091684984,90.20746041961661,94504.259537,94504.289313,0.9892266424242119
5.388244801100258,-14.38918501886112,90.3730808492076,94504.27287,94504.297994,0.977912655566929
7.030546810648349,-14.826084060873828,90.40314031312168,94504.286203,94504.310199,0.9475997680818129
8.867020178118226,-15.166640315556643,90.51068027690938,94504.299537,94504.324999,0.9508751352538567
10.912082621121364,-15.43572382348638,90.89190297037086,94504.31287,94504.338698,0.8579883884913808
13.061861578979729,-15.555380946318976,91.28273903322867,94504.326203,94504.350299,0.9938436939392324
15.221557969366984,-15.480589740673121,91.48116622967095,94504.339536,94504.363259,0.8938976086241237
17.415228021062262,-15.354092203059851,91.82837075152946,94504.35287,94504.377258,0.9020663276443212
19.60827249169917,-15.176305868873579,92.15117578583418,94504.366203,94504.390154,0.9705164976263377
21.848033836893265,-15.00930301326156,92.66849441764107,94504.379536,94504.40494,0.9930178117101978
24.088748688637985,-14.837127293827669,93.26513585104742,94504.39287,94504.41796,0.9856366807684261
26.2795968516232,-14.688352592692778,93.87446751731719,94504.406203,94504.43179,0.993657331391896
28.323039610272595,-14.543862560185687,94.3467025305183,94504.419536,94504.444288,0.9314068147217445
30.23593412947896,-14.388065052694374,94.83566408384641,94504.43287,94504.45693,0.9885376087449161
32.085834938154264,-14.222473530309063,95.46947987635276,94504.446203,94504.47087,0.9698687547916216
33.83805106411203,-14.002694071184496,96.12616391808844,94504.459536,94504.483598,0.8937680877501518
35.37806396383046,-13.704439183387107,96.48013180143676,94504.47287,94504.501614,0.8646857952903648
36.95381617919118,-13.439010813761083,97.21245067277526,94504.486203,94504.512777,0.8986593504976711
38.337728758525586,-13.12743793681003,97.74714029308471,94504.499537,94504.523816,0.942086058764847
39.591535383155566,-12.81111708345036,98.26656038578999,94504.51287,94504.542863,0.8838001615802873
40.74791711878347,-12.49956625651097,98.81131965958605,94504.526203,94504.550481,0.9412132216777539
41.79037171479529,-12.15971582708089,99.32777875711334,94504.539536,94504.563427,0.8699144631213102
42.64334111249678,-11.760245435073713,99.57835669942538,94504.55287,94504.57643,0.8349709698198837
43.554734011295984,-11.37294957253476,100.18055286836852,94504.566203,94504.59087,0.8525632622780277
44.172534103257476,-10.899085654485226,100.34135562220399,94504.579536,94504.604045,0.9576584961321596
44.69684341536561,-10.39588746669752,100.47072006120676,94504.592869,94504.618128,0.881884569966235
45.130407829138676,-9.86307139889067,100.65360341291009,94504.606203,94504.630186,0.8354085824229913
45.405388620762444,-9.307351748630659,100.6371832090538,94504.619536,94504.644365,0.9107418207439388
45.6814997912136,-8.771979359592775,100.84848597268609,94504.63287,94504.65662,0.8193452036699855
45.67084040834359,-8.184983047559944,100.61093698866247,94504.646203,94504.670793,0.8875936002563984
45.64282171820535,-7.613294923894046,100.60710330929884,94504.659536,94504.685947,0.8365071013181828
45.40929829300542,-6.99178997320181,100.3532727411405,94504.672869,94504.697513,0.813579522843069
45.03307660505938,-6.3515852007103515,99.99724705681648,94504.686203,94504.712465,0.8564327850927912
44.598740648497696,-5.70846353974548,99.7169526796766,94504.699536,94504.724466,0.8220938856893321
43.855981107964325,-5.03557916628124,98.90248498009768,94504.712869,94504.736747,0.8410379701560795
43.16305210903861,-4.397513624657139,98.41507140126559,94504.726203,94504.751346,0.866902749142791
42.27403861843281,-3.795689967948948,97.72294473060629,94504.739536,94504.763533,0.8904753382222541
41.21796951537025,-3.206202017345377,96.86785851662822,94504.752869,94504.776597,0.8483322320406687
40.04091310984256,-2.593594837571184,95.88575561619064,94504.766203,94504.799769,0.8473051558297
38.772450288129626,-1.9901024145395074,94.92339206081303,94504.779536,94504.80413,0.8766579012989539
37.467615973129085,-1.3910126399213654,94.0663849852284,94504.792869,94504.817056,0.8843717897780449
35.976875631244084,-0.7935194496085783,92.97240089077508,94504.806202,94504.830486,0.8564388877462581
34.42387624541214,-0.22252580796173707,91.91201452493365,94504.819536,94504.843968,0.9167632357827596
32.83537492202092,0.33240316594165753,90.95312656376515,94504.832869,94504.856657,0.9691238676639651
31.11597297761281,0.8703803651308467,89.76494605597514,94504.846202,94504.879425,0.9546706150500861
29.38149205707931,1.372190024614231,88.67085828885449,94504.859536,94504.883755,0.9103740781573763
27.555734960880553,1.8204622256764706,87.46990614555128,94504.872869,94504.897309,0.9584569066667693
25.729726282993344,2.2112162006790683,86.38477709409817,94504.886202,94504.910093,0.8567178304274263
23.86243872218147,2.52709960108599,85.244552312937,94504.899536,94504.922948,0.9287660501581736
21.98160563981369,2.7595325906552377,84.03959421875732,94504.912869,94504.94452,0.924602783403137
20.145353182084754,2.9405025744022533,83.01961622356077,94504.926202,94504.950389,0.9957627112744253
18.27577792239477,3.040942260582386,81.96022183643194,94504.939536,94504.963422,0.9666998777382247
16.38029491716586,3.0509179449362143,80.93444480301012,94504.952869,94504.977976,0.9714572048628782
14.457859647711405,2.97958443805378,79.83783935913944,94504.966202,94504.990405,0.975210301786549
12.624580403785144,2.895789329860818,78.87517636754288,94504.979535,94505.003919,0.9384195374098573
10.848051176930163,2.8273061204887,77.97998729581857,94504.992869,94505.016591,0.9618756128004166
9.112253251045669,2.802893361612125,77.20683268006103,94505.006202,94505.032561,0.9866396176053213
7.379508500914271,2.7801093876259038,76.37460630869505,94505.019535,94505.044635,0.9824924496869128
5.722456939250402,2.762369122367719,75.95942503356534,94505.032869,94505.059706,0.9928066938143992
4.128072715411372,2.7744811706481096,75.49015382179203,94505.046202,94505.07062,0.9875450878349696
2.600060948293548,2.8332418214586688,75.16843640891538,94505.059535,94505.08373,0.9733988516102484
1.1071048751043782,2.9307783285890143,74.96845710942381,94505.072869,94505.097099,0.987909836336362
-0.34855622969870076,3.054315297967816,74.84923072467701,94505.086202,94505.109773,0.9805259021536741
-1.7251360330526442,3.1830410833942695,74.82254235363062,94505.099536,94505.132501,0.957650787650392
-3.0005361221420297,3.352795243675446,74.88463022359,94505.112869,94505.143896,0.9963039920218985
-4.175459579920463,3.5808167707968517,75.05345420027231,94505.126202,94505.151129,0.9852648524910018
-5.258367023018125,3.8897329467207022,75.33720968320637,94505.139535,94505.164035,0.9573379155770614
-6.263343466579998,4.245645674733846,75.60605625170011,94505.152869,94505.178748,0.9770381760356489
-7.160240550735581,4.629266620691073,75.89133138170189,94505.166202,94505.190965,0.9962767823582257
-7.939171381879741,5.0515977600800825,76.4440655035324,94505.179535,94505.209929,0.9885566240171613
-8.544770509028337,5.542084504817012,77.10294151264763,94505.192868,94505.216895,0.9992358817846112
-9.005033899500216,6.147041905297617,77.65869251998025,94505.206202,94505.230053,0.9574011847762833
-9.41987665092085,6.913191551381445,78.50266513014682,94505.219535,94505.243484,0.9588414880659483
-9.728413239167262,7.7525184526042406,79.3524279519454,94505.232869,94505.259526,0.9510048024447935
-9.904734563364812,8.642228038091341,80.35779012699007,94505.246202,94505.269981,0.961643824942945
-9.933234206805176,9.564382939653512,81.5172054963479,94505.259535,94505.285131,0.9853818167444919
-9.816415145683305,10.535313100416447,82.76339498733907,94505.272868,94505.296706,0.9725668318363565
-9.620647629661967,11.60702838411759,84.24492239320338,94505.286202,94505.31039,0.9977384110167897
-9.32707385023893,12.713254986758944,85.65007892182572,94505.299535,94505.323647,0.9984372865427488
-8.937671036260491,13.834429722703623,87.0730600038506,94505.312868,94505.337989,0.9296250569114982
-8.468565126286212,15.02118734451518,88.83222780270597,94505.326202,94505.35054,0.9141192647260901
-7.878858091678741,16.216500415854107,90.66286907947269,94505.339535,94505.364293,0.9932439093605402
-7.209233831826955,17.456542602585706,92.72287736621335,94505.352868,94505.376777,0.967388280758651
-6.4500880930791755,18.6618463697364,94.69275639651363,94505.366202,94505.391516,0.9920468278739346
-5.653338030633737,19.885473672570352,97.11789174286574,94505.379535,94505.404782,0.9298782236759734
-4.7492454576815035,20.919890174742555,99.13251695872863,94505.392868,94505.417713,0.9335416658171899
-3.82477420799615,21.921019556245195,101.53770590176089,94505.406201,94505.432873,0.9679429243226793
-2.862737870136728,22.851153250289432,104.07491358566989,94505.419535,94505.450372,0.8632083174960222
-1.8732431964152478,23.683852084743773,106.58292500973327,94505.432869,94505.456897,0.9593674436695914
-0.8460517469011036,24.397500575670097,109.00517634654885,94505.446201,94505.477049,0.96685627771911
0.20390771820548456,24.989302001858814,111.28670006543469,94505.459535,94505.48436,0.8652317464151713
1.2624245811793486,25.56978986971245,113.98848591169455,94505.472868,94505.496851,0.9918656998846463
2.304395504305556,26.085098981820035,116.47378874189434,94505.486201,94505.512534,0.9800372216662518
3.3310339717151396,26.585216058229204,118.87039575918755,94505.499535,94505.523897,0.972175199588898
4.356479361581931,27.04856541094892,121.22289016177494,94505.512868,94505.53865,0.9733014597824319
5.380331269438009,27.50248078375493,123.43094117694358,94505.526201,94505.549563,0.9344989629730728
6.418810613569988,27.97679083721036,125.60212914775279,94505.539535,94505.565724,0.955544545487873
7.4534819640044,28.477923372001882,127.62695440963765,94505.552868,94505.579266,0.9918638487250064
8.458846548204898,29.122771363135932,129.8747894101178,94505.566202,94505.590326,0.9133977179368804
9.433714854698296,29.46898413052315,130.96912063849362,94505.579535,94505.605074,0.9772727166818195
10.45672513220537,29.96063867978185,133.1637660105057,94505.592868,94505.617784,0.9196383789809695
11.487958517272318,30.20556169509344,134.61753239431792,94505.606201,94505.631377,0.9823540463251568
12.515220981248836,30.499515123374312,136.24853618687783,94505.619535,94505.644133,0.9867027931834647
13.475098521867803,30.596535422314428,137.2426475842207,94505.632868,94505.658306,0.9876859068240839
14.539427637115866,30.87782900289822,139.24660207362626,94505.646201,94505.671966,0.9970510621299744
15.480648161810539,30.931496926133807,140.2873944664114,94505.659534,94505.684087,0.9308689013874873
16.403642102586552,30.947985841675692,141.35434743249837,94505.672868,94505.703636,0.9384267807006836
17.411308164175356,31.175321367469742,143.5302639701506,94505.686201,94505.716838,0.9096207299627653
18.20318098105111,30.89783252082308,143.57949381436606,94505.699535,94505.725335,0.9550676119940839
19.17561832042644,30.947296484174196,145.2407338082268,94505.712868,94505.737313,0.994234317108799
19.98007140117841,30.787935664932885,145.87725482137145,94505.726201,94505.75224,0.9434885117504918
20.777906229851183,30.608847789130106,146.46080409085914,94505.739534,94505.764614,0.8796555154676354
21.560265240895806,30.439598585874364,147.2555054295903,94505.752868,94505.783279,0.9981619083739206
22.327844331765792,30.283430174637942,148.29863476619207,94505.766201,94505.796145,0.8465930796574052
23.00640707595377,29.9564140962969,148.83144382905374,94505.779534,94505.804565,0.9821906607217515
23.599127317824248,29.503389623612666,148.86452858352604,94505.792868,94505.818536,0.9621711808259289
24.17546477513921,29.05471816160487,148.90932580317582,94505.806201,94505.829921,0.8451142002765244
24.77448960605757,28.729771761786633,149.40423654749623,94505.819534,94505.850047,0.9891069693836566
25.19806524661709,28.207837888137412,148.81380334828626,94505.832868,94505.858407,0.9143626139985945
25.648447434085092,27.767776334760757,148.86237986099434,94505.846201,94505.870821,0.959825024066537
25.90460517196231,27.07821644272775,147.72661300764088,94505.859534,94505.884093,0.8268554319105417
26.187361659438846,26.44925549202398,147.01824178830262,94505.872867,94505.897859,0.8937151816723164
26.584647661926542,26.00219657267777,147.27548735663257,94505.886201,94505.9113,0.9860865239063333
26.66194221676891,25.31099094636901,146.2010070141943,94505.899534,94505.923594,0.959825024066537
26.623623235875773,24.49384216743472,144.4412572475356,94505.912868,94505.937652,0.8563466879980597
26.644484505237024,23.69961805307725,143.27556439276864,94505.926201,94505.95074,0.9704113364956959
26.615949372507135,22.795816999093894,142.1165656391639,94505.939534,94505.964289,0.9276794697567575
26.48494176113087,21.764940651844334,140.56761913331673,94505.952867,94505.97717,0.9176427213879534
26.358795165602274,20.752397785842426,139.63234781754605,94505.966201,94505.99111,0.9139979362487793
25.92121285587973,19.4763882102546,137.2715215499304,94505.979534,94506.004427,0.9917971545463363
25.638568277816315,18.384682691130642,136.3679229828852,94505.992867,94506.018026,0.9442401885986328
25.05090403712152,17.10429733368662,134.25160196756673,94506.006201,94506.030351,0.8547210320332558
24.440698385408567,15.977330953131496,132.8527599264761,94506.019534,94506.043632,0.9702650859261777
23.65215518265332,14.798553677767877,131.1795645319769,94506.032867,94506.056487,0.9966699007212825
22.71263681663991,13.638956569230672,129.33508928175758,94506.046201,94506.076601,0.9635333408834946
21.590653869502564,12.466370264111346,126.93706868571964,94506.059534,94506.089508,0.9001336781282959
20.428328347534986,11.492995981391875,125.31016412800629,94506.072867,94506.097534,0.8438142883466803
19.086296065404284,10.552719558804425,123.52061911871675,94506.0862,94506.110494,0.992015047673391
17.52940968844149,9.656361525751633,121.4558426351373,94506.099534,94506.125791,0.923005787145002
15.84794658012412,8.702452274372314,119.27984282482161,94506.112867,94506.137487,0.9339459791091282
14.129755201642517,7.747805979437181,117.31281143675524,94506.1262,94506.150045,0.9333664924985637
12.336801199574925,6.843479810887029,115.58466342638884,94506.139534,94506.164057,0.9339874781547285
10.396567961837858,6.0792607532918765,113.50172252325756,94506.152867,94506.176737,0.9347565176578468
8.246097023556926,5.434405651406883,111.6843415625251,94506.166201,94506.1908,0.9173619930405468
5.9556572526433476,4.762947076836741,110.07705052550376,94506.179534,94506.203961,0.9549764919316217
3.520018073140255,3.9672285542098384,108.0729972696182,94506.192867,94506.21973,0.9876837742558547
1.2046861986243664,3.2015555032024356,106.13055199682253,94506.2062,94506.231435,0.9789363315984072
-1.2222153739891621,2.5497878898069257,104.95601151304608,94506.219534,94506.24408,0.9488818667013436
-3.7128861051923727,1.953224615454096,103.84663271187078,94506.232867,94506.256459,0.8673310485915063
-6.203645260185055,1.28259490861205,102.32677771096905,94506.2462,94506.278221,0.9667064216954925
-8.572380691131135,0.5108383563927735,100.71899298767674,94506.259533,94506.28352,0.9095588813531408
-13.33449547456761,-1.03405264167876,99.08746610723972,94506.2862,94506.310875,0.9565502920401665
-15.638958335527976,-1.7446790387271431,98.11509706764416,94506.299534,94506.324708,0.80233936036041
-17.917017183381564,-2.5236536861649745,97.09157742875445,94506.312867,94506.336689,0.9403086259870305
-22.15536829107805,-4.280352006326846,95.95043133107822,94506.339533,94506.363831,0.8573732260516199
-25.98758320194445,-6.154381777426609,95.03386261695695,94506.3662,94506.391143,0.8715455380510897
-27.655012959036156,-7.122657124663281,94.59459372370524,94506.379533,94506.404941,0.9544208947408127
-29.254218618375738,-8.134005126147873,94.63935511460073,94506.392867,94506.418082,0.9225241699405127
-30.504827807786686,-9.097752012160202,94.11528273564038,94506.4062,94506.432434,0.9736547316085384
-31.78944559074874,-10.089220083024685,94.21689322445224,94506.419533,94506.444749,0.8043683234352491
-32.790694067957105,-11.102663438773055,94.06050596593076,94506.432867,94506.457075,0.9046209390430412
-33.522318121826224,-12.124839415689562,93.72069353525565,94506.4462,94506.470527,0.894694490626063
-34.17741955608351,-13.18854511485784,93.72788361167939,94506.459533,94506.483983,0.9684216029145482
-34.56450472589659,-14.205977113968304,93.48082769261768,94506.472866,94506.497411,0.9115709269832495
-34.74398694855929,-15.184966635126678,93.08517243322507,94506.4862,94506.510499,0.9231483365567166
-34.89948275096445,-16.243902065967355,93.02259055822115,94506.499533,94506.524391,0.932853051752348
-34.69373098479812,-17.256756608351548,92.58223476728656,94506.512866,94506.538742,0.9590245673000193
-34.42394714075344,-18.314898378696277,92.46173974732201,94506.5262,94506.550366,0.9389525256357668
-33.97347076019274,-19.314275585365454,92.33563231228959,94506.539533,94506.566525,0.9250402209977436
-33.32312908520043,-20.211480613509615,92.10957947820364,94506.552866,94506.57913,0.9258492422622765
-32.49083539515995,-21.04803918721463,91.88800149389562,94506.5662,94506.591501,0.9351071734960138
-31.583524958748665,-21.91457434241709,92.03060457187121,94506.579533,94506.603546,0.9014201322637796
-30.37158687715667,-22.647248462889177,91.9226987632355,94506.592866,94506.616948,0.9250102516757445
-28.970655929143152,-23.27848702669737,91.83461986176403,94506.6062,94506.631406,0.9096255288658281
-27.402846375113963,-23.787568835742004,91.67142575389099,94506.619533,94506.644897,0.9079404711850565
-25.832838391909092,-24.260309423428886,91.8300684930602,94506.632867,94506.657672,0.9478019479617905
-24.01980880586108,-24.561962012655798,91.69481491049649,94506.6462,94506.671387,0.9536448487032867
-22.058903110879083,-24.775138839423544,91.58679249274496,94506.659533,94506.685046,0.8596916240030307
-19.98395843029973,-24.87740492579963,91.57590965220616,94506.672866,94506.698465,0.8452292269995029
-17.855986621610484,-24.895644375993744,91.71181393716776,94506.6862,94506.710191,0.9574249875679458
-15.674144255754031,-24.78256292385349,91.71010803492598,94506.699533,94506.725249,0.9200012600737469
-13.611195848611768,-24.829981817936595,92.44037802910783,94506.712866,94506.737975,0.848471922756985
-11.306760445882675,-24.67865620535772,92.72430551829838,94506.726199,94506.750021,0.9320208404509737
-8.887247041123873,-24.388586042032127,93.05769201589433,94506.739533,94506.763192,0.8365822542215939
-3.9931938976372283,-23.67358983470953,94.48733963334027,94506.7662,94506.789848,0.9996051199152766
-1.5283265938994317,-23.112710271447682,94.92812205373602,94506.779533,94506.803472,0.9533147490810483
0.9472719254460238,-22.51131789236557,95.53011900115226,94506.792866,94506.817706,0.8068599216215272
11.38303282145638,-19.142002241474948,98.68098157897437,94506.846199,94506.870762,0.8899967479446349
13.992183904894208,-18.190000899292286,99.81462907920175,94506.859533,94506.884237,0.9652411473125706
16.52137385514126,-17.154422999468146,100.54004976310989,94506.872866,94506.897509,0.8925126450067564
19.079731461675642,-16.16968749553898,101.92657393480444,94506.886199,94506.909673,0.9500917754443002
21.550410753629148,-14.99320643577181,102.81593700726992,94506.899533,94506.923445,0.9533698275163981
23.890992815461622,-13.775614101516902,103.78343862774967,94506.912866,94506.937243,0.872278655535003
25.98065061532372,-12.401734819720252,103.98341461312366,94506.926199,94506.94994,0.9897491785064875
28.198354545438807,-11.098622126680366,105.17910391610005,94506.939532,94506.964268,0.9522675943225782
30.372473492185335,-9.782288875786202,106.53916380812944,94506.952866,94506.977126,0.9354744470759423
32.29625544871533,-8.356620769993333,107.33928270576172,94506.966199,94506.991401,0.9517428909953592
34.186651553495594,-6.923189509776614,108.45047771609237,94506.979532,94507.006108,0.9913407043290751
35.92917351534696,-5.48397909247189,109.47091021157125,94506.992866,94507.017193,0.9498406311695275
37.48036051569724,-4.089345536717242,110.29872937868016,94507.006151,94507.032903,0.861472906296473
38.97536475175633,-2.7617820478518134,111.3156677448691,94507.019484,94507.044012,0.9473571635992373
40.33827622885375,-1.4636966746358375,112.28823828456537,94507.032818,94507.059037,0.9651759159573058
41.60611306615463,-0.1283789766334719,113.32490534934475,94507.046151,94507.071144,0.9575878543872005
42.71265086216008,1.1738847217826227,114.28787252409958,94507.059484,94507.084438,0.9200066215427473
43.768425692756225,2.4527584806322436,115.51916090311352,94507.072818,94507.097186,0.9854649950408899
44.6238789402011,3.6700914740073602,116.482578278286,94507.086151,94507.111582,0.9786649387864989
45.3426998775557,4.865405898181917,117.41062675614673,94507.099485,94507.123441,0.9691312382786298
46.0596654618141,6.053481011076979,118.6045716446457,94507.112818,94507.138286,0.9624478099575179
46.41593321056558,7.180412205543725,119.1787619044344,94507.126151,94507.150549,1.0
46.8651353496702,8.288849185144638,120.30477370285976,94507.139484,94507.172721,0.9082252354928738
47.111363555124676,9.360956902280542,121.16296035460435,94507.152817,94507.177292,0.9800601959228515
47.15923969232676,10.397153227155501,121.80313934509168,94507.166151,94507.191281,0.9357957180870542
47.030594109286426,11.35731475847328,122.18164359892752,94507.179484,94507.205142,0.9304460135281298
46.74701139997749,12.260764712192938,122.435164566927,94507.192817,94507.218758,0.8714350950232662
46.54214081075388,13.194953333383218,123.26318603762385,94507.206151,94507.232099,0.9225162112787219
46.20947584758131,14.054579612414146,123.92233315296174,94507.219484,94507.244971,0.9995202281922226
45.55846158932436,14.820245404182435,124.06498869410134,94507.232817,94507.260311,0.9261660256401764
44.97323295508878,15.624963679076425,124.59064112010248,94507.246151,94507.272239,0.9419617035380805
44.120734215676634,16.356833775401274,124.69217886290247,94507.259484,94507.283722,0.9192485175791274
43.20566706422391,17.080374232568303,124.89404681279161,94507.272817,94507.297336,0.9570256313123212
41.97217845939337,17.741536928146424,124.53923495021449,94507.286151,94507.310963,0.8932694996701275
40.782704949342985,18.4760842442817,124.78556221071183,94507.299484,94507.323031,0.9470678099598367
39.41771362746938,19.12665593620595,124.85030593894125,94507.312817,94507.337697,0.9548877318459789
37.79399644026496,19.640060700410896,124.37432556422844,94507.32615,94507.350043,0.8533792468817352
36.25073852672899,20.2486905995308,124.70128231705132,94507.339484,94507.363893,0.9096379062060829
34.38694755515226,20.781291579394306,124.43874160885987,94507.352817,94507.377484,0.9521596083382832
32.3594038618573,21.198545845355696,123.89554899065539,94507.366151,94507.389978,0.9956456494074458
30.439557551267857,21.700852870934796,124.17509455735433,94507.379484,94507.403814,0.9278463450949717
28.25234542990621,22.046321680327665,123.60818762405424,94507.392817,94507.41674,0.8485415534575025
26.025911659370397,22.50792515086632,123.28706725098203,94507.40615,94507.429882,0.8709107419085471
23.716927892892695,23.031367757451797,123.09939124727819,94507.419484,94507.443659,0.8654760889640235
21.21481496260203,23.391694000408496,122.32557874639052,94507.432817,94507.457943,0.9955977012227559
18.80319668330291,23.736624896520837,122.23777767639973,94507.44615,94507.470445,0.9952344657741438
16.327540010154415,23.872334519606202,121.63178813034304,94507.459484,94507.485416,0.9532644513085223
13.87395697459641,24.071294977853768,121.44868324452817,94507.472817,94507.497836,0.9996526536773254
11.400712457063296,24.250287986289198,121.38772246059891,94507.48615,94507.516437,0.9979371836111097
8.852528459398455,24.253472275973746,120.7466382244995,94507.499484,94507.524032,0.9986970263819905
6.370860718006994,24.18366724371628,120.3990815507086,94507.512817,94507.536895,0.8750342017606472
3.970423713346087,23.947558664563005,119.82604562651512,94507.52615,94507.549816,0.9269497201964001
1.6237509620840251,23.772042707114124,119.7930254795055,94507.539483,94507.563543,0.7985783657847717
-0.6657490987778758,23.498662161317984,119.37452014794842,94507.552817,94507.576875,0.7974308990024034
-2.908047384999151,23.18166938593842,119.21938550187838,94507.566151,94507.590497,0.9658583198926831
-5.061089182678566,22.690080141152134,118.92583451992081,94507.579483,94507.604784,0.8605700254032231
-7.08841649948974,22.027056019225306,118.58565958405276,94507.592817,94507.617423,0.9620922076806645
-8.948933030310194,21.261147923470354,118.07496413133644,94507.60615,94507.630316,0.9243266895159044
-10.728257616229055,20.547447156713634,117.7816287063224,94507.619484,94507.644056,0.9762805241053937
-12.374972236603044,19.746862559700027,117.25359604300753,94507.632817,94507.656874,0.9016129980502925
-13.93190795287825,18.963622190171343,117.21190729558839,94507.64615,94507.670614,0.9709374260493184
-15.329643487724205,18.133771615209614,117.1009273397043,94507.659483,94507.683969,0.9921283702900218
-16.536133972448305,17.315621231036154,116.86666727864508,94507.672817,94507.696966,0.9496488480306862
-17.5085693340155,16.52043934941794,116.40667053340151,94507.68615,94507.710037,0.9853808241687001
-18.353637001416526,15.793567437465718,116.24157137317782,94507.699484,94507.723578,0.9185782093021692
-19.00768111924748,15.09981310429421,116.09696131662793,94507.712817,94507.737477,0.9666760401367244
-19.39156664597543,14.38165846632016,115.66297906273454,94507.72615,94507.750467,0.9761176133688138
-19.704031852772744,13.813947368580461,116.09047788050447,94507.739483,94507.764153,0.9795864949633665
-19.72644698050706,13.275511172876818,116.03373151762234,94507.752817,94507.776826,0.9819263660929164
-19.55320834408246,12.830430375217283,115.8573775577533,94507.76615,94507.790105,0.979973365992014
-19.201242650697534,12.476281170711687,115.7436108909153,94507.779483,94507.805027,0.9515020875956487
-18.66724146221147,12.215721430414145,115.99852110555494,94507.792816,94507.818491,0.9321610258494301
-17.80975473628926,11.983787698235286,116.058240452603,94507.80615,94507.83351,0.9550189670816367
-16.779450975736534,11.93307557058572,116.46266394505429,94507.819483,94507.845076,0.9798603798795456
-15.562864717425189,12.01422385818567,116.92542668988253,94507.832817,94507.856819,0.8875264910927672
-14.115447411621261,12.173282307069558,117.0861539811649,94507.84615,94507.870606,0.8413290089701515
-12.520717007572836,12.402381794589243,117.49302896588274,94507.859483,94507.88383,0.9605406080760575
-10.726343122720113,12.643675724172612,117.67810206722746,94507.872816,94507.896683,0.8657883101223927
-8.835330686708254,12.933291329392693,118.33604572118297,94507.88615,94507.91056,0.918543804274365
-6.8105609063430705,13.23092820709698,118.96099076713556,94507.899483,94507.923572,0.9855133334176894
-4.666087888146848,13.475837358937666,119.2293197108886,94507.912817,94507.937535,0.9128964871557016
-2.4845878614564003,13.738389331438215,119.92201152895497,94507.92615,94507.951916,0.91394963634097
-0.2404904440553173,13.92282989590787,120.13779341916533,94507.939483,94507.964159,0.9426562582146564
2.044842056534094,14.061678768650715,120.29364291246031,94507.952816,94507.977847,0.987123484781009
4.327023771119744,14.167358192512769,120.79959622334863,94507.96615,94507.990603,0.9560706495998569
6.648299674546967,14.202132046833066,121.30768055587737,94507.979483,94508.003974,0.8433005352178723
8.963180685556955,14.20643042442149,121.78650227573792,94507.992816,94508.016593,0.9756882226548493
11.271922369804185,14.163597481654492,122.13996108948001,94508.00615,94508.030336,1.0
13.54434542928454,13.9967058044138,122.26563700274964,94508.019483,94508.043515,0.9601280873613572
15.802405148809925,13.759953860272962,122.34447936256664,94508.032816,94508.058832,0.9569308419089584
18.119668053587404,13.490343238456783,123.07248005260526,94508.046149,94508.070464,0.9834202881881381
20.310832260197976,13.008672466748333,123.0471968478764,94508.059483,94508.084656,0.9011859828094299
22.49614788136915,12.462148608118682,123.31332925227093,94508.072816,94508.096975,0.8699127935889803
24.540477268979405,11.803739090206346,123.34670536119626,94508.086149,94508.109694,0.9235190112744681
26.533282140587904,11.094749754759741,123.50166706529983,94508.099483,94508.123734,0.936665197508894
28.330753745537457,10.269074074035647,123.19106970711651,94508.112816,94508.14375,0.8050218876449269
30.134388568343084,9.443095704176313,123.49855769863153,94508.126149,94508.150237,0.9735119530707398
31.809542539758198,8.604615799716708,123.77364752601095,94508.139483,94508.164339,0.9033574036863394
33.23910563417118,7.675216314933115,123.60079559777348,94508.152816,94508.177694,0.8227977596032571
34.5857905232279,6.719660280076724,123.53005764239714,94508.16615,94508.192196,0.9943340374575229
35.880008390891334,5.783642814395522,123.84876873411483,94508.179482,94508.20419,0.9764822806894354
36.93024776323837,4.823654325907034,123.81750557842285,94508.192816,94508.216705,0.9120098899950269
37.7330972623276,3.8782662546909945,123.53187447544855,94508.206149,94508.230314,0.9233129961019115
38.46888495558381,2.9575853914141828,123.55703953958455,94508.219482,94508.243425,0.9574976726687151
39.19982286119399,2.033428362880311,124.01986681765322,94508.232816,94508.256987,0.9691341019055444
39.696182494051016,1.1132016491091699,124.06141013805417,94508.246149,94508.270052,0.9634450588961281
40.16233927396378,0.18477881715788524,124.29638885599624,94508.259482,94508.285086,0.9964091784428865
40.431405172884496,-0.713727106554628,124.27515889172925,94508.272816,94508.298287,0.9495644209246197
40.58690897377669,-1.5913041104567407,124.27406538723494,94508.286149,94508.311222,0.905904633285482
40.78529886963883,-2.427348744382956,124.69661869035653,94508.299483,94508.323502,0.9964091784428865
40.75917909033056,-3.2264800340158892,124.71379880293836,94508.312816,94508.337166,0.9064987881944769
40.64335714883341,-4.010115764003307,124.78117341598266,94508.326149,94508.351034,0.9928820987417647
40.43283259492113,-4.787498365313103,124.8860233840825,94508.339482,94508.364384,0.9944557091127484
40.01573722405809,-5.506911107321372,124.7058388595912,94508.352816,94508.376641,0.9393481127224071
39.72741659807472,-6.227183317795591,125.22895529286899,94508.366149,94508.390604,0.932317732504487
39.12927275636242,-6.890248591728507,125.09106793455106,94508.379482,94508.405542,0.9125803696673609
38.44947002773023,-7.512874728796305,125.06432758907825,94508.392815,94508.417666,0.8972922253721217
37.64319195539996,-8.122500760459525,124.98496124658973,94508.406149,94508.432769,0.9158904557630064
36.7815228497317,-8.725122700591104,125.12996234298151,94508.419482,94508.445852,0.9470291079706706
35.83310615270562,-9.32290751252515,125.38381868663294,94508.432816,94508.456926,0.9760978609792795
34.50932141021621,-9.796635306595585,124.74299866837178,94508.446149,94508.470251,0.9912221750622466
33.25719647188474,-10.323103992003373,125.00758017400706,94508.459482,94508.485066,0.9122006284214736
31.744625468721875,-10.759788348702926,124.8212899408426,94508.472815,94508.503211,0.9432204988374491
30.172960648805628,-11.238671674194215,124.85805354968461,94508.486149,94508.509763,0.9523219031071545
28.46290016145431,-11.678771390519588,124.74404478804729,94508.499482,94508.525014,0.9729573695709683
26.592886825804275,-12.0957847304744,124.32241401534938,94508.512815,94508.538401,0.9122832163719763
24.711151102662498,-12.55718685168363,124.57948857444342,94508.526149,94508.551507,0.9798377418165101
22.698018159556437,-12.979906637631581,124.51699693730522,94508.539482,94508.565544,0.9529482825750586
20.580443630330805,-13.416532795849568,124.41985770382763,94508.552815,94508.5773,0.9940869207725753
18.4133478890234,-13.842222672050099,124.25883258936699,94508.566149,94508.590241,0.9166287070838753
16.230289200230242,-14.250847950896622,124.098216278169,94508.579482,94508.603747,0.9130319922695045
14.006088970441512,-14.67955405974693,124.20175928171727,94508.592815,94508.616676,0.9417536282676205
11.677564195006752,-14.987451185378765,123.74807513287298,94508.606148,94508.63684,0.9693559990397889
9.314441610939882,-15.308955772248398,123.39574221300919,94508.619482,94508.64363,0.8465298050185287
7.015163416950886,-15.74551090597659,123.76740246368377,94508.632816,94508.663287,0.959402866596436
4.713693256018109,-15.991099267978829,123.38511203853673,94508.646148,94508.67144,0.9549032437870698
2.414910118642528,-16.275264971627255,123.71018284724134,94508.659482,94508.68456,0.8366499611502942
0.11722098167981519,-16.481223298996696,123.62170912510231,94508.672815,94508.696313,0.8882577826173492
-2.1782231219076102,-16.75509719465302,124.25538955048556,94508.686148,94508.709882,0.9887815044970467
-4.321082524660397,-16.898140655483882,123.93938030315711,94508.699482,94508.724279,0.8965314871157832
-6.370096463362089,-17.02629636001474,123.9835302577689,94508.712815,94508.737123,0.8589623763684663
-8.362596607313717,-17.044201502174353,124.14819711838292,94508.726148,94508.751237,0.8814114512812882
-10.376661203674862,-17.006706153517563,124.40956996944756,94508.739482,94508.763798,0.9966049103529703
-12.312470540749413,-16.907401777448843,124.67289190891876,94508.752815,94508.778123,0.9405494204275356
-14.15268925614292,-16.768653292046338,125.06739354563489,94508.766149,94508.791045,0.9906862005074772
-15.840449116978228,-16.58293398241546,125.19369290086728,94508.779482,94508.804455,0.9649015938907668
-17.365590574430996,-16.262000834064832,125.22413448389388,94508.792815,94508.816763,0.8564990047630409
-18.804806237818898,-15.889191979583579,125.42865326704035,94508.806148,94508.830827,0.9950604614482438
-20.030990949533024,-15.404672678014608,125.18084208165322,94508.819482,94508.850969,0.9442810296840062
-21.168087141475105,-14.90833202411821,125.28511900782277,94508.832815,94508.856429,0.912638778701299
-22.153934219226837,-14.360649365792966,125.3332086138892,94508.846148,94508.870284,0.8984115178531313
-22.997340141687978,-13.726611199775496,125.47357482308642,94508.859481,94508.884055,0.9674619266652318
-23.746267234534656,-13.020728129444516,125.64610192489441,94508.872815,94508.898833,0.9524342697387765
-24.392541311261184,-12.269190811309269,125.95611311208667,94508.886148,94508.911667,0.9881435700103121
-24.82523455440441,-11.399835925335465,125.83411216160988,94508.899482,94508.924986,0.9721386708855692
-25.22713092681806,-10.50079616621444,126.16496951090883,94508.912815,94508.9375,0.9193335974789644
-25.477033165887146,-9.530163698147703,126.38775801271068,94508.926148,94508.949673,0.9463993132240052
-25.576138896666535,-8.48067917761286,126.41553551683941,94508.939481,94508.963901,0.9337053074818785
-25.66749947559081,-7.428557588831168,126.86603820147765,94508.952815,94508.977877,0.9234295605251366
-25.5864820641901,-6.33675566151739,126.9503012810612,94508.966148,94508.990964,0.8778109720219491
-25.394367262812214,-5.236716629618447,127.0064097431886,94508.979481,94509.005294,0.9866498696403536
-25.14357238503697,-4.121740958152989,127.49155409062709,94508.992815,94509.018147,0.9418984992270742
-24.714998984478584,-2.9915598841191944,127.56477858019002,94509.006148,94509.030428,0.9999865409413495
-24.099402090642336,-1.8522575321982693,127.21862574249239,94509.019481,94509.042956,1.0
-23.498188661432827,-0.7212867367955416,127.46000048892301,94509.032815,94509.057458,0.9243373065121638
-22.80030109660973,0.4150960103242693,127.44272248505146,94509.046148,94509.070822,0.9714097465356228
-22.00033714245583,1.5434568645319433,127.57157509198495,94509.059481,94509.083266,0.9908879623737086
-21.081131215318976,2.675271374401485,127.68580443606082,94509.072814,94509.096896,0.9979539747479219
-20.066417851052385,3.83167227463525,127.96311034340468,94509.086148,94509.111866,0.9129385814580946
-18.92592744539408,4.998386506311011,128.0506817959284,94509.099481,94509.124187,0.9707975588645612
-17.7828490874362,6.177312559326669,128.60286067901075,94509.112814,94509.143204,0.993839478307626
-16.45602349495644,7.305999915919576,128.59788064385285,94509.126148,94509.150057,0.9412752453517127
-15.000085569682938,8.400950255303654,128.34906869583895,94509.139481,94509.163458,0.9495752797157658
-13.54227113809649,9.51870134295368,128.61537774851865,94509.152814,94509.176347,0.9444063447075733
-11.983094096224097,10.610285483306473,128.84581279562246,94509.166148,94509.190167,0.8984717808069933
-10.336022351211321,11.65432896819911,128.88069900575852,94509.179481,94509.204299,0.9455792526903319
-8.690417283697801,12.6875599441198,129.11531199015474,94509.192814,94509.217047,0.9772727166818195
-6.974370447146756,13.64389627703156,128.8313024569474,94509.206148,94509.2298,0.8998656256148724
-5.264582919860142,14.549587784978623,128.9228743573464,94509.219481,94509.244747,0.8983428428602581
-3.582639891468277,15.403880388966368,129.31514231362726,94509.232814,94509.25662,0.9433588929377824
-1.905025374685351,16.16759349729987,129.51412616998317,94509.246148,94509.270481,0.9742555256975322
-0.20668090659252947,16.7435605268494,129.20599354386567,94509.259481,94509.283472,0.9495644209246197
1.4498999791923541,17.33521108722324,129.68465861818294,94509.272814,94509.296469,0.8049546204453053
3.085634441240001,17.81213361761033,129.37571524751192,94509.286148,94509.310198,0.9907468019237401
4.711921825368925,18.267181101763292,129.2554350399824,94509.299481,94509.323234,0.9679429243226793
6.338904155724029,18.631873350230233,129.3926144080904,94509.312814,94509.339559,0.9994552460642809
7.93298510520281,18.81435464466055,129.33868150860374,94509.326147,94509.350319,0.923676812837848
9.496557326073681,18.91373113661,129.24230113002773,94509.339481,94509.363693,0.9881240787808367
10.9637597647855,18.987090498397812,128.9338459750635,94509.352814,94509.376726,0.9537749207650149
12.354820498871703,19.154386913285975,129.06565066306234,94509.366148,94509.390534,0.9710583090027961
13.677889754649318,19.22918905528599,128.66669927041448,94509.379481,94509.404314,0.9758150481865739
14.959280578658895,19.29066844402792,128.5345826432502,94509.392814,94509.419007,1.0
16.153096420836047,19.19476924071026,128.06403501991983,94509.406147,94509.431736,0.9634450588961281
17.245798342965177,19.002619165728394,127.45484663250069,94509.419481,94509.444642,0.9675714118936147
18.27934061671205,18.712703395903038,126.82969065134887,94509.432814,94509.45865,0.9957647905975936
19.249975255082454,18.31587535556194,126.15552296827393,94509.446147,94509.47131,0.8457518072691153
20.111169460392222,17.868201000210906,125.30498026758171,94509.45948,94509.483279,0.8695544422496649
20.897719018898375,17.333549756146812,124.56427024858816,94509.472814,94509.496866,0.9702650859261777
21.59519051002132,16.734784688133384,123.67732990394374,94509.486147,94509.509738,0.9644016865492266
22.20394647878102,16.096105973478117,122.69037616410237,94509.499481,94509.523282,0.9964091784428865
22.640371187630127,15.400802171558256,121.31995122929062,94509.512814,94509.538006,0.935393968826219
23.121855127661572,14.818183558267979,120.55010909034436,94509.526147,94509.554173,0.9388671233548855
23.421550976383028,14.156679995661495,119.27376456549688,94509.53948,94509.565674,0.8208860625852791
23.621260343048277,13.479654378090766,117.91987582268835,94509.552814,94509.576634,0.9580057201627378
23.746609088038547,12.78844549290464,116.693841288512,94509.566147,94509.58966,0.8978056359593212
23.747168912615134,12.056564298751924,115.26471639721359,94509.57948,94509.603517,0.9621809413856747
23.723047513482673,11.333879098879668,113.99681065096676,94509.592814,94509.616468,0.9826126303050673
23.509048019111194,10.54917941404787,112.21057399963581,94509.606147,94509.638172,0.8937185816405167
23.23609202362665,9.77848671337426,110.6165938433097,94509.61948,94509.643241,0.9854649950408899
22.851233222401707,8.975435304969016,108.79647249961012,94509.632814,94509.657762,0.9170215142016167
22.353407601028294,8.144959979873928,106.9915899130873,94509.646147,94509.670403,0.9494458820235282
21.752049291860637,7.276548903968896,105.13488068102731,94509.65948,94509.684244,0.9805665870300907
21.089514016062605,6.411107141397311,103.29799528749815,94509.672813,94509.696658,0.9979656836429195
20.29006486518529,5.542734452981906,101.27827482128887,94509.686147,94509.710236,0.9686833858801104
19.34102771362298,4.671567109264957,98.8687972948018,94509.699481,94509.723258,0.9977387510920804
18.32210583837887,3.747993517083792,96.5072524559911,94509.712813,94509.737998,0.9296817778618934
17.272940547913773,2.7579109855601094,94.11097886183295,94509.726147,94509.753038,0.9412849296452536
16.17149396059758,1.811005031397997,91.74789471094128,94509.73948,94509.76411,0.9661636322390167
14.941754778736055,0.8839683578941124,89.15929205241666,94509.752814,94509.778683,0.9554830323631831
13.65556292565451,-0.126437189664692,86.83474027287102,94509.766147,94509.790735,0.9990629052010932
12.24473591790915,-1.3218272910739308,84.53964002538802,94509.77948,94509.803982,0.9966114055546129
10.77971693682418,-2.653375351344861,82.18774763014588,94509.792813,94509.816376,0.9724722430328557
9.456343088053869,-3.9903847401498425,80.14526972072798,94509.806147,94509.830385,0.98888687449586
8.098410419230799,-5.334532911259146,78.30081709224594,94509.81948,94509.843334,0.8412773261436981
6.7905193036798375,-6.66367840406504,76.5446221104582,94509.832814,94509.856553,0.9165709996660193
5.615228175042887,-8.010187155504289,75.0227682852217,94509.846147,94509.87052,0.8752783165056145
4.637420056308198,-9.32179438654349,73.85334434249164,94509.85948,94509.88514,0.8928736623360839
3.8337601493012,-10.522569348734985,72.95525948181694,94509.872813,94509.898311,0.9295517451666603
3.1416073992508387,-11.566945323481788,72.07673517713897,94509.886147,94509.909343,0.962243852112069
2.5580212033217005,-12.460807443316737,71.5477398882205,94509.89948,94509.923961,0.9448628797077689
2.118126929090939,-13.161159442266412,71.13547328724401,94509.912813,94509.942846,0.9946211626782693
1.8555220484823147,-13.683354654578352,70.94760471259673,94509.926147,94509.950196,0.9587315750857656
1.7147533845271414,-14.004000377011673,70.95019371411712,94509.93948,94509.964475,0.9155612038622527
1.6222794447575553,-14.05285092618159,71.09046224822725,94509.952813,94509.977802,0.9814551491765562
1.5744489942208986,-13.867794957927643,71.29655413796132,94509.966147,94509.991002,0.9261205780029337
1.5937223303687167,-13.516836807190213,71.59696933661904,94509.97948,94510.00459,0.984930851646826
1.7238800965229253,-13.003446496471492,72.03304831811799,94509.992813,94510.018251,0.9903515604988871
1.9763562723732397,-12.3067971996757,72.67678040380319,94510.006146,94510.030086,0.9424363112477165
2.309372635653413,-11.378542501496852,73.43708934022392,94510.01948,94510.043373,0.9530235976991438
2.6936200652239224,-10.262366731373305,74.32580348722381,94510.032813,94510.05745,0.9532043217014656
3.136815083652268,-9.02823413549894,75.23502763291489,94510.046146,94510.069775,0.9668240516045958
3.6794903121435,-7.719356383067888,76.42657758735427,94510.05948,94510.083908,0.9521905080470989
4.31844272776434,-6.360708084701005,77.83336928344399,94510.072813,94510.097488,0.9700373444139317
5.025041238358243,-4.9337051909866405,79.10314377949564,94510.086146,94510.111964,0.9935587081012154
5.770838363436312,-3.5177950561571083,80.58203720617959,94510.09948,94510.126579,0.9810248174665126
6.544981002743462,-2.1121901833764816,82.2302118572206,94510.112813,94510.138695,0.9987831180968332
7.33320996136045,-0.7038151478350669,84.1542459894018,94510.126146,94510.15104,0.9288308531138452
8.113071302644165,0.6678632748401077,85.84476881182074,94510.139479,94510.163928,0.962854396592308
8.928716806477874,1.9707075440119846,87.8651422041053,94510.152813,94510.176923,0.9632140305348522
9.768096112053502,3.209272034866641,89.92234444787604,94510.166146,94510.191022,0.9397075391116068
10.621523119794022,4.35059674703645,91.88815902538855,94510.179479,94510.209912,0.9853936476574006
11.468014057767931,5.414011877122398,93.90569815624573,94510.192813,94510.216929,0.9874213456847819
12.315407814899373,6.418051476779396,95.9528393775636,94510.206146,94510.230855,0.9390075891195138
13.182184125198123,7.390696779354679,97.93215134236327,94510.219479,94510.246812,0.9783896511463062
14.048737966858445,8.285285345338131,99.66313285924922,94510.232813,94510.259309,0.9712115366316862
14.980847050501533,9.175946188613135,101.75784349760535,94510.246146,94510.271696,0.9673238113094456
15.855075990720161,10.025149392696763,103.39731721431433,94510.259479,94510.289683,1.0
16.719923281041645,10.838042932677565,104.96873686571011,94510.272813,94510.297183,0.9312759685054781
17.63132590344145,11.61877016392388,106.64426787342978,94510.286146,94510.309763,0.9303903347256206
18.479838156290956,12.309751751650465,107.8154639609683,94510.299479,94510.323154,0.9084546413377257
19.392989438497658,13.002733899268646,109.37039452088369,94510.312813,94510.337897,0.9701700736015515
20.21335367720889,13.54206217549096,110.30333397665927,94510.326146,94510.349791,0.8846309358090887
21.089105659343666,14.029899440149784,111.65480861282693,94510.339479,94510.363179,0.9956831609221429
21.869899970902402,14.364777048087001,112.56884524397536,94510.352812,94510.376985,0.9799052722336954
22.6333495014794,14.699005111946041,113.65611597504525,94510.366146,94510.390048,0.9323358487178982
23.28854461617755,14.972023756587472,114.33676225343318,94510.379479,94510.404224,0.932491267564154
23.94773126283555,15.21415719880148,115.27246184771319,94510.392812,94510.417344,0.939048053625126
24.510043048169607,15.313582028454437,115.7880858004732,94510.406146,94510.430936,0.8923702579707689
25.03439361911358,15.382265111331135,116.38207397472556,94510.419479,94510.44365,0.9205187242180414
25.43001272511904,15.401088297388732,116.75640127536037,94510.432812,94510.45686,0.9945771194533278
25.632011397386666,15.33624050470899,116.63426114018992,94510.446146,94510.46992,0.7848248324645553
25.81836304533379,15.20818088145451,116.77968959333913,94510.459479,94510.484938,0.827343918745059
26.052550409779133,15.098483275117506,117.345667736484,94510.472812,94510.500177,0.935393968826219
26.11275464149797,14.905235229245891,117.39649550267703,94510.486146,94510.514092,0.9923425873325532
25.986888524934322,14.629094696523861,116.8269610696003,94510.499479,94510.524365,0.8391199148620382
25.938100448767976,14.435591134960516,117.00024393226496,94510.512812,94510.536466,0.9918656998846463
25.752619707033574,14.167089681575959,116.74065567046436,94510.526145,94510.558252,0.896632826546298
25.444257989774275,13.854192999999789,116.11003549320814,94510.539479,94510.563584,0.9471155575671912
25.08490200208814,13.54375656910137,115.65590133918133,94510.552812,94510.57656,0.9853684942790109
24.567696488248604,13.156324203961827,114.67070344272767,94510.566146,94510.591023,0.9159401534224257
24.03772706054724,12.759912887782662,113.83406932063883,94510.579479,94510.603804,0.9964091784428865
23.42893920590047,12.34677529990117,112.7276170109044,94510.592812,94510.616962,0.9953617544033682
22.807251288381497,11.91120543839237,111.89322227883575,94510.606145,94510.638622,0.9730629993295306
22.02135191499609,11.360342393590178,110.24396205034726,94510.619479,94510.643183,0.9831803236493125
21.278757289281614,10.782998261627895,108.94362152171311,94510.632812,94510.656839,0.9721090375838027
20.467795678510196,10.12294813179024,107.3052912437268,94510.646145,94510.670805,0.953638569237022
19.624388229614738,9.421746071591212,105.56364269009809,94510.659479,94510.684773,0.9575018763787086
18.710027612873844,8.648907611797236,103.94637626510271,94510.672812,94510.696757,0.9019503987640031
17.649151625446407,7.666751806086806,101.62323730434335,94510.686145,94510.710571,0.9365294432463528
16.56169979330756,6.570656966720395,99.50545531462122,94510.699479,94510.72319,0.9914505581569741
15.426821574037197,5.3540370997405,97.55065556003967,94510.712812,94510.737665,0.9319091103051983
14.253842517565587,4.0685366302961095,95.46115914421912,94510.726145,94510.749978,0.9867650409947164
13.002365542329235,2.7335921961851497,93.36182579361794,94510.739478,94510.765006,0.9657612168339907
11.71054946719738,1.392989538956443,91.64710113950461,94510.752812,94510.777692,0.9633078193373589
10.517080891093665,0.055121272245788305,89.84267237911826,94510.766146,94510.791816,0.9613666208681642
9.34727607733984,-1.4001671088210983,88.42858798421098,94510.779478,94510.805198,0.9604757208434581
8.18544749261673,-2.931597905170483,87.09535929587298,94510.792812,94510.818758,0.9654645636574845
7.009893028016323,-4.499410220998998,85.73246196345416,94510.806145,94510.83085,0.9754977891812322
5.898414899364119,-6.0533430250725555,84.76940832688928,94510.819478,94510.843074,0.9432305496221413
4.9027845086054,-7.504536034954145,84.050364399046,94510.832812,94510.857136,0.8913338174318248
4.027850357336116,-8.768262098587423,83.32972804907283,94510.846145,94510.87078,0.9988798312880474
3.2816217458778367,-9.850737148091607,82.96093092866978,94510.859478,94510.883472,0.9343096859561141
2.649080123256242,-10.712052081105465,82.76312340419095,94510.872812,94510.897331,0.93027011563749
2.170031652601137,-11.347275429895477,82.61313303112071,94510.886145,94510.910918,0.9625291769611393
1.8738122410104832,-11.760522871550537,82.71647575183505,94510.899479,94510.92549,0.9491448295802156
1.7629596666316043,-11.915951388297593,82.91980044233874,94510.912812,94510.937295,0.9890204178410184
1.8108500124307174,-11.842882863319952,83.42501289069784,94510.926145,94510.949811,0.9863749951398342
1.9932115976398357,-11.54112321902254,83.91433571013017,94510.939478,94510.963347,0.9689443558751852
2.3063807974654,-11.081205610333534,84.61207186529596,94510.952812,94510.97723,0.958258039532279
2.7975313708209635,-10.512325679044697,85.60587927286826,94510.966145,94510.990102,0.9324600984700742
3.501525904457418,-9.797012216913595,86.64713349211921,94510.979478,94511.004746,0.994243410260437
4.4062345257485855,-8.893961677800016,87.85053278278163,94510.992811,94511.018213,0.9586641538032831
5.4537047905807645,-7.753749941544456,89.33178592607527,94511.006145,94511.030519,0.9576740393139267
6.625023532205146,-6.447562387129579,90.80882026712594,94511.019478,94511.043291,0.9997053338762678
7.9542710477497955,-5.078201387754021,92.66824436609312,94511.032812,94511.056749,0.9741912381646808
9.412502936597058,-3.677692937119982,94.44183914209344,94511.046145,94511.072521,0.964520897669623
11.001103692549165,-2.313437080290707,96.47480974734832,94511.059478,94511.085251,0.9845200833995015
12.690451118681489,-0.9904837061357812,98.68922634654578,94511.072811,94511.098475,0.9039052732026959
14.436537456282835,0.3007223412502666,100.8486927682974,94511.086145,94511.110869,0.9525148872820076
16.28349434977053,1.554056133230611,103.24582037053017,94511.099478,94511.130739,0.947625113112116
18.187401551906976,2.729902783934429,105.57099823868904,94511.112811,94511.13794,0.994552307483413
20.21244595759393,3.841314643156323,108.22694880738477,94511.126145,94511.150408,0.921432977589698
22.196236232482196,4.835519859151983,110.41789050189608,94511.139478,94511.163707,0.9934755742783361
24.297004242936236,5.754771145654291,113.10954771640552,94511.152811,94511.180782,0.8853040548118926
26.374497321639904,6.584266679940898,115.6199393206223,94511.166145,94511.192017,0.9283982779880726
28.4245212393749,7.300227084131101,117.89828783072292,94511.179478,94511.204028,0.874796111232393
30.47471969818011,7.907204526342533,120.15880819647772,94511.192811,94511.216645,0.982789790612234
32.57139065589523,8.445946910290894,122.72295139384481,94511.206144,94511.230423,0.834348963983788
34.480057912058115,8.796571445782899,124.72890100062067,94511.219478,94511.243485,0.9598406160968016
36.370379364346995,8.979224522619084,126.87994987591273,94511.232811,94511.256995,0.9476789320103417
38.25879579888224,9.064178583349468,129.20498742906074,94511.246144,94511.270196,0.8865371443544889
39.85569747655856,9.01996824974597,130.8109061107795,94511.259478,94511.283454,0.8619375438913698
41.502000322673204,8.981873346082494,132.943567216745,94511.272811,94511.296963,0.9362449019962072
43.03631593826486,8.86879444277421,135.035684756359,94511.286144,94511.309778,0.8128496247838441
44.362002161240376,8.719287191413372,136.9519768942422,94511.299478,94511.323933,0.957717118185933
45.44348187831224,8.451468395978834,138.50470293541653,94511.312811,94511.336859,0.789281594678278
46.60866731584611,8.182860030152437,140.714184680432,94511.326144,94511.353254,0.9323113111737543
47.38502155323785,7.894112933555088,142.1140178855351,94511.339478,94511.365917,0.823722091160889
48.32193195383365,7.701866865786802,144.4819472080541,94511.352811,94511.377743,0.9578123749821629
48.69886166950843,7.54632958021889,145.50375573815617,94511.366144,94511.389827,0.9531134687612486
48.97606251875272,7.547479691024709,146.78587829303308,94511.379477,94511.403665,0.9765790529670632
48.98269866900212,7.686732282387696,147.68797271226666,94511.392811,94511.417571,0.902268651656413
48.9175016462274,7.93208201389631,148.7093154126203,94511.406144,94511.429889,0.9042027748041233
48.88959841526981,8.334587901569664,150.34217776711316,94511.419477,94511.443664,0.9747633666922488
48.4888152225779,8.74060877212385,151.27132652529983,94511.432811,94511.456835,0.9840160201711696
48.114660807197595,9.348875717475755,152.76043141201882,94511.446144,94511.476863,0.9221900399157318
47.399716239041666,10.012156695139115,153.6398717409091,94511.459477,94511.489508,0.9383695845343938
46.53116383244551,10.74985970438595,154.2194002594667,94511.472811,94511.497765,0.7854952831827092
45.59506276933539,11.57799622098176,155.11457921059923,94511.486144,94511.509947,0.7827702055389809
44.35705759790224,12.479081013610948,155.2455025517404,94511.499477,94511.524041,0.864671120203865
42.9410458255079,13.408809946321627,155.2215797840215,94511.512811,94511.539054,0.8540876279998997
41.658608647120914,14.49855756391427,156.10240457619827,94511.526144,94511.551074,0.880262479204624
39.99175734791534,15.53057336408617,155.8023499081736,94511.539477,94511.563128,0.9592618236078634
38.43018840434863,16.708389417245943,156.41482341658542,94511.552811,94511.577532,0.9324972515990718
36.60387788774122,17.846721529111036,156.62904274357464,94511.566144,94511.59012,0.8213753815404515
34.75274235986849,19.057820815418996,157.3188932134743,94511.579477,94511.604188,0.9369499939277363
32.67421528307843,20.20680678923695,157.49780584369114,94511.59281,94511.616243,0.8474688864623445
30.371158874344204,21.189488728356395,156.82869460602365,94511.606144,94511.630783,0.7828614696901612
28.08775522097359,22.290751643878753,156.98520384054274,94511.619477,94511.643586,0.9449746198664439
25.68475865113008,23.274546178103012,156.82465024136718,94511.632811,94511.656674,0.8451918200267003
23.295042694030215,24.292181390143902,157.53323376244322,94511.646144,94511.670908,0.8994214977779927
20.68330479122849,25.080341859184596,157.08072750087504,94511.659477,94511.683909,0.9527951499941664
18.0834488184608,25.82708401108634,157.04266889645072,94511.67281,94511.697281,0.9415041174594532
15.35965092493007,26.40228258848128,156.2234502694092,94511.686144,94511.712256,0.9272266032541255
12.699275102076106,26.983803381939957,155.94323817209866,94511.699477,94511.730355,0.8415807482655716
10.068653931893724,27.62181767687866,156.16426765957235,94511.71281,94511.741304,0.9141881951473282
7.427606687398759,28.26904963254877,156.25307883724605,94511.726144,94511.753332,0.9410078375122861
4.815241988338603,28.84167879254733,156.29054173736813,94511.739477,94511.765852,0.9536893823781363
2.2042421033294715,29.31543020359511,156.0086617059966,94511.75281,94511.784064,0.7828855279951501
-0.36513772854341703,29.81029855988733,156.55155559028898,94511.766144,94511.796893,0.9077353205487088
-2.890767530563649,30.095342959198607,156.63320173853276,94511.779477,94511.804704,0.8691859863585589
-5.24772248269786,30.09049247144519,155.77914129355537,94511.79281,94511.819171,0.9296046236598734
-7.608003832246906,30.359541998732336,156.31260837718713,94511.806143,94511.837229,0.860713844234395
-9.902721219528845,30.639735039198708,156.5920178299531,94511.819477,94511.843888,0.8720892429619932
-12.104904024244362,30.92276072007708,156.78052330565134,94511.832811,94511.857053,0.8960066163194279
-14.250349635726097,31.336677949816483,157.42833492760565,94511.846143,94511.87138,0.8509006878316779
-16.201290257837954,31.663820629538293,157.47117721796027,94511.859477,94511.892731,0.8563533480445286
-17.962552926486453,31.98213166534622,157.39888276108215,94511.87281,94511.90741,0.9399963510101421
-19.636655755023654,32.3479933704347,157.67000423622844,94511.886143,94511.918239,0.9399268116479664
-21.1233591100525,32.70947702052185,158.16514764378516,94511.899477,94511.924252,0.9089010134044969
-22.256941801407706,32.682965852364205,157.30359920163008,94511.91281,94511.944775,0.852286408944801
-23.514412069854707,32.99168572097721,158.54961893007476,94511.926143,94511.95661,0.8796561402874118
-24.49261935762517,33.069566552429826,158.82998295384303,94511.939477,94511.964985,0.9067722559867243
-25.289261907470156,33.07712384934963,158.9687018084631,94511.95281,94511.976797,0.9002046728832563
-25.9298105571732,33.05068246732398,159.1372799446697,94511.966144,94511.992749,0.8825150366318492
-26.266050582766514,32.85243363247193,158.5837918040702,94511.979477,94512.004436,0.8316395794493843
-26.582683555477157,32.71169200837497,158.33493025611372,94511.99281,94512.025891,0.9304639572684206
-26.904032130945936,32.73416824114244,158.56879330443786,94512.006143,94512.031133,0.9277426893290867
-27.10760943977814,32.75471221416552,158.57391357698683,94512.019477,94512.046891,0.8501033914640846
-27.224514073125185,32.80972166961482,158.650599778447,94512.03281,94512.060503,0.8635540710311188
-27.11848061326039,32.69771495216238,157.77784855685155,94512.046143,94512.071139,0.8925726974533188
-27.08279214440897,32.750666726001,157.61176692226275,94512.059476,94512.091028,0.9452343007256782
-27.138533949444007,32.96911203208515,158.1038526694345,94512.07281,94512.099401,0.8641772309887114
-26.803183302225914,32.87523175521875,156.96650179639596,94512.086143,94512.112306,0.9185603229088704
-26.768843026256768,33.15958749021534,157.47129480179845,94512.099477,94512.126177,0.8613019579368872
-26.519091238752953,33.31989921304405,157.0072678276724,94512.11281,94512.143427,0.936307507271646
-26.24398220555092,33.50196893620682,156.49094288025384,94512.126143,94512.15131,0.9522801267973092
-25.63390023572689,33.404504679167424,154.69657671499772,94512.139476,94512.174018,0.9532415997193613
-25.224778166862208,33.54028796052554,154.03346435853234,94512.15281,94512.186346,0.9500526667645668
-24.80441112699907,33.75511845284456,153.88704211305364,94512.166143,94512.190967,0.9443743923407983
-24.118267289794296,33.599984972665766,152.51806227093152,94512.179476,94512.206378,0.9389044697680097
-23.420005205713412,33.52219804075201,151.58759807599594,94512.19281,94512.224124,0.9848355879100171
-22.455304063315676,33.16946692652627,149.80142949435808,94512.206143,94512.239075,0.8828236085010277
-21.58155962243346,33.02449402507768,149.08809735329692,94512.219476,94512.253423,0.9135313895896323
-20.434534378219304,32.65586736742249,147.38076926641833,94512.23281,94512.263435,0.960092327084209
-19.31734951503839,32.38054224497706,146.15614249832083,94512.246143,94512.277232,0.9143626139985945
-18.030878138820942,31.95261385000578,144.27492666988783,94512.259476,94512.290856,0.9331191185942701
-16.80004628262493,31.613052847003722,142.95600066050056,94512.272809,94512.304505,0.9552833460292036
-15.443117242980987,31.182199977096914,141.60977004797607,94512.286143,94512.315298,0.9867928312165954
-13.80212786537828,30.38103469779808,138.99186723498582,94512.299476,94512.33272,0.8927064883607275
-12.320771650108227,29.87156967931654,138.30129872107779,94512.31281,94512.338022,0.9838930327161596
-10.621292101415035,28.94170257929417,136.0821612731453,94512.326143,94512.350165,0.977418770179169
-8.930781559155042,28.02172305509711,134.25233315566643,94512.339476,94512.364468,0.975751865091882
-7.212201566395496,27.08201183426425,132.4673976672444,94512.352809,94512.37751,0.9429344837476306
-5.433848794144947,26.05602729407622,130.64293482368637,94512.366143,94512.390176,0.9749998871032909
-3.620763101452835,24.942921973255245,128.93933360220396,94512.379476,94512.403951,0.9988745034499537
-1.8250834156701234,23.765466524990984,127.2907562474885,94512.392809,94512.416619,0.8230330637525889
-0.06397859839759883,22.480001401890892,125.58743187989273,94512.406143,94512.430398,0.9666238411818683
1.6676992419801049,21.10778994689343,123.85817035350203,94512.419476,94512.443311,0.8146160332605873
3.4248799747350294,19.65456581746544,121.78722261565744,94512.432809,94512.458493,0.8651845026506099
5.160484441773329,18.34679221006203,120.25235980515185,94512.446143,94512.471599,0.8779631680410805
6.844094807213871,16.936277238057954,118.36806387102904,94512.459476,94512.484267,0.9280464752527343
8.539891385442836,15.385368967717337,116.92535760134841,94512.472809,94512.497073,0.9687760663947395
10.278450353082867,13.572530393385085,115.67576926771142,94512.486143,94512.510788,0.941155603907551
11.947771883098545,11.740204990367209,114.21494612857558,94512.499476,94512.523365,0.9950212580821635
13.531148660821707,10.064461489837091,112.81006709020512,94512.512809,94512.545127,0.9496437356304621
15.03989519591542,8.477392317366563,111.64428033301103,94512.526142,94512.550441,0.9469565919849615
16.488892721432638,6.875580769569587,110.55106982709087,94512.539476,94512.564807,1.0
17.84601488618189,5.206869284459898,109.48743918889306,94512.552809,94512.576875,0.9203054510441797
19.099815625115962,3.5967870582628962,108.69683409403872,94512.566143,94512.59202,0.9632061711017208
20.17657735388583,2.08310545819542,107.7859114960842,94512.579476,94512.609744,0.9997150406671063
21.161064252887485,0.6035280776031289,107.01825846856113,94512.592809,94512.617626,0.9598731120736451
22.01703992465342,-0.7569054373292573,106.15264152896233,94512.606142,94512.630712,0.9102002831175295
22.820473184190824,-1.9344360194619252,105.77195046413003,94512.619476,94512.643138,0.9041185747571093
23.45755444542602,-2.944014656561274,105.27852525291489,94512.632809,94512.656837,0.9735541871409717
23.946710530490904,-3.8422827142309823,104.89595247559168,94512.646142,94512.670265,0.9237208688845081
24.29449177647166,-4.679305509534443,104.55316771809964,94512.659476,94512.684068,0.9852754108073257
24.529025729791538,-5.4356519145010065,104.38525783636906,94512.672809,94512.698947,0.9652919422735176
24.57503167309552,-6.108777076611196,104.04022784057182,94512.686142,94512.709644,0.8647063132519117
24.492579326573047,-6.694896171561578,103.91031410512255,94512.699476,94512.72405,0.9528133036046019
24.239210075079665,-7.2099527996705195,103.75219381158752,94512.712809,94512.738083,0.861928100168397
23.88142232089019,-7.6436427326241105,103.77957627751714,94512.726142,94512.749958,0.8984381112090657
23.359934453375736,-7.958769162332578,103.72659910797123,94512.739475,94512.763465,0.9149446921000527
22.734509480899778,-8.13738634062619,103.764211081554,94512.752809,94512.779016,0.8698859375020372
21.937396003455472,-8.12802072034464,104.01028913182388,94512.766142,94512.790489,0.9926071089645169
20.921727742496437,-7.912521061649355,104.23897442869797,94512.779475,94512.806359,0.9899905431444712
19.706233879094253,-7.56984918489341,104.33208443377572,94512.792809,94512.817056,0.9728053430572151
18.35761876050382,-7.183994280827658,104.43763581657925,94512.806142,94512.831989,0.9327836868723001
16.919051065122847,-6.760627739878909,104.68054525701785,94512.819475,94512.843678,0.950786661200943
15.31693065854526,-6.292333294755901,104.86605624355553,94512.832809,94512.856365,0.9885590717587992
13.543718574421737,-5.846999640809966,105.10517160168075,94512.846142,94512.870772,0.9671830610057142
11.603623389392212,-5.422528669564628,105.14733007045338,94512.859475,94512.883466,0.9097595872546714
9.54138639967425,-5.012631238948527,105.09519860549767,94512.872808,94512.897515,0.9179134332710093
7.431422621006865,-4.563075369643631,104.9528036565717,94512.886142,94512.912695,0.9321958684119924
5.187077440863129,-4.114082350659176,104.97312219879178,94512.899475,94512.924056,0.9240756500359157
2.809089911487008,-3.73908881743379,104.68873575011146,94512.912808,94512.938438,0.9986928034344197
0.33147784235561417,-3.502309974224215,105.13445383116222,94512.926142,94512.951067,0.9222728957899613
-2.232268292297304,-3.4222437553764657,105.63475786815377,94512.939475,94512.963562,0.9549387786130864
-4.668748934093504,-3.385105090728067,105.27411687986599,94512.952808,94512.976701,0.9841300029043141
-7.206967495882231,-3.438455445833109,105.60276080688854,94512.966142,94512.989921,0.8632762613748047
-9.734471322507266,-3.5114773549633584,105.17448841139874,94512.979475,94513.004172,0.9245571838003707
-12.228537203733701,-3.655025301360367,105.133810106276,94512.992808,94513.019542,0.939338476488925
-14.401817230554231,-3.7454561903823405,105.49316574320727,94513.006142,94513.03096,0.9549984133351068
-16.001101816371936,-3.7284249332354635,105.34090967305838,94513.019475,94513.045156,0.974762920395266
-17.125163970270677,-3.6045452649476233,105.30591483930382,94513.032809,94513.058603,0.9552507060396404
-17.885866606580855,-3.454475954949959,105.97759735737273,94513.046142,94513.069913,0.9225384236282052
-18.02238729730069,-3.273062328763418,106.10082246721781,94513.059475,94513.085844,0.9814883642750079
-17.775428982409554,-3.087982731488226,106.60261254630043,94513.072808,94513.099821,0.922424851813961
-17.018239139514186,-2.7977990390585328,106.86739862996643,94513.086142,94513.111754,0.9550217438548556
-15.934927981618335,-2.3732104888813224,107.47528169829565,94513.099475,94513.123265,0.9696642736552623
-14.455222007331678,-1.789061418948457,107.93429609172148,94513.112808,94513.138511,0.9567571343263958
-12.602030049626618,-1.1150812982501364,108.44151836975169,94513.126141,94513.151171,0.9864728922330308
-10.43577903290636,-0.39585799044427156,109.15329605670439,94513.139475,94513.163931,0.8841798535993599
-8.092363257539851,0.3496187301002085,110.35893152533811,94513.152808,94513.177518,0.9946729497252955
-5.515779184833224,1.1076544269338358,110.99103871773984,94513.166142,94513.189985,0.9761326441172777
-2.9560493639751577,1.8682256745337078,112.37704650616212,94513.179475,94513.20375,0.946693768026779
-0.43683266968088647,2.5654378481112343,113.41238456719994,94513.192808,94513.219476,0.9509409219850582
1.945894307116792,3.1788318039774737,114.7147572442103,94513.206141,94513.232386,1.0
4.147019241283365,3.6325891301422564,116.72862370054787,94513.219475,94513.250236,0.8531511025953105
6.081857278712982,3.917173039164379,118.14002480717053,94513.232808,94513.257467,0.9887096458564092
7.698819571104123,4.026231912460739,119.40786504872304,94513.246141,94513.270955,0.9920494659341998
8.949339841001727,4.026443988611253,120.22429570097849,94513.259475,94513.284269,0.9843469926612609
9.92206858594866,3.9141013378818386,121.06875328595846,94513.272808,94513.296304,0.9936400507092361
10.62928870745802,3.6999607800706453,121.47302719779391,94513.286141,94513.311207,0.9786649387864989
11.04880333802429,3.369311448807949,121.72376433839058,94513.299475,94513.323796,0.9587498712675152
11.134504039623977,2.9979739212846717,121.13564232468934,94513.312808,94513.338154,0.940275014281129
10.968050346530518,2.6743788678580467,120.70759111593472,94513.326141,94513.350951,0.9950776100158691
10.479845475086305,2.287950339591417,119.58167149426252,94513.339474,94513.364468,0.9766447697214012
9.714371457344606,1.8645151679740215,118.71355125959855,94513.352808,94513.379133,0.7146824658814209
8.651888317533539,1.4352770711373377,117.34113854642526,94513.366141,94513.390032,0.9154510935076603
7.2740180679224125,1.076789605494768,116.21560751626899,94513.379474,94513.40444,0.856492468090048
5.631404543968321,0.7275059797311137,114.81306872337346,94513.392808,94513.417029,0.8675229109260938
3.7157790945789344,0.31730683670903526,113.68195146675188,94513.406141,94513.432681,0.8695396156435862
1.6453231841752112,-0.1205586804746215,112.83713296314933,94513.419474,94513.445133,0.9002339496834607
-0.5650310959191328,-0.46754208246984363,111.7988765723759,94513.432808,94513.457641,0.9080921127843735
-2.9399570774031005,-0.7910531437885842,111.0830693983329,94513.446141,94513.470508,0.9886170743314509
-5.35936699795301,-1.1382351283391496,110.43718715305498,94513.459474,94513.483359,0.8179495862189027
-7.707621713014726,-1.5230178191279178,110.03889758413446,94513.472808,94513.497773,0.9750216144227353
-9.961646810701643,-1.8960713813618104,110.04201282629779,94513.486141,94513.510391,0.8628301124875688
-12.078901520446928,-2.2128740390364996,110.07234696032154,94513.499474,94513.524055,0.9266234434718195
-13.990909200479615,-2.48218300547333,109.863464592396,94513.512808,94513.537353,0.9315844601759837
-15.709016109497881,-2.761780409495133,109.78110607112664,94513.526141,94513.551262,0.9656331637278971
-17.189544940415058,-3.050122880107614,109.75830062623118,94513.539474,94513.563458,0.9525090094143593
-18.38486772859674,-3.330478186581173,109.75315342845656,94513.552808,94513.576899,0.977492427375821
-19.344768982198325,-3.5825333961758576,109.98380284187448,94513.566141,94513.5899,0.9560526331520602
-20.003525656144394,-3.805573791916311,110.1639196178573,94513.579474,94513.604422,0.9849520910324022
-20.341084969212346,-3.986300622018995,110.14030568798802,94513.592807,94513.616428,0.9722667673623467
-20.371822159213632,-4.145832365963564,110.05142031820917,94513.606141,94513.632291,0.9645945363202302
-20.049186680915852,-4.296600805165526,109.9691862807496,94513.619474,94513.644798,0.9206583987149346
-19.416968998068008,-4.401445140551038,110.0715819484823,94513.632807,94513.659919,0.9690059237086791
-18.360080086531966,-4.432366961651423,109.85403498746362,94513.646141,94513.671155,0.93165572540958
-17.055238759123043,-4.437722549448844,109.96085178547918,94513.659474,94513.683343,0.9638581613739134
-15.408086785688125,-4.3864273462908665,109.81761953075141,94513.672807,94513.697427,0.9165050984852028
-13.476727249775244,-4.290695294836269,109.86733144127695,94513.686141,94513.71125,0.9542711763262919
-11.198784683752413,-4.136820602724818,109.55392608307793,94513.699474,94513.723606,0.9524207970189452
-8.711946862288373,-3.8817972108500567,109.40373155199278,94513.712807,94513.738267,0.8904576070884357
-6.096131854916012,-3.576945238741735,109.84161884481556,94513.726141,94513.751714,0.855520418017888
-3.2654963079733585,-3.218202459224292,109.38526029620485,94513.739474,94513.764273,0.9596652641409795
-0.33512581143711795,-2.8541832600207537,108.97266122358832,94513.752807,94513.77788,0.955809055522392
2.6125210071892617,-2.4932875243433443,108.95433681299625,94513.766141,94513.790022,0.8632500888431103
5.606745241569361,-2.1462598328266447,109.04486625743246,94513.779474,94513.804122,0.9716866897781126
8.581061496054696,-1.8635560946612426,108.9588308647849,94513.792807,94513.816947,0.995755039966395
11.535448325180857,-1.6331489763409983,109.20576781686431,94513.80614,94513.830146,0.969920202436781
14.427149047347555,-1.5194635710555366,109.27144361805934,94513.819474,94513.843337,0.9307783403354848
17.29843647889272,-1.530997726526854,109.29381559883433,94513.832808,94513.862733,0.8434977626255779
20.172841583477908,-1.7031056362814991,109.82850351002376,94513.84614,94513.870617,0.9969469182530345
22.841753818704046,-2.0122673272147376,109.51921896339383,94513.859474,94513.884395,0.8581468546186438
25.414731392602107,-2.47342605105316,109.54658613782014,94513.872807,94513.89687,0.9517755556560568
27.867186354953944,-3.1037062887503555,109.56615876802513,94513.88614,94513.909707,0.9515165184591919
30.183725224930953,-3.874805810555216,109.58911394676316,94513.899474,94513.923246,0.8756741396333748
32.44328246155505,-4.703647032457959,109.90665463959381,94513.912807,94513.937568,0.9826739447904373
34.38336713340257,-5.547980609014733,109.68981566976441,94513.92614,94513.94996,0.8816121863007648
36.238812761305894,-6.407127260338606,109.83071921421606,94513.939473,94513.965643,0.99304640367521
37.80043849409482,-7.242567391070754,109.65852248334211,94513.952807,94513.977501,0.9538722139600406
39.22206420427397,-8.072499710493386,109.63103688538945,94513.966141,94513.991865,0.9756624093123235
40.48776521314638,-8.90830087626958,109.68232977694662,94513.979473,94514.00379,0.8257610410110151
41.48371162913131,-9.690836991194834,109.43613778102619,94513.992807,94514.018571,0.8972134413122951
42.31893292994216,-10.459835869366266,109.21745151189539,94514.00614,94514.030495,0.9906997490012689
43.05921396974933,-11.192834980455972,109.30261313525749,94514.019473,94514.042997,0.8935546073733767
43.502045139937835,-11.815643827780063,109.05917759728962,94514.032807,94514.056421,0.9893916419737679
43.8074951920875,-12.306622090961358,108.86636292338886,94514.04614,94514.076631,0.8978056359593212
43.969294909645555,-12.665842933129847,108.70519716635518,94514.059473,94514.083607,0.8431534629103693
43.9904032204448,-12.879736189797379,108.53499486550506,94514.072807,94514.097148,0.853550066114573
43.90163773520622,-13.009525874663654,108.45548667083625,94514.08614,94514.116823,0.9428152196437006
43.45587470565769,-12.982940765335249,107.9932308964509,94514.099474,94514.129971,0.8703703869035179
42.943268020924066,-12.881822417360663,107.81297254752205,94514.112807,94514.144853,0.887765886477443
42.191731437457776,-12.612410134312567,107.50403179212634,94514.12614,94514.149863,0.9217031481014027
41.218319271884944,-12.168215404855982,107.11850866976246,94514.139473,94514.163392,0.9499423175204276
40.03544741672773,-11.597077452597857,106.7348629841869,94514.152807,94514.17652,0.9809589023766686
38.65590252769164,-10.929666478172498,106.47991636356501,94514.16614,94514.189781,0.90886594911303
37.01622906875672,-10.165251986136814,106.0824672356434,94514.179473,94514.204032,0.9054505639337436
35.16075845220145,-9.339404988387475,105.62013444712805,94514.192806,94514.218907,0.9351544531093565
33.26133583937169,-8.493673060477057,105.59176944971067,94514.20614,94514.232365,0.8931620453164509
31.11744507014818,-7.608175557615157,105.3141498703304,94514.219473,94514.243524,0.9665942699861368
28.91077235239156,-6.707163291297443,105.62598444887234,94514.232807,94514.256547,0.886978559582772
26.170955932558854,-5.702066740639555,104.09845831330523,94514.24614,94514.26981,0.7486560305978008
23.754707223063114,-4.841375956970822,104.68735322059925,94514.259473,94514.283377,0.8468517063120609
21.222461174137536,-4.0050320474569325,104.92330215519316,94514.272806,94514.305128,0.9188147280747007
18.487254307432387,-3.200039363045139,104.8070607405287,94514.28614,94514.310069,0.9024110308998801
15.822041608612759,-2.5518788119572555,105.15494966367308,94514.299473,94514.325404,0.9304072677512719
13.08410781182361,-2.0504155528644468,105.17931608845191,94514.312806,94514.337633,0.9506085115670682
10.371442753066196,-1.7139019834338918,104.93388160390067,94514.32614,94514.353089,0.9314483658098139
7.7152437209758915,-1.5227887497937118,104.9801823923027,94514.339473,94514.364482,0.8836486064764247
5.047996859411494,-1.446429582715368,106.16576901660548,94514.352806,94514.377064,0.9634759752817114
2.355882875751733,-1.441738456586149,106.27934383639418,94514.36614,94514.39042,0.978034064207478
-0.3423221661247551,-1.4869067348459488,106.34022899069393,94514.379473,94514.40453,0.768920263208093
-3.0546310821521927,-1.5550101688312858,106.96670733045265,94514.392806,94514.416821,0.9617410357165852
-5.486484058568478,-1.6257835535560128,107.00025892361309,94514.406139,94514.430092,0.9277028544809117
-7.7325785985230455,-1.78835248890129,107.31183368507618,94514.419473,94514.444749,0.9115198244385677
-9.81414327172374,-2.0830307658093203,107.58061110705025,94514.432806,94514.456592,0.9661537789524834
-11.727291717612387,-2.481181909230209,107.83544073794556,94514.446139,94514.471409,0.862107103709825
-13.394579085304347,-2.9571659214606014,107.77193009533961,94514.459473,94514.484332,0.909506192128168
-14.938297406757119,-3.4336186053631375,107.99601924270873,94514.472806,94514.498105,0.8715574552127398
-16.33594038419678,-3.915680445302608,108.3958799898821,94514.486139,94514.511994,0.980235933397527
-17.459570037617286,-4.389099849716817,108.38561806964525,94514.499473,94514.529861,0.974284084214257
-18.408573980788894,-4.90207804561177,108.6115197473575,94514.512806,94514.537387,0.9984044087979137
-19.135134349317926,-5.422553232895596,108.97894363804998,94514.526139,94514.552179,0.9547309407149435
-19.555756572965926,-5.858094915366355,109.14577898632172,94514.539473,94514.564577,0.9367711721026596
-19.86886948874428,-6.128960807785232,109.66068971678915,94514.552806,94514.576555,0.9996820634059552
-19.955355706455574,-6.220037928802677,109.85157421534338,94514.56614,94514.591945,0.9444004199370094
-19.93229565645164,-6.217904444384045,110.45749406053997,94514.579472,94514.604297,0.9286846838752372
-19.64359163110818,-6.099656368062052,110.711637599254,94514.592806,94514.616987,0.946988608804946
-19.233786135092025,-5.880982961699729,111.18383482946169,94514.606139,94514.629785,0.9468915284562024
-18.63678013773461,-5.549442916179777,111.52354657657635,94514.619473,94514.643353,0.9510176188282113
-17.93754212367086,-5.159706340781553,112.0522916109431,94514.632806,94514.657993,0.8809877032594826
-16.960560019566927,-4.67713780870644,112.19579918763004,94514.646139,94514.671667,0.9325283022500996
-15.782359664716562,-4.155012385593253,112.70233843458008,94514.659472,94514.685091,0.8706369593267808
-14.36919499143708,-3.5871574092794165,113.49053449284936,94514.672806,94514.697273,0.9830296986625042
-12.673504724537809,-2.9436415764884685,113.90039755032764,94514.686139,94514.70993,0.9884942136766754
-10.744152931682095,-2.300575599585988,114.15938697119319,94514.699472,94514.724295,0.9831102465178267
-8.612264552372029,-1.7230348391033103,114.58219762928361,94514.712806,94514.737908,0.9376043077939323
-6.260270035667762,-1.2177289363176913,115.32704746058415,94514.726139,94514.75071,0.8985478108714222
-3.637229473420317,-0.8007166797823663,115.74712071421,94514.739472,94514.764598,0.9994567451791183
-0.8158342317010987,-0.47348362496625196,116.28893826162597,94514.752806,94514.778325,0.9142781680545075
2.1380852193158564,-0.23622184293545168,116.61816007034601,94514.76614,94514.790674,0.9990199902272467
5.158980884158421,-0.0632961003153899,117.10598459182026,94514.779472,94514.804375,0.9774849934336486
8.254971242937447,0.015413701359201362,117.60461515154196,94514.792806,94514.817978,0.9615827318806716
11.42267344695138,0.0016543425016644305,119.00083815266072,94514.806139,94514.838225,0.9437783761589582
14.544099481111116,-0.06318393242468331,119.89549376842689,94514.819472,94514.845219,0.9706156080855958
17.590624239392763,-0.1864991594723329,120.60020613828613,94514.832806,94514.857223,0.9087965909191178
20.550492646835657,-0.3427977360123191,121.4004539341558,94514.846139,94514.872248,0.8695175034737108
23.43891210632044,-0.5766850965277753,122.57301307914665,94514.859472,94514.884804,0.9522356654664537
26.171165422665506,-0.8603674936698464,123.5108468152299,94514.872805,94514.897105,0.999003459946169
28.847109377252117,-1.197277320225884,124.98908659553635,94514.886139,94514.911206,0.925068719606611
31.25114302535127,-1.5403393711788127,126.03806431041734,94514.899472,94514.925635,0.9466023985338441
33.4207601800141,-1.9642230900208129,126.79302047218837,94514.912805,94514.937677,0.8886769209519543
35.367910867989025,-2.4074291565622445,127.5735235553872,94514.926139,94514.94999,0.9959803263642687
37.11053763995154,-2.8280064582214557,128.27046921248544,94514.939472,94514.96402,0.9555324370132867
38.71584364145492,-3.2043741720988717,129.15068946778445,94514.952805,94514.976505,0.9030353862009322
40.10064238843035,-3.5742212604068175,129.86231690157686,94514.966139,94514.990443,0.9186173091509102
41.308053779402705,-3.909659545111206,130.5983556930666,94514.979472,94515.004369,0.9381301026620683
42.219632967911906,-4.165457231022451,131.04170380750324,94514.992805,94515.016873,0.9509996018191363
43.05767110718141,-4.411940413860006,131.78479246295973,94515.006138,94515.030619,0.9344520568847656
43.46877308844404,-4.552936210603043,131.7310566774154,94515.019472,94515.052086,0.9647228420786274
43.78097654426181,-4.666129178298982,131.76706931036486,94515.032806,94515.056632,0.9009690639739596
44.1539707241983,-4.7347135074531055,132.62951623563967,94515.046138,94515.076217,0.921699047088623
44.06633091234877,-4.640600351411964,132.50684871334266,94515.059472,94515.082973,0.8684099533407947
43.75875668202715,-4.422831862084682,132.1148572143866,94515.072798,94515.096745,0.9718115316833799
43.44276217851918,-4.16341045608311,132.20982350754377,94515.086132,94515.109818,0.9504815410431782
42.96532003750301,-3.8470174044691663,132.3117064601298,94515.099465,94515.123064,0.9344587862968293
42.2471543732051,-3.4030172813007917,132.09014019791115,94515.112799,94515.138095,0.954574177713428
41.374901646880495,-2.712382887153018,131.93080201371262,94515.126132,94515.150884,0.8889782761147095
40.3449831042783,-1.8383112820830667,131.76612144025168,94515.139465,94515.164104,0.9859967360183741
39.22522017472586,-0.8278257424984901,131.7969848207116,94515.152798,94515.176524,0.8918720882269625
37.89642347785288,0.24898712115740138,131.74808140841634,94515.166132,94515.190534,0.9857334942425776
36.272276273945934,1.374214520386543,131.2977641597406,94515.179465,94515.204118,0.9774370810373372
34.58507030097261,2.639161830101348,131.47908272275515,94515.192798,94515.217358,0.9000258444082206
32.63250799834414,3.9879943910527462,131.24590192853807,94515.206132,94515.230424,0.9663808504483397
30.568190790145298,5.433335698088092,131.44083358208414,94515.219465,94515.243676,0.9867637787394948
28.28492521044258,6.919882949387675,131.36087960485244,94515.232798,94515.256538,0.9843860684514731
25.835406631285764,8.393210344615575,130.69977851482102,94515.246132,94515.270513,0.9576916419645051
23.420413354583633,9.939321377954652,130.9661227776329,94515.259465,94515.28439,0.9681470136177235
21.00217093646814,11.452875667451352,131.7634179346051,94515.272798,94515.296832,0.8753428337150451
18.441497791031125,12.82635373701579,132.0019960761213,94515.286132,94515.31118,0.958737732684023
15.861864206223808,14.161292452544396,132.42602058995004,94515.299465,94515.329857,0.941794288511114
13.221979054772005,15.415969281328916,132.75211685208663,94515.312798,94515.338473,0.8938157367149847
10.559362740299962,16.651247634036533,133.16566026937159,94515.326131,94515.350038,0.9274344808668031
7.859552014041923,17.756198110222346,133.26918824672993,94515.339465,94515.363332,0.9406280444579495
5.197159760690872,18.906538533314365,134.13608942585705,94515.352798,94515.376693,0.9719931904132462
2.5797699664095695,19.914709345532607,134.40523587920273,94515.366132,94515.389752,0.9820733558710047
0.027950523815600457,20.957749925808937,134.91302846099526,94515.379465,94515.404952,0.913720802733166
-2.4845851964505496,22.005029652259992,135.4155946595619,94515.392798,94515.419344,0.9614254655545694
-4.983553649654772,23.1482683467353,136.48464098375885,94515.406131,94515.431294,0.9279978976733677
-7.420256956076454,24.138340770521012,137.30630668212464,94515.419465,94515.443806,0.9211731168190926
-9.714527597682276,24.932851783936027,137.42535982054903,94515.432798,94515.45699,0.9695710087558869
-11.910932754712023,25.711233009353926,138.0191158288124,94515.446131,94515.471305,0.9995947120374746
-13.96040528125509,26.438872828704852,138.3316634454825,94515.459465,94515.483538,0.744398413589627
-15.972771181964514,27.241042787247313,139.10963446371863,94515.472798,94515.503986,0.9825896979301857
-17.800584093224398,27.963076081163948,139.50200870378484,94515.486131,94515.509907,0.9249781664694825
-19.524678254929206,28.70359741570311,140.2758552515532,94515.499465,94515.523125,0.9933593578400848
-21.04615762682482,29.38110614647158,141.02029774533145,94515.512798,94515.538149,0.9370941428082311
-22.381450261291047,29.98568655846885,141.78624580740401,94515.526131,94515.550338,0.9364531823276273
-23.65292000590705,30.629276713988524,143.11029758360579,94515.539464,94515.565225,0.968990572751284
-24.509195800286463,30.956815914943963,143.24132664684166,94515.552798,94515.577858,0.9676046567734249
-25.21688362373123,31.327965245264807,143.7425734804018,94515.566131,94515.596596,0.9134724524055461
-26.02611806776863,31.947601702294257,145.6100662271081,94515.579464,94515.604596,0.9782363071265378
-26.408987860506798,32.2849166865231,146.42016051926944,94515.592798,94515.617448,0.9135313895896323
-26.548931797648976,32.55073285056219,147.06898009339105,94515.606131,94515.630373,0.9593149878592523
-26.77151116158176,32.949204378858276,148.57957770777566,94515.619464,94515.643672,0.9461877870494364
-26.78762678913028,33.30241187275951,150.04348515004656,94515.632798,94515.656592,0.8580951847486874
-26.32629684907983,33.22522770493498,149.82987590623185,94515.646131,94515.670828,0.9178645358391878
-26.326493594066253,33.689982412340576,152.4609256419329,94515.659464,94515.683974,0.8762892104495558
-25.835567782598307,33.743384172249215,153.5270837006807,94515.672798,94515.704351,0.8620649901002271
-25.323087079508458,33.81888980554872,154.8983560443568,94515.686131,94515.710549,0.9256459471826968
-24.601716482485223,33.72397125054272,155.6488835504001,94515.699464,94515.72436,0.8938679592012929
-23.91572397066616,33.80975078151129,157.3886479499381,94515.712797,94515.737928,0.8661720477191855
-22.833138482211194,33.47521050620623,157.60451685413747,94515.726131,94515.750045,0.8589357511277282
-21.822726811719853,33.30078278547588,158.82091833866008,94515.739464,94515.763863,0.9399729191779032
-20.73866170271919,33.18949361922609,160.38091297592598,94515.752798,94515.778012,0.8360897390114
-19.559031290570005,32.94861220030745,161.5877694488605,94515.766131,94515.789868,0.8856912043169218
-18.211340105220774,32.57205766185843,162.35834464913106,94515.779464,94515.811702,0.8133125339046916
-16.769513563030454,32.1617490997979,163.0191299418294,94515.792797,94515.816826,0.875281056403325
-15.353319070614445,31.846605077995637,164.24965063723204,94515.806131,94515.8318,0.8963045110295457
-13.88679467952913,31.617608621287815,165.76971017035785,94515.819464,94515.844288,0.8781327728751926
-12.305508251862827,31.354557479790536,166.90491583779584,94515.832798,94515.858198,0.873001711859918
-10.599341413171603,31.00844043167627,166.89761159097202,94515.846131,94515.871086,0.7354878491215233
-8.882667424055953,30.821713179116166,167.61256698182186,94515.859464,94515.883198,0.8018444314552029
-7.143590099636642,30.663973167970653,168.7132680173964,94515.872797,94515.897476,0.7479314601621679
-5.356839319115479,30.582859815629106,169.87668693956323,94515.886131,94515.9113,0.6954580882309244
-3.4603834506994398,30.31561639604584,169.98181281114356,94515.899464,94515.923191,0.7566359079818097
-1.5507648583499616,30.113917452030055,169.75128263264384,94515.912797,94515.938031,0.7752453244314851
0.4005177577069046,30.173850066683112,170.9767682135997,94515.92613,94515.9497,0.8348150044967789
2.406391390991232,30.019203610489622,170.7195065719473,94515.939464,94515.965007,0.8293400421962697
4.470767007214222,29.925545255836997,171.21915212327806,94515.952797,94515.977447,0.8212225584961783
6.500109467929859,29.82676854203669,171.2137408149276,94515.966131,94515.991165,0.7841090179583119
8.552230810848,29.595529823000785,170.61318243653537,94515.979464,94516.004697,0.7631973131840089
10.619712395561013,29.373634198589485,170.169045467156,94515.992797,94516.016382,0.6978204143623763
12.7571020998533,29.376900585970677,171.41796773904755,94516.00613,94516.030829,0.8167617943885142
14.822090217282492,29.222998098995028,172.01187650706535,94516.019464,94516.044342,0.7671108393439278
16.755220211196253,28.565554215047165,170.1347464609359,94516.032797,94516.056675,0.8378971841015094
18.634665719208442,27.940505237057803,168.888249313747,94516.046131,94516.07119,0.7917642151042493
20.549668801424907,27.432623468961065,168.90267956466175,94516.059464,94516.083302,0.8567086428133514
22.31077835449556,26.689038695728808,167.99895024704753,94516.072797,94516.100004,0.862897680322257
24.16756355628632,26.119820118202394,168.5644651956941,94516.08613,94516.110996,0.7666499143307824
25.707918455723316,25.09238099870715,166.69693078524463,94516.099464,94516.124425,0.7607372208844965
27.255972521653124,24.14765692708393,165.89188270541266,94516.112797,94516.137648,0.8667973803804141
28.74890307422261,23.299070409307845,165.71650037823662,94516.12613,94516.150203,0.8692301039765661
29.949725327703938,22.161819478599266,164.04069022420057,94516.139463,94516.165071,0.8034861910254318
31.17481559100543,21.15499878403056,163.58312888920022,94516.152797,94516.177726,0.8932491784660697
32.19407482768015,19.923607728649007,162.49291144085672,94516.166131,94516.192777,0.8821140112014795
33.0942672438114,18.586460532778684,161.22712773493163,94516.179463,94516.205518,0.8750054280891381
33.87067860093751,17.25871901688008,160.1427464027692,94516.192797,94516.217124,0.8639183032806206
34.56590808985342,16.041493191903225,159.3610508902609,94516.20613,94516.230932,0.8848072975319636
35.19114035484545,14.856428004092164,159.0852068159061,94516.219463,94516.243907,0.8640525251358436
35.51070757056199,13.616154449906498,157.6458173165061,94516.232797,94516.256393,0.7815350790913723
35.64447893996684,12.38907692351728,156.0949189070956,94516.24613,94516.270494,0.9574042667440421
35.818601360901916,11.265703096884348,155.340726384616,94516.259463,94516.284264,0.820218655806731
35.756949034215374,10.112849795519882,154.05023114574385,94516.272797,94516.298049,0.85403327373081
35.82321639195352,9.101280835181369,153.84795959178282,94516.28613,94516.311256,0.9098154820540361
35.57866818671065,8.083139131854702,152.45125819056958,94516.299463,94516.323157,0.8401620543982411
35.28267821027452,7.211629059815649,151.47866100736098,94516.312797,94516.336363,0.9901422599509268
34.85841217581495,6.3964763457207425,150.27836204554407,94516.32613,94516.357376,0.9950962103122857
34.217047258461925,5.603686566078834,148.4599586101308,94516.339463,94516.372432,0.9704113364956959
33.68906660313842,4.886983374595142,147.6294102796864,94516.352796,94516.376443,0.9370075466491918
32.970643089457994,4.216706711461222,146.1997676217025,94516.36613,94516.389922,0.9122335425875456
32.170726511716296,3.5925238711192224,145.00784984830926,94516.379463,94516.403582,1.0
31.24201708555426,3.0253604705907935,143.70581412667352,94516.392797,94516.4184,0.9191033106534445
30.060416853126288,2.500725540566547,141.87741086094604,94516.40613,94516.43141,0.9912958329006648
28.819864177184016,2.059704808485371,140.41432331960067,94516.419463,94516.449734,0.961919636679214
27.545727961902944,1.630863488009416,139.24735582340048,94516.432797,94516.457155,0.9420094733031597
26.11791637144948,1.245967769662253,137.80309976196096,94516.44613,94516.469934,0.9868926990615743
24.47288261756725,0.9336739276141649,135.65273670669816,94516.459463,94516.483366,0.9237526323059705
22.809265120074805,0.7171695947496084,134.19198417326882,94516.472796,94516.49743,0.8496935958739926
21.025354277982665,0.5213293852909051,132.50623227568312,94516.48613,94516.509933,0.837977983142043
19.19491369105595,0.32658244928543606,130.99726258339055,94516.499463,94516.525703,0.9927036104249228
17.25640894428151,0.17543814558466267,129.19740382047937,94516.512796,94516.536436,0.9964062351097176
15.28848273644067,0.016295633116114618,127.590907893657,94516.52613,94516.55622,0.9875108868982754
13.280445699459847,-0.10343814677076606,125.8516138315623,94516.539463,94516.563798,0.9242468790334483
11.232454771358695,-0.22202711061708189,124.02711173433453,94516.552796,94516.577269,0.8646806661979208
9.210040272668433,-0.31257026840825564,122.44379319081642,94516.56613,94516.589727,0.9562338507905179
7.214198644827541,-0.3767634814860764,120.92706934850429,94516.579463,94516.605144,0.9451704939721487
5.22618334383127,-0.5137893303450489,119.33524900614044,94516.592796,94516.617356,0.9142694520702613
3.2550127226128507,-0.8102213096567431,118.08829521235488,94516.606129,94516.63238,0.8569388700244837
1.2968623488815354,-1.2767735203011699,116.83479227165522,94516.619463,94516.644198,0.8620350036396044
-0.6380104335020671,-1.7582621682196062,115.45784688725709,94516.632797,94516.663754,0.923023212547751
-2.558457868559185,-2.1384844032951884,114.24813224217854,94516.646129,94516.670798,0.9599773030211152
-4.430140179185601,-2.4567439443721906,112.59738992981872,94516.659463,94516.684012,0.9106779353607121
-6.21847225276628,-2.8216671488504135,111.2649456432012,94516.672796,94516.698475,0.9833321241651571
-7.955536656960242,-3.305911685428909,110.01422313962843,94516.686129,94516.716098,0.9704474916252819
-9.616608357397093,-3.7954768998311845,108.75828340947042,94516.699463,94516.724289,0.8874753109864467
-11.225483020934567,-4.325594198061089,107.59454362851564,94516.712796,94516.73652,0.8734399149006659
-12.672122607796721,-4.882933678259035,106.3171840106998,94516.726129,94516.750458,0.9741248194184935
-14.014384076162196,-5.425792798722106,105.2818638003289,94516.739463,94516.76428,0.9951737584103666
-15.253695542172121,-5.9051782682965275,104.36527193793903,94516.752796,94516.783362,0.90132366250649
-16.416511062239913,-6.403093804308342,103.64348436730704,94516.76613,94516.796876,0.9329413782359348
-17.379625479072825,-6.959213802108383,102.67566039582975,94516.779463,94516.803767,0.8909877952484972
-18.20225400011378,-7.578548065750365,101.8296628768279,94516.792796,94516.817007,0.8915565309666217
-18.869054715759933,-8.193269261837479,101.03517708590836,94516.806129,94516.830241,0.9995602950204995
-19.39781636575635,-8.753075648718177,100.32138360849676,94516.819463,94516.844692,0.9947031718694577
-19.79214579092108,-9.26734157782497,99.65354435720785,94516.832796,94516.858012,0.9968524139365121
-20.10707831861892,-9.754375084555349,99.29580828243962,94516.846129,94516.870012,0.9277332959871991
-20.282370535600958,-10.248839065564699,99.10328905146187,94516.859462,94516.883092,0.9515013921880743
-20.226140657401775,-10.677451127320216,98.70975025712734,94516.872796,94516.899701,0.9620502550402543
-20.073776166405956,-11.047547896885513,98.61308962875889,94516.886129,94516.91069,0.9248792981776222
-19.816393186849577,-11.31374984300102,98.66271682514493,94516.899463,94516.925854,0.9760650388440595
-19.399021786091836,-11.477540848539507,98.5988370277444,94516.912796,94516.938267,0.9962129443067957
-18.88649095250281,-11.579558609431537,98.6786888892133,94516.926129,94516.95062,0.9890200525003214
-18.277009478128097,-11.66057881935937,99.01461225309868,94516.939462,94516.963615,0.9726664542346745
-17.45065980718817,-11.621247263853165,99.22393818408548,94516.952796,94516.977361,0.9794253941646625
-16.514003116768617,-11.458745109810168,99.62752306607642,94516.966129,94516.990417,0.9586025233610719
-15.480032563262148,-11.188464977688511,100.2655833276061,94516.979462,94517.005205,0.9267998016013772
-14.309684918725367,-10.81663140236353,100.8148930714844,94516.992795,94517.018155,0.9805831319047563
-13.0480202080011,-10.439359179333126,101.66345507617235,94517.006129,94517.038351,0.9823036704513861
-11.620091338914749,-10.01108146189252,102.38224941971686,94517.019462,94517.045988,0.9746806529623138
-10.09433347215395,-9.542947187566487,103.25110180129226,94517.032796,94517.059546,0.8649826446211054
-8.480880226341874,-9.03543773835727,104.05615121091314,94517.046129,94517.071141,0.9838886600220602
-6.832403585634903,-8.509330151315961,105.16633129131856,94517.059462,94517.083583,0.9687430496991746
-5.097472748182398,-7.948186485387293,105.88544857329501,94517.072795,94517.097202,0.9985827109484146
-3.328623225678551,-7.452095638257375,107.02982884514742,94517.086129,94517.116515,0.9797019372181454
-1.4705386981728263,-6.970693188941764,107.92705905276708,94517.099462,94517.123564,0.994420724846346
0.4028538417757288,-6.562163713551043,109.15763249365132,94517.112795,94517.137876,0.9210553823952929
2.290125048415696,-6.168902805226758,110.02438391492302,94517.126129,94517.152032,0.9202088343259369
4.138564225906222,-5.848855034723065,111.02668368315196,94517.139462,94517.163617,0.9496341969128951
5.9467171766260645,-5.594550364587587,112.34591855403315,94517.152795,94517.178804,0.975021375096796
7.745529446533814,-5.406930214100319,113.70152527122404,94517.166129,94517.191547,0.9698171252630557
9.487620937203326,-5.287024492710935,114.93706257164105,94517.179462,94517.204093,0.9975058667174121
11.134622801715881,-5.20868729656324,115.75661043757559,94517.192795,94517.216815,0.9944810286808201
12.696167981981429,-5.228412327653823,117.02443759318501,94517.206128,94517.231177,0.9991997752583223
14.153610307300653,-5.307185396618713,118.38220764037264,94517.219462,94517.244021,0.9870846155449696
15.46549506432382,-5.451703549586378,119.39471078190464,94517.232795,94517.257183,0.9852333778992567
16.66011707800841,-5.673204857417381,120.68807756652292,94517.246129,94517.270836,0.9491904568232853
17.700274602490182,-5.9978026476820165,121.46529365783526,94517.259462,94517.283385,0.9964091784428865
18.609750214871116,-6.386279669863303,122.30293584405044,94517.272795,94517.298678,0.8224693215820298
19.333434868452084,-6.741492437955077,122.91286666981077,94517.286128,94517.311226,0.9865159147063396
19.950460672603807,-7.000014134241579,123.64084417846378,94517.299462,94517.32494,0.9757321113857458
20.446059352553945,-7.210659890404899,124.18184660091364,94517.312795,94517.336711,0.997760092309802
20.83466445556859,-7.405991614193039,124.85109449861424,94517.326128,94517.350395,0.9518424273232537
21.05272796511937,-7.543184757828041,125.1917051732911,94517.339462,94517.365606,0.9820994081968738
21.051295318912544,-7.615416645721818,125.096229314865,94517.352795,94517.376769,0.9360800543917208
20.944180774436205,-7.619017514547522,125.29355832881618,94517.366129,94517.391247,0.9605928637921647
20.625110948586862,-7.455370539469391,125.00833629492585,94517.379462,94517.405006,0.9708634100528143
20.187680391458713,-7.20389660778185,124.88681550002433,94517.392795,94517.417547,0.9361925662770465
19.54425075060855,-6.895689922869929,124.71763640420464,94517.406128,94517.430606,0.9560806100320516
18.560837294289744,-6.521515021411278,123.85236049410781,94517.419461,94517.443551,0.8828664050888994
17.451330500873045,-6.172763152104995,123.17312280776078,94517.432795,94517.463461,0.9509531404240136
16.141114851249423,-5.762934576160952,122.36380235603767,94517.446128,94517.47061,0.990594733311188
14.676399003404066,-5.307050274326286,121.39329959249847,94517.459461,94517.484263,0.9453625559293652
13.097113228532166,-4.808381396782223,120.59992194836505,94517.472795,94517.497778,0.9215078213621759
11.362629688114328,-4.300204055995413,119.43347457275544,94517.486128,94517.510041,0.8996760689406543
9.631524738753189,-3.943123918431926,118.94395538866225,94517.499462,94517.524958,0.9726257639516898
7.856877390090266,-3.721418285324766,117.99767503652718,94517.512795,94517.537705,0.8747087962087284
6.322274783986559,-3.469936644830134,117.31748720514659,94517.526128,94517.551585,0.9400368435971954
4.802140214075012,-3.167588910101774,116.61129613116191,94517.539461,94517.563706,0.8639868167262785
3.421717262891467,-2.8600025130126725,116.40548649224031,94517.552795,94517.577542,0.9946753413308052
2.1724593194228627,-2.5605583841839263,116.08347910633464,94517.566128,94517.590219,0.9865744376272404
1.1160775765810562,-2.2335382254556255,115.6790173421032,94517.579461,94517.604146,0.8711835240233664
0.248155126731445,-1.8362185162640714,115.70331215359803,94517.592795,94517.617161,0.9589859861766897
-0.3759811274975912,-1.4358565079730732,115.86936101570255,94517.606128,94517.631154,0.9346049616826562
-0.7394615624097917,-1.0636138368618229,115.78822921340992,94517.619461,94517.64326,0.9969443654290004
-0.8732846168160594,-0.7426023505212185,116.173016441388,94517.632795,94517.656569,0.9993720690175437
-0.7425815866495858,-0.41962246429912037,116.3589443812103,94517.646128,94517.67049,0.9592495242418123
-0.35477679691041564,-0.132272678057262,116.56181968369255,94517.659461,94517.683629,0.9864393603550872
0.3169160271086317,0.14440746531892268,117.1603210280078,94517.672794,94517.697756,0.9976432753156923
1.2607773483129907,0.4023749081141673,117.5373981882641,94517.686128,94517.710595,0.9545672779525084
2.4302728760647345,0.6239371402733851,118.25217031926755,94517.699461,94517.72483,0.985394086645506
3.784040426928368,0.8178245066104329,119.0068872027574,94517.712794,94517.74415,0.9788260479147166
5.276806520836581,0.9486150736678095,119.59277684652888,94517.726128,94517.749703,0.9789896998959854
6.845361071421132,0.9531670163835235,120.58961899833149,94517.739461,94517.763398,0.9551665755689166
8.472907391702137,0.7999862997593845,121.42477275915316,94517.752794,94517.77688,0.9491410927343118
10.131336419483501,0.45939909375517196,122.45281680378199,94517.766128,94517.789816,0.9665526670738903
11.732044578773491,-0.08441039552716033,122.94044663392293,94517.779461,94517.807307,0.9896886284565343
13.30817468762351,-0.812634870896226,123.91716519664473,94517.792794,94517.818006,0.9952021210960525
14.795582641988952,-1.722508749214344,124.74149318442655,94517.806128,94517.83231,0.946247412846236
16.172793071564172,-2.778318351022444,125.48951553898806,94517.819461,94517.843481,0.9735578447361152
17.36009709701687,-3.9034087700207256,125.55314659448364,94517.832795,94517.856417,0.9094623564160297
18.4106012013997,-5.121076720995843,126.38565695319069,94517.846127,94517.870916,0.9871896674675473
19.17310564795413,-6.352951554031357,126.72892299911989,94517.859461,94517.883493,0.8946248865837914
19.671056894949164,-7.581125775928634,126.47329196996473,94517.872794,94517.897196,0.9415738000918953
19.933194096146615,-8.69604670339527,126.35156054380849,94517.886128,94517.910415,0.9978878902461014
19.921866670374268,-9.68276685250697,125.69760375689252,94517.899461,94517.923497,0.936241581701817
19.725622888034785,-10.485685293333379,125.30834180040824,94517.912794,94517.937804,0.9675694783549286
19.281785788725596,-11.146639235878062,124.49427070846744,94517.926127,94517.949793,0.9458117868008754
18.693499377059112,-11.658021272721241,124.08701226706717,94517.939461,94517.963356,0.9887096458564092
17.78374915660271,-11.906667568204583,122.92431111798903,94517.952794,94517.977038,0.9478440837041544
16.693255049488034,-11.930563360043065,122.20138869054367,94517.966128,94517.989903,0.990636207492349
15.293137241036483,-11.720856323270244,120.73518159690126,94517.979461,94518.00541,0.9757191297105948
13.745067938461158,-11.512807235681391,119.68600372676916,94517.992794,94518.017057,0.929310211894127
11.964522693202255,-11.239237399453263,117.9190687930475,94518.006127,94518.030721,0.9025127422801895
10.053477360418425,-10.970944417568292,116.29458186728876,94518.019461,94518.043456,0.9197137897902687
7.993006206914986,-10.631756107137717,114.7031345544037,94518.032794,94518.056639,0.9227816857704426
5.855598086643428,-10.298353773443422,113.56490727403153,94518.046127,94518.069966,0.9770715504883141
3.6143460533136618,-9.901180257413735,111.81610675241052,94518.05946,94518.085938,0.9450855950673923
1.3267833578439905,-9.514219478685547,110.14448520362642,94518.072794,94518.099121,0.9769242597808488
-1.0189390304489825,-9.191694198194591,109.2748052884581,94518.086127,94518.110198,0.9309967951710572
-3.4167845523462774,-8.785958677461828,106.91275815856969,94518.099461,94518.125688,0.8145105652549386
-11.015920264781126,-8.018531349624247,103.08931082003473,94518.13946,94518.165004,0.7494225156725413
-13.54408896164796,-7.88729462007928,102.46514810202895,94518.152794,94518.17716,0.7871562982121982
-22.208171772496655,-8.002515789122278,96.50576471450916,94518.206127,94518.232179,0.8204895381892083
-25.991481748574873,-8.421382033811721,94.67835774426635,94518.232794,94518.256735,0.8248237243252348
-27.67846337045003,-8.65888357707423,93.8607477823702,94518.246127,94518.271301,0.8136676855341123
-29.110493816327953,-8.964865727535335,92.96808138752193,94518.25946,94518.284276,0.845655173220362
-30.56165606331542,-9.399062716543709,92.79210924554228,94518.272793,94518.297068,0.9746137347395862
-31.629304696442784,-9.797366454848486,92.1841608756717,94518.286127,94518.310235,0.9303880886507395
-32.5872674998399,-10.205410017492373,91.76964294979983,94518.29946,94518.323897,0.8684337831187133
-33.257580485835845,-10.58581490497845,91.07277267133931,94518.312794,94518.337719,0.968563895411517
-33.85927533740434,-11.007773028506605,90.68427015151805,94518.326127,94518.349953,0.8979327087608454
-34.23302162131218,-11.42401117622357,90.18242680859638,94518.33946,94518.363184,0.9038955170783272
-34.37552348578706,-11.82080166109016,89.57490413605612,94518.352793,94518.376471,0.8910975214986152
-34.29555746119425,-12.184540084374381,88.84335539038797,94518.366127,94518.391153,0.9077030387390839
-34.21109033941724,-12.561767486862252,88.58240399044057,94518.37946,94518.405227,0.9406603071545875
-33.81159629758809,-12.8418427027499,88.09982587672496,94518.392793,94518.41742,0.9275767181511214
-33.24180302420849,-13.063711628142146,87.73588834139181,94518.406127,94518.431859,0.9633831721678492
-32.439400950303295,-13.192209281687266,87.36449352514676,94518.41946,94518.443902,0.9391847185748544
-31.45890337644631,-13.253710566469252,87.07723447185204,94518.432793,94518.456457,0.9251462456071603
-30.264055291799927,-13.231414900472467,86.78234339299772,94518.446127,94518.47126,0.9500955766209436
-28.913028765242114,-13.132811244459814,86.49561298404421,94518.45946,94518.483467,0.9459408800906477
-27.385149352633416,-12.93491500538416,86.08814098436686,94518.472793,94518.49772,0.9629417696925751
-25.738731017679456,-12.684770363535844,85.75916604737202,94518.486126,94518.511318,0.9243383306952063
-23.953909748055626,-12.338306811395936,85.47285269624265,94518.49946,94518.523534,0.9972999157398369
-22.085330573776208,-11.933042083091825,85.3862494080509,94518.512793,94518.539253,0.9444143688707602
-20.10484727176255,-11.48428962807047,85.24931783604036,94518.526126,94518.550508,0.8806001834176829
-18.076564017189604,-11.009355297648503,85.26535434059389,94518.53946,94518.565402,0.7222567476740409
-15.931916077211131,-10.561234865763199,85.18006574874406,94518.552793,94518.576846,0.8181754324376456
-13.671312162817124,-10.096246413429688,85.15486417522283,94518.566127,94518.589819,0.9123246227228516
-11.377764078354078,-9.622366113665844,85.30727372498107,94518.57946,94518.604009,0.9771529856993688
-9.03818504680818,-9.106497694690406,85.49257107976275,94518.592793,94518.617552,0.9311056745479611
-6.751408961197974,-8.636382407557905,85.71884778234343,94518.606126,94518.630641,0.9065704189767887
-4.406823693061092,-8.181605029275643,85.79519406939036,94518.61946,94518.650801,0.8950302593812306
-2.0880521767466367,-7.750132914381318,85.76880181823597,94518.632794,94518.663394,0.9759293816444975
0.22284532624815923,-7.353001777680689,85.86530683144602,94518.646126,94518.670808,0.9432704824751721
2.5363587445426776,-7.021897354535646,86.13545639250513,94518.65946,94518.683957,0.9275772950951753
4.847587118670582,-6.741901231547986,86.31978028583974,94518.672793,94518.696957,0.924909653168204
7.150764547007811,-6.532139474441858,86.39542490472955,94518.686126,94518.709848,0.8697233394607269
9.45011138668691,-6.403482279858835,86.47526550389223,94518.69946,94518.724487,0.9438083403288076
11.723442884754615,-6.397922329920107,86.6972225287894,94518.712793,94518.737937,0.9111268195076807
14.016258797305172,-6.489816354587453,87.01311752343628,94518.726126,94518.750958,0.9770275865390544
16.299909082443587,-6.692657841466935,87.35893376081306,94518.739459,94518.764041,0.9729131990812165
18.500599434785027,-7.0059013766628375,87.47406219399754,94518.752793,94518.777658,0.9737449293475796
20.642766868496224,-7.458969753048384,87.57318293540362,94518.766127,94518.789966,0.9983466999637366
22.804073256686248,-8.050769963762786,87.96972419190706,94518.779459,94518.804771,0.9485427828302102
24.830360328452702,-8.650753457884278,87.92040456988714,94518.792793,94518.816849,0.9412481124473867
26.77591684829543,-9.308448016380591,87.93098940467515,94518.806126,94518.832338,0.9819355581404651
28.61753490435827,-10.051190753740372,87.9900127425061,94518.819459,94518.84474,0.9190320424466376
30.28744112095153,-10.795439225715185,87.96447512808048,94518.832793,94518.858297,0.8977532127126826
31.839737990160245,-11.540059083158784,88.01264330565624,94518.846126,94518.871216,0.9308243295033982
33.21454598211459,-12.231257838800127,87.89280465681463,94518.859459,94518.884785,0.8839946759460949
34.52912004837929,-12.913023040789193,88.03836725728638,94518.872793,94518.897858,0.9011301300870449
35.69375565423815,-13.560013026879973,88.14789041724245,94518.886126,94518.910036,0.8839354965867465
36.668779206243876,-14.124767920703064,88.20555123392164,94518.89946,94518.923807,0.8343949619941401
37.438715121378735,-14.580514775912969,88.18116762340415,94518.912792,94518.939857,0.8189681380962167
38.0464457122197,-14.906473300247466,88.19837972523818,94518.926126,94518.950269,0.8110849896324923
38.48113303675659,-15.046812559955068,88.23282475511498,94518.939459,94518.965487,0.8445733128419914
38.657440672724704,-14.974504974149895,88.10432047280473,94518.952793,94518.977932,0.8095126413536389
38.7787675213709,-14.745903481372363,88.29256265113352,94518.966126,94518.991781,0.8553601345201346
38.66243249336383,-14.271165075361662,88.33381290227197,94518.979459,94519.005382,0.854239665946262
38.43261489320705,-13.5864766531454,88.49634404033101,94518.992792,94519.018605,0.8477566830066278
37.99109303092876,-12.673357888652653,88.58339158029452,94519.006126,94519.032021,0.9014077476538709
37.453226629306464,-11.582637518932305,88.82827627001654,94519.019459,94519.044134,0.8577422377887659
36.673174629850955,-10.320064080290239,88.87432973248025,94519.032793,94519.056999,0.8390895643776782
35.895827349495136,-9.001028325172609,89.2991031118829,94519.046126,94519.071306,0.8594501845237834
34.83481760527,-7.593435045345375,89.39402849447373,94519.059459,94519.084211,0.9087349022332467
33.729952906958836,-6.201806411153943,89.7988230325171,94519.072792,94519.098762,0.8943259853191698
32.484001024453285,-4.809941162987899,90.26452242275853,94519.086126,94519.110657,0.8515005405508254
31.034912176405772,-3.3924425367210707,90.62349778228146,94519.099459,94519.125844,0.9427556026419796
29.496753791537927,-1.9954295434700768,91.17117761203576,94519.112792,94519.137565,0.8913604882307593
27.85992838493242,-0.6392884380245617,91.81150734729701,94519.126125,94519.152322,0.8212000664618937
26.048888050583145,0.6672917300185841,92.1916636622211,94519.139459,94519.166837,0.8934528696759971
24.219640471057897,1.9156583385142474,92.84955864823905,94519.152792,94519.178105,0.8699041126957271
22.2867771205518,3.1029762990773513,93.45498707813363,94519.166126,94519.189805,0.9455188596574399
20.316889069097464,4.205400054237873,93.96137074123864,94519.179459,94519.204258,0.985041226837585
18.349175575805717,5.231516252541022,94.67391356348763,94519.192792,94519.217849,0.964158893964573
16.325642313623845,6.213063839875364,95.23366556489948,94519.206125,94519.230384,0.933587785141947
14.34259425884009,7.137574238352926,96.02313457149819,94519.219459,94519.251585,0.9871482402789479
12.312662395097238,7.982438042448616,96.31462376465899,94519.232792,94519.256975,0.9743860105757848
10.341405560352603,8.798325226176281,96.75378032910648,94519.246125,94519.271493,0.9857643341867731
8.409588173497047,9.54835505241813,97.15635689912622,94519.259459,94519.28476,0.9964320044092564
6.5102204239051416,10.239870024652841,97.52535180538138,94519.272792,94519.299279,0.941692971320818
4.675053591022128,10.870355827257098,97.78899592501624,94519.286125,94519.311222,0.9384361393005387
2.9254339375863294,11.4460036323776,97.93335970353087,94519.299459,94519.323286,0.9709400539831212
1.2500738256244956,11.967114265896596,98.19781461629749,94519.312792,94519.337629,0.9742502411480706
-0.3374442747091692,12.389971058101384,98.36808794189167,94519.326125,94519.350854,0.918059869490644
-1.858317628440596,12.733487801523944,98.52349748693098,94519.339458,94519.364075,0.9412294642795714
-3.274155199649325,13.0203434968342,98.68497501985352,94519.352792,94519.377548,0.9057149244310615
-4.596412620772089,13.247314239347203,98.78670091909396,94519.366125,94519.390607,0.9098366481281033
-5.849883182946279,13.463027858282066,98.96681810276705,94519.379458,94519.405613,0.9528568779165278
-7.029583265929727,13.637616280876854,99.01623053019466,94519.392792,94519.417899,0.973263932110131
-8.180147595623458,13.849632978231321,99.48960460825636,94519.406125,94519.432086,0.9800555235053144
-9.214645943569783,13.991859798036748,99.56195486926703,94519.419458,94519.444593,0.9202819868564996
-10.215919865734167,14.229011823981931,99.81048278332682,94519.432792,94519.456563,0.9327430676276299
-11.13830301822516,14.504805274105257,100.0558779534285,94519.446125,94519.470353,0.9867923264421414
-11.989667697611972,14.77292073892842,100.15728370477412,94519.459458,94519.485489,0.8912079246299555
-12.834332182442834,15.117850237984385,100.50258589534353,94519.472792,94519.497089,0.9470736538567204
-13.562230209375501,15.392792267414691,100.5278402711804,94519.486125,94519.509729,0.9965696471349716
-14.317575710429603,15.735162741731587,101.10061993648316,94519.499458,94519.52315,0.948414938786243
-14.890958739740135,15.955939729008396,101.03062064422792,94519.512792,94519.537237,0.9234891809431138
-15.462888979548408,16.216489673222945,101.28360738650892,94519.526125,94519.551556,0.9150700012832615
-15.983680639094379,16.453067980437353,101.63602586072061,94519.539458,94519.564633,0.896916586351098
-16.41067762106001,16.655404427037578,101.82654695582563,94519.552792,94519.576691,0.954558588228486
-16.775784802953044,16.85840420258633,102.1420813592356,94519.566125,94519.589689,0.8949015584425913
-17.02963370960259,17.018605973653727,102.29238421174529,94519.579458,94519.604124,0.9425489658002011
-17.230873350922604,17.164875818510634,102.53142390427092,94519.592791,94519.616812,0.8950569663202257
-17.40637355959957,17.327385774687393,102.90118193685137,94519.606125,94519.630782,0.9669054626180223
-17.525365228176884,17.441530409444102,103.19799175809482,94519.619458,94519.648367,0.9053647732905211
-17.61583781767598,17.58550903981461,103.59299171452105,94519.632792,94519.656698,0.9558032722279557
-17.66416418779275,17.688095281440592,103.88627023662686,94519.646125,94519.671379,0.9006102180694513
-17.691030184809097,17.798284108207273,104.23697367776067,94519.659458,94519.686321,0.9677424535220466
-17.607665146622193,17.805051876006598,104.20434227062856,94519.672791,94519.700786,0.9646401281747459
-17.57563224177757,17.857499023719154,104.51567270624258,94519.686125,94519.711241,0.9857748049346354
-17.48678685852884,17.85469140767812,104.67650381370464,94519.699458,94519.723516,0.9981725485909169
-17.361452657698543,17.807484050979728,104.76475157919428,94519.712791,94519.737728,0.8963548355262784
-17.19563977905615,17.722730507029237,104.71858653984692,94519.726125,94519.750735,0.9710463681687883
-17.09267424865508,17.66217681502505,104.9629628173732,94519.739458,94519.763616,0.9998616181874397
-16.917403842586456,17.49836390753813,104.91774614136015,94519.752791,94519.778006,0.9945885126630641
-16.722904726872805,17.305867052762494,104.90572792132448,94519.766125,94519.790188,0.9228286710901149
-16.519331011138554,17.036497704947582,104.85079595286257,94519.779458,94519.804765,0.9772163575849667
-16.310189672686338,16.64911824226517,104.78356116149955,94519.792791,94519.817909,0.9305718753203297
-16.126119636467465,16.12971693058076,104.7823328417613,94519.806124,94519.834894,0.9764032106219254
-15.942838742786796,15.456954327377622,104.63866051543582,94519.819458,94519.844948,0.9298518547269818
-15.799642227541684,14.61593522367721,104.61575567604964,94519.832792,94519.857178,0.9933072131349236
-15.635071274561188,13.588832151483075,104.36500770286642,94519.846124,94519.870029,0.9322519612222173
-15.492989572662331,12.40471779803625,104.11004646731175,94519.859458,94519.884253,0.9291144010836256
-15.403163154024057,11.086455854099983,103.88930722839889,94519.872791,94519.899654,0.9940021561382336
-15.323851099308305,9.63436546351021,103.6648239508686,94519.886124,94519.912089,0.9101363662865263
-15.210792376110538,8.083077752464131,103.39939731848733,94519.899458,94519.92319,0.8712849998447632
-14.98746105972167,6.405923322733355,102.80296520410823,94519.912791,94519.936905,0.9924890537993192
-14.7986780952966,4.738126516725325,102.75226831327774,94519.926124,94519.950339,0.9950550863493436
-14.464534191248836,2.991272749130376,102.21038848623286,94519.939458,94519.963568,0.9660622616702307
-14.09265627891706,1.1953060596714116,101.84959513474223,94519.952791,94519.976361,0.9478843439389828
-13.623928299338859,-0.6256869468356243,101.45671490338013,94519.966125,94519.9916,0.9838115116894584
-13.047102151000443,-2.447161538411854,101.31786771927403,94519.979457,94520.003245,0.9315055036846935
-12.381990491124899,-4.17408943686825,101.27978087828701,94519.992791,94520.01806,0.983136503555359
-11.519814462404028,-5.864049629734151,100.79077760051429,94520.006124,94520.03043,0.9811625507384194
-10.613078211313026,-7.5644649594067985,100.67416476058786,94520.019458,94520.04356,0.9589158737343835
-9.52832661514285,-9.258665603566191,100.18456340285627,94520.032791,94520.056513,0.9942380428936148
-8.40249690697341,-10.967851062433313,100.55521500064384,94520.046124,94520.070633,0.888728366607932
-7.021319290093056,-12.494960911747437,100.03377491206712,94520.059457,94520.083199,0.9842310345673828
-5.624746539581365,-13.942306189901373,99.97077662607545,94520.072791,94520.09868,0.9685490836020827
-4.111685832968011,-15.31718801985145,99.67364592061749,94520.086124,94520.110384,0.9797657919194257
-2.496600008825505,-16.636595496357717,99.47913249097,94520.099458,94520.125649,0.9303718489092078
-0.7435389875614198,-17.79290685056684,99.1797575080188,94520.112791,94520.137502,0.8139047762540136
1.0957058874736616,-18.799743791914594,99.1746015168164,94520.126124,94520.152741,0.9721849149206998
3.045832478262069,-19.583928420010878,98.96139668850677,94520.139457,94520.170385,0.9548931148739758
5.091860999429298,-20.2228558845395,98.6719294015916,94520.152791,94520.176981,0.9561521881857258
7.25028946351061,-20.831553789916093,98.66758291216816,94520.166124,94520.189639,0.950959333034633
9.510906739885343,-21.42210832668001,98.99315199530864,94520.179457,94520.203501,0.9759090534062864
11.779803633098604,-21.737572196350442,98.50324193417643,94520.192791,94520.218575,0.9966822570388493
14.004475591405296,-22.071961904442485,98.59015514159654,94520.206124,94520.231515,0.9615155479159584
16.124210793325947,-22.27079621964731,98.6967873458153,94520.219457,94520.246518,0.9205985591136625
18.12914186751335,-22.283890718803562,98.69932937628103,94520.232791,94520.257534,0.9156169945637477
20.02463559627636,-22.086297489123318,98.4951236699233,94520.246124,94520.276966,0.9505323771460656
21.85852445928205,-21.835782378416905,98.50945304660033,94520.259457,94520.283397,0.920623733522688
23.579877740598455,-21.510663211448822,98.52489418547668,94520.27279,94520.297455,0.9724234411208604
25.138998192838166,-21.07937484075809,98.45381430201103,94520.286124,94520.309909,0.900819059288076
26.597747002536867,-20.528929525915995,98.53546380888089,94520.299457,94520.323219,0.9296113254015761
27.95557109550919,-19.833606351310586,98.65161272775619,94520.31279,94520.336472,0.8781865274406444
29.245919687430856,-19.009879779136632,98.84062300480826,94520.326124,94520.349795,0.9388670944728135
30.412098399515045,-18.025837959908753,98.82269868231538,94520.339457,94520.363808,0.9581802559298231
31.555038072713067,-17.00317310360359,99.13642713110274,94520.35279,94520.377057,0.8872936210053745
32.607444202003876,-15.87616835781282,99.41385210383386,94520.366124,94520.390345,0.9165359784512147
33.52240939311594,-14.649094884526733,99.62169403581873,94520.379457,94520.403785,0.9720524061356254
34.33877469256622,-13.348144509268895,99.89913450348186,94520.39279,94520.41836,0.8875823909044718
35.024161044205876,-12.01439974404853,100.14841464829676,94520.406123,94520.430305,0.8679519994776403
35.64939831060757,-10.649532398804132,100.62312723320476,94520.419457,94520.44366,0.8604486120258991
36.11470741932611,-9.2523348376527,100.97323350939699,94520.43279,94520.456435,0.9578884556959444
36.45568736214505,-7.842802356497894,101.29350962755922,94520.446124,94520.478562,0.877891644495375
36.65851008076754,-6.384086678118971,101.60216346980863,94520.459457,94520.483737,0.8478885771202294
36.69055062214269,-4.884817936431049,101.77302027889816,94520.47279,94520.498879,0.9458400673494356
36.75211216657135,-3.422678090847648,102.37039680531991,94520.486124,94520.510433,0.9097950260532242
36.58141229300477,-1.9693655100527578,102.62002171562045,94520.499457,94520.525539,0.8776291243948953
36.27159793184024,-0.5846003070220332,102.73606860434569,94520.51279,94520.536367,0.9692781707452981
35.95229546587158,0.7293367507695404,103.06876995717198,94520.526123,94520.551464,0.9304296091262325
35.61696824916126,1.9797688894192211,103.59403045215176,94520.539457,94520.564262,0.988359153754169
35.085471804149186,3.1365861520177334,103.73234485531691,94520.55279,94520.576267,0.8935748280181963
34.55482869653073,4.174414375440659,104.08721063748506,94520.566124,94520.590045,0.9257736381626629
33.81134153461616,5.083163609148798,104.0524124100801,94520.579457,94520.603791,0.9350085824437587
33.094610163287996,5.951195416461708,104.40863711525681,94520.59279,94520.616885,0.9130564731397592
32.27730224691607,6.773649487855832,104.72268144648271,94520.606123,94520.633472,0.9264723217300442
31.363211804940075,7.54579719191283,104.99761878625485,94520.619456,94520.649994,0.9722439203250887
30.348115938114553,8.203898089163454,105.16783066158355,94520.63279,94520.658377,0.9525722641270854
29.226084042942073,8.772946426447753,105.34430259623974,94520.646123,94520.670741,0.9824343041791229
27.998795725763987,9.265754744302972,105.53779609759142,94520.659456,94520.683192,0.8872950393317458
26.664537892479775,9.709850963887092,105.6330248569754,94520.67279,94520.69739,0.9704292420713737
25.253905578310345,10.090394649476806,105.6751743858234,94520.686123,94520.709598,0.8338672286307953
23.87823385582725,10.483836459835471,106.17649132595669,94520.699457,94520.725786,0.9979790759408019
22.380367074366994,10.859036843334989,106.428333558734,94520.71279,94520.737989,0.982670219574989
20.776458630053067,11.185039724679315,106.48729738573967,94520.726123,94520.750697,0.9685143223970714
19.15182016147317,11.511928233546358,106.66314761084217,94520.739456,94520.764574,0.8734621741944567
17.496887863241486,11.812521860056227,106.75145733277128,94520.75279,94520.776956,0.9412554158890158
15.863028149407265,12.166399136399672,107.08267089515459,94520.766124,94520.791827,0.9555185280122709
14.174357660245878,12.511630263330405,107.17435226839194,94520.779456,94520.806013,1.0
12.457043891339719,12.827943349779341,107.1591897673664,94520.79279,94520.81719,0.946994433964191
10.773232243471188,13.082832676663035,107.23358641938974,94520.806123,94520.832486,0.9703732915144996
9.165484161514058,13.261150693290764,107.26094177464775,94520.819456,94520.843741,0.9869245267254839
7.6756915040362355,13.463747320067636,107.42233006040682,94520.83279,94520.857919,0.967103560573658
6.273534955494635,13.68853596698201,107.45896647507372,94520.846123,94520.871057,0.9577459728680088
4.958675291941237,13.928060647990915,107.61342093053797,94520.859456,94520.885024,0.9054135586647676
3.7358061499600623,14.125972823528645,107.63849667099025,94520.872789,94520.899054,0.9715051796879757
2.6372919240770902,14.314224583025972,107.634898220545,94520.886123,94520.910388,0.9996744278476609
1.71622999813069,14.544725942348851,107.8655853045874,94520.899456,94520.929759,0.9540103960667768
0.9582152197451362,14.811823520095562,107.83972958748404,94520.912789,94520.93669,0.9043253998996937
0.3647608991931329,15.219024743978245,108.3892068015585,94520.926123,94520.950507,0.9727496475624622
-0.030546792174719558,15.641862105067363,108.57986842573014,94520.939456,94520.964715,0.9845462752859058
-0.20582128710759898,16.033023044300776,108.47069030626875,94520.952789,94520.983567,0.9868428847153242
-0.20961141732852653,16.5558989378031,109.08816594803567,94520.966123,94520.991975,0.9645023320540558
0.0277464369565104,17.05207908852878,109.35576819924566,94520.979456,94521.003899,0.9771632410648589
0.43918578201447883,17.663634449092825,110.16922047369123,94520.992789,94521.016787,0.9869239836991305
1.0606209476028006,18.26137040360458,110.56875226749787,94521.006123,94521.031848,0.9570253200963991
1.8364148987381996,18.88694132946077,111.277805024881,94521.019456,94521.044306,0.9448822496261017
2.7621337968333597,19.491067058667934,111.90088069460678,94521.03279,94521.05706,0.9436621900821872
3.8213860981713528,20.139232078152222,113.00620613578536,94521.046122,94521.071811,0.9735218120780769
4.954949698566059,20.658613498368776,113.43785981740349,94521.059456,94521.090073,0.9139979362487793
6.16832222786742,21.11036276309195,114.16254743755158,94521.072789,94521.099459,0.8517106856995975
7.4398310916831,21.578524196133934,115.104132460235,94521.086123,94521.11172,0.9451832713080875
8.748599987201809,21.90307930515983,115.71383611088869,94521.099456,94521.130042,0.7956345878136926
10.078420518151093,22.201230723135357,116.45377364785242,94521.112789,94521.138013,0.8904732388903152
11.443502746809878,22.48078757642841,117.22991181464528,94521.126122,94521.150151,0.9277058058923624
12.807230324238404,22.6138117302621,117.66371967134643,94521.139456,94521.163906,0.9875740057357355
14.217749922808878,22.752101768751395,118.42766257748298,94521.152789,94521.177922,0.9463325952307844
15.650108829191069,22.877095146756574,119.15884947495282,94521.166123,94521.189766,0.960707598833482
17.008250235020363,22.854791784716316,119.13128895578156,94521.179456,94521.204875,0.9621289278340915
18.341348561821157,22.889522806826033,119.2043471067861,94521.192789,94521.216689,0.801276146936739
19.67380414171347,22.90999511249513,119.38126633848356,94521.206122,94521.231694,0.9381147986981554
20.92751667000152,22.784357674951767,119.08598575780354,94521.219456,94521.244496,0.9504324443567087
22.186815092280206,22.635947841796483,119.02296334095102,94521.232789,94521.259022,0.9739346485079939
23.414764848596953,22.38823779364529,119.00398907964274,94521.246122,94521.270905,0.9244209838209998
24.441603338984436,21.95119020511858,118.23926343807199,94521.259455,94521.28314,0.9578049178696725
25.51613342369305,21.56423722376252,117.86171337049434,94521.272789,94521.297195,0.9690948070728734
26.475955478963506,21.117607762713206,117.1640516429632,94521.286122,94521.311067,0.8998976106350658
27.39356908924276,20.671025950310007,116.44561274126006,94521.299456,94521.323245,0.9222951720475578
28.239798004075872,20.20814498060797,115.61760976017304,94521.312789,94521.338174,0.9127592073785921
29.047786849648034,19.758939293420106,114.92385050549383,94521.326122,94521.349683,0.9800372216662518
29.721008310078293,19.22715298647715,113.89949006407171,94521.339455,94521.365219,0.9209387920015217
30.209223074540468,18.61929963249346,112.4842716663084,94521.352789,94521.377652,0.9142797368080514
30.753772518762972,18.08178690201307,111.57064751035252,94521.366122,94521.39083,0.933087398096279
31.089933768663908,17.438390306471867,110.16213950937386,94521.379455,94521.404222,0.8910027668218884
31.389801759044236,16.79593868351411,109.00206224922385,94521.392789,94521.416891,0.9359195508483003
31.508201126343323,16.087503363524252,107.50437697253012,94521.406122,94521.431032,0.965927021640416
31.596742189440107,15.374404096863232,106.24130053900865,94521.419455,94521.451222,0.9871126159213027
31.552885953022578,14.599285334483747,104.81845651670669,94521.432789,94521.456879,0.9291835283092529
31.36489969246089,13.755664612136076,103.15876864615306,94521.446122,94521.470758,0.9658163310248148
31.1114433074257,12.90845756391314,101.53390098196722,94521.459455,94521.483047,0.9841941130780556
30.767304125920983,12.020937183983992,99.7442848156219,94521.472788,94521.498133,0.9729980172660188
30.39963940825568,11.140288220653563,98.13542355359246,94521.486122,94521.511042,0.9981725485909169
29.911994356558186,10.19788323440019,96.3614713631334,94521.499455,94521.52494,0.9404460986796546
29.279815267021668,9.182517725399945,94.35404746000565,94521.512789,94521.538197,0.9440981054647649
28.720091477747037,8.160554158124722,92.73847748712724,94521.526122,94521.54987,0.8915939644057624
28.07027804849125,7.115964153021523,90.93843631070717,94521.539455,94521.565036,0.9368198140955944
27.373947005567754,6.022744151707032,89.0368617371972,94521.552789,94521.577657,0.9116973984251157
26.726689663664754,4.942076990055481,87.35997009903433,94521.566122,94521.591923,0.9413459141648723
26.024233906102268,3.9161370022422934,85.49051082823934,94521.579455,94521.604124,0.9804371576669577
25.272085664580292,2.8838904202540765,83.65675772181304,94521.592788,94521.617979,0.9457874484388934
24.526816506708748,1.7350310998161678,81.97502156771655,94521.606122,94521.633749,0.9207000368601443
23.87526450821303,0.5419914165941172,80.39783742649645,94521.619455,94521.645338,0.9401051678875494
23.253664591409468,-0.5150446269016374,78.71848476610306,94521.632789,94521.657364,0.9217349250202421
22.638407568210134,-1.4382390964009146,77.11672495477843,94521.646122,94521.676269,0.9643210719650724
22.010707920477728,-2.281582825844362,75.58585943180115,94521.659455,94521.690914,0.9133152858903536
21.44129259624213,-3.1297584765199784,74.35336787296811,94521.672788,94521.697587,0.8950348717050441
20.847611640372758,-3.9619469376782943,73.06938951992434,94521.686121,94521.710254,0.9368703782264565
20.294353615912367,-4.746492522977067,71.92576515918189,94521.699455,94521.723301,0.9532403572545587
19.783538087103818,-5.478759279478508,70.99957324990545,94521.712788,94521.737292,0.8875324585561291
19.227836711061244,-6.12845156425651,70.01506992301616,94521.726121,94521.749853,0.9839244301075407
18.675027310086396,-6.677814376173769,69.23670167059178,94521.739455,94521.763588,0.9709787732274877
18.119094042222073,-7.139686322066214,68.54907021607664,94521.752788,94521.776558,0.9731131232330836
17.61972667700103,-7.520192916485508,67.97142404646512,94521.766122,94521.789909,0.9959487401907718
17.18992411320568,-7.823310377162468,67.54241623971686,94521.779455,94521.803972,0.9806236077038581
16.828845186575094,-8.01956279472629,67.34950724499032,94521.792788,94521.816899,0.9925505204159838
16.502461173441187,-8.089964584352101,67.14893979874523,94521.806121,94521.831047,0.9601839365494639
16.242656156728387,-8.076735554708797,67.07526622427517,94521.819455,94521.843437,0.9496660172540496
16.10150370118713,-7.980473749546531,67.30616589203514,94521.832789,94521.856733,0.9431473303594529
15.993075012274726,-7.714299063654545,67.51125715889077,94521.846121,94521.871936,0.9180217939494357
15.943615476740264,-7.317543266481818,67.84215234320895,94521.859455,94521.884581,0.9624958892614278
15.957051482105925,-6.793570581111231,68.28034303199351,94521.872788,94521.901075,0.9602728626931222
16.04392551969255,-6.142324636306816,68.89449056873556,94521.886121,94521.911532,0.9827422036019353
16.20414944999768,-5.370656480794657,69.5821002082555,94521.899455,94521.923459,0.9485488481488255
16.475450370151105,-4.517952238489274,70.55599752089717,94521.912788,94521.943091,0.9988823256651067
16.819079396856356,-3.601048294856319,71.56402719270449,94521.926121,94521.950584,0.9895601119930165
17.252998235960153,-2.650769315655701,72.77301736143487,94521.939454,94521.966724,0.9275844617685776
17.72106393676207,-1.668007421136922,73.90827925336477,94521.952788,94521.97808,0.995786488608453
18.29540939606256,-0.6648179298984981,75.40350988286983,94521.966121,94521.990508,0.9816331589696603
18.87938943129023,0.34936648575216805,76.85404726598938,94521.979454,94522.010192,0.9483530935502239
19.525484004170973,1.356691644091544,78.52719301423053,94521.992788,94522.017069,0.9691110889491086
20.206552224706122,2.359436897917455,80.35129832620356,94522.006121,94522.03059,0.9560174937020295
20.85458957942695,3.323899469061952,82.05860990791959,94522.019454,94522.043926,0.9821276095110566
21.522163007499962,4.237360312139095,83.89437651504781,94522.032788,94522.056491,0.9809151750075019
22.211108108721643,5.11130035239277,85.84205275306897,94522.046121,94522.070399,0.8618440254147204
22.87629489940289,5.9499815502394044,87.75796070017542,94522.059454,94522.086241,0.9871064209434947
23.5124769886894,6.73656383664527,89.55449199764526,94522.072788,94522.097739,0.9871064209434947
24.183082965271886,7.478717278439455,91.5389601415414,94522.086121,94522.111448,0.8462973064773098
24.83962563955968,8.179581409354272,93.46397209626619,94522.099455,94522.123528,0.9419044739489499
25.457194706408057,8.843445530595993,95.27338846672643,94522.112787,94522.136877,0.9722099580426424
26.04705807008898,9.462881454645911,97.01043595986052,94522.126121,94522.150583,0.9623197417302152
26.611582246489935,10.066657279156717,98.75535450836239,94522.139454,94522.164021,0.8829636059663102
27.083968152516153,10.608297397983819,100.13819550544594,94522.152788,94522.176568,0.8878961847834828
27.601491947914138,11.173083423462087,101.82040138538547,94522.166121,94522.192593,0.9794981257211868
28.066409988499135,11.717980512672868,103.38828929664554,94522.179454,94522.203558,0.9310987508916384
28.47618650834856,12.247202947456477,104.85687659341413,94522.192787,94522.218222,0.9865732277805106
28.780286012534166,12.748870341450203,106.11688689119052,94522.206121,94522.230138,0.9369396795617909
29.034464171195378,13.261105566709906,107.25658543540095,94522.219454,94522.242987,0.9881240787808367
29.18655820000158,13.745951144190558,108.20419310633194,94522.232788,94522.256619,0.9479507396581102
29.36421977564713,14.267934141750848,109.38710421820953,94522.246121,94522.271398,0.98893302338538
29.40351460345802,14.725976056639514,110.20692791606729,94522.259454,94522.283367,0.8188086646763092
29.42420559272489,15.203260946661763,111.15568538665545,94522.272787,94522.297006,0.9646656065011678
29.350844822573677,15.628839959487687,111.7991127041044,94522.286121,94522.310463,0.9844799825449664
29.287668883419766,16.079540953235636,112.6191650749356,94522.299454,94522.323813,0.9185576422704405
29.077897489405867,16.394884519206556,112.88061732044612,94522.312787,94522.337654,0.9460217187856542
28.872288806248612,16.70826008829433,113.193415294598,94522.32612,94522.357471,0.8521945137515625
28.695513575570597,17.06319984638514,113.74708385056594,94522.339454,94522.366504,0.9381466875306368
28.458399202098306,17.357105400375563,114.07532299478275,94522.352787,94522.37784,0.9280729980817795
28.22240198402633,17.605013041078937,114.34373041568341,94522.366121,94522.390321,0.964851237936003
27.963942693980933,17.797409296115717,114.5042447340808,94522.379454,94522.409992,0.8712948102759859
27.749571195444084,18.024782240575266,114.7826158275747,94522.392787,94522.417662,0.9719688037943477
27.48868700678167,18.252851114657926,114.90129263761148,94522.40612,94522.439407,0.9317430691263533
27.25751603051857,18.479651284362323,115.04179306489998,94522.419454,94522.453013,0.9863998795351151
26.978899084964524,18.6187012994673,114.884107536973,94522.432787,94522.46433,0.9100098147467667
26.765933831726215,18.751231288761808,114.93910905859083,94522.446121,94522.471309,0.9560806100320516
26.557195027313604,18.832383494061926,114.8496747983355,94522.459454,94522.493702,0.8392463916600443
26.468800452418698,18.99113129121503,115.3416101183778,94522.472787,94522.497671,0.8717711349376875
26.182387972085007,19.001329874614587,114.84314084602097,94522.48612,94522.520375,0.9560806100320516
25.961261330009126,19.08239616299841,114.77853142239263,94522.499454,94522.529877,0.827443659753232
25.742953378694597,19.146206973340018,114.80065478647221,94522.512775,94522.539883,0.9356825716919762
25.349852782244895,19.23778927539763,114.55951412596562,94522.526108,94522.550445,0.9749998871032909
25.091410111460622,19.385359968950368,114.4674670244386,94522.539442,94522.5719,0.8921243191198004
24.8457098486531,19.396089532825833,114.33181224999436,94522.552775,94522.585474,0.9968968142207424
24.591817583911897,19.33855687474611,114.10500097711154,94522.566109,94522.592504,0.9517781858637796
24.452810263511182,19.42950141243554,114.33562033379447,94522.579442,94522.610534,0.8608270779849004
24.22143109163666,19.43948053390626,114.09048281516165,94522.592775,94522.619202,0.9063695313442062
24.05281769588009,19.443700626391283,114.03098331067602,94522.606108,94522.638703,0.9772208474256424
23.907428304819305,19.430050117118316,114.00702941037832,94522.619442,94522.644326,0.9628964660628512
23.757827983816863,19.394438616294263,113.93805750461966,94522.632775,94522.658639,0.9560806100320516
23.6350933226365,19.296314543570777,113.90165312239755,94522.646108,94522.670359,0.9702650859261777
23.505892253447218,19.210332044122378,113.69624336327253,94522.659441,94522.685303,0.8777278450645044
23.401993161342233,19.255946921282355,113.57742432638533,94522.672775,94522.698371,0.9670423910735131
23.344421530346974,19.362670123716065,113.76052601450722,94522.686108,94522.719767,0.8934436630172822
23.192700694861152,19.311262744288353,113.48259297550982,94522.699442,94522.732867,0.8824188600708314
23.085324535935648,19.25151310608535,113.65297307186155,94522.712775,94522.73902,0.9501119064523051
22.92837457180379,19.16861553944024,113.38852141475665,94522.726108,94522.752537,0.9341671567410763
22.83310805916711,19.21297355458343,113.38017996169037,94522.739441,94522.768814,0.9284891994470732
22.754408721859864,19.293024118974003,113.39563433225095,94522.752775,94522.778507,0.952039647673997
22.704658164677014,19.364601006847195,113.70139002258993,94522.766108,94522.791196,0.938697745614674
22.558096172043363,19.327242221532995,113.29626419818005,94522.779441,94522.808584,0.8976407295889707
22.444288985888164,19.351455168518925,113.24806899779564,94522.792775,94522.817439,0.9277058058923624
22.33021932910174,19.35357570188602,113.22218141273187,94522.806108,94522.831542,0.9284891994470732
22.289663348351876,19.376214860600914,113.27845165540514,94522.819441,94522.851701,0.8321064739411204
22.2375411241453,19.35143865437452,113.38155305266214,94522.832775,94522.859328,0.9619500202283102
22.153592252009553,19.30690250284713,113.13974277229634,94522.846108,94522.879804,0.9327867715294745
22.076889116151435,19.31017361874741,113.03261445301162,94522.859441,94522.887465,0.9708537036107524
22.03667653995005,19.332598038195407,113.19829476087719,94522.872774,94522.898068,0.9292289263502429
21.953831447188612,19.308720502077605,113.14993213023304,94522.886108,94522.911897,0.9019699922161919
21.90397434816575,19.29732714672178,113.19791607481841,94522.899441,94522.925918,0.8524719689921275
21.844056741699816,19.256064162682215,113.22889860532777,94522.912774,94522.946452,0.958226949946191
21.767925139559374,19.18543502718327,113.13974167144579,94522.926108,94522.959024,0.9141720596829532
21.776492997447967,19.222098141754593,113.41525290321852,94522.939441,94522.964947,0.7916308159210051
21.664561252074513,19.249530795428022,113.2632556060018,94522.952775,94522.982984,0.9409689080216214
21.590634005015538,19.292610031072734,113.23649304530679,94522.966108,94522.991884,0.8434375413121319
21.543807306759795,19.298390844937174,113.19991242907275,94522.979441,94523.005954,0.9061497232440755
21.52512882637568,19.296776999419507,113.31258515559874,94522.992774,94523.020228,0.8742748987768401
21.488976330189274,19.279978544840525,113.32143841576173,94523.006108,94523.034853,0.9095854842514245
21.473377483415465,19.26122975111444,113.4173709490848,94523.019441,94523.043421,0.9244294573148195
21.459594673999536,19.2113451513808,113.43461094363916,94523.032775,94523.056678,0.9400542428660464
21.448098591418457,19.1161862420007,113.38953683083247,94523.046107,94523.070611,0.9710583090027961
21.48828474228639,19.062775756392796,113.59596212771929,94523.059441,94523.082989,0.9370978654106976
21.459223618493503,18.967347717780154,113.3531113786201,94523.072774,94523.098307,1.0
21.464077349725805,18.929348373062354,113.43436256913581,94523.086108,94523.111374,0.9508958990908583
21.48644914154051,18.879779237253086,113.56678055273123,94523.099441,94523.124807,0.9435165945868503
21.470606677222307,18.806005247816028,113.46184693930194,94523.112774,94523.138383,0.964851237936003
21.457095197317035,18.70858254214378,113.33750878747772,94523.126107,94523.149885,0.9694899863564391
21.512484551867455,18.66959099057423,113.63003857436895,94523.139441,94523.164104,0.9015058015688243
21.503491784024643,18.55062193784055,113.45447270033837,94523.152774,94523.17621,0.980119540109812
21.494133425777523,18.426428963944314,113.29140080274115,94523.166108,94523.189961,0.9912475531970253
21.560211728058785,18.372459505212518,113.65584965928826,94523.179441,94523.204816,0.9434698872601474
21.575217969415217,18.275540818421387,113.71821749034005,94523.192774,94523.216839,0.7811785427602708
21.579675714448534,18.169992102427297,113.7067946941847,94523.206107,94523.231898,0.9644856421962572
21.534429957262027,18.007460391950726,113.38117006647222,94523.219441,94523.244225,0.9185784246118011
21.537076337733456,17.877469324754873,113.32479484044431,94523.232774,94523.257696,0.9765416948424548
21.553059954805146,17.778748407453488,113.34500081703652,94523.246107,94523.271641,0.9729980172660188
21.551843293359827,17.607789365262,113.27395016035948,94523.25944,94523.283047,0.9886217648525111
21.614654817275376,17.45981737584685,113.490712933677,94523.272774,94523.298064,0.8580384262039067
21.64422917294117,17.258535179707383,113.42636944335139,94523.286107,94523.310373,0.9883775277703352
21.68214646114353,17.028857562057148,113.39438022769814,94523.299441,94523.324785,0.8354358061735615
21.70051951130475,16.857553095359332,113.24208906666,94523.312774,94523.339361,0.9745600704044974
21.743889002187164,16.73172678108251,113.21756447242481,94523.326107,94523.351618,0.9412430395991381
21.80553800189475,16.681682685079718,113.35049220629514,94523.339441,94523.365437,0.9537749207650149
21.82009577648513,16.53019927897802,113.11514643572251,94523.352774,94523.376704,0.9292289263502429
21.862359736114836,16.371776738088407,113.0958989863432,94523.366107,94523.391578,0.9425143010186897
21.912103639669628,16.235501147094222,113.11887027636452,94523.37944,94523.404804,0.9361614692819549
21.984525184614707,16.153086512129523,113.3617175199854,94523.392774,94523.41695,0.9887663206427401
21.937757671171358,15.986760689624118,112.93236967829078,94523.406107,94523.431734,0.9486684519307861
21.994627999305123,15.902071789809105,113.1422207342592,94523.41944,94523.444504,0.9015109181402385
21.95450695565444,15.740956651475651,112.74414742486806,94523.432774,94523.457963,0.9167278604581437
21.985521225556447,15.69962181068726,112.80586887836759,94523.446107,94523.470674,0.9476828446197884
30.35606423886764,-21.72075658338747,118.09614633528182,94523.939439,94523.966215,0.9500083253820092
20.672075552888806,13.936262786832335,104.97139165638205,94524.139439,94524.163643,0.9077523479180547
21.27544011478377,7.3664749769057885,96.71703671002938,94524.606105,94524.630447,0.804521299040672
21.923433457317216,6.9431098607801065,97.14834719993304,94524.806105,94524.830231,0.7335795017438594
