x,y,z,capture_time,detection_time,confidence
15.336778797675649,30.05624660236824,96.04614643334591,93926.781776,93926.807168,0.9198690753649027
15.343327604803761,30.027702398057276,95.9716150912479,93926.795109,93926.81884,0.9120767423979059
15.315475420646289,30.023269547364862,95.8699813947354,93926.808443,93926.832318,0.9994139074908498
15.288463295974884,29.998345223387496,95.76224153630581,93926.821776,93926.847333,0.9744045664743517
15.29014478894405,30.021014109803374,95.84242182886321,93926.835109,93926.861309,0.9474177356270267
15.285789489093071,30.015969909256956,95.81844104312664,93926.848443,93926.872136,0.9548006891075989
15.287562548509435,30.027749948604562,95.83261505366967,93926.861776,93926.885808,0.9548006891075989
15.291647557307018,30.02555616681691,95.83707255113599,93926.875109,93926.90025,0.992186429153559
15.279397237715473,29.985273509844333,95.68113010720694,93926.888443,93926.913,0.9407543370256302
15.291473491101454,29.98105852919965,95.67499863664327,93926.901776,93926.926884,0.9863092911631475
15.302284471982215,29.974973804150462,95.62961546883288,93926.915109,93926.940863,0.951822799210685
15.329467966990896,29.98940058263903,95.68015157457025,93926.928442,93926.954377,0.9462945981330432
15.350977618800348,29.97617237155231,95.65030280310084,93926.941776,93926.967689,0.9858097090211121
15.392420043628677,30.00098994090411,95.76473474541952,93926.955109,93926.979253,0.9548006891075989
15.414673639852365,29.987322985975286,95.7565455568793,93926.968443,93927.001594,0.9587330032992526
15.441642107804647,29.965206950524767,95.72567127438187,93926.981776,93927.006455,0.9449723889369848
15.46575298962896,29.933276409035713,95.61550505911093,93926.995109,93927.023646,0.9308889819427215
15.478544917936079,29.93535515231836,95.58614031270977,93927.008442,93927.033498,0.943770970352166
15.509516655809325,29.994337594080804,95.72326952798048,93927.021776,93927.046773,0.9793241610273803
15.508496411990233,29.93564828202811,95.5911073710762,93927.035109,93927.059962,0.9694897080492554
15.519938009073876,29.909826282031368,95.47841860319019,93927.048442,93927.073224,0.9488873135160111
15.50416993505132,29.92151116274182,95.42783076738671,93927.061776,93927.085837,0.9321229373139042
15.500485232248943,29.945709582004266,95.40352819158342,93927.075109,93927.098843,0.9528905394869013
15.522084667959101,29.964725875129048,95.37455816530226,93927.088442,93927.112528,0.9510130389515956
15.546904730454006,29.973028339770707,95.37191030685342,93927.101776,93927.126491,0.9483065193245623
15.559610739958451,29.983619410961992,95.3876286106718,93927.115109,93927.139068,0.9308889819427215
15.551658049332849,29.960823969797918,95.27497829108712,93927.128442,93927.153378,0.9955606005689418
15.585736650223879,29.994759914273647,95.3450774519656,93927.141775,93927.166314,0.9637610536751
15.591736739880238,29.95373649892231,95.17824228799533,93927.155109,93927.180429,0.9388842123640362
15.622766425958908,29.982653271619437,95.22504284911022,93927.168442,93927.193423,0.99758004081667
15.665186010556312,30.02208187781806,95.31490718897462,93927.181775,93927.205271,0.9627917660056987
15.693180472455783,30.048488794955762,95.3260203136823,93927.195109,93927.218787,0.9086107575716625
15.714965881728036,30.07675776157992,95.27603455723013,93927.208442,93927.23198,0.9545264257396517
15.729599835494907,30.122928480503752,95.25348364632923,93927.221775,93927.24587,0.9403440740119167
15.735981449721372,30.168763056255425,95.16637375606858,93927.235109,93927.261319,0.9826795142087733
15.750417173525566,30.226863404467064,95.1831660129233,93927.248442,93927.272594,0.9920164142661322
15.757239682343775,30.285887752088527,95.15187081062304,93927.261775,93927.287576,0.9858097090211121
15.751222197724198,30.30447242144636,95.05336588089015,93927.275109,93927.298942,0.9340444236083157
15.761514630326733,30.369985336339724,95.08021211267187,93927.288442,93927.312197,0.9817749450462759
15.760314483485747,30.412668897443034,95.08231729728163,93927.301775,93927.326687,0.9879517026118448
15.760934903441896,30.468787285180813,95.0795101742621,93927.315109,93927.339079,0.9186086884875149
15.732072238328263,30.442802953066014,94.8712986736901,93927.328442,93927.35223,0.9588392817491451
15.744240664018614,30.510997689141714,94.97029851974094,93927.341775,93927.366691,0.9575213479044264
15.751137592012338,30.535344898589617,94.97923023673899,93927.355109,93927.380217,0.8897444960251756
15.747973347697657,30.53380851269764,94.89821514676095,93927.368442,93927.39344,0.9940410859030653
15.773529351821237,30.609402488997837,95.01610805164069,93927.381775,93927.407291,0.9457700997348053
15.757027807405903,30.60596218926942,94.93118218071591,93927.395108,93927.419502,0.994861918326816
15.748600101140585,30.62015821667153,94.86107732725497,93927.408442,93927.439211,0.9536023157661934
15.74469342804577,30.637314285726372,94.81341094541213,93927.421775,93927.45252,0.964719951656432
15.73079329138116,30.628294722376335,94.72335653418769,93927.435109,93927.460422,0.9702580384434188
15.728432482516416,30.63226810229828,94.70254567412542,93927.448442,93927.472813,0.9823866998661616
15.732171571296277,30.633789510251756,94.70324310445399,93927.461775,93927.486551,0.9928188683541421
15.731304607629218,30.60140214809264,94.63243101762704,93927.475108,93927.499666,0.9847847375893055
15.728089755998912,30.5515183750472,94.52788813251746,93927.488442,93927.514862,0.9355253289395979
15.736606145291232,30.540369026754142,94.53968669703862,93927.501775,93927.526688,0.943416223372951
15.747688368150982,30.505914936084544,94.51626810071882,93927.515109,93927.540855,0.9396709786833947
15.755262356151437,30.458764920107697,94.46444170919821,93927.528442,93927.552546,0.927280557655405
15.773045180832254,30.43039859267051,94.48679445274088,93927.541775,93927.565341,0.9762028537612696
15.783571086039924,30.38525053251246,94.42530768682921,93927.555108,93927.579349,0.8561687788686405
15.800166915361007,30.349849503033635,94.45188476424666,93927.568442,93927.59326,0.9939765982790956
15.812775913737763,30.303721346798817,94.40108098011054,93927.581775,93927.605551,0.9416911873642229
15.836753431552983,30.317329965929574,94.51869527236538,93927.595108,93927.622553,0.9578363453235235
15.828092623422792,30.23787216199165,94.35689895197694,93927.608441,93927.633525,0.9447072176645226
15.850395225873784,30.231744778353804,94.42417644846707,93927.621775,93927.647806,0.9484184574380938
15.86700168045755,30.218691198530774,94.42773039198616,93927.635108,93927.660195,0.9434606236030055
15.87164983309551,30.201792350966674,94.42314327891397,93927.648441,93927.672161,0.9427845435772987
15.861172038608213,30.127308587149773,94.2376143520066,93927.661775,93927.685592,0.9580277243567819
15.877731091524488,30.10232101049458,94.22727272011524,93927.675108,93927.699173,0.9692651980043745
15.908991829231786,30.127914813516234,94.37323555783391,93927.688441,93927.712402,0.9516657865025977
15.91334540370652,30.061641178173904,94.2588271683809,93927.701775,93927.725802,0.9265695928305432
15.945067455126251,30.062154213137262,94.35188652966666,93927.715108,93927.74043,0.9851140775099663
15.947851857119051,29.99911105599096,94.22313713168613,93927.728441,93927.753002,0.9658634917453215
15.972305807551455,29.964690649742455,94.22908362801172,93927.741775,93927.769926,0.8778779224358497
16.02015433098024,29.990464445004307,94.4070499152369,93927.755108,93927.779155,0.9277517713786992
16.034463385570906,29.937363708708705,94.33209887597992,93927.768441,93927.792481,0.9834266427841842
16.05945853061743,29.89598438063514,94.30119087337637,93927.781775,93927.8058,0.9316290485232017
16.101382242561538,29.89168304707403,94.3924309476067,93927.795108,93927.819861,0.9492905382830773
16.12060079685113,29.854790328768257,94.39709979033788,93927.808441,93927.833855,0.9122629212761004
16.12683583471832,29.81261039023857,94.32838634350209,93927.821774,93927.847446,0.9566606202839663
16.147859851030102,29.793297096179607,94.34074138256564,93927.835108,93927.860032,0.9664321135217571
16.174921853667776,29.798228353046333,94.41094143676972,93927.848441,93927.872162,0.9287572421920836
16.186452106991062,29.768942933552605,94.35638078493005,93927.861774,93927.886946,0.9654954142316446
16.18243110564525,29.72411958136702,94.22012105876571,93927.875108,93927.899645,0.976675759702015
16.219691202871562,29.771882296959404,94.3868966514229,93927.888441,93927.912427,0.9563852839708044
16.221118580623017,29.76043034158618,94.34748025075426,93927.901775,93927.927105,0.9108049058137027
16.24047147979032,29.77780673139126,94.40384913356095,93927.915108,93927.938933,0.931048635409697
16.243304147267544,29.782501638247012,94.37626152855711,93927.928441,93927.959899,0.9217947629107041
16.258035366408155,29.81801348175311,94.44816138048111,93927.941774,93927.966009,0.9132913916871248
16.259414115822064,29.82427049071312,94.44443785609198,93927.955108,93927.978841,0.9976328557779462
16.239613976893402,29.786780023836616,94.30567967906691,93927.968441,93927.993352,0.9653015271310533
16.247707748603975,29.819968654129212,94.37548344694508,93927.981774,93928.005881,0.9765185252493658
16.228898292352593,29.80074587309673,94.28738021887666,93927.995107,93928.020491,0.962535184219589
16.225785745006508,29.815431991283795,94.34177778541604,93928.008441,93928.034463,0.9909159995200012
16.223762918484226,29.834364438627745,94.40947215147084,93928.021774,93928.054784,0.9569877901544531
16.220343530348046,29.852590722393156,94.44842114754681,93928.035108,93928.060238,0.9565826776742105
16.216289323609278,29.878205185600624,94.55721478857714,93928.048441,93928.072585,0.988239219087336
16.205787466278508,29.88966610231388,94.6448645956391,93928.061774,93928.096911,0.9763900304566325
16.168976134579218,29.850578572959254,94.53847220955205,93928.075107,93928.099071,0.9647385033029408
16.16140229374287,29.892139763481033,94.66130130592896,93928.088441,93928.116012,0.9799645408080956
16.131982955909457,29.85856187949459,94.60514584750922,93928.101774,93928.127198,0.9339311299868978
16.119493862081885,29.87656209470578,94.68113654436807,93928.115107,93928.14563,0.9105047223346591
16.101049275067844,29.877677884454467,94.7249255283465,93928.128441,93928.153341,0.9415402466981558
16.071221044431688,29.85110945615585,94.6827020099453,93928.141774,93928.168321,0.9456772418027938
16.03765021216169,29.83360525162903,94.63956030048944,93928.155107,93928.181287,0.9568022330290863
16.032440743644408,29.871629633233756,94.78950791404927,93928.168441,93928.203979,0.9714220140980018
16.00814316519766,29.85922418752849,94.77538129592608,93928.181774,93928.214013,0.9237524863614022
16.01167912268956,29.89987698278316,94.93502998240622,93928.195107,93928.222111,0.959608437986591
15.979136827177111,29.876311288226635,94.87584024108804,93928.20844,93928.232428,0.9389690492695688
15.957140948788359,29.876024040174908,94.90800678260788,93928.221774,93928.249588,0.9860474811157192
15.937113796282059,29.87296094278108,94.90450955124145,93928.235108,93928.260504,0.9795636680694377
15.930318216822108,29.880627398121035,94.96259628809977,93928.24844,93928.272566,0.9428162077739819
15.934388455828529,29.91890306796487,95.11049586661247,93928.261774,93928.294002,0.9668605201458597
15.936882339977876,29.921391569183434,95.13508792292006,93928.275107,93928.303424,0.9736661716858296
15.925739900192246,29.9127244465672,95.1075981571195,93928.28844,93928.316639,0.9700581728539351
15.935045949248279,29.938955065162215,95.20779736653968,93928.301774,93928.328785,0.9345112069808985
15.93987258909144,29.940160266553185,95.24793543561857,93928.315107,93928.340012,0.9461092555216046
15.938515644918294,29.92726024891944,95.23138356342763,93928.32844,93928.353506,0.9322663928378478
15.94126038716148,29.903015617840584,95.23640051970251,93928.341774,93928.37136,0.943383785514691
15.970352523656956,29.922212438725044,95.3644945344698,93928.355107,93928.385492,0.9725902318606274
15.954608089068067,29.83517205097273,95.13139760005896,93928.368441,93928.394818,0.9406162768284919
15.982426091437036,29.83780765424945,95.19636030412423,93928.381774,93928.406954,0.9855047342142026
16.005498922736063,29.81505655823663,95.1621542835814,93928.395107,93928.420651,0.9710272083169595
16.046796141107972,29.80557966075696,95.17534133761664,93928.40844,93928.43426,0.9462733773277031
16.096540979994664,29.818602804415427,95.25894424133944,93928.421774,93928.445982,0.9711381433837135
16.154360385007234,29.80630085123125,95.26951457018826,93928.435107,93928.459874,0.9081018882099263
16.212082019122974,29.754875671544447,95.20040404179298,93928.44844,93928.472833,0.9782257670132957
16.289549769391133,29.735989076395136,95.18079261579074,93928.461773,93928.48701,0.9161114048806155
16.365115009979725,29.687601602896343,95.11330582377263,93928.475107,93928.499844,0.9820999630903748
16.463775440466158,29.630370323669204,95.05354325009542,93928.48844,93928.519896,0.9072896063400707
16.57727246318691,29.588997975709002,95.04100371991964,93928.501774,93928.53313,0.9984544941896354
16.687926948090748,29.519845387699533,95.00147735761097,93928.51507,93928.539424,0.96402141696571
16.79554951618579,29.394450442394675,94.79918887548705,93928.528404,93928.558841,0.9876380643334136
16.953027965075922,29.3552069404561,94.92304760873711,93928.541737,93928.570247,0.9642009644700092
17.06526380901624,29.190656252267132,94.62895536812177,93928.55507,93928.58139,0.9252651380315691
17.214636662397464,29.076798865071556,94.5595581024397,93928.568404,93928.593008,0.9593999886344601
17.36628177314791,28.93009215453361,94.42928831270395,93928.581737,93928.609239,0.9819597846229163
17.52632070576622,28.75968719711397,94.30818320994965,93928.59507,93928.620507,0.9626163329836263
17.689535674912335,28.544489101790848,94.11210121310727,93928.608404,93928.632499,0.9981250323200832
17.84230313107121,28.287589881783827,93.82317628847352,93928.621737,93928.646989,0.9539619601321754
18.022854932631663,28.040253995401518,93.6828283358305,93928.635071,93928.660173,0.975910750953441
18.202758564731997,27.73539213330684,93.41422828921696,93928.648403,93928.673898,0.9426650519837443
18.39776199212193,27.439953098977995,93.23837901701388,93928.661737,93928.687064,0.9236895803344053
18.580851573862727,27.098335783057426,92.96342484903552,93928.67507,93928.699556,0.9270278601178206
18.765557655305503,26.749858018416532,92.69892877348073,93928.688403,93928.712625,0.9690161923165473
18.95938054770878,26.419447715143797,92.53066200539614,93928.701737,93928.726581,0.9227708301229747
19.125850053275986,26.02415204829614,92.26341414399046,93928.71507,93928.739411,0.9367778238814092
19.285768449913117,25.628534982670246,92.06223989785711,93928.728403,93928.753158,0.9659748173580291
19.430845832625373,25.202631996382756,91.82812157104173,93928.741737,93928.765541,0.986678860364798
19.55186285810596,24.758176531058233,91.52212649210118,93928.75507,93928.780507,0.9309925720449183
19.694649128333346,24.35979319705376,91.38679009157458,93928.768404,93928.793947,0.9964029096277119
19.847468689126796,23.98013087693857,91.33768990617916,93928.781737,93928.808198,0.9557326988384767
19.97187120401846,23.543070698288144,91.13665920701082,93928.79507,93928.819494,0.9553093895340201
20.11985426173873,23.10554994338331,90.99626997104818,93928.808403,93928.833505,0.9663275646368359
20.288938084711948,22.668473426604795,90.95537734005322,93928.821737,93928.845426,0.9313286600730445
20.505539173856363,22.296702494817325,91.15302850794991,93928.83507,93928.859308,0.8768873360642002
20.69514929044206,21.89127774215399,91.12963156507784,93928.848403,93928.872254,0.9494514641258848
20.923096229719572,21.53843482386602,91.2588041041731,93928.861736,93928.886023,0.9592978761788615
21.168729748329877,21.161287106734765,91.34821806050081,93928.87507,93928.899238,0.9016950561985242
21.492681935583487,20.870244068323043,91.71310450587832,93928.888403,93928.91486,0.9188538456532825
21.83115585087438,20.593379987764337,92.02474008552429,93928.901737,93928.932766,0.9949634060497058
22.192833355993034,20.393198687397952,92.43327989092893,93928.91507,93928.940607,0.9345997864817768
22.57285154875394,20.27641403637119,92.94891462300733,93928.928403,93928.953011,0.9186789625668684
22.95650019372372,20.228708414714134,93.58121779501936,93928.941736,93928.965282,0.9956002338569547
23.29083158048382,20.23124611771437,94.2262388839992,93928.95507,93928.979036,0.8871549030838604
23.532472613019976,20.28614141459295,94.88571604137933,93928.968403,93928.992608,0.9012674112959248
23.677235021030448,20.43763950844354,95.67970833298637,93928.981736,93929.006082,0.8648890996342229
23.645182873725002,20.590735723482734,96.3113859875684,93928.99507,93929.022155,0.8815988907043941
23.508822006421585,20.796551011036602,97.05667994387994,93929.008403,93929.038837,0.9249776890540182
23.21097127757163,20.917785186778186,97.5588720373353,93929.021736,93929.052373,0.9948161308399172
22.77920255503135,21.067699005465627,98.11776006118342,93929.03507,93929.066305,0.967445128971924
22.206351601284442,21.21945231879335,98.66153504354375,93929.048403,93929.072383,0.9462878307545541
21.435254216113602,21.293569117014336,98.91635819761426,93929.061736,93929.087692,0.9671475483596504
20.49915176204835,21.27318509037637,99.04331174128897,93929.075069,93929.100871,0.9916850068891908
19.41011650986064,21.20126904005132,99.1609497861526,93929.088403,93929.112682,0.9502139023706968
18.123360961256832,21.015774552657227,98.95588360986402,93929.101736,93929.12614,0.9898594461512397
16.68713452383874,20.771972754895394,98.68431157872526,93929.11507,93929.140169,0.9953167981327015
15.11096585905811,20.47453449111478,98.45062241032002,93929.128403,93929.153437,0.9950171407064077
13.368776738049887,20.107518593969584,97.86126582171363,93929.141736,93929.165618,0.9099998440597211
11.527656891734054,19.76437036774648,97.34280496098323,93929.155069,93929.180671,0.9666336513602907
9.577025322548513,19.407405903073766,96.73206892719173,93929.168403,93929.193159,0.9983186552472256
7.5780802885436005,19.068600203035754,96.12554578224979,93929.181736,93929.206079,0.915604636408857
5.57524436795725,18.780767709735713,95.68432885280495,93929.195069,93929.21961,0.9650318243145386
3.5766306361917413,18.519707239556233,95.11664282671703,93929.208403,93929.234092,0.9823783878546308
1.6297016176613695,18.319739037596943,94.68992559975746,93929.221736,93929.24651,0.9342118840235274
-0.19560395335301486,18.16543551461092,94.53378782337344,93929.235069,93929.261534,0.9865008249276336
-1.8230122718960065,17.992090420535494,94.2630541979611,93929.248403,93929.273847,0.9964029096277119
-3.2338487234972395,17.854563245057477,94.23063512503099,93929.261736,93929.28576,0.9782371102245377
-4.405781119472714,17.74996547356309,94.17507914731506,93929.275069,93929.306844,0.9939119564965461
-5.321882422107113,17.67695680619978,94.1752498735932,93929.288403,93929.312231,0.9963409417763811
-5.925614944609724,17.638416788540553,94.33504291961047,93929.301736,93929.327639,0.9091509285922394
-6.180101713673473,17.58264639531263,94.56845956341438,93929.315069,93929.339563,0.9956647311241302
-6.120704859587337,17.55080645233256,94.87147903025802,93929.328402,93929.352844,0.99497256731573
-5.787830786101372,17.593025227285082,95.11317705309436,93929.341736,93929.367445,0.9866339759232878
-5.225795186482166,17.706142120819145,95.5236577582424,93929.355069,93929.381028,0.9997652890743219
-4.463941752845723,17.91201718894767,96.2233210052319,93929.368403,93929.394001,0.9985434070895948
-3.535672143538755,18.119999113902413,96.8339979481049,93929.381736,93929.405438,0.9996230446984843
-2.533255391588524,18.359806779778648,97.34013828015134,93929.395069,93929.419846,0.9926379674126303
-1.546503803519887,18.71081408452704,98.2635671908599,93929.408402,93929.432647,0.9606104778223766
-0.6198447257434718,19.007721120264005,98.94457414164911,93929.421736,93929.446882,0.9321288870521443
0.11665659222742465,19.26149910794418,99.60743867191307,93929.435069,93929.459821,0.952375863641228
0.6017911868710258,19.43584239299255,100.09617099107568,93929.448402,93929.473579,0.9920124312029606
0.8765450419379673,19.386299285953474,100.1678009718206,93929.461736,93929.486489,0.9606104778223766
0.9568447237719702,19.160513822277945,100.2419717057685,93929.475069,93929.499808,0.9543741380978129
0.8155097310493743,18.804198440776347,100.18289857764472,93929.488402,93929.512559,0.984531024827185
0.42259558486319415,18.332366501704687,99.84452944861906,93929.501736,93929.526283,0.9937669002179231
-0.22200361657207363,17.82871835817841,99.50603536817069,93929.515069,93929.539075,0.9907147106718228
-1.0131999435257029,17.232458793122316,98.83550666880474,93929.528402,93929.552388,0.9818569099837955
-1.886603937518524,16.712392136305983,98.30247963612335,93929.541735,93929.565869,0.9662676291120502
-2.722819693484216,16.32324490687374,97.95645665393735,93929.555069,93929.578919,0.9585241957870306
-3.4493865726069535,16.025775244062384,97.53154155504383,93929.568403,93929.593675,0.9402940222264938
-4.074634108826462,15.861411426018956,97.37592918956082,93929.581735,93929.605616,0.9933295348689184
-4.422856002800712,15.71628730590758,97.17780608865944,93929.595069,93929.619713,0.9720523485214021
-4.31363414551018,15.588986263908707,97.20265399198085,93929.608402,93929.632738,0.9356860005892393
-3.646319596370005,15.46945452545433,97.17963755869243,93929.621735,93929.64795,0.9406486047049006
-2.5889856055587805,15.465881721106514,97.35163684056364,93929.635069,93929.660211,0.9938163202681005
-1.2523191693668325,15.60894034075646,97.75893249668435,93929.648402,93929.672971,0.9601922934584697
0.3118527714661437,15.758200319739844,98.14019231540681,93929.661735,93929.685746,0.945150372215471
2.050808362463542,15.850072511167888,98.31457963941052,93929.675069,93929.699385,0.9730398991543925
3.9024272118967036,16.01730355452645,98.86898817352144,93929.688402,93929.712053,0.9614084164463885
5.797899544290847,16.223963710885847,99.50958987467811,93929.701735,93929.727367,0.9427481904812951
7.671253210332485,16.39150411068904,100.10677153197703,93929.715069,93929.739363,0.9471075468720628
9.410725184206726,16.531641070497468,100.86064028193589,93929.728402,93929.753442,0.9921401079535489
10.916308050665524,16.6243493507423,101.64419460150701,93929.741735,93929.765689,0.9965900966589797
12.068008799167734,16.61365617617534,102.1212732996059,93929.755068,93929.781143,0.9900849114149687
12.879496943880804,16.465002935174518,102.37975305386546,93929.768402,93929.792277,0.9238592851577151
13.351539467315055,16.10366613012577,102.26461129463023,93929.781735,93929.807197,0.9029126521634188
13.517708453099146,15.677412573842458,101.88645614556192,93929.795068,93929.820521,0.9818662802196966
13.397916213313072,15.260942885529452,101.68833958930729,93929.808402,93929.832895,0.9202675796375063
13.01290554995333,14.836040177941198,101.3109388744635,93929.821735,93929.847651,0.9354161988758225
12.373194668298122,14.379925101735028,100.69265880378384,93929.835069,93929.861558,0.9787846843783136
11.6393902766284,13.973405228355825,100.35827214619191,93929.848402,93929.873428,0.9756546726395214
10.923658320200584,13.626116184059446,99.91172656088803,93929.861735,93929.886443,0.9476609559917795
10.28556611175234,13.441255253841106,99.63864761684448,93929.875068,93929.900713,0.9864859685799763
9.770498203887731,13.422003960207977,99.55190001249765,93929.888402,93929.91284,0.9855047342142026
9.36766238512733,13.44265505891066,99.32375982749032,93929.901735,93929.925908,0.9886294433005431
9.129584770271746,13.510609299452108,99.39620322743457,93929.915068,93929.938967,0.9843741789790863
9.077731059053438,13.54776714712037,99.45012450776473,93929.928401,93929.952761,0.9972306438814654
9.263617796294938,13.580238129503948,99.47173517582003,93929.941735,93929.96602,0.9786602381600371
9.68447025870731,13.651697016505574,99.83949791043773,93929.955068,93929.981196,0.9852305021825166
10.23934509080531,13.69435436441942,99.97892271562527,93929.968402,93929.992267,0.9103936463438053
10.96353983471906,13.810890234526523,100.65094530349776,93929.981735,93930.007149,0.8738424541048889
11.74608565878877,13.86277083730027,100.95305032526701,93929.995068,93930.019246,0.8816043224142414
12.540480087775917,13.95347024867482,101.50999205448693,93930.008401,93930.032071,0.9973599627354107
13.225115874161036,14.157237849778003,102.23092132976468,93930.021735,93930.045541,0.9217057982537076
13.679665153438954,14.508525732752098,103.0000459682047,93930.035068,93930.060045,0.9953420324465247
13.82327521010473,14.929733251667152,103.68515599559568,93930.048401,93930.072247,0.981712956352896
13.658811712958792,15.23430475897996,104.06029703033819,93930.061735,93930.08622,0.947040101498808
13.25361271302582,15.379097258034216,104.38367111108751,93930.075068,93930.099289,0.9621148624724781
12.608030531657285,15.455799012340016,104.76879658349205,93930.088401,93930.113546,0.9664343835099493
11.608648334478733,15.45104550014683,104.81655004948718,93930.101735,93930.126725,1.0
10.291345178335844,15.352290143304653,104.63184969169305,93930.115068,93930.140067,0.9566785413104382
8.723605935419588,15.043836762982627,104.2167264269433,93930.128401,93930.153702,0.9941228464664018
7.001085169965455,14.6053561832218,103.81691170210989,93930.141734,93930.168009,0.9629572945761433
5.170994333968401,14.154051827026807,103.35084629756045,93930.155068,93930.179027,0.9766999893888496
3.233603625019041,13.795477465386087,102.70585461091015,93930.168401,93930.19271,0.9377364468738145
1.1735426293807565,13.52992073733254,102.4175162117469,93930.181735,93930.20759,0.9664405537767949
-0.973518189581749,13.156801492034907,101.96037304613212,93930.195068,93930.221139,0.9933923705315081
-3.113195846680699,12.726515547849425,101.6643604412903,93930.208401,93930.232649,0.9805342716321264
-5.24292907749256,12.353475308569312,101.41276680203971,93930.221734,93930.246788,0.9492053591938594
-7.34453713642799,12.11051416602784,100.96453143643281,93930.235068,93930.261515,0.9812418619671879
-9.41310688946946,11.945248990684476,100.67923231223442,93930.248401,93930.279177,0.9614142086825213
-11.389421937866354,11.78656942828358,100.58644266908719,93930.261734,93930.292203,0.9901780338570141
-13.191211974636593,11.556054776059144,100.2890121300826,93930.275068,93930.299506,0.9496674020366636
-14.812078180576897,11.33373934423178,99.95583772188176,93930.288401,93930.311996,0.9729721425984793
-16.31944620077366,11.186564897455458,99.97751776243062,93930.301734,93930.327103,0.9431396417647004
-17.647038591978955,11.074565685092859,99.973007278577,93930.315068,93930.340188,0.9972963093979107
-18.831775544360095,10.956599730637384,100.08178001019412,93930.328401,93930.352351,0.9597682978910316
-19.76732846237788,10.77595709805018,100.01255441573852,93930.341734,93930.365337,0.9602739549689064
-20.494787139617628,10.586084406438967,100.04295327335343,93930.355067,93930.378713,0.9893026899744585
-21.03806971527431,10.44852190558643,100.2551906807869,93930.368401,93930.394358,0.9855047342142026
-21.35339556204873,10.344074183702288,100.34805795068601,93930.381734,93930.405988,0.9321054429577862
-21.536033757413573,10.297426067626422,100.5270541884093,93930.395067,93930.421159,0.9737142650893607
-21.533098915096158,10.237733013402025,100.53392069343032,93930.408401,93930.432602,0.9675739394448193
-21.335225596264063,10.204993992262509,100.63880567331321,93930.421734,93930.445838,0.947925028407727
-20.898467438344923,10.225296413226376,100.85940650153158,93930.435068,93930.459828,0.9756534069061968
-20.144831241792218,10.314500388892712,100.86834456553028,93930.448401,93930.47267,0.9796998594609776
-19.174640766321122,10.528249459177143,101.03522647099011,93930.461734,93930.487006,0.997911658405001
-17.953324503661552,10.863487114246555,101.3445291779279,93930.475067,93930.500846,0.9747284202638805
-16.338363695223727,11.233047699248226,101.53365395721075,93930.488401,93930.513272,0.9750631680097549
-14.449860536815228,11.710357639733596,102.06006867174041,93930.501734,93930.528014,0.9653143617334166
-12.361676499361943,12.296270954353153,102.89054570521243,93930.515067,93930.53945,0.9729812829233745
-10.110152127014597,12.93819113091063,103.62430430943756,93930.528401,93930.552736,0.9720527344238363
-7.750280318831884,13.571208927979786,104.41906269247526,93930.541734,93930.567306,0.9942139254942503
-5.358498127841269,14.18087328938501,105.53812345312663,93930.555067,93930.581435,0.9542223046057831
-2.980546168564756,14.758158053254975,106.90366320893077,93930.568401,93930.593908,0.9665339714277824
-0.6261597213197624,15.26518821759332,108.04545565818266,93930.581734,93930.605683,0.9585449992116707
1.6525685795778315,15.767224521276823,109.39513167884682,93930.595067,93930.620139,0.9309870027177614
3.857612991776318,16.112371197637753,110.22520971488622,93930.6084,93930.632757,0.8912284424785489
5.968367476869306,16.40396874984976,111.49204351227245,93930.621734,93930.645335,0.8911247006466427
7.951753270778301,16.508121786314533,112.62877909814793,93930.635068,93930.659811,0.9822194894731053
9.756582376927067,16.38960072030561,113.52686279508795,93930.6484,93930.672991,0.9907007497113862
11.383835283046789,16.08253744604672,114.11790831930232,93930.661734,93930.686148,1.0
12.860472334050197,15.65072231063087,114.66738654791381,93930.675067,93930.699008,0.9289935971602425
14.144338527989856,15.121487949119174,114.80654386401534,93930.6884,93930.712405,0.9447439665191152
15.17575870992091,14.481037931114068,114.45972823452801,93930.701734,93930.726696,0.9837009395243274
15.888652642324216,13.73013776693876,113.38516930885686,93930.715067,93930.741148,0.9798995419287662
16.41855824921571,13.087591503976276,113.01054422144841,93930.7284,93930.754863,0.9778053800109476
16.630830493517983,12.385211397151586,111.95718126921312,93930.741734,93930.767017,0.8957263164377482
16.636568607400076,11.782859958722536,111.11925308073556,93930.755067,93930.779028,0.9389793442158936
16.416018843908887,11.306118399800148,109.97822456268017,93930.768401,93930.792952,0.91663539432329
16.08103647147178,11.0315637383016,109.26055020839058,93930.781733,93930.805301,0.9710583090027961
15.562099139221782,10.887141681390098,108.31581740093027,93930.795067,93930.819427,0.9756040595476434
14.95656473127847,10.827904261137185,107.56578206036778,93930.8084,93930.832816,0.95566749637141
14.367599208872242,10.815912053516499,107.20457432670786,93930.821733,93930.847004,0.9299848250371862
13.721436823459733,10.829186733286873,106.26564009666131,93930.835067,93930.859139,0.9698621367933126
13.079971426246061,11.094415528034444,106.01358540050578,93930.8484,93930.873337,0.9142579879198959
12.35579614229853,11.496625535812255,105.74079519160598,93930.861733,93930.885831,1.0
11.591057239512686,11.8203129269431,105.19542971989742,93930.875067,93930.899243,0.8898823658103799
10.913798012501669,12.065876693765325,105.10452830185581,93930.8884,93930.912663,0.9924411576976042
10.292159305670387,12.32348720922684,105.00907369063523,93930.901734,93930.927398,0.9756599087657427
9.65829761858632,12.67113522630082,104.77028763733472,93930.915067,93930.938688,0.9599447148737023
8.985593682742236,13.063628689748269,104.79436971707835,93930.9284,93930.953267,0.9122627230685512
8.211138542757208,13.328281001610698,104.74589409655101,93930.941733,93930.965579,0.9911420814099289
7.296457564844629,13.466450093508788,104.55380313663782,93930.955067,93930.981066,0.9749264621234666
6.25188718381493,13.564456235762048,104.4729056016229,93930.9684,93930.992366,0.9911672098819618
5.088213884507409,13.618296311814076,104.1741508477606,93930.981733,93931.006978,0.978598437604687
3.8448814732783605,13.663953533300482,104.1726770924466,93930.995066,93931.01912,0.9469859988691341
2.5240359977974904,13.584349561538792,103.79557245134185,93931.0084,93931.032031,0.9961603962209838
1.1949180606422198,13.471433557284628,103.57944982144014,93931.021733,93931.045527,0.9528591435102156
-0.07793814835768102,13.309023688840224,103.45910016754735,93931.035067,93931.059299,0.9960216044300881
-1.2494543918872998,13.081142971645017,103.2321663704731,93931.0484,93931.072128,0.9941749866551287
-2.3346476478182856,12.876032597981007,103.2398219400347,93931.061733,93931.086354,0.9875205021822926
-3.27726705016122,12.628902438701632,102.88555962792161,93931.075066,93931.099082,0.9601372913006148
-4.061401250993301,12.313076847491132,102.55239829190862,93931.0884,93931.113983,0.9582612624037268
-4.648265821181659,11.928148978975418,102.22717025593646,93931.101733,93931.126749,0.9855044322294987
-5.0711367049018286,11.509183246775775,102.03268020339385,93931.115066,93931.138738,0.9717262652753249
-5.3592745254245315,11.07200452728873,101.98328775408658,93931.1284,93931.152178,1.0
-5.464796302803654,10.574126857769695,101.69506921175365,93931.141733,93931.165756,0.9738031932100273
-5.400420860556839,10.096587870289207,101.50919395078387,93931.155066,93931.179022,0.9943933952458096
-5.119887550220573,9.64797220700991,101.46360711788084,93931.1684,93931.192988,0.9855047342142026
-4.623430732445616,9.244986541175502,101.228220654735,93931.181733,93931.206316,0.9994496699175337
-3.974581097175952,8.93952917671314,101.20515052030296,93931.195066,93931.220888,0.979023448250092
-3.153783314017578,8.664980827287796,101.1451362997038,93931.208399,93931.232684,0.999255766792322
-2.134966567307935,8.40672679701148,101.01392825981898,93931.221733,93931.245657,0.9979965456946222
-0.8823284377504332,8.19445375037978,101.02393239517602,93931.235066,93931.259181,0.9932829043382488
0.616313889363496,8.028293174931274,101.05921022170281,93931.2484,93931.272383,0.9828511874495035
2.273654942274666,7.959309388117122,101.13619645330648,93931.261733,93931.286207,0.979764155985971
4.0762219732721165,7.9525160900429395,101.34053831588444,93931.275066,93931.300428,0.9919844224745591
6.0212033910189104,7.930626871858478,101.61552255584124,93931.2884,93931.312454,0.9913782022300927
8.093138170086723,7.876351872666293,101.91780553348943,93931.301733,93931.331845,0.9657065415322583
10.230155221451332,7.778022767295287,102.11874370861348,93931.315066,93931.339477,0.9446925380375201
12.436069423057416,7.65454057686829,102.52933034347792,93931.328399,93931.352131,0.9618707138848711
14.675424679561432,7.458301193085234,102.99386329111971,93931.341733,93931.365534,0.9777619588915446
16.905584505494456,7.160932217765494,103.22792478552786,93931.355066,93931.380814,0.9894858772095022
19.186148636558265,6.779222255322759,103.69642708438442,93931.3684,93931.392632,0.9046310205738013
21.40101109326139,6.282723048402445,103.84903972774055,93931.381733,93931.408662,0.9794670471494359
23.633801203170922,5.677643554973427,104.25922378762208,93931.395066,93931.419053,0.9197749995232051
25.774083729571757,4.92493022126418,104.47332761466497,93931.408399,93931.438827,0.9340465802150137
27.820109582779313,4.089211737475805,104.58139756184468,93931.421732,93931.447229,0.9723177101775282
29.793086353321144,3.1927716891572717,104.81079251649274,93931.435066,93931.459611,0.9405202741691268
31.59408950185775,2.2144942573123085,104.82635877934496,93931.448399,93931.472261,0.996333114178399
33.36429092315493,1.0962472507977266,105.09337415417525,93931.461732,93931.486532,0.9812389547095139
34.996684906009065,-0.08602051359862796,105.22088706558158,93931.475066,93931.499881,0.9139498093152373
36.42929917476295,-1.1858065990497184,105.16707002435888,93931.488399,93931.512269,0.9567871476981207
37.80931537383059,-2.2391347153048318,105.32286304223473,93931.501733,93931.52708,0.9062544037358137
39.02208986131661,-3.2909565922787416,105.36497235767835,93931.515066,93931.540368,0.8427371925331121
40.1247483738263,-4.343658651196952,105.47973652939997,93931.528399,93931.552591,0.8793091382609312
41.04106968962818,-5.30058103165244,105.51313457226235,93931.541732,93931.565627,0.8816713070061644
41.81396929373716,-6.110922515592159,105.54532235271601,93931.555066,93931.579993,0.786955762971342
42.436383712975626,-6.842695604437715,105.52404429960353,93931.568399,93931.592598,0.9474268583597091
43.00362750796957,-7.546140644232723,105.63374979924464,93931.581732,93931.606273,0.9014535793588926
43.3755584299726,-8.182525110283665,105.5524782571154,93931.595066,93931.619434,0.8922865858108207
43.61687727009669,-8.694051289000628,105.49529095276534,93931.608399,93931.633272,0.8941798790007689
43.605176437982635,-9.029962491812233,105.08756483708342,93931.621732,93931.64796,0.8941798790007689
43.6858002160138,-9.300096903049727,105.1702733800446,93931.635066,93931.662074,0.848578221665532
43.5761114544959,-9.438165546882832,104.88986341363467,93931.648399,93931.673748,0.8474247772783903
43.317701282395625,-9.42732149951421,104.40130630340157,93931.661732,93931.685904,0.8926609959328541
43.01975670562503,-9.324524652074155,104.13337921493084,93931.675065,93931.699339,0.8596783429747161
42.51617012369357,-9.121760341552271,103.56642045693137,93931.688399,93931.713548,0.8854243519499322
42.02174403191083,-8.920381262119335,103.32605870463328,93931.701732,93931.7258,0.9034574121935101
41.259113029170486,-8.627419558291058,102.58281010498054,93931.715065,93931.74058,0.8890977218299013
40.46845035519947,-8.280801924667347,102.02458186281126,93931.728399,93931.754224,0.8339630163639665
39.518797675023,-7.891392938080929,101.32827334652605,93931.741732,93931.765778,0.8732618486287594
38.51180272146783,-7.5146985365117125,100.8416736242071,93931.755065,93931.779529,0.8931043865783506
37.30336348690842,-7.0858342312362055,100.12573925515971,93931.768399,93931.793616,0.9705456511784377
36.00723296271248,-6.606766516217172,99.46865588928942,93931.781732,93931.80555,0.9496200627780166
34.56993098207725,-6.073603917653983,98.67636953637162,93931.795065,93931.819301,0.9364844669858813
33.07950178336931,-5.539736078717596,98.12364773046482,93931.808399,93931.83218,0.9158758578977182
31.391309089650036,-4.969597551782396,97.28470920535514,93931.821732,93931.845835,0.9717940713936968
29.613810680810666,-4.380641044476778,96.55374249119409,93931.835066,93931.860722,0.9859996840922809
27.711146850038126,-3.7818825799528755,95.67908446187698,93931.848398,93931.872245,0.8884705199099548
25.780788932498258,-3.1817305982034205,95.00804786737784,93931.861732,93931.892945,0.9274851882810972
23.73614212761988,-2.596243592652552,94.23347752839688,93931.875065,93931.899813,0.8970071636234274
21.647523813110872,-2.0374195728540667,93.56796024956321,93931.888398,93931.918832,0.8406946429834109
19.531533348173554,-1.5002068479969908,93.0300762524858,93931.901732,93931.927712,0.9262627924495787
17.375247206130293,-0.9647487854386064,92.43261426326093,93931.915065,93931.939725,0.9628009452286039
15.212147315871272,-0.4415989032750361,91.75181891695914,93931.928398,93931.953387,0.9898000880970858
13.05813812032795,0.015981915169726996,91.04290169158661,93931.941732,93931.966369,0.932363302471957
10.880489329368526,0.3800286648108946,90.38489391216484,93931.955065,93931.981343,0.9679546114951925
8.685521636969934,0.6832334296816931,89.68265724885975,93931.968399,93931.994631,0.9663610217758359
6.55933576217882,0.9480508403494929,88.9207412069823,93931.981732,93932.006051,0.9584939772192437
4.542056074182591,1.2182996495502862,88.33048802757233,93931.995065,93932.019654,0.9983702115398899
2.611172730213143,1.5485692049804847,87.75616821310956,93932.008398,93932.03258,0.9744639933903637
0.7805948129465762,1.9201488019069204,87.21451267900268,93932.021732,93932.045693,0.9436531827060007
-0.9158997150983377,2.239804772535557,86.86155157849619,93932.035065,93932.059629,0.9730138173327534
-2.4706873928863615,2.4971110294849264,86.48122533466002,93932.048398,93932.073811,0.9989233727852616
-3.9089377395161797,2.705224749735697,86.09982589445265,93932.061731,93932.087523,0.9859690718868147
-5.248800095235003,2.9045916328114183,85.82578744330955,93932.075065,93932.099783,0.9393162078907488
-6.469723805320457,3.1292694459136605,85.72641609644707,93932.088398,93932.112062,0.9821272058245827
-7.541632362550407,3.357680705687015,85.46219017265693,93932.101732,93932.127124,0.9777094129741903
-8.47744237981225,3.628362458513703,85.36637556966983,93932.115065,93932.138843,0.9663058536780105
-9.274520411325515,3.9371542306083973,85.26908434297482,93932.128398,93932.152501,0.9478747878633353
-9.960866357853407,4.278012042723355,85.28510789852514,93932.141731,93932.165538,0.9320929850677387
-10.541176872547727,4.652022869149998,85.37593608206684,93932.155065,93932.180182,0.9816469852521686
-10.982207646819461,5.035488010453467,85.46622865885233,93932.168398,93932.192866,0.9712644424285775
-11.342555665057763,5.460149247685471,85.69853644653796,93932.181731,93932.207025,0.9544495286087056
-11.599562632576713,5.895257369662861,85.85776562850981,93932.195065,93932.218999,0.9843570544425898
-11.79937316356963,6.3441636526225516,86.16582667193275,93932.208398,93932.232408,0.9660453449292868
-11.891754843691238,6.767628575185551,86.33884907421444,93932.221731,93932.245422,0.9546075905079875
-11.95035249067919,7.1990123556508605,86.95331689358201,93932.235065,93932.259944,0.9738467775292999
-11.866216286743386,7.612851482807112,87.40134790939268,93932.248398,93932.27274,0.9848042323734155
-11.721684210976937,8.04782357921894,87.83570943580746,93932.261731,93932.286201,0.9626680282814344
-11.520155011692259,8.485432751913068,88.26053477615785,93932.275064,93932.2994,0.9644398662592906
-11.286601902458337,8.931497553824855,88.89325082140753,93932.288398,93932.312245,0.9183336395404296
-10.927860064529828,9.335241848707945,89.4490639395023,93932.301731,93932.327151,0.9782635305274425
-10.474439703591274,9.704138337626247,90.10020826742691,93932.315065,93932.33936,0.9563253998715217
-9.941922685019644,10.060522281509355,90.78826678471974,93932.328398,93932.352529,0.9454704952260088
-9.322977178722306,10.375915599615531,91.48239662450626,93932.341731,93932.365911,0.9511759523770423
-8.616370122663483,10.633962601762432,92.16206396141766,93932.355064,93932.383267,1.0
-7.79728422999111,10.818313706410459,92.75702389151112,93932.368398,93932.398598,0.9955950353196963
-6.896491024475932,10.95203758702746,93.40720126121838,93932.381731,93932.406483,0.9914521402031462
-5.928340898547096,11.040425849987836,94.24572771186347,93932.395064,93932.418963,0.9703728729117399
-4.886383869971736,11.047677589792725,95.02798966406,93932.408398,93932.43298,0.98753074573684
-3.7940277613772446,10.976071138380354,95.84420850648063,93932.421731,93932.445739,0.9991461035685693
-2.6622676144894366,10.814158228412468,96.37598796077232,93932.435065,93932.460426,0.9899439517724031
-1.5323437576305492,10.628321928474424,96.91370290635332,93932.448398,93932.472006,0.9927595408526084
-0.3879337547438071,10.40869909845355,97.4522890440762,93932.461731,93932.486555,0.9996230446984843
0.7507325416079115,10.190705511175402,98.0758198503169,93932.475064,93932.500158,0.9751238782073757
1.878461802802923,9.929836360331995,98.30801157695973,93932.488397,93932.5135,0.9495563125817106
2.9980908551101884,9.658854574306348,98.9095194178436,93932.501731,93932.526272,0.9713229320217367
4.126471953865591,9.253846497722684,99.26136415924283,93932.515064,93932.5397,0.9931219674391785
5.2613773431843995,8.764871122227088,99.553823642462,93932.528397,93932.552461,0.9804547950037235
6.338908217964996,8.30909013220127,99.90736495577076,93932.541731,93932.565742,0.9314825947901572
7.31761995278145,7.9328166935435265,100.23094945810728,93932.555064,93932.579154,0.9810127204934725
8.236054745342816,7.574903848490187,100.28236833794446,93932.568398,93932.593667,0.9766655780146873
9.133895822354221,7.23055967609574,100.58264686338347,93932.581731,93932.606437,0.9770140519122523
9.996762108383344,6.881900132648629,100.81701164188728,93932.595064,93932.621587,0.9966818378589802
10.779616182518124,6.556013913719158,100.73410900618505,93932.608397,93932.633881,0.9600098688785317
11.501622612230175,6.254249037162211,100.75006823365831,93932.621731,93932.645432,0.9927635864885552
12.174472321128102,5.924497228485877,100.6058326283883,93932.635064,93932.659534,0.979764155985971
12.810578228407909,5.590963395523399,100.45123155778577,93932.648397,93932.673045,0.9362817132199204
13.37790271368877,5.2698248674495405,99.99726473443883,93932.661731,93932.685799,0.9714422312537119
13.874030537975775,4.918500106228224,99.53679997260309,93932.675064,93932.699671,0.9828706636001847
14.295833839866077,4.549139470994091,99.06188207418613,93932.688397,93932.713484,0.9205778644262326
14.626880426678035,4.12364789842682,98.38959770797541,93932.701731,93932.726057,0.9998265598398616
14.89067365122626,3.6858943058701943,97.77201040732665,93932.715064,93932.741482,0.9974750264470085
15.047633692247155,3.231761246257,96.84701324687586,93932.728397,93932.754838,0.9908417786112346
15.143871646384584,2.793008415763238,96.0256445960095,93932.74173,93932.772792,0.9871115290853995
15.136538405570924,2.339764331577646,94.95217884791661,93932.755064,93932.779449,0.9913844327610254
15.046384489335992,1.857488757331631,93.76886163578509,93932.768397,93932.793594,0.9515781996220901
14.887343313256,1.3834044646122,92.48555282451345,93932.78173,93932.80775,0.94972264601326
14.66913380157392,0.9401070651769309,91.15672722828815,93932.795064,93932.819556,0.9822811472433103
14.390346328258909,0.4961849441173207,89.80577642032631,93932.808397,93932.834568,0.9534686645831424
14.034162829405568,0.052285641020849906,88.16855753485052,93932.82173,93932.846955,0.9886022381234744
13.620756084230434,-0.42665728732540603,86.438692730665,93932.835064,93932.860258,0.9984637841279801
13.167616733322252,-0.9272973425666798,84.74596862124243,93932.848397,93932.873094,0.9570313973880629
12.665336119438829,-1.5091461706939915,82.9339384368519,93932.86173,93932.88575,0.9942715145416879
12.127936622095179,-2.197720704370729,81.20865608902771,93932.875064,93932.898961,0.9513997291567161
11.53794338017471,-2.9337467973214073,79.39293329052659,93932.888397,93932.912592,0.9778184410889745
10.898076464865788,-3.6655331043436967,77.54494323332155,93932.901731,93932.92729,0.9872355633706557
10.259836557894134,-4.387423750364327,75.79885595847051,93932.915063,93932.93947,0.9343282034861288
9.642969765552966,-5.109587389531648,74.08499985603676,93932.928397,93932.955722,0.9266391168246203
9.036379946130948,-5.847628578528793,72.40925004360321,93932.94173,93932.965451,0.9905277074775601
8.431633864728044,-6.628212490944123,70.98136669011006,93932.955064,93932.980531,0.9724994823656464
7.795241179984881,-7.422433415069092,69.4456452391743,93932.968397,93932.993453,0.9591270632272212
7.178849367641247,-8.238851797367206,68.09408468367619,93932.98173,93933.005933,0.9478204506197815
6.628062042565249,-9.03743045230444,66.88154882787025,93932.995063,93933.019242,0.9857221975440498
6.147934885715905,-9.78224519812877,65.91623705057037,93933.008397,93933.032639,0.9705304321175736
5.673034414171009,-10.462340711584034,65.01853420310019,93933.02173,93933.045538,0.9995438291228221
5.1939698108347985,-11.09903830145231,64.19544192568296,93933.035064,93933.066364,0.9900846117087825
4.7655016390211005,-11.687582871120384,63.41165434687327,93933.048397,93933.073777,0.9825910231543662
4.4215509731854095,-12.253937004168826,62.90455491441835,93933.06173,93933.087642,0.9793505357564309
4.14941277424506,-12.723486500158469,62.52796015188369,93933.075063,93933.100323,0.9999993206013267
3.8938851585375303,-13.052996433409623,62.10151353881209,93933.088397,93933.112286,0.9896180776258887
3.65294103615342,-13.326169088612657,61.902998272187496,93933.10173,93933.126694,0.9921560662562063
3.4565135751229477,-13.522845758490478,61.72844847222122,93933.115063,93933.139481,0.9418902150441891
3.342908369686904,-13.640058120446174,61.673275210819384,93933.128396,93933.152274,0.9933860718307389
3.3260148445830238,-13.641432473352488,61.801657408375796,93933.14173,93933.165753,0.9556176257381133
3.3641145337853255,-13.457740251496405,61.88637702050912,93933.155063,93933.179907,0.9903546416253408
3.4357494955698424,-13.189109664184855,62.20804895061037,93933.168397,93933.192812,0.9756751136336506
3.5544461025403917,-12.850858070191013,62.618108964886105,93933.18173,93933.205603,0.9659699321325277
3.7499686159277514,-12.455657121535394,63.1412784534594,93933.195063,93933.219217,0.9638591499643815
4.0411931819205105,-11.946625440367528,63.798972403270724,93933.208396,93933.232843,0.9508135060610426
4.385707117701615,-11.292554213263392,64.46784828673817,93933.22173,93933.247828,0.9262013855407171
4.754383787163657,-10.522454389741547,65.33658491512028,93933.235063,93933.26142,0.9807083609255818
5.165815786409286,-9.632077160048235,66.28577287424535,93933.248396,93933.273799,0.9569233863466314
5.619774143722874,-8.666073286113624,67.3317393617756,93933.26173,93933.287178,0.9825978281803096
6.153118270011714,-7.608074141622716,68.5735875601523,93933.275063,93933.300613,0.9816650904368944
6.733264143796272,-6.452283377552751,69.94543765375077,93933.288396,93933.312391,0.9991775220472031
7.333053165771686,-5.222992294412095,71.52081255882126,93933.30173,93933.330681,0.9917438673045403
7.934390256200313,-3.9651702488236373,73.19560310850841,93933.315063,93933.341052,0.9703208269031935
8.523167405592599,-2.691206218283618,74.8799079170893,93933.328396,93933.352221,0.9514854738231796
9.095599220783255,-1.413097023860227,76.68198538801516,93933.341729,93933.365468,0.9995971127344493
9.639212958289562,-0.15447257636092776,78.5367126384494,93933.355063,93933.379253,0.9833544024691188
10.157270502915212,1.0631903511694305,80.50658897198015,93933.368396,93933.392929,0.9996758363399425
10.658266297156414,2.211247267852022,82.6473893860075,93933.38173,93933.40576,0.9739955880423202
11.114089501264683,3.292195812289915,84.61206830544398,93933.395063,93933.421311,0.9868679709439561
11.552989972358995,4.333008953240557,86.56937051283928,93933.408396,93933.432812,0.9743771520498609
11.99014702235729,5.331792681062575,88.5754084034379,93933.421729,93933.447081,0.986232819335235
12.403888084005851,6.2986974506651725,90.42654624448546,93933.435063,93933.459606,0.9979274601711504
12.842725043330256,7.252986519106264,92.3172326119071,93933.448396,93933.473007,0.9947476062552894
13.289049368629046,8.201230629160296,93.94723485187613,93933.461729,93933.48601,0.9739766497751337
13.741008953455236,9.158969923347744,95.55971677212669,93933.475063,93933.498854,0.9492018377838536
14.216425345055065,10.048590585096417,97.08356988674008,93933.488396,93933.512364,0.9936745104583504
14.714124187365792,10.823436231261837,98.39570871306847,93933.50173,93933.527467,0.960949678149022
15.196062532247675,11.495894324644018,99.43976350027964,93933.515063,93933.539438,0.9987931177331603
15.732931688128732,12.153882223038343,100.7995543369838,93933.528396,93933.555033,0.9549272109745323
16.235373785052122,12.670558562774374,101.88404065387621,93933.541729,93933.565974,0.9786639885550885
16.674907693448432,13.0599895511883,102.55954176690518,93933.555062,93933.581119,0.950400535890933
17.13502459230954,13.385795334631023,103.38341378484088,93933.568396,93933.593902,0.9782079176059336
17.573107055369377,13.598797516018944,104.08952779553384,93933.581729,93933.605493,0.9903620933835142
18.03373621725303,13.744077613258973,104.8964867630539,93933.595062,93933.618998,0.9136809348927881
18.45143691339465,13.797590617257141,105.49716140541253,93933.608396,93933.632827,0.9468915284562024
18.836298484331163,13.768207126864773,106.04555869673968,93933.621729,93933.64623,0.9834316029337239
19.159177456401764,13.68502941622016,106.59759164463547,93933.635063,93933.659322,0.9954747411787458
19.39055957755343,13.58566035936586,107.11718163448205,93933.648396,93933.673527,0.9671811160044439
19.464152753775505,13.497734440973579,107.53120011277464,93933.661729,93933.685882,0.8826639127542958
19.275009421379036,13.442965651430693,107.76268471095152,93933.675062,93933.698878,0.984446558484721
18.720810515377266,13.442519401553465,107.71468755298153,93933.688396,93933.713712,0.9567930232094128
17.792874103878834,13.490773576533693,107.46098807585432,93933.701729,93933.726895,0.9261743778771779
16.583661564084508,13.55300209747952,107.32161344294478,93933.715062,93933.739651,0.9911145363447204
15.065121154539433,13.55586353336265,106.79140511597026,93933.728396,93933.753387,0.9063230141842631
13.27027885325182,13.574540781660025,105.99144274141673,93933.741729,93933.766706,0.9388846583889527
11.242398555124716,13.614057523817513,105.1983276417379,93933.755062,93933.779672,0.955016404799849
9.044796623328406,13.6268185833633,104.56515708371408,93933.768396,93933.792807,0.9863099213863763
6.719289141537063,13.523631010493013,103.77863494413413,93933.781729,93933.807583,0.9544366772939932
4.269720938467275,13.438257274818758,103.1455515683637,93933.795062,93933.81952,0.9621836729606982
1.6955490818006762,13.369885316273022,102.54586388554209,93933.808395,93933.833101,0.9048644135057955
-0.9584138885287324,13.298421633599892,102.1828588047078,93933.821729,93933.853314,0.9714552744423995
-3.413960417042848,13.103761404721153,101.68031349094207,93933.835064,93933.865495,0.9294600306727138
-5.4690383989363545,12.81107174657671,101.327983343001,93933.848395,93933.872304,0.949439431404108
-6.99500500140412,12.450503401127285,100.91676061116326,93933.861729,93933.885902,0.9750762097012109
-7.973183334313958,12.101574277363031,100.70491778245083,93933.875062,93933.900318,0.9082743355883538
-8.314932554915679,11.68928916262345,100.36707806795044,93933.888395,93933.915245,0.9516413691645612
-7.945956360155138,11.166928916321076,99.86650554045976,93933.901729,93933.927563,0.9312942867233287
-6.929229050053505,10.698299522411897,99.64449055526872,93933.915062,93933.939443,0.9371771227367023
-5.302922595312464,10.381721794673783,99.2903535676979,93933.928395,93933.953349,0.9744059495421588
-3.2176814306058756,10.34810305332941,99.10381403313819,93933.941729,93933.966384,0.9199075796389556
-0.765959968194795,10.594338505425013,99.21614930197755,93933.955062,93933.978773,0.9777208690961383
1.9540073283324575,10.963965749992756,99.5804795078737,93933.968396,93933.992617,0.952036644614976
4.852589428542955,11.42964927720798,100.4229354992405,93933.981728,93934.007906,0.928362262279934
7.782860103702358,11.989345991276586,101.64539732527041,93933.995062,93934.019932,0.989881548748339
10.627045474537255,12.6451246755593,103.51835447742448,93934.008395,93934.032836,0.9856226721512343
13.254701778203206,13.341044696500317,105.73992659553402,93934.021728,93934.046024,0.9440255360825918
15.525721353438577,13.977885404085677,107.84842254980903,93934.035062,93934.059145,0.9667171138391711
17.48974613277757,14.605940750604903,110.29967529688028,93934.048395,93934.072444,0.8526051395456853
19.15423952329156,15.124561668366873,112.82650320649937,93934.061728,93934.086166,0.8511088993337935
20.463243506473404,15.454667711226085,114.92269656882297,93934.075062,93934.099438,0.9476789320103417
21.44760431663343,15.575334714207331,116.74502556878814,93934.088395,93934.113174,0.8925461409407949
22.31249299771759,15.414735287162756,117.87805237546219,93934.101729,93934.12653,0.8992970356251591
23.10347188776159,14.766647452660537,117.61844578335439,93934.115062,93934.141839,0.7597190511630404
23.923984657159952,13.843694145174236,117.25032644225323,93934.128395,93934.157917,0.8094327658938184
24.664708302033663,12.782880664032218,116.75653440451266,93934.141728,93934.16636,0.8718597298910109
25.091165101788032,11.71286280417506,115.63149624674132,93934.155062,93934.17909,0.912903875141699
25.29148900442408,10.682813782655487,114.3895748142801,93934.168395,93934.19501,0.9732439181656053
25.113836166014327,9.604799861160279,112.46167705704586,93934.181728,93934.206263,0.957286835799982
24.694130704125524,8.597360069338958,110.60327819076154,93934.195061,93934.221508,0.9464172589873198
23.97973567284841,7.78949446508183,108.80646737923894,93934.208395,93934.232902,0.9429921980578311
22.87869200880502,7.129459263101125,106.76484369491949,93934.221728,93934.247049,0.9382612633350946
21.511483959273328,6.56756934571444,104.92693554686635,93934.235062,93934.258992,0.9243027345520992
19.96372843849381,6.091249365560619,103.53520914012576,93934.248395,93934.272609,0.9791731282393569
18.385346573830503,5.688255840665474,102.54443520169747,93934.261728,93934.287324,0.9965611488642638
17.07892949335296,5.381874927857919,101.91226040814013,93934.275061,93934.299086,0.9528317421614944
16.281808576667014,5.186115410461836,101.51209079623712,93934.288395,93934.312204,0.999920762861739
16.115301578928992,5.121433857827126,101.3141311023823,93934.301728,93934.332447,0.9974026028110038
16.541912292076134,5.1637466317520015,101.34153621499406,93934.315061,93934.345454,0.9876149231557522
17.403471872068373,5.249293337711453,101.49818813435887,93934.328395,93934.352373,0.9374154820310041
18.572023159554313,5.282378646075742,101.65101178317619,93934.341728,93934.367168,0.9825747070351296
19.974413170666807,5.145865926630634,101.75543346991154,93934.355061,93934.380043,0.9639253181809362
21.574867743226676,4.9066701829652,101.98711637409579,93934.368395,93934.392836,0.9530787255477083
23.294049716692715,4.65173428698535,102.3290105689988,93934.381728,93934.406501,0.85239614776696
24.964073383684653,4.3983450031720235,102.47323809784966,93934.395061,93934.421243,0.8981109595843833
26.615176791092594,4.177886397614167,102.98367518119994,93934.408394,93934.433287,0.9814443143236727
28.193889157991435,3.971390181678947,103.56039523038133,93934.421728,93934.445776,0.9863039316032176
29.746102689599766,3.823217482161217,104.36717352307794,93934.435061,93934.46031,0.9320454744674603
31.149300407239554,3.7282690290523686,105.38870123289645,93934.448395,93934.472134,0.9535986954453556
32.14534978979208,3.619069566460511,106.28448613532775,93934.461728,93934.485762,0.9934171397652721
32.67754651789311,3.540879490485198,106.85331195222052,93934.475061,93934.49876,0.985701741206149
32.942467764375316,3.4855355790331153,107.51784407676634,93934.488394,93934.514066,0.8642205862882764
32.761678509483296,3.3612469605928825,107.62263120296014,93934.501728,93934.528536,0.9847933720193833
32.376620830926946,3.220850722688485,108.06494823772594,93934.515061,93934.541438,0.9853855070554374
31.47190854415827,3.149605469377523,107.88546612465045,93934.528394,93934.551999,0.9725459299643667
30.1262845477747,3.1064589794832407,107.26138625644964,93934.541728,93934.565351,0.962208530193632
28.507445299251504,2.9866263793820984,106.58193032252574,93934.555061,93934.578819,0.9915418871440697
26.601676717795804,2.791778744036505,105.6605414071968,93934.568394,93934.593022,0.8817319885875404
24.46058244179533,2.6458489122029767,104.69469068941626,93934.581728,93934.605156,0.9560733615650596
22.05709592879525,2.622885649176676,103.86579167013313,93934.595061,93934.621282,0.9496507504372759
19.389556927896127,2.717294620078096,103.02198448278679,93934.608394,93934.63324,0.9687868750740042
16.513945331085075,2.7357713875273006,102.18660715538427,93934.621727,93934.647067,0.9745426728262051
13.386669751001495,2.599995288440447,100.62086674423094,93934.635061,93934.659841,0.9069247190947018
10.19113318361253,2.423261001066397,99.37012706957293,93934.648394,93934.672723,0.940647607546285
6.8438936655618905,2.345298044996448,98.45127994965533,93934.661727,93934.685935,0.9628604015386989
3.324576771807338,2.2610816965060083,97.09628495438017,93934.675061,93934.699577,0.7661264432315835
-0.39732232501585524,2.0281360739707077,97.93187307399157,93934.688394,93934.711994,0.7359354299312739
-4.07107689429859,1.5461082993272641,95.92148864543005,93934.701728,93934.726135,0.7455211905693315
-26.697430525327313,-2.3212955592913387,94.91417256180503,93934.795061,93934.821039,0.967308065887088
-28.838096097165025,-2.8131260879783757,95.27740151861859,93934.808394,93934.832737,0.98528051186783
-30.482171425684307,-3.2625475955645946,95.56268905381073,93934.821727,93934.846243,0.9974669191168851
-31.507961860498764,-3.7181014869169964,95.7763980415423,93934.835061,93934.859765,0.9996862873834126
-31.95158901526029,-4.061654462682544,95.8900145419068,93934.848394,93934.8742,0.9708186595794549
-31.951746657395987,-4.171123753078203,95.81282938432454,93934.861727,93934.886973,0.9803943010893237
-31.69029809534148,-3.980317549640498,95.79034076964018,93934.87506,93934.899141,0.9679773286838788
-31.0542769189132,-3.6398109034143724,95.61528732498151,93934.888394,93934.918675,0.9853525708094658
-30.042576379326217,-3.231605984040492,95.58450247645693,93934.901727,93934.926927,0.9512442115362322
-28.658323348014328,-2.7096542877785796,95.63751978182057,93934.91506,93934.938854,0.9898788883628682
-26.835183192726436,-1.9727845476307049,95.45652347645405,93934.928394,93934.952643,0.9910631734685257
-24.79110199536171,-1.0418295801347788,95.62597775711396,93934.941727,93934.973119,0.8899348386169683
-22.497826401408602,0.02412994928516818,96.12532283443078,93934.95506,93934.979959,0.9837487984715921
-19.949228606699076,1.1479474067993192,96.77319007518878,93934.968394,93934.992685,0.931693509051138
-17.29717169920167,2.2811133659328253,97.77767913709678,93934.981727,93935.008359,0.9654596687018558
-14.537073819432424,3.349740650202023,98.70346237483889,93934.99506,93935.019532,0.9905726097235913
-11.822724709962992,4.286979399686742,99.8388241366903,93935.008394,93935.032663,0.9775771151857318
-9.186136510894064,5.036983701329308,101.2061970181372,93935.021727,93935.04614,0.9974528185318621
-6.678206204745463,5.570740920019371,102.42729217505784,93935.035061,93935.060159,0.9756618293001622
-4.495135966632612,5.896993565034612,103.59695127752151,93935.048394,93935.072933,0.944820159768214
-2.6379930982603415,5.9771106895998765,103.87301878076923,93935.061727,93935.086692,1.0
-1.1407516335099066,5.766157628359854,104.0177482598622,93935.07506,93935.101372,0.9214611931721947
0.1177565438367503,5.245535529002549,103.35167728723843,93935.088393,93935.112981,0.9701903147971024
1.0133000972098187,4.5723079613274935,102.70954191748429,93935.101727,93935.126293,0.956596795395946
1.5248708418196089,3.8638503960113133,101.64670371270235,93935.11506,93935.139676,0.9979055677696747
1.6287490541636636,3.1811384800733102,100.31156374615661,93935.128393,93935.152452,0.9901725385692353
1.3453886668688821,2.529680301403373,98.893190051605,93935.141727,93935.165631,0.9938002271232748
0.7245290458073544,1.9049784468156188,97.51686013714959,93935.15506,93935.179158,0.9693235004661744
-0.12389649977737983,1.363372092995897,96.32228208071852,93935.168394,93935.193294,0.9476632407454549
-1.1324416256850922,0.9379869637685927,95.42880345116247,93935.181727,93935.20634,0.9956805149755525
-2.1867789272554616,0.6699410552885917,94.69793446299938,93935.19506,93935.2199,0.999382669198136
-3.146757774405082,0.45809399321551525,94.12250623441255,93935.208393,93935.232842,0.976935842014504
-3.762324610397923,0.23919967277814388,93.88542404764144,93935.221727,93935.246439,0.967494898538461
-3.8013985020848913,-0.05037471599534631,93.78346103190181,93935.23506,93935.259732,0.983676292328441
-3.224433175508496,-0.2361919035088026,93.62706226184284,93935.248393,93935.273019,0.992150748432814
-2.14595381587051,-0.23709377314647,93.40753776583828,93935.261726,93935.287135,0.9793350862013765
-0.6925528113360687,-0.14723611033431322,93.28658728291349,93935.27506,93935.299991,0.9913089027175394
1.1675526332543527,-0.27252236677869784,93.0774827023731,93935.288393,93935.314605,0.9818306435116594
3.444765252172592,-0.6578931968768592,92.9942203721754,93935.301727,93935.326413,0.9696167232636927
6.021071821797262,-1.0914688455877497,93.06730150224759,93935.31506,93935.341133,0.8699592512032946
8.739997475548952,-1.3914275976709163,93.34101639758494,93935.328393,93935.352681,0.9897357292341324
11.631168432629806,-1.569649300831161,93.75793229553888,93935.341726,93935.365415,0.922321497552338
14.81346489526862,-1.7332553864927245,94.53352583801004,93935.35506,93935.379513,0.9576070936596692
18.286757233648917,-1.9132661749615059,95.54871960799369,93935.368393,93935.393763,0.9511752189583447
21.80973810345514,-2.0340720522466036,96.17040877079869,93935.381727,93935.406306,0.9890333314149543
25.152560194256438,-2.052106770512428,96.88198553776519,93935.39506,93935.419504,0.8431555874464635
28.666699946046517,-2.123762704489258,98.90467793585366,93935.408393,93935.43873,0.9030896679169884
31.81527433927779,-2.3031020321647997,100.3657029888357,93935.421726,93935.447162,0.9158969400966985
34.744825736677846,-2.6519412258161816,101.89290724547675,93935.43506,93935.465919,0.9480024183640882
37.396561202006936,-3.0786342035875145,103.15959932302796,93935.448393,93935.472125,0.9866019841208953
39.81012665476131,-3.5542593035543604,104.37668606227727,93935.461726,93935.486059,0.8410629040885121
41.92995983151182,-4.163338938649181,105.44435035588108,93935.475059,93935.499021,0.9053337166814657
43.65769681173559,-4.947785293456423,105.89106221477762,93935.488393,93935.512254,0.9949455279057347
45.16528990168336,-5.843850807942803,106.0603832230631,93935.501726,93935.526212,0.9534058172597251
46.4413590477191,-6.685028601020086,106.00636836596807,93935.51506,93935.539964,0.9891947999625091
47.55604046391682,-7.412560203531918,105.88065947951853,93935.528393,93935.554469,0.961540552710187
48.384614670782334,-8.036210580333362,105.48354481109408,93935.541726,93935.568042,0.8228045490049226
48.99592590691537,-8.6326786980724,104.95941540964157,93935.555059,93935.579292,0.9523996541683308
49.53231932953715,-9.256859719499582,104.66914320990377,93935.568393,93935.593039,0.8805252463643746
49.59576260988001,-9.776154427441226,103.7387867340018,93935.581726,93935.606358,0.8467536025148702
49.61530719766346,-10.175045596532318,103.09980744564373,93935.595059,93935.619686,0.8544868545699974
49.47320169395061,-10.362828144355625,102.57493034008864,93935.608393,93935.633417,0.8957959456074389
48.95112251250833,-10.379071293827717,101.58584353253565,93935.621726,93935.647782,0.9105904469331377
48.37783711455486,-10.34150929212476,100.8566800398367,93935.635059,93935.659754,0.816231316732973
47.76428028702603,-10.229147096618153,100.32123396763834,93935.648393,93935.675438,0.8556934039921495
46.96529916576836,-9.950855676667292,99.57191166748237,93935.661726,93935.688242,0.799300906464615
46.102991807796094,-9.505573606278626,98.87960146832553,93935.675059,93935.699373,0.8854473736791393
45.14451574126033,-8.942245387484794,98.17918884603465,93935.688393,93935.71457,0.8487348982907295
44.13391847929111,-8.391841355346344,97.64819097080661,93935.701726,93935.726853,0.8985756748244288
42.869494924567874,-7.873342922686542,96.7674945909478,93935.715059,93935.73934,0.9597074045628274
41.59490515234825,-7.421111585816109,95.98538522633068,93935.728392,93935.753038,0.8192497782249738
40.25290698502398,-7.030818624565102,95.15546483380999,93935.741726,93935.766025,0.9906061161732308
39.04619763862668,-6.791678814899258,94.60965586506195,93935.755059,93935.778693,0.9529775343379091
37.82557817805609,-6.746921842984078,93.94149119430057,93935.768393,93935.793157,0.8562318462209157
36.70391853633204,-6.940066587374976,93.51640223915436,93935.781726,93935.80851,0.8607123851548333
35.55595778991958,-7.234228362468499,92.95057784392515,93935.795059,93935.822689,0.8697386705384168
34.63513625351526,-7.626308806321935,92.66965978686332,93935.808392,93935.83403,0.8961902138247242
34.008621974312184,-8.105175178544798,92.51986021212197,93935.821726,93935.84575,0.9376045236528932
33.75319092933281,-8.512251305466487,92.62858072643354,93935.835059,93935.859752,0.9431015591509871
33.778025656190984,-8.647272995214518,93.0114333119521,93935.848392,93935.87267,0.877233707546311
33.86593335414503,-8.508241708683626,93.43192865118404,93935.861726,93935.885495,0.9195007896200981
33.90510151689581,-8.3286940254397,93.80984878441048,93935.875059,93935.899755,0.8873551661824108
33.9165258852525,-8.208041183697762,94.15897981835916,93935.888392,93935.912905,0.8836649981005162
33.96370665455157,-8.00281716703105,94.55209375606185,93935.901726,93935.926578,0.952356162485624
34.046037643244354,-7.594887440742883,94.88449274482986,93935.915059,93935.938823,0.9460604355332844
34.250620368583334,-7.063189088366846,95.24942113188305,93935.928392,93935.952231,0.9645701694419857
34.63684291387034,-6.492918181304065,95.74470080296986,93935.941725,93935.965677,0.905348963970294
35.171982416986644,-5.895284388929744,96.30742416857424,93935.955059,93935.979197,0.9049946782465242
35.920719811592825,-5.305347758437012,97.10782152042033,93935.968393,93935.994345,0.9954747411787458
36.82343608409657,-4.774084377050876,98.08020355903005,93935.981725,93936.007723,0.8661394066860352
37.68356259896169,-4.349075159413965,98.72828018429054,93935.995059,93936.019119,0.8946112045646797
38.70651857365698,-4.058543709515569,99.722934519763,93936.008392,93936.032431,0.9961001352867828
39.75393775023547,-3.9161213692322705,100.76188749136584,93936.021725,93936.046828,0.9365109833681025
40.72515225790101,-3.9228611412571026,101.64970441393808,93936.035059,93936.05929,0.8498820973730132
41.522202075444035,-4.002579261188247,102.097452959178,93936.048392,93936.079379,0.9837583460670187
42.340509230465656,-4.217952299609002,102.70041685987216,93936.061725,93936.08696,0.8449725217562644
42.96239257040606,-4.591299385431321,102.91028665500909,93936.075059,93936.099524,0.8207789500126174
43.54413203210188,-5.11750752455449,103.13323580244831,93936.088392,93936.113051,0.8715051424707304
44.057559536877726,-5.772114249755709,103.3476006071705,93936.101726,93936.127652,0.9845862586860709
44.371403648056074,-6.4691389435153415,103.2851323621236,93936.115058,93936.139684,0.9785940388562685
44.54524020305571,-7.160585225201329,103.01784839266675,93936.128392,93936.154428,0.8946938444510856
44.71007630427199,-7.8404546662230725,102.88740119062793,93936.141725,93936.166086,0.8756328933594678
44.81020839974977,-8.438044435707022,102.76526850731287,93936.155058,93936.180496,0.8879573655555297
44.722313657280445,-8.885982520733059,102.45988164726529,93936.168392,93936.194237,0.9235604324968832
44.63141838176054,-9.202281657202349,102.4631439741042,93936.181725,93936.205151,0.8039282417562419
44.14330642797715,-9.306459115678509,101.76567908765264,93936.195058,93936.21872,0.8329543351878894
43.61000867005888,-9.308584593126405,101.28593995361408,93936.208392,93936.23425,0.9754956549789732
42.959901211247335,-9.200043822951262,100.89707729086072,93936.221725,93936.24635,0.9286423987690922
41.95100275854743,-8.867747072219489,99.98988750910647,93936.235059,93936.258976,0.8840749737485495
40.72763346735903,-8.361870845307486,99.0365465932728,93936.248392,93936.273235,0.9091065803905035
39.31571864072595,-7.76382299600301,98.15627149173851,93936.261725,93936.286125,0.8361645462537172
37.60925169554887,-7.095798725792173,96.98532007584737,93936.275058,93936.298809,0.9010761648061842
35.84709102172372,-6.407445990748864,96.07606290574186,93936.288392,93936.312234,0.9393102581635033
33.896115222058874,-5.643707421602483,95.03188475862224,93936.301725,93936.325944,0.9547005347036644
31.869237573148837,-4.844233819286117,94.13110302581927,93936.315058,93936.339021,0.8517909192354487
29.682057214884765,-4.057255534537575,93.13166948478003,93936.328391,93936.35217,0.9989874075000109
27.395882649889344,-3.3689294113356767,92.1443350265883,93936.341725,93936.365544,0.9287652422464505
25.083735091618834,-2.730740743594963,91.31995934601586,93936.355058,93936.38022,0.9340228051094768
22.647899507139318,-2.030467079558404,90.17642831807768,93936.368392,93936.393125,0.9207210714231241
20.267427622279186,-1.2211421972810788,89.45426181775046,93936.381725,93936.407354,0.992368658659066
17.76858920268552,-0.35838946591160686,88.47073356251173,93936.395058,93936.418949,0.960975934742096
15.221409858326192,0.44027820703291415,87.50258530433626,93936.408391,93936.436155,0.9746685603814313
12.666706130633335,1.2024151900952467,86.95583309882753,93936.421725,93936.453031,0.9535216449868332
10.009131084046738,1.9290534300321798,85.88311808323685,93936.435058,93936.459519,0.9757201119359785
7.344000096227749,2.6353298140347405,85.21190193385414,93936.448399,93936.47201,0.907070243967692
4.689509484314326,3.249345234085863,84.27919209624119,93936.461733,93936.48751,0.9970284346669954
2.1222306207266413,3.7507913558834334,83.59044502933823,93936.475066,93936.499017,0.9932292823521046
-0.3247319045662791,4.156021612306213,83.03348132832598,93936.488399,93936.515222,0.9712330869733066
-2.7123283250180417,4.491504248710062,82.51950365807129,93936.501733,93936.532801,0.9457815372868882
-5.0247186904047565,4.70255848110193,81.84398401711601,93936.515066,93936.540867,0.9552515604006235
-7.217898785661234,4.783998031025919,81.2546673838276,93936.528399,93936.553863,0.9740190230362872
-9.256150580067134,4.768503706705648,80.71520878311148,93936.541733,93936.566348,0.9629800943040019
-11.117501584383954,4.710195317401082,80.15818767993451,93936.555066,93936.581232,0.9637738149214464
-12.9062597022164,4.657683150838611,79.70583443736928,93936.568399,93936.593782,0.9970903277399037
-14.565921745823198,4.568783219257674,79.140117860713,93936.581733,93936.607466,0.9056680742497468
-16.12450647822387,4.433153694528241,78.75982358189367,93936.595066,93936.619174,0.9579352068508773
-17.448390404913997,4.2183215915750125,78.28995788771343,93936.608399,93936.633502,0.9659743767206272
-18.609806366267996,3.9789773944008116,77.99802795980924,93936.621732,93936.645985,0.9872682920999937
-19.615820249719558,3.7304115468731354,77.76050676253321,93936.635066,93936.660445,0.9525055510920908
-20.416436723332946,3.451944942368739,77.4088249981524,93936.648399,93936.673262,0.9999623081688065
-21.097261853352784,3.1482397475802415,77.21695390507088,93936.661732,93936.686663,0.9440515389819822
-21.5797075689157,2.8310733139614572,77.09148713941292,93936.675066,93936.699825,0.9349176927481573
-21.847629757439112,2.5273671944358145,76.92298289363866,93936.688399,93936.712097,0.9540205582370814
-22.020496492778857,2.3086763110881985,76.80607039307375,93936.701733,93936.727008,0.9783192845394063
-22.140190780798914,2.178700095870289,76.79993808287708,93936.715066,93936.739435,0.986783594840996
-22.043984406481876,2.0585851232217496,76.57308801182013,93936.728399,93936.753408,0.9678053125970897
-21.80059314799088,1.93774290773746,76.56384506630144,93936.741732,93936.767162,0.9815092529573813
-21.362422882755762,1.8345402536175628,76.55642151462551,93936.755066,93936.78045,0.9998462786829777
-20.82475480718991,1.8098862543682004,76.57158413751824,93936.768399,93936.793754,0.999708642425218
-20.20807245507012,1.8531330968813804,76.62444146512696,93936.781732,93936.805365,0.9948272921490049
-19.45584332416748,1.911381048356512,76.671882010654,93936.795065,93936.819494,0.9693164199266523
-18.533113260335774,1.961028371568368,76.80715395308393,93936.808399,93936.832621,0.9908308318501075
-17.420178661781662,2.0506927290455343,76.9931956748267,93936.821732,93936.846115,0.9728701055665493
-16.167016843572743,2.205720988545149,77.26769197670163,93936.835066,93936.859055,0.9658723810789962
-14.794123531011463,2.4440907434137733,77.60983644151462,93936.848399,93936.872041,0.9632363860637643
-13.271211298153883,2.7335824941733975,77.93536175745284,93936.861732,93936.885512,0.9913366452226179
-11.64228974246993,3.046456416352897,78.58205407584319,93936.875065,93936.899766,0.9660269720111672
-9.797581388029455,3.3549393339197793,79.11941065960421,93936.888399,93936.913694,0.9950510313268673
-7.762344300283564,3.6328345260018065,79.55177244247909,93936.901733,93936.926558,0.8967931122956447
-5.662915601542037,3.868170815557999,80.23777561900386,93936.915065,93936.939955,0.978471878982109
-3.495112141051928,4.0280406676144995,81.0273747839727,93936.928399,93936.952291,0.9876127227362381
-1.2514768555650477,4.091132378467119,81.61927070742637,93936.941732,93936.9661,0.9940156273155276
1.0220506808089775,4.033814276450648,82.2482686978696,93936.955065,93936.978931,0.9861200982088317
3.3197985642409584,3.8922157952328638,82.91459001104379,93936.968399,93936.992967,0.9920436708577801
5.634622097711818,3.6834799348856944,83.75251124571014,93936.981732,93937.006089,0.9941389184252212
7.91150124343852,3.3582375283432246,84.51703105710983,93936.995065,93937.02144,0.9739151726881751
10.141111781184861,2.9108326219442366,85.49787791297793,93937.008398,93937.033054,0.9880306395984144
12.246629220842173,2.381792699048272,86.43194805766488,93937.021732,93937.047744,0.9856839121787826
14.215322687819294,1.803565301995255,87.42810623491681,93937.035066,93937.060472,0.9618402203570459
16.000243680159144,1.194862054604224,88.28483699101209,93937.048398,93937.074065,0.978089487018653
17.546756726744967,0.5838244629346763,89.05617504815974,93937.061732,93937.086466,0.9952799755405963
18.75056704316692,0.05196061523058087,89.5004143143912,93937.075065,93937.098743,0.9810525043313377
19.699721311794963,-0.34216338214213404,89.93984192260109,93937.088398,93937.112762,0.9325352270654012
20.324627288521746,-0.6187017574102316,89.89447963255695,93937.101732,93937.126628,0.9886097023852376
20.75238704065476,-0.8527699248091098,90.09093423594992,93937.115065,93937.138844,0.9680517827432781
20.798286743912236,-1.0461946632912316,89.93914362288632,93937.128398,93937.153293,0.9724335713449608
20.43973288854117,-1.1192277247805682,89.56343521401305,93937.141732,93937.166788,0.9549920083985358
19.622827772932798,-1.0919713360750285,88.68481704617652,93937.155065,93937.178725,0.9580939010606798
18.418506702799235,-1.0979578983889096,87.79340680515814,93937.168399,93937.192994,0.9945697194153542
16.779228849079487,-1.1456920386351475,86.68846806887488,93937.181732,93937.205276,0.9783400096475358
14.771278313741366,-1.1156960590646525,85.63610898299238,93937.195065,93937.226046,0.9612680073752002
12.484858017740953,-0.992843855285175,84.66484306330848,93937.208398,93937.233064,0.9740954758906336
10.08334176422112,-0.86433747496096,83.7765521364619,93937.221732,93937.248786,0.8832644233827365
7.880814105391668,-0.7764825559759636,83.14599038756253,93937.235065,93937.260504,0.9672772167128182
5.97109862656064,-0.6360024708342761,82.81175273153062,93937.248398,93937.272196,0.979282585360318
4.406008063868869,-0.4254878072848738,82.64699693617364,93937.261731,93937.285555,0.9363307348425083
3.1580829334410225,-0.25787137689431233,82.47781028681399,93937.275065,93937.298838,0.9964073994193023
2.273333371206344,-0.2811324660475872,82.4749051779569,93937.288398,93937.312487,0.9495410461211174
1.8462265192382772,-0.5212766352074714,82.47833958871686,93937.301732,93937.327515,0.930970263565871
1.961353809306995,-0.8299779296283636,82.41789961316016,93937.315065,93937.339535,0.9266975402152647
2.5863377393962277,-1.0726342125717112,82.36696408672968,93937.328398,93937.353682,0.9593756384063669
3.6047212504210444,-1.219745325441999,82.40174739123472,93937.341731,93937.367153,0.9700351883843007
4.8993275886767,-1.3091993451423665,82.60120560148657,93937.355065,93937.381977,0.986956165215349
6.451825957483134,-1.3332779040438618,82.81967346688423,93937.368398,93937.393322,0.989953774238462
8.248591803366688,-1.2723502694560271,83.44379343895727,93937.381731,93937.406217,0.951016299049454
10.182129580941286,-1.0563168539520535,84.3663590530165,93937.395065,93937.419301,0.9759683485597672
12.093445736870642,-0.6264335337221342,85.46504146814812,93937.408398,93937.433359,0.9958684906764067
13.849819031865367,0.002387028345627857,86.61711463074917,93937.421731,93937.445878,0.9866281839392324
15.459575424636462,0.6806285724907568,87.75982827851877,93937.435065,93937.46118,0.9586833688928809
16.982358614592812,1.3084728026076222,89.25229724791987,93937.448398,93937.473111,0.9869419825852505
18.31580309817928,1.835968239798809,90.55865593576866,93937.461731,93937.486142,0.998007213693517
19.400799421198577,2.288069699001098,91.82083803224016,93937.475064,93937.500282,0.9486579253749673
20.192818921348813,2.5601050050990026,92.69108538385827,93937.488398,93937.512621,0.9235876636826676
20.841039170500636,2.498665643380814,93.33770552794977,93937.501731,93937.527111,0.9636971646336485
21.338000119966576,2.1227058254668694,93.50095360332746,93937.515064,93937.540268,0.9575228729918593
21.747732480276966,1.5436695468738966,93.61421381199136,93937.528398,93937.552564,0.896662632050683
22.090252422057763,0.9224107156915148,93.55351234336953,93937.541731,93937.567154,0.9644734409725492
22.429645542791633,0.220715055409011,93.42642423125403,93937.555064,93937.580999,0.9725426458361087
22.78773918123997,-0.561446363224786,93.27965991103159,93937.568398,93937.593888,0.9758015944459916
23.171797526092366,-1.4090021768701442,92.98304282493858,93937.581731,93937.605356,0.9797102819893484
23.653678415927615,-2.2229174125784543,92.88697774302616,93937.595064,93937.619395,0.932331334849019
24.1579123293038,-3.0328734583654455,92.5971136131414,93937.608398,93937.632909,0.9957267354545879
24.70920055505148,-3.894692500745209,92.33981939601756,93937.621731,93937.646134,0.9732435736410662
25.282599472239326,-4.811780604595625,92.14217534914347,93937.635064,93937.660124,0.9997897071909351
25.800982047014603,-5.805967115809877,91.6999615748028,93937.648398,93937.672068,0.93572997005559
26.319778110744778,-6.927526721180964,91.30628080291493,93937.661731,93937.685647,0.8776451386216997
26.875689889825317,-8.16409675279146,91.04314609754165,93937.675064,93937.699106,0.9192101138940872
27.380651906484868,-9.491307166837633,90.73380112955438,93937.688397,93937.712545,0.9233061491998259
27.814424917648243,-10.87240731719949,90.37514497686995,93937.701731,93937.725935,0.9396549098004378
28.16491252768889,-12.327511829790483,89.9691566111512,93937.715064,93937.738872,0.9905133174552443
28.55670779569034,-13.906489360884667,89.88955601791179,93937.728397,93937.753939,0.9227734722473554
28.85652613978976,-15.532279900396409,89.62398908103725,93937.741731,93937.765573,0.9498519141780488
29.12414246256906,-17.181275854098587,89.40830473218934,93937.755064,93937.780554,0.9852433823523274
29.399250134854398,-18.909947600439978,89.49373889386312,93937.768398,93937.794299,0.9573343044393383
29.53852277745434,-20.595786100897097,89.45200893810352,93937.781731,93937.806535,0.9394773240138391
29.54889566735257,-25.761092017804533,89.56142591252097,93937.821731,93937.845665,0.9087922658545445
29.417743198518025,-27.33102265021882,89.81745738397889,93937.835064,93937.860842,0.9178846041155574
29.06586764541458,-28.64051291650142,89.76345521474215,93937.848397,93937.872506,0.9327441303619355
28.666578714489418,-29.815554737319736,89.84816282022793,93937.86173,93937.888111,0.8902476704157845
28.130198367021464,-30.696591274358035,89.6917125580316,93937.875064,93937.900045,0.9211460227096153
27.582422812061207,-31.297506041504437,89.72085368437406,93937.888397,93937.914762,0.8752192529058301
26.95512693019894,-31.503388406731165,89.72405403883337,93937.901731,93937.9262,0.8722858434179768
26.22959094408146,-31.270840397620454,89.50571364132944,93937.915064,93937.939004,0.9410929456376882
25.556236720851945,-30.817068205108352,89.43391853876409,93937.928397,93937.953056,0.9244257369239236
24.923174087187448,-30.095856986218898,89.46024545353399,93937.94173,93937.967578,0.9280883381946545
24.252412152864586,-29.01969277424199,89.43974143978474,93937.955064,93937.980617,0.8798744167859353
23.537338028552856,-27.6616649089349,89.51061141331503,93937.968398,93937.994525,0.8372973758171895
22.764030106664677,-26.121399442382796,89.61493481991349,93937.98173,93938.006665,0.66621280360034
21.793168030445734,-24.22669206366714,89.10236606363465,93937.995064,93938.025705,0.9949555351152972
17.95098579865392,-16.52372637495895,89.5560546235168,93938.048397,93938.072506,0.987542010528377
16.844038677827527,-14.449645693565428,89.68078626443965,93938.06173,93938.088709,0.9278216985534059
15.6516014377973,-12.32386677949162,89.31450662441189,93938.075064,93938.098779,0.9565647988102581
14.509653414705008,-10.303854646614182,89.43335808232804,93938.088397,93938.112643,0.8711157431394472
13.36279578477339,-8.316334033656188,90.07007543774596,93938.101731,93938.126362,0.9236043956825325
12.15911328838587,-6.33447543921715,90.0525966916976,93938.115063,93938.139155,0.999146342638555
11.033882581092216,-4.481720975717517,90.40924260536984,93938.128397,93938.152344,0.971566655686205
9.927977882645903,-2.7291280589689366,90.34447314120843,93938.14173,93938.165696,0.9662658138419692
8.92716342453129,-1.1246336146078686,90.72876767608636,93938.155063,93938.178925,0.9759553358920461
7.976927500254353,0.34566946352116473,90.95882950462268,93938.168397,93938.192661,0.9587330202777241
7.0906387586083826,1.6518812624860462,91.23625410084144,93938.18173,93938.207157,0.9712014740866398
6.314704066245951,2.8319063651158,91.66764694264005,93938.195063,93938.218831,0.9388000839573151
5.5842998096524585,3.9300152048630994,92.16757994528055,93938.208397,93938.232734,0.9853206744213742
4.774655465095527,4.974698667742685,92.58529476674723,93938.22173,93938.245808,0.9817463317571156
3.7997375302075946,5.977857337786727,92.75601416541853,93938.235064,93938.260123,0.988657399746468
2.6620127539287033,6.871168515100438,92.98179892028953,93938.248397,93938.272305,0.9645297062846068
1.4520267190499982,7.600751824139932,93.03343888481977,93938.26173,93938.287308,0.9848451187176934
0.18608945637549268,8.26958625209933,93.04780810629505,93938.275063,93938.298848,0.9586107208566691
-1.1485455905978803,8.969752980565607,93.19452080405205,93938.288397,93938.314205,0.9632181202526569
-2.542578682120011,9.628272304267583,93.04596124251222,93938.30173,93938.326313,0.9761537249982558
-4.012342507412342,10.194143929084936,93.00942314570405,93938.315064,93938.341164,0.9999300867762644
-5.526723375310191,10.54702371543017,92.67199748525245,93938.328396,93938.352649,0.9806753153568138
-7.070404062437841,10.81242818086582,92.43029869173503,93938.34173,93938.365451,0.9737436532431504
-8.59277470780722,11.006129673802521,92.15208717303462,93938.355063,93938.379483,0.9838440933640361
-10.052202396178187,11.166587101161543,92.04213849764582,93938.368397,93938.393059,0.9556262558241158
-11.32067749784557,11.203069126398407,91.75317677866069,93938.38173,93938.405595,0.9958771598747118
-12.331088463829168,11.12419079318198,91.37852697888962,93938.395063,93938.419975,0.9661648038130336
-13.089341434063352,10.995415694341984,91.23311219821782,93938.408396,93938.436337,0.9983708135658713
-13.463598519207254,10.83623572523104,90.98562901254374,93938.42173,93938.447322,0.9913844327610254
-13.448470355111144,10.699495713343957,90.93643343129958,93938.435063,93938.459371,0.9827327426915694
-13.022221585172089,10.616609666140253,90.86709614930469,93938.448396,93938.47213,0.9817934167569266
-12.255504083014689,10.619419291240758,90.98783661734218,93938.46173,93938.485736,0.9821911279186882
-11.128175456030819,10.695491188360926,91.25416467436902,93938.475063,93938.499845,0.984803771326824
-9.589367972042874,10.776153758827494,91.24575637059738,93938.488396,93938.512178,0.9905869858937368
-7.83315031927591,10.981797320791287,91.68943932231977,93938.50173,93938.52919,0.9462741680649979
-5.85203765874232,11.254218860622066,92.12666455226243,93938.515063,93938.539829,0.9741307347882239
-3.710893013534861,11.571026615778019,92.7710547277861,93938.528396,93938.554119,0.9781045115643434
-1.458038246839217,11.89870425874554,93.65625871498692,93938.541729,93938.568205,0.9639802128923256
0.8983803568185561,12.174226562263964,94.14719018392432,93938.555063,93938.579091,0.9730842742747864
3.266638060485825,12.478984631958028,95.15652602651768,93938.568396,93938.59417,0.9852730984260102
5.606177154204097,12.738015811742793,96.1525484844894,93938.58173,93938.607899,0.9518794233466134
7.883563786190545,12.976179904362477,97.32578710778735,93938.595063,93938.621784,0.9941922505607961
10.022241865891235,13.11789561528503,98.19285519601853,93938.608396,93938.640133,0.9507838673190872
12.044615924940656,13.191488040268467,99.18118759281984,93938.621729,93938.6461,0.8954682734485798
13.925529852056897,13.079997071473084,99.97988546483427,93938.635063,93938.668011,0.9772483718447728
15.594439174502241,12.812476968313586,100.6282373552977,93938.648396,93938.674787,0.9518751423384691
17.017640434356945,12.432105855047686,101.14463195932737,93938.661729,93938.693371,0.9739360511532575
18.134801793152114,12.01652211094707,101.23408775388701,93938.675063,93938.699695,0.9782206092479695
19.003504501396662,11.637146710490436,101.26881681878393,93938.688396,93938.714722,0.9090715880688519
19.58795533886405,11.307373739117573,101.11971895198333,93938.701729,93938.726466,0.9819263660929164
19.869470582578234,10.94741553947902,100.56349655817897,93938.715063,93938.747028,0.9391858723908912
19.870508978326537,10.621757203441136,99.98299883875545,93938.728396,93938.754049,0.8912159926652743
19.659789186124385,10.351046894874061,99.50170956835373,93938.741729,93938.767715,0.9704086501160504
19.186941317565278,10.157373856058395,98.78518294371592,93938.755062,93938.780272,1.0
18.502750400830962,10.068495808933877,97.87344506588731,93938.768396,93938.80253,0.9748905214338354
17.666327586230086,10.142053590297019,97.29086465017825,93938.781729,93938.80651,0.9477940720415409
16.58558964005821,10.261503615726303,96.45602060115071,93938.795062,93938.824842,0.956083245687206
15.32232700724225,10.374426569709533,95.5986459668263,93938.808396,93938.832745,0.8858433413062096
13.914265561215155,10.476179365853138,94.98780647128794,93938.821729,93938.85229,0.97426495760473
12.358667766981608,10.504151930425008,94.07110911374058,93938.835062,93938.860349,0.9983753691453844
10.717548616833314,10.637580093610705,93.40101317866555,93938.848396,93938.872875,0.9857532857298471
8.917429292341204,10.869987490956918,92.7425690029023,93938.861729,93938.887933,0.9899468980425942
7.000489682015419,11.093889961380688,91.99310186010698,93938.875062,93938.906129,0.9880980897318344
4.992286393783778,11.207447284681496,91.16649340733709,93938.888396,93938.919623,0.9551973383377379
2.9185637277361915,11.259944890404588,90.73555732132593,93938.901729,93938.933391,0.988841052160636
0.7878716483039394,11.224331381698992,90.09898359430478,93938.915062,93938.939339,0.9462979931217622
-1.341050068327676,11.116081439139883,89.51248121942548,93938.928395,93938.960497,0.9750250301058351
-3.4517785940594776,10.956976846411912,89.17211875468958,93938.941729,93938.966786,0.9451877230789268
-5.463697559663307,10.700605194584563,88.73012581464137,93938.955062,93938.982036,0.977540944985219
-7.350413960607239,10.408505443048167,88.31531921268294,93938.968396,93938.995926,0.9991479989542655
-9.095929926611031,10.143531715845379,88.02130055651276,93938.981729,93939.006408,0.9859996150379068
-10.64970087856044,9.91931132444098,87.79245073738763,93938.995062,93939.027746,0.9580069341802383
-11.969168131609475,9.713611031789808,87.44861195212547,93939.008395,93939.03337,0.9808160088330781
-13.020432786591387,9.541796138448563,87.09456312703985,93939.021729,93939.047266,0.9662096446244911
-13.837358224062365,9.429507936449294,86.93526382139416,93939.035062,93939.060449,0.9840648523215517
-14.388946546829828,9.312596415338605,86.79880392801468,93939.048395,93939.074747,0.9518780217610835
-14.653056343816946,9.20068902948962,86.63034714029034,93939.061729,93939.092764,0.9777909668580067
-14.670533384627044,9.096014041860855,86.62499249802651,93939.075062,93939.099459,0.9940835482544396
-14.431577597592364,9.019436165097204,86.56279610961762,93939.088395,93939.120366,0.9512612289569929
-13.968603706976777,8.985136531298656,86.53582325630994,93939.101729,93939.130119,0.9481268464301036
-13.306183894262595,8.986985151392904,86.68351852702301,93939.115062,93939.146757,0.9637573897276852
-12.415169430698802,8.989119129842228,86.78754769830238,93939.128395,93939.154198,0.9885782742147554
-11.406555388923548,9.063780421965479,87.1885386577134,93939.141728,93939.173186,0.9900016042785437
-10.229189054918935,9.147255999445507,87.40802444409042,93939.155062,93939.182416,0.968039313421477
-8.969916216705332,9.294128168928232,87.73503677886704,93939.168396,93939.200553,0.9742183615455043
-7.615178579548807,9.473204942878343,88.2180616242934,93939.181728,93939.212652,0.9792195967269399
-6.14388988922872,9.604980118157151,88.48397296836359,93939.195062,93939.226432,0.9951758582698044
-4.652226996090273,9.752694932029884,89.09742854806436,93939.208395,93939.23354,0.9814538140383897
-3.0781736602483276,9.829172585736101,89.3701490810969,93939.221729,93939.24786,0.9699967197908743
-1.5039886686548956,9.915899455489111,89.87646262151453,93939.235062,93939.261153,0.9819664759306468
0.09895630123677289,9.962161457996784,90.22657963777947,93939.248395,93939.27405,0.9587056793111325
1.7177454459809103,9.94581909406753,90.41432547090986,93939.261728,93939.286588,0.9972963093979107
3.329400712127151,9.903637740675563,90.84437181698055,93939.275062,93939.300576,0.9821911279186882
4.9361658162768975,9.833120449775276,91.26567085686901,93939.288395,93939.313646,0.9945645996208735
6.549723531617319,9.704231844161695,91.41087202196793,93939.301729,93939.328519,0.9981446645335301
8.164959606105567,9.586491449507822,91.69007927017677,93939.315062,93939.340378,0.9409194207068378
9.772605735360372,9.447646932244075,91.84211793242224,93939.328395,93939.355573,0.9823621414017181
11.36014132311535,9.270348110809334,91.85866420394925,93939.341728,93939.366881,0.9927204291055598
12.925398628262876,9.062810355625475,91.9298098043113,93939.355062,93939.379026,0.9993603207499747
14.442072780883437,8.776746933047244,91.94646752996626,93939.368395,93939.393724,0.9834623510410558
15.9150081561505,8.38041319510202,91.92940086028642,93939.381728,93939.4061,0.9407326136766844
17.319729458236157,7.8819363056276535,91.74626374414719,93939.395061,93939.418705,0.9426650519837443
18.60081150368828,7.401883644785675,91.55872483629007,93939.408395,93939.432128,0.9628666382510002
19.70004180466202,6.94263365326408,91.11464900862502,93939.421728,93939.44569,0.96064535339156
20.6903972776146,6.47547282498168,90.83708341529726,93939.435062,93939.459586,0.9642068738024301
21.533817080849314,5.972536005346521,90.39829843073329,93939.448395,93939.472133,0.9331720037886834
22.258264790859005,5.492923156884946,89.88899948621867,93939.461728,93939.486183,0.9448992620305562
22.82875905087064,5.056720017335677,89.28386113490778,93939.475061,93939.500122,0.9454758634905857
23.235755375478185,4.654875754833531,88.63812935175571,93939.488395,93939.512243,0.9763740900287837
23.458134791427675,4.267198732262626,87.92091872248014,93939.501728,93939.532833,0.9269796790091024
23.53003412849247,3.8926338292755926,87.1715634253488,93939.515061,93939.547573,0.9133296526018364
23.462049499805325,3.5529715183374146,86.34270645783461,93939.528395,93939.552877,0.9869925674814839
23.265812659128283,3.2752433166191413,85.46065533603021,93939.541728,93939.566054,0.946247555555208
22.97006708084294,3.0877505312944726,84.6791136099351,93939.555061,93939.579901,0.9585162127144872
22.51285968278597,2.9227267414526197,83.7367918194854,93939.568395,93939.596605,0.9917694304294451
21.94900404475679,2.763955788230141,82.80754246570781,93939.581728,93939.607242,0.9570143040457791
21.267880126214354,2.6591672406811955,81.7598283398705,93939.595061,93939.619465,0.9916748126777107
20.487096490194325,2.643747043580168,80.62415765997888,93939.608394,93939.634537,0.9233238568590736
19.60323355217731,2.720773146134083,79.46464481454582,93939.621728,93939.647044,0.984532553925064
18.616190841765285,2.823562713199906,78.2315990059764,93939.635061,93939.66143,0.9494480357119214
17.532571082327586,2.9081538839794843,77.03023817756224,93939.648394,93939.674544,0.9931617614119966
16.367097048106622,2.9104078703340157,75.86119250249523,93939.661728,93939.685708,0.9306704590595987
15.095159401391587,2.811835376241624,74.54720553178558,93939.675061,93939.701373,0.978410928900424
13.78389002447094,2.6393030345907573,73.23909774180794,93939.688394,93939.713351,0.9862822853274366
12.410526782820975,2.4098602203857142,71.81630020158421,93939.701728,93939.726642,0.9453670249343682
10.972630724043507,2.14499206597116,70.51495913659834,93939.715061,93939.739428,0.9945295472096635
9.439339990469128,1.7984827811116102,69.08774922661614,93939.728394,93939.752791,0.91564031406306
7.864550843724388,1.344749477173662,67.67036568508182,93939.741728,93939.766695,0.979756322808502
6.305836760716506,0.8084024541465219,66.56288680608088,93939.755061,93939.785806,0.9866252219420923
4.738388714466374,0.22884778256763078,65.20742333276328,93939.768394,93939.793429,0.9652201081426925
3.18605992297577,-0.4138790664225279,64.2399066580047,93939.781728,93939.80576,0.9641358881446789
1.6486750482959742,-1.1473986097701419,63.277398419541484,93939.795061,93939.818645,0.9095306398451949
0.17977481285223554,-1.970592266797382,62.363837757641726,93939.808394,93939.832826,0.9706324868202285
-1.165332543820389,-2.856860192140074,61.57839486773103,93939.821727,93939.845889,0.9981099488211436
-2.3591907347741228,-3.7138236796092086,60.959841714915385,93939.835061,93939.860287,0.9033569870800107
-3.463419538281006,-4.516538793580351,60.468810481339204,93939.848394,93939.872747,0.9251899457331606
-4.503024872311736,-5.298644007725276,59.99686374209227,93939.861727,93939.885525,0.9113883804501232
-5.421575652194957,-6.072279483786425,59.52922915566109,93939.875061,93939.901043,0.9740588738618301
-6.206656585598714,-6.862506850860426,59.34275965714518,93939.888394,93939.912223,0.976539755728467
-6.830333723536691,-7.597462176098703,59.27517396434032,93939.901727,93939.927806,0.9070408559494302
-7.354350849464416,-8.183554949781618,59.28729809292044,93939.915061,93939.939297,0.9887171268507619
-7.788867879578692,-8.600534048215875,59.34487562469703,93939.928394,93939.952905,0.9861144446421148
-8.093485853646955,-8.91250180424412,59.37775601868757,93939.941727,93939.965787,0.9993916622340501
-8.255615560745962,-9.16157633489676,59.649764267652266,93939.955061,93939.980556,0.9550823178215615
-8.242398565189536,-9.292359921498974,60.033908278041324,93939.968394,93939.9941,0.9782883126295024
-8.074776783971265,-9.267012620824376,60.623993364850904,93939.981727,93940.006951,0.9238569923707557
-7.773821553881434,-9.08440802261158,61.28868009067602,93939.99506,93940.019427,0.9789254248221774
-7.348748191428622,-8.770080463923543,61.90401336724621,93940.008394,93940.033828,0.971939021893242
-6.795835115124541,-8.356316151377701,62.54288863269242,93940.021727,93940.046232,0.9941162711951217
-6.088698743131056,-7.867627048419704,63.43312116646754,93940.035061,93940.05941,0.9331204528525083
-5.195797873209768,-7.300397980709454,64.52155318995342,93940.048394,93940.072293,0.9637609377209647
-4.113242761692314,-6.625631981967662,65.52494402225508,93940.061727,93940.085889,0.9658433764174192
-2.9438943622927116,-5.877887765936565,66.80120391954189,93940.07506,93940.098941,0.9765143368859712
-1.656598793278959,-5.081535646166918,68.09444026844432,93940.088394,93940.112498,0.993299487339852
-0.2575548665831186,-4.296541957939007,69.51942730857462,93940.101728,93940.126734,0.9923040198516839
1.2246013265767848,-3.5298326742823747,71.02855787747842,93940.11506,93940.138781,0.926781715171302
2.758716886782159,-2.745506065068764,72.52171202755981,93940.128394,93940.152609,0.9941375000531139
4.299685499465413,-1.9741415754745062,74.13421748648113,93940.141727,93940.165325,0.9951557348896972
5.847199219437434,-1.2531728687862869,75.8849583061993,93940.15506,93940.181262,0.9453806568212717
7.414522559305852,-0.6100650008370933,77.70848877200957,93940.168394,93940.196344,0.9493832503248832
8.989153594628842,-0.017651533801262807,79.62095182031294,93940.181727,93940.208759,0.9597856060810174
10.55333441181313,0.5115494816842375,81.57485947279372,93940.19506,93940.220306,0.9727626332045929
12.091868616207261,1.0035108692299424,83.50472887607374,93940.208393,93940.23417,0.9954416321970739
13.582362771528054,1.4298002451729255,85.41962524226234,93940.221727,93940.246915,0.9770709263895546
15.021404902363761,1.7674337630758798,87.14538025392814,93940.235061,93940.259859,0.9632033955008187
16.41703539729987,2.0548865823840528,88.85891050192252,93940.248393,93940.274845,0.9594904338654047
17.760616725959064,2.298412161917154,90.52746024030968,93940.261727,93940.287544,0.9950252882246124
18.99003661144461,2.4929421275493726,91.9072606210504,93940.27506,93940.299811,0.9740623350614708
20.172783156058966,2.656041035387726,93.37104861873372,93940.288393,93940.314925,1.0
21.258486146041147,2.7362490788504097,94.59298212064084,93940.301727,93940.326523,0.9713127618600917
22.301978056517527,2.7367948968063316,95.88746643657774,93940.31506,93940.339074,0.9619656029532954
23.214659964142722,2.7179874169654514,96.85538961189985,93940.328393,93940.352575,0.9744929853435631
24.083335737266133,2.6999622746752006,97.94537341612961,93940.341727,93940.370194,0.9630081597250655
24.87260486820793,2.6673209229068955,98.92880187441,93940.35506,93940.379708,0.9080601126917079
25.567948049284407,2.585872086896075,99.59934798884476,93940.368394,93940.393655,0.9652847657778367
26.274681032831246,2.4798841578895887,100.49434564509936,93940.381727,93940.406165,0.9209135362452252
26.926307494565453,2.3844982547427356,101.28126234802954,93940.39506,93940.419269,1.0
27.53137892517626,2.2353256459401303,101.92819060445794,93940.408393,93940.432364,0.9395626674961953
28.103693991368406,2.0511550800427885,102.61317321793817,93940.421727,93940.452295,0.9785291921893327
28.612781043906057,1.8574356767212938,103.31249961807028,93940.43506,93940.461121,0.9336138949866779
29.016026926716183,1.69767303291294,103.85573893806232,93940.448393,93940.472395,0.984504686766458
29.307934911305296,1.5366209391989691,104.22231474809473,93940.461727,93940.486191,0.9016547175153462
29.583240844340157,1.38522023406288,104.85890485692975,93940.47506,93940.500362,0.8714776819724493
29.70758199964531,1.2584918073320945,105.16761697009134,93940.488393,93940.51251,0.8997928119002615
29.761675070547717,1.217592576855964,105.5342243423729,93940.501727,93940.527099,0.964851237936003
29.69832855435875,1.2113180754428892,105.7766212714962,93940.51506,93940.538733,0.9815329056157898
29.540629818881648,1.2444702298995527,105.90536465057428,93940.528393,93940.552985,0.8477132048309335
29.254197136308484,1.30690129953077,105.75512116778494,93940.541726,93940.566434,0.9115146425511705
28.971207248068204,1.4021367552251451,105.81638608185379,93940.55506,93940.579013,0.909960843389576
28.6507833598877,1.5563998474719098,105.95732171532597,93940.568393,93940.594193,0.9028559288063926
28.223916201554744,1.7386906166019696,105.85171778004742,93940.581727,93940.605393,0.952736452614128
27.741524408138172,1.9441626495842568,105.80366751882661,93940.59506,93940.620506,0.9898808397957254
27.18192590177706,2.160198563216032,105.65371378208589,93940.608393,93940.632764,0.919618577118423
26.49692562980528,2.35778858232168,105.29488275980435,93940.621726,93940.645768,0.9586768371776467
25.80805304905258,2.553420615380553,105.25507814749572,93940.63506,93940.660289,0.9809998002030589
24.911898271081704,2.7039752303250637,104.65598006169932,93940.648393,93940.672247,0.9222799682913667
24.012839562017025,2.867637494100289,104.57004157296518,93940.661726,93940.686131,0.9728913222189798
22.899969349064445,2.9777357847831043,103.95760417957361,93940.675059,93940.701507,0.9719455835602948
21.7197694530821,3.05396520115489,103.40053455405584,93940.688393,93940.713624,0.9910635461477879
20.53229980300491,3.0915406153881624,103.02682736234149,93940.701726,93940.725899,0.9144699739649614
19.2772040357952,3.1357979000835456,102.33145169769479,93940.71506,93940.738844,0.9371491887863439
17.99470619208057,3.2075996936845783,101.95078697836247,93940.728393,93940.752816,0.9938068650578938
16.59997820896787,3.246294395521111,101.450614707375,93940.741726,93940.765459,0.9387556949286728
15.129097904487692,3.224973204895303,100.67445553320474,93940.755059,93940.781399,0.9975144621093988
13.688914471859269,3.1748204595003426,100.0637946680829,93940.768393,93940.792891,0.9922428713420658
12.242912131107076,3.168109300593378,99.44629074285155,93940.781726,93940.807058,0.9707552370961641
10.764808883288982,3.242188677635819,98.70350476461064,93940.795059,93940.818944,0.949515784562256
9.25783916172746,3.321694794351821,98.14009521141357,93940.808393,93940.832243,0.8736286485610669
7.7300668248280955,3.300457649989508,97.60703378880326,93940.821726,93940.84557,0.8591342057296381
6.179348474831049,3.151097785426854,96.89136826417389,93940.835059,93940.859948,0.9941658969223144
4.629064863231853,2.967804783394279,96.41206283399528,93940.848393,93940.872028,0.9736910434182964
3.067723835052123,2.719558755000742,95.95150165254125,93940.861726,93940.886473,0.9966234117891798
1.4748360813618275,2.4079412675322196,95.344900772485,93940.875059,93940.900587,0.9328974056483134
-0.18346718116575741,2.0305524377233173,94.7786946866301,93940.888393,93940.913714,0.9691205922690295
-1.9048136070989035,1.6279671530660376,94.27444110634485,93940.901726,93940.926814,0.9685613534909517
-3.6366072103263796,1.2332219574932979,93.81805337796712,93940.915059,93940.938749,0.9270298254129115
-5.367752610927667,0.882699387650617,93.22095850129813,93940.928392,93940.952045,0.9329241314423091
-7.107277478360527,0.5387151004970473,92.68662966166477,93940.941726,93940.966196,0.9042639595479232
-8.82827890682106,0.07163748241971343,92.2332263691986,93940.955059,93940.978811,0.897363338415073
-10.49734659009211,-0.5242794613198365,91.72303097581673,93940.968393,93940.993416,0.8975227934064306
-12.044672080854282,-1.1784173092659165,91.06500575704129,93940.981726,93941.005709,0.9895644280866516
-13.45124126060346,-1.7775698620445393,90.51800203464093,93940.995059,93941.019238,0.9896926751981915
-14.707261274389282,-2.2682613741198625,90.17461511954505,93941.008392,93941.033197,0.9995027159542176
-15.772245217798957,-2.607518841285602,89.78607365309844,93941.021726,93941.045599,0.9737240437887882
-16.625357876994276,-2.853213930385222,89.42973150631082,93941.035059,93941.060449,0.9896397157692778
-17.224788945802185,-3.0302968111244306,89.19686357336928,93941.048392,93941.075,0.9269049892294086
-17.515488882278053,-3.129389635684113,88.99333137119811,93941.061725,93941.087607,0.9540678921371285
-17.506921265974412,-3.1172293769864905,88.87391267177789,93941.075059,93941.10024,0.9763869202655486
-17.227288941387453,-2.9744112523968624,88.83586406156064,93941.088392,93941.112322,0.9964422995524805
-16.72583895745609,-2.7108110161421086,88.97158273473028,93941.101726,93941.127036,0.9448705028101562
-15.879849540869603,-2.3398442918612354,88.88748439713619,93941.115059,93941.139805,0.998284703998834
-14.794787512162278,-1.874134971757636,89.06992974447225,93941.128392,93941.152027,0.9777087629614365
-13.383716011010002,-1.30551495862062,89.33809986655334,93941.141725,93941.16667,0.9738000432355952
-11.740765256445616,-0.644451307480316,89.76972382012158,93941.155059,93941.179274,0.987287313619173
-9.92302743637037,0.0962215539113603,90.36943919626994,93941.168392,93941.193962,0.9846181420376037
-7.967014224085005,0.8636737237136556,91.08940119388448,93941.181725,93941.206852,1.0
-5.899598512512145,1.5942744764283157,91.84515524623292,93941.195059,93941.221395,0.991440388419349
-3.7442950553079277,2.2638937814711,92.52094197537458,93941.208392,93941.232913,0.9623238501998579
-1.624185088232908,2.899357708108434,93.73576159149015,93941.221725,93941.247862,0.9809420447362641
0.47761622765726724,3.4518509187632067,94.51288657258543,93941.235059,93941.260631,0.9496348588934004
2.485163326262774,3.9196891088873955,95.52277023245759,93941.248392,93941.272783,0.9975662180141918
4.435008452690944,4.25728318504483,96.55483057419667,93941.261725,93941.285902,0.9413854086806083
6.325481291264867,4.49709842350674,97.68347814176039,93941.275058,93941.299055,0.9945370746399541
8.147835787297709,4.627922869087698,98.72686530684092,93941.288392,93941.312399,0.9973279610675901
9.867170393578846,4.641060636582517,99.92238915799994,93941.301726,93941.326032,0.9841315908521017
11.432135123442286,4.479654984193423,100.8036962870526,93941.315058,93941.340727,0.9271804269401153
12.881984655795302,4.124948219182264,101.69727073189584,93941.328392,93941.356238,0.9900317368366608
14.214230124624176,3.5513035497597745,102.29121538210327,93941.341725,93941.367865,0.9612939503491502
15.366885758674123,2.843180326177351,102.53942891145053,93941.355058,93941.379237,0.8965307143436082
16.32018611730635,2.1005294177975182,102.59263440178847,93941.368392,93941.394723,0.9919013764057164
17.029833966361217,1.3384576319110457,102.15134612604609,93941.381725,93941.406532,0.9786867137851066
17.526334827404458,0.5666372030724001,101.53950542215682,93941.395058,93941.419065,0.9800161029565526
17.769977082341676,-0.2909901871883844,100.65085000181217,93941.408392,93941.432116,0.9733443002042027
17.792564128331037,-1.199053765914788,99.92287369653842,93941.421725,93941.445688,1.0
17.472193961505376,-2.063309648894671,98.89185863301728,93941.435059,93941.459271,0.977187115156146
16.826154882667925,-2.808903967347905,97.74408813681559,93941.448392,93941.472746,0.9907266475445018
15.919340725733697,-3.4552339940579375,96.68531659155816,93941.461725,93941.486753,0.9949270814845975
14.812421776476329,-4.069094183241172,95.8302082845936,93941.475058,93941.499307,0.9699570760025733
13.581544551496052,-4.548357875224131,94.92129198678678,93941.488392,93941.514297,0.997716994112453
12.316775932176625,-4.87020657943977,94.3642434199975,93941.501725,93941.526886,0.9791687157943018
11.068846995010441,-5.056087526110743,94.12052481189582,93941.515058,93941.540042,0.9978877819736959
9.8586675289571,-5.168691221033045,93.69160039687415,93941.528392,93941.552601,0.9814060894093973
8.841031301803397,-5.295156602070054,93.50834226113902,93941.541725,93941.565877,0.9951186301210291
8.04506279663489,-5.4208731061339375,93.4836512531599,93941.555058,93941.579348,0.9587105586746882
7.492241491854045,-5.502310520146012,93.54289693374757,93941.568392,93941.593513,0.995501470372068
7.213670841701703,-5.583406609323211,93.46058259896168,93941.581725,93941.606743,0.9415402466981558
7.280051923944064,-5.7226270483668875,93.39314226268748,93941.595058,93941.619755,0.9972332583694195
7.681992071252495,-5.918233350323918,93.50511407140887,93941.608391,93941.63294,0.938564369958949
8.341641074500282,-6.081325637761652,93.71205757544783,93941.621725,93941.645291,0.9777990284863369
9.150333288791945,-6.140217316428751,93.86369193813309,93941.635058,93941.659899,0.9657641252624116
10.062261038379203,-6.1447658410616395,94.11227229859023,93941.648391,93941.67229,0.980106342851394
11.082875284163267,-6.170626721222086,94.60557935623079,93941.661725,93941.685908,0.9691908802119594
12.18511343749703,-6.168311685809889,95.11075526870087,93941.675058,93941.701213,0.9479218660930346
13.322199946596673,-6.0939259085809585,95.82601722515133,93941.688391,93941.715089,0.972399442019532
14.3838194224,-5.869772882230972,96.77786466497236,93941.701725,93941.727341,0.9934676624954448
15.288868695742542,-5.502245655533352,97.69061115055248,93941.715058,93941.739351,0.991758744999334
16.013865700110173,-5.035739730299577,98.86291457276519,93941.728391,93941.752663,0.9908693126557417
16.49250000115342,-4.555210710843612,100.11533316450227,93941.741724,93941.768077,0.970463614683045
16.641934789171692,-4.118721385713196,101.28474682560687,93941.755058,93941.778776,0.9780639920054319
16.44867735251269,-3.6788940754591315,102.25364778933601,93941.768391,93941.794274,0.9457508899118855
15.925445053512172,-3.2246633070842194,102.71445646632716,93941.781725,93941.808008,0.9331123531470279
15.162921904069051,-2.7814294394240924,102.74549674247643,93941.795058,93941.819032,0.9913599614323165
14.19924160855616,-2.430264324080733,102.3322641879712,93941.808391,93941.831966,0.9464200669339822
13.093391109820569,-2.131147598576881,101.76196408867553,93941.821724,93941.845649,0.9505534422117115
11.856776034605476,-1.8346593656414791,101.079636654063,93941.835058,93941.859778,0.9468073914520487
10.522289704202583,-1.5517213097562021,100.23611981741274,93941.848391,93941.871885,0.9899456443701187
9.124712765420186,-1.1481128611052038,99.45003436725024,93941.861724,93941.892852,0.982770237565103
7.6543795667043515,-0.5496787788087641,98.71097609911895,93941.875058,93941.899052,0.963694188547681
6.1184395551601325,0.2481893209029336,97.98943707470082,93941.888391,93941.912477,0.9606815539846661
4.50330463510489,1.1487542596715166,97.34004558594246,93941.901724,93941.926309,0.972616048160779
2.807607113741204,2.135572533248947,96.54334054963,93941.915058,93941.939701,0.9929402491092255
1.0346283268213496,3.1535469462997225,96.07328562595585,93941.928391,93941.95263,0.9490093981831209
-0.810739016919767,4.176720408652235,95.8163938324625,93941.941724,93941.965823,0.9676353211063514
-2.7263054312563297,5.163332498170052,95.24115742432704,93941.955057,93941.985738,0.9828657214557956
-4.728144313534533,6.089476599783431,95.02102210784301,93941.968391,93941.994408,0.9654737404483602
-6.715803639137574,6.872786101806662,94.81695266287181,93941.981724,93942.007182,0.9893386295571276
-8.649677747430006,7.458267470077213,94.69532440102992,93941.995057,93942.020911,0.8589465242327888
-10.53516184202491,7.832313036373284,94.53800512147713,93942.008391,93942.033356,0.999959432013461
-12.349886989592372,7.986996551304858,94.42406407550017,93942.021724,93942.048041,0.9415203442867733
-14.073195380271603,7.878787356165411,94.44008113541679,93942.035058,93942.060036,0.998036610880203
-15.55693984028457,7.46737799368045,94.09272793851352,93942.048391,93942.071951,0.971641882120483
-16.855982167590486,6.802680625048668,93.98573167222126,93942.061724,93942.085612,0.9115447083297816
-17.86046358500885,5.879992255013708,93.77872713874478,93942.075057,93942.099001,0.9763775795363204
-18.679156330091985,4.763577018118773,93.79760918043279,93942.088391,93942.11213,0.9678039676957615
-19.132942163052114,3.4388482051698124,93.57282223730448,93942.101724,93942.126066,0.9908079893001057
-19.176057181724563,1.9551966702506518,93.35587487167548,93942.115057,93942.138849,0.9682352236551759
-18.762002787943057,0.34052893640338905,93.27305160850986,93942.12839,93942.153846,0.9936176589943831
-17.88127406440409,-1.3259132416976067,93.20498347085612,93942.141724,93942.165936,0.9864579560209905
-16.66205646908355,-2.985744941244784,93.29344167893784,93942.155057,93942.183636,0.9565642978577709
-15.002001302622622,-4.69343961006977,93.21729019119833,93942.168391,93942.193988,0.9357327974930545
-12.921937443791492,-6.379042764033145,93.30830211267266,93942.181724,93942.205767,0.9604093457937577
-10.656228564935784,-7.96165878755647,94.7405399009566,93942.195057,93942.219131,0.605268625368444
-7.774799991436725,-9.102186153576083,94.55553038729776,93942.20839,93942.23201,0.9889822440146807
-4.776132644871224,-9.647817624550902,93.47160792944923,93942.221724,93942.247156,0.7176920602664512
4.042665849684145,-10.068116082663202,97.06353850774283,93942.261724,93942.285891,0.9664691465253569
6.779682291210321,-9.523347096695565,98.22927433170692,93942.275057,93942.305905,0.9550945667313603
9.06446837930399,-8.52847200101673,99.16543719299355,93942.28839,93942.313637,0.9592194539659381
10.959871907690696,-7.267358397094198,100.53946210654094,93942.301724,93942.326769,0.9389990971366202
12.43735782351064,-5.8562440345274425,101.62725123102531,93942.315057,93942.33978,0.947068609725181
13.533892511572908,-4.436418073088047,102.59130445938227,93942.32839,93942.352835,0.9822477798970116
14.216175552696265,-3.0278632502921767,103.16094253835374,93942.341723,93942.367021,0.983008361219186
14.537182324197463,-1.6823551605487452,103.55466934745243,93942.355057,93942.379336,0.9310382359688613
14.577646423316294,-0.534243709636495,103.81617869802164,93942.368391,93942.392616,0.9516252718806419
14.323276149025668,0.37016606695100507,103.44144012616987,93942.381723,93942.406386,0.9676515838089733
13.856626754578288,1.0747483467129013,103.14617002581753,93942.395057,93942.419696,0.9431682086369363
13.102805319099295,1.6449405589509978,102.18914225286406,93942.40839,93942.4338,0.9904900153089216
12.179636508753108,2.068418308012215,101.40787246103127,93942.421724,93942.452548,0.9881658357614673
11.09172515735319,2.2939354649373316,100.71776127490219,93942.435057,93942.459473,0.9838418719192443
9.8071814280839,2.326599330964739,99.74418218535436,93942.44839,93942.473428,0.9622098383730667
8.314703611722159,2.2246367504933553,98.72942235160427,93942.461723,93942.486752,0.9786550991843427
6.63454334784982,1.9903025545531934,97.74594545526168,93942.475057,93942.499869,0.9131312445011305
4.831663144598885,1.5454281266385594,96.97619196073292,93942.48839,93942.513168,0.9496927650309539
3.0245676023875685,0.9089778466186096,96.00855193652235,93942.501724,93942.52809,0.983466523928787
1.3224392275100525,0.05622660861200597,95.45223324495403,93942.515057,93942.539746,0.9799930108019089
-0.22750883743316794,-1.0159684022089046,95.22143720125993,93942.52839,93942.552139,0.9275293808584422
-1.542642249838744,-2.288526127696142,94.91465256475841,93942.541723,93942.565637,0.9958675667570522
-2.4574950396221853,-3.794910745019231,94.64251808159666,93942.555057,93942.57962,0.9763539045614581
-2.780987280043297,-5.525789662628209,94.74043402612189,93942.56839,93942.592849,0.9372879633741598
-2.4916608393219577,-7.354693281708543,94.91946194444836,93942.581723,93942.608305,0.9506759314649036
-1.8087570291179573,-9.075469790724053,95.45639053254462,93942.595056,93942.619457,0.9286323176437782
-0.7896543504341628,-10.587338792304541,95.91094851251297,93942.60839,93942.634285,0.9104525596436993
0.6082864303097444,-11.840820445544553,96.37165928414555,93942.621723,93942.646816,0.915810824986296
2.3166122469516646,-12.691023108969983,97.03300491733926,93942.635057,93942.660069,0.9283105945854141
4.151837750249883,-12.95938391937795,97.62867855192576,93942.64839,93942.67279,0.8987486912116985
5.991422971965992,-12.75858539728579,98.11962917519686,93942.661723,93942.685792,0.9807348316857598
7.7620536349100515,-12.234712821922237,98.65142638147343,93942.675056,93942.69879,0.9936407484831776
9.43521722445169,-11.53664821207441,99.42872589468355,93942.68839,93942.71252,0.9646377421319942
10.950634123359183,-10.629497813725921,100.3727442478808,93942.701723,93942.725766,0.9683538737198477
12.224651394431623,-9.407713430081833,100.97600709632752,93942.715056,93942.740691,0.9398858627440919
13.233264966709362,-7.981183474093526,101.61101128880392,93942.72839,93942.752868,0.957207775458923
13.941482386314576,-6.525381786123795,102.13321227418255,93942.741723,93942.765311,0.9304941727816871
14.359490478512091,-5.211658610749918,102.7782906488661,93942.755056,93942.779001,0.9269295194225864
14.46536110229502,-3.9946211132463483,102.9231680479332,93942.76839,93942.793152,0.9251616970633995
14.34073008219829,-2.888203461780202,103.07217944874218,93942.781723,93942.805541,0.9409983171485674
13.96997836661323,-1.9212981034341357,102.64998081212936,93942.795056,93942.819569,0.9599928089902432
13.415120558992125,-1.1415926511470396,102.38932030155767,93942.808389,93942.832166,0.9366553109607104
12.642247898823973,-0.5801011503463547,101.90339040041705,93942.821723,93942.847088,0.9676047007741794
11.652061238246842,-0.25987173258602225,100.98006068729977,93942.835056,93942.860084,0.9355257709551291
10.52269710822685,-0.09960558443942283,100.40864660452017,93942.84839,93942.872099,0.9791506123267325
9.195953631712106,-0.10691266108876168,99.20067194218825,93942.861723,93942.886173,0.9480529004927851
7.766669897537214,-0.235010626381808,98.54611273921965,93942.875056,93942.899944,0.9332465454036384
6.214567591830936,-0.5184739743492862,97.57079650354636,93942.888389,93942.913668,0.9834703080091641
4.569843986819655,-0.9643870433971872,96.74406186942959,93942.901723,93942.927737,0.9723046136639226
2.914672529461247,-1.5663731113560941,96.27484459642449,93942.915056,93942.939491,0.9968464051230129
1.3580060607177433,-2.32945711969282,95.43941084092627,93942.928389,93942.953289,0.9788473791641292
-0.017131968186030178,-3.2494224770736895,95.17393464517544,93942.941723,93942.965546,0.939611965736169
-1.0589977475753483,-4.255118739296315,94.83654034348928,93942.955056,93942.97874,0.9995737129601174
-1.6991751099679413,-5.34882633357177,94.84500978449849,93942.96839,93942.993378,0.9508586862088797
-1.784168726748813,-6.456688764546696,94.65582196074725,93942.981723,93943.005658,0.986137054352694
-1.273995432466169,-7.49584427067734,94.84186606503933,93942.995056,93943.019049,0.9892027946505567
-0.18565007720180265,-8.335931862647824,95.19099491976698,93943.008389,93943.032797,0.9380508047222842
1.3311630700995558,-8.852316349682086,95.48585179692259,93943.021722,93943.047682,0.9617318808123467
3.0860711789241293,-9.088276743663615,96.05769802223818,93943.035056,93943.06102,0.9485272969171263
4.97095568412548,-9.074285854714645,96.50391040166686,93943.048389,93943.073322,0.9836741803062812
6.884126053660139,-8.892245801112951,97.35172738353029,93943.061722,93943.085974,0.9849134491592556
8.759832042531809,-8.44961532095339,98.06051016968036,93943.075056,93943.09973,0.9739108698853245
10.519104827364448,-7.763657451933851,98.75147293529122,93943.088389,93943.112328,0.9823490651842526
12.15323967775845,-6.958141340722817,99.79191687432366,93943.101722,93943.125989,0.9688600086311849
13.581391918520684,-6.170790336984915,100.95760075828527,93943.115056,93943.13933,0.9406532868997772
14.675851425133748,-5.530324466760719,101.72328157470852,93943.128389,93943.152266,0.963493138092036
15.471148369973898,-5.0503775816018255,102.13666321360849,93943.141722,93943.165809,0.9739771466825491
16.02663029615017,-4.747163755022508,102.39023445924512,93943.155056,93943.178613,0.9755473668674295
16.225934025828586,-4.624458309861635,101.96834506166493,93943.168389,93943.192555,0.9999407551200576
16.101409113813173,-4.762591246596321,101.45760787182888,93943.181722,93943.206996,0.9672476969593212
15.625300051054905,-5.118102371510336,100.67475063405469,93943.195055,93943.220758,0.9929973738569521
14.782268837780174,-5.633065993824988,99.46846774858439,93943.208389,93943.235264,0.9502066595254116
13.623922883669108,-6.174307566241187,98.15168973879899,93943.221722,93943.246474,0.9735138269683176
12.230641077039891,-6.64468185459513,97.00888024783431,93943.235056,93943.26292,0.9759492730220058
10.655407988166973,-6.996415838232394,95.75182529572965,93943.248389,93943.272121,0.9949228689226294
9.07645867041955,-7.2800799558288505,94.90162264771641,93943.261722,93943.287468,0.967379202389624
7.648351828541858,-7.49023304605269,94.52198957517176,93943.275055,93943.300482,0.967081551184936
6.662626075658465,-7.563953735095373,93.88987053980918,93943.288389,93943.314501,0.9662859673990342
6.414109358300384,-7.634204409316328,93.72783036135846,93943.301723,93943.32665,0.9802710403116234
7.020844505322728,-7.707048548224046,93.60706908621806,93943.315055,93943.341803,0.9606752360176094
8.426293212439138,-7.815027440898612,93.80250220348582,93943.328389,93943.354173,0.992026261870543
10.349823846827833,-7.933559261336858,93.97885851340412,93943.341722,93943.367504,0.9153255546633067
12.622347797530033,-8.121212760925737,94.54584692707323,93943.355055,93943.380091,0.8615168959815206
15.062216132419591,-8.353596879150926,94.70785356917472,93943.368389,93943.400404,0.9934311286701314
17.855015218584953,-8.668887940710498,95.63387774979894,93943.381722,93943.405463,0.9565079438589912
20.64800700911881,-8.782955860336289,96.04891082011694,93943.395055,93943.419208,0.9270861157044579
23.732095202331646,-8.797286324908018,98.09739214200218,93943.408389,93943.433081,0.9669728135754869
26.531507646955216,-8.577984655234967,99.63372997222271,93943.421722,93943.445852,0.993184553625771
29.073606427651793,-8.288239620439375,101.38921038153647,93943.435056,93943.460261,0.9558650308427474
31.330686166865803,-7.974595817560672,103.1674501291284,93943.448388,93943.472471,0.9321514458421296
33.24931278574617,-7.542488843921419,104.78563384255705,93943.461722,93943.486073,0.9855327339780369
34.81895007570207,-7.056802062501924,106.19584812292251,93943.475055,93943.501005,0.9607082735290822
35.94176707626308,-6.7413576248053575,106.94116240326035,93943.488388,93943.513841,0.8942397548762138
36.7697239991427,-6.809803411969522,107.21349305430758,93943.501722,93943.528208,0.9426119374162769
37.38078625939186,-7.30293020013486,107.00069194066721,93943.515055,93943.540899,0.8486372121239061
37.592383239289454,-7.936779817187471,105.93759041800216,93943.528388,93943.552991,0.9379837204337383
37.54796490629721,-8.619557746351719,104.83180257745511,93943.541722,93943.566169,0.9389247028880973
37.17806755784777,-9.274632975406062,103.54977297660429,93943.555055,93943.579067,0.8646862202238857
36.41828220534449,-9.825186071547197,101.94745246764859,93943.568389,93943.593039,0.8720793123298095
35.25742222607339,-10.190714608138984,100.04912038001918,93943.581722,93943.606098,0.9892281646761956
33.96261957590539,-10.392834014777279,98.62054117889255,93943.595055,93943.619754,0.8750362652231372
32.48033442310075,-10.365478220862892,97.22347144648985,93943.608388,93943.633229,0.8275777146489809
30.88796144496185,-10.073052004633126,95.90032353591305,93943.621722,93943.647065,0.9862878665621335
29.341008131281136,-9.623337068549896,94.7615191703177,93943.635055,93943.660641,0.8955656587571952
28.16718553100565,-9.16783853441362,94.33158279927093,93943.648388,93943.674318,0.9150686890073687
27.3465311791891,-8.704706800145061,93.82539807442481,93943.661722,93943.686145,0.9425477759667399
27.063990206384098,-8.241042940163076,93.36326552135847,93943.675055,93943.700346,0.9597028311417124
27.404686456708806,-7.830921110247727,93.2236128412793,93943.688388,93943.713198,0.9330841057520578
28.20795078069004,-7.510304205096014,93.14859594467755,93943.701722,93943.728241,0.9196597346379796
29.29657769845654,-7.316598890361771,93.2093568595926,93943.715055,93943.739839,0.9115059733204477
30.562174539002374,-7.250991039065437,93.42735941317018,93943.728388,93943.753917,0.9068382690854284
31.909771700487862,-7.208241402487204,93.68836501798091,93943.741721,93943.766328,0.9728709345882813
33.255392725927784,-7.105727949746623,93.9770564740121,93943.755055,93943.778901,0.9948860832053482
34.445935363572964,-6.870186002246131,94.42261557007157,93943.768388,93943.793868,0.9584172073335346
35.36124931339708,-6.540152795558359,94.93616488392838,93943.781721,93943.805757,0.9128711996305529
35.90738628688684,-6.142036181124091,95.10276791182515,93943.795055,93943.81906,0.848386055369953
36.21266735359793,-5.7836699046428866,95.21642074925653,93943.808388,93943.833608,0.8678187229540315
36.19247510882598,-5.509997567041522,95.25022190735277,93943.821721,93943.847071,0.9102453503214543
35.62388180843193,-5.293019889891607,94.88012300606752,93943.835055,93943.861755,0.9580860693765397
34.49601416347019,-5.079147910291813,94.01384710303181,93943.848388,93943.873291,0.9184880858123615
32.92388401663061,-4.963402115366573,92.71452879916652,93943.861721,93943.886386,0.9643099551725047
31.16414213993564,-5.062959726661515,91.65509239933435,93943.875054,93943.899943,0.9048562035947316
29.12113797467593,-5.220676067844427,90.36103586776815,93943.888388,93943.912425,0.9824283906554228
26.928825753185944,-5.2800948413823745,88.94937391025215,93943.901721,93943.926515,0.9996895083832736
24.77213533457231,-5.260957792189092,87.83615181454947,93943.915055,93943.938704,0.9083081301949059
22.63958109264873,-5.2339353062373135,86.7222569622479,93943.928388,93943.953238,0.9484593128299631
20.615026722796888,-5.255715428486284,85.78407517087514,93943.941721,93943.965751,0.9377143430218347
18.666785001431386,-5.253950269337693,84.87794369464422,93943.955054,93943.981428,0.9506830687440422
16.843052222557247,-5.2050003563843905,84.03274574119841,93943.968388,93943.992499,0.9573747955794363
15.16131766106164,-5.142703089901122,83.2985983772314,93943.981721,93944.007313,0.9522513652744001
13.602789343126927,-5.041945288311699,82.48321795895588,93943.995054,93944.018897,0.9902224388867694
12.1090616250284,-4.937585495829772,81.7391915844345,93944.008388,93944.03244,0.9976521544046066
10.624063164440958,-4.915013912642561,80.93458076500248,93944.021721,93944.045609,0.9495189459167944
9.181454685439546,-5.034339927572448,80.19256733457905,93944.035054,93944.059866,0.9896823992946304
7.774849925662426,-5.197461748706714,79.37294097214799,93944.048388,93944.072395,0.9519072736747995
6.454944104271105,-5.3758689764038134,78.62518397518943,93944.061721,93944.085499,0.9077785385056394
5.208031884640543,-5.535114998816257,77.87843296617972,93944.075054,93944.099805,0.9845610516864157
3.9291181278240095,-5.7128441362540086,77.21054469143674,93944.088387,93944.114021,0.9704888121985501
2.607041017575628,-5.9391419701080155,76.24501092576214,93944.101721,93944.126107,0.9465098667859959
1.2819594149552618,-6.246578454502292,75.6200488260971,93944.115054,93944.138649,0.9740444276614668
-0.015653846858466297,-6.529350078821706,75.01890139279054,93944.128387,93944.152188,0.9945638264657902
-1.2816916299325012,-6.723641591334161,74.38553538363655,93944.141721,93944.165623,0.9426732740249636
-2.5108171537164616,-6.868233069150813,73.8535657344327,93944.155054,93944.185386,0.9995309380963411
-3.6153928249902028,-7.01397370134168,73.2232210803611,93944.168388,93944.195302,0.9651398837036942
-4.572385018577822,-7.225348378084027,72.83151307846286,93944.181721,93944.206247,0.9555435103401316
-5.3758907735518475,-7.431005409698106,72.43167486468944,93944.195054,93944.220906,0.9987352185319394
-6.06114783266747,-7.624334323475134,72.15433517185188,93944.208387,93944.233034,0.9685348854711481
-6.6191685657699635,-7.8032752641379455,71.9351234895189,93944.221721,93944.245747,0.9688434814746488
-7.072138543538864,-7.977842660857762,71.72363442465895,93944.235054,93944.25987,0.9440984977870175
-7.445490969754888,-8.142596795291787,71.55500523781488,93944.248387,93944.272934,0.9929372288595033
-7.753629315919873,-8.291316073810414,71.56819909258995,93944.26172,93944.286034,0.9687344918433749
-7.964345420215345,-8.37591421314446,71.43745915320629,93944.275054,93944.301638,0.967104471567938
-8.099771000863983,-8.40426611853954,71.44449530352615,93944.288387,93944.313206,0.9439849128873697
-8.148237779286742,-8.335678942293566,71.41928399632921,93944.301721,93944.327992,0.9997489009570647
-8.147061560277182,-8.179614876304397,71.44062942432046,93944.315054,93944.340292,0.9968220774801706
-8.084645348437224,-7.985378319101698,71.64442488967359,93944.328387,93944.352941,0.9599021165130095
-7.8702872972223465,-7.774537289532709,71.84131947317965,93944.34172,93944.366175,0.9898689072535245
-7.502591125050586,-7.527873250164554,72.17111919159969,93944.355054,93944.379243,0.9188659342710881
-7.010851339515159,-7.210409710121466,72.55205499298499,93944.368388,93944.393293,0.9308853166213972
-6.416790974438576,-6.824714464020351,72.88791328263324,93944.38172,93944.405411,0.9967271086207796
-5.724352402996937,-6.396798776275471,73.30003787606594,93944.395054,93944.419709,0.9991062315155436
-4.888399780587194,-5.917044101366215,73.9496782698626,93944.408371,93944.433744,0.9977931627824262
-3.850488666422272,-5.3627354047047735,74.69770888958568,93944.421704,93944.448628,0.9938215350300579
-2.6606179470553104,-4.692647829136747,75.58756503845527,93944.435038,93944.45924,0.985499646129591
-1.416630296911731,-3.88960783870642,76.63117782468795,93944.448371,93944.472634,0.9594716769206806
-0.1245413332898151,-2.969081949574342,77.47969375472667,93944.461704,93944.48594,0.9854412258927956
1.1778618504199583,-2.0065979133970533,78.59118352139423,93944.475037,93944.499936,0.9697404590741104
2.4918764770108526,-0.9818117545511339,79.63314676844034,93944.48837,93944.512562,0.9767087866218741
3.7817990820090364,0.10110106431219142,80.8595660702874,93944.501704,93944.526902,0.9967674435903229
5.042280227430481,1.219431801619647,82.23277327628873,93944.515037,93944.540545,0.9955920029175541
6.265775480339298,2.3515906274836516,83.5714569219651,93944.52837,93944.554596,0.9090108438673423
7.4491625207796375,3.4430006275558434,84.96397471023822,93944.541704,93944.566495,0.9536885557562705
8.609601472769533,4.514800937460975,86.65223195779355,93944.555037,93944.57926,0.9142482221288514
9.706611997739838,5.591268475839209,88.25859900991048,93944.568371,93944.593298,0.9780614344490393
10.741721366888262,6.666445138668287,90.03874094348399,93944.581704,93944.607074,0.9766002592443891
11.683570326922787,7.707567242366458,91.56564264704082,93944.595037,93944.618873,0.9519086190023046
12.573217007001281,8.712381607391386,93.19106189293538,93944.60837,93944.633001,0.9958056402437849
13.430840935453471,9.700728300631246,95.07625475107626,93944.621704,93944.646691,0.9957025382001975
14.20689898401713,10.613175608937022,96.73597408045573,93944.635037,93944.659727,0.9186302066951022
14.925064560842339,11.461384693801762,98.36047836930807,93944.64837,93944.674495,0.9901633691267492
15.584469363229207,12.247329437149146,99.99347806609308,93944.661704,93944.692589,0.9045714470454925
16.176537493291914,12.983474440273831,101.55231810107628,93944.675037,93944.705957,0.9780639920054319
16.720719826149114,13.679387839682658,103.14234759063712,93944.68837,93944.713109,0.9028462150299387
17.223363663366637,14.336570493768042,104.76027174641746,93944.701704,93944.72577,0.9878841651242037
17.58003232226582,14.936782395328683,105.9597213375707,93944.715037,93944.739713,0.94419366797657
17.924626610337842,15.624228090897384,107.47724290115423,93944.72837,93944.754707,0.9517582302338438
18.179398940817872,16.25713551689227,108.7692474921394,93944.741703,93944.767394,0.9753257726745163
18.42009471104686,16.890473432398828,110.23358202176053,93944.755037,93944.779432,0.9710583090027961
18.616655447781028,17.44787423663114,111.6110194092436,93944.768371,93944.793228,0.9361195432583824
18.771105131590282,17.995223814653077,112.83836772989623,93944.781703,93944.805952,0.9396868374567282
18.977874890944577,18.541813931440302,114.26067429000842,93944.795037,93944.820095,0.935393968826219
19.235212092030253,19.177383700317996,115.74555524043032,93944.80837,93944.833433,0.9278936835682692
19.477588400511433,19.901363629264026,117.06952201851102,93944.821703,93944.846037,0.9231750818514419
19.77624622824543,20.737937779557136,118.82952576935268,93944.835037,93944.860193,0.9960304452931421
20.036652004831907,21.510263613211112,120.25993622941179,93944.84837,93944.872122,0.964851237936003
20.293584268439297,22.25143035911276,121.69860128178996,93944.861703,93944.885751,0.9534668059796633
20.49844600997861,22.943060276942198,122.98550361309778,93944.875037,93944.907114,0.9545497352372624
20.699799249150672,23.593939247940146,124.37327891459573,93944.88837,93944.912496,0.8136344916440262
20.93753913896532,24.230369837527242,126.08573360989473,93944.901703,93944.927158,0.9821197108143406
21.132766670016167,24.8174083150093,127.5528036487611,93944.915037,93944.946217,0.7753105065693183
21.318806194803248,25.3676344619351,129.2228349949725,93944.92837,93944.953124,0.9356825716919762
21.395664747031592,25.72858413025583,130.2486731358654,93944.941703,93944.965949,0.9810128232396347
21.496181194353397,26.08084956214415,131.60502633161806,93944.955037,93944.980326,0.9939799498975592
21.49836906919274,26.252465239885467,132.375800812504,93944.96837,93944.994034,0.9280357801273121
21.597326452677912,26.486758232359705,133.91569630093073,93944.981703,93945.005949,0.9943262864417685
21.57838469236864,26.54790169417359,134.78307320679403,93944.995036,93945.018952,0.8977830399601486
21.570313318533138,26.613749572598515,135.70938581900157,93945.00837,93945.032551,0.9519839745198516
21.568877450719285,26.711108753518502,136.62997811570753,93945.021703,93945.046253,0.9738992314168249
21.52925672664072,26.69954595823813,137.23967139470835,93945.035037,93945.062763,0.9145927154564799
21.586347894553995,26.804495570963912,138.38805388279204,93945.04837,93945.074425,0.9421838463258122
21.576848427217932,26.7738352288431,139.0162443576943,93945.061703,93945.08695,0.997057023212146
21.61079509908829,26.809461163802418,139.84483390919112,93945.075036,93945.098972,0.9681132070245672
21.696186710043758,26.89297851525904,141.13705435221422,93945.08837,93945.112738,0.9715018132615675
21.573684955530585,26.689028716814644,140.7402602856795,93945.101703,93945.127031,0.9778053800109476
21.654910404271735,26.7855980588323,141.8227317159485,93945.115036,93945.138663,0.9455792526903319
21.657663197556815,26.778499781297015,142.27335388059487,93945.12837,93945.153324,0.993268165569575
21.53615984071068,26.595685838411427,141.98278278578795,93945.141703,93945.173246,0.9985725391260436
21.624013056429618,26.68428644884809,143.05116476758477,93945.155036,93945.179838,0.9992039347009191
21.582349767486054,26.58611699903522,143.21838171867134,93945.16837,93945.193914,0.9837899393614332
21.56821164096874,26.497027751920182,143.52845542604078,93945.181703,93945.206169,0.9791629056587772
21.507099884814476,26.335278376111553,143.29331635034842,93945.195036,93945.220347,0.9777131211254559
21.468296280460375,26.26251672979618,143.1447088590124,93945.208369,93945.232554,0.9965265419901748
21.499524595353588,26.349360687122253,143.36311029864132,93945.221703,93945.245991,0.9940250315557845
21.49583415362873,26.415315057724076,143.10074378509708,93945.235036,93945.260241,0.9951159477233886
21.562014671529045,26.628827426288044,143.22834639129977,93945.248369,93945.272912,0.8664572456179327
21.542272138689764,26.667812803496997,142.57778124320114,93945.261703,93945.285777,0.9860214041137751
21.693467551577893,26.84970015488399,142.8525920978665,93945.275036,93945.30047,0.9810009958418825
21.667594880067135,26.77544235045736,141.8576913903588,93945.288369,93945.312326,0.9234525190326027
21.721267236548922,26.773414457882804,141.0815832669721,93945.301703,93945.327253,0.8641076700153616
21.872369949267874,27.023029103653393,141.07328885488826,93945.315036,93945.339066,0.9649054602796535
21.85012782706994,27.07612792195845,139.59111615009263,93945.328369,93945.35384,0.9958589904639723
21.93555311508178,27.384073041533913,138.7987804704396,93945.341702,93945.366417,0.9540042482745221
22.010512617816374,27.679341698314435,137.85080870311248,93945.355036,93945.38264,0.9559006158094929
22.017732968492695,27.840484103585563,136.30457996801013,93945.368369,93945.393607,0.9002306740862736
22.03574320704109,27.93135285440718,134.96106553333777,93945.381703,93945.405718,0.918482446553245
22.01753169300376,27.90388504677981,133.283116018245,93945.395036,93945.419009,0.9194092037754946
21.92886093970598,27.729950599781347,131.07790619539082,93945.408369,93945.433802,0.9262863325274143
21.884306751920718,27.533902344165945,129.21176961999706,93945.421702,93945.445477,0.8201212367329007
21.75572800886843,27.214542579570182,126.8475235142126,93945.435036,93945.460306,0.9710372243922955
21.642231147719393,26.907531477187895,124.84170913872687,93945.448369,93945.472373,0.955971104953075
21.458652409791252,26.462057732761483,122.58000562895988,93945.461702,93945.486486,0.861590522977533
21.270040189416743,25.93529172434958,120.3907734157328,93945.475036,93945.499261,0.9508958990908583
21.046574033191618,25.209252285013537,117.82924579627479,93945.488369,93945.516844,0.9436959483054234
20.83374004656447,24.289990151983623,115.28781164208579,93945.501703,93945.526946,0.9537749207650149
20.694719875065918,23.304783230266207,113.26262298391421,93945.515036,93945.539638,0.9643431127287206
20.423864411472298,22.068632712476944,110.6720864345953,93945.528369,93945.553067,0.8971993577375001
20.16381404713165,20.89550599586205,108.47046115994067,93945.541702,93945.566685,0.9577560196600234
19.911999862129576,19.698784418792588,106.23013402868976,93945.555036,93945.57981,0.9754675835319868
19.633973191266154,18.482644129650893,103.83574649818439,93945.568369,93945.594102,0.9783664468356377
19.34043600797345,17.255348174840375,101.64620242289713,93945.581702,93945.606628,0.9663169565268391
18.979474526788394,16.03300596556906,99.72323688324097,93945.595035,93945.619493,0.9468105963634889
18.506181212975285,14.770806823745925,97.89046248736238,93945.608369,93945.633235,0.9864084429830567
17.96823370406051,13.448701575697843,96.10187371450586,93945.621702,93945.645403,0.9930844796242428
17.44659237457458,12.13056846563828,94.46530732603273,93945.635036,93945.659721,0.9851175232189423
16.899336710667875,10.99955426599226,92.96107403190734,93945.648369,93945.675711,0.9758348689201894
16.27292252516604,10.080405123392952,91.49513383904923,93945.661702,93945.69025,0.8928258390357015
15.58630725763966,9.294476353929708,90.14849062601498,93945.675035,93945.706609,0.9791470139943077
14.87593393107253,8.514543739027786,88.92319527276507,93945.688369,93945.712623,0.9581419001964713
14.140655576414655,7.7395901020079245,87.71574147649136,93945.701703,93945.727331,0.9802696424002336
13.410903833468225,7.081170198260054,86.71158918826255,93945.715035,93945.738667,0.9977572351005277
12.735201796030262,6.544403404148143,85.77972158344771,93945.728369,93945.754116,0.9855047342142026
12.140529451680923,6.137507788493112,85.04160799360777,93945.741702,93945.766809,0.9745346041998794
11.60897683316605,5.816563890303966,84.26127340153063,93945.755035,93945.782174,0.976935842014504
11.167341315623515,5.604166400343619,83.6696680239865,93945.768369,93945.793589,0.9485927845797331
10.837925880967045,5.490521162678727,83.20280161494036,93945.781702,93945.805765,1.0
10.640843969095535,5.464540094572224,82.80030264821295,93945.795035,93945.819568,0.9508804333709802
10.588766674251737,5.571395986429721,82.68287909120593,93945.808368,93945.833486,0.9515155473348612
10.639493292943838,5.799004413729382,82.58445189031035,93945.821702,93945.845918,0.9997153105549462
10.809923951793074,6.114046392551953,82.56936181759241,93945.835036,93945.859908,0.980974021567102
11.132055040158997,6.506299932934561,82.84311451992448,93945.848368,93945.872863,0.9482548766314775
11.576404149903048,6.962740599532305,83.06011281472337,93945.861702,93945.885914,1.0
12.156768941989142,7.515737886735664,83.50006117429803,93945.875035,93945.899632,0.9820253480045941
12.859787723199135,8.157888465026678,84.24756009538547,93945.888369,93945.914537,0.9736048259509278
13.632872639499757,8.836184291676773,84.77840455839032,93945.901702,93945.927697,0.9864003142610862
14.520901094091386,9.59258089786843,85.69552917247164,93945.915035,93945.94075,0.9702331254846582
15.458542691962203,10.389208199998173,86.43760874790505,93945.928368,93945.953078,0.9383709580937403
16.461871381924002,11.248295896978934,87.34412824381785,93945.941702,93945.965676,0.9426192091935299
17.521725243384797,12.15459914091597,88.387022597654,93945.955035,93945.978981,0.9989041357744325
18.632429643871397,13.096610720951043,89.61883952978097,93945.968369,93945.993925,0.9128964871557016
19.7817341374431,14.038337112195906,90.99545912255644,93945.981701,93946.005558,0.9341255347003259
20.873615125734023,14.892982806915752,91.97692000527755,93945.995035,93946.022541,0.9372624368614331
22.086533882955294,15.78840136974595,93.49306752891682,93946.008368,93946.032813,0.9906920928970829
23.316239680434855,16.633573233855607,94.95147840284694,93946.021702,93946.047653,0.9567064387772559
24.572513658747077,17.438262130327086,96.57818558597819,93946.035035,93946.060573,0.9926097899829455
25.735288790210713,18.121605661623494,97.90767236907203,93946.048368,93946.072454,0.8780056891033797
26.871142801534056,18.734441918861684,99.38565879106176,93946.061701,93946.085299,0.9750394923703339
28.01966132599224,19.29239716676432,101.05474743574543,93946.075035,93946.099726,0.9584944184770414
29.101115965146313,19.784411453339647,102.58292212105232,93946.088368,93946.112214,0.8912458999777881
30.113964409931327,20.286063989870932,104.13350631776285,93946.101702,93946.126224,0.996479749696558
31.010250942318617,20.714128056502314,105.4755436390012,93946.115035,93946.140109,0.9908341395027592
31.83465754975761,21.098014546917035,106.8935623253133,93946.128368,93946.154455,0.9511870664579162
32.55074173021156,21.430860869132612,108.26616934067985,93946.141701,93946.16645,0.8389712015661156
33.14512831382088,21.72918313385553,109.55773968882609,93946.155035,93946.178847,0.824164255972659
33.59381741066291,22.05717412029729,110.82588768618048,93946.168368,93946.19353,0.9830044743438111
33.769602345065195,22.30253357908151,111.66641799130547,93946.181701,93946.205528,0.836539006938705
33.85388282763031,22.601914503302254,112.6834034981072,93946.195034,93946.219012,0.7953038758597403
33.74031496189038,22.943479898184986,113.5134495462823,93946.208368,93946.232984,0.8483984256818206
33.32637650218838,23.24055241627571,113.76679175577578,93946.221701,93946.245529,0.9552721913582214
32.91617169333725,23.743051587781945,114.56395743626618,93946.235035,93946.265757,0.9284891994470732
32.25219687025036,24.228027365685104,114.91358260158756,93946.248368,93946.272457,0.9896857869534031
31.432419352572115,24.741742013597538,115.28520308851162,93946.261701,93946.285342,0.9485191295829706
30.41292063707557,25.19575919156833,115.36383473806168,93946.275034,93946.300548,0.9804580318178729
29.14885807561519,25.58154298825602,115.03588221031708,93946.288368,93946.315488,0.9794807690928393
27.828873394632218,26.0845859946451,115.14874202586589,93946.301701,93946.332385,0.9019460799018981
26.22353393754042,26.62383539967353,114.95334970654532,93946.315035,93946.345206,0.8191429031763712
24.3931730401123,27.26243057348168,114.80743601654729,93946.328368,93946.35469,0.9169396742865366
22.360279500458418,27.81470343907253,114.39567130098241,93946.341701,93946.366437,0.9585053052878675
20.190942816568615,28.214793548477655,113.66702331373416,93946.355034,93946.38016,0.8940971507954476
18.06246106205248,28.73889886690159,113.5934550247976,93946.368368,93946.393107,0.8886675320927927
15.877191766536837,29.224240153949758,113.52436065740369,93946.381701,93946.406668,0.9838327146341475
13.574042933169645,29.5407397018278,113.1099267697989,93946.395034,93946.420894,0.9466233175378486
11.224869796615573,29.759090297714216,112.72416356935015,93946.408367,93946.435004,0.9745419938139425
8.88369904294129,29.930097515420485,112.42033451414325,93946.421701,93946.447655,0.9187961376798482
6.591419454200839,30.021524083914542,112.11740563287862,93946.435034,93946.46561,0.9816899002969022
4.327965333825008,30.111373214887028,112.02986767733393,93946.448368,93946.480168,0.9550475313602712
2.0483239722199955,30.04287127517312,111.59566550926652,93946.461701,93946.485688,0.9386342269351026
-0.16197714945259514,29.9008761645925,111.38969908735201,93946.475034,93946.499535,0.9468810001851292
-2.1811585204849964,29.603812992491576,111.10079910806249,93946.488367,93946.512747,0.9628249080144903
-3.9771087724863614,29.255779813569337,110.79742390519411,93946.501701,93946.52775,0.9581469397812468
-5.594333500114513,29.01055579388422,110.8613310658947,93946.515034,93946.540018,0.9419555364093509
-7.01677984439282,28.731489845596005,110.77002376075363,93946.528367,93946.554785,0.9067091799473932
-8.224596921052784,28.437583211189807,110.80135786298011,93946.541701,93946.566433,0.9197754066817061
-9.103335568128612,28.008983158014516,110.43215604083001,93946.555034,93946.578419,0.8744634155607621
-9.662758796376893,27.678704201304093,110.35248753644574,93946.568368,93946.594013,0.9391109326446149
-9.939250000676473,27.531036797215958,110.3264886139887,93946.581701,93946.606024,0.9067507817243676
-10.07160983962011,27.70040510004653,110.74019905092605,93946.595034,93946.619669,0.8966061634819179
-9.87412669297906,27.840774684737283,110.54739665139581,93946.608367,93946.63292,0.9729276542585715
-9.4210141913486,28.144864882466383,110.88984964361785,93946.621701,93946.646585,0.8721700255574879
-8.597508739820958,28.397482712384413,111.0111911883125,93946.635035,93946.659646,0.8886731876364375
-7.472254154713623,28.80377905977079,111.42223179585639,93946.648367,93946.672627,0.8332595703558222
-6.085097981977988,29.196775826684938,111.51932069891983,93946.6617,93946.686852,0.9803277232932557
-4.578368031381809,29.902069740787006,112.40205873429812,93946.675034,93946.699118,0.9264928782377896
-2.874572756052957,30.561318152839625,113.00533891500551,93946.688367,93946.712584,0.8096134305332827
-1.0195709744928787,31.18985348581707,113.54350479163553,93946.701701,93946.726194,0.8209941363226919
0.9430452397141744,31.925581445250618,114.50883591433474,93946.715034,93946.741168,0.9578976046361695
3.0150726040045375,32.56996799355655,115.37586859880282,93946.728367,93946.752823,1.0
5.190115382232625,33.12061469535746,116.43166532575579,93946.7417,93946.766993,0.9789961374193512
7.416765385315838,33.39344116046191,117.05674988242389,93946.755034,93946.778788,0.9845759015376476
9.664049881973774,33.657165824936875,118.15059293528088,93946.768367,93946.793265,0.9706136864536324
11.889495998000903,33.76243381389866,119.16242592180924,93946.7817,93946.805258,0.9616081547124101
14.14077048964385,33.799115809751186,120.39119763410245,93946.795034,93946.819196,0.9421838463258122
16.39453428136449,33.635281556439935,121.56260036649829,93946.808367,93946.83236,0.939048053625126
18.59727796302223,33.21072684300045,122.4785814835913,93946.8217,93946.845679,0.9948287088238262
20.6460629655776,32.58707508171636,123.2447342751538,93946.835034,93946.864682,0.9757339900158353
22.628606949755074,32.01922362419372,124.52014293897052,93946.848367,93946.872353,0.9879839896303086
24.408614042206015,31.323410513470147,125.54577643089314,93946.8617,93946.885484,0.9872612649872791
26.01976438202719,30.523733507752652,126.2204149264575,93946.875033,93946.906866,0.8618213228148928
27.529409229896004,29.72277489303789,127.00405173955569,93946.888367,93946.919149,0.9031320496487774
28.818104309480713,28.974356621818067,127.52867922784634,93946.9017,93946.927778,0.9178592013527352
29.994850942172214,28.4150562391971,128.43906869660677,93946.915033,93946.939331,0.9087363595060737
30.8383044272525,27.822865108575456,128.78375530964212,93946.928367,93946.955579,0.8867621754709445
31.41185980061829,27.130973914175048,128.67147385861932,93946.9417,93946.965811,0.9419858276441363
31.8203880008156,26.508628180983152,128.48179669438275,93946.955033,93946.980632,0.8525525345030776
32.215726846527666,26.204284482703294,128.98742804578777,93946.968367,93946.993848,0.9962315849933311
32.244048024028785,25.923722673248214,128.6782519883091,93946.9817,93947.007901,0.8840423806080913
32.2119252139613,25.903224356430954,128.72470207900236,93946.995033,93947.02148,0.9586406869689146
31.872788036424307,25.838800193471453,128.08791199271477,93947.008367,93947.033189,0.8749057461828545
31.372122852493877,25.835149177182686,127.54998574415487,93947.0217,93947.045475,0.9044024340498681
30.81401791836028,25.971673693034674,127.2252029735831,93947.035034,93947.063024,0.935863705359431
30.03152762657768,26.072307096233015,126.41590113873858,93947.048366,93947.072545,0.9467411138915991
29.135869602829853,26.18254018014031,125.54976619289364,93947.0617,93947.086668,0.882317255688985
28.289623108873034,26.445183943639684,125.28669852681118,93947.075033,93947.100253,0.9478256788305972
27.15313171775389,26.45895549160167,123.87587444355196,93947.088367,93947.113068,0.9212337338320578
26.127185032183863,26.62258730959748,123.20081455720495,93947.1017,93947.128244,0.9941530456886888
25.03803324124049,26.74126604952619,122.32859849711828,93947.115033,93947.140322,0.906270294047851
23.799195283640273,26.633205964328454,120.69302347553422,93947.128366,93947.15275,0.9587947123216413
22.723833988164934,26.636904712803673,119.8542001349872,93947.1417,93947.166377,0.9950776100158691
21.521792904005952,26.413722374154833,118.41798246878247,93947.155033,93947.179212,0.9358570633222177
20.320189579138482,26.128565207648244,117.00171394571802,93947.168367,93947.193678,0.9809573893750104
19.11860467994039,25.810303294050247,115.73034713377601,93947.1817,93947.205093,0.864523413752628
17.890075915955876,25.33358652816859,114.09237853572876,93947.195033,93947.22663,0.9675694783549286
16.696100985257935,24.688089333770357,112.41088883808688,93947.208366,93947.232395,0.9492062457602288
15.49876607391275,23.830290834406487,110.51158365714998,93947.2217,93947.250091,0.9764822806894354
14.29963925934512,22.922701492473617,108.88340230179178,93947.235033,93947.2605,0.9819263660929164
13.091745084586789,21.82601412690833,107.01548553883403,93947.248366,93947.27582,0.9593084978488308
11.961509474412482,20.641409690221092,105.37511860566184,93947.2617,93947.287786,0.9247795582023003
10.892836734493933,19.382984487506974,103.73923859120706,93947.275033,93947.300236,0.927911236190852
9.788088084913223,18.13788666477229,101.95280499363615,93947.288366,93947.313261,0.919649455630689
8.58156819444318,16.932664888021908,100.26470221342963,93947.3017,93947.326866,0.9224462603098704
7.3194274654593405,15.610668067916345,98.53555296718511,93947.315033,93947.339131,0.9413794625758702
6.13373953107439,14.15141230887397,97.1767009744639,93947.328366,93947.352855,0.9763999218836367
4.96572219506334,12.677329489241572,95.72495487703091,93947.341699,93947.365608,0.9866481815402057
3.6978231709004836,11.361957407750639,94.27003470258697,93947.355033,93947.378679,0.9743482882756647
2.278879544468892,10.048758159251001,92.73898114249198,93947.368366,93947.393299,0.9996304485579224
0.8065808885778458,8.598742079879143,91.49270230149928,93947.381699,93947.406691,0.9983265282994607
-0.6050169437262497,6.954798469899426,90.2347995460737,93947.395033,93947.419629,0.9903676316697343
-1.924048192069479,5.31300381610471,89.00640231768897,93947.408366,93947.434161,0.9912920222395728
-3.188760737094375,3.8094018419168227,87.91186008958036,93947.421699,93947.445398,0.9942232044469363
-4.379819793693888,2.388162793136981,86.89936339754057,93947.435033,93947.460239,0.968507665996628
-5.401663157811388,0.9246928298288326,86.06713957319684,93947.448366,93947.472397,0.9474941464066629
-6.2127550207871565,-0.595934840212793,85.36234223916108,93947.461699,93947.493186,0.9821530347905256
-6.78516008469625,-2.0299719837230517,84.67797205170253,93947.475032,93947.498918,0.9766848572886287
-7.122493074358994,-3.2338853257450606,84.14514415405955,93947.488366,93947.513462,0.97069370675398
-7.179983365275784,-4.193844463892938,83.55122957846741,93947.501699,93947.526381,0.887889116971734
-6.89772510059166,-4.925832277176041,83.14140376950056,93947.515033,93947.541598,0.9927127101344153
-6.144382570562277,-5.474015621517221,82.93715993064015,93947.528366,93947.552402,0.9405942453883088
-4.872381664618921,-5.821502324528299,82.74514475832542,93947.541699,93947.565389,0.9931551061933169
-3.2690073177216163,-5.916594574854662,82.75807208373485,93947.555032,93947.578702,0.9647809646178647
-1.4440531782212638,-5.80326742427254,82.9391601095526,93947.568366,93947.593164,0.962971542943869
0.4916016977207102,-5.569411943248466,83.25706986118009,93947.581699,93947.606252,0.955190368363715
2.495545063295068,-5.330627094703292,83.54685834000377,93947.595032,93947.619535,0.998794886350433
4.445373156751304,-5.175051196795256,84.37928807431862,93947.608366,93947.634636,0.9999894604236883
6.223537126710242,-5.010177252311595,84.99264401974571,93947.621699,93947.647761,0.9890066647595496
7.7151601540251,-4.8287181150253256,85.55390651146213,93947.635032,93947.660351,0.9671984169263866
8.748528014537536,-4.840172822342897,86.02612161319388,93947.648366,93947.67328,0.932839664521118
9.301822544746363,-5.2477819356657065,86.03999155312282,93947.661699,93947.685729,0.9537666730617873
9.507767544177636,-6.060863582955418,85.76322183826964,93947.675032,93947.699259,0.9952055728462543
9.29802115303314,-7.134969399651906,85.24779964100928,93947.688366,93947.712759,0.9756374988519604
8.705177345863799,-8.237580207470142,84.69512318655748,93947.701699,93947.726817,0.9925172786046355
7.793286606873011,-9.118593056723569,83.89321858160939,93947.715032,93947.740135,0.9499373564943451
6.604783551357855,-9.762353605367636,83.08718571248959,93947.728365,93947.754163,0.9452332229877405
5.271631378474216,-10.22906457160768,82.29235234589684,93947.741699,93947.767094,0.9921502164235044
4.0650389118102455,-10.546774333129067,81.77936340207657,93947.755032,93947.779508,0.9622377321026785
3.15357542749509,-10.664718602755398,81.59715970723045,93947.768366,93947.792527,0.993729091660583
2.612206547666331,-10.462808162842936,81.43899932269393,93947.781699,93947.805992,0.9552962541343749
2.446056643281017,-10.035151015244558,81.44679024861931,93947.795032,93947.821899,0.9774471663982124
2.781612324039795,-9.531260680510208,81.40470089608993,93947.808365,93947.834407,0.9418003339415498
3.744176468254782,-9.187365579419497,81.73939373314148,93947.821699,93947.84663,0.9738963305085121
5.266917448680475,-8.955855786502449,82.20672389957502,93947.835032,93947.860218,0.9672036844268533
7.141097117533449,-8.636427913409575,82.54435798821842,93947.848365,93947.872642,0.9585175029618952
9.193076355841782,-8.287172889074176,83.35595730095953,93947.861699,93947.886918,0.9605102308869827
11.332358400217398,-8.006081488388439,84.26354666810347,93947.875032,93947.900034,0.9772236189388191
13.577409257744941,-7.779573762760575,85.36328588759291,93947.888365,93947.913301,0.8569424919044369
15.901235112386118,-7.484050148914309,86.87985931400733,93947.901699,93947.927899,0.9809829456319392
18.116335917077635,-6.9049199059730455,88.43793393391391,93947.915032,93947.940725,0.9822474670279235
20.147102142591823,-6.090033578964231,90.17327084886381,93947.928365,93947.952926,0.9618382281138125
21.962029156358877,-5.232769681283965,92.07589481796202,93947.941698,93947.966524,0.9996455164844849
23.50001471584371,-4.530163778607514,93.82812911970315,93947.955032,93947.982778,0.9739514304618847
24.723873770210222,-3.968345501585995,95.41244858572949,93947.968366,93947.99351,0.8793229489601092
25.734461348866095,-3.4412731071964324,97.04086363780192,93947.981698,93948.01438,0.9938453791693901
26.527725745838413,-2.9230830666937977,98.53273089681956,93947.995032,93948.019444,0.9609858552220077
27.016174048678934,-2.5867526353663175,99.39045296988554,93948.008365,93948.03284,0.9624706099328527
27.254016193016085,-2.5061839633136236,99.98348389964264,93948.021698,93948.045604,0.9667503106821423
27.26933243803544,-2.560381048690442,100.32523982265039,93948.035032,93948.059312,0.9968968142207424
26.999481050629083,-2.5659139896314835,100.1797816258908,93948.048365,93948.072611,0.9790320568880476
26.504504852829363,-2.460733335674351,99.9075635544616,93948.061698,93948.08549,0.9853808241687001
25.84463908467319,-2.2886188682977733,99.74988327884684,93948.075032,93948.099404,0.9634618616359042
24.969567185069867,-1.9916849485986572,99.50526573701048,93948.088365,93948.112706,0.9780312981142105
23.871864850077927,-1.537467536054172,99.02341477676096,93948.101699,93948.126396,0.9861316732243958
22.61856517343519,-0.9723345945404822,98.51972427294426,93948.115031,93948.138649,0.9476889444220499
21.21401947991365,-0.33702304510484155,98.00761392399622,93948.128365,93948.152664,0.9619498203989617
19.667494826584345,0.37482461991354576,97.49194058835845,93948.141698,93948.165819,0.9971432222848865
17.97570101698939,1.1740258880585357,96.89218639632854,93948.155031,93948.178889,0.9288170321404149
16.156916181933852,2.0047305215529128,96.41801448845351,93948.168365,93948.193983,0.9354643862010437
14.174237488740483,2.7903812228122193,95.57673683772862,93948.181698,93948.207303,0.9427126929145662
12.131370063926715,3.5098594855034038,95.1233122495231,93948.195031,93948.219075,0.9254893968258151
9.996258451878175,4.169430948556034,94.45413325838531,93948.208365,93948.232767,0.9467768485530688
7.810790357482531,4.826323554995211,93.87592319555792,93948.221698,93948.246511,0.9727512414132669
5.578012977003462,5.4370495263847936,93.43862682998217,93948.235032,93948.260385,0.9070824983880892
3.2575536073428055,5.937428586790519,93.0508315336349,93948.248365,93948.273444,0.9976764586825971
0.9164866036792607,6.309682991699911,92.52800265688666,93948.261698,93948.287343,0.9970064906239051
-1.4437407580395656,6.63796245875723,92.24053322404386,93948.275031,93948.299382,0.9466793229251527
-3.793322579902595,6.919168745700828,91.85252730098802,93948.288365,93948.312645,0.986393578522516
-6.112494885548719,7.145463235474078,91.3650352453829,93948.301698,93948.328173,0.9838001761243853
-8.38899753774707,7.276029722955224,90.94378406747164,93948.315032,93948.338803,0.9651459347426917
-10.617911079902937,7.29408948481966,90.46570610081513,93948.328364,93948.352569,0.9924019678641783
-12.742894680046962,7.191591925628311,89.79566789579638,93948.341698,93948.36532,0.9894413569938284
-14.75855921846644,6.985919756435127,89.169690815097,93948.355031,93948.379654,0.9938774736914624
-16.65968243150697,6.656859269961704,88.51575568526395,93948.368365,93948.394319,0.9684961023252165
-18.501583073978797,6.211577797073141,88.14323296708822,93948.381698,93948.406624,0.9237098511898142
-20.07112556872461,5.601933968680046,87.46372169149187,93948.395031,93948.419596,0.9886302029799142
-21.355465807966777,4.888258812768901,86.8613159687896,93948.408364,93948.433839,0.9833941927886699
-22.387026828994607,4.126300598929931,86.34591322223825,93948.421698,93948.44579,0.9959555509604568
-23.251969174938484,3.382225720689301,85.8836461146255,93948.435031,93948.459308,0.9293076538357999
-23.95471380671706,2.611254727201997,85.39924941386877,93948.448364,93948.473677,0.9694952432968227
-24.45184031281489,1.7591874912665575,85.01377487652712,93948.461698,93948.486413,0.9135116996954098
-24.705653500329383,0.8963287055145567,84.71046482607984,93948.475031,93948.49907,0.9606273931229656
-24.75123026346028,0.1913628192709611,84.38196725943325,93948.488364,93948.513306,0.9721211308886579
-24.719579657401454,-0.22000784286192557,84.22580887134448,93948.501698,93948.527434,0.957537702528452
-24.50038725038506,-0.4178093257928725,84.04177164703464,93948.515031,93948.539274,0.9924459020323102
-24.069245139604693,-0.47638762643654,84.08855422964223,93948.528364,93948.552799,0.979270678886071
-23.331783358617145,-0.3965635821567416,84.17020569796298,93948.541698,93948.56527,0.979958561231975
-22.35542197689327,-0.08930992357019245,84.3043437659329,93948.555031,93948.578646,0.9975606411554563
-21.211428520794,0.4528843212828016,84.61430043590362,93948.568364,93948.594198,0.9913982458046229
-19.87734836026963,1.1592954235433437,85.08464430209665,93948.581698,93948.606656,0.9901012546121285
-18.3304516830804,1.9452054331443815,85.57452731478611,93948.595031,93948.620785,0.9773608085396593
-16.682565097648947,2.835749084005665,86.39688456341678,93948.608364,93948.638903,0.9646957366175977
-14.886256535272736,3.7948092170010086,87.37310609106817,93948.621697,93948.64856,0.9796111828747551
-12.944301941198006,4.8067733955917165,88.43965179597883,93948.635031,93948.666019,0.9499501975468735
-10.87832179342818,5.832500364240483,89.54423357196241,93948.648364,93948.678703,0.9278538999050682
-8.75555179438901,6.87872564965922,90.88256841140512,93948.661697,93948.686235,0.9571228772269829
-6.560306374250103,7.9163890600921025,92.29296883052767,93948.675031,93948.698901,0.9589359107384903
-4.304448224932039,8.897675029337819,93.69288433314564,93948.688364,93948.712414,0.9945721432230991
-1.9686786333941042,9.756679559676323,94.96793684043075,93948.701698,93948.725706,0.9969121868712287
0.3593700483557409,10.53968541651132,96.60789059822656,93948.715031,93948.745288,0.9540353489749211
2.6794021288975456,11.164902426209917,98.25166378773372,93948.728364,93948.753014,0.9736577912672157
4.955808446756348,11.66441264865998,99.84646152783675,93948.741697,93948.765632,0.9633408405776781
7.160123086381997,11.977728066574164,101.30954609376546,93948.75503,93948.780359,0.9294312352173333
9.315201305653215,12.102817308612417,102.73842321925207,93948.768364,93948.793658,0.990002247499369
11.38619776095193,12.033925877028047,104.24540680158056,93948.781697,93948.805354,0.9672191142836544
13.361162356123335,11.818786258041689,105.63659880015248,93948.79503,93948.819046,0.9523983125645665
15.243704252179652,11.46366528889297,106.98370255926766,93948.808364,93948.832354,1.0
16.96902430485977,10.97463108247093,108.01577479358934,93948.821697,93948.845901,0.9852644882509835
18.563251576182974,10.384073559540894,109.01301440960493,93948.835031,93948.860152,0.9908847961148718
20.00065189691358,9.689108908451207,109.84595189963188,93948.848364,93948.873158,0.922756975708083
21.300920885029974,8.982358307056549,110.72489784394438,93948.861697,93948.885395,0.9480753857254332
22.390712610245544,8.2063891516327,111.1913315413704,93948.87503,93948.898846,0.8908952404497618
23.276788360587183,7.510058182232481,111.57270221569088,93948.888364,93948.91432,0.9666776232286328
23.99571005589299,6.90749242250215,112.02706292608403,93948.901697,93948.927209,0.8453519783258611
24.589437386895842,6.3757310853862235,112.38181947496912,93948.91503,93948.940201,0.9724338471909488
25.086787166770062,5.938732373096781,112.7980884637171,93948.928364,93948.954072,0.9356825716919762
25.48205224165283,5.6681400229175525,113.19655365451848,93948.941697,93948.965739,0.9854649950408899
25.70908844553551,5.594668525596182,113.40139711479286,93948.95503,93948.979527,0.8935857026939967
25.831410991667934,5.672552191953176,113.83152917775065,93948.968364,93948.994487,0.8096134305332827
25.729388401066377,5.752188613365909,113.93717390909508,93948.981697,93949.00557,0.9314535230179901
25.358726977414037,5.7692666192953315,113.46234118139245,93948.99503,93949.019422,0.9127090374363761
24.941628658611446,5.808921495116223,113.28480461957373,93949.008363,93949.034307,1.0
24.431575249190185,5.940477876129471,113.25927469828,93949.021697,93949.047356,0.9414470961505755
23.717828124949687,6.107255251549021,112.63764263295799,93949.035031,93949.059453,0.9255045963904577
23.054338301961938,6.4325454100712705,112.70874688141872,93949.048363,93949.073524,0.9848279684455702
22.238647637503046,6.827521804165238,112.26756438389695,93949.061697,93949.088401,0.9839128020402995
21.42688883788131,7.374122571404744,112.08556697602019,93949.07503,93949.098748,0.9774514031585758
20.533568505176753,8.07317283450957,111.78552882585886,93949.088363,93949.119321,0.9231145648459441
19.512994768438993,8.84841081012378,111.22770574272799,93949.101697,93949.127372,0.9031375781403631
18.387616487040876,9.692309260617268,110.82030702535133,93949.11503,93949.13843,0.9459204160567232
17.158015953154166,10.532704839559521,110.46098779750551,93949.128363,93949.152777,0.9672922817149253
15.781204195625666,11.346018954434392,109.79631474464584,93949.141697,93949.165422,0.9823826163312341
14.366056545900655,12.1379347948523,109.29578781533125,93949.15503,93949.179445,0.9681717765078055
12.893676536650053,12.87583548329374,108.6929338336412,93949.168364,93949.193189,0.94385190794395
11.435349958469757,13.549384969200105,108.10486460549795,93949.181696,93949.207575,0.9722693406881302
10.068846333582762,14.159754486709915,107.69149290682522,93949.19503,93949.220755,0.9726714469888573
8.865033560200432,14.737147310003381,107.370270697468,93949.208363,93949.235605,0.9237242156528656
7.831008770999257,15.299893160434893,107.2950133295672,93949.221697,93949.246495,0.9749859960492846
6.974625148936258,15.77398821606,106.94982741940086,93949.23503,93949.260572,0.9773765905791502
6.272043254751081,16.22639826787545,106.91020564082322,93949.248363,93949.27315,0.9626440916354668
5.66147737234889,16.553104838436898,106.37942923385158,93949.261696,93949.28676,0.8740350043866338
5.1339067866042924,16.82121372826304,106.10464644549207,93949.27503,93949.30071,0.8966813791334561
4.650881913284646,17.019995703242884,105.80388946020926,93949.288363,93949.318114,0.975326580774423
4.207146570955703,17.075980463017505,105.32383939311002,93949.301697,93949.3282,0.9933172700540801
3.809560264722006,17.001792523578324,105.00297317781285,93949.31503,93949.340219,0.9702375779262067
3.3829645796255328,16.777610440809806,104.321519174225,93949.328363,93949.359058,0.9366000580519561
2.889902514574101,16.480732050207887,103.8008017563602,93949.341696,93949.367004,0.9036940469569075
2.328728310910845,16.01357942069372,102.95372673106222,93949.35503,93949.388529,0.9819180437393779
1.6727330380029566,15.44703699265291,102.21773462528657,93949.368363,93949.400965,0.975046317419527
0.9207475750590663,14.809655556599193,101.59788602574433,93949.381696,93949.412486,0.966953588710001
-0.003206395972492887,14.119616963786134,100.7009270838549,93949.395029,93949.422133,0.9889760125322995
-1.1280516917465673,13.454608791933257,99.86137021986546,93949.408363,93949.437116,0.9389582199722234
-2.396214833524969,12.766276575149512,98.84802671648528,93949.421696,93949.447612,0.9333886656207757
-3.746821449038196,12.08345884563813,97.82707190827058,93949.43503,93949.460926,0.9610403300090151
-5.174176731582529,11.494298938848615,96.97788402391433,93949.448363,93949.473847,0.9329926138291534
-6.670789477624176,11.015518103180252,96.07638164901292,93949.461696,93949.487189,0.9831813945524334
-8.243978331688554,10.559512179791586,95.02684983730377,93949.475029,93949.500446,0.9634265571766153
-9.913306288464932,10.04926842275795,94.11928479144154,93949.488363,93949.514075,0.9753783721557222
-11.584127626901795,9.391753236363098,93.14245903219948,93949.501696,93949.527765,0.9157110824492098
-13.151575753653415,8.564864282909463,91.83099878784171,93949.515029,93949.540167,0.9473279628527886
-14.766807962399582,7.753659672052865,91.06911867120704,93949.528363,93949.55338,0.9661650725386393
-16.312707149683835,6.915463549976691,90.19672834802333,93949.541696,93949.568616,0.947896738226922
-17.79406535327187,6.010065376467761,89.30101182740545,93949.555029,93949.579276,0.963882914260892
-19.07690734615483,5.005307046729303,88.15051409670815,93949.568363,93949.594283,0.9919865214458946
-20.362740267176527,3.9632471419784476,87.58441374476409,93949.581696,93949.612664,0.9590096428568543
-21.421772406537457,2.907305723500008,86.78836837689003,93949.595029,93949.620555,0.9791797082995026
-22.353988687623207,1.8905149817436633,86.17264936536475,93949.608362,93949.634606,0.9577886866927628
-23.120426637942064,0.87795568055896,85.69644826806532,93949.621696,93949.650695,0.9758747134112677
-23.668944655480434,-0.10299253522654922,85.25772899957005,93949.635029,93949.660085,0.9684167585299549
-24.07168671322527,-1.0016377143601893,85.01857341770024,93949.648363,93949.672826,0.9973961086553625
-24.26581798527638,-1.767261909891215,84.69335841293658,93949.661696,93949.68613,0.9253413163738066
-24.348776271927694,-2.363183640396253,84.56706848720165,93949.675029,93949.701072,0.9823478532431205
-24.234353900602216,-2.785076071231411,84.45815299999997,93949.688362,93949.713789,0.9914612607858593
-23.91915133115009,-3.023464828367257,84.30982359572465,93949.701696,93949.726041,0.9321825650806295
-23.404452183633484,-3.0850334809132933,84.30785702475775,93949.715029,93949.743138,0.9218895732213023
-22.68803288838417,-2.9700893357396856,84.50616312092147,93949.728362,93949.755503,0.9295843893611853
-21.68684126948311,-2.6996575801876106,84.74362262699499,93949.741696,93949.77648,0.981367283523393
-20.502375447485452,-2.276867069592527,85.20046095137769,93949.755029,93949.780195,0.9705771208352978
-19.100239214949486,-1.6897920258407026,85.60677001342935,93949.768363,93949.793371,0.9128789736850246
-17.597071772980676,-0.9894546249494138,86.15890932554603,93949.781696,93949.806448,0.9970961146640652
-15.983193919538328,-0.2051865661358703,86.88815024227135,93949.795029,93949.827651,0.9734717843317515
-14.230056623669972,0.6625070396778818,87.70249874577027,93949.808362,93949.834347,0.9612760868282436
-12.283459748706523,1.5968242132007127,88.3416672885008,93949.821695,93949.846556,0.9879946185403066
-10.323439165928233,2.6246723601885624,89.52473395055891,93949.835029,93949.866433,0.9707467619119909
-8.239698281143621,3.714836505454837,90.30472728676494,93949.848362,93949.874845,0.9603878289223988
-6.17201864124117,4.8642646588086,91.50038659527411,93949.861696,93949.892768,0.9693180537552146
-4.061160453270622,5.9928569401750496,92.62675455892916,93949.875029,93949.901337,0.9666142670700129
-1.9232312496467638,7.053334222706256,93.75990472529041,93949.888362,93949.914067,0.9283939915356287
0.21432243287924574,8.030024526836467,95.00541928900357,93949.901696,93949.926704,0.9631865455356358
2.350644890867152,8.893748016153426,96.28564015204638,93949.915029,93949.939888,0.9664909713920711
4.4592756466256365,9.620996583503723,97.51538106832842,93949.928362,93949.952957,0.9730082669539392
6.500581288246402,10.182177753630787,98.54177764676865,93949.941695,93949.966149,0.938024246130101
8.508889088495923,10.676870347821447,100.00065889475984,93949.955029,93949.979557,0.9858145868188217
10.443029280645396,11.003153937284658,101.29171783717774,93949.968363,93949.994865,0.9913599614323165
12.340585526499877,11.200047596402968,102.53637222193794,93949.981695,93950.005959,0.967628738942082
14.19014202808046,11.33013616374372,104.16961974741227,93949.995029,93950.020192,0.9511005656720616
15.910708551373434,11.301837663189088,105.29746350272232,93950.008362,93950.033734,1.0
17.537478169262204,11.188240235729868,106.51195950387184,93950.021695,93950.045603,0.92707115024006
19.017570455704554,10.961165801995806,107.4497797667079,93950.035029,93950.05901,0.9624820562253846
20.42247808989245,10.68748726192628,108.4283355968869,93950.048362,93950.072927,0.9860156168094534
21.72815710167035,10.358848263383953,109.43579540612203,93950.061695,93950.086145,0.8902689083414533
22.943357267466755,9.965257163695211,110.44606398913126,93950.075028,93950.099177,0.9054414312622605
23.95085317002914,9.46139705687869,111.03337239017714,93950.088362,93950.112728,0.936691333062712
24.879741993474077,8.965755583845942,111.84183587930679,93950.101695,93950.126912,0.921270626995421
25.69467302413385,8.483222551742749,112.47949421271319,93950.115028,93950.139255,0.9418541758475261
26.317413538567553,8.027405073598304,112.8020450087802,93950.128362,93950.153693,0.8095933742287612
26.81990654930209,7.6338771657163,113.049112093951,93950.141695,93950.166143,0.9800504122222303
27.215239096210183,7.260878782125174,113.52923864232615,93950.155028,93950.178935,0.9818184032726212
27.36836308724907,6.8159460771004134,113.5062193110889,93950.168362,93950.193349,0.8659351992134228
27.472311056504555,6.402041450047193,113.74294800700558,93950.181695,93950.205506,0.8177126017365886
27.407241438120614,6.042724742789146,113.6883489772477,93950.195028,93950.220874,0.9560806100320516
27.093222068591146,5.789027851507587,113.02465986452357,93950.208362,93950.233931,0.8958340357844603
26.81154603721358,5.711981171257008,113.1929472831765,93950.221695,93950.246981,0.9704083839635069
26.161159399579102,5.6733771659825685,112.27270363142335,93950.235029,93950.261071,0.9573960352265225
25.46308871688886,5.682641406682497,111.6705303002262,93950.248361,93950.272826,0.9475184521613867
24.611146016528934,5.764355608823789,110.92399378808989,93950.261695,93950.286131,0.9962691292334692
23.69443798423691,5.9815650604018495,110.42108836490317,93950.275028,93950.298705,0.9877810298305227
22.55848252729179,6.274786895899269,109.34729317801896,93950.288362,93950.313124,0.9474128698867512
21.26009158309111,6.599265675650544,108.13311824262892,93950.301695,93950.326531,0.9887096458564092
19.936600864909142,6.941721048797677,107.37228461370671,93950.315028,93950.340378,0.9950619731625625
18.48155977287684,7.244193999844927,106.18984302220102,93950.328361,93950.353196,0.9776178251432835
17.001187541582606,7.590692276620169,105.2576568894198,93950.341695,93950.367734,0.9520332425351771
15.496145030795509,8.011088352098875,104.3131714708485,93950.355028,93950.380171,0.9827328945830112
13.949118492207425,8.476561456341068,103.34939607936127,93950.368362,93950.394232,0.9932683825775229
12.393047204027194,8.917943858525158,102.32951912616272,93950.381695,93950.406999,0.8993971004073845
10.923376285342252,9.345285711808557,101.65362299999711,93950.395028,93950.419113,0.9741889664915893
9.562775927950137,9.719250029748101,100.85945532407725,93950.408361,93950.432819,0.9937132601062217
8.329311845606446,10.089788217748083,100.27358301463998,93950.421695,93950.447403,0.9730082669539392
7.206731604489612,10.418718226471261,99.7665966398273,93950.435028,93950.459238,0.9465301895072439
6.172019464797836,10.700484402319764,99.43400236822288,93950.448361,93950.472386,0.9783896511463062
5.207698098367837,10.926480144372388,99.07798279224912,93950.461694,93950.485869,0.9868939350380801
4.31179002060929,11.18239103188077,98.94875339221,93950.475028,93950.4994,0.9825563665084863
3.4749011666467036,11.427189288071265,98.66417632860282,93950.488361,93950.519335,0.9818053267007089
2.7013715780585392,11.737385821743132,98.71078562710434,93950.501695,93950.525974,0.9900849114149687
2.0120730224624914,12.04246932445074,98.50550265153457,93950.515028,93950.539389,0.9530014873244542
1.3752431465187085,12.383267835808612,98.35371812266344,93950.528361,93950.552876,0.9900849114149687
0.8339169064094323,12.732988133155283,98.29075379084377,93950.541694,93950.565862,0.9224714154298812
0.4005948209706503,13.056934789360469,98.26019311747962,93950.555028,93950.578724,0.9028557327721322
0.08069946808768237,13.338131065296716,98.27603395764253,93950.568361,93950.593642,0.9165365876713502
-0.08261186897228034,13.492821120091545,97.9542205077469,93950.581694,93950.605971,0.9172346315753112
-0.14819972573571072,13.66217064549001,98.25841253164218,93950.595028,93950.621586,0.978967428446822
-0.06716228344009244,13.69901518044292,98.10636098976032,93950.608361,93950.63266,0.9958602691080325
0.11091038909656045,13.703563881170885,98.1323398272265,93950.621694,93950.646593,0.8868451106623242
0.3886130279998301,13.610545544441713,98.00705664415464,93950.635028,93950.65942,0.9932827211951318
0.7566026082180668,13.458190927009825,97.88739277517323,93950.648361,93950.672807,0.9608719769283939
1.189928694318781,13.233252577992788,97.90013730786227,93950.661694,93950.68574,0.9043454863234476
1.701924637334395,12.894984868207489,97.92898600580666,93950.675027,93950.698929,0.9607194946866999
2.2490217901207794,12.463506755960207,97.51390582423171,93950.688361,93950.71299,0.9883247254371219
2.8280344727035747,11.99964483220862,97.51233462371314,93950.701694,93950.726188,0.9535869668106349
3.41610757154329,11.497724495980139,97.47192575718962,93950.715028,93950.739837,0.9259730130997406
3.9772815762226443,10.889512158553707,97.0292557534796,93950.728361,93950.752452,0.9342757785265549
4.502561811276368,10.279698031636206,96.92108335762816,93950.741694,93950.772845,0.9938337132870327
4.942829444243681,9.664682753701452,96.7725946526591,93950.755027,93950.779176,1.0
5.231063315346866,9.144851894718608,96.49035050674944,93950.768361,93950.793496,1.0
5.330107472179566,8.774665858000334,96.31102242460435,93950.781694,93950.808506,0.9537586299032138
5.196142410060821,8.499044732132877,96.01884117248355,93950.795027,93950.821381,0.9281491713412581
4.8190946405674335,8.278192394380131,95.69250504723696,93950.808361,93950.833627,0.9866799386685342
4.185198994199736,8.101295970733725,95.09556870829027,93950.821694,93950.845956,1.0
3.3018893200252397,8.00549345746037,94.4459951116743,93950.835027,93950.859577,0.9505987349189416
2.193539717685957,7.953310981907284,93.91349242976139,93950.848361,93950.872025,0.9952733642435159
0.8700397440342212,7.878508981363196,93.1816212784933,93950.861694,93950.887295,0.9049505503117826
-0.6191285601749351,7.750051205331854,92.35249167934802,93950.875027,93950.899752,0.9622262080168271
-2.2343735220907943,7.538380058926245,91.62851930554122,93950.88836,93950.913176,0.9957744911989268
-3.944265180519337,7.213966140263665,90.83981149485177,93950.901695,93950.926332,0.9151136318779892
-5.782662683054912,6.812086971926462,90.10478330086487,93950.915027,93950.946182,0.9977268470008063
-7.685918698968174,6.323168617740697,89.36941830687118,93950.92836,93950.954974,0.9797021565744172
-9.598760841113842,5.733144410370871,88.53241288100911,93950.941694,93950.965504,0.9888416328205751
-11.52798374420887,5.106237637632224,87.87553843587358,93950.955027,93950.978747,0.9916684354137141
-13.471418777158021,4.5032572651573135,87.23963517876238,93950.968361,93950.992822,0.8852275561490228
-15.38155042128775,3.869161947339622,86.4194357565205,93950.981694,93951.007514,0.9108006537062258
-17.233925580870377,3.155159929274195,85.63677766589026,93950.995027,93951.01998,0.8879819649088364
-19.009611877332844,2.3794269362413756,84.947675355845,93951.00836,93951.035578,0.8927322505521884
-20.72829621071148,1.5887141221665642,84.34438820226343,93951.021694,93951.046896,0.9843431782489396
-22.38318855638203,0.7723304002877901,83.74715405881041,93951.035027,93951.059127,0.9255020330273653
-23.984261980551498,-0.08821415904601566,83.30144978505392,93951.04836,93951.073138,0.9629361387523453
-25.44720558690673,-1.0114693226237608,82.94488648157835,93951.061694,93951.086981,0.9916636430505537
-26.72893087022953,-1.9706681789794493,82.74408509771854,93951.075027,93951.099093,0.9197444484619047
-27.81455078659739,-2.905146019873009,82.60353652947937,93951.08836,93951.11239,0.9788001518299306
-28.715801647174377,-3.776285092792571,82.37393080852364,93951.101694,93951.12687,0.8988571251150751
-29.460997150517237,-4.570171025133059,82.19648117417984,93951.115027,93951.138662,0.9612601720125846
-29.879409263475864,-5.263016351548649,81.92704250480486,93951.12836,93951.153609,0.9670836364635634
-29.97694019009601,-5.801641480307087,81.75117009400162,93951.141693,93951.165567,0.9842173169371964
-29.7362067468287,-6.067257846208341,81.54746033575928,93951.155027,93951.180631,0.9506467714038696
-29.23058289490072,-6.061926190744443,81.4400311382811,93951.168361,93951.193904,0.9000778219050058
-28.494654270756335,-5.890716699635379,81.52726068661758,93951.181693,93951.208339,0.9416631958495287
-27.418411936206738,-5.623389686790105,81.49891544397768,93951.195027,93951.219949,0.9157259028661322
-26.11837943818891,-5.253283165624169,81.39685442450755,93951.20836,93951.232826,0.9584753607824725
-24.67341558510907,-4.783982238316701,81.33577312123542,93951.221693,93951.245889,0.9886007669854312
-23.11059799772087,-4.231715541294378,81.4809359254298,93951.235027,93951.260884,0.9250609462128103
-21.395915949395654,-3.5840314771498556,81.7410837968081,93951.24836,93951.272537,0.9974109540692712
-19.445026109986717,-2.8398487399264774,81.85474174453645,93951.261693,93951.285712,0.9917210557289687
-17.451253162763784,-2.065309699822992,82.32899320233327,93951.275027,93951.301049,0.9749353103289323
-15.261352123674683,-1.251655899550223,82.72093197606429,93951.28836,93951.31255,0.897373827134987
-12.996595829799235,-0.4196936467637476,83.44349799060852,93951.301694,93951.335121,0.8471582875556041
-10.666181175762983,0.4207400047725371,84.31024248990343,93951.315026,93951.33905,0.9433252761175275
-8.263161560097187,1.2666037020943959,85.02554808593337,93951.32836,93951.354308,0.9860841932061769
-5.880774777520341,2.08454326224464,85.88116483149969,93951.341693,93951.365842,0.9978592142573856
-3.521888332468478,2.8607161509550574,86.7692283391526,93951.355026,93951.382378,0.9632453760478326
-1.1578154139986838,3.5315801811845384,87.56655998125001,93951.36836,93951.39312,0.985964647685475
1.1951986824242533,4.058378352189711,88.48738495517127,93951.381693,93951.405577,0.9407028216492791
3.538443491969657,4.420524816306344,89.41125253070021,93951.395026,93951.419182,0.9945315507368727
5.850307487568106,4.655488739139608,90.64406494043546,93951.40836,93951.432465,0.9851356107483792
8.062901574224501,4.737524085513426,91.63462685979177,93951.421693,93951.446451,0.9872080371812751
10.199427597541485,4.707258208620438,93.12316226399746,93951.435027,93951.462414,0.9730224270952057
12.21020655323736,4.518471002394233,94.35171210252406,93951.44836,93951.473312,0.9726798802291893
14.078546910805814,4.15651635663457,95.43543315454177,93951.461693,93951.486431,0.9680304728184049
15.852150335790672,3.7351583901279883,96.8703229152809,93951.475026,93951.498788,0.9733849946975556
17.42501236733995,3.226132298030575,97.97685120061665,93951.48836,93951.513093,0.9687721037454907
18.817914831559737,2.6656530280279664,98.8784779053795,93951.501693,93951.527417,0.9131243481898195
20.047264074761927,2.089233198111912,99.82053737252798,93951.515026,93951.538843,0.9404460986796546
21.094658142542578,1.4440787640046235,100.70072814397976,93951.52836,93951.552467,0.9104153646134735
21.97385590768784,0.7843313207579368,101.44302072693122,93951.541693,93951.567323,0.9897021426743724
22.74354539393159,0.14003349356322592,102.32830049524883,93951.555026,93951.579092,1.0
23.31204875816961,-0.43961440532232987,102.92996565579087,93951.56836,93951.594531,0.9210204739297899
23.715567428932207,-0.933483178008831,103.35416191738864,93951.581693,93951.605273,0.92551650149694
23.994520245039418,-1.3207343021149704,103.7648380351958,93951.595026,93951.627062,0.981128718369685
24.173971369002267,-1.5909339279051165,104.16783216035039,93951.608359,93951.638035,0.9565148860281587
24.20755436128169,-1.7811126550714371,104.24435432740232,93951.621693,93951.646696,0.9422409223655253
24.195195160895487,-1.8440845844318385,104.5300415316751,93951.635026,93951.660893,0.9370978654106976
24.012638833974293,-1.8083371177510046,104.60465329367686,93951.648359,93951.672827,0.9083112265493437
23.72517768477364,-1.6871973816483372,104.64322193713404,93951.661693,93951.685838,0.9212517511667713
23.334644904817107,-1.5385931140300508,104.45489097681006,93951.675026,93951.707119,0.9522011761876467
22.921199809049096,-1.363099567082281,104.35469794596825,93951.688359,93951.71292,0.9623243877065407
22.522103640484975,-1.1148197891222484,104.26999175637617,93951.701693,93951.726821,0.970705804870017
22.11781365438641,-0.7674802248405811,104.14803392119089,93951.715026,93951.739366,0.9913599614323165
21.718102192087006,-0.3973680232321629,104.02709440926975,93951.728359,93951.754288,0.9657923757892205
21.310590683026142,-0.03247167717906699,103.82841629531826,93951.741692,93951.76632,0.9854894382304594
20.899718549075853,0.3185797473673778,103.63988075733393,93951.755026,93951.779751,0.8757144337620548
20.4683453362876,0.6434718237236258,103.36526105055225,93951.768359,93951.799226,0.9719060057037351
20.02856693272489,0.8621927329839838,102.98779191746334,93951.781693,93951.806374,0.9689722543597391
19.59211016379664,0.9665945662116382,102.50229758731327,93951.795026,93951.821056,0.9511601042265994
19.247793338650098,0.9522831471396879,102.37344154419384,93951.808359,93951.833642,0.9541251701570544
18.873265649674597,0.8425643022305768,102.00448908078552,93951.821692,93951.847347,0.9913599614323165
18.532665264450813,0.6388726054217708,101.57433388373322,93951.835026,93951.859945,0.9599609500506661
18.309562246806742,0.3637585857795976,101.38043102417555,93951.848359,93951.872214,0.9887316936374838
18.203223142848092,0.003805861923999507,101.27906867648313,93951.861692,93951.885948,0.8949478151710913
18.1641876662449,-0.40790554675293483,100.86932898223783,93951.875026,93951.899419,0.9547076193306846
18.30222111005199,-0.8315026844570713,100.92772705796409,93951.888359,93951.912753,0.954142233582599
18.527281666939686,-1.294439991291945,100.92041437210236,93951.901693,93951.928576,0.9897021426743724
18.904491984259906,-1.781808591962442,101.19201345105472,93951.915026,93951.939882,0.9283717959568031
19.40507137895531,-2.2450675758576795,101.65952977257908,93951.928359,93951.954201,0.8977594156798303
19.952070091931972,-2.663748284550187,101.9460454581436,93951.941692,93951.965705,0.9621148624724781
20.57265700740439,-2.9722218641786426,102.34171510329982,93951.955026,93951.978469,0.9863801558227779
21.222049686126702,-3.154933660267738,102.76589212959222,93951.968359,93951.993537,0.970705804870017
21.940581193219867,-3.2490800819162873,103.53447627430515,93951.981692,93952.005255,0.9074851273603562
22.657266722741817,-3.2141529607104995,104.21324790633008,93951.995025,93952.019527,0.9809628168640564
23.367262924035085,-3.0765721529858836,104.87096502872262,93952.008359,93952.033321,0.9710583090027961
24.053820935892478,-2.8412363369542137,105.51639069013552,93952.021692,93952.046864,0.9834882638151586
24.69425887570984,-2.546958071845146,106.27199866047026,93952.035026,93952.061735,0.9675714118936147
25.2527334035617,-2.2320307309062675,107.00848086906302,93952.048359,93952.073461,0.899228795412654
25.67402504315324,-1.8947297631781974,107.54691868377249,93952.061692,93952.086711,0.9853808241687001
25.962222642751808,-1.5769276776932049,107.9712858167457,93952.075025,93952.10122,0.9032662312209887
26.119487568862954,-1.239795074967389,108.22535479162703,93952.088359,93952.114996,0.9715115549867274
26.114748753517244,-0.95396480414863,108.36925314497773,93952.101693,93952.132608,0.9799281810331749
25.910099503299424,-0.6945861653079064,108.218648356063,93952.115025,93952.146467,0.9862542200693736
25.540820563811,-0.4536608132320331,107.97253060569689,93952.128359,93952.160778,0.9275102199063462
25.023524932067804,-0.2663897085925244,107.66662008736964,93952.141692,93952.165821,0.9850245488662088
24.330207136939958,-0.08868740185668322,107.16721658523107,93952.155025,93952.179518,0.9719039121370217
23.459076392005134,0.09621904551283782,106.42107414246566,93952.168359,93952.195062,0.9276956101620657
22.4206820580817,0.31112327257937783,105.4914352791912,93952.181692,93952.20737,0.9675714118936147
21.24640293550034,0.5404198321414219,104.62887703391843,93952.195025,93952.219806,0.9761469201291921
19.905371902901926,0.7414923138500235,103.4541115859887,93952.208358,93952.232982,0.9856226721512343
18.442200229675834,0.8874769910690244,102.17900703707713,93952.221692,93952.24584,0.9865581367714337
16.931278840206794,0.9761053540672247,101.1581401704323,93952.235025,93952.260774,0.9734885269609813
15.286191230308573,1.042352800282115,99.8207269964525,93952.248358,93952.2723,0.9971356479188614
13.525969429157445,1.0854545103744528,98.56119713999789,93952.261692,93952.286191,0.9493932643861045
11.608172494981527,1.0372966683961637,96.90266942034572,93952.275025,93952.29885,0.9287223306216748
9.643474975318334,0.8977139017767779,95.43286698020428,93952.288358,93952.312526,0.9032275336748034
7.6743567538327655,0.6933651809411705,94.14744688320344,93952.301692,93952.334074,0.9026300437969068
5.691477227763269,0.49397974368961106,92.81325548683058,93952.315025,93952.346215,0.9996347466824406
3.677280954534497,0.303948126347095,91.68975950075115,93952.328358,93952.359168,0.9749533548747827
1.6044796882321295,0.07108139819270623,90.44369564112496,93952.341692,93952.365906,0.9949814492231744
-0.46799130586259413,-0.2645532478265573,89.02485962567661,93952.355025,93952.3796,0.957763538338466
-2.514212486064844,-0.7093832084224776,87.9216849332658,93952.368359,93952.393933,0.8616756950472695
-4.552623513645397,-1.1791013248031508,86.90163182058245,93952.381692,93952.40562,0.89781073226358
-6.570635261154569,-1.632590813097191,85.62317196700207,93952.395025,93952.419282,0.794200333644617
-8.614801437673197,-2.12452429706951,84.7294358201572,93952.408358,93952.433085,0.7759252148221065
-10.598903420339216,-2.6827827534770226,83.4665197729897,93952.421692,93952.447776,0.912910499854776
-24.79756697591615,-8.681304340042608,77.13388401291478,93952.528297,93952.552746,0.9395083528087943
-26.32488637394804,-9.457837929024569,77.21196750909169,93952.54163,93952.565463,0.7013626083666923
-27.415326636861167,-10.152511608384062,76.56269548774239,93952.554963,93952.580985,0.7994458324723386
-28.415103716136084,-10.85802194679803,76.19046007971832,93952.568297,93952.594638,0.9439187225202335
-29.11859946313862,-11.474137892446626,75.51045912462516,93952.58163,93952.606466,0.9945131395257166
-29.788673301994464,-12.07099535892898,75.13019257706054,93952.594963,93952.619615,0.9693211870930396
-30.32604282808043,-12.63113455511365,74.75364406557195,93952.608297,93952.634483,0.9035824137003523
-30.681888330221184,-13.176520860658794,74.26564859745996,93952.62163,93952.645446,0.9351176528693828
-30.947516495785344,-13.767956051144429,73.90933408913156,93952.634964,93952.659456,0.9442808385146383
-31.02104001859105,-14.327236705771925,73.51149241479267,93952.648297,93952.673692,0.9328968084959578
-30.93639572481544,-14.812706625826355,73.11508109890511,93952.66163,93952.685672,0.9275963701233227
-30.780455785084303,-15.27357340383841,72.89715643425404,93952.674963,93952.700251,0.9889042639631042
-30.4316066990707,-15.706401016972032,72.67551925840618,93952.688297,93952.71895,0.944827264893176
-29.862752199116922,-16.136269036860604,72.47535415778813,93952.70163,93952.727524,0.9883552568673251
-29.114081132488717,-16.52463792883401,72.35576037034669,93952.714964,93952.740211,0.9035590904848736
-28.246650061188596,-16.833405678117394,72.31763888808129,93952.728297,93952.755964,0.971355486717906
-27.198813651325814,-16.97974012521785,72.1470069729546,93952.74163,93952.766398,0.9286742125567001
-26.031634093419967,-17.031684512011893,72.0246912193389,93952.754963,93952.779271,0.927087797587772
-24.74754084550474,-17.0425145557669,72.05733363556571,93952.768297,93952.799881,0.995864371716986
-23.211757378022362,-16.92296056041554,71.9048558293074,93952.78163,93952.805967,0.9487585642371126
-21.585703854624096,-16.719458502560958,71.93540874540163,93952.794963,93952.81966,0.9020543736758403
-19.780178452584543,-16.336020496015024,71.81831989904981,93952.808296,93952.834842,0.9156512776588348
-17.847287239103,-15.791710794451188,71.58794566197884,93952.82163,93952.845462,0.9064494957080929
-15.896291890389735,-15.160944815141946,71.42866326331298,93952.834963,93952.860725,0.9281449874132118
-12.087836665898179,-13.857830837655355,71.92731491510695,93952.86163,93952.885671,0.8835657802246045
-1.610178510568015,-9.988933368126299,73.77682329022596,93952.928296,93952.952716,0.8306853297799769
0.5241166443689597,-9.148953977073187,74.08650748436094,93952.941629,93952.965398,0.8413995152410556
2.6426507307431346,-8.378315693038289,74.6365552464952,93952.954963,93952.980859,0.8227799611499701
4.762782209431537,-7.624621796812529,75.04939362983325,93952.968296,93952.99434,0.8798047592603702
6.857126229092421,-6.827736283422267,75.23018858289008,93952.981629,93953.006729,0.9764784414292911
8.913594244985312,-6.029777153285712,75.72158487151428,93952.994963,93953.021353,0.9721356886757128
10.946865167197508,-5.233681133173795,76.05694037502145,93953.008296,93953.032572,0.9085659543878496
12.98322547779634,-4.543002950148855,76.5133496185393,93953.021629,93953.047218,0.9740644314168372
14.983047441155922,-3.9619088870844696,76.91085526158902,93953.034963,93953.059633,0.9534953538314717
16.869290796574468,-3.457535143337844,77.26809423071255,93953.048296,93953.072119,0.9648732600378036
18.637733380553374,-2.959792468971292,77.60124909995558,93953.061629,93953.085262,0.9477039806186016
20.28559297800594,-2.4696916746423496,77.79027705406283,93953.074963,93953.098881,0.9848428437025554
21.888483921999118,-2.0248884253617927,78.07526253936334,93953.088296,93953.112944,0.95568440128057
23.444980232237484,-1.5880957042779393,78.42694951417116,93953.10163,93953.125531,0.9543000948441676
24.91976734576695,-1.1562924848215965,78.7520633927262,93953.114963,93953.138755,0.9410893554463056
26.336812305006646,-0.7126098196755293,79.1396008963845,93953.128296,93953.152976,0.9239108282560794
27.667060303814825,-0.30380462131976715,79.55431124827786,93953.141629,93953.165931,0.9291509302486662
28.882359928514155,0.07688155473563683,80.06543730548229,93953.154963,93953.178879,0.9178495108524619
29.939360530893516,0.4505692852417051,80.50703872545432,93953.168296,93953.194388,0.9366634055979993
30.856440148459672,0.8488495386505002,80.97644857973117,93953.181629,93953.206276,0.933459204129814
31.659693810889944,1.2484662497524077,81.48570038279537,93953.194962,93953.219735,0.8855342168023422
32.30103305090702,1.653763502079811,81.90217716411047,93953.208296,93953.233615,0.9039628356635291
32.8506213909649,2.0278127951152496,82.41111036126968,93953.221629,93953.245635,0.9049598266325509
33.312280598598704,2.405726149213044,82.99916323226083,93953.234963,93953.259119,0.9147120623784146
33.55889200065264,2.8141235222805956,83.31726493340713,93953.248296,93953.273706,0.887529715486834
33.80720877734418,3.311257300920086,83.87081902076318,93953.261629,93953.2858,0.8711470510414571
33.959149226418006,3.8861933103614197,84.41136965831089,93953.274962,93953.299758,0.8430493165018276
33.98785237045088,4.527736055075881,84.86613007833931,93953.288296,93953.319321,0.9858258736638216
33.95500822378751,5.2135265357392395,85.4391815187207,93953.30163,93953.327844,0.9042935614849479
33.79579534722144,5.9582461977124295,85.9489055653482,93953.314962,93953.339724,0.9459362908285497
33.56517620601181,6.762896323801109,86.53236172427728,93953.328296,93953.354132,0.9058028147846349
33.20926317382154,7.624139264309465,87.030395129821,93953.341629,93953.366448,0.9138065587616417
32.767963141215475,8.494185832958523,87.53107078869087,93953.354962,93953.378794,0.9082335340214418
32.244701681759004,9.386622822930281,88.02941595339733,93953.368296,93953.393588,0.9447507830228437
31.624137470701612,10.28780033975679,88.61464610200476,93953.381629,93953.405468,0.9030356607343731
30.829668707543682,11.168592117564655,88.9379371155233,93953.394962,93953.420073,0.9166338930760736
29.983756828451522,12.061270102472582,89.38588638643945,93953.408295,93953.438923,0.9779008197504109
29.066955776971785,12.93778633324157,89.8542747524883,93953.421629,93953.448916,0.9323456433563492
28.042284371868234,13.803546979390635,90.26871767577009,93953.434963,93953.460482,0.9883207321752442
26.898086681317885,14.617172038636916,90.55037826743168,93953.448295,93953.472776,0.9500202503648989
25.7431624941906,15.433532822306585,91.09032466339521,93953.461629,93953.486004,0.975392967695555
24.51284453028171,16.179375339224766,91.62012218420301,93953.474962,93953.499249,0.9743944719969868
23.252148235999083,16.842443218950958,92.17978586429115,93953.488295,93953.512503,0.9613021929340817
21.918756754925823,17.413448108995258,92.63366247631215,93953.501629,93953.526712,0.9202758571454742
20.583541652347947,17.97028654449201,93.22993293459417,93953.514962,93953.538732,0.9925064472421109
19.128596297985904,18.449270279616545,93.63199636116026,93953.528295,93953.554325,0.9121424494945837
17.674377154555344,18.956438007724124,94.31214911843415,93953.541629,93953.56597,0.9976572757126637
16.140430733175645,19.355275914247972,94.7893305331494,93953.554962,93953.579856,0.8752589077826374
14.594398221565482,19.752142088816225,95.49337420936392,93953.568296,93953.593796,0.963146108648761
12.973676256526332,20.031602752697175,95.81487713964782,93953.581628,93953.605326,0.9714699359766477
11.357875747534464,20.298140461152098,96.29986205861584,93953.594962,93953.619264,0.9937376496662841
9.729421757748472,20.48060119811789,96.69293836742962,93953.608295,93953.63298,0.9713623325864003
8.116776015720305,20.625366652715186,97.22989698390894,93953.621629,93953.645495,0.8841519619466768
6.488585597645008,20.70131195697379,97.53901591275299,93953.634962,93953.659389,0.9051517545209693
4.873818680128426,20.72316490143498,97.66986479504067,93953.648295,93953.672584,0.9913724450212099
3.281823933897807,20.76005113591764,97.99903924307584,93953.661628,93953.687976,0.97026964432067
1.7364929117072978,20.755348302542004,98.11411568397449,93953.674962,93953.699234,0.9459938550507745
0.2304921289049017,20.816663114790572,98.46803081658156,93953.688295,93953.714437,0.9079132292020206
-1.2124500031849488,20.776887972825577,98.4222185806198,93953.701629,93953.726743,0.9586442840299539
-2.571361613822459,20.712661887629604,98.4880825208645,93953.714962,93953.739091,0.8666791766659387
-3.841197631210235,20.594251451424686,98.51859790651467,93953.728295,93953.752907,0.9411759878666033
-4.962841869115005,20.459826070151227,98.46916131478544,93953.741628,93953.76582,0.9759985283027306
-5.996313638321046,20.431815340657966,98.76662117689628,93953.754962,93953.778653,0.975309799836723
-6.881619544190472,20.404142344319865,98.72431402246538,93953.768295,93953.79421,0.8585364194494504
-7.651088240088726,20.472316063060287,98.88479107537859,93953.781628,93953.805989,0.9633461740892489
-8.274897723975965,20.522890153207378,98.96591392531884,93953.794961,93953.819946,0.9945771194533278
-8.770909256710587,20.60307398857256,99.27059549364552,93953.808295,93953.838644,0.915897993193401
-9.099266309089442,20.691202563369117,99.59506542240821,93953.821628,93953.847118,0.9265101669891761
-9.248381073858786,20.766404101294825,99.85135356912295,93953.834962,93953.86085,0.8958534442527064
-9.24670461019194,20.89309060346031,100.29100934286437,93953.848295,93953.872763,0.9440004660922876
-9.094389512459085,21.05243263067099,100.91196579999347,93953.861628,93953.885949,0.9877600458708036
-8.797405460112728,21.217188696192,101.41256838258565,93953.874961,93953.899554,0.9395208729977844
-8.355005594575513,21.39283718974064,101.9237561165642,93953.888295,93953.91251,0.9717508912922571
-7.811679817471477,21.611166549729777,102.69556696477679,93953.901629,93953.927068,0.9797309718528227
-7.125902716247222,21.80364153997943,103.34649378000996,93953.914962,93953.939282,0.9623243877065407
-6.359337879726247,22.06401299963533,104.29337556465039,93953.928295,93953.954422,0.9848529538205513
-5.483457332633271,22.300157197001965,105.14099956278054,93953.941628,93953.965848,0.9650444972384699
-4.539985620819761,22.57813210026418,106.15997092610195,93953.954961,93953.979798,0.9720951956424836
-3.496212517411358,22.77181730094924,106.94671980742237,93953.968295,93953.99411,0.9769352687115503
-2.395421753344514,22.956892399288655,107.95092153118264,93953.981628,93954.005341,0.9819263660929164
-1.2318227403290078,23.084323352993607,109.10607319596251,93953.994961,93954.019322,0.9708395829512872
-0.02021520185128466,23.07272922336465,109.7739691824394,93954.008294,93954.032523,0.9835389881365922
1.1943587546672363,23.20397274952428,111.35526448154538,93954.021628,93954.045455,0.9215614444442048
2.4135006655573825,23.140141374166333,112.0978864893546,93954.034961,93954.060078,0.9516431147934648
3.617586922889794,23.171507954126998,113.36870234010428,93954.048294,93954.072965,0.9081494675244343
4.824061018115469,23.162887876702865,114.61903613643997,93954.061628,93954.087488,0.9434854552774583
5.989747727582886,23.052660008866145,115.39034199120759,93954.074961,93954.099888,0.9629964525154026
7.1562707073439045,22.983553877694597,116.58754141194815,93954.088294,93954.113132,0.8977553795563179
8.304033773028568,22.76523866997942,117.5741524153809,93954.101628,93954.126659,0.8869228400803557
9.409200609288963,22.415101117775254,118.51403035970324,93954.114961,93954.139234,0.8703175700830277
10.47045270800787,22.075441455921343,119.77629992880276,93954.128294,93954.15291,0.9543884533647332
11.476883974177177,21.756395297447977,121.12326966809124,93954.141628,93954.165917,0.7529942091378777
12.376071171987215,21.47595185378587,122.30554675407407,93954.154961,93954.178793,0.9645164178119949
13.160012866046243,21.232363994399243,123.36693828564026,93954.168294,93954.194533,0.9819263660929164
13.86554613033866,21.0648213097691,124.83717849059612,93954.181628,93954.205383,0.9508958990908583
14.472177131706413,20.865308157532382,125.90251746379597,93954.194961,93954.221191,0.9881240787808367
15.066941520848813,20.88989800962301,127.73454765192436,93954.208294,93954.233999,0.9531296729136043
15.524744463134981,20.965237464933775,129.00374913555493,93954.221627,93954.246914,0.9819263660929164
15.917700638996543,21.10327644951664,130.17823197717982,93954.234961,93954.260217,0.9871478921961337
16.301112321091185,21.356480208593638,132.0432600816612,93954.248294,93954.272513,0.7574075536688369
16.550263801057753,21.412719981268626,133.18734862689368,93954.261627,93954.286367,0.9737913373903012
16.76093010423313,21.53963500654123,134.77497534875394,93954.274961,93954.298977,0.9710583090027961
16.932915882967535,21.670011910860005,136.73462112280598,93954.288294,93954.312468,0.9095693845394532
16.949015769566046,21.692161571142474,137.8927513576321,93954.301628,93954.32662,0.9877023683816969
16.970312330067074,21.818167257139184,139.62442065619928,93954.314961,93954.338718,0.9853259622273653
16.92788027975065,21.9520000156438,141.1877447391636,93954.328294,93954.354158,0.9102658407542165
16.81940301594347,21.990812196540194,142.28359674266636,93954.341627,93954.366302,0.8335351446392232
16.711094112324545,22.165102932864436,143.75982006431,93954.354961,93954.3797,0.9271984129905873
16.522005104719828,22.17919860810758,144.47448264300147,93954.368295,93954.394013,0.9772208474256424
16.347799606398922,22.298544776039137,145.59974718000595,93954.381627,93954.40534,0.9704113364956959
16.19210649622628,22.485506325253745,147.19850058315885,93954.394961,93954.419173,0.9211076381125343
15.928979812820295,22.442120438557776,147.5951758549795,93954.408294,93954.432739,0.8819793692743041
15.698637871037738,22.52046901147417,148.81058982159303,93954.421627,93954.445698,0.9023143962038234
15.478203164162093,22.619579098306247,150.1905553711689,93954.434961,93954.46009,0.9751876103526279
15.148718157196157,22.546281837242173,149.91366392304656,93954.448294,93954.473628,0.8927005900700369
14.960209401932893,22.761547535523835,151.35338581261226,93954.461627,93954.487975,0.9113408754153256
14.696978026201274,22.86492589447976,151.90395679406194,93954.47496,93954.498989,0.9429036339062853
14.487363745177902,22.98314280425948,152.60961386258964,93954.488294,93954.513649,0.9056638563525022
14.228822159743551,23.02449232619066,152.94584247257126,93954.501628,93954.526561,0.9742071734270329
13.989125258448427,23.018047033139215,153.12338490123233,93954.51496,93954.539489,0.9502048823863936
13.823364526924408,23.231002300116387,154.65939217956617,93954.528294,93954.552893,0.9402678232141599
13.523678851286837,23.152588167775516,153.8220768408551,93954.541627,93954.566853,0.9634744693349859
13.32302950250704,23.295063797068465,154.26640123357765,93954.55496,93954.578777,0.9714009225562691
13.07231995805492,23.341920046909006,153.93170813811253,93954.568294,93954.593343,0.8765367562708379
12.865835230570946,23.524584223768844,154.0550827934724,93954.581627,93954.605355,0.900039470196099
12.673979349791967,23.71797174393468,154.02560585875577,93954.59496,93954.619066,0.9002212538800611
12.4819598045599,23.8854521964157,153.86203318822388,93954.608294,93954.633796,0.913711550940687
12.310082095229413,24.080599822441144,153.4520504488918,93954.621627,93954.647758,0.9426727819604145
12.178588271028785,24.295266882110564,153.14273162226405,93954.634961,93954.660062,0.9522085996970703
12.023120168353213,24.547312536487972,152.56126174565875,93954.648293,93954.679193,0.9538414869375624
11.835433839791618,24.70905477687612,151.34269855158948,93954.661627,93954.68598,0.9087964573237165
11.70780230793722,25.07032954026328,151.085718984093,93954.67496,93954.698949,0.9329586430968942
11.5275990306537,25.288687628135353,149.71062139350363,93954.688294,93954.712604,0.8766460780722534
11.362063724334888,25.675653004276867,149.07977399475908,93954.701627,93954.725586,0.9816500752350568
11.181154929736412,26.000013223768804,148.0841817421978,93954.71496,93954.738774,0.9722074836795169
10.976505973032392,26.293362433103756,146.92979007841893,93954.728293,93954.75322,0.9772727166818195
10.717485651019889,26.4534297840227,145.34543787571434,93954.741627,93954.767262,0.9101523214020261
10.463514104471454,26.718427817041388,144.0990297548725,93954.75496,93954.780931,0.8740993036562822
10.230180619662201,26.971499878681566,143.31045527855403,93954.768294,93954.794329,0.9789105575856896
9.908812967480939,26.942107187394775,141.14577383480452,93954.781627,93954.805604,0.9981859083463
9.623547867415478,27.116048946731148,140.44325385005317,93954.79496,93954.818791,0.9638497727755861
9.248816899194297,27.040661161557928,138.45165735987217,93954.808293,93954.832879,0.95652911093104
8.864975030125049,27.011512262425224,136.8259656224771,93954.821627,93954.845605,0.9540042482745221
8.480433432532912,26.82277997535621,135.0201769925526,93954.83496,93954.858955,0.9601779071254178
8.111691819264017,26.616536903537163,133.68596587225144,93954.848293,93954.87978,0.9605281461985056
7.682033659781102,26.273627896369682,132.14218554204743,93954.861626,93954.885792,0.9372331632354446
7.193220787993202,25.95844161858061,130.85284095244276,93954.87496,93954.898703,0.9607682939641067
6.615723557217225,25.540042640388183,129.3783131643144,93954.888293,93954.913494,0.9604465480120657
6.029685250819485,25.080935495690568,127.64845578013905,93954.901627,93954.92669,0.9555980219688128
5.40523171509193,24.59864303905293,125.93915164501061,93954.91496,93954.940622,0.9426119374162769
4.728056492736541,24.17953666148237,124.77669672680176,93954.928293,93954.953532,0.9474128698867512
3.970069515573632,23.687380262073553,123.38940022390562,93954.941626,93954.966298,0.8911237818834559
3.123048399699855,23.11822536031298,121.91116316920517,93954.95496,93954.981347,0.9894919257021103
2.215423062427653,22.544962055282777,120.81149564035344,93954.968293,93954.99373,0.9750273635509739
1.263750219091678,21.899666126908347,119.16808515222633,93954.981626,93955.007008,0.8670834438533273
0.24287737170503543,21.315279796210415,117.74696422508093,93954.99496,93955.018452,0.9380613926299036
-0.8328202589802821,20.754742681906023,116.46417749531366,93955.008293,93955.038923,0.9448666968994528
-1.9348501557241844,20.142771346664635,115.25299100987453,93955.021626,93955.047019,0.8476187360796659
-3.045919067819249,19.503856478649322,113.99769453158699,93955.03496,93955.059993,0.9601716941820145
-4.129241919936909,18.883279227445385,112.86321598430065,93955.048293,93955.072488,0.928777673076506
-5.189777103631175,18.292009746980227,111.73255373891541,93955.061626,93955.086849,0.9435067430828716
-6.2239717993519506,17.726281434279908,110.59902129530481,93955.074959,93955.09899,0.9976432753156923
-7.250670760316819,17.116632317048293,109.39972181116906,93955.088293,93955.114038,0.9731973385409225
-8.269630474932121,16.491921068976826,108.47149352342807,93955.101626,93955.126895,0.9388236520604126
-9.234096275506442,15.753119101287469,107.26898677158641,93955.11496,93955.139744,0.9945321924660228
-10.184782747739108,15.070081982787531,106.543797757551,93955.128293,93955.153533,0.8451016246683952
-11.02573752800258,14.315905329125867,105.26734128860453,93955.141626,93955.166104,0.9167788991140413
-11.833597060840614,13.589030853999144,104.3381619093235,93955.154959,93955.179696,0.9580057201627378
-12.580782957155671,12.831470898723174,103.55732570570008,93955.168293,93955.193125,0.9287124551628582
-13.233892033020988,12.08544593417539,102.75277766194341,93955.181626,93955.205965,0.9961001352867828
-13.769635578024333,11.316523557090022,101.74262452337632,93955.194959,93955.219885,0.9791658354524845
-14.25450493685549,10.614268904130919,101.09938496752416,93955.208293,93955.232577,0.9882407542965485
-14.577952628708541,9.909756378253155,100.32123451028667,93955.221626,93955.245459,0.9360169870447147
-14.814373060258449,9.256759705306486,99.81740157572584,93955.234959,93955.260584,0.9307938044569803
-14.939979687946733,8.654428531656661,99.31060187682988,93955.248293,93955.273245,0.9941138951796188
-14.929664826188402,8.118535273650782,98.75133886605414,93955.261626,93955.285716,0.9223205196937034
-14.800281758161054,7.625328424179182,98.28789483134744,93955.274959,93955.30076,0.9886634590170932
-14.536923052331977,7.188186560822591,97.9169964621483,93955.288293,93955.3125,0.9881309377745323
-14.119910506702203,6.791944920789646,97.67969447107258,93955.301626,93955.327056,0.9846827334718372
-13.55292844716443,6.458080000472125,97.52563787372735,93955.314959,93955.338729,0.9604848573135819
-12.854998002308625,6.2030451612672515,97.39632613694909,93955.328292,93955.354014,0.9741447383648805
-12.038967662586604,5.995579345482659,97.29523765617016,93955.341626,93955.366552,0.9800213414113662
-11.116530570998188,5.820716389541815,97.34395802217965,93955.354959,93955.380012,0.9879166234405231
-10.017026862647956,5.645670356115211,97.41156556591345,93955.368293,93955.39433,0.976625353733079
-8.760591992725216,5.477497397456601,97.40442605932493,93955.381626,93955.405647,0.9968431660097404
-7.4203810429244905,5.398403331280346,97.69075934236444,93955.394959,93955.419848,0.9843867490507041
-5.958329709899768,5.373922961988116,97.92089124757908,93955.408292,93955.432915,0.9993949189067477
-4.397402519646427,5.3724837685759175,98.01265283745748,93955.421626,93955.447938,0.9165041012461219
-2.7798522912559136,5.404984404205478,98.31945991783469,93955.434959,93955.460547,0.9932869279465052
-1.076331197537323,5.45438280155974,98.57713813376098,93955.448292,93955.472435,1.0
0.6960030624988217,5.502986914923166,98.77145004392997,93955.461626,93955.485895,0.9916834062694283
2.498766941009244,5.587324693437804,99.19904742500059,93955.474959,93955.498921,0.9772652955400901
4.299823657410789,5.681204811504423,99.51583746512485,93955.488292,93955.512911,0.996993904551301
6.108615375873654,5.76818432597768,99.9137631556222,93955.501626,93955.525804,0.9770109615416779
7.923706691859847,5.841566021970355,100.34370670476686,93955.514959,93955.540174,0.9419253272009799
9.75862348173218,5.892320703170575,100.97026623648965,93955.528292,93955.554236,0.9676667497712668
11.569803701601217,5.873746654880471,101.25975879149762,93955.541625,93955.566402,0.9930427479748632
13.398047141829739,5.822965417697764,101.76759648353065,93955.554959,93955.579006,0.9782120389880621
15.169701180031657,5.738608226482607,102.07341579600086,93955.568293,93955.598635,0.9453390460715771
16.940382436825438,5.633605869144263,102.55045758408907,93955.581625,93955.607766,0.9374434930987302
18.703939239588475,5.428896613267608,103.05433817834363,93955.594959,93955.624872,0.989261129843423
20.36168036850299,5.079231445044352,103.102195562512,93955.608292,93955.632997,0.9321076876990082
21.99888996480969,4.639380997546579,103.41714234155405,93955.621625,93955.647229,0.977557795169073
23.505190050622065,4.13838871805955,103.4693842728903,93955.634959,93955.659652,0.9769352687115503
24.865842088065126,3.605497887206058,103.35789847848972,93955.648292,93955.673903,0.8995506928941963
26.18914601895362,3.0923917001054817,103.64332313284979,93955.661625,93955.687183,0.9220266544541783
27.343482511898117,2.5961395384708235,103.5589377956007,93955.674959,93955.700401,0.9812965765992174
28.41137707322721,2.134319630741266,103.46886352143787,93955.688292,93955.713076,0.9344939575763449
29.45647880321934,1.7081087663690846,103.61445158123263,93955.701626,93955.725652,0.9751884362370654
30.33213149281723,1.2936781446381083,103.52054049345392,93955.714958,93955.740082,0.9028323467047769
31.13159092907105,0.9043220449392673,103.49807176057615,93955.728292,93955.760169,0.9158964523892525
31.750147815243896,0.5791789861351315,103.25968800970519,93955.741625,93955.766285,0.9964091784428865
32.320333555480524,0.3133638788139804,103.22233972936012,93955.754958,93955.786434,0.9748442413981494
32.75636136609702,0.09780813863762035,103.05300413602642,93955.768292,93955.793559,0.9251626486007977
33.050441924227044,-0.13205716707592868,102.68486937676315,93955.781625,93955.80613,0.9701073234717041
33.26670698741703,-0.36939407393813806,102.40610858881031,93955.794958,93955.819731,0.9853808241687001
33.36424845538669,-0.609893111553612,102.07280733038786,93955.808292,93955.832889,0.9135335575214628
33.29665426143671,-0.8464228289166728,101.51178994873416,93955.821625,93955.845927,0.9491904568232853
33.13758310429098,-1.024051729527873,100.96353367205454,93955.834959,93955.85921,0.9047679705116025
32.85360584699255,-1.1827921875770502,100.42185773105723,93955.848292,93955.874264,0.9209308859559939
32.379597832547965,-1.3050867974577847,99.63932517218694,93955.861625,93955.886754,0.9596298174821262
31.787685294066087,-1.3953425332288072,98.86092373524238,93955.874958,93955.899235,0.8990661482020605
31.09097253080264,-1.4129560659597458,98.01945762467771,93955.888292,93955.912444,0.8639547085470022
30.3465457429201,-1.4205801047631537,97.37003694441603,93955.901625,93955.925851,0.8714820030640029
29.450938195618676,-1.3963366902164007,96.46460269084238,93955.914959,93955.94048,0.9236395518291358
28.486283611197155,-1.3927019753470806,95.61603726994878,93955.928292,93955.955248,0.9403826316149261
27.435741378049595,-1.3656801465008803,94.74653019716172,93955.941625,93955.968039,0.9107379257630398
26.345800162206462,-1.3027040125900335,93.93412898561424,93955.954958,93955.979818,0.9662911109605524
25.196556092496472,-1.2142126111692837,93.04419365590115,93955.968292,93955.993383,0.8336948296891941
24.023088562624554,-1.085351975218807,92.19834628177087,93955.981625,93956.00534,0.9466145070333031
22.783693670124535,-0.942157029577048,91.18876646971535,93955.994958,93956.020158,0.9124737349942323
21.55972910082349,-0.7468065310553541,90.38417775150226,93956.008291,93956.033067,0.9926932581626031
20.27095702602616,-0.5219353230029393,89.33595465962426,93956.021625,93956.045692,0.9894178375577649
19.014035222450246,-0.37228291622703025,88.59056164433204,93956.034958,93956.058981,0.9854560026965787
17.718563633330643,-0.35704052143188153,87.70192719760541,93956.048291,93956.072423,0.9807112448789543
16.414258374166344,-0.45035600292136235,86.93146851079501,93956.061625,93956.088059,0.9883593560142737
15.030132909992084,-0.5373791648202263,86.02985725249759,93956.074958,93956.101824,0.9948819883251913
13.58440529595387,-0.5976623772016685,84.97104501171826,93956.088291,93956.112657,0.9766605530446036
12.13599077939184,-0.7103461708420518,83.948588841654,93956.101625,93956.127542,0.8484583157343384
10.752925002642739,-0.9453354221820892,82.93421276153339,93956.114958,93956.139834,0.9276357481625102
9.439959037952844,-1.2512597222225907,82.16174159751964,93956.128291,93956.158452,0.9312382405992903
8.148769037146383,-1.5594151005951369,81.57680286929919,93956.141624,93956.167864,0.9511319273131766
6.82400721743171,-1.8945266238950622,80.7128414580514,93956.154958,93956.180426,0.964119959381853
5.535594274719782,-2.302632263389363,79.88136162264274,93956.168292,93956.194939,0.9853658323060378
4.327126708467858,-2.7529250671648606,79.38952137828484,93956.181625,93956.206565,0.9419639729389149
3.1632976605246594,-3.165007955439004,78.80857534972316,93956.194958,93956.221333,0.9815150885855145
2.0089924548533085,-3.5114702042676584,78.22590873706714,93956.208291,93956.234125,0.9892372638405128
0.8581667086494384,-3.856382492277709,77.77889580789186,93956.221624,93956.246999,0.9633186027029479
-0.2620518211520494,-4.290870755497974,77.27529825283293,93956.234958,93956.261039,0.9083334833573434
-1.3225192077354553,-4.804760408182037,76.94930395262769,93956.248291,93956.274847,0.9972872679747722
-2.333365339508704,-5.322819588214041,76.56050717663769,93956.261624,93956.2858,0.9675140354845677
-3.3030126394060413,-5.787892896874661,76.27886012311467,93956.274958,93956.301276,0.9665141779453095
-4.216223392805639,-6.190087714137143,75.97652323563531,93956.288291,93956.31453,0.9458025204173708
-5.048991961573463,-6.5771345356345945,75.75595356502528,93956.301625,93956.332354,0.9298640354076423
-5.788147541144541,-6.932742871172845,75.53790849176015,93956.314958,93956.339916,0.9622146987279954
-6.441549967348728,-7.249639010225499,75.54704769378026,93956.328291,93956.359448,0.9777424853658245
-6.9635416109962724,-7.489602043002737,75.50040687524137,93956.341624,93956.371754,0.9755404433543433
-7.371088542918889,-7.654489232631441,75.55334017068124,93956.354958,93956.379137,0.9659787069687376
-7.689745001915017,-7.7436946083995135,75.78576951074703,93956.368291,93956.39447,0.991781972029729
-7.893871949005868,-7.753168283433008,76.04348296903953,93956.381624,93956.407479,0.9964457834366003
-7.938750081011349,-7.702423057897012,76.36338673964599,93956.394957,93956.419774,0.9959187149718471
-7.789090910669439,-7.6098721424631,76.7122378128633,93956.408291,93956.432808,0.9693164199266523
-7.471977714509457,-7.474861481446284,77.26646152490491,93956.421624,93956.44584,0.9553154761408071
-7.000385260766513,-7.235157851129595,77.76662930021224,93956.434958,93956.459754,0.97911710910447
-6.433783304842206,-6.921336028924289,78.49732005520504,93956.448291,93956.474699,0.9583474257151723
-5.712869022053473,-6.505919429646402,79.18693362897272,93956.461624,93956.486305,0.9803074802026257
-4.841217706910151,-6.043117122457997,80.01889203664263,93956.474957,93956.501131,0.9774892875895839
-3.8349462758909376,-5.4983208752292665,80.97603557031542,93956.488291,93956.513238,0.9460182468055621
-2.723408200017692,-4.865233581034071,82.06966220841076,93956.501624,93956.528113,0.9707175533305533
-1.5197963528764502,-4.103470667107048,83.01207148725022,93956.514957,93956.540679,0.9807121741415528
-0.28973908117421265,-3.2462266434061906,84.20982767775347,93956.528291,93956.552595,0.9621436614152892
0.996154676793392,-2.3066084723280222,85.2629695325829,93956.541624,93956.566241,0.9959929611864229
2.301697299372235,-1.3138728920353506,86.46960951014755,93956.554957,93956.578931,0.971495316923946
3.626601389365832,-0.29449872277078815,87.7427900025783,93956.568291,93956.593672,0.9772022129264721
4.973319741700148,0.7559419976751515,89.02601049604236,93956.581624,93956.605235,0.9617274567248888
6.343252146290764,1.8033515004966014,90.44321781610351,93956.594957,93956.620042,0.9209833590934533
7.725385730212221,2.8480967860958213,91.71106056159287,93956.60829,93956.633416,0.9848356871027769
9.124171853075097,3.864295018030653,93.16628553512186,93956.621624,93956.647354,0.9603401003697881
10.536596807527474,4.8897781638554445,94.8004084621418,93956.634957,93956.659887,0.9500937055071308
11.93538043689326,5.853499302996719,96.32651297799123,93956.64829,93956.673707,0.8909020026294328
13.320214500357341,6.752394632612843,97.73156954562171,93956.661624,93956.686216,0.9504183365409429
14.648718752838345,7.557667614677188,99.0822711497014,93956.674957,93956.699073,0.9885075109613002
15.911539695524699,8.324454683118319,100.48591346289298,93956.68829,93956.712533,0.8569168857633311
17.073255525607216,9.044651185555365,101.714042940087,93956.701624,93956.725934,0.9674498844483378
18.165549196292577,9.700979774008848,102.84560463050487,93956.714957,93956.739119,0.9364910318456591
19.214850278908205,10.314782401389209,104.03949150313926,93956.72829,93956.752862,0.9854649950408899
20.1726473500135,10.852428160762821,105.05179727583462,93956.741624,93956.765967,0.9901665591740101
21.058543454774377,11.326695768962624,105.98642813338637,93956.754957,93956.780099,0.9853808241687001
21.81610527096302,11.705317036398467,106.6651356523977,93956.768291,93956.796387,0.8620977317009733
22.53211340901297,12.047728300261973,107.61173754726248,93956.781623,93956.808334,0.9653417463034887
23.12976831986636,12.299086799440154,108.25173450089218,93956.794957,93956.820811,0.9392281103920422
23.64502710625862,12.498661144753022,108.7455825164773,93956.80829,93956.832566,0.9436324931462597
24.16663116196701,12.7171176805252,109.60077683554104,93956.821623,93956.845506,0.9898682323786255
24.518943696971792,12.825961226072211,109.90266612266534,93956.834957,93956.860521,0.8753899247968151
24.864535760755718,12.958728953303826,110.47212203865142,93956.84829,93956.872864,0.9312079257030093
25.13007912516968,13.028253360337553,110.98661454715983,93956.861623,93956.88644,0.8680362617056627
25.308137901888884,13.044247147767067,111.32397911284342,93956.874957,93956.899081,0.9611738937992526
25.457831006902463,13.097824130676994,111.81986923219254,93956.88829,93956.913737,0.9379636003136576
25.389142126572896,13.11098738483122,111.59699375654539,93956.901624,93956.92869,0.901690797669187
25.29898139167138,13.23533591498027,111.73109703988342,93956.914957,93956.941532,0.9613747544560649
25.114273322646905,13.376371155763469,111.85859922252018,93956.92829,93956.952934,0.8949679894416724
24.809886047916443,13.512137220346464,111.7450317361948,93956.941623,93956.965428,0.9560806100320516
24.391815578388496,13.67870928618534,111.49675009880775,93956.954957,93956.979334,0.88322972100069
23.852077065764,13.886189863809932,111.10498881511019,93956.96829,93956.993758,0.9896563971191206
23.23470945488662,14.135276960525447,110.84033434690718,93956.981623,93957.005603,0.91543555042351
22.495803217409634,14.358065306088854,110.41327689090629,93956.994956,93957.019235,0.7861507290940506
21.665816084010938,14.61953495609514,110.00088725215619,93957.00829,93957.034121,0.9560806100320516
20.730342215384447,14.878784489857404,109.4798793487878,93957.021623,93957.045386,0.7501371510429455
19.62298214620125,15.080129261347095,108.53239597956852,93957.034957,93957.060214,0.9532768140349002
18.475500189954786,15.306579332825013,107.99946620247873,93957.04829,93957.072996,0.9455979194255335
17.211224360403236,15.496709219316774,107.44148433974577,93957.061623,93957.086499,0.9889657264817927
15.776425624279508,15.631441643716036,106.56880802117949,93957.074956,93957.100412,0.9923519971882813
14.24531146930579,15.726497444200149,105.64244629243152,93957.08829,93957.119475,0.9880983001885902
12.662430349414533,15.823401355318088,104.70203538533711,93957.101623,93957.126246,0.9900035384674218
11.046744275584063,15.929227676819721,103.79118047780318,93957.114957,93957.139023,0.9773716943484128
9.397863267581108,15.998236610330983,102.84437243912316,93957.12829,93957.152814,0.958725430397996
7.764488877907478,16.077422608526142,102.14486490306868,93957.141623,93957.165464,0.9846377875530831
6.161870441165491,16.06055671233555,101.456407175631,93957.154956,93957.181052,0.952267149125833
4.618347259891265,15.960795566721382,100.7881141696333,93957.16829,93957.195436,0.9592578104863531
3.118010164114529,15.766277384651996,99.92035270343183,93957.181623,93957.206846,0.9983598401460314
1.6589193417907122,15.574789117007946,99.48672059289069,93957.194956,93957.218231,0.9848928788026015
0.2176223121438134,15.228925617314838,98.66975620840046,93957.208289,93957.233696,0.952783641678518
-1.1858588120286637,14.81791479422798,98.03139791687583,93957.221623,93957.245911,0.9582038198533855
-2.5277520211167293,14.369014447056326,97.68014678905799,93957.234956,93957.259445,0.9643296904635361
-3.7313849736456293,13.863570617085001,96.87834269978612,93957.248289,93957.272509,0.9399026096087155
-4.949768657406587,13.482827574016866,96.60599311102914,93957.261623,93957.285757,0.9747844287583552
-6.164458058658765,13.112886036939917,96.0653142805296,93957.274956,93957.299236,0.9903765160366484
-7.3188912520464555,12.712006393417086,95.65217419074253,93957.288289,93957.314821,0.902239367866625
-8.282650849721197,12.22313847172368,95.15899134280308,93957.301623,93957.325958,0.9958192487277922
-9.10902786382846,11.7843182224275,94.94872808736612,93957.314956,93957.340787,0.9548515452750871
-9.792387060368357,11.437481308915048,94.56117069476777,93957.328289,93957.352937,0.9270336438000485
-10.368259560467724,11.225105834565891,94.37254832340226,93957.341623,93957.365448,0.9986660516394638
-10.757945437572522,11.093257332483828,94.30352737119563,93957.354956,93957.379163,0.9736527696742784
-10.936735945757436,10.963346363303533,93.95996561264964,93957.368289,93957.393204,0.9935559061218892
-11.054905498349742,10.98541364998866,94.00403736037232,93957.381623,93957.40577,0.9456606910827611
-11.051705758613,11.05317504945378,93.89924237399221,93957.394956,93957.419021,0.9649352361219858
-10.851674729704662,11.16690224329757,93.87045657276455,93957.408289,93957.433105,0.9354148288907796
-10.34112393357738,11.268528647665349,93.8138256029397,93957.421622,93957.445421,0.9850450785498597
-9.56423703446097,11.434742859390237,94.0417484089344,93957.434956,93957.459443,0.9196123338596787
-8.495795957090515,11.658679220110976,94.14788898753599,93957.448289,93957.473388,0.9487873243154817
-7.166900223038679,11.968319077653783,94.30758204331198,93957.461622,93957.486357,0.9741175773756113
-5.458935473824422,12.29621466180788,94.40869611045963,93957.474956,93957.499472,0.982743660500565
-3.3655337443451026,12.734398924223772,95.07319544525052,93957.488289,93957.516764,0.9122201639482573
-0.8074819885881749,13.15267693196587,95.53083230575525,93957.501623,93957.526133,0.9787630064888342
2.0775117261876628,13.657591231122728,96.17795342483464,93957.514956,93957.53879,0.945326409195067
5.153286236107661,14.29117926420744,97.34537992971629,93957.528289,93957.554034,0.9476386811157186
8.347151199458802,14.884602198719861,98.68071510084518,93957.541622,93957.566633,0.9229162059886626
11.484150902068214,15.326918400542334,99.93867272618019,93957.554956,93957.58183,0.9997430393520019
14.48755919566799,15.706656375728247,101.67509001664064,93957.568289,93957.594038,0.9552664605239568
17.26523371012813,16.014290050855248,103.57538014521988,93957.581622,93957.605252,0.9546157569575304
19.806552088269296,16.180835676265293,105.33525493618282,93957.594956,93957.618418,0.9544316185169742
22.073208771338745,16.19426212239698,107.02560014751673,93957.608289,93957.632752,0.9669362022243997
23.881127664045582,15.93914234158261,108.04736667680092,93957.621622,93957.645393,0.9163546049278619
25.427254075714654,15.621209587665723,109.3085398952786,93957.634956,93957.658964,0.8520813684466167
26.687921665184344,15.23771149419003,110.20787241683291,93957.648289,93957.673081,0.9007513317113428
27.7004697953322,14.827117124877534,110.9399976407105,93957.661622,93957.687389,0.9679139953730533
28.35412850259769,14.308060029740835,110.97394187230368,93957.674955,93957.699778,0.9560960549456826
28.841079690250563,13.78653332310789,111.12968142120549,93957.688289,93957.712361,0.9798661291691262
29.057151156341003,13.217767793892573,110.89629076167543,93957.701623,93957.725806,0.9430704873379417
28.99498542971889,12.619320979667991,110.24230927927263,93957.714955,93957.738957,0.8904908996876315
28.641572710115362,12.025178972849483,109.20171490686927,93957.728289,93957.75307,0.9495644209246197
28.114331884816988,11.555513963492999,108.55526953236156,93957.741622,93957.765701,0.9702650859261777
27.215021256126715,11.15481309313024,107.37147802141192,93957.754955,93957.779488,0.9524021948707716
25.994247913302473,10.823339624859564,106.01838240745232,93957.768289,93957.794625,0.7991620269397213
24.42703182109374,10.490851203967653,104.39498813288806,93957.781622,93957.806988,0.9828663448243736
22.63904937130647,10.187913251674258,102.91690430752223,93957.794955,93957.818567,0.8782889722441584
20.64066343076632,10.02884370493501,101.63587370130294,93957.808289,93957.832985,0.9464917428620723
18.40347948307067,10.049420775385354,100.4532903856422,93957.821622,93957.845509,0.9629369247387957
16.005461056853687,10.126807191857795,99.42402324487327,93957.834956,93957.859563,0.9150274260458097
13.582468816015282,10.15066979083123,98.397493683757,93957.848288,93957.878672,0.9561055533348147
11.277230604163513,10.195723334939764,97.60277844915963,93957.861622,93957.885584,0.945559845897028
9.106877933768036,10.345648987120919,97.07844538412449,93957.874955,93957.899259,0.988363629534723
7.015870553186,10.6017171250196,96.65102738244184,93957.888289,93957.912827,0.9473019596252396
5.038197895619091,10.864570131559073,96.0608290311739,93957.901622,93957.925673,0.97832115263241
3.3055432224898578,11.063194469779415,95.94524431768879,93957.914955,93957.939239,0.9589036648263352
1.8748871669339786,11.155129744859131,95.61461522067451,93957.928288,93957.953338,0.9996128186338155
0.7224812592471843,11.257236628589384,95.50036813321186,93957.941622,93957.965571,0.9486342978336013
-0.18757693116658108,11.331460308196768,95.2271582641683,93957.954955,93957.978801,0.9468729454669551
-0.9169140056977343,11.336643924572764,95.10461391135323,93957.968289,93957.993376,0.9676047007741794
-1.4867514045772028,11.195223113363975,94.70855646139914,93957.981622,93958.005671,0.8868451106623242
-1.9170290979164777,11.006735617091682,94.49529117261991,93957.994955,93958.019808,0.9152328560207935
-2.1652733289646156,10.7869260026254,94.26098667506592,93958.008288,93958.033984,0.9217057982537076
-2.221211738277838,10.536272180848695,94.0689652766631,93958.021622,93958.04596,0.8483394771399837
-2.0342622881888692,10.266315071029318,93.75410385895701,93958.034955,93958.058757,0.9256702840415916
-1.580654557779301,10.002413127901097,93.56159042954576,93958.048288,93958.072411,0.9057149244310615
-0.8230378499596309,9.76669654166764,93.32596808474325,93958.061621,93958.086769,0.9803882346212152
0.2884115616111693,9.56033128751067,93.2828698598922,93958.074955,93958.099394,0.898398679700957
1.741285554853882,9.402410997027312,93.15668135157038,93958.088288,93958.11503,0.9956119228218695
3.4571571605487343,9.404554514366664,93.4910271203854,93958.101622,93958.12668,0.9844115923280616
5.364746486142992,9.502610134552524,93.7922529618369,93958.114955,93958.140752,0.9243109712150963
7.4007400603259645,9.705975634028734,94.31767787140625,93958.128288,93958.152983,0.9628683455072014
9.493399636330965,9.942727802833241,95.03311063611588,93958.141621,93958.165703,0.9768456766386857
11.584276936300363,10.188720442533024,95.83689093973463,93958.154955,93958.178921,0.947976305986606
13.631083690659057,10.478836049534412,97.10617263298533,93958.168288,93958.192984,0.9958909433044385
15.525641099468025,10.770112816631965,98.28869059002861,93958.181622,93958.205607,0.9837687091056451
17.216628761109167,11.056666439640836,99.29838993561029,93958.194955,93958.219117,0.9953461136489354
18.79802606041355,11.285305403671385,100.3426324654216,93958.208288,93958.238706,0.9887096458564092
20.284025341204554,11.486520566879491,101.61081249610835,93958.221621,93958.249363,0.9603216371140528
21.576544660616026,11.603386157289172,102.74672536849675,93958.234955,93958.259853,0.9975408808211013
22.587253243210434,11.659958581903032,103.54842285539632,93958.248288,93958.272816,0.8196036112158549
23.41060169235144,11.584682271373119,104.09099977133877,93958.261621,93958.286352,0.8697554102616321
24.13728351072013,11.404375650747735,104.67575824381193,93958.274954,93958.300146,0.9455792526903319
24.738332363367626,11.190140533050283,104.9555827349996,93958.288288,93958.313472,0.9284891994470732
25.224762791424205,11.084230606678918,105.12822921842564,93958.301621,93958.326967,0.8611540911087294
25.710296195989613,11.102773489868719,105.81703897080632,93958.314955,93958.339575,0.8367957253218101
25.945169369967324,11.061761569837943,105.65143982131951,93958.328288,93958.353004,0.8183252702709541
26.1194225061276,11.013577952764917,105.56093627577171,93958.341621,93958.365582,0.830465998728279
26.189040516891424,11.037545777948374,105.49888724376424,93958.354954,93958.378723,0.8621321733604808
25.976817181407426,11.107007445386234,105.03829618919569,93958.368288,93958.392733,0.9127236400556169
25.62442587634116,11.262450833909362,104.85271314072108,93958.381621,93958.406127,0.8786924606730453
24.934356722357848,11.311230430582944,103.94375224780582,93958.394954,93958.419493,0.9837934349799952
24.147613025332017,11.342926572542352,103.33052896962776,93958.408288,93958.435091,0.9786351048712236
23.20335778923756,11.379357506116834,102.58405048876484,93958.421621,93958.446587,0.9834826128166556
22.122944209304254,11.442234831255265,101.62504587323421,93958.434954,93958.459913,0.9657923757892205
20.98081153005973,11.535328315465806,100.9683845006045,93958.448288,93958.472559,0.9385508329507022
19.70375084241055,11.571157313578547,100.06107467728715,93958.461621,93958.486582,0.8947880333600335
18.369236734812727,11.596519733524966,99.23526207947637,93958.474954,93958.498955,0.8674853133172242
17.03527120527846,11.579791584990673,98.22964540322009,93958.488287,93958.513689,0.8886572029381877
15.820832137638341,11.546907513843712,97.54151209327271,93958.501621,93958.526876,0.9851210422928254
14.648061398357603,11.422266989937642,96.432094622938,93958.514954,93958.538779,0.956083245687206
13.633576632311716,11.261252942815473,95.6742862082238,93958.528287,93958.553524,0.9551014158842795
12.713746313971413,10.971643416700028,94.78339560698582,93958.541621,93958.572578,0.9314825947901572
11.873974101869596,10.555441892723833,93.7432670460526,93958.554954,93958.585596,0.9628960403398537
11.103216984167595,10.072421312300635,92.58845797402033,93958.568288,93958.598762,0.909052817844603
10.409787283305631,9.574465691260704,91.5983675216981,93958.581621,93958.607083,1.0
9.750185016655848,9.02453043708588,90.4317828485356,93958.594954,93958.619103,0.9255051847064976
9.132844387388937,8.504197180092664,89.45456426458628,93958.608287,93958.6392,0.9752309329567521
8.512656397850655,7.9267205193218615,88.23470218614256,93958.621621,93958.646168,0.9817008593880703
7.947190594891828,7.242337665952525,87.00172584165101,93958.634955,93958.659152,0.9604690292756275
7.481835969128677,6.465345168538647,85.82845958157559,93958.648287,93958.672188,0.979394828693137
7.110084492373358,5.659129865451046,84.65489126606948,93958.661621,93958.686249,0.987103316215644
6.777520187727505,4.925336588631575,83.4987712442009,93958.674954,93958.699207,0.9859919917553245
6.494755097890742,4.228605133313485,82.39613867989921,93958.688287,93958.712779,0.9670020545368918
6.286748906823189,3.505919715617818,81.42824177478757,93958.701621,93958.727836,0.9735510441613617
6.182330316962681,2.738666785053565,80.4631477718078,93958.714954,93958.738811,0.9738042251221766
6.15969051862785,2.0015916612983955,79.63787997752209,93958.728287,93958.754449,0.977731799060405
6.162234970081088,1.3421469032159279,78.83546873220016,93958.74162,93958.765685,0.979190291233973
6.1769663767191485,0.7293858363547204,78.1914716147114,93958.754954,93958.780129,0.9696952390017927
6.20388358576261,0.10761760358982075,77.60937620369006,93958.768288,93958.79555,0.9775961522933113
6.2480702434168185,-0.5251006969205746,77.0764715504449,93958.78162,93958.807063,0.9893293669929567
6.341240093332141,-1.0931584585096594,76.79265088423108,93958.794954,93958.819259,0.9861463486340764
6.4866037126061205,-1.5567924601647858,76.46213315574938,93958.808287,93958.834244,0.961856303153424
6.7018961060713504,-1.9205933116045242,76.3365831050979,93958.82162,93958.846192,0.9726617411100962
6.967723691206603,-2.203389496763625,76.1796631214437,93958.834954,93958.867082,0.9953059631903223
7.319427742779655,-2.430800595218617,76.23608655547648,93958.848287,93958.879016,0.9490699054574618
7.758132804721317,-2.6022133779139796,76.38520098743408,93958.86162,93958.892222,0.9158551607375436
8.28741150986895,-2.699629971690536,76.67685062761387,93958.874954,93958.899152,0.9993105959069405
8.898837873693028,-2.71065346010905,77.1006914974456,93958.888287,93958.912449,0.9887369729050021
9.54419233822564,-2.647375332381342,77.53011578477174,93958.901621,93958.925915,0.9942759278931972
10.213835220996328,-2.53284911005578,78.06756561090076,93958.914953,93958.939299,0.9949418807815728
10.91292939770893,-2.382491797992895,78.80711120215177,93958.928287,93958.952979,0.990497907426008
11.583171474839332,-2.1902909757952704,79.31732378253119,93958.94162,93958.966556,0.9963759733436766
12.279510559475806,-1.973218272935026,80.01095346676532,93958.954953,93958.9788,0.9950051254907024
12.978729645286421,-1.7339452497517227,80.58587250897673,93958.968287,93958.993186,1.0
13.733896489016658,-1.479741108009641,81.34735316416821,93958.98162,93959.00526,1.0
14.527323603750176,-1.2163900289677156,82.1071914369099,93958.994953,93959.019421,0.9860474811157192
15.338955411865557,-0.9808792820202147,82.7905680363208,93959.008287,93959.03405,0.9605584807333681
16.195310098493263,-0.7581184900523363,83.56649256515963,93959.02162,93959.045909,0.961171421056853
17.059980077692945,-0.5666023241035444,84.25492874131109,93959.034954,93959.058942,0.9996230446984843
17.956666966113655,-0.4316956718289285,85.07798444684465,93959.048287,93959.072401,0.9648796865814734
18.83725515789249,-0.34454245387440635,85.84440212623828,93959.06162,93959.086697,0.9637586646961158
19.667547284033137,-0.2865335722209388,86.48150950581453,93959.074953,93959.099264,0.9444189116615801
20.502240697123128,-0.23663050784778666,87.35545409415083,93959.088287,93959.116194,0.9549920083985358
21.226879118233292,-0.23331618635752485,87.89375867770325,93959.10162,93959.126634,0.9168087463910627
21.913247565172835,-0.27593154066690456,88.40741904586362,93959.114953,93959.140428,0.9603822113005461
22.595683209391883,-0.3596052425249867,89.08597876903283,93959.128287,93959.153912,0.9895085232857415
23.161351863796575,-0.4930952782129777,89.40193232416316,93959.14162,93959.165694,0.9318190820750958
23.72617955260813,-0.6716128971616524,89.9141827738938,93959.154953,93959.181329,1.0
24.17529290572036,-0.900679890837866,90.09235741166634,93959.168287,93959.193999,0.9099534581141296
24.637429012411566,-1.1526147940031681,90.46084973806019,93959.18162,93959.205617,0.9835562689074308
25.060156102347516,-1.4186444803283014,90.73427928233359,93959.194953,93959.219225,0.997209676862688
25.40584801831956,-1.6445985424280778,90.80465017617662,93959.208286,93959.232938,0.9992376337100827
25.731759334497738,-1.864421366518998,91.00317634358092,93959.22162,93959.25341,0.9012750297784791
26.021847550155606,-2.111655314426529,91.06262528825941,93959.234953,93959.259366,0.9726783428122111
26.26592551999747,-2.4151079200929293,90.98244677846338,93959.248286,93959.274248,0.9547085305824433
26.552496248817647,-2.6932728174770704,91.03583132436535,93959.26162,93959.286646,0.8916805879767083
26.852046051195337,-2.971458328100644,91.14761948882102,93959.274953,93959.299398,0.9811865020246963
27.10514878144614,-3.229299213336388,91.12988317318938,93959.288286,93959.312135,0.9316370436710684
27.33906445315606,-3.5465450593390417,91.04628875251026,93959.30162,93959.327024,0.8785776017831416
27.549156049122672,-3.898162873175446,90.92856157950237,93959.314953,93959.338756,0.9057149244310615
27.711792621776503,-4.289951636888533,90.71135020493568,93959.328286,93959.352864,0.8429625608283274
27.90369710623651,-4.721280325129265,90.70999443918436,93959.341619,93959.365177,0.9500816862158254
27.97960976571886,-5.145221100861564,90.30059863747032,93959.354953,93959.380227,0.9627870701224602
28.106891531656004,-5.600075448479943,90.15550903603129,93959.368286,93959.393497,0.9066430932165886
28.179787666185213,-6.039077991228448,89.82755576827823,93959.38162,93959.41254,0.7985114135521195
28.270008672988787,-6.480011284426479,89.64223736986493,93959.394953,93959.419109,0.9136809348927881
28.28968060012269,-6.897997623010944,89.21056482711333,93959.408286,93959.433259,0.9021827587570386
28.32017447691105,-7.323032121530039,88.8486530610197,93959.421619,93959.448284,0.9124279075641887
28.346303076529235,-7.73755175782396,88.51589686985564,93959.434953,93959.461764,0.9329937937850743
28.34386356909894,-8.124442619172985,88.05958856297877,93959.448286,93959.473216,0.977881102644019
28.380518737345845,-8.510971392865748,87.7816660841886,93959.461619,93959.485658,0.8956463359458237
28.376794577848667,-8.880687136012623,87.36264421397117,93959.474953,93959.499265,0.878794119875218
28.36046160864848,-9.252722734834355,86.9277311373833,93959.488286,93959.513017,0.8861815772749252
28.370729586004934,-9.630047572964859,86.6448732393371,93959.50162,93959.5278,0.9488172920065253
28.284910320526297,-9.967650399275302,86.07485662713071,93959.514953,93959.541793,0.9112614948836357
28.29178448218075,-10.336058151642579,85.8681687646893,93959.528286,93959.554415,0.9252700728183827
28.245430886117166,-10.67292304893943,85.53920760463873,93959.541619,93959.565955,0.901325181136031
28.19205028085747,-10.98604156600995,85.17506490205584,93959.554953,93959.581123,0.8913664385071567
28.15500228033596,-11.2712229083301,84.89598900575697,93959.568286,93959.598958,0.9567743624649925
28.12367794516419,-11.538088354767575,84.62652782730207,93959.581619,93959.60837,0.8944124846664098
28.082717195406453,-11.777923168026229,84.36989139351977,93959.594952,93959.620568,0.9267206926875058
28.042717241559266,-12.004865010433713,84.16077699105833,93959.608286,93959.635126,0.8726352396915906
27.977483709741225,-12.186125874526502,83.85593671476192,93959.621619,93959.647556,0.8097829141333692
27.950851631523008,-12.366237910665808,83.70964740920196,93959.634953,93959.659184,0.8815299148988744
27.86420172190237,-12.483838866411464,83.42940383389926,93959.648286,93959.673296,0.8965084425696446
27.83028329313356,-12.596225024025912,83.33654091469523,93959.661619,93959.686154,0.8601959619743246
27.754049095930593,-12.661780626303182,83.09656829447886,93959.674952,93959.700762,0.8783632243010322
27.703753387969872,-12.716071770509624,82.98398757448399,93959.688286,93959.713916,0.9208701118123577
27.627947616211973,-12.73364698661807,82.74617348120171,93959.70162,93959.728056,0.8908497727682193
27.601250462563886,-12.745349380977485,82.69303888546632,93959.714952,93959.739929,0.9211155296485861
27.5679960265246,-12.755760880805743,82.57201375543683,93959.728286,93959.752438,0.8752443378551638
27.535520946489005,-12.753783845853535,82.4264736924255,93959.741619,93959.765834,0.8349709698198837
27.51996683250597,-12.76216821488471,82.33280113623373,93959.754952,93959.778879,0.8743210084331373
27.546821428493807,-12.803821892000574,82.35833675867408,93959.768286,93959.793979,0.9707237939113155
27.512078617253962,-12.81674726061101,82.17990450738962,93959.781619,93959.806452,0.8555322402309095
27.512254411237524,-12.850271444647618,82.1024940324159,93959.794952,93959.820658,0.8883187303979395
27.476224260226353,-12.87958909200377,81.91396417943727,93959.808285,93959.833186,0.9593157967779273
27.482153651006005,-12.964148996588174,81.88140890874321,93959.821619,93959.845123,0.9819597846229163
27.48427064678355,-13.053413545941975,81.86371293787859,93959.834953,93959.859833,0.9784455961049354
27.435936138523328,-13.13429344934682,81.68955191170882,93959.848285,93959.873511,0.9841784487023614
27.381641566129943,-13.211580320092635,81.52916334288115,93959.861619,93959.890331,0.978076765850239
27.31563167337661,-13.292463615740935,81.34139124261385,93959.874952,93959.899726,0.9137773161925195
27.261456144897743,-13.38016788801357,81.20034446747718,93959.888285,93959.913374,0.8959972863959559
27.21217572632134,-13.476921149987623,81.05780875381348,93959.901619,93959.928232,0.8749538623091
27.189841078650822,-13.603040171538607,81.02433475524916,93959.914952,93959.942207,0.8895696745035764
27.11006649018877,-13.703048902595592,80.80983663655299,93959.928285,93959.955493,0.9190754513703434
27.078156516296115,-13.825007454880947,80.75346742947671,93959.941619,93959.966896,0.9043932121590084
27.030332355680233,-13.958992768930239,80.6708839592498,93959.954952,93959.984816,0.898648960652302
26.982278818712885,-14.083912629852216,80.55387518974892,93959.968286,93960.003471,0.8911587953841975
26.912835115613213,-14.187521838252547,80.38661727828215,93959.981618,93960.014986,0.9162101421301982
26.857437337719883,-14.285893908709442,80.23704648676338,93959.994952,93960.020997,0.9226377266100212
26.846125390557415,-14.385355590566213,80.23885585845343,93960.008285,93960.032878,0.812453006329246
26.79959345853717,-14.446996143780048,80.10907968323767,93960.021618,93960.046584,0.9011546109900883
26.775637826649263,-14.499752674887217,80.03359156433852,93960.034952,93960.062631,0.870058478666854
26.7953740151458,-14.581565382224317,80.10116928833779,93960.048285,93960.074343,0.8964262846956809
26.74402879265573,-14.60609420480411,79.94105706019477,93960.061618,93960.087916,0.8611400898366145
26.755947640642844,-14.649303152493765,79.9637660098337,93960.074952,93960.099766,0.9347141436804463
26.72731728918478,-14.658625182535555,79.85183320832992,93960.088285,93960.121376,0.8873052096915808
26.69381094635261,-14.684553638407102,79.7621282603371,93960.101619,93960.126518,0.9378054564561731
26.688299532692827,-14.737268930149714,79.78677548849667,93960.114952,93960.140506,0.8828557067872432
26.657815605515612,-14.78730794648135,79.73873005291206,93960.128285,93960.154464,0.9240250205400979
26.629793687741458,-14.825039186752848,79.7503958469655,93960.141618,93960.166505,0.8614796097399989
26.551788001349138,-14.829951660185484,79.5819678176773,93960.154952,93960.179717,0.8557409642756868
26.51484749009885,-14.849564534145596,79.57459128664523,93960.168285,93960.199935,0.9216410898618626
26.44431456732065,-14.842225757604382,79.48047675992271,93960.181618,93960.214685,0.9121138983927602
26.350257809634943,-14.828911251406925,79.31678638476424,93960.194951,93960.22771,0.9045885297955234
26.30657476947764,-14.85969942527231,79.34733317523828,93960.208285,93960.233432,0.8852434167250818
26.194951727854793,-14.876587444566203,79.15468411423385,93960.221618,93960.248338,0.8944164153540046
26.128757112750275,-14.92438695027052,79.15705404246552,93960.234952,93960.262863,0.8990556595592943
26.00372417359768,-14.962264954726468,78.97083598275854,93960.248285,93960.282771,0.9387656034661709
25.919421665024668,-15.01333949065742,78.89343042566168,93960.261618,93960.295041,0.8856915853000836
25.84453444107875,-15.085180176370908,78.87083974104121,93960.274951,93960.299806,0.888812869121892
25.7557380724118,-15.144007732675083,78.80110109277939,93960.288285,93960.312935,0.9047065759463142
25.620916314124575,-15.175882162721095,78.55324702648124,93960.301618,93960.327211,0.9554499513177326
25.53490806162678,-15.228786276920967,78.49848311462532,93960.314952,93960.340984,0.8961651440095313
25.44337590091081,-15.271009364363373,78.42098323092193,93960.328285,93960.353461,0.8823947976565139
25.325888513551863,-15.290703869428931,78.2557994630612,93960.341618,93960.366273,0.9114128552798563
25.20578783876636,-15.303595755247029,78.05633980093657,93960.354953,93960.379999,0.9025123979688567
25.141886859245943,-15.346170472901864,78.05468513446509,93960.368286,93960.399162,0.9229045671672567
25.046867784580265,-15.35661501412725,77.91006329087685,93960.381619,93960.408055,0.8741949930144272
24.98942289430832,-15.38667643779755,77.8638399347719,93960.394952,93960.426014,0.8773685416359608
24.918690556705734,-15.408677657586656,77.75746768559983,93960.408286,93960.433043,0.8786748549427649
24.82997826747217,-15.418033908254062,77.57239536920252,93960.421619,93960.447388,0.899022671689312
24.803122611538633,-15.466166314384234,77.59886396266299,93960.434953,93960.459933,0.9620443726777711
24.75479665859559,-15.505665788441371,77.52423749868427,93960.448286,93960.479081,0.9120378777658164
24.671116140913835,-15.51762307349693,77.3200689563335,93960.461619,93960.486571,0.9551342054394296
24.60915717170389,-15.543355950983923,77.17919730538618,93960.474952,93960.498776,0.895348067608556
24.604020169525718,-15.620463281929224,77.23555271986586,93960.488286,93960.513226,0.8855572413619699
24.56488277858222,-15.67085139662544,77.1576383761542,93960.501619,93960.527474,0.9157107002972151
24.528962376779983,-15.715148103263976,77.06764845597617,93960.514952,93960.539747,0.8799808202406866
24.475360589424866,-15.748638355908632,76.9318345077008,93960.528286,93960.55442,0.9112905768152973
24.45442411181793,-15.826204502095003,76.92695017254321,93960.541619,93960.566266,0.9216733629189184
24.412803629075153,-15.896956625326448,76.89904522730006,93960.554952,93960.578961,0.8917170986838363
24.32898958042953,-15.94723252539018,76.72065855882852,93960.568286,93960.593411,0.924769743896794
24.277164386287737,-16.01722842303151,76.65734856088636,93960.581619,93960.606678,0.8822693094243277
24.23026925952015,-16.097049083223723,76.63579025602603,93960.594952,93960.619418,0.8843760653614742
24.168568320425468,-16.17479589798716,76.5293945828459,93960.608285,93960.634526,0.9080072199382847
24.160042428607813,-16.299477696992938,76.61710045668175,93960.621619,93960.646903,0.879562206551181
24.121632288723305,-16.399063973986273,76.60143294486164,93960.634953,93960.668479,0.941699481115822
24.087382970298734,-16.488010728284237,76.58657140325244,93960.648285,93960.677958,0.9247170415247412
24.05612292851913,-16.581596054172635,76.58725401711924,93960.661619,93960.686363,0.8931943068964199
24.02923824270405,-16.66346356856148,76.62039684249152,93960.674952,93960.699144,0.9066043770510656
24.007255728172176,-16.728266078074764,76.6571761913127,93960.688285,93960.714984,0.9530441995621518
23.948613853165824,-16.75510304093445,76.5727935617539,93960.701619,93960.727535,0.8752711799429431
23.9406540923055,-16.829905193286248,76.70648983765265,93960.714952,93960.739335,0.9524414107738199
23.872278593655775,-16.854751868213622,76.62940714032331,93960.728285,93960.753999,0.893591558434788
23.833048088401092,-16.901107514235996,76.66213971822481,93960.741619,93960.765693,0.9493065772667186
23.789521394214056,-16.944750960534915,76.6753162190543,93960.754952,93960.781377,0.8989524164427874
23.73423607932375,-16.96983799637954,76.64805245378699,93960.768286,93960.794869,0.9000689463046607
23.714466630034828,-17.011071257433052,76.77119895533517,93960.781618,93960.805871,0.9271631415808333
23.63529969382018,-16.992444295808905,76.66773098279882,93960.794952,93960.819592,0.9201808553862065
23.575917482912825,-16.990073906093905,76.65118722084007,93960.808285,93960.834305,0.9435955399597346
23.482143609788867,-16.943211760519294,76.47991105847142,93960.821618,93960.846336,0.9047839973782175
23.459651644601564,-16.95230145862679,76.59704075259896,93960.834952,93960.859169,0.9070249819581229
23.40025632506456,-16.923789119016284,76.55305021191786,93960.848285,93960.873954,0.9429654684463741
23.337377625218956,-16.897090247594416,76.50915888924519,93960.861618,93960.887659,0.8973153949550254
23.260908595155108,-16.863644003449554,76.39257564305225,93960.874952,93960.900061,0.9392339507091888
23.224543205554117,-16.87260122146319,76.44653986817045,93960.888285,93960.920338,0.9603856904457159
23.12568244360824,-16.824819777963402,76.28012797863002,93960.901619,93960.926022,0.9501098967978227
23.06710706871784,-16.811258201997806,76.26488157705664,93960.914952,93960.939038,0.8938254954733232
22.991163960537683,-16.772277236264845,76.1894731965636,93960.928285,93960.960931,0.9182831495005451
22.919303809179187,-16.73735126361808,76.11280374903566,93960.941618,93960.965424,0.9213869353435427
22.857579663098296,-16.70531392396486,76.02439919643554,93960.954952,93960.985679,0.9036813077986112
22.818777952996214,-16.68642910487367,76.00841482471941,93960.968285,93960.992966,0.9132592536743662
22.806729148157746,-16.685790406038816,76.01570584883949,93960.981618,93961.007729,0.883590106933129
22.7890977026189,-16.678127577879785,75.95204125168766,93960.994951,93961.020339,0.9505640166065604
22.778951916406758,-16.6573720707313,75.88116038377304,93961.008285,93961.033183,0.9446268741303029
22.805827280860825,-16.648777278802708,75.9213136720476,93961.021618,93961.045853,0.8799405267494593
22.7807043176583,-16.601696069851656,75.7717723498279,93961.034952,93961.060819,0.8669831507154635
22.81789711299295,-16.589374234346096,75.85507048917249,93961.048285,93961.072838,0.9272542088225774
22.812282313247092,-16.531656329671776,75.81152773877048,93961.061618,93961.086026,0.8972801176600953
22.785424243678587,-16.47471863820201,75.69972737698957,93961.074951,93961.098677,0.9084460630613637
22.763174283335683,-16.46343768101759,75.6749799248867,93961.088285,93961.112516,0.9184038254878618
22.74716193828665,-16.485561782234253,75.67003730696746,93961.101618,93961.127019,0.8609657187286723
22.721619889174637,-16.464614452051173,75.61544199850661,93961.114952,93961.139743,0.931122136576829
22.670961892668597,-16.377562574481374,75.50316724504226,93961.128285,93961.154595,0.918479182570226
22.639771678754958,-16.27947140280833,75.47893811156142,93961.141618,93961.165892,0.9333428781255204
22.61050085887545,-16.184854932040587,75.56990501393432,93961.154951,93961.179698,0.9087099498417535
22.537493154796923,-16.062908651073396,75.55637901300312,93961.168285,93961.19415,0.9054188512857688
22.460200958372084,-15.954724986943068,75.5133462454076,93961.181618,93961.205358,0.9163029149997587
22.402462710299197,-15.781781334562456,75.41821236312043,93961.194951,93961.219764,0.9376789478418837
22.365794870482283,-15.655229731046983,75.4041881445692,93961.208284,93961.23285,0.9487892480670063
22.33965489322407,-15.577182047517868,75.38349666206328,93961.221618,93961.24553,0.9078204009301497
22.314496694935684,-15.481608999960834,75.36915793094863,93961.234951,93961.260082,0.9251573760981703
22.311213852893687,-15.359073753333599,75.45450280102715,93961.248284,93961.272526,0.9644536605896299
22.2817622396235,-15.237017650500649,75.42787555131208,93961.261618,93961.286374,0.9064743924201496
22.24333953861686,-15.126380084228058,75.38289321344762,93961.274951,93961.299366,0.9182831495005451
22.239171070739577,-15.052256550478292,75.50819753588274,93961.288284,93961.316334,0.8857453031609837
22.19181843365968,-14.940089477357017,75.4979093395567,93961.301618,93961.327073,0.9800503793081498
22.139012848249088,-14.867458717676243,75.47334978010379,93961.314951,93961.339025,0.8657130034737853
22.112175761407126,-14.832997015800036,75.51223895804891,93961.328284,93961.352919,0.8950699756701301
22.046450424035708,-14.766569667981416,75.44864560042905,93961.341618,93961.365251,0.9215335952706138
21.99288211407079,-14.726546822216653,75.44356005878265,93961.354951,93961.380282,0.9818321973438955
21.927132288680287,-14.681106495751635,75.44107639888439,93961.368285,93961.394975,0.9251912336203908
21.847443095340893,-14.5845911069226,75.39740128522554,93961.381618,93961.40825,0.907678122911434
21.790273777104705,-14.45338057645116,75.32275881049816,93961.394951,93961.420031,0.9311558278008567
21.740262081161145,-14.357600482439844,75.29396994017158,93961.408284,93961.433139,0.931122136576829
21.709140650164088,-14.284967027346415,75.33708478000123,93961.421617,93961.445701,0.9025468419717924
21.67024483697871,-14.203085112569456,75.35327926975586,93961.434951,93961.459754,0.9235142297079539
21.653308086774295,-14.123966031439744,75.4173257920626,93961.448284,93961.472283,0.8977647368399234
21.62174546034057,-14.04640407234243,75.33829641537598,93961.461617,93961.492001,0.9541455594500493
21.633621177088177,-14.01646422702442,75.39916681756796,93961.474951,93961.499268,0.9043079945460358
21.630457514709992,-13.973293250137713,75.48092764750433,93961.488284,93961.513517,0.9236686294810406
21.590741599447117,-13.869733941405455,75.48081450797271,93961.501618,93961.532882,0.8730276398327235
21.585288320163343,-13.780976947138265,75.56618666758467,93961.514951,93961.540984,0.877932802676885
21.552330579932434,-13.736825024709125,75.57661278739914,93961.528284,93961.553658,0.945790597278809
21.521866007226038,-13.736874371827968,75.62332286945066,93961.541617,93961.566365,0.9420640688273664
21.48035154779856,-13.724706568987528,75.60173143660903,93961.554951,93961.579554,0.8973532667772831
21.500435253772473,-13.801613944870036,75.77767972226245,93961.568285,93961.59464,0.9447864820423405
21.502028739399645,-13.928776996821806,75.88965795259237,93961.581617,93961.605315,0.9140994423332222
21.5099527530329,-14.080348050671915,76.02041571410618,93961.594951,93961.619385,0.906749957451831
21.504114020543774,-14.257876928959277,76.15922436115665,93961.608284,93961.632994,0.913039284084868
21.482099624021494,-14.38962817684261,76.18963811354317,93961.621617,93961.645778,0.8972801176600953
21.46617144981422,-14.44124894361984,76.15353912884454,93961.634951,93961.660361,0.9091515871247497
21.467419451715863,-14.482152008944395,76.18299208016664,93961.648284,93961.674216,0.9392252548344391
21.472552157109916,-14.499011185570767,76.25748375168435,93961.661617,93961.685739,0.9371606156917526
21.466239561879473,-14.504310050532371,76.26296138387531,93961.67495,93961.699909,0.9455575848307985
21.477134142377565,-14.567529167891708,76.37223952463813,93961.688284,93961.712475,0.9043327475394735
21.46813220137236,-14.59826559177614,76.38379364532322,93961.701618,93961.726454,0.9194450606958117
21.466330217085893,-14.635122950915486,76.39608626270775,93961.71495,93961.738708,0.9309525081317841
