x,y,z,capture_time,detection_time,confidence
21.116116670907438,2.786739303964622,71.12917669054775,95143.683715,95143.713712,0.9789671120106401
21.050808891462005,2.957506231913731,71.64844342359855,95143.697048,95143.721378,0.9011395751816691
21.050282041710673,3.1653233215635095,72.26886452866417,95143.710381,95143.734479,0.9509199510194959
21.02122507626765,3.4457889512743174,72.7198124497615,95143.723715,95143.748143,0.9662200500216105
21.06553799601724,3.6633844093336765,73.36851595816798,95143.737048,95143.762302,0.9617537247654407
21.11545318644462,3.8501601323346932,73.95847695739953,95143.750381,95143.774525,0.9516325954531216
21.1989654735873,4.044135167371575,74.68383192687868,95143.763715,95143.788099,0.9213032166097129
21.290558914085196,4.2289421123876245,75.39799648067789,95143.777048,95143.80182,0.9549438953805317
21.401457305809515,4.433170859776447,76.11879916172282,95143.790381,95143.8149,0.9254680810719108
21.514738681340145,4.66058034464886,76.81864213243325,95143.803714,95143.827965,0.920421232165197
21.67130496620546,4.847460519519631,77.54336674225303,95143.817048,95143.844501,0.9335270161255645
21.8415974750915,5.007622931664549,78.25127296420635,95143.830382,95143.85597,0.9083165693776817
22.03309347152708,5.174328474386774,79.04420499624227,95143.843714,95143.870128,0.9383275592944522
22.202800435366154,5.350728542662935,79.81909963550052,95143.857048,95143.88252,0.9480878574120724
22.3193933444599,5.533764412639971,80.35118540096411,95143.870381,95143.896777,0.9114068409762944
22.468162291938864,5.794196422307653,81.10317555333513,95143.883714,95143.909766,0.9670196838289821
22.6368311703878,6.114579713408209,81.9317406972057,95143.897048,95143.922654,0.9668121251115585
22.739720562003885,6.4277206550315125,82.51956029284746,95143.910381,95143.93468,0.9275327182475694
22.86493940944526,6.668559377381413,83.20044885597059,95143.923714,95143.948106,0.9763443199010097
22.992569914282022,6.8233399389239,83.86535280602078,95143.937048,95143.961526,0.922443869237396
23.096150076542656,6.976087920355857,84.49160325344208,95143.950381,95143.974366,0.9739447881825314
23.153672370402496,7.137078251314796,85.02947326626943,95143.963715,95143.988055,0.9067531480871333
23.238260032426876,7.321022199110559,85.7052862405318,95143.977047,95144.003524,0.9188643446950581
23.2985950799358,7.504341435782214,86.32736121995052,95143.990381,95144.015482,0.99575394505588
23.33882012623696,7.702380199832312,86.91159708782904,95144.003714,95144.030028,0.9593335879349264
23.382823476516126,7.892467151343122,87.4840125692863,95144.017048,95144.043444,0.9414118978047044
23.43354428336199,8.089411307072828,87.97904671651521,95144.030381,95144.060673,0.9857814536419518
23.545721908222696,8.312011795489688,88.61822861097562,95144.043714,95144.073996,0.8932813748425386
23.659599820479055,8.528033644450336,89.19164384102658,95144.057047,95144.081639,0.9626099871897494
23.78743007104547,8.763233866238226,89.71085440139326,95144.070381,95144.096595,0.9071115441261166
23.94728361130609,9.00878415821759,90.26080524615466,95144.083714,95144.108181,0.9406982935112252
24.13075068909266,9.273468447839852,90.76521708067915,95144.097047,95144.123238,0.9636176269104482
24.351987111226236,9.542106686680825,91.39732805736183,95144.110381,95144.137247,0.9448606612268033
24.540003352071107,9.799282807797086,91.93382676624825,95144.123714,95144.149273,0.9763507690212012
24.702865675931143,10.010044286286519,92.44704530750154,95144.137047,95144.161579,0.9517163451636848
24.858049814748792,10.17286720258663,92.99648693479291,95144.150381,95144.174831,0.9193702344266721
24.910146555633936,10.24375330514095,93.28861260911548,95144.163714,95144.18762,0.979764155985971
24.932068388995887,10.263149441573933,93.65872443228045,95144.177047,95144.200642,0.9012618265433543
24.902473917085562,10.244258327814604,94.14598317085431,95144.19038,95144.215277,0.9370350409580377
24.742189174724267,10.166515140342803,94.43526099817225,95144.203714,95144.227383,0.9592744495006668
24.479582747077526,10.046248153093892,94.74234638379163,95144.217047,95144.242517,0.9803882346212152
24.084662068454385,9.881765484469085,94.99332894090442,95144.230381,95144.256227,0.9735198111943311
23.508381909793773,9.683987463108151,95.09995999371358,95144.243714,95144.272245,0.9855047342142026
22.809507809429945,9.488762287325335,95.36599355761938,95144.257047,95144.282406,0.9808207742752725
21.924683852517827,9.278696786766158,95.45099551009805,95144.27038,95144.294453,0.9860704240531275
20.897871374655956,9.034395986766668,95.52294690841076,95144.283714,95144.308167,0.9622056925679848
19.70692239185976,8.766202325447567,95.46594337358094,95144.297047,95144.323058,0.9973644322993676
18.3650705788951,8.463323380241148,95.44975602549854,95144.310381,95144.334506,0.9864171321836481
16.869114041259923,8.102895982185283,95.48965730349347,95144.323714,95144.348569,0.9650091333375537
15.226597778949646,7.693961354680488,95.17903237562739,95144.337047,95144.361647,0.9905400064652181
13.524762639866479,7.3574492791525,95.26272743953177,95144.35038,95144.375334,0.9852055548440031
11.705759679314031,7.035301644375808,95.14018062193543,95144.363714,95144.387859,0.9594599113078603
9.799723251130466,6.6999101864570445,94.92575307798757,95144.377047,95144.402057,0.9442553111912996
7.846682990465055,6.340901678441574,94.93038992420551,95144.39038,95144.415422,0.9000910930284706
5.854673301646128,5.916511184197869,94.79752549011206,95144.403713,95144.42955,0.9764417669489406
3.8697024016209616,5.452598493639854,94.5914198040435,95144.417047,95144.441163,0.9548769436628098
1.9072214966627465,4.964490282715205,94.62269764627213,95144.43038,95144.453962,0.9635306363005869
-0.06152193917014808,4.452241091356892,94.56980067047722,95144.443713,95144.475176,0.9509849784187244
-2.0145551222264726,3.8883578845190487,94.38291992281881,95144.457047,95144.481707,0.9423913380149089
-3.89042005274632,3.255005176145724,94.20168569866715,95144.47038,95144.494304,0.9932454687971871
-5.587087878002385,2.6011353255230008,93.95221032840072,95144.483713,95144.507969,0.9579421389043683
-7.188990373271226,2.009662009380026,94.02946971828511,95144.497047,95144.521665,0.9773182469320938
-8.623049187945371,1.498599941595644,93.85254069834788,95144.51038,95144.535178,0.9625167522486424
-9.882444733246084,0.9714844284264008,93.7670303005928,95144.523713,95144.548791,0.9813575152576293
-10.907184462565743,0.4734719609067448,93.857112382518,95144.537047,95144.562982,0.9685599067462911
-11.569245336769077,0.0634079148619976,93.51772491466129,95144.55038,95144.575101,0.9650006754105854
-12.041653065973374,-0.1941112194813666,93.74356984159871,95144.563714,95144.58727,0.9691110889491086
-12.186781847660573,-0.28878974725910844,93.62408575348552,95144.577047,95144.602152,0.9977374551024242
-12.106317344476244,-0.23438113076961722,94.0029184575444,95144.59038,95144.614865,0.9707321313066569
-11.70563983963422,-0.027337416950089146,94.36917357235555,95144.603713,95144.628271,0.9796371865957831
-11.03436415769358,0.3933123556975749,94.7050298358751,95144.617046,95144.641373,0.9839880828032491
-10.171539818956163,0.9879891157979711,95.09667030452071,95144.63038,95144.654321,0.9326517119590154
-9.141903980137617,1.7037513337810724,95.65381488514066,95144.643713,95144.667456,0.9493479975453831
-7.917014043146842,2.4703075962922427,95.95601834112558,95144.657046,95144.681295,0.9748308341197414
-6.550496103797002,3.264754971077587,96.46194302095725,95144.67038,95144.694802,0.9678966254476701
-5.03407730798813,4.023937953367302,96.89137306491062,95144.683713,95144.70857,0.9657153824721444
-3.4005558536788576,4.73479353879785,97.57486367313213,95144.697047,95144.721364,0.9466590959079406
-1.6773331975281238,5.370280966272894,98.33663367355234,95144.71038,95144.734567,0.9954837347092855
0.11956355768578683,5.898080324465808,98.64046964637647,95144.723713,95144.748041,0.9941749866551287
1.921793269416044,6.331748764561283,99.3096852665759,95144.737046,95144.761221,0.9785485051683749
3.7195940600746282,6.643238616002029,99.72922011409833,95144.75038,95144.774774,0.9746856037248002
5.506912836483622,6.841330635418858,100.4387941029042,95144.763713,95144.795458,0.9607794978884594
7.2496671012301075,6.917870590431277,101.01818473671524,95144.777046,95144.801261,0.9725030491671478
8.928507940795173,6.8750776829873805,101.36127886466777,95144.79038,95144.81532,0.9943140843097092
10.503640869125402,6.7482814686962795,101.84002859319351,95144.803713,95144.827804,0.9653365667811796
11.970007387055004,6.5454291456643485,102.10781270158859,95144.817046,95144.847386,0.9375715886731327
13.360389116774577,6.265032680149201,102.62656345192433,95144.83038,95144.855677,0.9339047288694141
14.568124451250775,5.878833131098838,102.49893219233269,95144.843713,95144.86984,0.9303586046286615
15.706265290939271,5.473831391080334,102.87086283585386,95144.857046,95144.881779,0.9849686635840745
16.64418995815343,4.924821035696562,102.7613794586986,95144.870379,95144.89546,0.9951341141418453
17.443192923564993,4.350185234307238,102.97409832802535,95144.883713,95144.907259,0.9953982103394715
18.035974507923264,3.7968453023180153,103.11324044433744,95144.897046,95144.921311,0.9855478981685029
18.361275589261435,3.30313066673349,102.81326926336362,95144.910379,95144.935829,0.9707224494375146
18.563224395780367,2.965327976206474,102.98563118189168,95144.923713,95144.954655,0.9835562689074308
18.52599235083824,2.7364529913633397,103.02569364969598,95144.937046,95144.961316,0.9256702840415916
18.204263778044915,2.632517112342627,102.74293493700495,95144.950379,95144.97602,0.9391675569780435
17.63152744726747,2.6340557223178984,102.48455518066949,95144.963713,95144.987568,0.9343126590743324
16.84370042869872,2.695004748970913,102.37141152528677,95144.977046,95145.001633,0.983370429398258
15.816266772493092,2.8342055788859284,102.00923616335422,95144.990379,95145.014307,0.9281384097252774
14.60369988832099,3.069181001464074,101.54381039383445,95145.003713,95145.034118,0.9381737912835536
13.236329530208906,3.3580137433366937,101.28066357421007,95145.017046,95145.042641,0.9977510587533349
11.706170055993097,3.6581215596816476,100.97561087895112,95145.03038,95145.05487,0.9862630714931749
10.018789982614797,3.9421439196893404,100.56203379902622,95145.043712,95145.067669,0.9898281788040275
8.26390020414546,4.191359098419057,100.33598686058488,95145.057046,95145.081081,0.9802356779265815
6.445389903772409,4.421553392359524,100.16030100570534,95145.070379,95145.094234,0.9697525662797091
4.560703376386554,4.618770004608698,99.9803768763385,95145.083713,95145.115282,0.9640851850612396
2.623716290716407,4.7569018864443455,100.0084281289502,95145.097046,95145.121011,0.965573541953452
0.652537629231371,4.784967612049365,99.99347912904524,95145.110379,95145.135202,0.9841993738237703
-1.298876428686096,4.674542904656698,100.11708522118896,95145.123712,95145.147857,0.992228090094371
-3.1250807436636197,4.43024027177365,100.09665841454253,95145.137046,95145.162169,0.9839172610919484
-4.834141963756775,4.151953599555008,100.12428768307817,95145.150379,95145.174786,0.9784815400574177
-6.478841165051948,3.8859030003709454,100.08917261151376,95145.163713,95145.188381,0.9452656236913692
-8.0259021227118,3.5583166488094156,100.13455860571534,95145.177046,95145.200924,0.9893491034397761
-9.376999727146448,3.1105620329219446,100.09836091498046,95145.190379,95145.214861,0.999419517839605
-10.510194938662757,2.609308947980488,100.15202716403277,95145.203712,95145.235315,0.9602270026151389
-11.478680440527837,2.1838363870428954,100.31322501871743,95145.217046,95145.241474,0.9941903421324586
-12.290477422332957,1.8230399715796446,100.26709399739178,95145.230379,95145.254681,0.9986796653400049
-12.937478715369794,1.5008300904752985,100.32660882816798,95145.243712,95145.270021,0.9816500358825357
-13.314597455758637,1.1935962634430175,100.13727798184202,95145.257045,95145.280999,0.9755401069421031
-13.53194901372159,0.9621190348974155,100.32978452729078,95145.270379,95145.296116,0.9327507570002639
-13.619647799371734,0.9080354737051265,100.57975550396269,95145.283712,95145.308632,0.9676204164066061
-13.662912896293719,1.0528389917556764,100.86656551501922,95145.297046,95145.321843,0.9930718184040545
-13.623587675477944,1.3169515700250134,101.1024025429775,95145.310379,95145.334955,0.9814904818566474
-13.474791950238638,1.661559890744287,101.30043365796874,95145.323712,95145.34856,0.9975766265268463
-13.287249794979344,2.0886540505541085,101.58155723836572,95145.337045,95145.361395,0.9962750155660635
-13.077376130804836,2.571486538032509,101.99131123317822,95145.350379,95145.374758,0.9748383453556425
-12.738787335239882,3.0480839335275256,102.0197927548897,95145.363712,95145.388927,0.9223403193241669
-12.389048874775906,3.5236975361883833,102.2248870233223,95145.377045,95145.400978,0.9528591435102156
-11.979833823889859,3.952834332285256,102.56260803455713,95145.390379,95145.414766,0.9615198613581719
-11.497295534918015,4.317923033969106,102.65658046199673,95145.403712,95145.428064,0.9370600837203064
-10.99412697701177,4.593331190044103,102.80188747116844,95145.417045,95145.441543,0.9577837036627999
-10.496075979077718,4.769446341250389,103.04110445291518,95145.430379,95145.454339,0.9579824234449154
-10.023277695214269,4.7870104565734835,103.3191331651819,95145.443712,95145.467935,0.9975227289679349
-9.57247039316706,4.629039440016555,103.10653740313379,95145.457045,95145.48148,0.9500802068748463
-9.25480335258738,4.312787276194289,103.19013660252509,95145.470378,95145.494393,0.9654036064404744
-9.0556746636091,3.8599790045786415,103.04553528358538,95145.483712,95145.5078,0.9698829414944193
-9.085542585090083,3.2970646610237297,103.11834963908555,95145.497045,95145.521843,0.9968114744747225
-9.33755599239709,2.685296931938663,102.83924042075144,95145.510379,95145.536609,0.9878685328503111
-9.892029821781197,2.0530767091779816,102.83456936170603,95145.523712,95145.549175,0.9484215414760495
-10.582332888204085,1.3888835123643355,102.44185679081943,95145.537045,95145.562045,0.9658889530102377
-11.46664967346474,0.7057299367879776,102.25882699957734,95145.550378,95145.575782,0.9987104837799429
-12.521208622643494,0.07032183561304492,101.92431101144793,95145.563712,95145.589671,0.9963349294589839
-13.752032796375904,-0.5618737028096084,101.54155992942951,95145.577045,95145.601225,0.915866841914806
-15.048936897303841,-1.2724259777158007,100.98105780382774,95145.590378,95145.616516,0.974149251354393
-16.43098990744271,-2.1235880419294446,100.92837562922755,95145.603712,95145.628724,0.9998490410314801
-17.81415027649601,-2.9846741331467124,100.73514595774435,95145.617045,95145.641252,0.9974466738160854
-19.19036555825575,-3.7984354811431564,100.33486561308091,95145.630378,95145.655901,0.9258745052287904
-20.603253618129628,-4.6868252980528275,100.08829516904018,95145.643712,95145.669053,0.9489964301802617
-21.93988247638416,-5.67042016705541,99.87148612726693,95145.657045,95145.681201,0.8418994099952853
-23.133759967585288,-6.670449503566917,99.53372413129125,95145.670378,95145.69482,0.9443266509509807
-24.215510802992252,-7.652791549875147,99.34426268524723,95145.683712,95145.70827,0.9266020227014493
-25.182972960776315,-8.602527658198508,99.35067627516092,95145.697045,95145.72129,0.9924009959291633
-25.920461734894467,-9.503082771409737,99.28595117851334,95145.710378,95145.735341,0.9269047430430148
-26.378428411748505,-10.35421577332621,99.30111958232759,95145.723711,95145.748961,0.9385884336960952
-26.59306582210517,-11.115434106911298,99.39357278995529,95145.737045,95145.761606,0.9723677156751327
-26.52680855628299,-11.67826918687101,99.36107281826273,95145.750378,95145.774601,0.9826795142087733
-26.312827514515128,-12.076557238054832,99.58982131455242,95145.763712,95145.788435,0.9581574393904039
-25.820995295198156,-12.282855749618355,99.67591958524277,95145.777045,95145.802822,0.9792197416911583
-25.17533819279706,-12.306832611597345,99.88257939313493,95145.790378,95145.81498,0.9723307009994441
-24.337783062678945,-12.120447943180809,100.09855640380702,95145.803711,95145.827601,0.968849019200894
-23.350080321806033,-11.765248177828216,100.4342440583368,95145.817045,95145.842442,0.9409179555323132
-22.124447294368665,-11.228816392074217,100.50052925300895,95145.830378,95145.854213,0.93755398162576
-20.892173519957247,-10.580916768618724,101.077211408396,95145.843711,95145.869788,0.9108177186434608
-19.466244319043042,-9.79541316743577,101.36796264630537,95145.857045,95145.882242,0.9473019798544443
-17.943823903156606,-8.923069811174019,101.71328982469217,95145.870378,95145.894083,0.9324016586248536
-16.324431638491767,-7.996666109559739,102.26639363771044,95145.883711,95145.907572,0.9506657559990491
-14.527147120780095,-6.998712543988008,102.59003036673815,95145.897045,95145.921107,0.9901823149197928
-12.65207265390985,-5.9475421400209205,103.07311019653592,95145.910378,95145.934275,0.9745476417906106
-10.668597917169816,-4.909621317035551,103.568206176586,95145.923711,95145.947716,0.9888058539623229
-8.556631297183493,-3.911948965938064,103.78600740665321,95145.937044,95145.96308,0.8554495834818806
-6.367328066863583,-2.9912741780666057,104.20017813169957,95145.950378,95145.975353,0.9959953857806753
-4.091483903396496,-2.1500031963346617,104.67682270822647,95145.963711,95145.996317,0.9717650430160116
-1.7156222905924272,-1.38502460671945,105.0901616476121,95145.977044,95146.000908,0.998362036794789
0.6947005059146566,-0.7122146494605628,105.57889743891737,95145.990378,95146.013901,0.9363057087197989
3.110550132917942,-0.1100334745996592,105.72473443367775,95146.003711,95146.027163,0.9464989322673435
5.551480119739718,0.3784873246894934,106.15679798273291,95146.017044,95146.041311,0.9426694794028052
8.003162259670514,0.7711378402962208,106.55194721585124,95146.030378,95146.055309,0.9988324939825816
10.467065231030217,1.081295137882304,107.02115544725426,95146.043711,95146.074324,0.9818354080273449
12.880681795814391,1.3465146001085282,107.51167714228866,95146.057044,95146.081614,0.9289834350756756
15.208890615577575,1.607780477706799,108.20319133707555,95146.070378,95146.094616,0.9685239029945264
17.401573922394647,1.8388527783999344,108.40494654830435,95146.083711,95146.108457,0.9888350430988962
19.606842619293783,2.049161231580421,109.19303561897271,95146.097045,95146.122463,0.9728745895086779
21.738945027893845,2.1996908536062554,109.72416093794614,95146.110377,95146.134593,0.9483317604721521
23.838324416065955,2.290704165062702,110.526166673747,95146.123711,95146.147714,0.9691766495243603
25.749996884607654,2.3600240575934617,110.87194857264811,95146.137044,95146.160614,0.862717804429439
27.635642493289502,2.4248749158144016,111.70541316925747,95146.150377,95146.175325,0.926108852842141
29.317993239710685,2.489732786656217,112.16171213330298,95146.163711,95146.190842,0.9593234765536456
30.893437007641598,2.577349950187544,112.7632700961401,95146.177044,95146.204839,0.9996744278476609
32.252188302985836,2.675740366596623,113.11799023218626,95146.190377,95146.215563,0.8885157533771799
33.56524641318357,2.8130183970012976,113.81104630245433,95146.203711,95146.227546,1.0
34.751449569494866,2.9800341819087315,114.54010627718512,95146.217044,95146.241219,0.955960920097196
35.71048593040646,3.153123981412549,114.93664241969873,95146.230378,95146.254582,0.9876407342190918
36.572583464189876,3.357907100477208,115.43932859462217,95146.243711,95146.268406,0.9041992505477403
37.262969815052415,3.601216949683307,115.72734798165105,95146.257044,95146.282574,0.9791658354524845
37.9620191109976,3.887005618955453,116.51342705198464,95146.270377,95146.295096,0.8096134305332827
38.37713856618983,4.263605920807413,116.86977419100351,95146.283711,95146.30958,0.935393968826219
38.6481707795424,4.704560037264777,117.22908753611486,95146.297044,95146.321833,0.9517781858637796
38.93591670533282,5.225703081921602,118.15149159916784,95146.310378,95146.335564,0.9529162058512592
38.756393805962816,5.700056226072991,118.04997541585122,95146.323711,95146.348711,0.8517204796179803
38.59938635900139,6.269317796260298,118.59380670006036,95146.337044,95146.360914,0.9456817633082112
38.22694680850362,6.874319454433997,118.92140686121469,95146.350377,95146.374512,0.970855439548215
37.537759391692845,7.463675443649412,118.70505286146602,95146.363711,95146.389337,0.9323336900991662
36.78533925032326,8.098049714692094,118.87281868670819,95146.377044,95146.400756,0.8914612561791677
35.7792319166565,8.743110281045167,118.59381951376544,95146.390377,95146.414583,0.9166622650417138
34.858793286063616,9.477071743164439,119.23493721191055,95146.40371,95146.434023,0.9072298415084769
33.50805554003635,10.172090799776738,118.9818482474866,95146.417044,95146.441119,0.9797530525257567
31.96604908177214,10.942919039788732,118.67006617658829,95146.430377,95146.454784,0.9796331427504962
30.411037422126217,11.83576748678644,118.89728487887007,95146.44371,95146.467462,0.9346809355463941
28.547372244085214,12.707594144498298,118.48527113046444,95146.457044,95146.480808,0.890182429823036
26.61555784854745,13.622723343227799,118.33352467276084,95146.470377,95146.495237,0.8443199673211672
24.582421136301726,14.559274758280178,118.31925703845165,95146.48371,95146.508067,0.9129211219165515
22.445591199227763,15.536444506450273,118.36466479868155,95146.497044,95146.521136,0.9069806394578392
20.233960401195965,16.549594737440046,118.51608187354613,95146.510377,95146.535018,0.9761469201291921
17.944469788165026,17.523656760188505,118.3856114815643,95146.52371,95146.547856,0.9502930133329832
15.62129357600735,18.503056302956953,118.4215350209113,95146.537043,95146.561152,0.9313593589427037
13.279963598166121,19.442191152186997,118.50667316395545,95146.550377,95146.575871,0.9617976831120585
10.910855056243399,20.34625588021626,118.58961528169847,95146.56371,95146.587698,0.9662207840519687
8.537780092120604,21.14371450701728,118.65790929031972,95146.577043,95146.600814,0.9484573928767932
6.182535763320166,21.91139243804402,118.6728080644522,95146.590377,95146.614384,0.9620728631015002
3.8653006022679977,22.539502264730697,118.58210714300337,95146.60371,95146.627381,0.9183514655152243
1.5951591444586366,23.028251469805006,118.30580951385416,95146.617043,95146.646464,0.9876081165397905
-0.6244801659619672,23.545946265174756,118.60135642429289,95146.630377,95146.654346,0.9722155613335499
-2.761516926330311,23.96236441631476,118.84859288881091,95146.64371,95146.669837,0.9814236338790228
-4.754745601388941,24.254946251801734,118.79637900513082,95146.657043,95146.682131,0.9992039347009191
-6.60840279762995,24.501007698161203,118.75201109111366,95146.670377,95146.695288,0.8038982731839643
-8.265495621093747,24.76733625206901,118.99149357971864,95146.68371,95146.708251,0.9805429659889366
-9.731416245214099,24.93130348355133,119.1366655508545,95146.697044,95146.721916,0.9822342993254836
-10.9042930546032,24.828860025769018,118.5721461568035,95146.710377,95146.734254,0.9380345306420219
-12.022715438505506,24.830982121455765,118.93489716956402,95146.72371,95146.748253,0.9919856776655107
-12.869237354248966,24.50431844903961,118.6450035031571,95146.737043,95146.761006,0.9960364390040368
-13.573035337390566,24.062946766562117,118.33570725904876,95146.750377,95146.774676,0.9455792526903319
-14.193986417068807,23.55128355053105,118.50920543762413,95146.76371,95146.787808,0.9195267974160594
-14.70919846518695,22.899357442832265,118.25936818142922,95146.777043,95146.801536,0.9491581830401734
-15.172898919588095,22.218122412596713,118.08409943437951,95146.790376,95146.814144,1.0
-15.594062807802995,21.445160344915568,117.90307823233788,95146.80371,95146.82896,0.9555617566071967
-15.931178171878031,20.576389624267193,117.69759582642786,95146.817043,95146.842316,0.988657913712236
-16.146011963644536,19.603638708637767,117.21737614306487,95146.830377,95146.855926,0.9541257650186129
-16.289762494625972,18.53433469119127,116.7748699072806,95146.84371,95146.868444,0.992259865372988
-16.45987374442075,17.498781257031474,116.95190873784622,95146.857043,95146.880744,0.9922329247843293
-16.461042398893905,16.260245505516984,116.58681701048556,95146.870376,95146.895493,0.9912762039311928
-16.360365085034584,14.967070619425659,116.11357177580743,95146.88371,95146.909305,0.9276240797160783
-16.201431976801448,13.604231826328084,115.69383345024792,95146.897043,95146.921161,0.9868428847153242
-15.9963547305213,12.257051499339102,115.70383749083513,95146.910376,95146.934331,0.922956694132671
-15.617443677995563,10.804639383266439,115.3800721096317,95146.92371,95146.948442,0.9647518368054149
-15.13369937307444,9.36454201562276,115.2261140289078,95146.937043,95146.96088,0.9635003929526988
-14.519503984469328,7.905639222654998,114.8711273786711,95146.950376,95146.982527,0.9147850997311626
-13.756252095164024,6.394431429228198,114.23445037216801,95146.96371,95146.98769,0.9040109325077651
-12.95551545065493,4.887561870108,114.33994198931912,95146.977043,95147.002452,0.9999863417094653
-11.948331867157744,3.3192712746652684,114.1975457131868,95146.990376,95147.015515,0.9759950804305567
-10.808890782039025,1.7610443689418085,114.15730507965331,95147.003709,95147.028943,0.9414213629503827
-9.4876873631103,0.20322393173307096,113.56841355517722,95147.017043,95147.041797,0.9799854490625994
-8.1808190214159,-1.3690765225688217,113.9833799030985,95147.030377,95147.0556,0.9797539149618265
-6.6443115582757395,-2.9315595846877716,113.59859523839815,95147.043709,95147.067839,0.9933689480915531
-4.990946370192001,-4.490105118093363,113.74797592148055,95147.057043,95147.08107,0.9532679637246847
-3.202059670631408,-5.924976951096789,113.63442882639762,95147.070376,95147.094274,0.9246406209844701
-1.3468919952433405,-7.262294350375343,113.79169732339112,95147.083709,95147.107778,0.9677818514919087
0.539187770640924,-8.542762992511035,113.8167145330184,95147.097043,95147.121138,0.9051360881596204
2.4521822432892453,-9.771824738862302,113.92760176804617,95147.110376,95147.13724,0.9223019069239942
4.443954701868465,-10.994279484446515,113.98495472689176,95147.123709,95147.154378,0.9524578304634448
6.52172200584296,-12.243224181609524,114.98555403891436,95147.137043,95147.162802,0.8671370602772326
8.56043048647569,-13.296914047216713,115.1139047253898,95147.150376,95147.174866,0.9542934213816192
10.57846683358968,-14.293229058646661,115.91446324058919,95147.163709,95147.187528,0.9845082209695419
12.49328026465073,-15.118288298900737,116.0407221815993,95147.177042,95147.200826,0.7970052260888296
14.363512143102895,-15.896680801614522,116.40430278757707,95147.190376,95147.214993,0.9912604128377658
16.209568043812656,-16.618343423551803,117.14819730978355,95147.203709,95147.227766,0.9433120711663855
17.935410597691327,-17.169604128181447,117.50428437293834,95147.217042,95147.241782,1.0
19.557652972355456,-17.63103632713048,118.01198474027053,95147.230376,95147.255331,0.9662357259058261
21.06280139660677,-17.997016086104615,118.67826436279393,95147.243709,95147.268261,0.9656013595023585
22.368843427831003,-18.249498844742504,119.20172249600228,95147.257042,95147.28319,0.9734655062008614
23.480539104022267,-18.416889826350605,119.65194295969003,95147.270376,95147.294496,0.9738934863870017
24.409862000986752,-18.526541239162686,120.12868691217032,95147.283709,95147.307593,0.9515766521751973
25.10039300958389,-18.56719737203416,120.35898405085491,95147.297043,95147.321906,0.9405479811107429
25.616492745992396,-18.55802399458816,120.63280197348705,95147.310376,95147.334654,0.9897665976274036
25.940230244994723,-18.45778425492827,120.74182067257168,95147.323709,95147.347703,0.9807949738005006
26.097680122645762,-18.265292604036503,120.71536702720249,95147.337042,95147.362041,0.9992713660848868
26.231018077946278,-18.06552238415304,121.07556995739436,95147.350376,95147.377284,0.9657923757892205
26.25853899657295,-17.82339840383348,121.42546955382798,95147.363709,95147.387723,0.9698060062868372
26.10840300272416,-17.438413720863554,121.36611402532172,95147.377042,95147.401413,0.9177221290920394
25.895327547747293,-17.019902882676924,121.66537522577079,95147.390375,95147.414166,0.9228987983964466
25.57078827696681,-16.561334687160965,121.94059170546869,95147.403709,95147.429363,0.9853808241687001
25.02369020470967,-16.03061506616086,121.72490387036125,95147.417042,95147.442201,0.9766992000798423
24.499995319859444,-15.589273959925961,122.32282617193971,95147.430376,95147.457432,0.9221830732042838
23.68231108757143,-15.062338716217836,122.01555526358366,95147.443709,95147.469197,0.9860012177752265
22.823928316505555,-14.625885263432197,122.3190515807383,95147.457042,95147.481392,0.8839922518619848
21.71819138577803,-14.12632217045869,121.90178525202374,95147.470375,95147.495116,0.9367168802207811
20.506235981915264,-13.676705149667542,121.70190439340969,95147.483709,95147.509013,0.9709262142195176
19.161220515789747,-13.265326514103291,121.4767503237822,95147.497042,95147.521229,0.9573646040126544
17.721503107758974,-12.924724013146484,121.59761567448147,95147.510375,95147.534202,0.9526792209921602
16.10354812393084,-12.614893484934585,121.42406315879634,95147.523709,95147.5498,0.8891756916205235
14.33208514727233,-12.281078746788927,120.67478517567068,95147.537042,95147.560994,0.9309125323463692
12.493313993300928,-12.003599912393465,120.11047766758603,95147.550375,95147.574794,0.9087852714268984
10.556874734519722,-11.855675729206181,120.02707532626953,95147.563709,95147.588706,0.9196445209968932
8.497434964353763,-11.71140378760148,119.66250890053034,95147.577042,95147.601631,0.8954240161281368
6.302685854247313,-11.60885623927097,118.77679189297409,95147.590375,95147.616548,0.8866502444942829
4.068864094921775,-11.796219558726223,119.51050750061096,95147.603708,95147.627596,0.8624944940273306
1.8335431261748534,-11.935770264963601,118.66788633112598,95147.617042,95147.641612,0.9336069721060951
-0.42756578107206467,-12.163265842833193,118.19356240103154,95147.630375,95147.654329,0.945206638483317
-2.6820932544687492,-12.333351150235346,117.36252879366958,95147.643708,95147.667686,0.8933233824371947
-5.004136633899779,-12.656655378059769,117.49798865950349,95147.657042,95147.681011,0.8219462074149775
-7.296766927356074,-13.082050420978279,117.50536785022958,95147.670375,95147.695877,0.8750379705364292
-9.50813708028657,-13.570883670145156,117.55264016756331,95147.683708,95147.708509,0.8393348537853875
-11.49053634901405,-13.956569786140765,116.24583381484503,95147.697042,95147.721743,0.9042000274390555
-13.445563052445587,-14.42890903990304,116.14107265239771,95147.710375,95147.734188,0.8046675803558677
-15.273968013953484,-14.926939690102834,116.07177957324723,95147.723708,95147.748593,0.9801123366790908
-16.88153352197919,-15.391456322323558,115.56891109207558,95147.737042,95147.760849,0.8148419462425572
-18.346347250196615,-15.840822024469592,115.26144943978309,95147.750375,95147.774572,0.939821211033133
-19.667276037496887,-16.27959091239059,115.16184204214856,95147.763709,95147.787422,0.9768938425391631
-20.74607173389796,-16.606951276518636,114.63976973491802,95147.777042,95147.802128,0.991857407600182
-21.779037736245517,-16.928796866315405,114.54073063497786,95147.790375,95147.81753,0.97650480662804
-22.632580230421453,-17.188369701869384,114.42680612415872,95147.803708,95147.828486,0.948161912962232
-23.3057980390119,-17.39625373946034,114.19570765657058,95147.817041,95147.841527,0.9818160623959058
-23.77968321630537,-17.554826957936204,114.09162477050067,95147.830375,95147.854772,0.880903295322564
-24.074329649073682,-17.63453555047631,114.00224068627925,95147.843708,95147.868398,0.9769243822619537
-24.154140188280817,-17.638823884859015,113.8419344702947,95147.857041,95147.883207,0.9911986738321104
-24.023392257011512,-17.590576292260188,113.68496660141219,95147.870375,95147.89547,0.9361379714012233
-23.73951601001754,-17.521338134869904,113.98741795699189,95147.883708,95147.909318,0.9655215501760166
-23.130809276515897,-17.31902937846028,114.15774708251783,95147.897042,95147.921874,0.9397198147150693
-22.284801351464502,-16.93185125605479,114.17818047488596,95147.910375,95147.933947,0.9698174503619504
-21.29229100565767,-16.451371883260784,114.26764806229458,95147.923708,95147.948968,0.9710231566464381
-20.18669783697296,-15.931830490202767,114.6333306926283,95147.937041,95147.961285,0.9078652835536128
-18.924955758343515,-15.384613264643079,115.12787206399334,95147.950375,95147.974462,0.9541087860613185
-17.407793169264455,-14.705397329326697,115.34901454757458,95147.963708,95147.987259,0.9063524154575879
-15.791949637354417,-13.944511165084492,115.9472853847103,95147.977041,95148.001459,0.9584344836511297
-13.952401196859874,-13.004812821986128,115.92836050812214,95147.990375,95148.014318,0.9522013440628495
-12.110135158253987,-12.07129955158227,116.68023935774144,95148.003708,95148.027357,0.8488809830874626
-10.13132745868294,-11.091389575544714,117.25800992544377,95148.017041,95148.042539,0.8342130640565102
-8.064809323695608,-10.07835187321312,117.92750980963717,95148.030375,95148.054772,0.9782308619020023
-5.8640290205970915,-9.03655067659288,118.21322896318212,95148.043708,95148.067764,0.9584301434797432
-3.6712491645901384,-8.066182896988174,119.36331903206762,95148.057041,95148.081145,0.8894287664599899
-1.387214392945106,-7.098450712346094,119.85950677446417,95148.070374,95148.095583,0.954265316130634
0.9065756334018905,-6.193368564379293,120.41005722525784,95148.083708,95148.108447,0.9454594512118079
3.2129873790854373,-5.360581969857405,120.84111173312684,95148.097041,95148.121303,0.9828005960554128
5.516976811767659,-4.6118968005967975,121.58527916298706,95148.110374,95148.134298,0.9841421453895469
7.816688420392292,-3.955801273903038,122.43840957316546,95148.123708,95148.147482,0.9751817650714473
10.114848001348523,-3.350062608399403,123.20671139802461,95148.137041,95148.160607,0.9760439465149452
12.333722662105085,-2.7924936816868327,123.52787793835952,95148.150374,95148.17486,0.9443304048797786
14.520271964354595,-2.3035937268635,124.35887832657806,95148.163708,95148.187566,0.9009385419686425
16.666311602302496,-1.8509843665307926,125.15322486318243,95148.177041,95148.202585,0.9402284586409703
18.774738224148184,-1.4909934580968072,125.98551002674817,95148.190374,95148.215897,0.9964334075884639
20.7849104143652,-1.1954728898929095,126.53281832193099,95148.203708,95148.227846,0.935008853595855
22.75811526826357,-0.9967946081185013,127.39164877422284,95148.217041,95148.241342,0.9086902556733024
24.555599704663237,-0.8406106990983466,127.76545023878987,95148.230375,95148.255367,0.8110037470498218
26.236723631219494,-0.6921855397199577,128.10875794920318,95148.243707,95148.26893,0.9276131161445796
27.849894293408802,-0.5665124802353054,128.56778480450595,95148.257041,95148.281983,0.9533187959521655
29.3210951003301,-0.45526329604792243,128.85785782945004,95148.270374,95148.296034,0.9390238846177696
30.68913669702706,-0.30051000142202544,129.1502522202161,95148.283708,95148.308208,0.8930674110960648
31.970494724405953,-0.1868486163711076,129.496705933698,95148.297041,95148.322584,0.9852072038919845
32.96704757487908,-0.05871442323286133,129.28557395205056,95148.310374,95148.335432,0.9799052722336954
33.990788578464695,0.07781734000221534,129.51459192158245,95148.323707,95148.348766,0.9421838463258122
34.93011230959296,0.20867766665418855,129.8174708305822,95148.337041,95148.361184,0.9699491946338132
35.74642541437683,0.328530774800098,129.97090173391462,95148.350374,95148.374359,0.9517781858637796
36.416040541746014,0.45328045376846204,129.92697429157246,95148.363708,95148.388067,0.9431025336462139
36.91531745535942,0.5195261538484173,129.5028640217375,95148.377041,95148.401287,0.9194698754391852
37.488353086991935,0.6702745797033424,129.61674625814774,95148.390374,95148.41436,0.9859162875293309
37.931003521929256,0.824096926070717,129.27584618630476,95148.403707,95148.43256,0.8746446970353774
38.530190623995544,1.0010556012005978,129.5694662623452,95148.417041,95148.440955,0.9785843970916944
38.96004965076111,1.1622069369471328,129.29198986110381,95148.430374,95148.454105,0.9721914072296686
39.34260561127206,1.2851486796202365,128.90908508782246,95148.443707,95148.467477,0.9853764196639531
39.6976125807071,1.3574306136870922,128.4444657059531,95148.45704,95148.481386,0.8846297436482922
40.05139026783715,1.3711562463976454,128.04585767996025,95148.470374,95148.501398,0.8188311387624183
40.26476130853544,1.3526279449441654,127.19968906889595,95148.483707,95148.513878,0.9057420105413877
40.66027588141661,1.2419274981210635,127.03332107737334,95148.497041,95148.528374,0.9114906911879207
40.971142716069814,1.0944808747995474,126.67607438240469,95148.510374,95148.534264,0.8208860625852791
41.06498624913147,0.8922018519264826,125.75047715913423,95148.523707,95148.547782,0.9946183756394166
41.171231379180796,0.696875105085754,125.01131262080393,95148.53704,95148.561106,0.9679429243226793
41.1182478516885,0.43864682509222763,123.92128707447695,95148.550374,95148.574924,0.9670724848761195
41.10427101598792,0.20161591362218617,123.22333508348129,95148.563707,95148.587868,0.9791658354524845
40.8045765788861,-0.027195348871728378,121.81106954637548,95148.57704,95148.602076,0.9444906467299304
40.66425334980594,-0.27313432579701025,121.10842953005329,95148.590374,95148.616696,0.9675714118936147
40.28349441737445,-0.5018190858438815,119.9086491954653,95148.603707,95148.628755,0.9320351359985638
39.74023213930604,-0.7416703683306118,118.39565160138095,95148.61704,95148.641308,0.8261084725180887
39.25933017298171,-0.9509188436536844,117.41065313696465,95148.630374,95148.654906,0.9603216371140528
38.505037511567984,-1.1706512240747076,115.83702379635056,95148.643707,95148.667467,0.9537053930609478
37.66284197677231,-1.3596148928317877,114.21568043154458,95148.65704,95148.680821,0.9675714118936147
36.83097895512875,-1.5334393616235868,112.87259022694428,95148.670373,95148.694295,0.9967182976022159
35.87101655867077,-1.6973209571312742,111.2947527103374,95148.683707,95148.709116,0.9584263401831404
34.78345824560728,-1.8509930663225822,109.44834813625997,95148.69704,95148.721505,0.9378413632401982
33.66474564373635,-2.002225967323993,107.74238382239234,95148.710373,95148.73611,0.9358689097619638
32.45062178478851,-2.1572183501229083,105.93466063738003,95148.723707,95148.747735,0.9925064472421109
31.166939455829564,-2.324769448035663,104.12666211790422,95148.73704,95148.761027,0.890039155013221
29.803743240176978,-2.5189709279832995,102.20972083227129,95148.750373,95148.774996,0.995544504376155
28.42325833645347,-2.772835051867521,100.39827352924256,95148.763707,95148.78734,0.916916156362848
26.977861895059775,-3.073245909876409,98.54931979769998,95148.77704,95148.801844,0.930358801652537
25.485190280923675,-3.418776323556782,96.63471376552441,95148.790373,95148.814749,0.9549601942190935
23.97591728031843,-3.817289006964487,94.54801338215488,95148.803707,95148.836585,0.9275162932666106
22.523565670972562,-4.2567277762684705,92.67316271990289,95148.81704,95148.849282,0.9914522471792082
21.043440519530545,-4.7661380158664075,90.62182199218094,95148.830373,95148.861993,0.9445780201308404
19.608555440314067,-5.318777558299686,88.73775836177309,95148.843707,95148.868939,0.9914474953023725
18.238202133779378,-5.863457824459228,87.01150154740282,95148.85704,95148.887459,0.9497885435814926
16.94764536812635,-6.312807145281018,85.4093569039683,95148.870373,95148.904518,0.9853953203906834
15.693730560744578,-6.692820169618923,83.795493370457,95148.883706,95148.910113,0.9422666123806925
14.48772912954721,-7.009753428508332,82.35128789626164,95148.89704,95148.932092,0.9855478791997989
13.322599538052481,-7.3342900577998345,80.87733654493236,95148.910373,95148.937763,0.9504924555568002
12.250713053242013,-7.709267042275086,79.50438523441586,95148.923706,95148.957437,0.9930996572514702
11.33663176309698,-8.145813404288582,78.43971901792348,95148.93704,95148.967884,0.9998102398226313
10.520962331708905,-8.562145388980015,77.39365058978048,95148.950373,95148.982399,0.9595394456180553
9.79356211507201,-8.947521665133657,76.54326240971517,95148.963707,95148.988683,0.9970079476269196
9.120910002497995,-9.307932519744725,75.71196046649352,95148.97704,95149.002679,0.9803781801449836
8.534838309117731,-9.674373404685007,75.1329136590499,95148.990373,95149.01619,0.9973203783032546
8.024512299230539,-9.995569879931692,74.52980202348891,95149.003706,95149.028441,0.9862845169157538
7.577512746041554,-10.255561826375457,74.16388649632178,95149.01704,95149.041874,0.9694723830387496
7.147515620854347,-10.41182796930508,73.77792683157514,95149.030373,95149.057788,0.9975642315698002
6.742727891966955,-10.525466893964465,73.50882040545933,95149.043706,95149.067955,0.9998043708447305
6.3795169143418144,-10.614214155326902,73.44043880554626,95149.05704,95149.081689,0.9587399762444666
6.0787715558222954,-10.601713641344231,73.4120706758969,95149.070373,95149.094935,0.9783689965984185
5.816899724757256,-10.471456451366741,73.52692201836933,95149.083706,95149.109888,0.9927307483370398
5.586583073549085,-10.24381736889276,73.76683532735238,95149.09704,95149.122774,0.9945572366727147
5.4034423094793755,-9.906760964601547,74.04193970698934,95149.110373,95149.135687,0.9848681588638548
5.28458754206149,-9.46980247906456,74.51481868696685,95149.123706,95149.151828,0.9707979243276568
5.245811820800981,-8.928096594118932,75.16882276491076,95149.137039,95149.170125,0.9847943431437167
5.246512670425682,-8.24996443555965,75.84702693457848,95149.150373,95149.174676,0.918008779735308
5.275126710553053,-7.464700410385718,76.6341950945723,95149.163706,95149.194486,0.9890678354055993
5.340822929477561,-6.609571155649716,77.67609111604334,95149.177039,95149.205169,0.9326547290425686
5.461676590141299,-5.638714103091147,78.7159645073592,95149.190373,95149.21842,0.9952802147176746
5.646914222630804,-4.553667673284894,79.94856285641751,95149.203706,95149.230226,0.8991069949911165
5.879872649765881,-3.3568907544124196,81.34215904178028,95149.217039,95149.242364,0.9901767187770117
6.1671354725015295,-2.091426496781705,82.80149997584607,95149.230373,95149.255221,0.9451580309213821
6.508198981329038,-0.7943011279091859,84.45018656042508,95149.243706,95149.268895,1.0
6.897050737745632,0.4900162435123915,86.07478697264666,95149.257039,95149.282876,0.9996748794495384
7.330923966095787,1.7464715255202885,88.02918762629125,95149.270373,95149.306554,0.963025653929374
7.775525444566193,2.9421644685461183,89.98518054065569,95149.283706,95149.315824,0.9796561209581612
8.242109296511018,4.053135505049663,91.78320635445176,95149.29704,95149.328309,0.9707568397419045
8.739754892557873,5.096402317570135,93.78619199459229,95149.310372,95149.344127,0.9900849114149687
9.261572109544874,6.085289010775035,95.98153711882513,95149.323706,95149.348647,0.9615633762285503
9.795607824170018,6.986993603330556,97.81434197687196,95149.337039,95149.36956,0.9808794096867295
10.358019039178963,7.87526017000061,99.8848002074286,95149.350373,95149.376608,0.9609189932476218
10.97443668811879,8.702100176882208,101.98651484076913,95149.363706,95149.396172,0.9696927101574693
11.599472523267899,9.444725337358067,103.75814894987693,95149.377039,95149.402329,0.9507984130414395
12.281973762560678,10.164219021664765,105.70867886960929,95149.390372,95149.42165,0.9275958588599333
12.997935446182442,10.901387618920156,107.72561143477198,95149.403706,95149.431188,0.9742984582925274
13.723643127149208,11.567394411802404,109.39339020202418,95149.417039,95149.441171,0.9922506267685962
14.537184763146154,12.230616079402543,111.42644388253073,95149.430373,95149.454586,0.9274303984433718
15.363493916856289,12.802808715486167,113.15179664894839,95149.443706,95149.47034,0.9437755286582064
16.193672024216333,13.322958038654509,114.66738592041611,95149.457039,95149.481322,0.8810898044122235
17.07780709546677,13.817839441284816,116.43653268347303,95149.470372,95149.497561,0.9859255946812928
17.95587319108591,14.237768064079848,117.89261823852405,95149.483706,95149.511942,0.9284932306948177
18.835423740400355,14.530527186366461,119.09961352504094,95149.497039,95149.521803,0.9975883944901264
19.745483700087348,14.741788871652249,120.35503560075745,95149.510372,95149.534228,0.9807949738005006
20.661617316942365,14.901915872619995,121.63049646361254,95149.523705,95149.548014,0.9931392600528164
21.516101679722464,14.897445256160346,122.39068804937133,95149.537039,95149.560799,0.9179148414417432
22.391280472354712,14.869962765875062,123.55691465268353,95149.550372,95149.576012,0.9929015687301205
23.18391908529872,14.745903399184424,124.31520609873782,95149.563706,95149.588582,0.8183252702709541
24.010604506045592,14.651900840518163,125.43879117148204,95149.577039,95149.608218,0.9733282866118961
24.58927259881317,14.429653640314331,125.56075248080197,95149.590372,95149.622867,0.946737857595069
25.276651013955647,14.30316860593487,126.71427693533415,95149.603705,95149.635579,0.8580099258003964
25.78835456947829,14.075505971230744,127.15328583963502,95149.617039,95149.649144,0.9702650859261777
26.22451407530837,13.892625083037226,127.66252132185627,95149.630372,95149.654325,0.9702650859261777
26.629325955417244,13.7994258729071,128.4790976621647,95149.643705,95149.668394,0.9694079927584512
26.94203194509036,13.726803478005852,129.2221959611301,95149.657039,95149.681736,0.9837232162737254
27.051778811861883,13.622750743679736,129.3633255895486,95149.670372,95149.695623,0.8486372121239061
27.08388096811471,13.528699059287153,129.56836436613074,95149.683705,95149.708251,0.8432767008123092
27.105821575065463,13.55046630155269,130.11540350062262,95149.697039,95149.721114,0.9283445314583718
26.938479636471822,13.570550752529307,130.2200159346719,95149.710372,95149.734102,0.9569438423735233
26.80508712761078,13.704351536980033,131.0047589139916,95149.723705,95149.747502,0.9799052722336954
26.31255510528863,13.753686161838571,130.5210559093858,95149.737038,95149.762543,0.9863998795351151
25.772942808323606,13.866027919840787,130.4435789077042,95149.750372,95149.775811,0.9464647284398474
25.11047885899096,14.019815717918108,130.40626430945338,95149.763705,95149.787974,0.8932741959694761
24.32044400282944,14.188509415283605,130.33995969158963,95149.777038,95149.801975,0.9455792526903319
23.311968315750846,14.362848290081416,129.74132110284353,95149.790372,95149.814115,0.9570253200963991
22.25552866858299,14.60932307302089,129.78529717251382,95149.803705,95149.828397,0.97048245614432
21.000437249658855,14.825562972982814,129.39000329496574,95149.817038,95149.8409,0.9702650859261777
19.582699252478776,14.995348735828612,128.6292513245438,95149.830372,95149.860858,0.8895274283738428
18.068705873040322,15.185046927418222,128.18290158279655,95149.843705,95149.867616,0.9897824493698105
16.37028475818363,15.313259864773652,127.2915411864802,95149.857038,95149.880987,0.9853808241687001
14.58676032536615,15.535182374823004,127.11798421695502,95149.870372,95149.896056,0.949767085252869
12.65986181303355,15.633800570825734,126.35202553067315,95149.883705,95149.910172,0.9180074433995592
10.670373324365487,15.65250627897281,125.71708425559831,95149.897039,95149.921378,0.9649173648509817
8.632304538914868,15.553652514539602,124.91391953927156,95149.910372,95149.935799,0.944924118898954
6.52801994390259,15.485110388025468,124.1167674463266,95149.923705,95149.948,0.9192732989286302
4.382405508827508,15.511859906711228,123.75476546421665,95149.937038,95149.960805,0.9718706964883028
2.239374495181141,15.479585981595951,123.29031680467834,95149.950371,95149.975,0.8819054045162293
0.1836144493385172,15.3593915262918,122.53365047881248,95149.963705,95149.988313,0.9341108330316619
-1.8373987461837344,15.335883392171773,122.26941045288899,95149.977038,95150.001761,0.9560115832196188
-3.8370434809251197,15.342090107368968,121.67991593262882,95149.990371,95150.01736,0.8678997865954161
-5.822342920251335,15.355631619389927,121.34554492346888,95150.003705,95150.02851,0.9766638826746626
-7.765464183364578,15.352779708751346,121.00277348592054,95150.017038,95150.042899,0.9856571402618644
-9.589196411379334,15.305006799100964,120.40738424631269,95150.030372,95150.054487,0.9022426877064916
-11.314419220618698,15.289195267901897,120.0026117206973,95150.043705,95150.067355,0.9807941170247246
-12.874517180094825,15.210164227628216,119.39907758878998,95150.057038,95150.081994,0.9790093447760477
-14.287998628857366,15.076364906246761,118.80747515613369,95150.070371,95150.094183,0.9343997746119036
-15.625720444226678,14.90662580496463,118.74085760533418,95150.083705,95150.108541,0.9474600986327728
-16.70151232154073,14.639055002427465,118.18630862179583,95150.097038,95150.121307,1.0
-17.62866043575081,14.391801541621735,117.89545698741453,95150.110371,95150.134391,0.9623243877065407
-18.387746045312948,14.215811204740335,117.7156842380337,95150.123705,95150.148444,0.9652657477515303
-18.85082327122394,13.995326679587777,116.98822977219439,95150.137038,95150.16103,0.9819263660929164
-19.148632744153304,13.810152685454542,116.34022383012193,95150.150371,95150.181849,0.988427311206471
-19.395920493027134,13.747284284104058,116.24058736306223,95150.163705,95150.188196,0.9910496817605148
-19.40621055214308,13.669743098612308,115.78634217353513,95150.177038,95150.201365,0.9362720091671407
-19.294546822299985,13.63112151299191,115.40094133942667,95150.190371,95150.214869,0.974785708093705
-19.062848358851614,13.632225951234991,115.11384420146362,95150.203704,95150.234235,0.970272823209627
-18.60900439835515,13.595088685063258,114.48637896164672,95150.217038,95150.241108,0.9892043037803745
-18.037729350762042,13.557607160789942,114.21140439300238,95150.230372,95150.254363,0.9740086976446343
-17.240988645202897,13.488231655552394,113.64809257273723,95150.243704,95150.269034,0.989845335537487
-16.349781918609587,13.45063661456298,113.39122985016516,95150.257038,95150.282388,0.9800372216662518
-15.23674499672139,13.311861801686378,112.81643667092861,95150.270371,95150.294893,0.9939411958072082
-14.026158832474223,13.156168396410452,112.39739927887062,95150.283704,95150.307891,0.9619241242989871
-12.650933983004762,12.944845066747947,111.9113992782926,95150.297038,95150.327339,0.9595114828204602
-11.126950325819411,12.723634639887306,111.50067491191832,95150.310371,95150.335476,0.9478875887299737
-9.449550034413457,12.475415043521583,110.88245233674317,95150.323704,95150.348161,0.949755442658537
-7.735791953423345,12.245973923982236,110.61463750778971,95150.337038,95150.360601,0.9329525474012149
-5.928772677471645,11.960582086857434,110.06987718578344,95150.350371,95150.375199,0.9317305068389644
-4.086794013055901,11.63992007394808,109.47173835050246,95150.363705,95150.387642,0.9865340998232978
-2.2513163210319687,11.353170738449146,109.15104164928448,95150.377037,95150.401864,0.9749475203069619
-0.37446018300416595,11.039870092921271,108.5486359383528,95150.390371,95150.414256,0.9945205732906051
1.4846553411347154,10.77971212252125,108.06460898696875,95150.403704,95150.428924,0.9844280050966132
3.2969347338368875,10.618193094904129,107.8763161559236,95150.417037,95150.442701,0.9945771194533278
5.109407808652417,10.456183313297455,107.44383970474541,95150.430371,95150.454258,0.9946714890371674
6.915827402616641,10.393249380218192,107.0771062801517,95150.443704,95150.467964,0.91954137286194
8.677615961510927,10.410643316951534,106.81886538777488,95150.457037,95150.481496,0.9616651532414964
10.380039702141344,10.32127322567864,106.32881440333577,95150.470371,95150.494117,0.956602017808506
12.054255319954196,10.127986001005413,106.02645994471145,95150.483704,95150.507853,0.9531625538801262
13.631700427311594,9.92841647036297,105.54374427281446,95150.497038,95150.527623,0.968670294609328
15.129042227780271,9.780809711234715,105.11782618867058,95150.510371,95150.536407,0.9891955812648945
16.522049834551236,9.765366166830452,104.94050704776089,95150.523704,95150.549015,0.9868891065783185
17.761138698645222,9.882230091004592,104.5569877893743,95150.537037,95150.563143,0.982096778209241
18.90909345574878,10.191494676848492,104.44727325366198,95150.550371,95150.574494,0.930279414636234
19.943106550013436,10.683151074331015,104.63269957659145,95150.563704,95150.589908,0.9430376066982801
20.785513719258347,11.315464013314468,104.9002250524813,95150.577037,95150.602066,0.9702650859261777
21.494890886135682,12.08642753647832,105.47825884561959,95150.59037,95150.614788,0.910991853523622
21.98588447586848,12.973268953022549,105.87466101378263,95150.603704,95150.628882,0.8372375849144346
22.395866141872123,14.085040671012203,106.95460283790129,95150.617037,95150.641602,0.9968391003098
22.540553859308698,15.256833029815386,107.70117266792981,95150.630371,95150.654761,0.9560806100320516
22.52258301429705,16.537173513336477,108.67870747650194,95150.643704,95150.6675,0.9236164464459061
22.308631802483497,17.90763758113691,109.70429803500417,95150.657037,95150.680952,0.8827841963190886
21.966523061649486,19.315431693715183,110.96987013088523,95150.67037,95150.694236,0.8377603570141136
21.500348850039877,20.73079385708852,112.51192444450811,95150.683704,95150.707764,0.8523722466203658
20.834958446289452,21.99406077260309,113.7590232143405,95150.697037,95150.721617,0.9571988610418174
20.065884113609098,23.12808418097462,115.07635815645713,95150.71037,95150.736173,0.9419099588313392
19.18560189279398,24.105889037473506,116.297864888201,95150.723704,95150.748177,0.8465930796574052
18.215232310207664,24.979825196952373,117.50656350418302,95150.737037,95150.761568,0.9580156148044042
17.193774653966653,25.84588593564148,118.96593109703025,95150.75037,95150.774473,0.966669370939511
16.058579866745877,26.555565884948358,120.00414743665529,95150.763704,95150.788142,0.9791983609474746
14.815887362122062,27.09826329794478,120.64426933241954,95150.777037,95150.801603,0.9876859068240839
13.59646937975759,27.638376152391753,121.93497160369692,95150.79037,95150.815263,0.9725857734680176
12.303726494943172,27.9209838978856,122.74182824378464,95150.803703,95150.828997,0.9661427739951527
11.002365635398439,28.038000822019374,123.22027237599555,95150.817037,95150.841353,0.9397607503445917
9.728842768499012,28.17280450944295,123.84045276865005,95150.83037,95150.854164,0.8993834354727546
8.46846826185331,28.130567754308956,123.76978148620313,95150.843703,95150.868394,0.9129675826021505
7.236263209488279,27.83587499011021,123.39279937572182,95150.857037,95150.881516,0.9727373861990699
6.079904491909936,27.519843533455894,123.85459686043616,95150.87037,95150.894477,0.8820073607021264
4.962598602333966,26.72146074742343,123.07130450263895,95150.883703,95150.907726,0.8937120993829596
3.912606254637522,25.74863377412669,122.3755795671378,95150.897037,95150.921593,0.9077920254197025
2.9335078872420133,24.561602763156547,121.46844415500948,95150.910342,95150.934539,0.9966712815503134
1.9808000452643473,23.36585683761855,121.20477956620519,95150.923676,95150.949157,0.9594837423557367
1.0690088264343394,21.79214954175977,119.89744650790294,95150.937009,95150.961449,0.9221515663075727
0.1857474132104354,20.081480539776113,118.86244185449547,95150.950342,95150.975464,0.8536566813190865
-0.6654702126356989,18.201305602533843,118.03444746629467,95150.963676,95150.987816,0.810764733810625
-1.4349089521829892,16.09835728950923,116.81929216301208,95150.977009,95151.001066,0.9855549443287479
-2.1461871525256364,13.848490073860395,115.679797965107,95150.990342,95151.015643,0.9524574898810488
-2.812043253918073,11.464784888552932,114.92680514409592,95151.003676,95151.027825,0.8938248776486142
-3.367364860871419,8.959880964914769,113.73114956906264,95151.017009,95151.043694,0.9920966857658495
-3.8385473489372814,6.430486339760256,112.77154880222756,95151.030343,95151.054738,0.9250850295579408
-4.26110546657562,3.906027103207709,112.22916317526997,95151.043676,95151.069213,0.9931696942905464
-4.609246930748158,1.3676210889805067,111.46309381595557,95151.057009,95151.081162,0.9359780446367636
-4.909501268339311,-1.1252965630485265,110.47626883044585,95151.070342,95151.094045,0.9557970505088865
-5.18185626206118,-3.605478447986892,109.79011323969567,95151.083676,95151.107691,0.8959774629969633
-5.365002591655118,-6.033247708593268,109.4993142289545,95151.097009,95151.121018,0.9953372578017629
-5.416911923612648,-8.30102217407294,108.85452677383194,95151.110342,95151.134648,0.952143720405469
-5.394160283406962,-10.355367206940052,108.2362728612548,95151.123676,95151.147825,0.979603906456294
-5.323529604018535,-12.34384545817514,107.54467353178833,95151.137009,95151.162627,0.9487514247516936
-5.19385084579823,-14.341127529807956,107.3061902791665,95151.150342,95151.175513,0.8129634567697925
-4.8925456607138,-16.20641125499874,106.60630600086263,95151.163676,95151.188337,0.959138294977844
-4.508351854912919,-17.944359420167945,106.15439225879747,95151.177009,95151.201022,0.9289043223721195
-3.9893894958127376,-19.427766908420047,105.59502224314541,95151.190342,95151.214273,0.9608689300544746
-3.364984473610562,-20.784043294757044,105.0187080861008,95151.203675,95151.227541,0.9454571934182614
-2.579959856610837,-21.918759917163467,104.4533103395922,95151.217009,95151.241687,0.9939714258651692
-1.5863842943640756,-22.881612986146305,103.97386685641654,95151.230342,95151.254272,0.9949420812872911
-0.3253697890058133,-23.601887959288042,103.58070003557889,95151.243675,95151.267321,0.9207454291895428
1.1253553396243974,-24.05183352574698,103.28898739956624,95151.257009,95151.282801,0.9307003564532634
2.6925007236180427,-24.27852390217087,103.09476943504615,95151.270342,95151.295562,0.9308519225150207
4.327398297428771,-24.24146310101746,102.68210383940992,95151.283675,95151.308389,0.9952353643627687
6.012870918009407,-24.017707179430044,102.22087393330109,95151.297009,95151.322546,0.9858186515847857
7.787960568254368,-23.665643789343196,102.1065951648165,95151.310342,95151.334398,0.937513740777029
9.605156680531588,-23.082956895284866,101.97399069440995,95151.323675,95151.347701,0.9507263981176511
11.437133405514887,-22.297565680506544,101.89391353447122,95151.337008,95151.362104,0.9924531242193664
13.235316849707935,-21.351690258562265,101.78810582115982,95151.350342,95151.374129,0.9876597172088825
15.00581277724751,-20.34976601714466,101.79926888113113,95151.363675,95151.388376,0.9365714494478034
16.74516272448787,-19.382552252992117,102.01398215773013,95151.377008,95151.401425,0.9952773675460668
18.388627621541456,-18.377899157748754,102.18812917961101,95151.390342,95151.416097,0.9215906066104537
19.906491314570538,-17.365076334340426,102.48649268357997,95151.403675,95151.429197,0.9388972666619889
21.256159310560946,-16.319565559433748,102.81532411331625,95151.417008,95151.44366,0.982314616981105
22.463644293727434,-15.28739030077414,103.25399705507624,95151.430342,95151.455301,0.921258186260754
23.438835161433015,-14.24956330190124,103.52574157532725,95151.443675,95151.470935,0.9553148705489433
24.204033972966226,-13.236442856715476,103.9146088481073,95151.457008,95151.487724,0.8489080773340284
24.623479113413378,-12.262282674448617,104.07733017213555,95151.470342,95151.494762,0.9502295174590463
24.773957391219856,-11.291599627676009,104.45955587083732,95151.483675,95151.508879,0.9764822806894354
24.52979114538298,-10.257757308074613,104.50415602379843,95151.497008,95151.521494,0.9365137812681726
23.85584227999892,-9.158294218392161,103.90465595903984,95151.510342,95151.534606,0.955327286621014
22.97590612491207,-8.18707337805413,103.62602100291856,95151.523675,95151.548965,0.8542045343865189
21.675496375223084,-7.282266894977281,102.92225335075203,95151.537008,95151.561034,0.957176992270183
20.12546571182919,-6.533204829086017,102.49933971226882,95151.550341,95151.574277,0.9956756732178057
18.19808074225798,-5.90617959261091,101.61873066063119,95151.563675,95151.587741,0.9829505400035068
16.10800028169666,-5.469195825192537,101.58816180919152,95151.577008,95151.601325,0.9716275099101966
13.509618719413176,-4.980849445958298,99.92694150182521,95151.590341,95151.61447,0.9300827346596127
10.95017382986821,-4.620890014155757,100.36891882358,95151.603675,95151.627556,0.7733706922693603
7.969219060049789,-4.201480384004126,99.31906750528972,95151.617008,95151.641688,0.9453171924506133
4.992487387412624,-3.867458891465578,97.76597985259389,95151.630342,95151.654215,0.7383328512783369
2.15849700797089,-3.69931538643835,98.17404726072326,95151.643675,95151.667887,0.9163003948388707
-0.6685274408885921,-3.5714358581114385,98.4847865141577,95151.657008,95151.680876,0.8877123606074249
-3.3625861603605203,-3.4853666481950314,99.13862232403322,95151.670341,95151.695457,0.8989437600682638
-5.9711741502071956,-3.5620364666310764,99.85696609370576,95151.683675,95151.707965,0.8923700969007758
-8.294953506300464,-3.7909855414862488,100.21408446097898,95151.697008,95151.72323,0.9332895414120842
-10.359257166592228,-4.0720511458326705,100.81578158148791,95151.710341,95151.735016,0.9665269934598777
-12.115728069701584,-4.307304351440072,101.13475942873762,95151.723675,95151.747714,0.9963786549583615
-13.593643864617079,-4.551181442538922,101.46670198903949,95151.737008,95151.762311,0.9821407095093438
-14.802568487115437,-4.905015528049382,101.90727302129882,95151.750341,95151.777144,0.9961706049288279
-15.59047064109933,-5.377322535541466,101.85362233110908,95151.763675,95151.789546,0.966041888251776
-16.10731780111402,-5.898060247008671,102.00161346879948,95151.777008,95151.802591,0.9305630816532295
-16.319417777241785,-6.387151554318254,101.93550451048971,95151.790341,95151.817995,0.9771728119021432
-16.214924832975946,-6.856873789736725,101.76588770722178,95151.803674,95151.829763,0.9646334628494279
-15.752148147260082,-7.282503206359506,101.39075835287242,95151.817008,95151.841832,0.9628669889340784
-15.014054727795285,-7.6987210153334145,101.38277615151054,95151.830342,95151.857354,0.9605874430733539
-13.864454753412613,-7.9758685426430125,101.00446977747796,95151.843674,95151.87022,0.9827337163049321
-12.409871675805068,-8.107748741683773,100.72037160349369,95151.857008,95151.887254,0.9978954896271549
-10.641720292784168,-8.042379235939295,100.32260265026073,95151.870341,95151.895177,0.9729840462625594
-8.57253940830489,-7.877591564283264,99.87415043832414,95151.883674,95151.909408,0.8335690440662747
-6.24946118419732,-7.704384547916707,99.58462005298814,95151.897008,95151.921311,0.8610728741854782
-3.626769980638098,-7.480939786827203,99.15789808030725,95151.910341,95151.934485,0.8844814294760607
-0.8536228798534958,-7.197892395664024,98.89024775763076,95151.923674,95151.947855,0.874103998511844
2.1083975281774974,-6.814904826012419,97.85494530646295,95151.937008,95151.961224,0.8938453896580526
5.085634062846648,-6.49807291827581,97.84472135636827,95151.950341,95151.975861,0.9448480227460891
8.121885912260018,-6.183039212416609,97.62053774412931,95151.963675,95151.989123,0.8712727472651589
11.209833309675732,-5.9588780738397205,98.11514377612764,95151.977007,95152.004567,0.9947028529805393
14.150664457651601,-5.736328418370906,97.83551341116099,95151.990341,95152.015417,0.9784138550354187
17.02525889935399,-5.602189092060724,97.76208080333215,95152.003674,95152.027356,0.8829311491363636
19.796141607058708,-5.545943658640223,97.97061515758303,95152.017008,95152.041609,0.9932424537794277
22.3526022219649,-5.556977895240601,97.86386876724804,95152.030341,95152.053817,0.9702113123650203
24.787395940925386,-5.63984425125968,98.03083712962874,95152.043674,95152.067737,0.9296539252853444
27.034578043934165,-5.817984184224978,98.1255167822782,95152.057007,95152.089911,0.9002149600182567
29.000752446624197,-6.061685672637944,97.81137090604204,95152.070341,95152.094243,0.9297520419321778
30.976304567226176,-6.396753143840189,98.11775888563918,95152.083674,95152.108939,0.9977453192610752
32.70481212322016,-6.712993208888164,98.23723581649014,95152.097008,95152.121106,0.8811950471889906
34.165638207721564,-7.02449813555794,98.14542817783857,95152.110341,95152.136639,0.9106801889829662
35.47681238723585,-7.337079474872413,98.16870749785143,95152.123674,95152.14894,0.8932333105418372
36.5132240834973,-7.690741523727139,97.93456879725193,95152.137007,95152.161322,0.9314199330990632
37.46329410673796,-8.107475987096615,98.03166670043946,95152.150341,95152.174786,0.8872056931773925
38.19655619711143,-8.491632838742461,98.04044596433461,95152.163674,95152.187372,0.8570336145189744
38.61762381095136,-8.795301513034019,97.78871414439392,95152.177007,95152.202002,0.8706939673370174
38.842834159500704,-9.022315135442668,97.553147209166,95152.19034,95152.216578,0.8981982164408193
38.839197155823236,-9.192431753220882,97.22640690128992,95152.203674,95152.229648,0.8758576630531727
38.71634950408154,-9.295947824147568,97.00714618869159,95152.217007,95152.241812,0.88654322007561
38.363957576696215,-9.295033517416751,96.64621485016862,95152.230341,95152.254243,0.9013526559142172
37.817480543780825,-9.18966129332868,96.32345111697835,95152.243674,95152.268351,0.8901668436679943
37.01501993715468,-8.959929568495513,95.83671438156316,95152.257007,95152.282996,0.9352798140860459
36.058507318953914,-8.669875950461654,95.50922155752136,95152.27034,95152.294037,0.9210932225586769
34.895456817461344,-8.28438323949869,95.03626812725518,95152.283674,95152.307947,0.9786325164426107
33.601754651319894,-7.788943978144217,94.72492529493239,95152.297007,95152.321135,0.9805705032089053
32.11667261494187,-7.183686410723762,94.46426436633662,95152.31034,95152.334133,0.8747527019919109
30.4493364863146,-6.510239591030483,94.28850374377373,95152.323674,95152.349392,0.8869346009157807
28.50506081149764,-5.785210754326688,93.76161016380298,95152.337007,95152.360791,0.9366921571930562
26.5573993584381,-5.0679865323079945,93.63054844710351,95152.35034,95152.376806,0.9768038126975531
24.575471746031006,-4.281153115282425,93.77415423444272,95152.363674,95152.387783,0.8901958137610135
22.371971045035426,-3.3904432729485334,93.55581155412236,95152.377007,95152.402563,0.7877260412791375
20.086092503201087,-2.5120225599722006,93.6002631077928,95152.39034,95152.415456,0.8460548004276821
17.745464963886633,-1.6912414121716475,94.15983820135976,95152.403673,95152.428129,0.9811377033076871
15.274285863118706,-0.9162444445245749,94.16533388084723,95152.417007,95152.441576,0.9407671818955311
12.743629271270162,-0.14699824224232078,94.2785751354677,95152.43034,95152.455021,0.9663681874727587
10.207748011240334,0.5973621818562538,94.8616007066965,95152.443673,95152.467335,0.9969318022420247
7.6247632928287805,1.2545426812869518,95.09039216161402,95152.457007,95152.482917,0.8829772663647901
5.072554794574143,1.7367912696726275,95.86436113238709,95152.47034,95152.494559,0.9950971621186323
2.5662119501546505,2.074439403803362,96.70782789894002,95152.483674,95152.508886,0.936102705988464
0.1321580576379899,2.3406553108195762,97.45201230268184,95152.497007,95152.524157,0.9525512912049355
-2.2380126260549513,2.563954987918264,98.27931586522097,95152.51034,95152.536549,0.9198825131168228
-4.544657541378289,2.696594487630981,99.1284173417946,95152.523673,95152.54895,0.9868170525062617
-6.699808682509534,2.7116217873444666,99.72169380182248,95152.537007,95152.560695,0.9768550075139051
-8.670299733357778,2.651386169719188,100.49302888931429,95152.55034,95152.574565,0.9924101719540028
-10.336884426733322,2.5429757821576757,100.93228267768595,95152.563674,95152.587778,0.9111569397930299
-11.8328032926675,2.471585682452269,101.66235173206312,95152.577007,95152.600726,0.9538498349178948
-13.016326288648086,2.3677982732325633,101.79333992668579,95152.59034,95152.61527,0.9881344143761384
-13.980393192809947,2.228555642112796,102.1862543813196,95152.603673,95152.627992,0.9737765922239381
-14.597371758745824,2.07564295755621,102.41003450504265,95152.617006,95152.642853,0.9915315571788714
-14.877239403875969,1.9474783678485381,102.74821327509609,95152.63034,95152.655394,0.9831918022580467
-14.883853872496845,1.960907157588468,103.22595989836724,95152.643673,95152.6706,0.9953686787489038
-14.56655732856277,2.1474684500504635,103.22218555845454,95152.657006,95152.687726,0.9851307997404298
-14.061577173797707,2.4509296431794456,103.52990341718636,95152.67034,95152.700508,0.9679575639980813
-13.312747103880948,2.7925404791822435,103.83894146393202,95152.683673,95152.709466,0.9505987349189416
-12.291278890739536,3.1890754070661504,103.87165660412123,95152.697007,95152.720971,0.9644651668210422
-11.093091509356796,3.665409179762067,104.0761738953542,95152.71034,95152.736267,0.9783325293783424
-9.761684904885003,4.249690368085684,104.27300228797445,95152.723673,95152.749156,0.964033380811133
-8.30877643812779,4.86888798866352,104.3787038491275,95152.737006,95152.76117,0.952736452614128
-6.806053939985351,5.511471634477755,104.76427025282166,95152.75034,95152.774744,0.9586784860698029
-5.2333855977038795,6.141095090530953,105.00243891362346,95152.763673,95152.789756,0.9460102982623046
-3.640218364328714,6.7241028121422985,105.0897338711975,95152.777006,95152.801966,0.9530451368561688
-2.0258033725239932,7.246015442367557,105.21380192327189,95152.79034,95152.814708,0.9860421538413888
-0.4118612880609952,7.623501947255161,105.17932037925728,95152.803673,95152.828235,0.9547776473580566
1.173844514019194,7.905343161065158,105.27949539027445,95152.817006,95152.842005,1.0
2.7075278173801935,8.034256640331733,105.3860058943569,95152.83034,95152.854471,0.9739828849828287
4.170757382842467,8.058114725181031,105.37727435416696,95152.843673,95152.867387,0.9590496770998438
5.571694680014392,7.982469372805627,105.31479460556513,95152.857006,95152.882123,0.9331510414460121
6.880781176913684,7.8515567612616755,105.41134614987824,95152.870339,95152.894124,0.9376973593548291
8.119859849411151,7.696975211596078,105.36563416298819,95152.883673,95152.908671,0.9969814454002969
9.275351634200293,7.481134721537882,105.15859852535483,95152.897006,95152.921244,0.9931330762373813
10.364337486753115,7.2214592896670675,105.01934767645983,95152.910339,95152.936331,0.9993544140402164
11.41386878952223,6.863564387963376,104.89061328030473,95152.923673,95152.94874,0.9675714118936147
12.406034237448372,6.4797015116793695,104.70714319461237,95152.937006,95152.96178,0.9522336192269616
13.351045115850027,6.132622937025495,104.74408254077247,95152.950339,95152.975197,0.9591022063869665
14.20796234536216,5.833015077610139,104.69820488462945,95152.963673,95152.988275,0.9227197035121115
14.982599829282114,5.5426225410719505,104.54807313191097,95152.977006,95153.003056,0.9928301381142668
15.672122383402787,5.336156732233056,104.74024884755839,95152.990339,95153.015547,0.9945771194533278
16.209162248945518,5.279351512940211,105.02652087216534,95153.003673,95153.03085,0.9926399819589093
16.537901872346943,5.391721661646722,105.13338093993846,95153.017006,95153.043374,0.9853808241687001
16.660878399588093,5.603662045761377,105.18114559177188,95153.03034,95153.054889,0.991771740289869
16.627480868803712,5.912204909040316,105.53292578129329,95153.043672,95153.069781,0.9535671093460116
16.423199287361047,6.233482433010556,105.77184320542621,95153.057006,95153.081463,0.9392281029091417
16.012509650016046,6.566914265929927,105.58181746020757,95153.070339,95153.094052,0.9503949809011923
15.517400964573532,6.982002517413164,106.18403988776757,95153.083673,95153.107673,0.9887718549913666
14.715321070931129,7.320570041360716,105.96887285012897,95153.097006,95153.120895,0.9062126247201824
13.761595252632157,7.648824118963815,106.25325584615136,95153.110339,95153.134429,0.9897021426743724
12.57813836649266,7.875002254147431,106.24547501363955,95153.123672,95153.147283,0.9930263443990546
11.187726021076678,8.001453579880703,106.23408114481768,95153.137006,95153.160671,0.9958460673179038
9.635008438256268,8.054042045276471,106.25478928661492,95153.150339,95153.175033,0.998963559562353
7.932519800564837,8.016545570387384,106.40206126894634,95153.163673,95153.187343,0.9759588893990058
6.146025680988008,7.804239973970654,106.3762408849372,95153.177006,95153.200507,0.9579275634047606
4.338085640392645,7.447827120986314,106.40975507997501,95153.190339,95153.214506,0.958311698017408
2.459877031444431,6.983512719321424,106.48597630455482,95153.203672,95153.227457,0.9202027817408791
0.5331542071027318,6.494822973237069,106.70092977412163,95153.217006,95153.24259,0.8390927788335502
-1.4053382994234553,5.856725860413245,106.55128702608107,95153.230339,95153.255556,0.924571614295137
-3.3356822481156176,5.04178952233852,106.72215359587857,95153.243672,95153.26789,0.9872031793920523
-5.18988891216446,4.0758318759769585,106.90976285920031,95153.257005,95153.280989,0.8492315475924828
-6.932477581941881,2.923243271139303,106.9401723823371,95153.270339,95153.29397,0.8492221580759273
-8.540686921518304,1.5760296595187808,106.76263568547076,95153.283672,95153.308409,0.9780257628519775
-10.106935960935768,0.04588872034368901,106.98125905429407,95153.297006,95153.324088,0.9194383890282756
-11.56866038088707,-1.6317323865664826,106.87515952268033,95153.310339,95153.337665,0.9364461550004134
-12.913461414306886,-3.427423010944647,106.91048705587113,95153.323672,95153.34838,0.7825403069402189
-14.029529049779212,-5.296732995490319,106.65972722541065,95153.337005,95153.360813,0.8467741644035952
-15.001690901228582,-7.151582986166281,106.48707832070735,95153.350339,95153.374676,0.8503493207577028
-15.835698162859488,-8.986322021248249,106.20539301364848,95153.363672,95153.387454,0.888606593209311
-16.55005615893448,-10.925495872542982,106.14132253018468,95153.377005,95153.401029,0.843230172655876
-17.11206596489305,-12.917130775247623,106.07618681619037,95153.390339,95153.415392,0.9659016944575142
-17.4341679847923,-14.80271301900697,105.73987279839626,95153.403672,95153.427949,0.910306016584637
-17.712718609934445,-16.65063275095052,105.71334438462617,95153.417005,95153.442681,0.9533398396651864
-17.8746462159511,-18.3320516710005,105.54871875552114,95153.430339,95153.455681,0.9461604688878221
-17.91801459162832,-19.92101266748546,105.37533604558199,95153.443672,95153.468839,0.9917152199788339
-17.788398568516943,-21.405463451146716,105.32939413505346,95153.457005,95153.482018,0.9621225983531565
-17.35665329541437,-22.642750376864765,104.95970771692622,95153.470338,95153.494229,0.9626294071609007
-16.795200381352497,-23.611051661647448,104.98168258640236,95153.483672,95153.508156,0.9603270722746978
-16.144431293822233,-24.225927188415163,104.98777936333677,95153.497005,95153.522145,0.9915409765097272
-15.33222377609967,-24.482215187678023,104.7038462152995,95153.510339,95153.53433,0.9619100717978372
-14.42556554013606,-24.60649439779973,104.78808716641075,95153.523672,95153.547523,0.9908597251782063
-13.257058674755235,-24.406439549801583,104.56850666988576,95153.537005,95153.562457,0.977420193319098
-11.921511468368104,-23.92436973827848,104.44833818427668,95153.550338,95153.574123,0.9972366195999934
-10.44360674263807,-23.137971169476277,104.40837526268069,95153.563672,95153.587433,0.9344419529257093
-8.872587291015801,-22.13598289358198,104.56978334419513,95153.577005,95153.60209,0.8989709947414645
-7.141533074163168,-20.876438153324656,104.3025630330962,95153.590338,95153.615496,0.9735612027773225
-5.353167560002271,-19.571140799717785,104.32669714375182,95153.603672,95153.628189,0.8504158598577913
-3.4253765884962752,-18.117058491670775,103.88789197742564,95153.617005,95153.640992,0.8975770908137722
-1.4162224039143025,-16.74321726137499,104.62707178436719,95153.630339,95153.654487,0.8954003724891322
0.7392217243890721,-15.040466282887701,103.71741082378999,95153.643672,95153.670176,0.9441178057029829
2.9104980005771623,-13.472718957591189,104.37203470033924,95153.657005,95153.681957,0.9609650460024722
5.079255909960809,-11.764186253084105,103.94292033926473,95153.670338,95153.693836,0.8956884055151151
7.280115588760814,-10.109524500488769,103.71803672833143,95153.683672,95153.707773,0.9462161290245906
9.523207460306539,-8.545620984220008,103.83511679872834,95153.697005,95153.721732,0.9745812050579278
11.738475779352507,-7.020155197488831,103.98278705385223,95153.710338,95153.734282,0.9510472373205504
13.932092920802365,-5.552515156634361,104.06408383684202,95153.723671,95153.747329,0.9919542555853887
16.091391539786386,-4.160397461963819,104.23096114805139,95153.737005,95153.76205,0.9849998959903523
18.192420841299914,-2.818184823935537,104.35860956495988,95153.750338,95153.774603,0.9063318401863916
20.223963865726102,-1.5391648268106053,104.5410700193569,95153.763672,95153.788542,0.9499080682142889
22.134575137042724,-0.3475263864010789,104.4346727125996,95153.777005,95153.801003,0.9933973391105445
23.98309952421313,0.7514341378907655,104.58012388192618,95153.790338,95153.815082,0.9921495204481939
25.717185429984358,1.7413789462882574,104.63780353702155,95153.803671,95153.827777,0.96126094151612
27.33409954415798,2.634809921056758,104.67129226053295,95153.817005,95153.841184,0.9334724778806637
28.85951703912548,3.4028767337492707,104.73109355827363,95153.830338,95153.854245,0.9743485732690773
30.264192599937267,4.065416795073748,104.75633270984653,95153.843671,95153.867807,0.9064347000712306
31.546739192166708,4.62323875967268,104.84001661561012,95153.857005,95153.881202,0.963518298382842
32.64386620850386,5.105729661531196,104.71382751005002,95153.870338,95153.896486,0.9147889665995437
33.55692284418084,5.545450643982828,104.49579069128595,95153.883671,95153.90747,0.9565148860281587
34.37798936969846,5.9367550932694115,104.46898272920683,95153.897005,95153.922614,0.7048837328234966
35.04940740033797,6.247495332839178,104.38186335674885,95153.910338,95153.934589,0.9753257726745163
35.56665198941277,6.48640611909685,104.22294299347458,95153.923671,95153.947261,0.8801780717174186
35.85538122077747,6.647562050141631,103.76597679912435,95153.937004,95153.960562,0.9334260744465911
36.0636425171235,6.802295443249078,103.5492318560353,95153.950338,95153.973961,0.9381935004410576
36.14170830069389,6.983847798385331,103.3491859017184,95153.963671,95153.987792,0.9801452467269286
35.97440987348384,7.148326690057545,102.78904948008268,95153.977004,95154.003336,0.9029469572834051
35.748325361006344,7.33467838965805,102.44664059040689,95153.990338,95154.015709,0.9904052444282068
35.44577682232606,7.560635912249535,102.41731013111776,95154.003671,95154.028914,0.9775521097196033
34.78489597414367,7.752173402078888,101.85552529085491,95154.017004,95154.048806,0.9809628168640564
33.98352911043325,7.98693781407286,101.39280094600035,95154.030338,95154.054251,0.9175667053386604
33.010369886981074,8.257081579085712,100.99956438069015,95154.043671,95154.067857,0.9319321379519693
31.817077690634246,8.49827947260262,100.35778188744749,95154.057004,95154.080776,0.9529503720436344
30.502106862639263,8.817112701765378,100.00405872171376,95154.070338,95154.094124,0.9269719091188416
28.944252155246758,9.135173183463943,99.42920412238172,95154.083671,95154.108064,0.9545518695435208
27.200686271817798,9.395870201846323,98.83797164404127,95154.097005,95154.121692,0.9667970498311853
25.377624707612153,9.584552713893087,98.58458967796291,95154.110337,95154.135825,0.9180863946573438
23.397360915732637,9.702273302456021,98.17142803207626,95154.123671,95154.147994,0.9720619739502899
21.365195756401924,9.791714166005358,97.94043714973604,95154.137004,95154.160674,0.9013138050220074
19.247921265259958,9.821784363973338,97.63765336360105,95154.150337,95154.174408,0.8966243168767547
17.06883387115042,9.798486613754955,97.57670751211053,95154.163671,95154.187412,0.8607651209083114
14.762150513223599,9.717052814229534,97.31402471138955,95154.177004,95154.201058,0.902902408463877
12.39681399339318,9.599782324683055,97.0062273976549,95154.190337,95154.2181,0.8801464416771453
10.055955411855692,9.423425568657402,96.89173137480284,95154.203671,95154.229332,0.9562773827244369
7.779522335197329,9.203409704766484,96.92336362706799,95154.217004,95154.242943,0.9575070836306581
5.552639744427263,8.929004794237304,96.9092334720552,95154.230338,95154.254358,0.9750207575917509
3.390919582420578,8.54886201782249,96.89601653873274,95154.243671,95154.267644,0.9849327343479044
1.277185723312787,8.019685538531178,96.80951529187136,95154.257004,95154.281136,1.0
-0.765753733408971,7.371962840472262,97.00148542959766,95154.270337,95154.294115,0.952213492521299
-2.6816694682557487,6.5121831582493765,96.93796012630871,95154.283671,95154.308424,0.9782760786175753
-4.474473889022284,5.537993267780974,96.91334032637958,95154.297004,95154.320897,0.9762910762474534
-6.1916457928418405,4.440732369882741,96.92450904190908,95154.310337,95154.334614,0.8960603836885798
-7.7802187125993125,3.158273421323498,96.75969428435357,95154.32367,95154.347506,0.9647733538235755
-9.223080445614013,1.739931348901496,96.72962738225243,95154.337004,95154.361126,0.9487606094881877
-10.501584083822275,0.2076901949099622,96.70723905905582,95154.350337,95154.374391,0.9781059159457908
-11.675776510155558,-1.3367551232732542,96.69793820962786,95154.363671,95154.388852,0.8243056134365156
-12.786934758743387,-2.8565602252197455,96.626760345392,95154.377004,95154.403552,0.9542215620959691
-13.896419536695575,-4.454448440558561,96.73000354010533,95154.390337,95154.416914,0.9280522282718571
-14.906796608238375,-6.045365399748605,96.89278729897407,95154.40367,95154.428449,0.9328361393951996
-15.799799179077645,-7.549673080581798,97.13565849111724,95154.417004,95154.441493,0.9846874896510768
-16.561146072030116,-8.88910866030986,97.30428651072091,95154.430337,95154.454584,0.9769152676089277
-17.271799848092932,-10.075145341144047,97.58207687290646,95154.44367,95154.468531,0.9684583753530587
-17.850564080246265,-11.15690422751014,97.81536734948087,95154.457004,95154.480885,0.9167078772288957
-18.287408032053403,-12.206839437078479,98.1739611750829,95154.470337,95154.495902,0.9716992719392986
-18.526584659969803,-13.19852858412519,98.47335089435792,95154.48367,95154.508535,0.9813553151056887
-18.61298863095847,-14.07806084428821,98.74485518090853,95154.497004,95154.521414,0.9613933438326706
-18.51420332791656,-14.845436539535877,98.95502885014274,95154.510337,95154.534208,0.9869955948477217
-18.22064424333842,-15.583043954691004,99.25916742655176,95154.52367,95154.549551,0.9798591037621018
-17.673652778365263,-16.29800238259004,99.6990657635819,95154.537003,95154.560681,0.9634585673966443
-16.78687035496121,-16.93091862025447,99.95583729404865,95154.550337,95154.574545,0.9860993380738307
-15.665350779018283,-17.487905201443116,100.32035530357761,95154.56367,95154.587586,0.9505157771855328
-14.300140659067964,-17.945209635077173,100.61516736429614,95154.577003,95154.601055,0.9071205329333363
-12.763046569225054,-18.358183253698353,101.22637992914811,95154.590337,95154.615369,0.9650554780168177
-10.985390067228463,-18.708862224368655,101.6963716850843,95154.60367,95154.62735,0.9914081227810083
-9.000812506525147,-19.060087849663415,102.3538202269338,95154.617003,95154.642827,0.9801438320237059
-6.82190577142106,-19.385089124671712,103.08223929934026,95154.630337,95154.655446,0.961264016638254
-4.540302590380439,-19.639874534530787,103.7096854850792,95154.64367,95154.668811,0.9927447688214309
-2.1977198275524135,-19.91416529144194,104.72694248392358,95154.657003,95154.682087,0.9008973411471186
0.30159697959754894,-20.087904172381368,105.22938405425465,95154.670337,95154.694139,0.883156133037886
2.8898519961439924,-20.06996675540502,105.02663029241312,95154.68367,95154.707606,0.9557318810311577
5.535261934905945,-20.250366957098418,106.0904417214716,95154.697003,95154.722738,0.976142907663913
8.19465305648095,-20.448530672186532,107.47926048450317,95154.710337,95154.734201,0.969814877745352
10.757833699604928,-20.557051890388916,108.29133825165499,95154.72367,95154.748547,0.8814893241750114
13.315652551257132,-20.707297525995422,109.20645854863513,95154.737003,95154.760851,0.9821571609996984
15.87126669364173,-20.915001350837258,110.41587092512003,95154.750336,95154.776437,0.9483402366274993
18.319265735985457,-21.07898122279389,111.29919490259834,95154.76367,95154.787966,0.9582975991378391
20.64588991321582,-21.300931167362254,112.43725865855723,95154.777003,95154.802161,0.9817364395865825
22.714229615709783,-21.42756738607267,113.11389615501075,95154.790336,95154.815658,0.9127182867901606
24.658054974753792,-21.57113012692438,114.02542329085509,95154.80367,95154.828026,0.9946763996608733
26.530235892192586,-21.74264181800183,115.37948047663413,95154.817003,95154.841303,0.995865525290444
28.10037253107981,-21.6970960688701,116.10636677570702,95154.830337,95154.854059,0.9980089861800218
29.433833668282674,-21.507907870820596,116.52620741476662,95154.84367,95154.868441,0.9264594078355294
30.784469906377087,-21.386619868274337,117.67540441157264,95154.857003,95154.882414,0.9876242290047149
31.89808963296973,-21.139159637501322,118.51471004831679,95154.870336,95154.896799,0.9495644209246197
32.80366292655073,-20.759853111708516,119.01676708435532,95154.88367,95154.908551,0.9945771194533278
33.63357354104559,-20.44117059380255,119.82392330811761,95154.897003,95154.921607,0.9998094270611273
34.217794347377726,-20.011176417941368,120.27970444620007,95154.910336,95154.934972,0.9462760634079947
34.5875979128753,-19.54791699589757,120.4991910191571,95154.92367,95154.947391,0.9455792526903319
34.84908208960872,-19.037084074120884,120.80207772635923,95154.937003,95154.961049,0.9878330138094708
34.91263929639428,-18.46566834904358,120.87409659844153,95154.950336,95154.975542,0.9751821547028405
34.95880042703566,-17.912069263248227,121.32735806400939,95154.96367,95154.98766,0.9639912174362024
34.673444482244285,-17.259575126709915,121.0994681988387,95154.977003,95155.002357,1.0
34.321128516424054,-16.631423778808767,121.22574495466343,95154.990336,95155.01472,0.9324335575727154
33.65710656959262,-15.822517782685141,120.7862671644965,95155.003669,95155.032068,0.954337092091369
32.86295173019603,-14.930173723741154,120.38753281701658,95155.017003,95155.041866,0.9026869530696621
31.856348773030973,-13.892245409386812,119.60373257507138,95155.030337,95155.054742,0.9615923385824305
30.870393184709034,-12.826884914307813,119.4324989569766,95155.043669,95155.067228,0.9226887654334798
29.653446971818223,-11.706985690244645,118.8751967137071,95155.057003,95155.083845,0.9639817214265449
28.303462789812528,-10.607599475517812,118.33230665819833,95155.070336,95155.095138,0.9295220005369869
26.75246637819343,-9.48953776152132,117.44520659667518,95155.083669,95155.11033,0.9947456921668193
25.16087910770456,-8.404706907291978,116.89364417416131,95155.097003,95155.128391,0.9799634988585935
23.376064379601278,-7.280583996824284,115.86883415291835,95155.110336,95155.140848,0.955811177911307
21.584215436946355,-6.192481043956361,115.26923849757219,95155.123669,95155.148366,0.8613349547750783
19.61747767538101,-5.113314185813986,114.28843469245291,95155.137003,95155.161825,0.9447936409543771
17.59272721168769,-4.0614553094366315,113.39915166242554,95155.150336,95155.175007,0.9337781168274595
15.531672709374623,-3.0559461409009234,112.5309706112114,95155.16367,95155.190104,0.8279054752789733
13.452870909071107,-2.151638452241299,111.6567448186467,95155.177002,95155.201574,0.9156386154765651
11.428667976549914,-1.3246395909044015,111.2287858475385,95155.190336,95155.215946,0.8971598612259211
9.318974250111415,-0.5451146792674986,110.28928412264618,95155.203669,95155.228333,0.8878191977443595
7.204773681491203,0.16608676649908086,109.55310830660166,95155.217002,95155.240657,0.9649805922074218
5.137248233434299,0.7472640995097128,108.7731529813885,95155.230336,95155.254091,0.9606146023784032
3.175304117700214,1.2609696452869215,108.40916689348205,95155.243669,95155.267518,0.9950102335317129
1.282853825077674,1.7755386021916,107.88851735160783,95155.257002,95155.281274,0.9904753291099002
-0.5193352033407419,2.33219828669281,107.2667492336823,95155.270336,95155.296202,0.9049954491118977
-2.20181778225269,2.9014604045969175,106.90388287973198,95155.283669,95155.307636,0.868569419948266
-3.698684222545266,3.419113496839598,106.57796250087718,95155.297003,95155.328191,0.9488004956123374
-5.001872077867705,3.9044284335440698,106.14454871187517,95155.310336,95155.334543,0.9574108923374403
-6.114627575754553,4.398742131112411,105.5972952520306,95155.323669,95155.347398,0.9626396186895753
-7.089096994300679,4.9190238948921365,105.44792275784143,95155.337002,95155.360583,0.9659055412677167
-7.886429803563295,5.429502708061938,105.2160045498457,95155.350336,95155.376028,1.0
-8.531392384888623,5.9780491489622,105.02759483204515,95155.363669,95155.387796,0.9667643197364256
-9.003908242761916,6.521051154657846,104.48912134329508,95155.377002,95155.403105,0.9508271204077997
-9.404237097003813,7.071829043467067,104.4129234720882,95155.390335,95155.41565,0.8818735218965719
-9.644886977998194,7.605369618185,103.87621404127614,95155.403669,95155.437348,0.9128964871557016
-9.805103162513689,8.10994457438399,103.52605529483755,95155.417002,95155.441579,0.988359153754169
-9.841330267912467,8.549387502940514,103.14256617336378,95155.430336,95155.453823,0.9620098587170569
-9.758787597078586,8.91741469999037,102.5797165156969,95155.443669,95155.467192,0.9312491700522607
-9.596134285454577,9.22071665551804,101.98803318891493,95155.457002,95155.48114,0.9862772011562455
-9.317684558236113,9.434256784465232,101.40847824303069,95155.470335,95155.49443,0.9758579450592815
-8.952463657905874,9.565541071653469,100.97581442023228,95155.483669,95155.510556,0.9046941678520626
-8.420414730695821,9.588348191873232,100.17676411027217,95155.497002,95155.521072,0.916432542886066
-7.83604846180251,9.611862842264447,99.72622981713558,95155.510335,95155.536236,0.8913426694388316
-7.132016094343523,9.576875356957178,99.0380778149832,95155.523669,95155.548139,0.94068908264712
-6.376170884927165,9.525016237097262,98.59723421919668,95155.537002,95155.56082,0.9832627974383006
-5.499511394792164,9.423507466692664,97.789045746849,95155.550335,95155.574355,0.9623251810966982
-4.562831945976256,9.382474363039702,97.34336192174688,95155.563669,95155.587598,0.9669054626180223
-3.5144357010976957,9.359597501412662,96.56632881627084,95155.577002,95155.601635,0.9923425873325532
-2.390196940230909,9.406116376758465,95.83743189797806,95155.590335,95155.614504,0.9263675374669967
-1.1872790871816796,9.490792469880521,95.22795101049839,95155.603668,95155.628074,0.9823676610477423
0.11656802948459878,9.616616991671812,94.50187601923781,95155.617002,95155.642266,0.9556711391005911
1.5050554450561704,9.844875531093459,93.89012723693828,95155.630335,95155.655238,0.9929287898308569
3.002576888597956,10.121547229826477,93.25550854527533,95155.643668,95155.667343,0.9505297486346044
4.6073855660937255,10.463630229308189,92.59827384513679,95155.657002,95155.681146,0.9911420814099289
6.328942190474013,10.838240798363335,92.04052264394689,95155.670335,95155.694269,0.9714566949117786
8.146240270891049,11.183972105494792,91.31517953201745,95155.683668,95155.708227,0.9962402596935303
10.069735274520005,11.591887428142796,90.77720590035476,95155.697002,95155.723176,0.9854346227526629
12.032798525339667,11.998392888635001,89.99154679284044,95155.710335,95155.734748,0.9891034029921173
14.063189539991889,12.377983773827713,89.196274258262,95155.723668,95155.754209,0.9960427993947548
16.15002373049391,12.662450549345115,88.37283932051459,95155.737002,95155.761419,0.9742192711852338
18.217444442827098,12.915534716877428,87.4699744000357,95155.750335,95155.774186,0.9362407638854172
20.283164089506688,13.205195667018675,86.66571312910905,95155.763668,95155.787792,0.9897460601197461
22.229343568396388,13.413438066763165,85.57288153227417,95155.777002,95155.801064,0.9933452639440511
24.17862396058921,13.583759158385933,84.6872514705794,95155.790335,95155.814805,0.9251348021282197
26.022604283570185,13.720441439238973,83.75394919850837,95155.803668,95155.828932,0.9580802741800024
27.852234761803945,13.834531748836742,83.05643747580936,95155.817001,95155.841331,0.9564828047722369
29.634791096922143,13.897845758336166,82.50284650736617,95155.830335,95155.855749,0.9425944674593113
31.26942448744058,13.859591151250058,81.85226642630776,95155.843668,95155.869931,0.9098309337396782
32.84946243033363,13.786732941181569,81.38990906000275,95155.857001,95155.887814,0.8865603872888159
34.32802325367845,13.673328353293927,80.96148729026514,95155.870335,95155.895034,0.9273851705077982
35.67895934006503,13.531589550445139,80.53194785504185,95155.883668,95155.90817,0.887825180196199
36.88496265019106,13.343912773234948,80.06311194088374,95155.897002,95155.927351,0.8631757881184358
37.95921678522654,13.11892309427689,79.59185514509296,95155.910335,95155.934057,0.8767624971855826
38.845020375837436,12.864448328517481,78.99940979357545,95155.923668,95155.949842,0.8252797317311092
39.60009857016729,12.60844757760196,78.43679807572406,95155.937001,95155.963176,0.8305853836732784
40.35178477283961,12.399056251260461,78.1664306686793,95155.950335,95155.975397,0.8339064718488565
40.910275671768105,12.195967189972126,77.73353089599726,95155.963668,95155.987757,0.8708016449159788
41.391961912751825,12.055695971637485,77.41006409760098,95155.977001,95156.00123,0.8767440381730097
41.67275533841142,11.901026782847602,76.92942222771383,95155.990335,95156.015429,0.8587832239397143
41.98770117140638,11.825633177947347,76.75632339105438,95156.003668,95156.027375,0.8438827038563773
42.1494587119546,11.71477853817536,76.43320750878331,95156.017001,95156.041787,0.860318956097128
42.28044601906929,11.576771377672868,76.23175586921319,95156.030335,95156.054256,0.8911666687815614
42.262521294871306,11.359882956007539,75.92920289277599,95156.043668,95156.069204,0.8312256201119915
42.19093641835552,11.086355662164037,75.73044653541278,95156.057001,95156.083195,0.9049167779736013
41.957169382801816,10.731836634262038,75.40524008536588,95156.070334,95156.096825,0.8246419096473498
41.6936318165036,10.359440397383006,75.21849379559423,95156.083668,95156.108749,0.8467260249167177
41.276747712168195,9.947674840303,74.96736829071224,95156.097001,95156.120872,0.9020900580127791
40.719000628485254,9.480482947693059,74.68357126800414,95156.110334,95156.13418,0.8427616699079854
40.063365497532395,8.984651523088084,74.54123953137734,95156.123668,95156.149273,0.8153115126413548
39.18001145874407,8.46985502136615,74.23186771900758,95156.137001,95156.160884,0.8637994453225486
38.247089663794995,7.95621649184109,74.08645254522789,95156.150334,95156.174875,0.8472260276676528
37.17478700103384,7.430841935457359,73.88888636531519,95156.163668,95156.19526,0.869526934574154
35.96937112926712,6.891515277486596,73.66903584045585,95156.177001,95156.202793,0.8516360073741014
34.60381090725099,6.31863703121015,73.37599602163085,95156.190334,95156.215981,0.8614939879851258
33.04160041676931,5.701289803804202,72.98860395266485,95156.203668,95156.229025,0.8848240515908178
31.40928075233139,5.048359261602572,72.72747178626315,95156.217001,95156.242873,0.7464574805327363
29.64914114276145,4.3498234279784445,72.42576295504053,95156.230335,95156.263931,0.9764514026317376
27.83157184503955,3.623253098222268,72.2441414725818,95156.243667,95156.275364,0.9423716900759779
25.98126365591802,2.8700497570567602,72.21339029112589,95156.257001,95156.288311,0.9199204173796015
24.026367472112764,2.0797468315908594,72.11759972965831,95156.270334,95156.301067,0.9593889304624058
22.035553577544015,1.2654987895365253,72.13224304465471,95156.283668,95156.307901,0.9493780823753942
19.99848417511513,0.38178834131635203,72.1813574855717,95156.297001,95156.3276,0.8990049308981739
18.016997822026013,-0.540566545016486,72.70093049080683,95156.310334,95156.337614,0.9709697047301885
15.989161278736477,-1.5043415017225312,73.0094883144094,95156.323667,95156.348899,0.9939114789888898
13.94895785107853,-2.484842162256257,73.49642579858082,95156.337001,95156.361069,0.9305254721997953
9.776037218599573,-4.489759677405799,74.51912380217259,95156.363668,95156.387549,0.7040238846787469
-13.202513431339254,-17.204678622860257,80.5667913153867,95156.523667,95156.553918,0.8149548821889906
-14.519589531161946,-18.047347052824634,80.87601171731349,95156.537,95156.562408,0.9973001217495969
-15.71013153374966,-18.80041393590013,81.27491369892567,95156.550334,95156.576397,0.9604058148700155
-16.72828244434641,-19.46320231730403,81.61080038458675,95156.563667,95156.588683,0.9624642446192188
-17.574494745681974,-20.030702262131122,81.91595100743066,95156.577,95156.603083,0.8937434874560344
-18.28852487670182,-20.559403788719983,82.40916838172295,95156.590334,95156.614772,0.985210834781736
-18.81807111676187,-20.969122946124568,82.87001228102125,95156.603667,95156.627707,0.9586209382075469
-19.210337607047602,-21.262970863223412,83.41046197094651,95156.617,95156.648771,0.9556956178350362
-19.47744058597495,-21.337570093286512,83.8252741625721,95156.630334,95156.65581,0.9811077809420664
-19.67740057327735,-21.291411451995224,84.24533486929396,95156.643667,95156.669603,0.8991700063593668
-19.705869519648076,-21.122566768240965,84.51356074842296,95156.657,95156.683092,0.9676806623774106
-19.65353172162387,-20.960143407053266,85.02338253778588,95156.670333,95156.696154,0.9526588898901929
-19.34691185175015,-20.651931211170115,85.16828088061017,95156.683667,95156.707732,0.9871957852859053
-18.901668834811442,-20.27970686547494,85.36354387615397,95156.697001,95156.72225,0.9606018105743059
-18.25178460869294,-19.846358906291428,85.55622407632268,95156.710333,95156.736359,0.9880660459411827
-17.331471758017166,-19.319320966745703,85.63224425294189,95156.723667,95156.748361,0.9641562331241685
-16.207527085864125,-18.757149516566333,85.85815090061597,95156.737,95156.761226,0.9539482239558853
-14.864254584695846,-18.13021929031975,86.05663794111176,95156.750333,95156.776025,0.9275369430669189
-13.439255809506557,-17.521836554164867,86.49433133925092,95156.763667,95156.787969,0.9016088724912544
-11.82491632640081,-16.835592225872222,86.54264821931211,95156.777,95156.801705,0.9400094749928327
-10.1893945243412,-16.20774742458484,86.8028189114441,95156.790333,95156.815705,0.9833964563260428
-8.477474110048703,-15.583133481980434,86.96526740499459,95156.803667,95156.828169,0.9516599604138622
-6.656269811929864,-14.99764008589454,87.20428897454055,95156.817,95156.848469,0.9351431420941675
-4.74994806272245,-14.455873568657681,87.36076213985842,95156.830333,95156.854775,0.9247373230068935
-2.8054431387754546,-13.968770785352499,87.56239164031527,95156.843667,95156.867783,0.955121687954563
-0.8793323319253301,-13.487558287548987,87.55688476427443,95156.857,95156.882458,0.9335742226558513
1.0007463253572704,-13.06125580362385,87.71417893627668,95156.870333,95156.894108,0.9743441039503871
2.8489745630666268,-12.660141573580526,87.8854575471255,95156.883667,95156.909031,0.9925700473444791
4.673297583329444,-12.233716458239357,87.93924553078071,95156.897,95156.921531,0.9571168075549378
6.454975325554651,-11.786312561671084,87.93729428742712,95156.910333,95156.934504,0.9118527111934057
8.173377441483924,-11.297938141560875,87.96402448246262,95156.923666,95156.947864,0.9007584891136453
9.819236946621103,-10.811919116532632,87.94390031708254,95156.937,95156.962895,0.9574980657047056
11.395254554857217,-10.31451472043024,87.89842724476553,95156.950333,95156.975113,0.9750257889255822
12.918925541310767,-9.833736365380114,87.90427420914274,95156.963667,95156.988407,0.9937556033673564
14.386473301810625,-9.365035839878523,87.82761237936931,95156.977,95157.002562,0.9846856697049698
15.848043282984063,-8.943478460908919,87.86259055272056,95156.990333,95157.015069,0.990160740055032
17.216674535411663,-8.564608363000099,87.75496982925047,95157.003666,95157.029467,0.9935944117385057
18.52918288518851,-8.251501418328871,87.82117545602541,95157.017,95157.042035,0.9864198793797916
19.759781973928895,-7.993094887608603,87.80927469256925,95157.030333,95157.056728,0.9507077033483164
20.924250831451193,-7.761149443040705,87.78226612633144,95157.043666,95157.067667,0.9742124314955739
22.022353846216276,-7.570615368729048,87.7525777702566,95157.057,95157.08221,0.9953651037484923
23.088343509751923,-7.424316047255764,87.83390421565399,95157.070333,95157.094227,0.9471632242013703
24.041044562244615,-7.321555981396799,87.77897528978123,95157.083666,95157.1082,0.9456650445687539
24.906170223965393,-7.277125469976992,87.78091757898592,95157.097,95157.120595,0.9757026016130262
25.694820188292887,-7.304636093403159,87.90225260516505,95157.110333,95157.136344,0.9625121802140174
26.379081173759054,-7.364884768099387,87.94246843932078,95157.123666,95157.148825,0.9718619993352162
26.929043948920693,-7.448257244614822,87.88470223990893,95157.136999,95157.163114,0.8365896905266559
27.38638724770087,-7.577013646645723,87.8878556621133,95157.150333,95157.174522,0.9185766427272756
27.72733922632995,-7.7593407359195465,87.91852958041507,95157.163666,95157.187174,0.8419388286553935
27.973145817668517,-7.9801358572126215,88.07478387309246,95157.176999,95157.200986,0.8536507908228353
28.05845208749125,-8.21316586789388,88.11938937225653,95157.190333,95157.214328,0.9263909066514451
28.001486944790848,-8.46789615684992,88.12044959625675,95157.203666,95157.235019,0.8930083147966572
27.809564589373846,-8.723969776770181,88.12504548739057,95157.216999,95157.24285,0.8868252560775539
27.539988057007513,-8.989012396369311,88.36768991390561,95157.230333,95157.255253,0.9409080336966559
26.998078028718133,-9.198197269223778,88.34639703930621,95157.243666,95157.269954,0.8825437226731168
26.25397359301388,-9.375136639971192,88.35646657380875,95157.256999,95157.287093,0.9557670981543016
25.3359295070894,-9.54630998224818,88.43451740286693,95157.270333,95157.294965,0.9736404001711345
24.28695352845017,-9.705524177788844,88.61045400922143,95157.283666,95157.308318,0.8959090319536988
23.051692942540647,-9.81392357105779,88.72873906586965,95157.296999,95157.322878,0.8929717668537914
21.672307689716348,-9.818991698116678,88.93471012030948,95157.310332,95157.335913,0.9729344877286479
20.083539580994746,-9.756190710012817,89.0730324273018,95157.323666,95157.349924,0.8754037744534842
18.37371105992533,-9.673580396568541,89.21511887804033,95157.336999,95157.364079,0.9994417936007569
16.582028607487352,-9.600856499765227,89.5583857987098,95157.350333,95157.374849,0.967147461424305
14.728502885884776,-9.509567465861522,90.04180487613148,95157.363666,95157.387816,0.9996025036614569
12.75432305578663,-9.384634146931026,90.56828194173556,95157.376999,95157.407466,0.9566145660830494
10.604219320478816,-9.195659156422037,90.69920755217055,95157.390332,95157.420589,0.9954013295814188
8.389033848563512,-9.104260560332854,91.43326263011308,95157.403666,95157.428455,0.8547787343545077
6.10136697214493,-8.916705183650391,91.10683808667687,95157.416999,95157.448308,0.8986837918110459
3.86414940537326,-8.847071865806452,92.06799917668316,95157.430333,95157.456101,0.9892648702594342
1.6518895278018941,-8.676833075202325,92.1616458876147,95157.443666,95157.467689,0.9593228463855284
-0.5922726749353502,-8.593943214113493,92.80732260981634,95157.456999,95157.483163,0.8025231563532221
-2.8555669012637535,-8.551045233865308,93.07857704465502,95157.470332,95157.496831,0.8351770705452184
-5.141450870205045,-8.589301703532252,93.09417970755764,95157.483666,95157.508148,0.8856430075452023
-9.61823916313836,-8.928821644656075,93.85356578999405,95157.510332,95157.534545,0.7794307970941453
-18.053049685992015,-10.49563767499119,94.68039829637331,95157.563666,95157.587478,0.8501193264329637
-19.828937788351197,-11.03029172759641,94.56554751441156,95157.576999,95157.603037,0.9208918073692072
-21.620693873760086,-11.5796445874996,94.96837410186392,95157.590332,95157.616784,0.9643918069240454
-23.201093301460876,-12.087375394139602,95.08938407161396,95157.603665,95157.629375,0.9601136144303107
-24.67524066369377,-12.66997092161481,95.61661630713671,95157.616999,95157.642345,0.8902480516845088
-25.80756695061088,-13.255148050102,95.8241030068712,95157.630332,95157.654458,0.96062659588167
-26.74494347942011,-13.787222637482843,96.1459128466958,95157.643665,95157.667384,0.9825419086878554
-27.5522852510934,-14.196616877588388,96.5342983911415,95157.656999,95157.688328,0.9863856565607119
-28.275341886782616,-14.484836245286528,97.07341938741197,95157.670332,95157.694881,0.989569316867184
-28.819500392153074,-14.591616377540749,97.38224262330317,95157.683665,95157.708131,0.9815097685597746
-29.28971148527943,-14.568498928979084,97.89518106539602,95157.696999,95157.721275,0.8564034806907881
-29.543592040867388,-14.348690388417198,98.24161141782315,95157.710332,95157.734339,0.9796044714857162
-29.68714191938483,-13.976301107685588,98.81565343301214,95157.723665,95157.748557,0.9319952602990444
-29.56133645505244,-13.398637753418756,99.10874426138386,95157.736998,95157.760773,0.9756298549152878
-29.267348125296685,-12.670057091520615,99.41387128934434,95157.750332,95157.775556,0.9650647859725637
-28.863762983436416,-11.818999524981589,100.00149399605824,95157.763666,95157.787818,0.9635918586606638
-28.18259859555925,-10.780573678062819,100.32339379939656,95157.776998,95157.800682,0.9985209589189787
-27.36098059918054,-9.598657032182281,100.81357339328524,95157.790332,95157.813948,0.9186186961177165
-26.302907274691307,-8.289735189944652,101.23826645115807,95157.803665,95157.828504,0.9948765177525497
-25.144059343402287,-6.927751318450472,102.0150046979053,95157.816998,95157.843926,0.9790681174751258
-23.694286207696837,-5.450573248915662,102.39863460697393,95157.830332,95157.857349,0.9733040813910137
-22.149912043847536,-3.92524018770509,102.9148508625555,95157.843665,95157.868858,0.9832085420644477
-20.47281431463964,-2.3573494823394014,103.49979255037091,95157.856998,95157.880906,0.9731411337572277
-18.721545560907547,-0.7964546756251121,104.28097162966054,95157.870332,95157.89454,0.9339187263853009
-16.830919640041653,0.7654051884032158,104.77524370106423,95157.883665,95157.909148,0.9882129724601781
-14.851273592493035,2.3302450242511497,105.29348408122665,95157.896999,95157.920741,0.999307106038035
-12.904996744849708,3.864868304155999,106.09830869599158,95157.910332,95157.934177,0.9297806177684003
-10.937088719108202,5.366185501833325,106.80103966439144,95157.923665,95157.947211,0.9713073809270169
-8.931957437661803,6.8128782105855095,107.40273272899083,95157.936998,95157.960848,0.9477193919008667
-6.901890448568332,8.211473044975815,108.02551668876539,95157.950331,95157.975415,0.9909537993285131
-4.888013558171617,9.596182658195607,108.81175596238126,95157.963665,95157.987684,0.95894484262531
-2.8213502289056707,10.921563820438491,109.29973115382519,95157.976998,95158.002261,0.9753257726745163
-0.7623579775643645,12.173090193906924,109.69226922080739,95157.990331,95158.015888,0.9203675833491359
1.2714441988440268,13.35854817311118,110.22827488736198,95158.003665,95158.028655,0.8893333942902741
3.2772438965903348,14.424423286530965,110.64617791623995,95158.016998,95158.042007,0.9702911714293051
5.2314883870380955,15.452350620475855,111.40439418480852,95158.030332,95158.054478,0.9351454443150443
7.11877988986296,16.272509851125317,111.71365098928993,95158.043665,95158.068093,0.8968534410710215
8.930035009403184,17.08301581540039,112.51929830843223,95158.056998,95158.081292,0.9632727099434412
10.616784755196266,17.694957760517312,113.0338552449103,95158.070331,95158.094011,0.98251468455373
12.139815861786559,18.114055751285157,113.1432155726849,95158.083665,95158.108692,0.8913520988461636
13.556270008055714,18.479906141316846,113.69060870104607,95158.096998,95158.121144,0.982406914082323
14.83833197941437,18.77934635334115,114.4229867107488,95158.110331,95158.135594,0.9887547999504247
15.906666347584125,18.84631899809838,114.40837094632991,95158.123665,95158.147941,0.8917847899433269
16.86097164571378,18.92835190199153,114.88015337392177,95158.136998,95158.168057,0.9875940001886555
17.618960548640022,18.94217561619428,115.17232732343639,95158.150331,95158.174972,0.9022435095772184
18.173023759196333,18.809211355232602,115.10860945682178,95158.163665,95158.188141,0.8672061013590322
18.55550112933136,18.652741419058085,114.98080567467302,95158.176998,95158.201641,0.9804655384159657
18.843015187247833,18.46183326159045,115.17181583031886,95158.190331,95158.214594,0.9030353862009322
18.958685547663936,18.184949035848202,115.06492203946306,95158.203664,95158.227855,0.9675714118936147
18.90403109627646,17.810577129326155,114.683341089542,95158.216998,95158.243129,0.9765570016890462
18.74113751477219,17.343347605109635,114.42895822700632,95158.230331,95158.254602,0.8050976074666348
18.475374053644074,16.84058278964306,114.29363465169246,95158.243664,95158.26902,0.8214197071782996
18.068081772512098,16.140751821215876,113.76040969636355,95158.256998,95158.288006,0.9966699007212825
17.572014833198157,15.35055706119895,113.24806869254854,95158.270331,95158.295097,0.9672177930361262
16.988888960942106,14.472168133572188,112.69839132447471,95158.283664,95158.309,0.9404786148669224
16.25798494827013,13.52259687162503,112.06374537284943,95158.296998,95158.321848,0.9782206092479695
15.429590796421818,12.4475760012236,111.39246906001354,95158.310331,95158.334326,0.9853808241687001
14.554656593412007,11.287823298542108,110.80814911193434,95158.323664,95158.347881,0.9897780371766872
13.610352662406621,10.046411330673267,109.99595233801872,95158.336998,95158.360959,0.9888972975452184
12.657989903071938,8.794191802072922,109.36784107455031,95158.350331,95158.37489,0.9655148870162172
11.684831604760086,7.465967987887318,108.78992283711037,95158.363665,95158.387312,0.9850302964740217
10.66037746678148,6.022962071003519,107.93146758162786,95158.376997,95158.401943,0.9423301988777761
9.630819492025674,4.5133842851945545,107.39578911323778,95158.390331,95158.415169,0.969109498569474
8.603806516306477,2.994223477993653,106.63333975520138,95158.403664,95158.429121,0.9791982756979373
7.576434220277774,1.5033788780669726,106.10103593853059,95158.416997,95158.442026,0.9837582516885438
6.533175791084764,0.03195493086241148,105.71670589472417,95158.430331,95158.455411,0.9978399838195839
5.467478826157786,-1.4986086513088406,104.95472758381243,95158.443664,95158.467919,0.9466046022880394
4.415494171006182,-3.074148265739758,104.49060180963862,95158.456997,95158.480606,0.9761415335266479
3.3825267923424636,-4.59789304628425,103.99265246598034,95158.470331,95158.494302,0.920527474635058
2.381690351464986,-6.005693397442186,103.57226499313639,95158.483664,95158.508077,0.895265455968142
1.423492177500041,-7.339110641649418,103.26496786223696,95158.496998,95158.521096,0.9723021597171216
0.5033191317958969,-8.637390096211998,102.90508485506037,95158.510331,95158.536144,0.9865458118688156
-0.36059640462295134,-9.910069847271668,102.76599481279402,95158.523664,95158.548969,0.9012372476016538
-1.0962474570342915,-11.10306856191255,102.31234600962026,95158.536997,95158.562692,0.9774375381100503
-1.7007148893643234,-12.25217747367541,102.11327819156342,95158.550331,95158.574306,0.9813682082944443
-2.1876522900346758,-13.269588224774003,101.95028270726476,95158.563664,95158.587292,0.9885272695549482
-2.568006886602601,-14.146336896354684,101.74026010795706,95158.576997,95158.601173,0.9468780068973878
-2.7887069825750896,-14.933197450021927,101.51989610580831,95158.59033,95158.614151,0.9287752271026659
-2.7690738729073945,-15.627269049469751,101.73754743266443,95158.603664,95158.627327,0.9214781454828295
-2.4394393917007964,-16.147928556691713,102.00166173443179,95158.616997,95158.640778,0.9838223426714551
-1.8439074117162104,-16.39825137629096,102.08605933462167,95158.630331,95158.654581,0.9901413227975969
-1.0085183571695584,-16.460596228685333,102.43065241434206,95158.643664,95158.669684,0.9504158174822929
0.056078465916629926,-16.39634792076827,102.86131555766508,95158.656997,95158.681168,0.9743459516901158
1.3445643112060843,-16.214145307138292,103.28401695718759,95158.67033,95158.693839,0.9249993357608056
2.813983846156405,-15.952861064003686,103.94103202968697,95158.683664,95158.708349,0.9448583455968814
4.413617406599393,-15.535036142501102,104.3515287322059,95158.696997,95158.722477,0.9615006045086051
6.097601895281235,-15.009886841316787,104.73524546810307,95158.71032,95158.735446,0.9308153581832351
7.853845858804306,-14.448819426222467,105.46335784168105,95158.723654,95158.749262,0.9811217788745861
9.690248469160286,-13.787468783136816,106.14476687595693,95158.736987,95158.769678,0.9399500214056284
11.578416107807609,-13.056943627845381,106.69352535002379,95158.75032,95158.774587,0.8293360413512963
13.527172422729945,-12.38405289332303,107.58881004180432,95158.763654,95158.79001,0.9515254903671596
15.450265427104386,-11.71655130754263,108.42354237273793,95158.776987,95158.802424,0.9603202091759968
17.33319847224536,-11.12015744845171,109.23448387691269,95158.79032,95158.817583,0.9836552565288401
19.147922565480567,-10.600516803446931,109.9165032341787,95158.803654,95158.828687,0.9369961553662035
20.952620381066218,-10.202382934050139,110.83974160472279,95158.816987,95158.842108,1.0
22.723967027255828,-9.90650596379478,111.86345549681113,95158.83032,95158.856735,0.9952358645798196
24.351666633344646,-9.670379067110916,112.65377653454384,95158.843654,95158.869278,0.9428283009684981
25.836940513185077,-9.474381831754386,113.45271936037122,95158.856987,95158.882048,0.9800372216662518
27.182136985131596,-9.337301345416117,114.25801343200173,95158.87032,95158.894343,0.8933264644894416
28.43816829165003,-9.248438212358376,115.19679946832261,95158.883654,95158.907372,0.9845759015376476
29.49186551498556,-9.196211217043444,115.68369263361627,95158.896987,95158.92192,0.957740935110351
30.489286723904886,-9.208080956719758,116.49564588891398,95158.91032,95158.935254,0.9038550577862746
31.286900379699368,-9.254140722500479,116.99837155999451,95158.923653,95158.949228,0.9736921743592786
32.00830345342844,-9.36115827727313,117.75718836438885,95158.936987,95158.962963,0.9062262067680006
32.48879412762541,-9.423476410603733,117.97023312735382,95158.95032,95158.975177,0.9256146631479053
32.89483459508705,-9.552998639803654,118.3098829195309,95158.963654,95158.988094,0.9594901479578082
33.2252198888383,-9.7049029027963,118.6979612823777,95158.976987,95159.001476,0.8885897403618317
33.48445765343898,-9.895421537582177,119.38032655181803,95158.99032,95159.014738,0.9316098822033079
33.35186062521588,-9.992457150884391,119.11252829645603,95159.003653,95159.027367,0.9389699190045637
33.25559919935618,-10.103308339252793,119.50508361841118,95159.016987,95159.041675,0.8611540911087294
32.85387401359307,-10.122665405333072,119.23387210691213,95159.03032,95159.054402,0.9041492911745912
32.351456876604786,-10.100781106296786,119.06382780825004,95159.043653,95159.069123,0.9935660800087611
31.70597401453083,-10.016915884331144,118.83842729346482,95159.056986,95159.081191,0.909840308626444
30.873840036252254,-9.841802407237022,118.53257638295563,95159.07032,95159.096698,0.9911875030806965
29.87453847463094,-9.571414610692942,118.210774824395,95159.083653,95159.107719,0.9965599330493797
28.73932379989321,-9.228931700418169,117.91380485437213,95159.096987,95159.121011,0.8705702573613242
27.388231795037957,-8.802369429104788,117.32336266176148,95159.11032,95159.134153,0.9855785508983054
25.86720730541544,-8.298601989720732,116.57447933360389,95159.123653,95159.147415,0.9553899676965721
24.27234311552091,-7.748182731669611,116.17668108258701,95159.136986,95159.161965,0.839964590510534
22.529977917407287,-7.103305121679605,115.67096397618917,95159.15032,95159.175907,0.9964189929156456
20.655604420411077,-6.362538083778856,115.06402222085012,95159.163653,95159.188594,0.9972278406588286
18.72083706689073,-5.583323710652913,114.57862603045348,95159.176986,95159.201265,0.8477872972919988
16.66493140330676,-4.773917590490871,113.88037569727517,95159.19032,95159.215008,0.9925484386092495
14.53061840972216,-3.994518738972376,113.43074053130277,95159.203653,95159.228035,0.8833548405181202
12.279006906526043,-3.228849855104467,113.22093696657734,95159.216986,95159.241275,0.932615624647193
9.90658823978534,-2.489351727488064,112.21192606868334,95159.23032,95159.254077,0.9839951566757142
7.508187088108472,-1.8022373986318556,111.74709529819631,95159.243653,95159.267554,0.9635925613961879
5.0724255581050715,-1.1577041772581083,111.32446016085223,95159.256986,95159.281328,0.9374383669595319
2.603044339802569,-0.5652175777092487,111.06750052234254,95159.270319,95159.296104,0.8972298243683668
0.08006317615579019,-0.07775217090336672,110.65521049274945,95159.283653,95159.30754,0.9884324364825436
-2.4376123263530096,0.20800361332624437,110.39470286444543,95159.296986,95159.321918,0.9364824885135893
-4.891216357815643,0.31896585198440774,110.33570501515165,95159.310319,95159.334599,0.9826750952445502
-7.195970223125948,0.40083958467696096,109.76847195204904,95159.323653,95159.34738,0.8782921856973261
-9.51878049073824,0.6073043650934328,109.62567817458313,95159.336986,95159.360416,0.8607752669922325
-11.882640253870338,0.8654227752369741,109.55194498767385,95159.350319,95159.375617,0.8872281423296534
-14.02279686228718,1.0180452099192216,108.73945817874892,95159.363653,95159.388115,0.8536913733157523
-16.095821613584498,1.0301459211388377,108.48782689904613,95159.376986,95159.403631,0.9708429895941448
-18.001635998731366,0.9923584652332568,108.09556383915118,95159.390319,95159.414783,0.855950635703006
-19.77750231166384,0.9484163977413551,107.61735885067442,95159.403653,95159.428925,0.9227250330449636
-21.463322200225562,0.8587207847945997,107.29914841785529,95159.416986,95159.446824,0.8726474861587621
-23.008365728329576,0.7132337643421882,106.93722834231183,95159.43032,95159.455807,0.9742353664083284
-24.39213832364143,0.5209470033359153,106.57393820430589,95159.443653,95159.467888,0.9767758250853503
-25.537371412252533,0.29304084912727724,105.99984599846053,95159.456986,95159.488489,0.9855564055845674
-26.591601028679566,0.07466469252696621,105.78482397971997,95159.470319,95159.5,0.9949923450270015
-27.40734822738584,-0.16167993190345156,105.2189060949763,95159.483653,95159.508353,0.9868201244136081
-28.135970564170638,-0.38381490276965874,104.86611047416152,95159.496986,95159.522746,0.9758802109408149
-28.831730889667448,-0.6239037007837199,104.88079044971732,95159.510319,95159.543997,0.9833969215228484
-29.22645288155911,-0.849854737735241,104.42716044917432,95159.523652,95159.547956,0.9505987349189416
-29.424249495158108,-1.0100304950902739,103.8544889383457,95159.536986,95159.566877,0.9394325286718274
-29.606821011558516,-1.0795221547178688,103.71636699873596,95159.550319,95159.575996,1.0
-29.585941464331295,-1.1001216415521091,103.45338625591599,95159.563653,95159.588433,0.980575446192866
-29.335025265090103,-1.084022751860972,103.02239768559231,95159.576986,95159.601992,0.9632727099434412
-28.961666993146927,-0.9867871229409788,102.80840141168316,95159.590319,95159.616906,0.9730082669539392
-28.315858183150137,-0.7671346230752337,102.30742173610224,95159.603652,95159.632549,0.9567597923853421
-27.526869118298745,-0.4109069289985191,102.02534965735427,95159.616986,95159.641726,0.992747390381661
-26.518548498885526,0.040809344835036225,101.7339813816217,95159.630319,95159.655278,0.9179785128973756
-25.321158945163074,0.5502311082609642,101.57144196991884,95159.643652,95159.669283,0.9433414619812652
-23.952894173045845,1.159106883828297,101.45820964691607,95159.656986,95159.682869,0.9563052122917983
-22.380030712420485,1.8568999986848038,101.15864184964424,95159.670319,95159.701495,0.9300155139038074
-20.752412378844223,2.665677049165716,101.19118768453944,95159.683652,95159.708782,0.9681572541548801
-18.983916910097747,3.5553685235610724,101.20117185940049,95159.696986,95159.722592,0.9931159725528691
-17.110453946919776,4.508960736382917,101.13798745251984,95159.710319,95159.735786,0.9820335975561306
-15.175403693684846,5.49600914934042,101.21539215019403,95159.723652,95159.754444,0.9204813381446394
-13.198264135526447,6.514943802823628,101.29535748817298,95159.736985,95159.76777,0.9867791471640321
-11.18336877217283,7.561642694270318,101.36771476460011,95159.750319,95159.782437,0.9404849833943193
-9.14428958039113,8.584850702327598,101.41581211407221,95159.763652,95159.788037,0.9718817785798372
-7.11970462119504,9.602522110785511,101.64605273012238,95159.776985,95159.809037,0.958637596199768
-5.072092769411031,10.556021801677712,101.7119359530968,95159.790319,95159.821433,0.9935722495847488
-3.0310230124766186,11.44764063425127,101.7313189300188,95159.803652,95159.83427,0.937448333221107
-1.0426506467404022,12.307457589686074,102.09809887993667,95159.816985,95159.842459,0.9692252724318211
0.9286629530943709,13.068364930344398,102.08211375809897,95159.830319,95159.855496,0.9859228894964898
2.8559510631774514,13.846257762468856,102.20881018015099,95159.843652,95159.871914,0.9623243877065407
4.7045489964208915,14.697874214906086,102.33744765145782,95159.856985,95159.885339,0.9742996701512225
6.466218705161485,15.555747526544645,102.39094635417662,95159.870319,95159.895385,0.972836666431071
8.158848816428607,16.299774637062576,102.25273379044533,95159.883652,95159.908043,0.9908847961148718
9.799393870569967,16.899891220368644,102.10305370546861,95159.896986,95159.922231,0.9720234490467781
11.39491896207109,17.443407862553787,102.13473932875556,95159.910319,95159.935272,0.8994922477728708
12.90305246362271,17.921798090779305,102.19126576558943,95159.923652,95159.950273,0.900753835002549
14.280722279030199,18.35811630642624,102.1399030535673,95159.936985,95159.963339,0.9157722070886091
15.560445189502342,18.767479013555626,102.13504322561239,95159.950318,95159.975999,0.9595283599211014
16.68999594164973,19.172971355963327,102.09910972300985,95159.963652,95159.98883,1.0
17.7146547012819,19.57001970745209,102.19056112539943,95159.976985,95160.00379,0.9748017022633355
18.59042858383615,19.901824053756624,102.26126224055676,95159.990318,95160.016761,0.8301973552774052
19.363488030627927,20.139115430947854,102.28450956754745,95160.003652,95160.028681,0.9560806100320516
20.01294916628349,20.306471126015754,102.34802035930097,95160.016985,95160.042132,0.9632727099434412
20.537604997555515,20.336263804018248,102.34476893955724,95160.030319,95160.053836,0.9768703650130895
20.959512160494317,20.24200390110027,102.3726265669645,95160.043652,95160.068998,0.9189333289983398
21.276187495940466,20.05850541593037,102.37161759303825,95160.056985,95160.083433,0.9283570953956465
21.512780559444245,19.84717468994181,102.47843619782059,95160.070318,95160.094672,0.9159782704571059
21.588886808734514,19.510809232247706,102.28420147442259,95160.083652,95160.107965,0.9836743861833085
21.587671949387595,19.158477241923297,102.2836998637744,95160.096985,95160.121159,0.9732166026549238
21.486261328336187,18.689884602467327,102.14365101325866,95160.110318,95160.136333,0.9257004556313018
21.320487342056794,18.151897729070946,102.06158464137124,95160.123651,95160.147811,0.9895784988237936
21.07751427045655,17.534062721371775,101.96360084833081,95160.136985,95160.161091,0.9613747544560649
20.74627759680817,16.81067190299178,101.7155485248239,95160.150318,95160.18307,0.9800372216662518
20.421882345310657,16.07293329856594,101.76487982359792,95160.163652,95160.187475,0.9800372216662518
20.006117614588305,15.217120150699543,101.69807783393915,95160.176985,95160.201256,0.9728775672111545
19.550441387218264,14.2220314637479,101.45341226443801,95160.190318,95160.214653,0.8957263164377482
19.074082552887464,13.200980981170574,101.42045236686425,95160.203651,95160.227458,0.9326282266507802
18.54538118788353,12.107751163331466,101.32040715862752,95160.216985,95160.241774,0.9330566881280477
17.928997209679327,10.920092819471956,101.0978864465028,95160.230318,95160.254318,0.870310499816951
17.309896001348022,9.692673393484757,101.24910930416675,95160.243651,95160.268063,0.9598599229540792
16.59598316243553,8.323296330875243,101.22712299491332,95160.256985,95160.281292,0.9429785112203718
15.822768290299363,6.8902580610941175,100.97660089679768,95160.270318,95160.294138,0.9917928858220258
15.023191296563164,5.387836686122693,100.94919306302975,95160.283651,95160.307811,0.9842783935888693
14.15872099267243,3.8330003403874566,100.90410672215512,95160.296985,95160.32113,0.9933993469742353
13.203247521342249,2.2189736677979655,100.91003687278153,95160.310318,95160.337284,0.9041183557180513
12.196637731358713,0.5180169697301968,100.85895933229263,95160.323651,95160.350954,0.9721924675501405
11.164409310062634,-1.2550265929378326,100.6788752123499,95160.336984,95160.36209,0.9801737304472953
10.163204856872134,-3.042204678355867,101.03076773399889,95160.350318,95160.374028,0.899063278960056
9.06700340183395,-4.827258832469368,100.98828049303958,95160.363652,95160.387672,0.9417859356112817
7.904705456452636,-6.578008443851556,101.19997755863639,95160.376984,95160.402382,0.9090413089393075
6.661152933821795,-8.308549403264175,101.34193440720367,95160.390318,95160.415119,0.9196760682174212
5.468059463774318,-10.047949941991309,101.84395467640024,95160.403651,95160.427623,0.8975231875733654
4.2883883222780135,-11.677424495617487,101.9440277206038,95160.416984,95160.449708,0.8867717964340674
3.0439334564190745,-13.167129749889348,102.35717461923613,95160.430318,95160.454863,0.8804593652955762
1.6368019519064072,-14.511802474711237,102.43472621205505,95160.443651,95160.467483,0.9113954616582711
-1.3139932653433453,-17.31821132358842,103.35800269287478,95160.470318,95160.494918,0.8446134883751533
-2.7562231800193335,-18.3843789128917,102.7601520367314,95160.483651,95160.508348,0.891328991903128
-4.239282657376394,-19.367396816801207,102.94467636127631,95160.496984,95160.521978,0.9629597303196107
-5.758585442494524,-20.168005359865074,103.09673090315123,95160.510318,95160.535114,0.9684900410620884
-7.266591559359748,-20.874821681280142,103.34581991822716,95160.523651,95160.547838,0.9937481631634182
-8.597625436709796,-21.388828780114935,103.25637737442172,95160.536984,95160.560806,0.9938422468413523
-9.718808485637595,-21.69894911036997,103.449284969243,95160.550318,95160.574257,0.9203890768044324
-10.621057583099368,-21.69800168612201,103.5467095402723,95160.563651,95160.58818,0.947762090056027
-11.37408319457957,-21.4543692485488,103.83360150159481,95160.576984,95160.603638,0.961157078788323
-11.85798764531147,-21.018875030753463,103.98436225127394,95160.590317,95160.616897,0.9495426883282545
-12.006933329402694,-20.49032409380315,104.06240456577709,95160.603651,95160.628252,0.9767998700365804
-11.807882293951852,-19.87337739029385,104.21509519809797,95160.616984,95160.641296,0.9801725930751265
-11.285005740255265,-19.085182094064127,104.17157227080715,95160.630318,95160.654702,0.908650421895861
-10.532543242898468,-18.20653955832805,104.2889460682943,95160.643651,95160.668431,0.9638782027996569
-9.468049449329149,-17.253959841102215,104.16477982066472,95160.656984,95160.681978,0.9813116381173782
-8.201040192241196,-16.363516513987612,104.3425474485474,95160.670317,95160.694304,0.9639663007011695
-6.663673507658243,-15.409049467749906,104.00399340008468,95160.683651,95160.708326,0.974875206398595
-4.971430107161834,-14.527503801569658,104.03434440658076,95160.696984,95160.721019,0.9219967358366696
-3.1280944347030415,-13.677192226946064,103.94889852248913,95160.710317,95160.734927,0.9285510531170771
-1.177828561946784,-12.871784875312146,103.74749225182507,95160.723651,95160.748015,0.9990600089869434
0.8151580979896529,-12.141715528570815,103.62018503741508,95160.736984,95160.763167,0.957857162839497
2.8359921003845323,-11.490494555469771,103.46522982241082,95160.750317,95160.775415,0.965019535655437
4.855332925825555,-10.911077187512797,103.01806989828592,95160.763651,95160.788759,0.9813179727815516
6.855397678881515,-10.460779846791882,102.85279162399767,95160.776984,95160.801925,0.9224378824408489
8.822034774131446,-10.098255760796974,102.82127775608502,95160.790317,95160.815455,0.8908113882842134
10.714773443335426,-9.842063639130163,102.85597520745101,95160.80365,95160.828128,0.9459762999237716
12.478108019062244,-9.6437046422046,102.55770563438364,95160.816984,95160.840825,0.9871213319394082
14.117950202024065,-9.524197249480324,102.28258143440654,95160.830317,95160.855978,0.9571776594259257
15.662154807127123,-9.481585651637669,102.24735815797418,95160.843651,95160.868385,0.9968112247549749
17.10811594215814,-9.516918099033797,102.0803946294955,95160.856984,95160.881341,0.9920963046087652
18.444538819024956,-9.636532558607561,101.89462188002514,95160.870317,95160.894149,0.984446558484721
19.690832233328642,-9.817059876326134,102.08676711901933,95160.88365,95160.908039,0.9685241957505913
20.690099031586897,-10.001105888344702,101.82040110970962,95160.896984,95160.920877,0.9337940461602546
21.560592666273585,-10.233293868662177,101.78227568374149,95160.910317,95160.934855,0.9336145897557382
22.275130869469518,-10.499733111895994,101.72318224652396,95160.92365,95160.948559,0.95993099494187
22.823163426487916,-10.74294237041411,101.45750207594499,95160.936984,95160.962437,0.9426767307180216
23.297497705882428,-11.01942595502625,101.63557215526865,95160.950317,95160.974599,0.9172761896021658
23.520386339888248,-11.242394647443003,101.49469139057348,95160.963651,95160.986996,0.9274493027516751
23.550963375794794,-11.41209911948854,101.4512133922713,95160.976983,95161.000799,0.8987031568491681
23.40728632120275,-11.54315730888232,101.39929058199614,95160.990317,95161.014153,0.9185821716211756
23.109298190316572,-11.654582064153402,101.37514406067844,95161.00365,95161.027701,0.9194911974998974
22.66783765334605,-11.739769205314968,101.58696584794181,95161.016983,95161.043718,0.9635671967698306
21.96288972113651,-11.760871273425368,101.65342353261315,95161.030317,95161.054107,0.9159175275560766
21.023908866785156,-11.717114063017506,101.66536099843162,95161.04365,95161.069003,0.9918826427644617
19.8651586285865,-11.611132327019531,101.55492125975715,95161.056983,95161.080928,0.8983399992364716
18.589933205647476,-11.502356969759227,101.7203698210628,95161.070317,95161.094029,0.9235915569659039
17.180546777132772,-11.33619318357184,101.93888338443914,95161.08365,95161.107964,0.9449612496038271
15.641707635619008,-11.132779138902176,102.2923323993131,95161.096983,95161.120817,0.9744073062478409
13.95851164875027,-10.913243446454747,102.53739024341442,95161.110317,95161.134514,0.9026653620487572
12.20222736055018,-10.65079631399272,102.65570916381655,95161.12365,95161.148115,0.9186213505334603
10.457794181528877,-10.45629008157174,103.32493298481515,95161.136983,95161.161737,0.941013639200495
8.608287695919028,-10.211610308662138,103.70644595835316,95161.150317,95161.176157,0.8539651090547691
6.712569289795788,-10.06129267804464,104.5274959452243,95161.16365,95161.187875,0.9980478737417384
4.765070829919258,-9.980211617017064,105.3703766595397,95161.176983,95161.208109,0.9441722712739002
2.8090829195581755,-9.947933073220444,105.93564193952342,95161.190316,95161.214467,0.9346444695580884
0.8687581366822061,-9.972162731855876,106.72812287130773,95161.20365,95161.2276,0.9367394894247696
-1.1011695284319967,-9.979686003914376,107.44496142006668,95161.216983,95161.241759,0.9461717944829772
-3.1183358267056223,-10.015932929874419,108.36093391590784,95161.230317,95161.254684,0.8624364295101488
-5.094924599281739,-10.135208072371006,109.03494188371911,95161.24365,95161.26917,0.9673559498192685
-7.062283672470211,-10.430027137857467,110.47567830377507,95161.256983,95161.281225,0.919755706956923
-8.852607526005945,-10.631783560357059,110.82513795388607,95161.270316,95161.294429,0.8537454745057683
-10.689672410156817,-10.806866789474997,111.71141419499195,95161.28365,95161.308575,0.995007976664045
-12.4885069886489,-10.942670022134896,112.70665483209856,95161.296983,95161.321272,0.9898607229019066
-14.211069041852097,-11.043319036695864,113.63217561494906,95161.310316,95161.334937,0.8412696815243401
-15.784676473938205,-11.073495674448962,114.44574324619528,95161.32365,95161.349003,0.9133884166031934
-17.219431881670957,-10.977053718976839,115.35165094056688,95161.336983,95161.36066,0.9657463410596939
-18.40378006084712,-10.71725270575164,116.01948845437632,95161.350316,95161.375427,0.9556425395662325
-19.42436994177278,-10.312220887007191,116.80446848624145,95161.36365,95161.387482,0.9784831429412547
-20.25790803110003,-9.785996555442752,117.50576074233173,95161.376983,95161.402098,0.9804019395791499
-20.83948916636829,-9.115252053676613,117.94669092116578,95161.390316,95161.415003,0.9182244307660066
-21.395456065817957,-8.363537065332872,119.29629453727962,95161.403649,95161.431383,0.9853757376844458
-21.52826534671329,-7.414965136606761,119.67064439686476,95161.416983,95161.442665,0.9677631942884795
-21.472363438776686,-6.336227577390868,120.26123285417232,95161.430317,95161.454049,0.9966011153025492
-21.242751168976874,-5.146786418384972,120.83192554065558,95161.443649,95161.467784,0.9949736419960238
-20.86380320221303,-3.8888483100526794,121.70867508747332,95161.456983,95161.481363,0.9999865409413495
-20.242627096481122,-2.551960047592739,122.09719826277515,95161.470316,95161.494067,0.9896563971191206
-19.52077490665802,-1.164658711828603,122.67116625093459,95161.483649,95161.508588,0.9565148860281587
-18.55301461341344,0.3033803738109861,122.6874546397832,95161.496983,95161.520786,0.8920893851272276
-17.61701902248719,1.832215095622231,123.61755958111713,95161.510316,95161.535357,0.9650317561945552
-16.479831236155164,3.3981788102629586,124.15610901699056,95161.523649,95161.548805,0.9810479664301444
-15.227484189827628,4.9711323033852715,124.67303837374124,95161.536983,95161.561743,0.9374945267762687
-13.82730199621999,6.499048136727303,124.83355023742998,95161.550316,95161.574895,0.9357288158545232
-12.38997558678034,8.033924878305307,125.27398739235068,95161.56365,95161.58771,0.9328304865161275
-10.903885150765426,9.517051695398171,125.79068865844094,95161.576983,95161.601619,0.9725104137817204
-9.310199982416984,10.94264950322108,126.09862437054325,95161.590316,95161.615081,0.9455792526903319
-7.6669175005439625,12.251779679169454,126.14069674781383,95161.603649,95161.627432,0.9569438423735233
-5.990204238890076,13.51460488541709,126.30803070576036,95161.616983,95161.646081,0.9853808241687001
-4.3099070499824945,14.731695685814957,126.6871726859328,95161.630316,95161.654428,0.9726266305776453
-2.554703844260968,15.779919765479796,126.27428115074709,95161.643649,95161.66892,0.9931392600528164
-0.7867252821224016,16.82015968690893,126.31376067798224,95161.656982,95161.682922,0.9801845081125071
1.0007899013095223,17.803375590722272,126.39434511885301,95161.670316,95161.696966,0.874575732228498
2.8167642891701745,18.693084856080713,126.25586480238351,95161.683649,95161.708537,0.9702650859261777
4.644880040099244,19.511285967442088,126.41574836995575,95161.696983,95161.721649,0.9593924109545107
6.491592254428474,20.174941880907163,126.1386888035047,95161.710316,95161.734566,0.957706239077166
8.344486714862617,20.683789182541837,125.8134998753451,95161.723649,95161.749236,0.8559166054455604
10.210654723241735,21.051323933583,125.45590619157721,95161.736982,95161.768774,0.9964091784428865
12.106729681759228,21.308728744682842,125.20905026627288,95161.750316,95161.782925,0.8520813684466167
13.996973885083511,21.44304558609013,125.03093532666507,95161.763649,95161.787678,0.854977174036146
15.921161396357448,21.479939521374344,124.88212018275597,95161.776982,95161.810462,0.9673150283957267
17.83057506322126,21.444296380930503,124.75795571376838,95161.790316,95161.815122,0.9566735566448215
19.719737843553585,21.21996364804146,124.23815568558784,95161.803649,95161.834379,0.8877830300233404
21.584490131944495,20.92567204018513,123.8909279826927,95161.816982,95161.841764,0.8806669374084536
23.414921610246523,20.50354529561414,123.4069886266005,95161.830316,95161.854305,0.9485549416430795
25.166388643665183,19.864008566413652,122.5279442318833,95161.843649,95161.868947,0.9789105575856896
26.991288585706208,19.20647832636673,122.38386254706967,95161.856982,95161.881269,0.9944006088254865
28.646744097776097,18.31465682920377,121.53722611799593,95161.870315,95161.898619,0.8201280110339673
30.28666977619381,17.389311786599638,121.00191578384582,95161.883649,95161.909502,0.9971896385513545
31.849006098479066,16.332183818609156,120.34979620604459,95161.896982,95161.922027,0.8971968068019516
33.28914755347366,15.152841196191618,119.65541887410123,95161.910316,95161.935037,0.9702650859261777
34.66592442105178,13.844430644186058,118.93775796484526,95161.923649,95161.954585,0.9515341007817254
35.931482481431345,12.457741600843082,118.24753599234025,95161.936982,95161.967974,0.9434516394045093
36.987534144643284,10.943319725840084,117.18054981897338,95161.950315,95161.981228,0.903040081777476
38.10285783114847,9.404927850691719,116.78867944739969,95161.963649,95161.993897,0.9398924814964559
39.05322522861733,7.784297116991769,116.22045328935052,95161.976982,95162.001467,0.9752182742927044
39.807825838211684,6.128525882531617,115.35838133388425,95161.990315,95162.014952,0.8672751775023803
40.57236939077406,4.4964348936955,114.91525016991297,95162.003649,95162.0297,0.9372095843674129
41.123692075311496,2.7798082892834577,114.21062180549168,95162.016982,95162.04271,0.9568182764543609
41.605366642105075,1.0116583918073379,113.76040896824641,95162.030315,95162.058081,0.8828180378843665
41.81943126192092,-0.7243393300555263,112.97430667729017,95162.043649,95162.070784,0.9478289831888639
42.04744937873286,-2.489612452067833,112.65501011586595,95162.056982,95162.087827,0.9814885251481663
42.074763430533736,-4.197269745543458,112.1038484339207,95162.070315,95162.094748,0.9076152227710285
41.982162309492196,-5.920809246790787,111.5627465160573,95162.083649,95162.109041,0.9461606973394584
41.779592681175615,-7.584747150650862,111.17159196087114,95162.096982,95162.122717,0.9212922698955865
41.35135527088082,-9.135881975230575,110.53932575556053,95162.110315,95162.137753,0.9188411696439434
40.93868655544572,-10.664707773554861,110.4412017727315,95162.123648,95162.154041,0.9495738945251356
40.432559451569226,-12.107832677947815,110.36216902424988,95162.136982,95162.161619,0.9667729096139561
39.60781238083771,-13.443612050254847,109.59699355591893,95162.150315,95162.177316,0.9861595122722745
38.88974581966516,-14.740520633892617,109.50768902380223,95162.163649,95162.188777,0.9434793463833208
37.94591148782279,-15.85525671701132,109.19245642736234,95162.176982,95162.204972,0.9480080693447802
36.907912019066515,-16.829367893430074,109.1425845726608,95162.190315,95162.217686,0.9468324809965775
35.68607008675037,-17.67930805766066,108.98798070698281,95162.203648,95162.234332,0.9708904335581191
34.34963106970109,-18.398664332082646,108.82012525509428,95162.216982,95162.241738,0.9773039192380228
32.840151920143455,-18.956043604800723,108.56750594066821,95162.230315,95162.254344,0.8560708272745585
31.19775081390334,-19.346301187775907,108.54599184943045,95162.243648,95162.269186,0.9373044551154146
29.392986895166015,-19.606884528903013,108.65463772586637,95162.256981,95162.281336,0.9456057186455966
27.247858004534447,-19.620092649969223,107.83508921003082,95162.270315,95162.297537,0.9455817411889277
25.397811061212803,-19.828867241175953,108.84302469352477,95162.283648,95162.315147,0.8843753582650047
23.055720303554786,-19.426650592457406,107.35638781363164,95162.296982,95162.323325,0.8689873538712608
20.943322435745934,-19.281026167314003,108.12596447949181,95162.310315,95162.335716,0.9867676924735487
18.731811070311338,-18.939359266956668,108.12400426810208,95162.323648,95162.348627,0.9745581955321465
16.519231353602958,-18.63237471689477,108.76878823525158,95162.336981,95162.367923,0.9853217177707176
14.315590649245662,-18.25538152883786,109.2065782754183,95162.350315,95162.375158,0.9078013668963305
11.911422932489456,-17.650809574024525,108.6956863766036,95162.363649,95162.397669,0.9642615212683698
9.630549381103503,-17.003703681718076,108.3233180183829,95162.376981,95162.40175,0.8185217054160487
7.393152788658451,-16.63209591816566,109.6301638720806,95162.390315,95162.414813,0.9168241709641349
5.179581448378801,-16.21017111625341,110.85071373607941,95162.403648,95162.427686,0.9894087077306255
3.03793665200985,-15.632862629991225,110.75251703362957,95162.416981,95162.449996,0.8848175450485821
0.9527553453953079,-15.102787532416402,111.09864197041348,95162.430315,95162.456046,0.9320728665159471
-0.9394595714980291,-14.574625066080323,111.40547882778405,95162.443648,95162.470167,0.8600240424551975
-2.7222813413196043,-14.104229326530096,112.22207206922332,95162.456981,95162.481341,0.8455357785731448
-4.329533876522934,-13.553164094918674,112.48993510560348,95162.470314,95162.494558,0.9030363060534464
-5.778701687818236,-13.058728200280482,113.0375778304863,95162.483648,95162.508081,0.9123524822197013
-7.008586573277816,-12.546089901853911,113.44248489520172,95162.496981,95162.527192,0.9693339187223702
-8.029210510539219,-12.002852700884269,113.86741700486596,95162.510314,95162.536441,0.9858603498178435
-8.870918283451916,-11.435855117141385,114.39491235640457,95162.523648,95162.550036,0.9916257150539723
-9.471505655687027,-10.81565573359349,114.60635517004953,95162.536981,95162.565306,0.9714203938925741
-9.908710082748819,-10.199706736595791,115.24467770561698,95162.550314,95162.574926,0.9602147267776372
-10.072385690242932,-9.561394880108063,115.55102575956784,95162.563648,95162.58781,0.9944557091127484
-10.007235904394378,-8.87240677248882,115.95622233940225,95162.576981,95162.60947,0.9965397315500693
-9.703473670439068,-8.097424216884587,116.08387565264405,95162.590314,95162.614899,0.9278191775074055
-9.198501657109347,-7.276909621834472,116.30679603583457,95162.603648,95162.62855,0.9613747544560649
-8.44910936932031,-6.433513955038034,116.46233710934061,95162.616981,95162.642719,0.9741027791749723
-7.4677110320471405,-5.571849811176735,116.63585299222251,95162.630315,95162.656806,0.9944557091127484
-6.215106048840824,-4.734284760007773,116.69768483790199,95162.643648,95162.668573,0.9805435927412621
-4.784988165536256,-3.9293482914780262,116.93929617044564,95162.656981,95162.682749,0.9538619141891661
-3.171082876938626,-3.175658414147952,117.06007853172677,95162.670314,95162.696445,0.9981233502821094
-1.436529335667363,-2.4894759730459834,117.10585230944163,95162.683648,95162.708658,0.9079058600556061
0.4087704409639524,-1.8794967406822023,117.09826439078307,95162.696981,95162.73096,0.9823826163312341
2.3424536379606793,-1.4130414496301775,117.19870355045364,95162.710314,95162.742372,0.9609910300674913
4.360367448667594,-1.0371762292679305,117.20097296826155,95162.723647,95162.749372,0.9876563990825571
6.390850774650553,-0.8068341039739648,117.18217629275138,95162.736981,95162.762335,0.9658560006991654
8.384082590480096,-0.7159182799490186,117.07630742412613,95162.750314,95162.775353,0.9842783448192857
10.36627082804027,-0.7435745197630722,117.29611440738276,95162.763648,95162.790556,0.9805517850721249
12.309440987286422,-0.8863121277161502,117.23831660134331,95162.776981,95162.803591,0.967606589795069
14.20239598316696,-1.1536877466161812,117.26700558544742,95162.790314,95162.814535,0.9353039668924318
16.03993834507439,-1.5499897096888327,117.64893808027554,95162.803647,95162.82821,0.987456559143132
17.71215116227272,-2.06389550859312,117.75153976518096,95162.816981,95162.84196,0.8591005265528466
19.194999976654376,-2.6478382968166128,117.69167043894215,95162.830314,95162.856445,0.8746631800817718
20.54741691187165,-3.2848152328146187,117.76903850690302,95162.843647,95162.869933,0.9364219342656409
21.693633603988545,-3.9297093755901193,117.70134726746505,95162.856981,95162.880879,0.936939811706543
22.605129280923435,-4.597185123459226,117.53873808526492,95162.870314,95162.898162,0.9898849787708185
23.27318204433365,-5.238632681620184,117.57146219759936,95162.883647,95162.914583,0.9524503563239033
23.656553435222634,-5.880824236438636,117.34875345808982,95162.896981,95162.927772,0.8707394713025918
23.796419304575206,-6.459850879387378,117.21950904303982,95162.910314,95162.934977,0.9922967153085774
23.767674430075378,-6.988909339248566,117.42071467429963,95162.923647,95162.949693,0.9356825716919762
23.402552834376745,-7.378190291562673,117.18976396357161,95162.93698,95162.962838,0.9506612691231691
22.70820601127377,-7.64421778093117,116.76447710584571,95162.950314,95162.977745,0.9967498136435226
21.77630010664349,-7.788454355360077,116.48419331710363,95162.963647,95162.990523,0.9544787470184446
20.638442660706666,-7.879211996542002,116.26439681883048,95162.97698,95163.002596,0.9381868747392765
19.288992551821472,-7.839467570060553,116.0305257335736,95162.990314,95163.016178,0.9891149031750487
17.737495072019204,-7.6645102809376064,115.72267684540923,95163.003647,95163.035436,0.8556577661119519
15.967422598131282,-7.4190545776121395,115.30084565705685,95163.01698,95163.042591,0.8247805119052781
14.041809624115341,-7.207536815139935,114.89873280786342,95163.030314,95163.056508,0.854426770485617
12.047382995414914,-7.060072910729544,115.04654696762314,95163.043647,95163.068198,0.9566659382390347
9.93769579389978,-6.860407839436231,114.99222809066389,95163.05698,95163.08229,0.8765667478213913
7.758534755107437,-6.60419663357588,114.82509699912288,95163.070314,95163.09759,0.9859075136271684
5.530722233820169,-6.3408300872664105,114.09414869350064,95163.083647,95163.110853,0.9283753274987457
3.311406189041278,-6.254965272371797,114.56027884438113,95163.09698,95163.123743,0.875710763171628
1.1592890767012032,-6.271893748338936,115.13629235863446,95163.110314,95163.136515,0.9433778637490177
-0.9429782267000331,-6.284118576829092,115.3231746596898,95163.123647,95163.148961,0.9398582659919384
-2.9376479268852833,-6.317234702014283,115.30394324310637,95163.13698,95163.167451,0.866707901998717
-4.811820399560111,-6.410834382836129,115.349774486588,95163.150313,95163.174472,0.8835596280184277
-6.566056492914319,-6.586271035800279,115.65798006517943,95163.163647,95163.188057,0.8959926391058743
-8.103114233576242,-6.771521940427965,115.56171499889284,95163.17698,95163.203878,0.9569755342547497
-9.532234182255545,-7.005717260036061,116.16194743759158,95163.190313,95163.214586,0.9659165579313598
-10.734256420531306,-7.243424529632375,116.24727962346624,95163.203647,95163.228499,0.8763407305912225
-11.758106512925346,-7.517534295930786,116.31080288042075,95163.21698,95163.249046,0.9114801212417456
-12.565675204351606,-7.832240785335411,116.28533034775859,95163.230314,95163.254872,0.9294427863700212
-13.204067708555703,-8.188867605176462,116.55391260480785,95163.243647,95163.268878,0.9229233291991354
-13.586417063817404,-8.51378615717619,116.5137031061176,95163.25698,95163.281657,0.985403833810681
-13.787098901196858,-8.810049071484226,116.79538837327954,95163.270313,95163.295123,0.9406308478926001
-13.670550660029576,-9.04109370633582,116.48267908194198,95163.283647,95163.311441,0.9065298751271093
-13.317585259942893,-9.259201956569184,116.48650206313472,95163.29698,95163.322701,0.969870401464688
-12.626126084322472,-9.406724151583193,116.27036985899879,95163.310313,95163.336707,0.9495024118936194
-11.695853800722409,-9.494558674020704,116.59229221616874,95163.323646,95163.348076,0.996482025816654
-10.410066769179197,-9.384512679786459,116.13798832922048,95163.33698,95163.361583,0.9139021516540464
-8.945918417246803,-9.196310400892562,116.07171280735935,95163.350313,95163.377311,0.946005326901896
-7.2554342956665545,-8.919464439427466,116.07537291550587,95163.363647,95163.38956,0.8636359825526254
-5.2879813078779865,-8.555970649265227,115.64863436835844,95163.37698,95163.403563,0.9969878386365411
-3.1515992395912584,-8.142308188071487,115.80879500489955,95163.390313,95163.415891,0.8995624769206594
-0.8167968719875487,-7.65381707946424,115.62773335733331,95163.403646,95163.429626,0.8455326941201383
1.6647705863774687,-7.116301234891294,114.82612182164121,95163.41698,95163.443138,0.9612726678855253
4.198983724899912,-6.624625148794486,114.71961140693494,95163.430313,95163.455024,0.9659723121143903
6.839975261411081,-6.190467594607907,114.61814322733176,95163.443646,95163.469376,0.9350190922181786
9.536519255654197,-5.842467925786813,114.43595291252382,95163.45698,95163.488201,0.9335289301037643
12.241366492249565,-5.54393402400752,113.9219278751461,95163.470313,95163.497866,0.9880936343420111
14.954727985763453,-5.365357009854672,113.83369186680311,95163.483646,95163.509494,0.9727508655546848
17.676117750235942,-5.293374525797949,113.95948431484513,95163.49698,95163.521902,0.9736677097204726
20.391938206246248,-5.326183083245994,114.58206070576422,95163.510313,95163.53512,0.9435581899194947
22.956090556736154,-5.394568763043313,114.37509085348546,95163.523646,95163.549232,0.9892737910044743
25.473896028933506,-5.537205647867427,114.42197201760415,95163.53698,95163.567333,0.9955702636837238
27.850571618190312,-5.684375598904272,114.5011984883286,95163.550313,95163.57484,0.9966628011965899
30.062274613537976,-5.7998605480894625,114.46658916460726,95163.563646,95163.589585,0.9622061534847399
32.1129604775444,-5.923868401444296,114.48183992972979,95163.576979,95163.60209,0.9221330933105101
34.10675331287288,-6.052450413689332,114.78744590130788,95163.590313,95163.615776,0.9560795892588381
35.89622098605602,-6.1625817132689376,114.89729659995396,95163.603646,95163.631702,0.9939203319667717
37.54260696523832,-6.250056240167188,114.9933702228439,95163.616979,95163.643638,0.9923425873325532
39.16465249225324,-6.33724279501179,115.48901518884487,95163.630313,95163.654447,0.8796008107926329
40.45851104799255,-6.411912260071527,115.39318129418231,95163.643646,95163.668195,0.8895274283738428
41.81867901835575,-6.5407803638285476,115.88955174493063,95163.656979,95163.681685,0.8258957010334446
42.9256425271959,-6.6150442167714845,115.97053065482233,95163.670313,95163.695729,0.9675714118936147
43.97594891604678,-6.698447771602254,116.32251132144691,95163.683646,95163.709187,0.8138875900819516
44.855120474252494,-6.777002718963407,116.53804312080896,95163.696979,95163.72976,0.9853808241687001
45.52111499617899,-6.813569597202409,116.52526051612367,95163.710313,95163.734709,0.8390702601637281
46.203180244664054,-6.8580247425257514,116.91053111532018,95163.723646,95163.750391,0.9753652278821788
46.66232847683007,-6.851703155685497,117.02398387935887,95163.736979,95163.764312,0.8457518072691153
47.0163896590762,-6.790999074454032,117.19289926222424,95163.750313,95163.775445,0.9791978859347847
47.2826295253831,-6.668829844439143,117.51911782072831,95163.763646,95163.790352,0.859992440408803
47.23734019997195,-6.434624377648721,117.36301426131736,95163.776979,95163.805704,0.9964091784428865
47.006442202975556,-6.122128058275672,117.14200345046531,95163.790312,95163.816928,0.9550477329283047
46.932435699182015,-5.753685030391611,117.69028536808626,95163.803646,95163.827768,0.9901305093148622
46.52787028923656,-5.286560580024101,117.75917144947408,95163.816979,95163.847641,0.9235110003898105
45.95864666041041,-4.749574119500834,117.78895770044089,95163.830313,95163.856504,0.9106535087399582
45.29591613731367,-4.137684950844007,117.98980012240129,95163.843646,95163.868364,0.835497081987686
44.482896683100854,-3.442280720156761,118.19719769174846,95163.856979,95163.883615,0.8140344810613096
43.33627642096737,-2.6704661703210504,117.84457506373177,95163.870312,95163.901908,0.8296281483710274
42.273682076849994,-1.871519414799353,118.20072387021065,95163.883646,95163.909517,0.8559535334147117
41.01569438617935,-1.0365115432424534,118.47504232909226,95163.896979,95163.926947,0.7730094029100356
39.54542456447246,-0.16536405858593042,118.6005171031021,95163.910312,95163.935282,0.943579522217985
37.826456566322406,0.7414449891390593,118.33459813667238,95163.923646,95163.950955,0.9310641317085229
36.21312491210462,1.6521789522415726,118.88478380466044,95163.936979,95163.963642,0.9891174394813418
34.38043833987747,2.561278907143237,119.16780223913084,95163.950312,95163.976006,0.8940610505127586
32.37054699695004,3.4688270793034084,119.20406322707203,95163.963646,95163.987778,0.9292496003892138
30.225204997319395,4.324987523821134,119.17454920928293,95163.976979,95164.004038,0.9629362753131316
28.182328702609485,5.148241158561477,120.1735288620236,95163.990312,95164.015348,0.8222461581313135
25.809521052269933,5.860223812035096,120.11215224008232,95164.003645,95164.038304,0.9455348853148313
23.485606663472208,6.5182434737693455,120.57211552484134,95164.016979,95164.041554,0.9260129349687491
21.091467508535658,7.146040459828819,121.04030454386121,95164.030312,95164.055447,0.8904338301044386
18.642287638127737,7.7225592410432915,121.64141128852279,95164.043645,95164.069001,0.8661259549105599
16.056304594554437,8.208878245893047,121.37785515157896,95164.056979,95164.088231,0.9061234919070625
13.518347217813268,8.653370492988511,121.92775278392891,95164.070312,95164.094767,0.8676490261757085
10.99154429639547,9.070794037669485,122.18297972659607,95164.083645,95164.110696,0.8756743071131091
8.473341427372164,9.498897332843956,122.65663329317076,95164.096979,95164.121561,0.9229263215545886
5.9704806747038015,9.858615431641203,122.88369690421212,95164.110312,95164.134998,0.9016497351290801
3.474685669052859,10.173315383654982,123.32352396092912,95164.123645,95164.147833,0.984743097060437
0.9897588582629616,10.471692044064229,124.12319758572164,95164.136979,95164.161536,0.9741138159834132
-1.453518541456388,10.64169994478992,124.07715493828873,95164.150312,95164.176198,0.9637787307699107
-3.8707556842904345,10.776248130535361,124.40182936000443,95164.163646,95164.194005,0.9886636573065247
-6.192920912177455,10.845336151233015,124.49052208599915,95164.176978,95164.209171,0.9684213419117287
-8.476115538702999,10.849244239616233,124.59048928388206,95164.190312,95164.215077,0.9101567759482957
-10.685982975139225,10.820542591064498,125.00099462437622,95164.203645,95164.232091,0.9315973358122405
-12.757320487670606,10.614171156162598,124.72307632027423,95164.216978,95164.248504,0.9864218643942593
-14.716676150841716,10.332733325591716,124.50346035018832,95164.230312,95164.260891,0.9841012119601056
-16.618704770473926,9.97032891046525,124.67628283943984,95164.243645,95164.268993,0.9126437339822236
-18.36404189676847,9.49675637343357,124.54154380477831,95164.256978,95164.282825,0.8631358692845343
-20.038084070980226,8.927376492176778,124.77028275351724,95164.270312,95164.294245,0.8106337115748117
-21.52462391700919,8.267259798428784,124.56013601176033,95164.283645,95164.308303,0.8809984944105811
-22.822103633628064,7.509649140100867,124.18843832599217,95164.296979,95164.321439,0.9557065911363471
-24.118137251298954,6.678893469368538,124.27458366104335,95164.310312,95164.342893,0.8925603219356093
-25.3502829069149,5.777863768446233,124.45134631863637,95164.323645,95164.349083,0.8783373813257088
-26.272208457590054,4.733278012820205,123.84008454612048,95164.336978,95164.361476,0.9454081659928242
-27.275018327685732,3.644120083551157,123.99658850414268,95164.350312,95164.37481,0.9908798141743361
-28.120071512361665,2.5082365797811605,123.87544692151188,95164.363645,95164.396097,0.9818781921519194
-28.980054447576563,1.3627142629719076,123.98868816060276,95164.376978,95164.40368,0.8574308938283329
-29.735471883662626,0.16656187434173064,123.88669513710428,95164.390311,95164.416448,0.9971629159710629
-30.42968937989256,-1.0979215658231727,123.71894935522621,95164.403645,95164.428111,0.9135388837300784
-30.974444823428165,-2.4163770664231268,123.43205060004037,95164.416978,95164.448065,0.9847109627156372
-31.312789643570305,-3.706888564202469,123.10748458130608,95164.430312,95164.460946,0.9255154092169878
-31.50290438337561,-4.905933728872548,122.83974826025867,95164.443645,95164.470872,0.9120674817318895
-31.563105918415136,-6.033416176433864,122.64064925145253,95164.456978,95164.484009,0.8804787204691823
-31.399887369539016,-7.076921775632404,122.35174910985722,95164.470311,95164.495534,0.9516352585459007
-31.06560048873683,-8.106698973434908,122.18262712804452,95164.483645,95164.509019,0.9340464499136669
-30.522950805030735,-9.061340472461831,122.05964849030774,95164.496978,95164.521122,0.9693498257230347
-29.880519153162307,-9.916555885308833,122.28292415692306,95164.510311,95164.535382,1.0
-28.953957375286045,-10.63772535493435,122.15657378154354,95164.523645,95164.550466,0.9609597726459608
-27.849206864970164,-11.20093165218334,121.9579259777706,95164.536978,95164.561254,0.994281475346727
-26.624217156949957,-11.728277311460902,122.13317833924779,95164.550311,95164.574768,0.9026785819429719
-25.106725598427467,-12.101745922402195,121.99895406973518,95164.563645,95164.587601,0.9674627493676664
-23.474038857828994,-12.353711690915748,122.0290710788446,95164.576978,95164.601193,0.9160481003921611
-21.616524678820987,-12.400547928184974,121.80645424191809,95164.590311,95164.614816,0.9787399613698932
-19.73384195981102,-12.374636915832813,122.08272561761379,95164.603644,95164.630492,0.9466580090259582
-17.74317567574146,-12.295244046305802,122.60117176215333,95164.616978,95164.647244,0.8211390914779563
-15.534468413654984,-12.076911461980249,122.80526326173785,95164.630312,95164.654665,0.8435992131417942
-13.151640316874467,-11.717019944021702,122.7045649943084,95164.643644,95164.668067,0.9093348615805316
-10.720640643245142,-11.331692909408975,123.25772722324368,95164.656978,95164.682054,0.8998772991339965
-8.133771199377723,-10.85660963527979,123.41585969646225,95164.670311,95164.694598,0.8552938354791112
-5.36718117979263,-10.281476262548793,122.94001050339726,95164.683644,95164.709092,0.9216829651759386
-2.5965272761630454,-9.749687670111669,123.07630559401679,95164.696978,95164.724713,0.9473528170738671
0.22341241263928432,-9.238333071182408,123.26273134993632,95164.710311,95164.738142,0.9449907906854361
3.0979226863649476,-8.765160568762132,123.39767490219229,95164.723644,95164.748447,0.9037348922531449
6.029076015971407,-8.377937563874365,124.44871140810845,95164.736978,95164.761047,0.9107664396267131
8.98685224499086,-7.999391376217791,124.52121727650344,95164.750311,95164.776004,0.9441604111088892
11.943262522931285,-7.659223844435577,124.66737924380278,95164.763645,95164.788095,0.8271789846936924
14.816728577372674,-7.375441230270321,124.60525572907976,95164.776978,95164.802216,0.9752569813886549
17.686538009970008,-7.2068875075586005,125.06798467948275,95164.790311,95164.816637,0.8582254261119768
20.506427874374896,-7.120194653202033,125.77509952929694,95164.803644,95164.831103,0.9521844239924802
23.244060989639397,-7.103055921012353,126.39945292958627,95164.816978,95164.842096,0.9745324257404134
25.87939593806379,-7.201438496924587,127.03114328164526,95164.830311,95164.854513,0.9963459308319917
28.42168195218394,-7.375805003163888,127.66964782424506,95164.843644,95164.869239,0.9706963566884171
30.62712609103746,-7.570126399754227,127.58062919756871,95164.856977,95164.8822,0.9972178394243859
32.86237413930413,-7.884205433972837,128.42000370530963,95164.870311,95164.894606,0.9583893408034306
34.909838619038624,-8.201788737404254,129.05884343385293,95164.883644,95164.908287,0.9583893408034306
36.74542472363834,-8.517116205349351,129.4898587990205,95164.896978,95164.92448,0.9028490281444254
38.402475647677875,-8.855155054117814,129.76614379389477,95164.910311,95164.9366,0.9273362405891873
39.96949278891217,-9.267119830467728,130.28421556960666,95164.923644,95164.947966,0.9441123745038603
41.390863355648975,-9.716434718959054,130.72860770227163,95164.936977,95164.961706,0.9418468087252958
42.66204340421026,-10.179391914944558,131.12290636875176,95164.950311,95164.97561,0.9710709456984457
43.75251292630857,-10.629621187240156,131.40974981249587,95164.963644,95164.990475,0.8137824675366861
44.71317803827243,-11.069738200598712,131.55051714579497,95164.976977,95165.010782,1.0
45.7275843490372,-11.526037365591622,132.18566707369666,95164.990311,95165.01683,0.9675694783549286
46.54660033096507,-11.91176925533818,132.62236363779408,95165.003644,95165.034105,0.9401749610900879
47.057861256032965,-12.155507415540361,132.51858236183196,95165.016977,95165.042489,0.8715051424707304
47.40323251827137,-12.318672319404353,132.2961421191755,95165.030311,95165.054807,0.9614479477911021
47.77180018960408,-12.47990220595738,132.45836336527762,95165.043644,95165.069983,0.9050743793773439
48.15966433676186,-12.6239684467467,133.02237400696612,95165.056977,95165.082961,0.8453519783258611
48.166895006976894,-12.64590485530413,132.912067725005,95165.07031,95165.094849,0.909961044964508
48.01632958317997,-12.58745363972093,132.7787337302192,95165.083644,95165.118827,0.9390918793381714
47.734997917572954,-12.448711640179665,132.70861735154799,95165.096977,95165.123305,0.8573861769383877
47.17893533851603,-12.230991932309001,132.40787999170124,95165.11031,95165.141342,0.9661293940584217
46.28788611373073,-11.916061347708915,131.5877635777036,95165.123644,95165.148934,0.8773611394502937
45.328815465369864,-11.617205013195845,131.08007927172832,95165.136977,95165.161504,0.9669310387070673
44.235736605901494,-11.279587623821241,130.72712766713312,95165.15031,95165.177124,0.9585672425358777
42.81741838184764,-10.84226739444003,129.93635426512975,95165.163644,95165.188002,0.914212054849382
41.29767547040558,-10.402331692873682,129.4709735820588,95165.176977,95165.20215,0.8665973871828803
39.701113776600174,-9.949931232910453,129.30962280630325,95165.19031,95165.214521,0.7970863446007748
37.684619307457645,-9.3993440255307,128.2705210050568,95165.203644,95165.227379,0.9567758421257503
35.377664104143506,-8.816208104484296,126.70412584937255,95165.216977,95165.241463,0.9768753404103915
33.43535367847954,-8.415006365547631,127.14728699437934,95165.23031,95165.261505,0.7704914598663656
30.91087080779409,-7.9044782348337534,125.60992094965783,95165.243644,95165.271614,0.9515931208131456
28.5617144079689,-7.528807600173642,125.40198499534189,95165.256977,95165.281646,0.9656592192881036
25.98129022248733,-7.133586131049414,124.83974641033018,95165.27031,95165.294586,0.9446485983439233
23.218505426830436,-6.697117569567732,123.67988555616219,95165.283643,95165.318774,0.9197776607217012
20.63931828744715,-6.471851824351466,125.03639981464119,95165.296977,95165.321569,0.9754488428242692
17.677284162975944,-6.05860745023811,123.49145088456025,95165.31031,95165.342002,0.8755275251845687
14.807438572930018,-5.5913907477599,121.83316503234532,95165.323643,95165.353888,0.9465021006032486
12.154566390824206,-5.281123947714069,122.79801049388317,95165.336977,95165.364092,0.9489511826440403
9.425544661622157,-5.0140930917039865,122.58336817510612,95165.35031,95165.377002,0.9670527957281546
6.690433446805534,-4.905199038262204,121.75699414290796,95165.363644,95165.389215,0.8828344053824504
4.013250869671238,-5.06440910052262,122.41134842297002,95165.376977,95165.401866,0.8582322458022498
1.4769482000648886,-5.261259238285642,120.82169672798977,95165.39031,95165.416409,0.8710713772775143
-1.0339982908007999,-5.727208861205715,122.5655760687844,95165.403643,95165.427777,0.9527033264134487
-3.338723738802018,-6.078920780201265,120.92181794313271,95165.416977,95165.443534,0.8353877337203709
-5.603356073900538,-6.738831993839397,121.46271966645098,95165.43031,95165.457825,0.9835808854787041
-7.538754032389798,-7.398793553962298,120.66617254386193,95165.443643,95165.468696,0.8924439194183514
-9.411115856800809,-8.178175310280283,121.37685564593141,95165.456977,95165.48121,0.9665330637895145
-11.010293518308803,-8.918620005520218,121.36441909755852,95165.47031,95165.495816,0.8912438521844772
-12.36327005690698,-9.665900959381215,121.18774712166136,95165.483643,95165.508493,0.9825104444560135
-13.468890285695458,-10.409208732198616,120.99275608388632,95165.496977,95165.521767,0.9348529396850335
-14.368310062855155,-11.13470055520389,121.18824684235199,95165.51031,95165.534875,0.9807645162786329
-14.84756014578284,-11.718417597181405,120.73016388289221,95165.523643,95165.547622,0.9866560578879291
-15.069468827405743,-12.189754170856432,120.68470680840187,95165.536976,95165.561278,0.9320166851051751
-14.981482629902318,-12.53897642695421,120.64674267710348,95165.55031,95165.575646,0.9325316279561443
-14.56209149613595,-12.738540439454216,120.58715424564599,95165.563644,95165.590437,0.889913908379284
-13.763537890935634,-12.81259176306655,120.39866051704655,95165.576976,95165.603089,0.9788540995180117
-12.55153474310469,-12.706783601307462,119.98549813980905,95165.59031,95165.615909,0.8993508510859125
-11.102048461267385,-12.407215384294368,120.16849053788403,95165.603643,95165.627956,0.9155456363078667
-9.408897548454293,-11.88857767995562,120.48145708454845,95165.616976,95165.641919,0.9726565774510858
-7.408539648684483,-11.13948252231044,120.18363373057772,95165.63031,95165.65452,0.9860795241103268
-5.207455122516907,-10.296718162610757,120.04498123038324,95165.643643,95165.667904,0.9824528671872668
-2.7850928872345326,-9.446754268955367,120.7424028280087,95165.656976,95165.681304,0.840383241408906
-0.1179448711973686,-8.427541250689474,120.58792515568089,95165.67031,95165.694061,0.9064731553736984
2.693997743613537,-7.3468124813786435,120.6803058845067,95165.683643,95165.710386,0.9283303434684648
5.547935231569057,-6.260475185825002,121.60651662771971,95165.696977,95165.72387,0.7565587065442814
7.770548285914664,-4.786120460048808,112.31367851701042,95165.710309,95165.735715,0.9935325343341467
11.3450016423652,-4.069188862995963,122.47581672639674,95165.723643,95165.748106,0.9409498110405714
14.252709953778151,-3.0365066340460105,122.9601071473497,95165.736976,95165.772014,0.9804451796529351
17.138878319914497,-2.087394358212572,123.7198393975871,95165.750309,95165.774894,0.9552162441421256
19.841508102358997,-1.2107907326455456,123.99187923174907,95165.763643,95165.788714,0.9039277701373003
20.334919466360187,-1.248317500373452,134.60012096715627,95165.776976,95165.803488,0.8890165226174469
25.02823084501228,0.4241990576777487,125.85514943586088,95165.790309,95165.816863,0.9773509903434267
27.361706170953717,1.2332017716090462,126.4708322129797,95165.803643,95165.827999,0.8421656849372413
29.49036704618223,2.057743167566632,126.90923650792136,95165.816976,95165.842417,0.9951269288438976
31.546582260399536,2.855373155039349,127.69007138271657,95165.83031,95165.854387,0.9643033281160167
33.46295485529767,3.594003241680491,128.5744932463319,95165.843643,95165.869082,0.9900878301709979
35.10441030602612,4.221443508339551,128.81550800811166,95165.856976,95165.882602,0.9500819818234737
36.78590079333081,4.786505473709813,129.9108109194327,95165.870309,95165.896685,0.9479782855995718
38.09041715011907,5.252993038049645,129.99669253941977,95165.883643,95165.907534,0.8820142276330019
39.33421330023726,5.68261915179126,130.59488526012217,95165.896976,95165.920883,0.8611540911087294
40.56076768406489,6.091636841154674,131.70192651538665,95165.910309,95165.934706,0.8572619438171387
41.4178646004964,6.455885533151252,132.01306994709915,95165.923643,95165.947938,0.954511732315504
42.27338283332955,6.835604655076848,132.75119251777394,95165.936976,95165.96307,0.9415731322585916
42.893883992610256,7.208299352217444,133.10517392908423,95165.950309,95165.975466,0.8944272041320801
43.271532436672615,7.508218851667418,133.02393969274755,95165.963643,95165.987783,0.8746446970353774
43.600103556576244,7.77033131693886,133.18351052966014,95165.976976,95166.001359,0.9086351974437612
43.953552759196626,7.987852777707397,133.64251037050235,95165.990309,95166.015688,0.9619909200212209
44.14963276594051,8.143086172017162,133.91838677453583,95166.003642,95166.02767,0.9213085911642523
44.36412602982248,8.309267556623583,134.44791485513377,95166.016976,95166.041059,0.9427311745651831
44.03525322628064,8.475513122435355,133.5904013070945,95166.030309,95166.056086,0.9128311837509037
43.91846932697384,8.75676571917914,133.73848003980004,95166.043642,95166.070234,0.9507892608642579
43.60130145314108,8.964245184835478,133.40479671248488,95166.056976,95166.083121,0.8049935013907685
43.233739941762096,9.160296966095688,133.3243583821436,95166.070309,95166.094296,0.8832094679300013
42.70469969909647,9.356733847565465,132.88731605316863,95166.083642,95166.118181,0.9715628122762802
42.13449165481485,9.652677035136014,132.8701936028714,95166.096976,95166.121636,0.9068430123801994
41.325548802488775,10.00886859318281,132.35570777764875,95166.110309,95166.135155,0.9725857734680176
40.36873919512514,10.482876589364759,131.86829296527463,95166.123642,95166.153918,0.9592396164234437
39.32200484192259,11.10737315015734,131.4282005060753,95166.136975,95166.164634,0.9974207682440759
38.15239409628627,11.78908793856719,130.8697855634233,95166.150309,95166.175807,0.9872498591700422
36.83427016394033,12.510125268591052,130.2060154948355,95166.163642,95166.187697,0.9869457632001128
35.462933698842434,13.27075422698242,129.76124208768755,95166.176975,95166.21128,0.9372845707262817
33.92607107661447,14.003821099032946,129.11219384670943,95166.190309,95166.215032,0.9840870796715188
32.21442280479831,14.683925171372136,128.27097320624523,95166.203642,95166.22845,0.9875343740784519
30.379688521267642,15.299494189434968,127.41257573703696,95166.216975,95166.247179,0.9248727007532841
28.482394520767066,15.840039021938773,126.60667459385076,95166.230309,95166.255587,0.8497141291066183
26.548578410618127,16.28747400624023,126.00877499836294,95166.243642,95166.269871,0.9754476453813373
24.37859034667265,16.496882438869996,124.47727812393352,95166.256975,95166.281373,0.8977813937028186
22.346758966462676,16.75916342051972,124.13949985332395,95166.270309,95166.305189,0.9678084558306649
20.15400009949708,16.80156260228315,123.2438497056283,95166.283642,95166.30839,0.8413124422915547
17.90264860190023,16.658922802780257,122.18052011307088,95166.296975,95166.322067,0.9474728253330155
15.703623013130075,16.414428154826716,121.6881031049182,95166.310309,95166.338907,0.8316755564757837
13.464241358982429,15.948682243636522,120.55363484026157,95166.323642,95166.349187,0.9979490767355091
11.226466243824243,15.394788834668288,119.68697591179539,95166.336975,95166.361373,0.9113541439984845
8.974322591942657,14.65540094064317,118.68087325742245,95166.350308,95166.375162,0.9861855077577057
6.733449737428823,13.737652699128768,117.80903550325571,95166.363642,95166.389813,0.9624112687936288
4.520658547735631,12.588994041460676,116.82353087656658,95166.376975,95166.40199,0.9857763262170927
2.3896446634759854,11.321595339872967,116.13922698311849,95166.390308,95166.415272,0.840307718734471
0.33551752621634123,9.97075319736194,115.10438973833863,95166.403642,95166.428664,0.9964658745771255
-1.6757045812416373,8.536229112708266,114.34602658249618,95166.416975,95166.445171,0.9366991243024634
-3.5562314074048706,6.988504258827045,113.70089850959722,95166.430309,95166.455764,0.9231359289827161
-5.263598272449914,5.232576115514995,112.23185254625743,95166.443642,95166.468158,0.9112645587931754
-6.847929714780861,3.4374444523961953,111.3364957656127,95166.456975,95166.483431,0.8552982275557701
-8.278406607166351,1.6471525753071155,110.55688700942612,95166.470308,95166.494715,0.9452577040293951
-9.57513441688779,-0.21705250105476018,110.1193496506269,95166.483642,95166.514642,0.8630417736334957
-10.565692761856583,-2.170118210559617,108.78631765231356,95166.496975,95166.52745,0.9093431077177333
-11.407464773983403,-4.211320390321676,108.13141688488385,95166.510308,95166.542204,0.8829352647058034
-12.064822562313982,-6.201566031701655,107.62225894331651,95166.523641,95166.549137,0.8304309813030196
-12.530891053301673,-8.141507193942656,107.06786986870668,95166.536975,95166.561543,0.8998946043437547
-12.907485791937793,-10.055062084663732,106.76091632376867,95166.550308,95166.580219,0.998767960634496
-13.067125150910556,-11.94356851111339,106.04359532649929,95166.563642,95166.588025,0.9972342300956857
-13.090368663097475,-13.815027172951364,105.68467146849915,95166.576975,95166.602923,0.8356020201803125
-12.902690317717324,-15.48035272574522,105.26740069404921,95166.590308,95166.614626,0.9418523415182363
-12.649731687330082,-16.95479420141785,105.0229906258012,95166.603641,95166.627935,0.9581928312824048
-12.283524969363484,-18.133327667086412,104.6761846596276,95166.616975,95166.643406,0.9311576525891111
-11.794776255080523,-19.134931678146774,104.51710381617032,95166.630308,95166.656652,0.8830498623593469
-11.114404128462867,-19.93063513675667,104.48111923678533,95166.643641,95166.671859,0.9278972001165674
-10.21702928521181,-20.451956288528276,104.33425050300552,95166.656975,95166.681888,0.952748370245006
-9.227712232365159,-20.739990888396083,104.42340129626359,95166.670308,95166.694193,0.9928426852249727
-8.092034482326644,-20.7716551718724,104.34788311973394,95166.683641,95166.708627,0.9879961891977749
-6.802932539296896,-20.70216884002989,104.28514127089979,95166.696975,95166.722849,0.9800137772894397
-5.323731081140514,-20.540102926589558,104.3063111649913,95166.710308,95166.734941,0.9153652622982357
-3.6545744889461993,-20.286008831432405,104.64630722598223,95166.723641,95166.748358,0.8813786423192391
-1.7983199291086789,-19.831004092265996,104.80844741364157,95166.736974,95166.762839,0.9006081553549395
0.22181260156729976,-19.258456653576328,105.06722544330346,95166.750308,95166.782311,0.97699642938399
2.3698765961607235,-18.55969316515632,104.96766683502776,95166.763642,95166.798489,0.9500577283179229
4.663953646644843,-17.829343762076565,104.95932473114742,95166.776974,95166.803378,0.9538698125973627
6.9720818729486425,-17.10649278960009,104.87053992597109,95166.79029,95166.820692,0.9501165645534699
9.346225076603401,-16.36521831978096,104.97429888378996,95166.803623,95166.828517,0.9020738186054281
11.74993450882853,-15.614334220557518,105.29552668358379,95166.816956,95166.843546,0.8827156703622955
14.121350543193062,-14.792900722963504,105.360028500098,95166.83029,95166.854853,0.9953151434710747
16.504309422302704,-13.972889230134324,105.63128964184193,95166.843623,95166.868298,0.9495755059515798
18.845951498395987,-13.202575395077531,105.98337320771493,95166.856956,95166.88442,0.85739888208381
21.13811735660915,-12.430465861216259,106.25369449476379,95166.87029,95166.894633,0.9604449834494834
23.35748911328496,-11.69383334160919,106.59924503860614,95166.883623,95166.908302,0.8713702822219566
25.503531207999625,-11.0244478156561,106.9623760462234,95166.896957,95166.923208,0.8967737929918325
27.50710335614824,-10.442819088275664,107.21562114827758,95166.910289,95166.936715,0.9788757291391503
29.42461020686891,-9.983269293268366,107.55477607703138,95166.923623,95166.949439,0.9400536674466101
31.202704491966998,-9.628179710601701,107.87642336010411,95166.936956,95166.962752,0.9382630926646338
32.869345855093655,-9.377145727750776,108.18886856431347,95166.950289,95166.983369,0.8120146447758557
34.390306289547574,-9.231633300647028,108.36685717326708,95166.963623,95166.988839,0.8373534459641069
35.709944217474764,-9.151558106092015,108.34816184593414,95166.976956,95167.002859,0.9660895730824508
37.11675936557675,-9.207447400401772,108.950298337493,95166.990289,95167.019142,0.9390147623734997
38.226089572280976,-9.29739235234607,109.12154106248401,95167.003623,95167.028249,0.9657738599334124
39.17570045278332,-9.461187748019537,109.23341935998279,95167.016956,95167.042684,0.978246251264564
40.06008381527333,-9.698809450865612,109.52733666464128,95167.03029,95167.054624,0.9929306228431457
40.7731836223183,-9.975081735007588,109.706384366626,95167.043623,95167.069748,0.9963391005692072
41.29151883498328,-10.258394957180313,109.63295626161005,95167.056956,95167.081729,0.845338104632566
41.71114705354771,-10.594390323227046,109.73404323435949,95167.070289,95167.095184,0.9258205368104294
41.84942635273125,-10.928604665758497,109.56160199436978,95167.083623,95167.107522,0.9680449346674687
41.87176295089841,-11.25681648339906,109.49380355535446,95167.096956,95167.121741,0.9385775435205559
41.60967660725315,-11.493875434477413,109.13968946692424,95167.110289,95167.13568,0.9773877139796073
41.232329369794655,-11.68848765469583,108.97126897417618,95167.123622,95167.147957,0.8459013060065709
40.56305339934333,-11.796341793132171,108.52276836880431,95167.136956,95167.161113,0.8263096572119245
39.64113652911434,-11.779910809114211,107.9717198907547,95167.150289,95167.175642,0.9505987349189416
38.4586464509479,-11.660815526718942,107.31546641282101,95167.163623,95167.189303,0.8222931470552812
37.16608726753389,-11.481659695395328,106.86030087773365,95167.176956,95167.202923,0.8740013155598116
35.63042166847078,-11.235087086866065,106.25905816573652,95167.190289,95167.214703,0.8362490563706125
33.83668245656132,-10.905212281638459,105.48506015197923,95167.203622,95167.228996,0.9239376311809308
31.968402598203664,-10.569169854923647,105.1929571337425,95167.216956,95167.243469,0.95492287679922
29.96537182461657,-10.23679548314334,105.09262228444047,95167.230289,95167.257054,0.840420466104505
27.782633668048334,-9.854254688548718,104.78563167569709,95167.243623,95167.270642,0.8814238586910932
25.351039199463322,-9.360902064785643,103.74978982828978,95167.256956,95167.291075,0.9355010929891953
23.000682204535142,-8.76937941368298,103.33550537977939,95167.270289,95167.295497,0.8883186327002198
20.681176670032592,-8.1957236226485,103.76734633243963,95167.283622,95167.308864,0.9577846649292755
18.221648196942226,-7.640763849338206,103.61559727119459,95167.296956,95167.322247,0.9439636810285503
15.674344414015971,-7.157753820538647,103.01209509862443,95167.310289,95167.335853,0.9834957102790145
13.221905845260071,-6.826465334192415,102.78239778753266,95167.323622,95167.347999,0.9147495715050955
10.803831278005614,-6.576073643427819,102.28309123356505,95167.336956,95167.362263,0.8643991293987
8.44547589721375,-6.5376493654102825,102.34995448103744,95167.350289,95167.376241,0.8638237236774005
6.207960527802978,-6.657139520134311,102.24786576345194,95167.363622,95167.387413,0.9192424807144912
4.089195987006376,-6.92691373215795,102.67351001149811,95167.376955,95167.410086,0.9807052760861245
2.127310564310309,-7.303720336366368,102.9245153974576,95167.390289,95167.417824,0.9158974448018838
0.29602232297594616,-7.696297523362242,102.67719478006363,95167.403622,95167.43055,0.9554261970448108
-1.3608656553473972,-8.271977365341654,102.71322888217449,95167.416955,95167.440831,0.8547428695267824
-2.7541261993333026,-8.931932505553196,102.7265433230928,95167.430289,95167.457079,0.9145253812169869
-3.847995060945641,-9.584041855645818,102.50688755059068,95167.443622,95167.471916,0.9595224670236994
-4.701329591854584,-10.177104693596455,102.74447217016551,95167.456955,95167.483094,0.9782974646993441
-5.269595215340041,-10.654127966213078,102.67934418894538,95167.470289,95167.494436,0.965808247107521
-5.526137783400951,-11.112142969872512,102.46488308087253,95167.483622,95167.509383,0.97797641875186
-5.427141449221283,-11.556587094221168,102.39349331949342,95167.496955,95167.524269,0.9461277783275887
-9.832601195149651,3.852583046592773,116.84745724330814,95167.510289,95167.537566,0.9560267604859147
-3.975298360958991,-12.18533286309825,102.52106691909385,95167.523622,95167.547874,0.9321830411102475
-2.706382197956756,-12.203638971957806,102.49515973346872,95167.536955,95167.562329,0.9950672708434233
-1.1583562359584372,-12.016114512405817,102.44185642232404,95167.550288,95167.576514,0.9761076591208535
0.6240911942917788,-11.67294340912311,102.3491411726901,95167.563622,95167.588805,0.8684787449962449
2.584018338196364,-11.22415395175847,102.67003172218025,95167.576955,95167.602617,0.94372038881055
4.718409293755984,-10.587423509470396,102.58344037194836,95167.590288,95167.616354,0.907416812712336
6.942164282623833,-9.893205454533902,102.68159522122954,95167.603622,95167.631326,0.9726208538416008
9.249415505578005,-9.150463746968798,103.02816678674283,95167.616955,95167.644829,0.9877373202524183
11.560248227234597,-8.377082576048393,103.29209357236559,95167.630289,95167.655974,0.9560342067697473
13.876986569367947,-7.602198220459182,103.60642757766381,95167.643622,95167.678452,0.9170154910348489
16.19651163693375,-6.888994245209767,104.49452343291378,95167.656955,95167.681857,0.9165952083027312
18.321936765249884,-6.119960777291704,104.62611403972676,95167.670288,95167.694512,0.9942905943892482
20.36120250090977,-5.33395715734489,105.29585128026827,95167.683622,95167.708597,0.9953218633506375
22.24058544869942,-4.500535643235225,105.96887604539252,95167.696955,95167.722653,0.9786214334606348
23.91432440751797,-3.6042876373447044,106.60034870317794,95167.710288,95167.737259,0.940996535583113
25.424044650640365,-2.634205236304016,107.28864190487475,95167.723622,95167.747961,0.9312372220412946
26.75498490316217,-1.5764886994374623,108.0302715690352,95167.736955,95167.762398,0.9967932765380842
27.891461440788145,-0.43396292212640597,108.75167112667711,95167.750288,95167.775125,0.9748905214338354
28.785666984571993,0.7674738441478028,109.26240407068056,95167.763622,95167.789543,0.9182070111970464
29.5177576419056,2.048969170576884,109.95310600093303,95167.776955,95167.810599,0.9414750352709313
30.0256064449899,3.393938061529414,110.69156879464272,95167.790288,95167.814893,0.8864270297633472
30.272164082980034,4.76303227599913,111.24595684736151,95167.803621,95167.829105,0.8453519783258611
30.40457524253093,6.15991022649775,112.1369322459968,95167.816955,95167.843268,0.9260832786560058
30.18083186086654,7.521143638662997,112.47469742198537,95167.830289,95167.855301,0.8925461409407949
29.87185421052859,8.867229145542904,113.16571754697914,95167.843621,95167.86875,0.9190970169189794
29.24266800414406,10.150239953893049,113.36258446369271,95167.856955,95167.888073,0.9292289263502429
28.54926732161491,11.409010333199378,113.88553678123965,95167.870288,95167.896093,0.8128496247838441
27.659778007221984,12.624302099437918,114.29984708244483,95167.883621,95167.907692,0.8943030127652953
26.506677118975798,13.724149976339048,114.21684375840496,95167.896955,95167.92116,0.958228626024585
25.26899695683653,14.79772376324391,114.36151182419206,95167.910288,95167.936668,0.9556376138311764
23.976165319924583,15.879896605817908,114.84634630037858,95167.923621,95167.949478,0.8427148634476056
22.433029836486515,16.76087344760208,114.59238756164427,95167.936955,95167.962821,0.856279776797732
20.8374681893208,17.646962549929967,114.8414822506354,95167.950288,95167.976098,0.8673042922212748
19.08221588602674,18.42907565727168,114.89527417904573,95167.963622,95167.990016,0.8943030127652953
17.216491088621012,19.12191892689468,114.87246942388998,95167.976955,95168.003647,0.9922329247843293
15.289145157548367,19.701454920898385,114.94501268613647,95167.990288,95168.014567,0.8400659295919317
13.2890731149306,20.080355484125125,114.72867944068675,95168.003621,95168.028029,0.9624728492046695
11.262279658460734,20.376218076866735,114.63268150615322,95168.016955,95168.047604,0.9886963387552974
9.161456216066775,20.535552727452103,114.46952001972831,95168.030288,95168.056616,0.8930892809680666
7.046952059532602,20.607663281612133,114.52576618325294,95168.043621,95168.071256,0.898964955929774
4.903723354486642,20.37130401279047,114.17570672896576,95168.056954,95168.082253,0.8738572444783733
2.8094337270362497,19.956225407520087,113.87886526573813,95168.070288,95168.094369,0.9699177640209974
0.7834807969985697,19.36335079731184,113.60723637083692,95168.083621,95168.109556,0.830703127216849
-1.2473603282243206,18.70364005201043,113.52110919959321,95168.096955,95168.122029,0.8952341600079935
-3.230140419902944,17.81186351723981,112.90762192071011,95168.110288,95168.134949,0.9502574728385231
-5.161283030683762,16.769814932347376,112.51635327442119,95168.123621,95168.149662,0.9834887304285951
-6.904419532016306,15.547357867759565,112.05655533440125,95168.136954,95168.164073,0.9204935223969013
-8.499467103338885,14.21080133119014,111.79020285940234,95168.150288,95168.177948,0.9286773805341578
-9.944198357130546,12.807106720510628,111.19715295167639,95168.163621,95168.187863,0.9319050523653303
-11.32673235363187,11.353836075569044,110.82996395888051,95168.176954,95168.206872,0.9464369205193897
-12.507197958706277,9.6887671825594,109.93985237958199,95168.190287,95168.214804,0.9558867158045642
-13.56217687033508,7.922042720734823,109.43737865725134,95168.203621,95168.227431,0.9868428803042576
-14.345051360936813,6.029418579346598,108.6987351926813,95168.216954,95168.244341,0.964722351041282
-14.993673303328098,4.164938388697611,108.44939530798389,95168.230288,95168.260692,0.993782558765907
-15.361867975750965,0.9301513501064035,116.86075551231946,95168.243621,95168.271469,0.9850520515136799
-15.57768228780437,0.25360163180257567,107.1984498003135,95168.256954,95168.281265,0.9924888554759378
-15.556624095747658,-1.7602154783926032,106.54479185829459,95168.270287,95168.294395,0.9995687849811296
-15.330828768974143,-3.770106256144141,106.15472023237443,95168.283621,95168.308257,0.9429371362975414
-14.811225750147338,-5.712557903252842,105.44517135971297,95168.296954,95168.321664,0.933325339148526
-17.84538902379509,-9.487540762405313,132.45924005910737,95168.310287,95168.335847,0.969107920105297
-13.358968660824983,-9.350302243037813,104.9326151395947,95168.323621,95168.347677,0.9483331514634962
-12.284619120005841,-11.046996314170512,104.57434186356646,95168.336954,95168.362037,0.9928163609924319
-10.983368238754721,-12.57368596464435,104.21372280261484,95168.350287,95168.378338,0.9589342652066133
-9.475899940660817,-13.95999323214321,104.17020480106271,95168.363621,95168.387896,0.9390421991246692
-7.761243766631497,-15.07559692651569,103.89822132913767,95168.376954,95168.402688,0.9590786472855161
-5.917902378568669,-16.007348936924807,103.98551682839296,95168.390287,95168.416088,0.9960250748864191
-3.9488889315382725,-16.753813548459863,104.00220698899291,95168.40362,95168.430002,0.919295916576354
-1.7532241923106446,-17.22596551385519,103.56893352383248,95168.416954,95168.443348,0.9605491012801808
0.6269399316420612,-17.598213732664945,103.88076821896823,95168.430287,95168.455775,0.8466051951692076
3.2044765834813074,-17.81375402272584,104.80716737401241,95168.443621,95168.46762,0.9443018880930855
5.795445567129607,-17.527323358327457,104.17236166043625,95168.456954,95168.482491,0.9990063253846285
8.3527504827389,-17.06844331599225,104.09405046569408,95168.470287,95168.495654,0.9962209245379323
10.87569892933014,-16.465108579706836,104.30303632395683,95168.48362,95168.508392,0.8704185043848347
13.501400243072899,-15.82165569770418,105.54255154209812,95168.496954,95168.527561,0.7613306126864685
15.911933773453226,-14.837099198850584,105.58246810012187,95168.510287,95168.535108,0.9724673341490329
18.25414027570357,-13.750071042079005,106.1578905502796,95168.52362,95168.547697,0.8888446506105275
20.409633711093026,-12.58769320021535,106.62649615236374,95168.536954,95168.568506,0.9860866768620494
22.38856710698641,-11.384568617735503,106.96548432456738,95168.550287,95168.575959,0.9919788228256587
24.275019002440303,-10.242782503458915,107.84424467228955,95168.563621,95168.58824,0.9834740098612785
25.929961764065787,-9.087750516271415,108.42160322654881,95168.576954,95168.601976,0.9716115469840076
27.41095841358415,-7.986043956369654,109.1991600254058,95168.590287,95168.615818,0.9699316937472252
28.59918300980238,-6.915783827093787,109.6250249655525,95168.60362,95168.628395,0.9580057201627378
29.490256550947276,-5.895982093567219,109.72030658722271,95168.616953,95168.647953,0.7831226811204608
30.328218778387768,-4.922159113812222,110.49653041458463,95168.630287,95168.656434,0.9299126250664483
30.87593757423506,-4.021942616734842,110.86478990051862,95168.64362,95168.671538,0.9788631913492839
31.121388927593557,-3.2217861052923067,110.78776280689833,95168.656953,95168.68747,0.9516897187632398
31.17517967202664,-2.5712846142798083,110.68456757007739,95168.670287,95168.694344,0.8948898978841637
31.0915684625496,-2.056497448893541,110.75763595999675,95168.68362,95168.708073,0.9726826205203691
30.870379103021904,-1.609940993001689,111.03434231681817,95168.696954,95168.721093,0.9675045196315866
30.383203280765912,-1.2070030262487095,110.95947537716697,95168.710287,95168.73542,0.9589026382381987
29.659099451650462,-0.8665174249691806,110.70372114083935,95168.72362,95168.749884,0.9766099997615698
28.759897946997285,-0.6266585397492056,110.42191617880266,95168.736953,95168.76432,0.9874084393827917
27.731208998175568,-0.4825233363425637,110.47330470300568,95168.750287,95168.776068,0.9998979709074777
26.41584342961001,-0.4278516530459585,110.05118064398519,95168.76362,95168.787793,0.9899626732133939
25.022820035674467,-0.37413293482531956,109.93879075335201,95168.776953,95168.81055,0.9394741991254766
23.40545207032726,-0.24305068962181706,109.34566925704652,95168.790287,95168.815454,0.9450556423298091
21.796575602969995,-0.11998672313726359,109.35553388365797,95168.80362,95168.827728,0.9929507627727859
20.057758800971506,-0.05808482803481604,108.96009796415261,95168.816953,95168.843216,0.9748347296149462
18.354305298508226,-0.07468192173212723,108.80876762617028,95168.830287,95168.857571,0.952131395790027
13.091165093098999,-0.25005294827399793,85.29455823582212,95168.84362,95168.870462,0.9918641372347318
15.00660808771758,-0.3828679238543966,108.43849329646193,95168.856953,95168.881165,0.9995161284349494
13.360736215696349,-0.6442090060987472,108.10055297979368,95168.870286,95168.894905,0.8409676567103646
11.79375293700967,-1.0392692485357728,107.98961966124682,95168.88362,95168.908273,0.9893630731019893
10.359930330771606,-1.5795643788910563,107.64333327658586,95168.896953,95168.920864,0.9983912339671182
9.11930743486615,-2.1978375207713197,107.63197446390569,95168.910286,95168.939264,0.943116804768239
7.99630833950559,-2.7957765477145964,107.27903601486285,95168.92362,95168.951231,0.9967799299194565
7.006629880201811,-3.3392142365276682,107.19453666294051,95168.936953,95168.962954,0.9313209102627744
6.19176389900365,-3.89976612829981,107.0256027398671,95168.950286,95168.974549,0.9912515529023105
5.643953892443135,-4.466659115284665,106.72933915514592,95168.96362,95168.9905,0.9969451068982297
5.391964899587622,-4.956821662407183,106.16357998094759,95168.976953,95169.002174,0.9995931853089761
5.418871984063115,-5.326532804241573,106.18316651153486,95168.990286,95169.015099,0.9856257144910612
5.712005809659067,-5.549520496596512,105.93858194004856,95169.00362,95169.031038,0.9780289169678632
6.3097460780617665,-5.757582118394621,105.75327776761353,95169.016953,95169.041801,0.8957263164377482
7.2214517247580385,-5.98901238001039,105.714209978121,95169.030287,95169.054961,0.8834235210337846
8.3778490938755,-6.162212077438989,105.44090739291629,95169.043619,95169.068403,0.96630628404296
9.774739940765564,-6.302108825819554,105.35194921066933,95169.056953,95169.083694,0.9813462480985337
11.365027842031285,-6.3897116167346155,105.17298513047075,95169.070286,95169.094809,0.9837193900351525
13.130928640048422,-6.44381276395764,105.14250122405541,95169.083619,95169.108193,0.9854436645012906
14.99193711437641,-6.423542716217112,105.01785002343841,95169.096953,95169.121467,0.9918691163271943
16.96959485606929,-6.357400751025672,104.99633820504529,95169.110286,95169.134755,0.9606378843171051
18.97555937911659,-6.27699385488289,104.71948977023212,95169.123619,95169.148123,0.9451168464274068
21.071903847739684,-6.215373485274005,104.70065064970692,95169.136953,95169.163416,0.9968977461181006
23.225767212745392,-6.147105502659027,104.90812761420415,95169.150286,95169.177762,0.9706624902197268
25.277003403542587,-6.048235108305187,104.6351461537592,95169.16362,95169.190405,0.9752344767274149
27.374659208728087,-5.996183334092478,104.65555443268649,95169.176953,95169.201569,0.9829339810930366
29.429044178228843,-5.994603588651751,104.56887333957768,95169.190286,95169.215555,0.8982981407276652
31.41426344914771,-6.016220067296453,104.42767266603808,95169.203619,95169.227684,0.9492595764581677
33.4073288291667,-6.09452197275197,104.51095005775363,95169.216953,95169.242084,0.9763003229912115
35.263876600374516,-6.219203045814589,104.45944870351676,95169.230286,95169.257475,0.9812022586505466
37.052212567693545,-6.348706416426474,104.46940787751188,95169.243619,95169.271161,0.9793185304270446
38.75388654950375,-6.492125716938131,104.51073588117517,95169.256952,95169.283211,0.917249226328662
40.29011793724536,-6.615715793748955,104.37657829359581,95169.270286,95169.294301,0.9283887419673853
41.87188316263535,-6.782207879649259,104.6615900612945,95169.283619,95169.308071,0.9010880406304712
43.292030604366715,-6.92804078889015,104.79724374181626,95169.296953,95169.321108,0.9883607182463802
44.61551177001722,-7.065424958933758,104.98518688407334,95169.310286,95169.335605,0.8779501468285149
45.899555460388406,-7.198618868223013,105.2231474603178,95169.323619,95169.351665,0.9327128126383591
47.02086274712281,-7.322176672985798,105.3133406095619,95169.336952,95169.362195,0.8972699314793622
48.01698653019726,-7.417422364307665,105.29203422133709,95169.350286,95169.375401,0.9638073715418757
48.89661617725578,-7.5121971180578715,105.28270726214643,95169.363619,95169.388111,0.8747412277754061
49.62372214975112,-7.596407231881014,105.21957952563181,95169.376952,95169.406313,0.9213062657300483
50.36554512275339,-7.661946444236992,105.4194062182059,95169.390286,95169.416201,0.8690783174821227
50.773793185182434,-7.618333817258412,105.08101979228817,95169.403619,95169.42763,0.9195122156687419
51.188367721110446,-7.553161557029624,104.9837642082424,95169.416952,95169.441672,0.9781969387768978
51.497811906265504,-7.472692618041355,104.885424209119,95169.430286,95169.45642,0.9105316830443484
51.64093650390908,-7.323770298586615,104.6656166609478,95169.443619,95169.46871,0.8896937327680304
51.500004152922685,-7.050401299203291,104.03409277110993,95169.456952,95169.482251,0.9395580709296869
51.38521751096583,-6.745942957204849,103.65384359885952,95169.470285,95169.497319,0.8705416869785513
51.053741726915774,-6.360154099570438,103.07844808136527,95169.483619,95169.509122,0.78441459802497
50.64668276896246,-5.971657038692646,102.56800089616097,95169.496952,95169.52173,0.8897707035739036
49.94730594173723,-5.548595251910154,101.71010048266292,95169.510286,95169.535365,0.9781969387768978
49.16491954063311,-5.132328203043878,100.87761090888068,95169.523619,95169.549498,0.8584496927966903
48.29326209807411,-4.72701480197257,100.07252075114366,95169.536952,95169.567599,0.8094125580538701
47.256066865253494,-4.309788067340434,99.0792993570969,95169.550285,95169.574769,0.815810625526961
46.113842529616946,-3.8995852053273117,98.08439336615126,95169.563619,95169.588346,0.8475806508208851
44.78572649903683,-3.478001828588744,96.86785813963995,95169.576952,95169.612296,0.8591357137513824
43.388814451581446,-3.03827254921394,95.68254360724467,95169.590285,95169.614972,0.9318594154343666
41.859847249768485,-2.593583977819287,94.32751547055214,95169.603619,95169.62975,0.8680738571027555
40.39318722089357,-2.171639977292522,93.21264789227402,95169.616952,95169.642892,0.8834697019250349
38.82138263775419,-1.7734057498352662,91.92808865813946,95169.630285,95169.654503,0.8666048507171236
37.23792996908477,-1.4237852911659714,90.74403297456848,95169.643619,95169.667909,0.8664610779623918
35.66422090655845,-1.1124587373409058,89.70077738851823,95169.656952,95169.681384,0.9364844669858813
34.008597833425775,-0.8301879389410359,88.47796262016027,95169.670285,95169.694364,0.9041431376027663
32.386778001687,-0.5965662857028855,87.39340661441722,95169.683618,95169.71171,0.8521917685295016
30.812692366154003,-0.40757309240361683,86.41890847418775,95169.696952,95169.722516,0.9128052254244378
29.177822481919804,-0.2619183562448078,85.17161406934103,95169.710285,95169.738018,0.9753535820344309
27.573603673514935,-0.15868105156888107,83.9614552410019,95169.723618,95169.74776,0.9407972966881814
26.00044058767395,-0.1251167635540998,82.8148129089405,95169.736952,95169.760671,0.9200744076619851
24.46859817904059,-0.18385709501168576,81.71111315398309,95169.750285,95169.775268,0.9303367476162309
23.015379626223666,-0.37249909079067767,80.73333788409514,95169.763619,95169.788811,0.9380106541889209
21.595096482971314,-0.600071212283003,79.81557590315738,95169.776952,95169.802431,0.9285084983272283
20.077324683624795,-0.8661185282938229,78.58540853819488,95169.790285,95169.814471,0.9717713375339395
18.565196449793216,-1.2300816295043164,77.44257791972626,95169.803618,95169.829347,0.9786917379422596
17.143109497226575,-1.7717226525321437,76.49238537111182,95169.816952,95169.843029,0.9685511967182124
15.817524477577194,-2.4709749831197567,75.58479928940355,95169.830285,95169.854254,0.9628383405604883
14.521232359543953,-3.244781536990494,74.69536328808812,95169.843618,95169.869522,0.9628722755502058
13.173242984352537,-4.023517656521073,73.86640506069055,95169.856952,95169.882938,0.970238826572538
11.817492194543043,-4.892676744660718,73.15028322078994,95169.870285,95169.896419,0.9797297448921837
10.490078211525775,-5.881155067077485,72.36097198234042,95169.883618,95169.91426,0.9156922064882855
9.26081240796425,-6.916551179862466,71.87442439759467,95169.896952,95169.922958,0.9860418183343858
8.038570814955749,-7.852537092895487,71.33089845089461,95169.910285,95169.935604,0.9668436786584303
6.8644157923484475,-8.731452013994158,71.03491293918512,95169.923618,95169.948245,0.9472117782159736
5.7569417566122985,-9.602707248066483,70.69904297456772,95169.936951,95169.964236,0.8704472811758793
4.743883657652933,-10.490386276241097,70.49054892721782,95169.950285,95169.974723,0.9487297328329798
3.7984595200573112,-11.293386717964179,70.36724948985191,95169.963619,95169.988613,0.9824098678248018
2.913439993632692,-11.991054484551475,70.21875939233263,95169.976951,95170.002514,0.9613326712496223
2.153351021661001,-12.649280145476308,70.29508741161527,95169.990285,95170.015248,0.980676759973883
1.5589700541597895,-13.242692176217037,70.3292058192286,95170.003618,95170.029264,0.9525055958231571
1.1272015127060866,-13.783595317570262,70.63506694746854,95170.016951,95170.048277,0.9881904549041592
0.8637734768971712,-14.188922699496974,70.93827302068193,95170.030285,95170.055341,0.9892401034545915
0.7654835933373025,-14.483027019454111,71.29152176435052,95170.043618,95170.074992,0.9923464922241537
0.8388727858714113,-14.721565978282921,71.77004518006382,95170.056951,95170.082915,0.9511616591976119
1.0957987527013933,-14.850521349139349,72.26755568260415,95170.070285,95170.097379,0.9280500191258042
1.564748773236949,-14.914227151746859,73.06438676090657,95170.083618,95170.108141,0.9635701785690213
2.285470260530867,-14.815740085859517,73.84583529656572,95170.096951,95170.126034,0.910796292651841
3.2354319202893276,-14.563435969299654,74.80770563389218,95170.110284,95170.135579,0.9079392334475158
4.345889268115103,-14.102598557267509,75.80578315388821,95170.123618,95170.154487,0.9736759527782499
5.567800897957095,-13.488364386221694,77.05543231891738,95170.136951,95170.17134,0.9955991480793639
6.9184962291878085,-12.731847338171058,78.47779469734141,95170.150284,95170.18228,0.9821714026398175
8.401050535894523,-11.81665384941812,79.82918694021939,95170.163618,95170.191365,0.946741533651363
9.978449765219018,-10.799414654922867,81.5594322262015,95170.176951,95170.209977,0.9750947345207595
11.584765902781697,-9.62600039590603,83.1541781249767,95170.190284,95170.216633,0.955630998719923
13.222007409620824,-8.416644117010701,84.94071237058486,95170.203618,95170.233805,0.9655947857641126
14.943124868738122,-7.242150545367619,87.1901544760433,95170.216951,95170.247994,0.9811964312981457
16.632437916430526,-6.008440353004488,89.00631517625253,95170.230285,95170.256435,0.9571760397177125
18.411896627202097,-4.788976418758692,91.26470568905746,95170.243618,95170.277162,0.9812800535072124
20.220920505672304,-3.5788784109423672,93.3537033964598,95170.256951,95170.288158,0.9628182443079205
22.091560609062114,-2.425768372427294,95.52967570148706,95170.270284,95170.294902,0.963719736832558
24.0092554216057,-1.3218104769052725,97.75531010910251,95170.283618,95170.318996,0.9690350824117645
25.92802890775845,-0.2441313678887663,99.89583984331472,95170.296951,95170.328678,0.9599276116172698
27.83049288907568,0.7362643095611,101.87023782513617,95170.310284,95170.342506,0.9947429324937096
29.745498103622385,1.6087327251887114,103.90727549316932,95170.323618,95170.3488,0.9748556222457508
31.65554200331912,2.351404837541346,105.9338984487864,95170.336951,95170.367404,0.9687164994343964
33.47470291366949,2.928323317102755,107.74983565630694,95170.350284,95170.377747,1.0
35.293566822388236,3.344790706499572,109.67274872511149,95170.363618,95170.388396,0.9770872182586614
37.10514076159185,3.6517224051909727,111.75255001195238,95170.376951,95170.403203,0.8805936457059282
38.69500704931204,3.8124414364943515,113.33264098920131,95170.390284,95170.421178,0.9278959929192655
40.11519818350787,3.8822496046810473,114.67209738627804,95170.403617,95170.428629,0.8978056359593212
41.57347054000635,3.8994797157561267,116.66343604326198,95170.416951,95170.448227,0.9665101350634757
42.701857552313854,3.8392744750545087,118.07338874135283,95170.430284,95170.4586,0.9850916150970668
43.45144776496291,3.7336223288928756,118.86224667852942,95170.443617,95170.468948,0.9476789320103417
44.2760346702741,3.6327573189171645,120.28328525038916,95170.456951,95170.482521,0.8944272041320801
44.58877727146304,3.481767646988192,120.58417605933631,95170.470284,95170.501156,1.0
44.863255545745915,3.3582484351029973,121.20567640914335,95170.483617,95170.509736,0.8937151816723164
44.740426510142875,3.2118974858805247,121.18771364384355,95170.496951,95170.531226,0.9901696192543367
44.51854361054657,3.0950366135837935,121.26155119142551,95170.510284,95170.535749,0.9170988893823311
44.203202720797535,2.98425564334254,121.42274191844083,95170.523617,95170.558279,0.954511732315504
43.50449091137926,2.889512155495861,120.76566173188927,95170.53695,95170.561836,0.9718115316833799
42.79623505481576,2.8674220065173603,120.45854146991117,95170.550284,95170.584163,0.9992039347009191
41.8312001276118,2.8695028747138247,119.63969696134112,95170.563618,95170.595645,0.973401223173875
40.867740193466986,2.8850252209970946,119.2150897384435,95170.57695,95170.604948,0.8439840860141306
39.52526023261846,2.8438584875376995,117.89341433406368,95170.590284,95170.615313,0.9995228111755893
38.32351690429973,2.844829800313514,117.29527160691467,95170.603617,95170.629044,0.9445841789245606
36.89600627985992,2.811014985713895,116.28510741107974,95170.61695,95170.648566,0.9930444273674651
35.33413017455657,2.765474734090032,115.1844143845397,95170.630284,95170.665632,0.9311315073711964
33.615436601660754,2.6865313045741273,113.89156538382741,95170.643617,95170.677262,0.9687450486049084
31.896521783510217,2.5653725514023744,112.88263082860377,95170.65695,95170.691809,0.8779088666574737
30.08962410752572,2.3671210125229702,111.85908029967976,95170.670284,95170.6951,0.9589758120186278
28.179690899563028,2.1246372105775837,110.69028258539525,95170.683617,95170.717818,0.9170770777706565
26.133159527111186,1.8714995815159545,109.40187008201617,95170.69695,95170.72198,0.9810254830147491
24.040226109207392,1.5777924473681813,108.35021758601732,95170.710284,95170.742087,0.9859678308721198
21.83384757604327,1.1778895307941721,107.12408955158132,95170.723617,95170.748014,0.8924685700038778
19.676914184859857,0.6838592588442,106.12551955944296,95170.73695,95170.767769,0.9364187500199529
17.51361907401444,0.1974080341060487,105.03787330824673,95170.750283,95170.776177,0.7887962776479186
15.366838154759117,-0.27087466658955267,104.12761313751683,95170.763617,95170.789471,0.9715002770098436
13.24250394588126,-0.8020619320646799,103.29312856943181,95170.77695,95170.80263,0.9584568956177139
11.183467438449865,-1.451669760928505,102.42800255154206,95170.790283,95170.816642,0.819794166483599
9.2774360294335,-2.1514830558463336,101.48529300183526,95170.803617,95170.82908,0.9492449283468781
7.535003400979922,-2.9073738287815325,100.8372431021995,95170.81695,95170.840926,0.9884838642794789
5.929046132153619,-3.642613618704988,100.24187379173931,95170.830284,95170.856452,0.8921249173305228
5.724604780127447,-5.618373788428939,124.6729497529167,95170.843617,95170.868603,0.9145778275594807
3.057881431617769,-5.155937462255264,99.4906596578887,95170.85695,95170.881176,0.8941038457249545
1.9167217207041558,-5.940895283165801,99.20497075945937,95170.870283,95170.895808,0.8766188772976042
1.0913717052777399,-6.62428556191399,98.74655142955594,95170.883617,95170.909875,0.9765474666638303
0.559731773154551,-7.159101241340391,98.42061932392284,95170.89695,95170.924019,0.9711955595208218
0.3018301977281158,-7.537491652108184,98.49655627286062,95170.910283,95170.937127,0.99913687510906
0.3506095097807338,-7.784506569766823,98.3389798733329,95170.923617,95170.94818,0.9577814873495784
0.7150181964846839,-7.983961433452401,98.35709985707214,95170.93695,95170.961333,0.967563179515085
1.373018496709633,-8.087278097321303,98.47791389862165,95170.950283,95170.976577,0.9372175520402398
2.2798356206362946,-8.026191836204612,98.59062776964005,95170.963617,95170.987824,0.8976921753646386
3.376810539779748,-7.770358916394229,98.57553302173157,95170.97695,95171.002273,0.9843216088801359
4.689126319255016,-7.476036412833634,99.28365393554083,95170.990283,95171.014233,0.9252504232535456
6.204225909728012,-7.069559419843263,99.5949204321025,95171.003616,95171.028302,0.9644651668210422
7.917398610182047,-6.622111563761476,100.26899570076448,95171.01695,95171.042318,0.9880124456614677
9.77647112559265,-6.134455622655786,100.98362810442339,95171.030284,95171.056567,0.9840613099708507
11.724580551025486,-5.620022208765886,101.37713721849707,95171.043616,95171.071883,0.944698259645244
13.835294633514915,-5.251812843425139,102.73883638801914,95171.05695,95171.091603,0.9916521589070832
15.950494802509832,-4.915775753801091,103.86453500201888,95171.070283,95171.104818,0.9510406824192752
18.078281702504572,-4.698453321318308,105.157417250561,95171.083616,95171.109114,0.9274099032039014
20.18053534133772,-4.55530628806998,106.3765737498255,95171.09695,95171.121125,0.9614391683409285
22.300102546389173,-4.528070227279056,107.99505438082937,95171.110283,95171.137804,0.9995221148714718
24.28510702732009,-4.584754946089679,109.31840309461217,95171.123616,95171.149336,0.8970841103995837
26.223184510853066,-4.677747746466371,110.84880453684951,95171.13695,95171.161705,0.9888880847278008
28.051936733351248,-4.7470712144749845,112.37017043448286,95171.150283,95171.175169,0.9686001620055046
29.74552027753879,-4.807268417816935,113.83594467427012,95171.163616,95171.188056,0.9085213457243488
31.378522213919872,-4.914964112763397,115.3416364177282,95171.176949,95171.204009,0.9666319066997255
32.82594099508459,-5.035847123481004,116.52476950924616,95171.190283,95171.217674,0.934785133227934
34.21481685981271,-5.21023395288521,117.92945494790683,95171.203616,95171.232659,0.9659506125078849
35.49402314659235,-5.405926856286582,119.26794718969238,95171.216949,95171.241616,0.875454044342041
36.68459984180836,-5.619271696151545,120.62250021006565,95171.230283,95171.254323,0.9114726367211531
37.72794301300964,-5.821875547097096,121.77323941727757,95171.243616,95171.276994,0.9139979362487793
38.51638086500979,-5.98135659407723,122.42147550638602,95171.256949,95171.283001,0.9945848464965821
39.31214475998495,-6.153251615602226,123.52238641329858,95171.270283,95171.300868,0.9569438423735233
39.90527551213362,-6.280780232053721,124.36229563792222,95171.283616,95171.309162,0.9346342696606307
40.2221178577164,-6.38592325058501,124.84497799541273,95171.29695,95171.320522,0.9886112213134766
40.61435866906551,-6.47063673743842,126.03880964558097,95171.310283,95171.337886,0.9421838463258122
40.589998457741295,-6.451346595364709,126.36299815850256,95171.323616,95171.350706,0.9127350456489587
40.37996527806543,-6.334111143938908,126.67000034268013,95171.336949,95171.367264,0.9569095415643399
39.98331296042035,-6.16301177210308,126.92907633543093,95171.350283,95171.381227,0.9574955133948408
39.34761324887816,-5.920891861396263,126.96673700622975,95171.363616,95171.389021,0.8465761260393755
38.581602611782195,-5.611931619263486,127.10824602828816,95171.376949,95171.402776,0.9033070564270019
37.54957413821004,-5.194668661736223,126.85512550154911,95171.390282,95171.414884,0.8701846064900076
36.4525309567434,-4.714039394688418,127.01889753759028,95171.403616,95171.428449,0.8628151905128523
35.08719695418985,-4.191036579631516,126.7590259878362,95171.416949,95171.445089,0.986049273144713
33.50441960467145,-3.644325752888004,126.13621363945204,95171.430283,95171.462588,0.8633506776126918
32.029064805838246,-3.1322466524538424,126.33946843541275,95171.443616,95171.4682,0.9651591749203257
30.309406368884233,-2.6139404351340345,125.9583760036106,95171.456949,95171.482063,0.9340832158782414
28.49411742008433,-2.0582803406930767,125.89066691637456,95171.470282,95171.497077,0.975174050383539
26.49317376488634,-1.457052308523068,125.72965794618054,95171.483616,95171.508787,0.7795532283870029
24.276248387902545,-0.8494353686829829,124.94012284482025,95171.496949,95171.521116,0.9751665219503797
22.068484001710548,-0.2683185927629547,124.9060444217973,95171.510282,95171.535396,0.9956241789751562
19.750571843814125,0.3203661296070796,124.46390026945748,95171.523616,95171.548164,0.8235124694282971
17.426668006602814,0.9317237555787251,124.27591566202152,95171.536949,95171.566412,0.9485282507421606
15.04467636987715,1.4992056945063648,123.71344761657481,95171.550282,95171.57524,0.9365618796077897
12.629451147831269,1.9772243425027027,123.20052549643854,95171.563616,95171.589049,0.8422009544731749
9.838301283911662,2.146646648473037,117.89436998802704,95171.576949,95171.601721,0.9447024142942418
7.832592065618474,2.6386364327308818,122.23212671770115,95171.590282,95171.614301,0.8873450176195052
5.391084916018764,2.865043987118055,122.03188698610215,95171.603615,95171.627699,0.9433766440213531
2.9511346621597006,2.925665349672621,121.75570136020276,95171.616949,95171.642154,0.9143101180506643
0.48741742628384377,2.80114453662204,121.71729302943912,95171.630282,95171.654326,0.9256180081331943
-1.990169897083392,2.542160648783374,121.47130895336213,95171.643616,95171.670835,0.981595682764117
-4.477898655546456,2.227237809460661,121.67833466769751,95171.656949,95171.681529,0.8865793317659111
-7.035852739594989,1.8710234955051592,122.30555435291039,95171.670282,95171.697419,0.8276741702067524
-9.422433712356762,1.4347567837763142,120.96654579744057,95171.683615,95171.708512,0.9744340173844189
-11.845122700852937,0.9028228120490146,120.73348515551112,95171.696949,95171.722368,0.9320652494397924
-14.149923611914643,0.28054113759278154,120.05127641544004,95171.710282,95171.739512,0.7084918718267187
-16.505320816717518,-0.4399549998823422,119.97941233365009,95171.723615,95171.748746,0.9313663366029615
-18.621507923354116,-1.2231696640665397,119.16974186256279,95171.736949,95171.761637,0.9191947143883719
-20.747056243744765,-2.0293954760155892,119.34161266012221,95171.750282,95171.784786,0.9180681781957127
-22.791344853273177,-2.8358655496656535,119.68906373966124,95171.763616,95171.788578,0.9728692155504489
-24.466287235143728,-4.424649757872013,129.17626731499715,95171.776949,95171.803208,0.9860648434027822
-26.095857770523203,-4.476966042652687,118.80193326224591,95171.790282,95171.816605,0.8969255710401476
-27.57927346888909,-5.362618663757308,118.86066131984481,95171.803615,95171.836264,0.8671700214550996
-28.78375921043222,-6.251626633791882,118.6135135868053,95171.816948,95171.842471,0.8289339679602287
-29.840640049064994,-7.135724964141881,118.53061032837468,95171.830282,95171.856698,0.9985787026344759
-30.58259460150186,-7.950560188477794,118.10406985656442,95171.843615,95171.868919,0.984827303046427
-31.28360045164507,-8.787668050376054,118.04966335601999,95171.856948,95171.881047,0.9227301820444362
-31.765339777551198,-9.586552652580567,117.90996240169736,95171.870282,95171.894478,0.9961308740229343
-31.90184062944701,-10.311921168657951,117.35042818760527,95171.883615,95171.908483,0.9920832786285062
-31.906415460723817,-10.980746417035915,117.04239592512702,95171.896949,95171.921119,0.9716128922422648
-31.70585928227947,-11.578161765315627,116.77129702110571,95171.910282,95171.936492,0.9936330695536347
-31.23768827346548,-12.105693343446854,116.3095516509544,95171.923615,95171.948683,0.981109947921498
-30.5750429380083,-12.565528910251691,115.97165099910363,95171.936948,95171.960994,0.9449350688331272
-29.64374391750581,-12.934217941247582,115.59109734004838,95171.950282,95171.977375,0.9703600530981573
-28.405610408378482,-13.13968535831726,114.89662737214408,95171.963615,95171.99059,0.9979123049729428
-27.176666699633007,-13.280369247259483,114.83591951142247,95171.976948,95172.00258,0.9520520584394725
-25.70047739684364,-13.251384206844161,114.28476785572364,95171.990282,95172.014779,0.9462376034011287
-24.113902497050407,-13.115952844452158,113.8305489001391,95172.003615,95172.027246,0.9994723374651856
-22.441399746764894,-12.865779687833834,113.46028986292784,95172.016948,95172.041504,0.9348362954268307
-20.702711148210124,-12.478423086469599,113.36159931783621,95172.030282,95172.054969,0.9521568663222532
-18.878219929821377,-11.916638929830503,113.2303354893671,95172.043615,95172.069633,0.9757587512440198
-17.004453401080486,-11.223732498733515,113.21018217266891,95172.056948,95172.083916,0.957281685748264
-14.987997949084079,-10.396737158506928,112.89147728795635,95172.070281,95172.096084,0.9053078135567773
-12.88542777505046,-9.544021712090274,112.56663234508486,95172.083615,95172.10846,0.9313711921935959
-10.731522165000465,-8.693554776486309,112.57628800487274,95172.096948,95172.124168,0.8609420716721885
-8.57038842355055,-7.8592803969543,113.08573947453854,95172.110281,95172.136795,0.8595869765033562
-6.249579757860896,-6.993168396320171,112.57991972131973,95172.123615,95172.148992,0.8635441662719675
-3.9351227341645756,-6.142607049692794,112.07410921757953,95172.136948,95172.161629,0.9224789777119943
-1.6495574338638548,-5.355639798906792,112.29093761071331,95172.150281,95172.176166,0.848881493934444
0.7131156763280939,-4.631872862596877,111.6037652089374,95172.163615,95172.187427,0.9811351438562801
3.097831764009234,-4.015616094046569,111.5236657253392,95172.176948,95172.202443,0.8787566075027674
5.494444264743649,-3.4816404145638478,111.04583184275178,95172.190281,95172.214997,0.9806093516646113
7.882205832313566,-3.0551071834297554,110.73501913719561,95172.203615,95172.227844,0.9672131408886221
10.240523729926423,-2.720041243645144,110.5069602325566,95172.216948,95172.241255,0.9233497620603771
12.51854429373886,-2.4549819451507435,110.07481588103022,95172.230282,95172.255385,0.9654387470572812
14.721931759973204,-2.2206286515639415,110.0255590631376,95172.243614,95172.277921,0.9812126337330506
16.805109276793782,-2.039111695260179,109.56033255912558,95172.256948,95172.28217,0.9694756250651978
18.764972109775208,-1.926213563966777,109.11716678771337,95172.270281,95172.294822,0.924143784345498
20.598179350515853,-1.8913661830632817,108.95836923700497,95172.283615,95172.308252,0.9358192920963975
22.245007471281696,-1.9354562754242886,108.63138695639212,95172.296948,95172.321637,0.9632695174899433
23.701855792741533,-1.9522391345917314,108.19216863536717,95172.310281,95172.335357,0.9748905214338354
25.000358813680332,-1.9552366198640785,107.80497183112311,95172.323614,95172.349419,0.909953975373232
26.192050943734117,-1.9186760435063845,107.74949807522746,95172.336948,95172.363033,0.8518804093888258
27.105314060759607,-1.8307037549939325,107.17680511306148,95172.350281,95172.377996,1.0
27.93631063155822,-1.7876666351768884,107.03638765853543,95172.363615,95172.389063,0.9350829564362431
28.605655508707276,-1.7010847247066534,106.90643426371402,95172.376948,95172.401453,0.9675714118936147
29.168140375807198,-1.5969336558018767,106.98992398849245,95172.390281,95172.416084,0.9133370101349996
29.574331413216495,-1.4202742953953265,107.05017991341265,95172.403614,95172.42888,0.970705804870017
29.780990472413524,-1.1546118497032134,106.93994472365179,95172.416948,95172.445248,0.9728518844845251
29.95574424224448,-0.8407754275311937,107.32025385108246,95172.430281,95172.454803,0.8967009562210296
29.861504695311147,-0.5083703651385747,107.24418687454404,95172.443614,95172.469613,0.9385775435205559
29.783382169542918,-0.12440048236142147,107.88377157827043,95172.456947,95172.483691,0.9783669807605088
29.38953981423379,0.35308079623919614,107.91540859568521,95172.470281,95172.496246,0.9458696931283773
28.971829264175305,0.8477094739831108,108.51970475810388,95172.483614,95172.50833,0.966086239194845
28.32263125110916,1.4023734504876744,108.85958495163557,95172.496948,95172.521241,0.9393966546582891
27.480762792059544,1.9606082819076862,109.08758776937515,95172.510281,95172.535278,0.9034669247370529
26.555829826965653,2.5288209982154393,109.66832835651275,95172.523614,95172.555171,0.8270384841804175
25.431011584194533,3.0482987660517837,110.10810322867836,95172.536947,95172.565057,0.7893368390374707
24.166940042680665,3.527676598410897,110.60934913310555,95172.550281,95172.576181,0.9488680886968889
22.754721833409317,3.9260679366454783,110.99617730765486,95172.563614,95172.587987,0.9448910533290589
21.197845449055006,4.238033505266175,111.26926340241108,95172.576947,95172.61165,0.9953900925128425
19.549828684559298,4.4781749506972,111.88253045179601,95172.590281,95172.622076,0.8279676442793379
17.805659796865342,4.631815623469757,112.40610353921623,95172.603614,95172.628314,0.9276041643854815
15.98096865739592,4.716785981004115,112.71676354177633,95172.616947,95172.642428,0.8421441645422592
14.117787945863503,4.7661015193843115,113.03385560391837,95172.630281,95172.655044,0.9257313416872593
12.210760146135716,4.876918755638242,113.32817171556819,95172.643614,95172.669562,0.9898747314614954
10.262564967919612,5.000431536934091,113.64357921658369,95172.656947,95172.681002,0.9903908216309169
8.278371155825702,5.063981572353333,113.82375663194674,95172.67028,95172.696122,0.9870013244276029
6.315140649865037,5.054126914752286,114.21431366822854,95172.683614,95172.708884,0.9723821102865347
4.378165020812497,4.9724744585963245,114.43938514127122,95172.696947,95172.721154,0.9885016241350224
2.4818410057652858,4.88125645229234,114.55798584761526,95172.710281,95172.736026,0.8782737906045388
0.6637854819871327,4.787893509217,115.25028279790605,95172.723614,95172.749923,0.9408577949947258
-1.0810666326886662,4.636765912029491,115.41542085260443,95172.736947,95172.762173,0.9778934749343812
-2.728122093804343,4.473819649772646,115.76715103225104,95172.75028,95172.774213,0.9800428995355044
-4.219073002240008,4.252715731894065,115.82259553828925,95172.763614,95172.798157,0.9352879009624354
-5.515837373035425,4.073932055076134,116.14852375304288,95172.776947,95172.801949,0.9346381173528839
-6.617532655138006,3.9262118381216675,116.2587557710822,95172.79028,95172.814759,0.9920494659341998
-7.532235559057939,3.8464617753349515,116.57487891946131,95172.803614,95172.833951,0.9842979317839304
-8.162928812240887,3.767000087013276,116.29773362853061,95172.816947,95172.841379,0.9406526702029849
-8.550914462014457,3.746763564104192,116.62245104957789,95172.830281,95172.854457,0.9819263660929164
-8.561852031060294,3.7355512617772417,116.5136370462046,95172.843614,95172.868921,0.9209663601499527
-8.287543547930072,3.7878433849708926,116.54329343490284,95172.856947,95172.887284,0.825183090155444
-7.730973014919844,3.9381577135579855,116.55951277050983,95172.87028,95172.894434,0.9987924889039328
-6.9080562668249215,4.144561589178599,116.6587009800434,95172.883614,95172.907939,0.8447396026196907
-5.865287861359685,4.411171391077864,116.88954061199168,95172.896947,95172.92089,0.9609430767373589
-4.594383509140089,4.713345871943126,116.85824943817451,95172.91028,95172.936269,0.9854649950408899
-3.182851040332851,5.04846808848784,116.81823235681928,95172.923613,95172.948469,0.910996721419889
-1.752396517160755,5.365990673962518,117.1539259050269,95172.936947,95172.963024,0.9675694783549286
-0.3135435239373186,5.617318095993844,117.00689754419412,95172.95028,95172.975655,0.9789896998959854
1.0508115601134542,5.820680235041027,116.78088971741967,95172.963614,95172.987701,0.9845759015376476
2.3237819829569264,5.9645568686035855,116.81889447698913,95172.976947,95173.002835,0.9686287590536437
3.448575924761655,6.030196918097126,116.74145461081152,95172.99028,95173.020606,0.9900726807765178
4.361448397751617,6.070664313134277,116.86514250552038,95173.003613,95173.030179,0.9748017022633355
5.039571392961922,6.054248393627128,116.75442026835563,95173.016947,95173.042492,0.9845759015376476
5.4898123825725405,5.969616498720314,116.51844685240613,95173.03028,95173.055675,0.8766911799797963
5.727757204935125,5.889907911770572,116.20040205224043,95173.043613,95173.068871,0.9328304865161275
5.758166356412567,5.833927359435819,116.13150184585244,95173.056947,95173.081407,0.9667921778345715
5.544368343898107,5.747348281899302,115.95974029804269,95173.07028,95173.097904,0.9210855528836281
5.116308006576047,5.604007537718474,115.49849105898731,95173.083613,95173.10754,0.9992655371232686
4.486438559680408,5.352550779241991,115.21651186670589,95173.096947,95173.121708,0.9766889130564531
3.642753287355297,4.951785413566475,114.66496224940433,95173.11028,95173.134637,0.9738918766181406
2.6287306780077846,4.412288063280181,114.08972631231066,95173.123613,95173.147435,0.9717508912922571
1.4439361068495877,3.705231322466893,113.8851592347599,95173.136946,95173.161643,0.9312151716588212
0.1403179942505402,2.7972164938873414,113.20862018389539,95173.15028,95173.177901,0.9537090351267551
-1.2257087459794112,1.6550692328808718,112.69802156500437,95173.163613,95173.189617,0.9831754714145734
-2.6130394335045057,0.2635963405168025,111.95767222605103,95173.176946,95173.202288,0.9285638609429046
-4.03580886897673,-1.2206962979687543,111.80021142676773,95173.19028,95173.214881,0.9031612057525258
-5.461376387038288,-2.7359115843224058,111.12069211671462,95173.203613,95173.227764,0.9303154955632987
-6.9597947848448145,-4.3833624351511755,111.13765403165226,95173.216946,95173.242913,0.921916586865753
-8.286039048251167,-6.130059407356092,109.66553634879017,95173.23028,95173.254276,0.7151909231560758
-9.61004610659312,-8.043745206582294,109.78432194393642,95173.243613,95173.270475,0.8678955649480938
-11.754923187524636,-11.80337126477315,108.77470473144182,95173.27028,95173.300721,0.7543837599246893
-12.634517766878485,-13.645798476540147,108.2931030766668,95173.283613,95173.308563,0.8717479432752483
-13.278547708164451,-15.4554641693884,107.68879243619295,95173.296947,95173.325128,0.7660887231207656
-19.90872475662259,-2.5079379496789955,122.69715790327614,95173.310279,95173.335735,0.8547489302139871
-13.76961491652329,-18.927660764614945,106.599633139716,95173.323613,95173.354104,0.8601578854218407
-13.578615810104578,-20.456206026705413,106.06440480376428,95173.336946,95173.369533,0.9953968338943107
-13.116177723834657,-21.776602681626123,105.56966824200157,95173.35028,95173.375592,0.9861653292098292
-12.348167081794678,-22.839617489125235,104.92442613762157,95173.363613,95173.38747,0.9704177164402933
-11.279724966107466,-23.75917923513119,104.44886356192998,95173.376946,95173.403855,0.9581349765978535
-9.878951011963137,-24.38478933047251,103.80028094965985,95173.390279,95173.41404,0.9420380175708006
-8.240673227256876,-24.750624179532842,103.1325435610137,95173.403613,95173.427413,0.9092061236653404
-6.472746599298539,-24.824824292421706,102.3733982716683,95173.416946,95173.440968,0.8933491245072765
-4.543825446078311,-24.713012520400607,101.61412067214245,95173.43028,95173.455029,0.9707332756341397
-2.428946939817304,-24.656019202223796,101.63928459937635,95173.443613,95173.469457,0.8848596528957959
-0.05530578486085346,-24.384563798082603,101.5592258679963,95173.456946,95173.485226,0.7484973072450286
5.39039095151186,-23.14281683789707,100.60007413774791,95173.483613,95173.507728,0.5395571855618557
10.819111106725119,-20.968816338514095,97.16396023436685,95173.510279,95173.542072,0.9816564802917915
13.605113794120689,-19.94512094756398,95.8615950331383,95173.523613,95173.548418,0.990390734518385
16.55502326159574,-19.17415136937259,96.0923728382173,95173.536946,95173.561481,0.9322291910219457
27.792291043213677,-15.441997649535802,95.57228266058526,95173.590279,95173.615273,0.6228201990793011
30.074121967209695,-14.2612366632737,94.2860544625102,95173.603612,95173.627208,0.9863982221443939
32.653662000661306,-13.340703331395462,94.64597150862681,95173.616946,95173.644644,0.759453391188551
34.77033132810852,-12.282947982200403,93.98537617879441,95173.630279,95173.654511,0.9970417562331398
37.00549223433093,-11.352415169901954,94.22209977647717,95173.643612,95173.670226,0.955105058494031
39.08258941032184,-10.431048535294739,94.46106447855098,95173.656946,95173.681114,0.8311094172547482
40.97479241265222,-9.520462608275706,94.59984229033839,95173.670279,95173.704607,0.9232818927578187
42.70991956319323,-8.66718821110029,94.73947122117852,95173.683612,95173.70851,0.8360012703519217
44.245999984443486,-7.858427102737126,94.76082284097805,95173.696946,95173.721006,0.8467831446607844
45.67547703701981,-7.10497467490902,94.85810836303799,95173.710279,95173.736899,0.889090529506426
47.00850708982607,-6.395628213955406,95.09670751801883,95173.723612,95173.75028,0.841650758282594
48.037358640753375,-5.658124366908104,94.99024223200877,95173.736945,95173.763415,0.8774677644118367
48.99986898238395,-4.92868819057435,95.10785232220034,95173.750279,95173.776294,0.8427592401723532
49.724077037287906,-4.169248131883829,95.03082724002601,95173.763612,95173.7877,0.8265692800164472
50.28583847144252,-3.407231244810737,94.95887060761297,95173.776945,95173.802395,0.9061075256853749
50.71704554004326,-2.693208512905733,94.91171510509027,95173.790279,95173.814566,0.8909000936453355
51.082587096767895,-2.021348458987975,95.02343218937436,95173.803612,95173.835391,0.9622240752117179
51.17619542357454,-1.3680791752765717,94.85002218443502,95173.816945,95173.842569,0.9829596262582904
51.14825816816963,-0.7671591956831787,94.74128391098266,95173.830279,95173.855045,0.9332431978977428
51.00431980079976,-0.18775704327836454,94.62456557095851,95173.843612,95173.870769,0.9686624441057219
50.68907695904162,0.37617416174369755,94.43326046504758,95173.856945,95173.881438,0.9574615297033605
50.2052925520583,0.9116973735721253,94.15534848874483,95173.870279,95173.894239,0.8462252062688177
49.617142778728315,1.4090224775290074,93.94899465703314,95173.883612,95173.907973,0.952699463250691
48.76231414935266,1.8467796061660031,93.44209003498018,95173.896945,95173.923022,0.8316366258153894
47.83927813010432,2.2439482651323943,93.06905209913864,95173.910279,95173.936504,0.8097131961339071
46.68087712915595,2.58514094897394,92.43010520591208,95173.923612,95173.950288,0.8358478159734671
45.377416839853076,2.8743039571361577,91.73227008069115,95173.936945,95173.962654,0.8717361760690464
44.022940228779,3.1160127848268564,91.2115823539375,95173.950278,95173.974981,0.869296577419156
42.31872946045999,3.3014328318974155,90.21162374226162,95173.963612,95173.987827,0.9109335553297233
40.537872014564456,3.42417692593042,89.29685559564342,95173.976945,95174.002612,0.814456093803025
38.6765917007067,3.466360101914958,88.44165211757685,95173.990278,95174.018319,0.959025248886548
36.71133295195391,3.432722346335193,87.47792550202088,95174.003612,95174.028731,0.8849674529678412
34.692981156674456,3.379154864020688,86.69533065018656,95174.016945,95174.042513,0.8878185879942908
32.46699410353947,3.300198633992545,85.72997374316068,95174.030279,95174.054296,0.9177918173295179
30.182730174027867,3.180594772733899,84.89270466470414,95174.043612,95174.069274,0.8780316638935273
27.861709971067288,2.9987556060435274,84.22263102475469,95174.056945,95174.089707,0.9338079338211617
25.43328680972537,2.7716292895230947,83.33431615452737,95174.070278,95174.094215,0.9762667921546343
22.976196297916708,2.4956773471504032,82.56433286104192,95174.083612,95174.108899,0.9433166740234519
20.57606016961636,2.1642665351135495,82.19583454782575,95174.096945,95174.127325,0.9938101279657111
18.082015394622644,1.7743400413011436,81.7401043890462,95174.110278,95174.142603,0.985252121730702
15.572453016113618,1.312867261349112,81.24694457091475,95174.123612,95174.147882,0.8608313691499403
13.093453776809003,0.7898377775146602,80.8878088819962,95174.136945,95174.161318,0.9589434895846093
10.69988061629407,0.2270268115113294,80.42394402979015,95174.150278,95174.175195,0.9523570017554117
8.364089483455917,-0.3694158491732512,80.06288382359355,95174.163612,95174.18912,0.9962176362712077
6.038768880685974,-1.045923083684453,79.5855918703056,95174.176945,95174.202003,0.9843717952482521
3.7967751509244962,-1.8210833438274026,78.78151042087956,95174.190278,95174.214905,0.8235851860473123
1.6045637784047693,-2.7231795556866474,78.96835645950367,95174.203611,95174.227708,0.9710397594950727
-9.481128493817328,-8.240549522195971,76.75030011409962,95174.283599,95174.308677,0.7893638401087179
-12.304435302019575,-9.897055276980597,76.25179171948763,95174.310266,95174.341682,0.7492426420141859
-13.536275420394398,-10.641006287473678,75.85628745797632,95174.323599,95174.35023,0.9712472827732723
-14.734491730611865,-11.405116967092672,76.01927626405973,95174.336932,95174.361213,0.8730324849640063
-15.815071255317372,-12.041957390728172,76.08538704606458,95174.350266,95174.375412,0.9034621165310649
-16.8540431099528,-12.582098708753161,76.24640429176627,95174.3636,95174.388762,0.9476460215924872
-17.778531922879186,-13.047367568471785,76.37160309320434,95174.376932,95174.40428,0.9391712535941399
-18.603463594691707,-13.475902386591256,76.6127750938734,95174.390266,95174.414496,0.9629703750911611
-19.291012829528654,-13.782189657805795,76.91888454097918,95174.403599,95174.428447,0.9900593905923455
-19.83512977294186,-13.919052854746946,77.26281045725558,95174.416932,95174.443525,0.9862661581951715
-20.241550142015225,-13.889978364688771,77.7538904064708,95174.430266,95174.454969,0.9310678958685883
-20.372839201173747,-13.692000772666793,78.08104098920951,95174.443599,95174.469114,0.9867543239599554
-20.352954721560916,-13.450527934274144,78.66334568126867,95174.456932,95174.482415,0.9063765581218312
-20.020268553098155,-13.068194151352282,79.03857539486359,95174.470266,95174.494086,0.9824006994806073
-19.499887566246258,-12.608563737577919,79.52431757104677,95174.483599,95174.508416,0.9745875810884311
-18.82713842039779,-12.080955239873843,80.1471321936604,95174.496933,95174.523915,0.9545686623360503
-17.922737770006595,-11.482926983322361,80.57621413601709,95174.510266,95174.537287,0.9763456148889775
-16.867362473167226,-10.891954878051584,81.27193030636222,95174.523599,95174.549947,0.9404718420638026
-15.577571290158742,-10.29321794572072,81.91644253867229,95174.536932,95174.562174,0.9692755217839859
-14.082599667945294,-9.683892710134483,82.61813628345763,95174.550266,95174.57492,0.8458025798177039
-12.42379860349334,-9.050929260167486,83.28160536068512,95174.563599,95174.588148,0.9812061610749878
-10.64744750538527,-8.418029121913257,84.12593773371904,95174.576932,95174.602808,0.8935275521890396
-8.790501360887403,-7.786841215319716,85.12073615889382,95174.590266,95174.614405,0.9769834068734075
-6.829833892822984,-7.172930363993426,86.27095330246786,95174.603599,95174.62729,0.8204167080212539
-4.680689803526946,-6.535442936476542,86.7429607930196,95174.616932,95174.641503,0.843870407232613
-2.5040445199928842,-5.941634821174536,87.50623864667591,95174.630266,95174.654026,0.939563009091868
-0.3036067057698964,-5.3695241189629535,88.22353160862187,95174.643599,95174.669619,0.9853640351825038
1.897183283288889,-4.8574698166565735,89.07142607346215,95174.656932,95174.685232,0.9431879272639638
4.087526935752646,-4.4083438338791,89.72351117406824,95174.670265,95174.696057,0.9053195579543333
6.245359837684287,-4.098417696610564,90.52260849618358,95174.683599,95174.708003,0.978817318671176
8.345489405545715,-3.9352724694433183,91.374467505087,95174.696932,95174.720944,0.9911135313456171
10.333109698491173,-3.871912029267317,92.11631830654396,95174.710266,95174.745355,0.9995997762402091
12.19522595688442,-3.91045562066228,92.96115641972406,95174.723599,95174.748347,0.9046175987053066
13.909928637427377,-4.036306819697287,93.69193515602572,95174.736932,95174.761339,0.9937870557265374
15.445461646829669,-4.225335520426685,94.17438316531276,95174.750265,95174.776798,0.9779867083665277
16.80638940372956,-4.47682092721484,94.75288756187351,95174.763599,95174.790112,0.9452105574625707
17.929919628952362,-4.746089241048277,95.15301337836915,95174.776932,95174.801482,0.928705724697832
18.82087505904737,-4.998708447166034,95.4664722986307,95174.790265,95174.814984,0.9746510069089811
19.49022377497512,-5.221157735043171,95.6711781443178,95174.803598,95174.828512,1.0
19.970310299317518,-5.380817254589689,95.87658046922547,95174.816932,95174.841168,0.9469771814529351
20.241101473413394,-5.4937521477739075,95.98189766796382,95174.830265,95174.855019,0.9776837474189515
20.32762467089871,-5.529076361913022,96.04659315304275,95174.843598,95174.870808,0.9574049311035404
20.234545167408942,-5.524034551390079,96.09299340454426,95174.856932,95174.88243,0.8985765486126015
19.9409067391606,-5.487637357804883,96.0203642539593,95174.870265,95174.893949,1.0
19.450093120342338,-5.457401463424237,95.71597681215503,95174.883598,95174.908581,0.984504686766458
18.758932995281967,-5.422355886762261,95.31499468891118,95174.896932,95174.92131,0.9294226586502438
17.904545834129802,-5.390412365613889,95.01391778620889,95174.910265,95174.934982,0.9616611404378448
16.84709906227502,-5.360129711641336,94.50031454060282,95174.923598,95174.948201,0.9961798046601839
15.65397033129405,-5.331540807703539,93.8852502353551,95174.936932,95174.960601,0.8732005513856864
14.366720782295646,-5.322614457776807,93.31954015202015,95174.950265,95174.975858,0.9631076755510164
12.96657313085878,-5.299164730140138,92.6439908348773,95174.963599,95174.990258,0.9783030548576804
11.456236776230373,-5.310274952874859,92.06001812782632,95174.976931,95175.002921,0.9494204551856761
9.853971508534396,-5.3648695447697206,91.34108866879068,95174.990265,95175.01464,0.9614209948930206
8.23027887792861,-5.526479042054494,90.59767225971048,95175.003598,95175.027848,0.9838681210329197
6.645839527388936,-5.760987178267537,90.029140961566,95175.016931,95175.041658,0.981016860642347
5.080925022691981,-5.97367549595029,89.41257004206282,95175.030265,95175.061649,0.9532197229285547
3.488382967212685,-6.1921404116131304,88.93317597541846,95175.043598,95175.071698,0.9909078073126624
1.8564984688380353,-6.506428866649369,88.35647437245177,95175.056931,95175.081289,0.893240992967782
0.23547976425988007,-6.950554677926796,87.721797045089,95175.070265,95175.094253,0.8847766494980024
-1.3081535680961847,-7.522494403556184,87.05466413608718,95175.083598,95175.117053,0.899347535208812
-2.766671927826603,-8.178619698145694,86.75505115666782,95175.096931,95175.12133,0.9086653881623203
-4.120608802020653,-8.798943414248894,86.22311866688595,95175.110265,95175.135522,0.9909199040956485
-5.413593208126793,-9.46346732837254,85.91937364810829,95175.123598,95175.149463,0.8955027957061521
-6.574111451125505,-10.186394010669678,85.57203403305748,95175.136931,95175.163221,0.8808155834493271
-7.563791112154926,-10.921033682845724,85.1593315838307,95175.150265,95175.175425,0.9822162824663733
-8.386992923639536,-11.662431463475976,84.9997689205176,95175.163598,95175.187602,0.9562200149141502
-9.032031037569345,-12.343435084252876,84.79007289843842,95175.176931,95175.203448,0.9895331409164893
-9.503391195922271,-12.974188082645835,84.67679020989843,95175.190264,95175.215268,0.9926923168160436
-9.827502150664682,-13.60149829945273,84.66318241931994,95175.203598,95175.227292,0.994645430626329
-9.960183991307773,-14.182757854898824,84.55818319958675,95175.216931,95175.241131,0.9986542068588856
-9.889430881732522,-14.744548768605863,84.67216133937671,95175.230265,95175.254891,0.9790086084435438
-9.55457841353612,-15.19397064634209,84.78668908518408,95175.243598,95175.268831,1.0
-9.020139139959445,-15.539140252526602,84.91954415104941,95175.256931,95175.281166,0.9593548488731902
-8.31149713590423,-15.79445294155798,85.27737022878982,95175.270264,95175.294726,0.9709567866930273
-7.389517271753977,-15.94537332523927,85.63427211818654,95175.283598,95175.308424,0.9821357382283064
-6.23816565739674,-15.978656887550816,85.92600265234614,95175.296931,95175.32212,0.9791657841390329
-4.877780024655586,-15.951740121456153,86.54126783650523,95175.310264,95175.338454,0.8960514916165788
-3.312936324797292,-15.817085083023741,87.06393401087647,95175.323598,95175.34947,0.8536974534070424
-1.6103733371451951,-15.56874449149264,87.56596412345047,95175.336931,95175.36107,0.9012403182133589
0.16056102274178602,-15.297026066718363,88.36958614274813,95175.350264,95175.3761,0.8953677535118878
2.0516714604249104,-14.9438585943457,89.09761728987691,95175.363598,95175.388151,0.8359630171622794
4.090857056859898,-14.492467098179215,89.55325096922653,95175.376931,95175.402147,0.9745125091651039
6.259701359808544,-14.047387473861386,90.57330530627381,95175.390264,95175.414877,0.9435325283290038
8.494817045031116,-13.520379124937206,91.76653204464851,95175.403597,95175.427872,0.9782821114217518
10.716526763756425,-12.909414481959889,92.94463769709436,95175.416931,95175.442582,0.8896767721826891
12.928033960766458,-12.26045728710835,94.18867853084946,95175.430265,95175.455749,0.9831066308293799
15.16369413630545,-11.625232652002836,95.62100631522733,95175.443597,95175.471534,0.9213134334540973
17.26323052707809,-10.904834977692508,96.5162937303204,95175.456931,95175.482614,0.9210287805719111
19.391784282450967,-10.134110777514667,97.87530491642589,95175.470264,95175.49404,0.9802649166797766
21.447124477571126,-9.318933632886804,99.31265381733408,95175.483598,95175.50943,0.9948464639325115
23.42888296643122,-8.461051850284832,100.71008181579117,95175.496931,95175.521723,0.9285559957827585
25.309668525021216,-7.595315892489604,102.07948278320649,95175.510264,95175.537175,0.944530950972546
27.096972434486297,-6.69553119991224,103.34431633522138,95175.523597,95175.549993,0.9411959138973905
28.821672051858023,-5.777145573479211,104.93078262748959,95175.536931,95175.560996,0.968905290017533
30.371816729361978,-4.813514327682567,106.24788152052038,95175.550264,95175.574813,0.9685126552378318
31.70576950798216,-3.8012037430462726,107.27601948147012,95175.563598,95175.589459,0.9636173725846088
10.112966254576982,4.7235695016346515,45.09839184909427,95175.576931,95175.603101,0.8892329096809296
34.07457532459011,-1.7520852397343116,109.79478947655787,95175.590264,95175.614266,0.9845759015376476
34.9498113730232,-0.7188274290976597,110.6345220955056,95175.603597,95175.628542,0.9675850515372436
35.81021134649896,0.3353144665619226,111.79146051875146,95175.616931,95175.641737,0.8705084932129824
36.3953281126719,1.337848612929718,112.44300865349719,95175.630264,95175.654485,0.9426721732813375
36.90525021782661,2.3443136052078435,113.22595927782562,95175.643597,95175.668601,0.9918092273725969
37.31698747817974,3.303957827676873,113.9478642612614,95175.65693,95175.681184,0.9605406080760575
37.59131615612502,4.215898096056275,114.55707231390167,95175.670264,95175.694758,0.9890848479706686
37.72179509196543,5.102210739938184,115.0349703078283,95175.683597,95175.71027,0.9648781694127286
37.85435421302341,5.969156851798714,115.81358874157408,95175.696931,95175.722271,1.0
37.53213540830822,6.729033981693713,115.48695999229922,95175.710264,95175.735121,0.9675694783549286
37.450757362386234,7.54094526815965,116.35602812739648,95175.723597,95175.74841,0.972836666431071
36.85141086535506,8.175750552832172,115.8327297903784,95175.73693,95175.76106,0.8147704670449146
36.33273453196694,8.822516196766523,115.96454570506963,95175.750264,95175.781699,0.9384267807006836
35.570134908390585,9.391237153172352,115.44722913865871,95175.763597,95175.790928,0.8272098465638718
34.829943101891196,9.96586766568238,115.37418301665866,95175.77693,95175.804832,0.9307861558907203
33.945914821530344,10.471224029982722,115.13615398711715,95175.790264,95175.814118,0.9478287256166474
32.99233008010076,10.912788444861862,114.8258580648847,95175.803597,95175.827429,0.9666319066997255
31.92694956111214,11.260958829438023,114.44599579183419,95175.81693,95175.843065,0.9842783280354673
30.74349936225946,11.546069433981145,113.87130481739386,95175.830264,95175.856764,0.9152986645364659
29.415475444509624,11.768359482930151,112.93732698155048,95175.843597,95175.871292,0.9343679500552319
28.08960917279403,12.011705877246424,112.35693142974259,95175.85693,95175.883313,0.9290928646381674
26.652337957449657,12.160284991446288,111.4082409406327,95175.870263,95175.89383,0.954511732315504
25.177368291321145,12.248611583389755,110.5236751732336,95175.883597,95175.907973,0.8850082909586723
23.702349667521965,12.259705538550941,109.61617156547607,95175.89693,95175.923014,0.9284891994470732
22.241701871480302,12.211355035115513,108.75145165806997,95175.910264,95175.93833,0.8490287661603653
20.772906074443288,12.097702509443007,107.81230560590119,95175.923597,95175.948061,0.9894982410727933
19.296446906443474,11.912541791021736,106.87138938687431,95175.93693,95175.961029,0.8726118006513177
17.787701014456047,11.62113821354925,105.8905600370547,95175.950263,95175.97673,0.9153588065471261
16.263503031974384,11.22215201531915,105.03487111617088,95175.963597,95175.995918,0.9291576270614261
14.716524747352658,10.679218015061732,103.94291400423539,95175.97693,95176.001513,0.9663498393791911
13.170324510577368,10.043089714720903,102.72848837703671,95175.990263,95176.014111,0.939822327601061
11.644464624579124,9.37983863808782,101.65853870154868,95176.003597,95176.027388,0.9406763270637538
10.14647082717263,8.655824323989634,100.74051193208483,95176.01693,95176.041633,0.9209319073215881
8.69644021468821,7.809983918884869,99.94778313196623,95176.030263,95176.061823,0.9194231492672832
7.296022454120408,6.8646325681649705,99.0732194287644,95176.043597,95176.072545,0.9279726968553902
5.934080219015839,5.927652775649433,98.33231349084414,95176.05693,95176.081376,0.9995641024006663
4.599174467344334,5.029813242135893,97.97844057105155,95176.070263,95176.094382,0.9886310264529823
3.299358556885236,4.049523601858807,97.17789114079527,95176.083597,95176.10998,0.9734300712592157
2.1088860058642087,3.036112036990541,97.06756160139305,95176.09693,95176.121531,0.9778944753792093
1.0105810658421943,2.2002053183055628,97.51919217330399,95176.110263,95176.135126,0.9070926447509302
-0.03765315812183148,1.112265053662312,96.49261283276103,95176.123596,95176.149774,0.9804568311573486
-0.9884203963266043,0.23601314712980584,96.40394482083136,95176.13693,95176.163326,0.9440047121257855
-1.8237466007007606,-0.6182336511918051,96.48041376802837,95176.150263,95176.176063,0.989388773638422
-2.4609955390425395,-1.421176935101603,96.30067384536194,95176.163597,95176.188975,0.9681318849804083
-2.975338024321496,-2.1561659189708307,96.95337776194457,95176.17693,95176.208847,0.9137448937289743
-3.2407144498371503,-2.8051287965694955,96.7213569692633,95176.190263,95176.214497,0.9687217494954741
-3.316484234442223,-3.3902910755558078,96.84009500747185,95176.203596,95176.227315,0.9782885671367999
-3.188657461775661,-3.9154980840453586,96.90877947946295,95176.21693,95176.242293,0.9425511104383988
-2.8484954980540977,-4.381287280488181,97.22118040838417,95176.230263,95176.255061,0.9347291032962732
-2.2627944309889503,-4.745887599847907,97.60546255665089,95176.243596,95176.269196,0.8928339752243568
-1.4266937579428154,-5.032658086320889,97.68820402635866,95176.256929,95176.283843,0.9829294868123276
-0.39477038384976576,-5.191128082881439,98.2505411051385,95176.270263,95176.297186,0.9917607707922776
0.8519068473151397,-5.24243441804285,98.67107937466899,95176.283596,95176.30804,0.9538015553509855
2.273433835701151,-5.220763047387756,99.26107831758918,95176.29693,95176.320675,0.9715183924591098
3.8315467930876896,-5.105483327356715,99.48364674778749,95176.310263,95176.336904,0.9107868566023575
5.491212946325912,-4.975357645666613,100.36628936245062,95176.323596,95176.348434,0.9434913074770067
7.198097566854851,-4.768367352199043,100.89363164767644,95176.336929,95176.362787,0.9691074341990695
8.91737536462299,-4.527988894810175,101.58696601784176,95176.350263,95176.376558,0.9362407638854172
10.613579506294705,-4.233788493035026,102.16076895421912,95176.363596,95176.387567,0.9936845335020337
12.315289447051187,-3.8921238802885467,103.13047766511059,95176.376929,95176.408122,0.9514821144240397
13.92354944505567,-3.4919623281791896,103.69705257205095,95176.390263,95176.415775,0.9496082885467403
15.46244769777361,-3.102372973967676,104.33113352254499,95176.403596,95176.428512,0.9742555256975322
16.89599290651338,-2.771229557679072,104.89840967373883,95176.416929,95176.441502,0.9639282633144423
18.226960385249562,-2.495718468093747,105.48689558379814,95176.430263,95176.454338,0.8945083590428016
19.41962540890825,-2.2044141371298807,106.01925135060755,95176.443596,95176.470958,0.9815081254623519
20.464931137779338,-1.9072326322625175,106.57487307565667,95176.456929,95176.481292,0.9398164530839277
21.322352689192257,-1.6079219304559917,107.0378335795558,95176.470262,95176.494348,0.993263132470882
22.01324414942008,-1.34141138577098,107.67797982047205,95176.483596,95176.508139,0.9125707254330911
22.345232369363472,-1.1170196640165964,107.51998009246746,95176.496929,95176.528351,0.9775600385122587
22.513919633801567,-0.908144493046503,107.62758934718781,95176.510262,95176.535519,0.9540866572821858
22.45759234923406,-0.732343672119835,107.66774457432,95176.523596,95176.550483,0.9748017022633355
22.15481767418673,-0.559392012048573,107.44372775560802,95176.536929,95176.56546,0.9821724494838824
21.59692410522001,-0.3809658810772768,106.8972272665267,95176.550263,95176.576156,0.9854517316097238
20.86747514294074,-0.24396930131989342,106.41591076601094,95176.563596,95176.587421,0.9733803620180178
19.98732987733267,-0.16171707789328998,105.8682555510817,95176.576929,95176.601577,0.9679513469646799
18.977390746612684,-0.12500867814783884,105.31221136418472,95176.590262,95176.614577,0.9357675655365365
17.843614705227793,-0.12084395130824965,104.7680512366445,95176.603596,95176.630016,0.9835172988305758
16.523054661801158,-0.17426511129994876,103.86820005302035,95176.616929,95176.641908,0.9361410255192105
15.063599119686506,-0.28303467323016784,102.83492814873631,95176.630263,95176.656463,0.980813344355201
13.554635295268758,-0.5224332698401417,102.22189028419292,95176.643596,95176.668375,0.9105895937166695
11.949176330456137,-0.8589294485996637,101.0613901572941,95176.656929,95176.681534,0.85744238255752
10.326562867406373,-1.2495390958801174,100.26675006317556,95176.670262,95176.693995,0.9337509573433762
8.611505415288006,-1.6627809989681743,99.56190584022404,95176.683596,95176.708059,0.9962534804388292
6.767801967331067,-2.1812264900440272,98.33456418310439,95176.696929,95176.721011,0.9124572816823753
4.888457328427222,-2.8535111537478617,97.37602027247658,95176.710262,95176.735356,0.8913694428799995
2.996803484708022,-3.6578796199918133,96.80787887243496,95176.723596,95176.748387,0.9126410413869818
1.139064134476018,-4.469540857521977,96.12267666078388,95176.736929,95176.763728,0.9485976214298847
-0.694829759496744,-5.265458026615596,95.7279842112745,95176.750262,95176.774889,0.9139894927482247
-2.5151679653215377,-6.129127782912062,95.22627872689579,95176.763596,95176.787699,0.9803051307715579
-4.38739072603451,-7.0912757055350575,96.06693407798015,95176.776929,95176.801505,0.6980372789499066
-5.897615826430996,-8.12258098041817,94.20642281523516,95176.790262,95176.813673,0.7443600355028606
-8.800292044772789,-10.1376133010338,93.3469386794897,95176.816929,95176.842074,0.7792584967774167
-10.073779190166048,-11.102093164372713,93.00769744611496,95176.830262,95176.858905,0.8716990750398279
-11.411098409350576,-12.108340396705303,101.61865510920559,95176.843595,95176.875769,0.9124227134424504
-12.218830297497457,-13.055440344954194,92.33941941890268,95176.856929,95176.881071,0.98840417916529
-13.078692314547745,-14.024032899200673,92.15509688690253,95176.870262,95176.894419,0.9798777921853865
-13.764134259209756,-14.866130656162566,92.10932512139598,95176.883595,95176.909307,0.9555915195844314
-14.246396657999268,-15.535956610544009,91.89967950800273,95176.896929,95176.922432,0.9105106669435805
-14.561700254079703,-16.06439429226209,91.68499000893408,95176.910262,95176.935573,0.9653175338797715
-14.749399006770938,-16.604314932475976,91.87238838586654,95176.923595,95176.948275,0.9997439147994911
-14.629487227759842,-17.04135482320497,91.69151573172891,95176.936928,95176.961733,0.9853791626354195
-14.32481823161137,-17.42848370752614,91.75304820652862,95176.950262,95176.974776,0.9693270523069765
-13.815244998169593,-17.7323138970777,91.84531834119407,95176.963595,95176.987744,0.9738537562543367
-13.112179288496277,-17.948622242907916,91.90640117446218,95176.976928,95177.002518,0.9975766265268463
-12.286864401374885,-18.17030390542346,92.15933842814282,95176.990262,95177.014268,0.9558270068140732
-11.237197541221828,-18.298334271256262,92.24771789245588,95177.003595,95177.027669,0.9299797266463256
-9.980531238009997,-18.407923406271706,92.44800422393438,95177.016928,95177.041311,0.9903291651007673
-8.540495657876376,-18.437544504107596,92.69667754577883,95177.030262,95177.063281,0.9947408195546886
-6.963157191010675,-18.39153769392749,93.12300156428492,95177.043595,95177.069757,0.9061862253288359
-5.26821807021205,-18.271598917112083,93.35683575924003,95177.056928,95177.082556,0.9994553650991008
-3.4599308482085314,-18.197959072441275,93.75239530546808,95177.070262,95177.098921,0.9874155191148698
-1.5385538916229102,-18.13035412625305,94.22917013543652,95177.083595,95177.107838,0.8819813266560663
0.4574372457081754,-18.1091600831011,94.97494029102835,95177.096928,95177.12094,0.9528673898042954
2.5190195925372523,-18.104489515354814,95.67179847624307,95177.110262,95177.134658,0.8418632051501519
4.611920502154727,-18.082986673291185,96.15389755540369,95177.123595,95177.149911,0.8838059463435911
6.682240898265479,-18.080393562532176,96.78605302162678,95177.136928,95177.167402,0.9599383475664431
8.772183312188265,-18.12113020956733,97.68106943837505,95177.150261,95177.176131,0.9115508933921218
10.819539029568851,-18.1536054472664,98.27228433072737,95177.163595,95177.189515,0.9762010428904188
12.869528892925217,-18.287134103743124,99.4339079862274,95177.176928,95177.2023,0.9149828555943372
14.820114662651706,-18.40058110137668,100.4132460993568,95177.190261,95177.215008,0.8950823902560302
16.668064805747665,-18.49962942666041,101.26513397330855,95177.203595,95177.22748,0.9348765077359107
18.46547057590296,-18.64254194748089,102.45703575874838,95177.216928,95177.242364,0.9691079683597859
20.1702924661977,-18.760357272982855,103.4940108565772,95177.230261,95177.254758,0.9086670834314935
21.75423765052928,-18.852968249107082,104.415833053046,95177.243595,95177.26906,0.9727846454147413
23.24114347321568,-18.94029747233365,105.44791258107107,95177.256928,95177.283057,0.9960986861933683
24.60867462030436,-18.986508796440784,106.54929086964977,95177.270261,95177.297211,0.9801452467269286
25.77012151896873,-18.89070444655207,107.37596748390138,95177.283595,95177.307681,0.9372791066056606
26.760796807040695,-18.655928778656293,108.05087861355969,95177.296928,95177.321319,0.9822666883216781
27.672636415015116,-18.32157345875644,108.87718385803822,95177.310261,95177.335457,0.9873037716091199
28.47396980496092,-17.849313896520325,109.75116263662952,95177.323594,95177.350528,0.9192880194262528
29.10268743004979,-17.23132332656094,110.34063068555997,95177.336928,95177.362644,0.9980370109168891
29.604839278062833,-16.477163634677375,110.82053783096785,95177.350261,95177.375319,0.937840149242171
30.061786366593246,-15.642935933899835,111.56520429693211,95177.363595,95177.388953,0.9061181477483777
30.36657727109858,-14.661365002822714,112.03802553519243,95177.376928,95177.401596,0.7500808874431291
30.438090284089668,-13.49201331399269,112.10544778263892,95177.390261,95177.414542,0.9035376386376825
30.444774457019598,-12.24396196640614,112.33856460089767,95177.403594,95177.429445,0.9813643598946858
30.28767461888199,-10.878146327943906,112.45603704003354,95177.416928,95177.443578,0.9658232915533087
30.039453219100203,-9.445452278641039,112.61350714494972,95177.430262,95177.454325,0.9642303721393255
29.593028788708782,-7.9500762306107955,112.41137184395943,95177.443594,95177.474888,0.945782081246522
28.992699740796958,-6.401956742463847,111.98809515387522,95177.456928,95177.48814,0.9811663462982723
28.352458732028833,-4.867735406773118,111.93212717721612,95177.470261,95177.494782,0.8790044021926716
27.567246255407664,-3.362656924636392,111.5043523107323,95177.483594,95177.507669,0.9572943697575913
26.68047702671848,-1.9177393880801032,111.02058121222588,95177.496928,95177.52155,0.9584886074776795
25.71866705646887,-0.5319529648468981,110.4593277766639,95177.510261,95177.535194,0.9530425922040981
24.721957554102648,0.7802498475717314,110.05247268939115,95177.523594,95177.547628,0.955929317183556
23.621060230395404,1.9916238162422386,109.44987222629463,95177.536927,95177.560837,0.9691628551310065
22.484064756310982,3.0532957088193844,108.97957644623362,95177.550261,95177.574858,0.9844652922952848
21.27325354145962,3.9398062244010177,108.27176242117751,95177.563595,95177.587394,0.9533925409121465
20.048740381647338,4.706650326364935,107.60364455184299,95177.576927,95177.603687,0.9255803480504017
18.81210010256076,5.321413481823889,106.84489648494761,95177.590261,95177.617713,0.9019674014050297
17.600200317359988,5.795664172700718,106.23506799040963,95177.603594,95177.627631,0.9864989169781835
16.383908237718718,6.122882285447259,105.58051962353619,95177.616927,95177.641893,0.9820953124387662
15.163598742372617,6.295851972556094,104.9294988251853,95177.630261,95177.656117,0.986122631512396
13.970184616914821,6.279819856970744,104.24614773840563,95177.643594,95177.668979,0.9622783377058666
12.828249486508174,6.064951782820992,103.50722726973925,95177.656927,95177.680994,0.9844303070336283
11.755912284357024,5.721618240688551,102.87641198038234,95177.670261,95177.694364,0.9830044743438111
10.748478627720877,5.209693562625817,102.27699815770474,95177.683594,95177.708541,0.8894977463416089
9.794501346465925,4.533560903989466,101.65101244762286,95177.696928,95177.721246,0.9364369461239577
8.907824909082104,3.661361474521001,101.16807633910881,95177.710261,95177.736304,0.9620615422371895
8.105903883123714,2.5802599592743873,100.46563113799003,95177.723594,95177.750503,0.9681469407027266
7.436992271200463,1.3328264603277058,100.14589190994673,95177.736927,95177.763024,0.9746613470486165
6.874913138948749,-0.020976034263263357,99.68637576392854,95177.750261,95177.776133,0.9862424803058365
6.398541616190624,-1.443376465334492,99.07035922162174,95177.763594,95177.787514,0.9702016487443832
2.777966913652684,7.196771953539099,105.97497922634376,95177.776927,95177.802323,0.9770465976393675
5.667595427098659,-4.643794675470099,98.31147561523512,95177.79026,95177.813982,0.9955829115653267
5.461481385340742,-6.395706464685859,97.82279505662683,95177.803594,95177.835314,0.9771980682938117
5.385432763784876,-8.188083269544206,97.54981852139223,95177.816927,95177.842027,0.9587926543514808
5.399210732931849,-9.961965484243088,97.26156157790862,95177.830261,95177.856044,0.9624645653928846
5.488462997109911,-11.734102787791505,97.01034203550155,95177.843594,95177.869632,0.8824638936200362
5.661235127963437,-13.531280016279192,96.88316439585753,95177.856927,95177.881209,0.9939213995481919
5.9779480201499755,-15.269701091020771,96.64377273054863,95177.87026,95177.894599,0.9257810479225838
6.452250301651994,-16.920504535640607,96.60009575763532,95177.883594,95177.908389,0.8607048216145189
7.040611020795743,-18.486027480245696,96.79496151577169,95177.896927,95177.93149,0.9744432735512917
7.7072379194740215,-19.84312654931973,96.88125739147564,95177.91026,95177.934944,0.8589160812291371
8.470675072276766,-21.053658776760578,96.9523693110033,95177.923594,95177.947501,0.9949152427866246
9.407017573843916,-22.147851695434486,97.2972009881997,95177.936927,95177.962503,0.9308779713363189
10.475588438002102,-23.039309410072203,97.72462051550349,95177.95026,95177.976037,0.9860408983565152
11.627513825796132,-23.67426265794938,98.08114256524661,95177.963594,95177.989799,0.9923033691388059
12.813639640214975,-24.04265612577841,98.44600886751405,95177.976927,95178.002727,0.9624108527677081
14.057244207054614,-24.25325941539705,98.94228102417841,95177.99026,95178.014437,0.950499914517561
15.348697878600026,-24.296768600438273,99.43716834397279,95178.003593,95178.027968,0.925629107786038
16.66793951354585,-24.192281563914836,99.98270391196573,95178.016927,95178.043253,0.8772203226989377
18.020532038111618,-23.9510991466323,100.75243301900322,95178.03026,95178.054969,0.9860923439296129
19.31395976551875,-23.46890493416208,101.2874289388427,95178.043593,95178.068018,0.9570350630454174
20.600503448969096,-22.935057035096158,102.0674493620788,95178.056927,95178.080769,0.9036129532669195
21.799225526232032,-22.238377710639124,102.72643607104868,95178.07026,95178.094268,0.9340998861688508
22.88606943757426,-21.396710436093187,103.20848014145082,95178.083593,95178.108504,0.8828215577925098
23.93063296220899,-20.588212990186502,104.10919595160598,95178.096927,95178.121453,0.9492012809124187
24.682929925854243,-19.61011329771443,104.39000641459911,95178.11026,95178.13628,0.9792794171551578
25.327042219561992,-18.678280560559383,105.04794128024588,95178.123593,95178.14848,0.9970046664311292
25.707560658758386,-17.667991205646253,105.41317228081405,95178.136927,95178.160928,0.9414605675349504
25.73949016569279,-16.5748843608137,105.1053750663123,95178.15026,95178.174724,0.9411165191008931
25.647224527817148,-15.57332614353746,105.30553285176704,95178.163594,95178.187255,0.9086233072325103
25.30694521865519,-14.560544849821495,105.34893426352023,95178.176926,95178.201463,0.9732456836170025
24.663053698325452,-13.494376094736475,105.00233059757899,95178.19026,95178.214888,0.9692738614650495
23.809444738130882,-12.46652171568147,104.58511585263811,95178.203593,95178.227815,0.9859238900027342
22.747873812141222,-11.476055504096504,104.08963294680437,95178.216926,95178.241167,0.9846328882497496
21.4278540908278,-10.48878848428741,103.15433167596154,95178.23026,95178.256491,0.9949931731647866
19.99701115556827,-9.580459564476852,102.49454734705844,95178.243593,95178.26987,0.9389623804704457
18.357418923458287,-8.732113783629037,101.59778549568152,95178.256926,95178.283209,0.9418475270822262
16.571595133759665,-8.002731101843908,100.72524499742515,95178.27026,95178.29552,0.9290577912293372
14.677279268017692,-7.410094820960579,99.8700809102412,95178.283593,95178.308263,0.9157697586796698
12.656043342938736,-6.96111642996437,98.99781720357674,95178.296927,95178.321411,0.9900357204075515
10.60044722371234,-6.622009477847594,97.9903687752031,95178.31026,95178.335474,0.9479294157653012
8.451074187759465,-6.371978995688337,96.97847226037247,95178.323593,95178.34925,0.8982054673263175
6.254888102300732,-6.233512915448303,95.83546729328998,95178.336926,95178.36123,0.8674771842080915
4.052302430626935,-6.203811420381931,94.64451675799587,95178.35026,95178.374882,0.7257463683328704
1.8682467989056135,-6.328268127243812,93.96540219091675,95178.363593,95178.388441,0.9562508128730184
-0.251115613878548,-6.461706943943197,93.10877677317623,95178.376926,95178.402321,0.8869215620574512
-2.3234159024352246,-6.766691170004819,92.82463216627852,95178.390259,95178.415728,0.889216511726552
-4.355292761351361,-6.98627289695412,91.99014929253988,95178.403593,95178.429563,0.9576342085309295
-6.329880034658078,-7.296200150277714,91.33481930779654,95178.416926,95178.441808,0.7705976840541957
-8.168140877320608,-7.607522254941469,90.04643057234631,95178.43026,95178.456337,0.8579954643690394
-9.922207251327222,-7.978964876416455,89.38786451523518,95178.443593,95178.468488,0.9393751774521804
-11.572396558529283,-8.347102706902724,88.88319880995927,95178.456926,95178.483015,0.9707222967502629
-13.130383420995514,-8.671622008409157,88.36863918242146,95178.470259,95178.494381,0.9531085016576958
-14.502251187364543,-8.951860892903422,87.59485314469657,95178.483593,95178.510295,0.9890528029396564
-15.703732203870194,-9.220369414095245,86.77079959870744,95178.496926,95178.524316,0.9374838655853723
-16.717957536060943,-9.421625585598683,86.01011959340035,95178.510259,95178.53496,0.9751055133636494
-17.585119592658398,-9.54425187410466,85.4108145174407,95178.523593,95178.547455,0.8384411952564487
-18.272202637950823,-9.555675997676664,84.84142744234504,95178.536926,95178.560574,0.9682921259848618
-18.67698629381838,-9.485050907670566,84.08340863921131,95178.550259,95178.575502,0.9554635895276008
-18.934174342077373,-9.398755908784526,83.60996091263345,95178.563593,95178.587254,0.9393980523874885
-18.992813456751687,-9.230258556876223,83.13606884350791,95178.576926,95178.603812,0.9733133195733297
-18.858055893454104,-8.95348983394778,82.54039452674769,95178.590259,95178.615738,0.9815963184616341
-18.568508132023506,-8.575313829381964,81.93008937115279,95178.603592,95178.627223,0.9824395025770367
-18.177733179994075,-8.138589359475429,81.49566130430365,95178.616926,95178.64167,0.9776204964328655
-17.576515035729855,-7.5986141076391,80.85421342605694,95178.63026,95178.653843,0.9928546411889153
-16.875268943038577,-7.009211584380448,80.37232260000624,95178.643592,95178.668673,0.9715982935907932
-16.086600775725028,-6.348923565891058,79.99907154117561,95178.656926,95178.68547,0.9813675967731705
-15.203258519057123,-5.624235613781504,79.61829058375056,95178.670259,95178.695346,0.972158192787534
-14.216513263956248,-4.848486644769491,79.15150083444807,95178.683593,95178.708185,0.9894651432736498
-13.188863584286047,-4.061536454148829,78.80499417353667,95178.696926,95178.720647,0.9960041504201743
-12.03374558449537,-3.2538518802238685,78.3109487256517,95178.710259,95178.74655,0.970223350146084
-10.837827579165312,-2.4831922715484085,78.09300443657665,95178.723592,95178.749819,0.99461344506418
-9.55812774163474,-1.710051106438709,77.8172394178777,95178.736926,95178.761621,0.9744308659524634
-8.234858830432275,-0.924675924355633,77.52794830469985,95178.750259,95178.777413,0.989961807669664
-6.887883363199926,-0.147616605253736,77.23385356042176,95178.763593,95178.791252,0.9721640145029279
-5.526431102808475,0.6051932192877957,76.9113908271426,95178.776926,95178.802331,0.9914141434491208
-4.156970150673305,1.3197621862955482,76.46660470735297,95178.790259,95178.814112,0.9489988940368189
-2.784519787620032,1.9890290439366065,76.04758064494712,95178.803592,95178.827407,0.9881351015350518
-1.4116722902531957,2.6097445436004563,75.7288907723189,95178.816926,95178.841672,0.9902973171597544
-0.0359123970873319,3.194771549454837,75.34650678285539,95178.830259,95178.854534,1.0
1.3343298588117436,3.7379660677497766,75.06158551480266,95178.843592,95178.868755,0.9762846856964832
2.6770359141878175,4.221582154751619,74.59293901988976,95178.856925,95178.881899,0.9706885449228555
4.000685405916226,4.639478612827786,74.28860171716914,95178.870259,95178.895298,0.9799043408650018
5.292451351652395,4.96828096685604,73.84603208273694,95178.883592,95178.908957,0.9939728988721523
6.560692004019217,5.231062030523481,73.62211803700013,95178.896926,95178.921236,0.9366961784597863
7.802052199013405,5.40899946363149,73.35560767674727,95178.910259,95178.935975,0.9681400875722813
9.019892921595263,5.507586288622845,73.09267165495228,95178.923592,95178.947305,0.9741038191187067
10.217670485896974,5.552976131435713,72.86830050196164,95178.936925,95178.972499,0.9941100139929079
11.381263227829685,5.488570504865229,72.4862853023169,95178.950259,95178.975122,0.9341586064868551
12.554610325467145,5.364478804195266,72.27721719081218,95178.963592,95178.987688,0.9745203641385197
13.699371928885618,5.175372142208254,71.89659491658226,95178.976925,95179.003611,0.9911032374605515
14.821987166562144,4.976946994928835,71.51901621561653,95178.990259,95179.017201,0.9952578508440962
15.91350195229898,4.733233058450296,71.13702332194617,95179.003592,95179.029944,0.9520976769945713
16.94770761870119,4.382772050437011,70.63659550358787,95179.016925,95179.041383,0.9771198686911706
17.990492294327957,3.9145930443320127,70.20524642083174,95179.030259,95179.053992,0.9664829440868198
19.005293862187404,3.3686592762881093,69.70425891675266,95179.043592,95179.068718,0.9100217683024006
19.931512917435402,2.7761349008338434,69.01780199952292,95179.056925,95179.08207,0.9440102402599942
20.79512054481457,2.1619869738865534,68.40187349524113,95179.070258,95179.095412,0.9829143534563134
21.546763291957205,1.516473735404797,67.68161659411429,95179.083592,95179.10795,0.8660002157810568
22.226420485918073,0.9022249232578391,66.99715185671845,95179.096925,95179.120778,0.9439889185939453
22.83202619576792,0.3223568856969691,66.36065577048797,95179.110258,95179.136203,0.9573825270146342
23.37338920046401,-0.2237726196892723,65.7372120341355,95179.123592,95179.14841,0.9512626884284233
23.849089445201475,-0.754353274686209,65.13321752025037,95179.136925,95179.160881,0.9268793001166357
24.271652638951362,-1.2660157770947111,64.59444296010619,95179.150258,95179.175295,0.9106049895090746
24.650843530153956,-1.734575340453332,64.13525266462885,95179.163592,95179.187564,0.9282293435939218
24.958485794848727,-2.1847224061705814,63.658256355827405,95179.176925,95179.201953,0.9098587312277661
25.228412788766843,-2.609807836223217,63.27141206626547,95179.190258,95179.214423,0.8710927284847316
25.444444175543094,-2.995894640561567,62.926873897688616,95179.203592,95179.227241,0.8996524472268366
25.624455570337556,-3.33151812224836,62.65537549888998,95179.216925,95179.241515,0.8750811433611324
25.785284036186724,-3.640464256093567,62.50370556927357,95179.230258,95179.254847,0.8683096830466328
25.87509190358496,-3.8930358700131444,62.30125722179306,95179.243592,95179.272925,0.9283187927513112
25.944104930063048,-4.079273382126797,62.200751858434145,95179.256925,95179.281153,0.8781886582742874
25.943522252188437,-4.204591807023137,62.07336472175372,95179.270258,95179.295528,0.8781429454666495
25.91856872476301,-4.2983730545258325,62.038600441941256,95179.283591,95179.30892,0.8646951888354826
25.87127234817093,-4.351482842263328,62.05220470455101,95179.296925,95179.320691,0.8766896244382437
11.903106027539613,11.78124902980404,75.80136172819039,95179.310258,95179.336766,0.8636985437061195
25.688038010269022,-4.360842577102114,62.108722033706805,95179.323591,95179.349431,0.8880844771507033
25.566078041952686,-4.324842499742582,62.20747376977737,95179.336925,95179.36119,0.8875079346148819
25.40547967087204,-4.2794841532569725,62.32454934843978,95179.350258,95179.37499,0.8681778106729386
25.19455646436495,-4.219061148955244,62.43204081882552,95179.363592,95179.388125,0.8938939561227761
24.943664811437,-4.169854642279623,62.555623886027554,95179.376925,95179.403742,0.8315176073763315
24.664824199752662,-4.139217344879215,62.69735958751991,95179.390258,95179.415446,0.8509882249484628
24.379688273024914,-4.12429830732209,62.936430852953194,95179.403591,95179.428452,0.8869174500740193
24.052049134904212,-4.10968278033188,63.136311074266075,95179.416925,95179.441636,0.8664693279574796
23.7313338662523,-4.09857117881409,63.402747142376136,95179.430258,95179.459725,0.891196742467315
23.386095048767693,-4.093124552286525,63.65196066671774,95179.443591,95179.469546,0.8826366683707484
23.033771383054113,-4.089814550351102,63.9034271146889,95179.456925,95179.483804,0.8998952025389567
22.691331120378955,-4.094761004527303,64.23321382965361,95179.470258,95179.495684,0.9065423423409438
22.339842967643783,-4.090164249404409,64.57446904018211,95179.483591,95179.50787,0.8835879929175814
21.977732773509047,-4.130371517404551,64.847039249126,95179.496925,95179.521336,0.919544314418245
21.610100799457694,-4.158806653900895,65.19289240345537,95179.510258,95179.534816,0.9452315869849811
21.26323661459472,-4.137679547983103,65.54565840796023,95179.523591,95179.549501,0.8663228669995576
20.88624246833796,-4.074153585542643,65.87073744984598,95179.536924,95179.562921,0.934450429352955
20.50923906056086,-3.9877851905516954,66.26788631300117,95179.550258,95179.575473,0.9337985001831872
20.114246593230895,-3.9048845276659945,66.62793357009959,95179.563591,95179.588558,0.8200249966701559
19.7298653580666,-3.834320607717381,67.07277376503379,95179.576924,95179.6023,0.9497041620211717
19.30309291413727,-3.7262500208230094,67.39885814851482,95179.590258,95179.614986,0.9471664803108842
18.88250725743945,-3.5932985744147534,67.81687473370704,95179.603591,95179.629359,0.9046242322540102
18.467679780499488,-3.4344730431803523,68.28250356121899,95179.616924,95179.640687,0.8789610950863828
17.998397992986387,-3.2718591832238766,68.64174259565584,95179.630258,95179.654204,0.9737787958642049
17.517357717148588,-3.1694099277113135,68.99169899538539,95179.643591,95179.66855,0.8961781477708407
17.081405143141794,-3.0955847903351295,69.34985041581967,95179.656924,95179.680916,0.9151113884074036
16.665568601601173,-3.0430328004666904,69.67639554804963,95179.670257,95179.695128,0.9648693731693091
16.25008542378323,-2.9898965470431764,69.99451510444048,95179.683591,95179.708249,0.9851517086094551
15.822471067527559,-2.9083967689968593,70.23439697961673,95179.696925,95179.72781,0.9646393103157401
15.42147314985397,-2.822574689154878,70.52029321678847,95179.710258,95179.738368,0.9663489560519395
15.022382885701498,-2.718845990845186,70.74018725464288,95179.723591,95179.747606,0.967110064408949
14.630180107528652,-2.6153705002344356,70.9102779542495,95179.736924,95179.760689,0.9612440945170373
14.273160523163313,-2.499808194743205,71.15387894427704,95179.750257,95179.782318,0.980918653076575
13.921293686703413,-2.3768532554307553,71.28863490595081,95179.763591,95179.787837,0.9765676727748737
13.626870566639681,-2.266236205786457,71.65929844687251,95179.776924,95179.801802,0.9808975371343435
13.315035095232016,-2.164671656053045,71.70483646648161,95179.790257,95179.815258,0.9862648829911903
13.071123749145013,-2.084966401581566,71.95051394410147,95179.803591,95179.830055,0.9466670852426697
12.823008554276898,-2.003282762522783,72.06415908292942,95179.816924,95179.843582,0.9449366388503109
12.598052314195158,-1.9114561061882338,72.16300137997773,95179.830258,95179.854351,0.9574508804513227
12.424791158458017,-1.8398278833807813,72.39211048786802,95179.843591,95179.868697,0.9640521141072056
12.240541249738563,-1.802874352180046,72.3360922349278,95179.856924,95179.881878,0.9765839970808596
12.094415852592833,-1.76335419084085,72.4976506260121,95179.870257,95179.895162,0.990549023092312
11.951917757412403,-1.7348158824247646,72.47856759177763,95179.883591,95179.915172,0.9846171364997209
11.8651592901819,-1.718811021404023,72.62695528552865,95179.896924,95179.921533,0.9734435574175181
11.823340325597375,-1.6832363167979991,72.80387868456859,95179.910257,95179.935029,0.9883748876533606
11.773150057495954,-1.668595552252869,72.77553133369999,95179.92359,95179.948149,0.8946534231184854
11.74670002749545,-1.6494249532142649,72.74984398596061,95179.936924,95179.96251,0.9943366851816812
11.728820024977733,-1.630504611568479,72.77321916717213,95179.950257,95179.976408,0.9876267089238083
11.746837867082395,-1.6282816944478682,72.94842502814898,95179.963591,95179.990643,0.9608440434360368
11.773021354016862,-1.6260630885920972,73.04702139413942,95179.976924,95180.002696,0.9561650481203132
11.781396973604853,-1.639618078365567,72.96459745401806,95179.990257,95180.014491,0.9484227970279893
11.826577661318689,-1.6542262836544552,73.10849788838178,95180.00359,95180.028457,0.9698797030597051
11.860715705940871,-1.6663621739317087,73.05793983904195,95180.016924,95180.041724,0.9573232067188966
11.900028407292556,-1.6744353215173906,73.04674221576894,95180.030257,95180.06352,0.9527412620182651
11.950167213298977,-1.6651092049445908,73.17896940847207,95180.04359,95180.069125,0.9637768958302797
11.978075453972334,-1.6609147572194938,73.14234215074903,95180.056924,95180.083395,0.9656228436008111
12.028524360707712,-1.653764529758357,73.20834805455219,95180.070257,95180.094234,0.9834623510410558
12.066767583456668,-1.6470624475019566,73.19861843671845,95180.08359,95180.111475,0.972868777625801
12.11924471921015,-1.65023289573135,73.26154202900557,95180.096924,95180.120724,0.9688239291050359
12.152797977660702,-1.6510860590564218,73.26233962572168,95180.110257,95180.137688,0.9854741102014805
12.200237282427429,-1.664242652708608,73.24138070097133,95180.12359,95180.152364,0.9516557134805804
12.253016170915675,-1.6614290315965519,73.22925626415373,95180.136923,95180.161393,0.9483530935502239
12.319157914076852,-1.6686083923411437,73.3492812195398,95180.150257,95180.174486,0.9905397494522586
12.366782988967918,-1.6590823977759406,73.33230236077932,95180.16359,95180.187338,0.9759513938505568
12.420360565921825,-1.6523418424993248,73.39344865732443,95180.176923,95180.201783,0.9473540156868644
13.2524781457026,-1.4734522928618343,82.61809715998052,95180.24359,95180.27594,0.9474527039323071
13.789922942013636,-1.6456284014732092,82.34378377282816,95180.376923,95180.402071,0.9650240736130137
14.239104127485941,-1.6218022465270705,80.98834587031456,95180.44359,95180.469119,0.9221035361611309
15.115565081887272,-1.0940698949153338,81.37959935017327,95180.510256,95180.534541,0.9989610958050247
21.625864919040215,8.182259133302473,78.4428094584989,95181.310255,95181.342149,0.975399903524913
