x,y,z,capture_time,detection_time,confidence
15.364299731391938,37.51184436372939,120.76405114358818,93684.489393,93684.520001,0.968958367496064
15.310653508507347,37.569770486156905,120.99324951374409,93684.502727,93684.533124,0.9666549500887316
15.231609005725756,37.63824139840224,120.8778260679124,93684.516059,93684.54361,0.9404587958873666
15.179266530284803,37.79433656636986,120.94850337345126,93684.529393,93684.555268,0.9429344837476306
15.06614814768534,37.875674009985794,120.85372636118838,93684.542726,93684.567382,0.9805277888566878
15.036609020882512,38.083579265879294,121.36526169399104,93684.556059,93684.580753,0.9799120555185719
14.93840568540467,38.040070737937945,121.17641077198758,93684.569393,93684.596726,0.9653150852175137
14.849777022238571,38.119337910334934,121.40502683883815,93684.582726,93684.617523,0.8812905367167307
14.779725025466675,38.166692843480604,121.57480039924044,93684.596059,93684.621208,0.9450147878713909
14.652122055451658,38.051260965186344,121.24443370311603,93684.609393,93684.637989,0.895698821716189
14.62686429365916,38.148442462973534,121.7151264835718,93684.622726,93684.650022,0.8965676799149748
14.493131251263325,38.00421465003616,121.33153928097218,93684.63606,93684.660765,0.8669516683706501
14.430063067621752,38.070131748259605,121.64226884755763,93684.649392,93684.681192,0.9134361922919845
14.31971546524543,38.049304985181436,121.60592872968019,93684.662726,93684.688466,0.9746175915879977
14.204595359925761,37.946713463548605,121.35755056409356,93684.676059,93684.703367,0.9170460084977404
14.12709384336531,38.04930992881649,121.72088667914899,93684.689393,93684.722838,0.8812905367167307
14.02022678173183,38.0095395930753,121.67889882616478,93684.702726,93684.736083,0.9912076534773018
13.88884794226247,37.843054164498994,121.25099590542598,93684.716059,93684.747494,0.8754393960300272
13.788545818794866,37.93527256558649,121.50740692429444,93684.729393,93684.758464,0.9312959295960148
13.665391209831737,37.97214761640763,121.51185176455556,93684.742726,93684.774629,0.909961044964508
13.58088023081644,38.10564605666805,121.8647186673863,93684.756059,93684.781377,0.9793639685787917
13.439205418462578,37.998474783132494,121.53062434579651,93684.769393,93684.800189,0.9372213852220003
13.325168329009053,37.9760393263044,121.50182262689569,93684.782726,93684.815348,0.8837420986050722
13.210884777374156,37.980372795572066,121.57035263490964,93684.796059,93684.828796,0.8941406551977653
13.105854902664243,38.10266040586113,121.78650045256828,93684.809392,93684.833893,0.8554677688424921
12.985002695910296,38.084350729939395,121.70549373586856,93684.822726,93684.849569,0.8538033147334171
12.874523263821905,38.02346297621577,121.47847005815565,93684.836059,93684.861873,0.9931507957599569
12.824670701510344,38.13963958984347,121.87034406024358,93684.849392,93684.874421,0.9253406677473631
12.707506027725731,38.03727863005087,121.56461701027139,93684.862725,93684.886709,0.9549119226098811
12.65022079634374,38.04784558655919,121.71268303457533,93684.876059,93684.901619,0.848245256866986
12.56548352355096,38.07967982815292,121.81357037685905,93684.889392,93684.915189,0.9407715863931999
12.49890559322136,38.07625681860951,121.91606137086274,93684.902726,93684.926688,0.7732094270569355
12.428372041470597,38.082332007765956,121.97308416099203,93684.916059,93684.941603,0.8852123157461574
12.360810996987464,38.05329313939658,121.95661629870146,93684.929392,93684.955065,0.9096592269187855
12.274880852186435,37.956863537175536,121.82307489842508,93684.942725,93684.969271,0.9886987459206071
12.23798672663438,38.05573807530684,122.31179616957802,93684.956059,93684.982461,0.8707598959422809
12.163479152769431,37.93947873822093,122.18312228431775,93684.969392,93685.000077,0.9149154525828935
12.111273028440252,37.892429279752605,122.2221118455448,93684.982725,93685.006756,0.9604626650990431
12.04161429318391,37.856392097817945,122.23966885095514,93684.996059,93685.029454,0.8966971721083831
11.982543696361557,37.87921028455227,122.41774984907374,93685.009392,93685.042427,0.9191543591477376
11.91509558421641,37.83976473761094,122.42545794332932,93685.022725,93685.052047,0.9802786420506626
11.82806518659479,37.73910212731849,122.2628694216361,93685.036059,93685.060943,0.8364625456796191
11.779366096145464,37.73703288813428,122.3989858024131,93685.049392,93685.074579,0.9674164599453707
11.69161895833148,37.59651203029271,122.09450485899643,93685.062725,93685.090743,0.8537903547939404
11.66661727675441,37.67373829452743,122.50610222514679,93685.076058,93685.102828,0.9383394969127857
11.599191069824261,37.65649810779471,122.57505402380608,93685.089392,93685.114618,0.9307938044569803
11.540932769170004,37.57965819019743,122.46329410494774,93685.102725,93685.12722,0.9226361222976326
11.505893584060507,37.6129992317405,122.7263272703136,93685.116059,93685.141702,0.9110211967945407
11.435854015670586,37.50959121892571,122.51382967925572,93685.129392,93685.156602,0.9082725038571071
11.409529521796618,37.50754069167943,122.65560978543343,93685.142725,93685.173473,0.9540661989789334
11.36892707174954,37.354353561725205,122.37557479947233,93685.156058,93685.181248,0.8158053712379114
11.34283363716005,37.2761407002185,122.30729302439534,93685.169392,93685.194725,0.8335772949928587
11.351787119448744,37.28683158106148,122.580448898332,93685.182725,93685.207338,0.860511121151901
11.37441391455789,37.23014747570443,122.71682851911504,93685.196058,93685.22667,0.9853708056349421
11.37258886097082,37.100832021651115,122.60553933617624,93685.209392,93685.23921,0.9569980621936641
11.376260359080039,36.91544965182609,122.3421550368642,93685.222725,93685.250012,0.8097345667575336
11.422009708156711,36.91842432304778,122.72106731081138,93685.236058,93685.260607,0.9549650907154333
11.457784524230451,36.84133771748035,122.78541758061164,93685.249392,93685.273533,0.9705580426921441
11.493134603699264,36.740824497794144,122.74241104613037,93685.262725,93685.287482,0.9044956829765465
11.542084221691903,36.68364769882443,122.75776801073114,93685.276058,93685.301141,0.93145075302004
11.56144820963942,36.58770023339784,122.68146338895097,93685.289392,93685.314666,0.8859554538264688
11.609938781400853,36.587439236375694,122.92502680422547,93685.302726,93685.326542,0.7932925607647825
11.68050267061605,36.63871965194113,123.34064898858654,93685.316058,93685.341866,0.9472462398321171
11.7048316081798,36.51601054278115,123.14515438415562,93685.329391,93685.354505,0.8529121619995893
11.723481589366552,36.37441112141711,122.89820725944998,93685.342725,93685.367618,0.9718115316833799
11.750154940701647,36.368623976140945,123.12027070426225,93685.356058,93685.386548,0.8780123099265775
11.776303440781174,36.28428025596185,123.02119110613711,93685.369392,93685.394016,0.8707598959422809
11.792953641139864,36.213597180514604,122.95202817221426,93685.382725,93685.408073,0.9551140709996702
11.847849623235755,36.28432370689963,123.3638333828707,93685.396058,93685.420604,0.9923425873325532
11.86841770509994,36.24754302201935,123.38792028744744,93685.409391,93685.435898,0.9581443480243612
11.894828149640754,36.1817408871021,123.3518739880054,93685.422725,93685.447798,0.8143629588005384
11.906213257888268,36.063394372420646,123.12203725447908,93685.436059,93685.460621,0.9577459728680088
11.953390235133005,36.08701584456841,123.36428044377139,93685.449391,93685.474383,0.9432159739515206
12.00498649075447,36.0395647826522,123.43966485270919,93685.462725,93685.492842,0.8537903547939404
12.061053575219177,36.06207564453115,123.64321491686914,93685.476058,93685.501012,0.9714732251301342
12.103434238788129,36.00470502695649,123.56254942301754,93685.489391,93685.51379,0.8812905367167307
12.175417122736027,36.05433082311057,123.91343810181439,93685.502725,93685.526857,0.8966284231964765
12.218281270858233,35.883517258124655,123.48300391932133,93685.516058,93685.540601,0.952122000398478
12.288793383599934,35.87790146529165,123.6816615656223,93685.529391,93685.553346,0.8398356988531274
12.374581128834414,35.907949229953736,123.91253719320295,93685.542724,93685.567189,0.9179327864206893
12.426789685200314,35.787426075967964,123.71894512274548,93685.556058,93685.580612,0.9360699005938585
12.528717497475284,35.86286719938336,124.14997178401984,93685.569392,93685.593411,0.9402181515595954
12.553924005262083,35.63924616697307,123.52313848177154,93685.582724,93685.607079,0.9944050388848195
12.675302174524258,35.714344543522714,124.00873149137045,93685.596058,93685.620711,0.8997830941395923
12.734819723723437,35.63056684056019,123.86278679948961,93685.609391,93685.633823,0.9874078893558579
12.819191493112443,35.61369664780164,123.96487465817417,93685.622724,93685.648272,0.7968388660884225
12.858477742620856,35.5351172197715,123.80547722961666,93685.636058,93685.661029,0.9577459728680088
12.950872059725336,35.543900004534486,124.01441516818387,93685.649391,93685.680657,0.8482874172227235
12.99201654780106,35.46411668731221,123.93922967017538,93685.662724,93685.688505,0.7912685850856135
13.015523102297415,35.34185756317503,123.57276423757425,93685.676058,93685.700861,0.9659109169714127
13.116955696565302,35.43107906456305,124.0545769538111,93685.689391,93685.714377,0.8246436498107231
13.14037696824021,35.35388449310586,123.89927885594868,93685.702725,93685.728932,0.9640511080307881
13.16856311104836,35.26406645076805,123.69235886056146,93685.716058,93685.740432,0.9537749207650149
13.209590308433107,35.2130493552284,123.56595119758525,93685.729391,93685.756445,0.9985592678963744
13.291186921644085,35.291454452577966,123.88466986618816,93685.742724,93685.767723,0.8022394089631242
13.306940364787277,35.201698867749265,123.58759462202771,93685.756058,93685.780481,0.9099111899175906
13.372980960484766,35.23444496600693,123.65820456355867,93685.769391,93685.794158,0.9404468112508928
13.451089696397437,35.319396113679026,123.92819209248299,93685.782724,93685.807303,0.9534897806600791
13.449036050699487,35.14676893098634,123.31805340830613,93685.796057,93685.819709,0.8773125495977627
13.566772246239104,35.284209133161276,123.82735375811669,93685.809391,93685.832938,0.8163890169553293
13.595433002344791,35.20682903392696,123.56891351831464,93685.822724,93685.848254,0.9736096066502465
13.641599146586977,35.17042458470432,123.44247427289496,93685.836058,93685.860073,0.9796511939295849
13.74098340313365,35.27975609762494,123.8711077440144,93685.849391,93685.875049,0.9334438886263223
13.756146398658064,35.14992911497784,123.3961926917449,93685.862724,93685.886303,0.9831334920159764
13.845822166900211,35.23130565015245,123.78152023063042,93685.876057,93685.901073,0.9274883455719899
13.88736799913055,35.21948649246035,123.70215514421149,93685.889391,93685.914298,0.992165843735755
13.921261022929423,35.18616124841318,123.59174483927367,93685.902724,93685.926766,0.9591770008910839
13.95219472814159,35.149945456715336,123.48552377710728,93685.916057,93685.939842,0.8965676799149748
14.02123224102767,35.28726066992978,123.91865321887454,93685.929391,93685.954884,0.9735778525809973
14.041625612080793,35.281159976598104,123.86128631409538,93685.942724,93685.96733,0.9704432329702758
14.037642917507588,35.25522624315369,123.74049369459881,93685.956057,93685.980627,0.9082725038571071
14.049491461873469,35.288009962515574,123.89211562655257,93685.969391,93685.995105,0.9728775672111545
14.055158909236594,35.242519810251544,123.86113986206368,93685.982724,93686.007456,0.9843141660682636
14.065387496628594,35.26654512508465,124.06938237771988,93685.996057,93686.019932,0.9247231289907781
14.04841666299112,35.16715516099966,123.86039728295786,93686.00939,93686.032957,0.882084710137261
14.03632637733575,35.067782536455084,123.70096805334629,93686.022724,93686.047368,0.8766901311585822
14.007753179105915,35.01191829241697,123.67096962535626,93686.036057,93686.060938,0.9324319560774689
14.017897586270957,35.004129139145505,123.79654628483317,93686.04939,93686.073978,0.9719806349062851
13.991123479682011,34.89246222891654,123.59915799929371,93686.062724,93686.093752,0.8888213005819708
13.982136894692745,34.8601840134937,123.60094098327913,93686.076057,93686.100762,0.9156443652883987
13.972753957169997,34.84626529359312,123.6696398312232,93686.08939,93686.114541,0.9105488825387718
13.934931787683777,34.71006250448567,123.31495566446989,93686.102724,93686.127573,0.9149407205372461
13.951086632534762,34.710571094242184,123.43996077039938,93686.116057,93686.139706,0.9248751610761101
13.94869848465204,34.683021217932556,123.45164092377813,93686.12939,93686.153326,0.9253607398354431
13.953815516482708,34.70990286893896,123.6129526585605,93686.142723,93686.166692,0.921076106886558
13.960719490826163,34.68935197216444,123.61636441432807,93686.156057,93686.180432,0.9009441263965888
13.950263557836367,34.634551805712725,123.48346162200254,93686.169391,93686.196293,0.9747984229918565
13.946875685203773,34.59732668486183,123.44202308908686,93686.182724,93686.207267,0.9578884878462796
13.944627128405763,34.54121928091962,123.33414643799695,93686.196057,93686.221092,0.9533352375986351
13.962225352756585,34.56981526908059,123.61472791228296,93686.20939,93686.234613,0.9173655873542447
13.964841383158479,34.55219859981492,123.64203374301701,93686.222723,93686.248177,0.9951269288438976
13.958384495975544,34.500964052564356,123.5555845957403,93686.236057,93686.260242,0.9103075542311186
13.943849244570423,34.45314493653788,123.48997188793518,93686.24939,93686.279738,0.9012422869942194
13.937908317494196,34.44505319721107,123.56654557144796,93686.262723,93686.293223,0.9924399409444298
13.963441363028545,34.47532347143157,123.81350737637516,93686.276057,93686.303775,0.9600562119609043
13.959749616231202,34.46635771065194,123.86993443192095,93686.28939,93686.314625,0.8481622582887077
13.953197112526475,34.47643616181617,123.95979951532864,93686.302723,93686.328053,0.9558124396561195
13.963754848490813,34.52475102672522,124.22256816201306,93686.316057,93686.340491,0.8973014364992314
13.937254924220136,34.44353094259136,123.98441582908218,93686.32939,93686.354531,0.8630983873890198
13.929839507329143,34.43424436469702,123.98680237277578,93686.342723,93686.368106,0.8651669478951555
13.925656270112405,34.42592732944125,123.97187955151287,93686.356056,93686.382092,0.8105274462732248
13.932260053280409,34.46321335771413,124.1179527902992,93686.36939,93686.394422,0.9542550991221285
13.926113981406086,34.4875932034523,124.20864060972993,93686.382723,93686.407212,0.8456476072439244
13.939010425776795,34.535862394441445,124.36578429419508,93686.396056,93686.427252,0.8550765965287271
13.940384963903927,34.52568178322684,124.35722517066975,93686.40939,93686.444363,0.8561116331131621
13.939894171645905,34.531166310965624,124.3531668194106,93686.422723,93686.453313,0.9331485755366076
13.948160129442858,34.55540391346448,124.46494392669362,93686.43605,93686.466202,0.9601697143421075
13.932542945253287,34.45977416212614,124.15160680719484,93686.449383,93686.473759,0.8751635519813185
13.953873303418499,34.525350459101716,124.36787842015586,93686.462717,93686.4882,0.9353541474061693
13.955127130215272,34.495368503184274,124.26586181525106,93686.47605,93686.500747,0.9743872473548751
13.947834423279076,34.466091827809834,124.15131501906274,93686.489384,93686.515995,0.909961044964508
13.94662103270371,34.44691896768717,124.09342389481743,93686.502717,93686.527651,0.8022394089631242
13.965355109096546,34.52102813483342,124.28835269833048,93686.51605,93686.540542,0.868976080330091
13.950660059236167,34.47860461722133,124.14053388229217,93686.529383,93686.554819,0.8779535826752691
13.987947666747273,34.61448980401249,124.56336971935963,93686.542717,93686.567411,0.8659472799374314
13.983739455131554,34.60328391298996,124.47397296835085,93686.55605,93686.580735,0.892048496242317
13.986412928132763,34.632264332966145,124.47020383713797,93686.569384,93686.595103,0.9209156690657797
13.986544397342735,34.6178978358028,124.3976159856788,93686.582717,93686.607529,0.9034452034860109
13.978279352332276,34.611407337253915,124.29330964221393,93686.59605,93686.620409,0.9474128698867512
13.970560651717026,34.64633085352099,124.30948738947448,93686.609383,93686.633128,0.855770421082247
13.963185175932168,34.64601827010912,124.21822282216536,93686.622717,93686.647601,0.7968388660884225
13.978397462486592,34.69319751269018,124.32781340447485,93686.63605,93686.661565,0.9736379992978583
13.987010344968763,34.77081281195479,124.47367236353305,93686.649383,93686.673364,0.9331754712651329
14.004571161904751,34.85632833307267,124.7581114975806,93686.662716,93686.688229,0.9711226444729069
13.969048849310111,34.77838623860965,124.3672808088763,93686.67605,93686.701541,0.9388877254293987
13.949496716462365,34.743460389422665,124.15879614818385,93686.689383,93686.714261,0.9399968289395852
13.960878628301012,34.764787481759626,124.24143298304848,93686.702717,93686.727306,0.944689734663671
13.959504049924355,34.77950805877029,124.21103441147721,93686.71605,93686.741068,0.8517151955767404
13.962257142894137,34.81652637825608,124.31325245413475,93686.729383,93686.754226,0.7968388660884225
13.955912394291584,34.8241753575843,124.25628163919576,93686.742716,93686.767667,0.864378200967429
13.966975362593129,34.905194235712294,124.44254248864104,93686.75605,93686.781208,0.9969860900672249
13.974745612049896,34.96520608572577,124.61369501170606,93686.769384,93686.795647,0.9817758607141416
13.993299707143224,35.02290521671565,124.78771354264495,93686.782716,93686.807101,0.926888438725919
13.940724366117845,34.925310361250574,124.40496605621203,93686.79605,93686.820696,0.8937531573719892
13.945567837188598,34.98614296043316,124.56381248637292,93686.809383,93686.834826,0.900003017341559
13.902595666742549,34.904438045936956,124.27501279388407,93686.822716,93686.848375,0.9463325952307844
13.899919248497563,34.945755305671824,124.42616093870954,93686.83605,93686.859849,0.9670423910735131
13.865100342065373,34.87982744607248,124.21897665921236,93686.849383,93686.874856,0.9356825716919762
13.863089185626807,34.952407525927825,124.45066558081596,93686.862716,93686.888331,0.9443779019196877
13.823084614619699,34.905760935323634,124.2789154644368,93686.876049,93686.900538,0.93922718615141
13.825640217104823,34.96495025983259,124.52828492399415,93686.889383,93686.915256,0.9499621570414238
13.808697704808884,34.96962619653128,124.56786472152761,93686.902717,93686.928046,0.8852662028497561
13.785847111760349,34.94870585689686,124.54348639389335,93686.916049,93686.942216,0.8221097658847213
13.754461055466644,34.89368848217486,124.3375602276787,93686.929383,93686.95486,0.8358144310095051
13.736559642932319,34.90782877212607,124.39191423326807,93686.942716,93686.967929,0.9443779019196877
13.73878990059407,34.942955955878986,124.58368770814555,93686.956049,93686.982058,0.893068314145496
13.707283998674443,34.86301497353003,124.25014078099814,93686.969383,93686.994218,0.9302792466843371
13.70566354808426,34.879155961360404,124.38635103618172,93686.982716,93687.007585,0.9267503784071864
13.72245458734956,34.9365398613821,124.64958031212463,93686.996049,93687.021227,0.9733709438691334
13.70623952668124,34.91629505007934,124.55207556937256,93687.009383,93687.034081,0.9000089416957817
13.694724572537336,34.86730125474824,124.40993792205964,93687.022716,93687.047314,0.9239770149588256
13.688513644833025,34.836910005545114,124.35646908787825,93687.03605,93687.061507,0.8990835682120817
13.70801478660667,34.88908623723659,124.5520672260851,93687.049383,93687.074421,0.9742555256975322
13.702205931272118,34.86191850945869,124.45487638526727,93687.062716,93687.087534,0.9754632719346114
13.714265548781073,34.9142876448315,124.66662382122581,93687.076049,93687.100784,0.964353936613716
13.704214292116129,34.89549187399946,124.59741444677796,93687.089383,93687.114545,0.930771383809939
13.681353753186213,34.84515464290097,124.41984377086344,93687.102716,93687.12724,0.8834912059565555
13.682563204130895,34.85416908931479,124.45817847029046,93687.116049,93687.139717,0.9247110730275534
13.691170351029859,34.939236781830836,124.74421002458793,93687.129382,93687.154424,0.9516264739633925
13.662649668623924,34.837106278872675,124.37208607121755,93687.142716,93687.166776,0.9807981131993615
13.677071960671077,34.90679101662753,124.64127877281724,93687.156049,93687.180463,0.8483984256818206
13.684307437504552,34.96655984621759,124.84624792168259,93687.169383,93687.193262,0.9999103412739515
13.663345355448593,34.94818889439648,124.74813650878562,93687.182716,93687.207498,0.8411612120220661
13.672409022694547,35.001206976059066,124.90255643138777,93687.196049,93687.220143,0.8065387597075333
13.666596372947497,35.021038094749116,124.93164380852717,93687.209382,93687.233951,0.775506287579092
13.672546607145982,35.07609172637696,125.11431818148097,93687.222716,93687.248435,0.9397607503445917
13.669173207184043,35.06718428896796,125.07603929588674,93687.236049,93687.260427,0.8794113274631759
13.65960701589319,35.067973230243986,125.0953280428187,93687.249382,93687.273387,0.8963413210854954
13.66634551463828,35.09626759274472,125.2026602086045,93687.262716,93687.286622,0.8716568708363074
13.65968137136631,35.10600237539394,125.21620353928122,93687.276049,93687.299784,0.9693633307418159
13.645947652363555,35.06626357323251,125.07254353042624,93687.289382,93687.314096,0.9563171023673567
13.629655293745461,35.04292206561713,124.99454864213676,93687.302716,93687.328686,0.8788934709955103
13.621808321122375,35.04338661903009,124.99045349975565,93687.316049,93687.341702,0.98251468455373
13.619757208817509,35.040407144322174,124.9627089076743,93687.329382,93687.359597,0.9658163310248148
13.613248972460541,35.078485566323664,125.0918336460451,93687.342715,93687.367309,0.914578310369183
13.606610912045765,35.08884244797781,125.10793213430826,93687.356049,93687.380822,0.9623243877065407
13.608730875924502,35.11965579546877,125.22289971986433,93687.369382,93687.394601,0.9613502329705991
13.59431399855743,35.10252646462198,125.14987734314913,93687.382715,93687.408189,0.9860141946893204
13.603430925533617,35.14425466148776,125.30773210223482,93687.396049,93687.421712,0.9101734190996768
13.607083582204519,35.18899819561481,125.46125155049037,93687.409382,93687.43559,0.8690233564431992
13.589433834369732,35.14747513932104,125.3156607932083,93687.422715,93687.44749,0.8981490624474434
13.571814076230687,35.101743942610376,125.15930899934607,93687.436049,93687.460264,0.8981490624474434
13.571524036211466,35.12735755908363,125.21879069395156,93687.449382,93687.474636,0.9896988462399673
13.56855744643724,35.134344789162206,125.24025101243252,93687.462715,93687.487789,0.8428739831583442
13.54949316298148,35.1010105619176,125.08863636712906,93687.476049,93687.500448,0.8669499523041314
13.56581601657734,35.19415538214188,125.42428556764727,93687.489382,93687.514666,0.841653205097066
13.52697833385588,35.06107706659835,124.96133526523947,93687.502715,93687.529922,0.8677433441949034
13.532766712000752,35.103824287574845,125.1045913701147,93687.516049,93687.540979,0.850923918011254
13.518802579508026,35.08361119022178,125.03140849541722,93687.529382,93687.555585,0.8882757928829877
13.502676127699832,35.04512328061598,124.91755620206558,93687.542715,93687.568241,0.9218443181178964
13.508389382424472,35.088376188577996,125.06525644566142,93687.556048,93687.580701,0.8655693447048151
13.524600651417197,35.13043159513711,125.23660038516799,93687.569382,93687.594297,0.9410477446222497
13.481127650474987,35.038313297542295,124.84564605276873,93687.582715,93687.607417,0.9372213852220003
13.480894939639779,35.06700946025821,124.93648258655722,93687.596048,93687.621086,0.9137530599215619
13.472220823121855,35.07127007955986,124.91815867720351,93687.609382,93687.633644,0.9137530599215619
13.475774611214709,35.093676751407486,124.97968533682858,93687.622715,93687.648001,0.9137530599215619
13.475090285610989,35.11493654869311,125.02124394625545,93687.636049,93687.661287,0.9305718753203297
13.479817982508806,35.17523346058306,125.19581157696373,93687.649382,93687.673439,0.9161910072339461
13.470066544124785,35.17283513433051,125.13483008989093,93687.662715,93687.688766,0.9491866218123957
13.465329866955305,35.20441505517389,125.22426813857216,93687.676048,93687.701492,0.9945771194533278
13.437320897821163,35.17451779101579,125.09045829897912,93687.689382,93687.714284,0.9742555256975322
13.41335672403054,35.11609925557403,124.82401329231908,93687.702715,93687.727706,0.9457154942212844
13.382671309256477,35.049186354303515,124.59529402085658,93687.716048,93687.743595,0.9742555256975322
13.390014835203138,35.08576472686081,124.70978176869468,93687.729381,93687.754757,0.8977237208171541
13.38115213832049,35.101410655736984,124.75417662832726,93687.742715,93687.773421,0.9029087601391432
13.373992109996143,35.11162201436928,124.79422332613919,93687.756048,93687.781921,0.902111213582002
13.380051387899718,35.11204350051884,124.79316996048642,93687.769382,93687.794297,0.9696493263112561
13.377370068611162,35.128752914121435,124.83777539550545,93687.782715,93687.806979,0.8711308324076154
13.37372695092425,35.14439233804204,124.85412358547876,93687.796048,93687.82024,0.7940881897999557
13.389882827508725,35.18258014320004,124.99272906248008,93687.809381,93687.833623,0.9696934605054123
13.395709497274353,35.196988805734094,125.04066658478114,93687.822715,93687.848476,0.9234612879058016
13.388427584926362,35.198907122973026,124.96149495816698,93687.836049,93687.86125,0.9848319773010604
13.402269212466024,35.23840831419108,125.09578266892251,93687.849381,93687.874916,0.8342731040911927
13.395487702372852,35.17322798000408,124.88893456537363,93687.862715,93687.887368,0.923676812837848
13.413366708698108,35.24371263994188,125.14091169696111,93687.876048,93687.901286,0.8981490624474434
13.405001511561553,35.228989641538504,125.04233013024428,93687.889381,93687.915583,0.8981490624474434
13.419214669423624,35.252499706703695,125.15657293374336,93687.902715,93687.927379,0.9186382406056448
13.402887424909807,35.180610175005036,124.88923783284481,93687.916048,93687.942826,0.9312654944293177
13.419294512781288,35.22332104307137,125.0086523911375,93687.929381,93687.954455,0.9296119346934701
13.416521197224801,35.24994811727366,125.09411063674243,93687.942715,93687.966751,0.8898337531081749
13.38838535619654,35.17422114055563,124.77609438064393,93687.956048,93687.980758,0.9675694783549286
13.395811114389048,35.177558599937775,124.79589538635892,93687.969381,93687.993439,0.9712804607808961
13.396375597985244,35.187848733622545,124.78365005781079,93687.982714,93688.007303,0.93922718615141
13.383286958620316,35.11144582830243,124.52783233565097,93687.996048,93688.019627,0.9606393459792341
13.401613556030952,35.19931896673862,124.80571777225497,93688.009381,93688.034363,0.93922718615141
13.405875292578003,35.15934156613349,124.65651061943836,93688.022714,93688.047971,0.9777105113199404
13.414018421775348,35.19145537630192,124.76219059648477,93688.036048,93688.060576,0.970705804870017
13.405722707615618,35.10141763157295,124.41955027032888,93688.049381,93688.073205,0.9922725739100215
13.444261206266358,35.197416290352734,124.75145737970858,93688.062714,93688.088411,0.98251468455373
13.485265361316259,35.25342231951976,124.90331620542021,93688.076048,93688.099721,0.9636178163845557
13.501228443941256,35.217389396001,124.77803226329185,93688.089381,93688.114456,0.9690628432137617
13.532579054084298,35.25722447201268,124.92132182545527,93688.102715,93688.127099,0.9010663275154195
13.538015851070808,35.20479182005679,124.71777777573503,93688.116048,93688.141439,0.984446558484721
13.609507621595395,35.21977188396793,124.82234634952331,93688.129381,93688.15451,0.9161910072339461
13.659496066663191,35.24595055086191,124.87967881547779,93688.142714,93688.168128,0.903760448611688
13.710671964463014,35.288965944414116,125.04263686175341,93688.156048,93688.180131,0.9951742008544953
13.753993213479216,35.24249251014869,124.92467529606624,93688.169381,93688.193259,0.988137936600012
13.806462339014796,35.205081927566845,124.87134356189199,93688.182714,93688.206604,0.8403521325147668
13.892629465277631,35.281061207541015,125.13240210966279,93688.196047,93688.219983,0.9361925662770465
13.965284035996298,35.2484067542641,125.08955250082376,93688.209381,93688.233037,0.8980687559154118
14.034272399729785,35.29500613245127,125.2411645201464,93688.222714,93688.246947,0.8428739831583442
14.088140400685408,35.183384949848396,124.87515844451389,93688.236048,93688.261806,0.9803988423179285
14.16620498299717,35.2176950123456,125.0308018647632,93688.249381,93688.273097,0.8767920262045892
14.266520702041461,35.19087807434195,124.98271643334444,93688.262714,93688.286605,0.8165925219721685
14.315455450210221,35.09750469786208,124.72970566129523,93688.276047,93688.299962,0.985394086645506
14.430868362124635,35.12488388430486,124.87801985975287,93688.289381,93688.314033,0.9772664823926449
14.563156450149469,35.20515170293811,125.3162712823713,93688.302714,93688.326523,0.9652380113454959
14.66838704494817,35.20752604782621,125.39680830896232,93688.316047,93688.347867,0.8864006343823383
14.758099527966465,35.13442763333309,125.20341699027206,93688.329381,93688.359837,0.966926841524816
14.881822298296875,35.10081167962435,125.14395107607766,93688.342714,93688.36762,0.8265336499767512
14.95291706861849,34.97147560468203,124.83248235915357,93688.356047,93688.388334,0.9860141946893204
15.106870710809623,35.03211940036214,125.17723648507888,93688.369381,93688.39329,0.8421100423438597
15.265532725997582,35.060397164110576,125.37694899086947,93688.382714,93688.406827,0.8291692599030767
15.359645281734728,34.97375603492435,125.07588705758562,93688.396047,93688.420288,0.8480852975737886
15.528239075235561,35.03559396377843,125.39528006513379,93688.40938,93688.434719,0.8368385579525786
15.673967816767085,35.04554030323499,125.59109861373221,93688.422714,93688.447987,0.9730524234558189
15.800709055642129,34.966681836803964,125.39817825863055,93688.436047,93688.466222,0.9669989504332088
15.941805738151004,34.963258085492264,125.47637080391193,93688.44938,93688.473799,0.9945771194533278
16.090043847238345,34.92076588144275,125.42137871953051,93688.462714,93688.488218,0.9886661903309892
16.245973448671933,34.90676825570683,125.44246153610351,93688.476047,93688.500146,0.9229165433977791
16.396583924987787,34.82325074196884,125.27740287164208,93688.489381,93688.518149,0.9361925662770465
16.576157995824374,34.831037952222786,125.4397069384343,93688.502714,93688.529369,0.970705804870017
16.768589503778976,34.86332551612472,125.63551622752794,93688.516047,93688.540821,0.9595395537763198
16.94711940869087,34.82395524702072,125.60810242048208,93688.52938,93688.554749,0.9047309850921348
17.07525689033355,34.67384252303591,125.19397947496515,93688.542714,93688.568291,0.8653529329390347
17.293986796481974,34.70291902486505,125.44933109413574,93688.556047,93688.579649,0.9908567869699707
17.50373548759258,34.76759662541431,125.78752919504123,93688.56938,93688.596558,0.8935044721259202
17.690995577415233,34.68663031777554,125.66877568067702,93688.582714,93688.609672,0.9875026738950592
17.896194916705255,34.65522068279205,125.67536540527782,93688.596047,93688.62131,0.9677688363347876
18.087988791185545,34.54701972211743,125.56247739991493,93688.60938,93688.633621,0.9843428398541274
18.36194382412837,34.68457584087735,126.12940931817626,93688.622713,93688.648134,0.8643107465889396
18.525890218683045,34.510833286516245,125.66064675607811,93688.636047,93688.660688,0.9836743861833085
18.787175980143605,34.545008892151536,126.01754204981395,93688.64938,93688.675019,0.9895020918630851
19.03394169652857,34.54107529197392,126.12957357389219,93688.662713,93688.687472,0.9692780672831491
19.197205695713897,34.34171795880647,125.6178951743034,93688.676047,93688.700966,0.9945721721105487
19.446329383092372,34.334606034379846,125.78106478617714,93688.68938,93688.713189,0.9595395537763198
19.690105566450594,34.3436823339077,125.92560291239505,93688.702714,93688.726572,0.9409677686850242
19.92518454726803,34.24380643401905,125.7565087449905,93688.716047,93688.74165,0.9872957693896818
20.15677638174871,34.18615361647653,125.76816626358072,93688.72938,93688.753382,0.8424395863869353
20.421152824090353,34.18400145976942,125.84392719784779,93688.742713,93688.766448,0.78548015647991
20.692544500483468,34.175754072475264,126.04083959583691,93688.756047,93688.781061,0.9538453230454494
20.926046079205243,34.09214253516466,125.92296802657621,93688.76938,93688.793493,0.9418153287813578
21.24781630762831,34.21503380876481,126.48464190359115,93688.782713,93688.807821,0.9560217313503038
21.447003893530233,34.0448651720839,126.10933968052012,93688.796046,93688.821002,0.9887091501720812
21.73314156100729,34.072948522191226,126.29653696437202,93688.80938,93688.833393,0.9729736716672127
22.000647446214046,34.07085426309024,126.49161998347536,93688.822713,93688.847358,0.8619032002067453
22.20286177828653,33.95025980577386,126.22414294289554,93688.836047,93688.860782,0.9908847961148718
22.48067532040259,33.963215613099294,126.4467611279059,93688.84938,93688.873681,0.9538811140932364
22.71280681637336,33.87353167920347,126.25104316588283,93688.862713,93688.886806,0.9471517129003787
23.010691317978054,33.902265748070896,126.52705528215913,93688.876046,93688.901295,0.996479749696558
23.30454156257175,33.91537440819461,126.79629464481728,93688.88938,93688.91391,0.9688243563584341
23.48165749364292,33.742809539523876,126.32242678481326,93688.902714,93688.926986,0.8563051967847689
23.822612844426992,33.85302672387228,126.89202196282642,93688.916046,93688.94148,0.9407353899841007
24.02352406826457,33.69361952389104,126.5497158309509,93688.92938,93688.953243,0.7934729626172422
24.271130051567347,33.67502971110363,126.5932891768326,93688.942713,93688.968311,0.9222066865531534
24.522927571410705,33.613294999091536,126.54862769073989,93688.956046,93688.982125,0.9944557091127484
24.7400948479068,33.487007077622074,126.3098320869535,93688.96938,93688.993226,0.9183846106728011
25.058948114321417,33.58255697003135,126.7664893667256,93688.982713,93689.008362,0.9686603408095542
25.273528925785694,33.45601072073946,126.54989684396904,93688.996046,93689.020073,0.9666166008167243
25.48462646635521,33.35904761279956,126.37758806242621,93689.009379,93689.035123,0.9681085558608823
25.83304126367006,33.42584597452241,126.87422720406562,93689.022713,93689.046974,0.9789896998959854
26.011440828253576,33.29426237585909,126.5607806359115,93689.036047,93689.060698,0.8923040874200869
26.366553426555804,33.41045909438167,127.19736074519149,93689.049379,93689.073446,0.8390702601637281
26.5753469959071,33.303068998212815,127.02112054909492,93689.062713,93689.088235,0.9944557091127484
26.80522315956458,33.23348229908444,126.93831802144652,93689.076046,93689.100183,0.9122570246083687
26.99702111290065,33.14365118031095,126.72143233117276,93689.089379,93689.114061,0.954171420199827
27.292415637062547,33.185132824137476,127.04599974184954,93689.102713,93689.12898,0.9944557091127484
27.46197193440925,33.04351599950331,126.70989728891433,93689.116046,93689.141497,0.8600075721502494
27.741889124530744,33.075302015673756,126.95301082800496,93689.129379,93689.155639,0.9196383789809695
27.92586419663304,32.978961796762505,126.72004443961822,93689.142713,93689.168583,0.9031807814098146
28.151194090711254,32.94266522143291,126.74201115446772,93689.156046,93689.181244,0.9280729980817795
28.35838922030756,32.896789756975586,126.7173800547652,93689.169379,93689.193383,0.8156341253408158
28.556169999750207,32.84267439905729,126.63403705769889,93689.182713,93689.20702,0.8467664036040525
28.817747259544536,32.860251535349846,126.85575398878635,93689.196046,93689.221235,0.988573873550186
29.103755254440593,32.92093413632067,127.24701684063119,93689.209379,93689.233325,0.9890473665182107
29.204835514492274,32.7578101111281,126.76212041673095,93689.222713,93689.247804,0.8179934236975409
29.44880155714816,32.79768867245005,126.99697680749426,93689.236046,93689.260665,0.9027308551351232
29.636785330073213,32.762625230682374,126.96489122254344,93689.249379,93689.27458,0.9954380192921262
29.848991216925327,32.755986958685334,127.05932828436723,93689.262712,93689.293617,0.9729288843278328
29.987723666342756,32.67976196712242,126.87829044979628,93689.276046,93689.300869,0.8675211471172151
30.15079000307696,32.622493630074096,126.79221275967214,93689.289379,93689.314984,0.8371943459336246
30.357206255456145,32.629995596726594,126.91142530857763,93689.302713,93689.326625,0.8606548611444633
30.499975713416298,32.566091720992254,126.7699143776798,93689.316046,93689.340243,0.9855746517780002
30.60324649376357,32.475336007693365,126.51073819353418,93689.329379,93689.353879,0.9039351092325517
30.8628371823798,32.56973121617483,126.96283477753595,93689.342712,93689.367113,0.9618537096260579
30.964513689284093,32.479047844092534,126.68897174469102,93689.356046,93689.380799,0.9626438612354161
31.13531241757543,32.48995424793437,126.79378455708202,93689.369379,93689.39444,0.9609312357831034
31.248909940361454,32.43841921975124,126.6550328130409,93689.382712,93689.406707,0.8763515651426838
31.402688706405893,32.42355689268081,126.71583490570092,93689.396046,93689.420221,0.9499862784221252
31.524857293526086,32.37999710594651,126.6373315753666,93689.409379,93689.434152,0.9794807690928393
31.743307694315586,32.43890041744074,127.0253410140838,93689.422712,93689.447079,0.9921081882927204
31.784793049669172,32.331730665124034,126.66409977777023,93689.436046,93689.459897,0.8163517925402999
32.0245228164492,32.44018731817524,127.18837127170937,93689.449379,93689.474926,0.9394321789227413
31.991464745770806,32.246165345200225,126.51384738274999,93689.462712,93689.487709,0.9212690392630756
32.151191056320584,32.2555575418415,126.69959228541964,93689.476045,93689.499595,0.9866560578879291
32.2663124900867,32.24809126527046,126.71207191404231,93689.489379,93689.51523,0.921799728101687
32.276354722559894,32.0952796558122,126.33350687361636,93689.502712,93689.526926,0.8618200480232048
32.43353248685024,32.14683571260555,126.60568270657375,93689.516046,93689.539776,0.7497584008492199
32.58681026836313,32.18659524501695,126.86885595287406,93689.529379,93689.560436,0.9201758751273938
32.61585459729023,32.09606632622756,126.65086961314667,93689.542712,93689.566963,0.9424743236222852
32.660041454582036,32.03357499042548,126.54643660503058,93689.556045,93689.580928,0.9641235676868943
32.76756918560702,32.04766253077252,126.71612198473429,93689.569379,93689.593065,0.7843854251521533
32.839159265030105,32.03876315502227,126.83000547281972,93689.582712,93689.608129,0.9741476606697226
32.92711246212299,32.03241977726568,126.95359683601886,93689.596045,93689.620737,0.9944557091127484
32.9594198439919,31.99778512326629,126.93079677539785,93689.609379,93689.634339,0.8921151829729868
32.943742116847105,31.903051614897453,126.72249680869285,93689.622712,93689.648389,0.7843854251521533
32.96921368632551,31.867897604240717,126.69551533627802,93689.636045,93689.660023,0.8404520685289222
33.08365019759218,31.92320859847783,127.04004777609428,93689.649378,93689.673766,0.9714115327799253
33.08135385896569,31.878712072590037,126.9350045933474,93689.662712,93689.687839,0.9803988423179285
33.141786099248044,31.913408267053903,127.13721776374015,93689.676045,93689.699855,0.9908847961148718
33.19759617141601,31.942500004556635,127.30751206979191,93689.689378,93689.714658,0.9493602861763285
33.21445406385253,31.92306990624618,127.34375355677588,93689.702712,93689.726734,0.9594467634428971
33.12831832448982,31.815884644638643,126.96457434030488,93689.716045,93689.741862,0.8156341253408158
33.21702243728334,31.883942258668274,127.28427495857129,93689.729378,93689.754556,0.8050218876449269
33.17733069274854,31.850615045106377,127.16815391857948,93689.742712,93689.767639,0.9682910900786471
33.24911749497006,31.92307879985533,127.51913728025407,93689.756045,93689.781094,0.9854164608694254
33.197194220134385,31.853307949923135,127.30896101894372,93689.769378,93689.79312,0.9848540704210258
33.22579197995794,31.866822096481695,127.44339604497111,93689.782712,93689.807149,0.9843162933319949
33.22754416000616,31.869914206216897,127.53762309578762,93689.796045,93689.821136,0.9822194894731053
33.137200917590675,31.7698336305556,127.23711609732815,93689.809378,93689.83331,0.9519633197922245
33.12154229825672,31.772164223767437,127.30782747609062,93689.822712,93689.848144,0.979384745894853
33.05738370410289,31.732875287356094,127.21545507097184,93689.836045,93689.860079,0.8231878038416469
33.0155999441372,31.69883270678048,127.21386199276893,93689.849378,93689.874975,0.8007942866470809
33.04486846882492,31.764853989512027,127.5341614713824,93689.862711,93689.887877,0.9317944108605024
32.94366530938437,31.691273340247168,127.35870415967749,93689.876045,93689.900924,0.9433317267500078
32.95832847597093,31.768118821655218,127.67923501201938,93689.889378,93689.914887,0.979777993110871
32.83514240741881,31.675515882542438,127.40817579071111,93689.902712,93689.926629,0.8502562089835629
32.88615471452593,31.766895496628287,127.88374873283286,93689.916045,93689.940025,0.947903178833362
32.74660940122081,31.677905155645536,127.58186696229622,93689.929378,93689.954339,0.9651925526120946
32.62770077868883,31.604945579804188,127.39445262165795,93689.942711,93689.967039,0.8459203977326564
32.63922320013429,31.645042203727808,127.69936379219773,93689.956045,93689.980626,0.8807070503000443
32.593149506738776,31.639744706093555,127.7649299176892,93689.969378,93689.994856,0.8920343142299767
32.60891834701623,31.688371258386194,128.0830750784471,93689.982711,93690.006733,0.9702650859261777
32.517684648177884,31.619410791365354,127.91055567742009,93689.996045,93690.02089,0.9569889813731993
32.43607637246168,31.57472638390742,127.79631912173792,93690.009378,93690.034484,0.9990192352671214
32.39307062122696,31.5445135623038,127.82516710998442,93690.022711,93690.046476,0.9638986448582664
32.34610321154842,31.49679747074857,127.77662216660092,93690.036045,93690.060984,0.8890262318047923
32.41996772000002,31.59016807384615,128.21219928573973,93690.049378,93690.073359,0.9824052459049307
32.27968267246651,31.441019080216993,127.68084459315213,93690.062711,93690.087546,0.8267383866459695
32.320399238427626,31.50476281670775,128.02994604695488,93690.076044,93690.101317,0.8990485312854329
32.26596744657184,31.434344791441468,127.86344265432855,93690.089378,93690.114166,0.9698060062868372
32.35776819831377,31.547986341144057,128.38238905152608,93690.102711,93690.128353,0.947903178833362
32.318136108020504,31.491722955174573,128.1922949182265,93690.116044,93690.139853,0.9753257726745163
32.293387623550586,31.4776857359174,128.16216975796692,93690.129378,93690.153279,0.9990131880033312
32.303813449219376,31.516768309686928,128.2604529121994,93690.142711,93690.167743,0.9333543687989201
32.216530601459546,31.444912891134347,127.96393009544235,93690.156044,93690.17989,0.9876330071035339
32.31478107388703,31.578190643902495,128.46322807513957,93690.169378,93690.19447,0.9876330071035339
32.31064725388239,31.58720524126217,128.46224140712388,93690.182711,93690.207271,0.9912549807245585
32.26892852685774,31.572896822544546,128.3471921165035,93690.196044,93690.221787,0.9431025336462139
32.28056610762966,31.604694350323292,128.4284824965833,93690.209378,93690.235073,0.9623338840343232
32.387094663858626,31.71154408562539,128.90333998159542,93690.222711,93690.25015,0.929123141238626
32.330571954206356,31.64107170783666,128.65479986996698,93690.236045,93690.260951,0.9666006112748277
32.28283849341533,31.57760219331838,128.44611369235213,93690.249378,93690.273883,0.9590938784748997
32.28692379779814,31.583749301436086,128.4374148354252,93690.262711,93690.286596,0.9873966336106723
32.311536328001324,31.59848626075795,128.49717852965782,93690.276044,93690.299809,1.0
32.34250100412003,31.621360671810056,128.62538438257022,93690.289378,93690.314106,1.0
32.32201823192387,31.558946832141228,128.41613249971414,93690.302711,93690.329228,0.9632415836464233
32.38928906199592,31.59384190549525,128.64786178370525,93690.316044,93690.342631,0.9651493837563946
32.3115500807892,31.50683112692519,128.30691371851964,93690.329377,93690.35984,0.7793792110787856
32.32281954891262,31.50568243190487,128.30722831843286,93690.342711,93690.366688,0.8006116231176761
32.430064102457,31.623659807239214,128.81160167978695,93690.356044,93690.380952,0.9835003339732914
32.34685753400046,31.516018109891007,128.37966899824704,93690.369378,93690.393785,0.8028272342020877
32.3652275849298,31.549589559055633,128.4555434235743,93690.382711,93690.406904,0.8515972059292264
32.40488862863216,31.59169787780395,128.62747518050176,93690.396044,93690.422842,0.9753236291341392
32.431316034478435,31.630645860974138,128.73371264103798,93690.409377,93690.436347,0.9597008956462355
32.39246158418818,31.599866700483698,128.60180383938877,93690.422711,93690.44793,0.9748905214338354
32.38296722303031,31.58970518772062,128.5613630402443,93690.436044,93690.460344,0.9607204828702052
32.35179100820193,31.545472620270274,128.4235367927205,93690.449377,93690.473752,0.9910496817605148
32.38870358710336,31.577625839042366,128.58509918745585,93690.462711,93690.488089,0.9673921801293426
32.3401117446939,31.52080865772937,128.3454505373407,93690.476044,93690.499747,0.8566059676340888
32.362776611561735,31.533458917988252,128.46049922658577,93690.489377,93690.516748,0.8971741359468748
32.291409707122945,31.43874546993916,128.10966724117478,93690.502711,93690.527792,0.9971615662182056
32.352265914483795,31.481215536606122,128.26360882192958,93690.516044,93690.540297,0.9661606368174115
32.387472410128105,31.502487624301757,128.37516250263104,93690.529377,93690.554307,0.9969814454002969
32.48971424213897,31.582557174524442,128.73239232711214,93690.542711,93690.566466,0.972256616018403
32.52059834937326,31.577979978917718,128.7352963690094,93690.556044,93690.580733,0.8196276785846385
32.51295400487849,31.539943297815796,128.61407320911198,93690.569377,93690.59391,0.9694242299078117
32.491888134894566,31.50366839578577,128.46159188033764,93690.58271,93690.608487,0.7901103572516532
32.48026094605133,31.465645730547884,128.3196800829949,93690.596044,93690.622876,0.941660847437121
32.56826544905563,31.534422282063648,128.65460694665495,93690.609377,93690.633867,0.9431040674598548
32.56901013344686,31.5095945383466,128.54832554812924,93690.62271,93690.648415,0.97617762371569
32.59061038288846,31.514577820773923,128.55652139634714,93690.636044,93690.660906,0.9810128232396347
32.600826697239214,31.5079056934078,128.51256195787352,93690.649377,93690.673371,0.9908341395027592
32.5888550376931,31.477188861600272,128.377726189533,93690.66271,93690.687618,0.9404644860163509
32.60488932441246,31.475909940834903,128.37997591378436,93690.676044,93690.69975,0.9865967439714893
32.66558215030476,31.539333475499443,128.60432500975145,93690.689377,93690.713842,0.9701710201053904
32.66469380666275,31.52802817544594,128.5342044922145,93690.70271,93690.726406,0.9231148474580542
32.66454300951771,31.524041478426348,128.52006845621423,93690.716044,93690.741478,0.7937128373517937
32.63318953688244,31.481133454128496,128.31918762538857,93690.729377,93690.756268,0.864389279667173
32.671713594373884,31.505986170033093,128.42699432402907,93690.74271,93690.767453,0.9154542519829878
32.682581396660574,31.504906890622774,128.41867886791368,93690.756044,93690.779882,0.9420621053775603
32.65400681720145,31.458735646249792,128.2190811747499,93690.769377,93690.793112,0.9800504122222303
32.73850404217416,31.531422683237434,128.48822732597492,93690.78271,93690.807099,0.9470708036793305
32.742637846400974,31.505114124335556,128.40188433544222,93690.796043,93690.819918,0.8416770533171327
32.72579837333312,31.465766267184158,128.22911644599463,93690.809377,93690.833446,0.7871029048399253
32.771540369833765,31.493506978034077,128.3240143573747,93690.82271,93690.847368,0.8545717529402143
32.69424323485149,31.39312239203446,127.90469400953111,93690.836043,93690.861497,0.7932812060670036
32.76323829281945,31.449660949475845,128.10764795523716,93690.849377,93690.87458,0.7857001775929348
32.810761865303704,31.49181808879107,128.25672783616022,93690.86271,93690.887211,0.9208845286513655
32.84040131224684,31.488896243146346,128.27250162793482,93690.876043,93690.900663,0.9612423480458467
32.861023195041696,31.497118800065063,128.2550112536343,93690.889377,93690.913984,0.8271834957111087
32.97106168591484,31.604478673204333,128.65285672523638,93690.90271,93690.927136,0.9692162671318771
32.91506787820648,31.501582284741644,128.28962477187025,93690.916043,93690.940818,0.8219803429915116
32.95370508432494,31.53198925914528,128.3890795012493,93690.929376,93690.953977,0.8935348000083689
32.98586344114986,31.55403342791378,128.41262681917328,93690.94271,93690.967228,0.8515972059292264
32.940982703226155,31.493683493534615,128.17616976064843,93690.956043,93690.983413,0.8104421584319648
32.96125256999051,31.50285965229987,128.20377236408473,93690.969377,93690.993525,0.8639058621930322
32.98552712177827,31.510908448706335,128.2310780491291,93690.98271,93691.007644,0.9440004660922876
32.99781011552278,31.50812785108358,128.17280875040305,93690.996043,93691.019995,0.9835116133086609
33.004734512231316,31.50907342852425,128.17649633743468,93691.009376,93691.032882,0.9772572691866237
33.06106915186195,31.5583046518069,128.3398443737373,93691.02271,93691.047382,0.9908847961148718
33.07799840884821,31.56922206999341,128.36192769512613,93691.036044,93691.059868,0.9976066730245355
33.023999492842215,31.501046174620555,128.05572230088003,93691.049376,93691.074278,0.9569889813731993
33.09510704303636,31.574561649592,128.32048395202418,93691.06271,93691.088578,0.8950681689695766
33.04459541290436,31.499504144609332,128.02898768920338,93691.076043,93691.100978,0.9937930920132944
33.06095049461284,31.519378525045404,128.0899303330326,93691.089376,93691.119785,0.9485549416430795
33.03643197281118,31.484916699953022,127.9437367980406,93691.10271,93691.127146,0.9724347982613348
33.10474453044882,31.56208492082181,128.22625399057443,93691.116043,93691.140106,0.9951139434192304
33.00789227485576,31.46102233374547,127.77983217718796,93691.129376,93691.153007,0.9970267357392412
33.109747980931736,31.569861850585657,128.2123640672683,93691.142709,93691.167534,0.9702650859261777
33.07976434947648,31.54131895723104,128.03595595587078,93691.156043,93691.181245,0.9793747867503567
33.10823044069062,31.570359724354848,128.13871188555814,93691.169376,93691.194207,0.9635699144090037
33.06753071674027,31.54855956626075,127.9512185915546,93691.182709,93691.20657,0.9604077647104551
33.03924541365851,31.511181977939984,127.75209939473523,93691.196043,93691.219837,0.9830177048367549
33.045145765008414,31.520520245849642,127.7315195923167,93691.209376,93691.233126,0.9747045291137406
33.058266771465085,31.541200601148795,127.77871216089856,93691.222709,93691.247594,0.8820321976810512
33.12817140292267,31.63057327119841,128.03087625355138,93691.236043,93691.25979,0.9951972433916604
33.11266504161138,31.620058124227477,127.95645198837435,93691.249376,93691.273501,0.9995485224620917
33.09624428946957,31.621012808397015,127.86863069941853,93691.262709,93691.287096,0.9774948869785283
33.10518227493176,31.640321590811364,127.87294871115353,93691.276043,93691.300207,0.8881084913279499
33.08228144573873,31.637079406091328,127.7933245375867,93691.289376,93691.314094,0.8576326359117706
33.03877966207648,31.612987871303268,127.63513988013074,93691.30271,93691.327566,0.884349244030344
33.05369942988227,31.630871810111856,127.70536928806351,93691.316043,93691.341367,0.884349244030344
33.049263023034385,31.648087124836636,127.70696607829768,93691.329376,93691.3541,0.9100893075633558
33.00639012240018,31.613421268236774,127.56890626760772,93691.342709,93691.367831,0.9545178649431794
32.94267256540666,31.569315691815266,127.34061873035283,93691.356043,93691.380878,0.9549119226098811
32.97751990859403,31.618810048248758,127.5117832911928,93691.369376,93691.393429,0.9742019314430673
32.95857877197912,31.604217417643163,127.43686017993029,93691.382709,93691.406593,0.8416770533171327
32.91244156141455,31.574344857626485,127.28459781096002,93691.396042,93691.420382,0.9344166627186944
32.94257832449373,31.61110536454344,127.41179288062652,93691.409376,93691.434152,0.8149372175165996
32.94676605284948,31.62193998693312,127.41007026798852,93691.422709,93691.447382,0.8231878038416469
32.9199655448331,31.59470041343694,127.30154791314743,93691.436043,93691.459722,0.9186358831490498
32.99657817947889,31.698055265903267,127.63199499387156,93691.449376,93691.473296,0.9809633273427689
32.97482932651801,31.675451265382453,127.52171206899526,93691.462709,93691.486583,0.9809633273427689
32.986829002332655,31.705900528851796,127.58868493996042,93691.476042,93691.500047,0.9943815213776463
32.98290733457708,31.71815840730447,127.59609146472977,93691.489376,93691.513495,0.917708629050953
32.99170364226741,31.744567337223046,127.67926884806991,93691.502709,93691.528557,0.9500819818234737
32.92309445824952,31.685020386513415,127.3940871265325,93691.516043,93691.540364,0.9599806994904763
33.026369248416515,31.815256669924683,127.84610125344894,93691.529376,93691.554585,0.9793747867503567
32.930135947965546,31.727505817450215,127.48255211594,93691.542709,93691.566899,0.991773229004352
32.86806716732955,31.680895477618687,127.22954584041901,93691.556042,93691.580395,0.8873979164374635
32.88141627214573,31.699736054377237,127.31556321648169,93691.569376,93691.593695,0.9860177118637214
32.895969954017644,31.733596367453583,127.41192442424723,93691.582709,93691.613999,0.8990871993168327
32.95579843011764,31.811729418228083,127.71154251319642,93691.596042,93691.626456,0.9047309850921348
32.898049787970656,31.761123673356124,127.47500217606881,93691.609375,93691.633109,0.8755864958807935
32.84777331085623,31.71687924604123,127.3012463658502,93691.622709,93691.648025,0.8755864958807935
32.86490034110337,31.742792280506915,127.39314831996688,93691.636042,93691.660227,0.8932252461994209
32.8133009328587,31.692230163639106,127.20379381687762,93691.649375,93691.674337,0.9007513317113428
32.78536901721561,31.64900410541927,127.06722800155767,93691.662709,93691.687683,0.9377705615778049
32.84554122184779,31.721830049321547,127.36041347615325,93691.676042,93691.700462,0.9318179290731177
32.85249463416758,31.73000689500792,127.37584312799295,93691.689375,93691.716153,0.9049397797048796
32.834668919265525,31.703042274185847,127.29370071426501,93691.702709,93691.726907,0.9815475251170375
32.80481267072474,31.67048094393604,127.18871111490097,93691.716042,93691.742008,0.9111242232757694
32.78548319782776,31.65032876589851,127.09678369097384,93691.729375,93691.754137,0.986129902323683
32.82454235520911,31.689875661151557,127.26366443255768,93691.742709,93691.766495,0.998377689804301
32.81249918723384,31.654914115452705,127.17002441978985,93691.756042,93691.784219,0.96109492673578
32.86190496942128,31.705898171055285,127.36624618435319,93691.769375,93691.793367,0.940504646359756
32.822550428803375,31.656358950985325,127.19764559765491,93691.782709,93691.807057,0.9476354531174388
32.866592157320646,31.702189669504946,127.3679641557658,93691.796042,93691.822098,0.9705134628923153
32.82913138387725,31.64362641557197,127.15665740098765,93691.809375,93691.833234,0.9448822496261017
32.82570192782115,31.645069268726324,127.15369590405007,93691.822708,93691.853262,0.9448822496261017
32.8105494591663,31.628110629503325,127.08246415197584,93691.836042,93691.860586,0.9467397760446522
32.92405156135038,31.759683571950884,127.57316017588823,93691.849375,93691.873063,0.918162680876671
32.86782156155857,31.697001849719214,127.32295090356496,93691.862708,93691.886408,0.8927005900700369
32.81155898092721,31.636126011781126,127.05524413613763,93691.876042,93691.899984,0.91371224858422
32.87270460684767,31.709618302387813,127.32844577840844,93691.889375,93691.913582,0.97842658321154
32.847799480414146,31.68754355884597,127.24807440241484,93691.902709,93691.926781,0.9212030513710078
32.83640261072262,31.673563923466283,127.15712887202918,93691.916042,93691.939502,0.8959489822387695
32.80347135653561,31.65311073002427,127.0630328545822,93691.929375,93691.956439,0.8316960555725066
32.78489147529464,31.6356900983821,126.97958658300496,93691.942708,93691.966475,0.8188086646763092
32.775979483358135,31.62853496870025,126.95329453447484,93691.956042,93691.981269,0.8152723381197695
32.80973048077642,31.66764557884312,127.11729331544159,93691.969375,93691.994002,0.816434495525451
32.81003301245154,31.66818755212419,127.09801630772039,93691.982708,93692.009459,0.8666542675967995
32.79159942486483,31.6612529875164,127.02764570957379,93691.996041,93692.019915,0.8177126017365886
32.79417859970756,31.6692179420205,127.03252337613856,93692.009375,93692.034376,0.9574182655790201
32.75256749352175,31.619218782423832,126.85528606202672,93692.022708,93692.049208,0.9031224751648982
32.77789849508466,31.65064976831787,126.93390814281953,93692.036042,93692.061307,0.9574182655790201
32.81492482266727,31.688590882673946,127.1350170873135,93692.049375,93692.07365,0.9287336204960948
32.75344011133971,31.628723728152604,126.88432719208085,93692.062708,93692.089028,0.9031224751648982
32.74603850833048,31.623794210649592,126.82828761807409,93692.076041,93692.102486,0.8537903547939404
32.78574146452643,31.66059930039832,127.03878387720276,93692.089375,93692.114817,0.9141067403292208
32.76824487529504,31.64910875682471,126.9722402296159,93692.102708,93692.126437,0.904343440887963
32.778814935740826,31.667761913877186,127.00543142713143,93692.116041,93692.140537,0.9141067403292208
32.76596693591459,31.64174114606753,126.95750280257587,93692.129375,93692.153105,0.9245974662512666
32.77491023290136,31.667126313868053,127.03845184990571,93692.142708,93692.169126,0.960167201374952
32.65880964565246,31.539467488074873,126.54885177152758,93692.156041,93692.181119,0.9270431280973408
32.62525949723927,31.50805934374275,126.42966591063437,93692.169375,93692.194157,0.8906215722823133
32.64181809794598,31.53649110079507,126.52606940890063,93692.182708,93692.206505,0.8912107163193793
32.65404451613656,31.554906237036384,126.60801588225686,93692.196041,93692.220111,0.9334260744465911
32.676808184703866,31.58651925716676,126.72093962715768,93692.209374,93692.234266,0.8840606608258086
32.65112481675061,31.557865405993986,126.5851694206495,93692.222708,93692.24694,0.9915195418539979
32.672262881977154,31.578121510568835,126.68480660134932,93692.236042,93692.259711,0.8568177762513052
32.657606316078805,31.561236267463002,126.60772709743397,93692.249374,93692.274488,0.9915195418539979
32.64163507584005,31.538997839704088,126.50917610988762,93692.262708,93692.286974,0.8764027687554211
32.62814914080445,31.53195801734468,126.46988689510215,93692.276041,93692.299788,0.9002783667104691
32.67542097976809,31.581120489488924,126.67621824759246,93692.289374,93692.319863,0.9785031905612191
32.639575139372376,31.545970084310984,126.47377699836895,93692.302708,93692.326933,0.901793371100621
32.59580880206622,31.492918629452795,126.30910145389116,93692.316041,93692.340062,0.960167201374952
32.703885663829176,31.626155580702882,126.77348566247449,93692.329374,93692.354142,0.9862532364641393
32.637513225289744,31.559208714516206,126.46646004884497,93692.342708,93692.367352,0.9741771881012978
32.719840582519865,31.65919337129266,126.81688673568581,93692.356041,93692.381768,0.9039351092325517
32.721252527555556,31.651920428107672,126.81081570172931,93692.369375,93692.394575,0.979840055128549
32.70353397327655,31.639637141114523,126.74747062585702,93692.382708,93692.407518,0.9898645719778856
32.63654731563388,31.587923450454724,126.5127459699189,93692.396041,93692.421242,0.9623243877065407
32.680727166741605,31.641680498603368,126.72080855708904,93692.409374,93692.435361,0.9652380113454959
32.6583590119238,31.610331070065723,126.61971597476669,93692.422708,93692.447456,0.9602147267776372
32.65442400495355,31.596507716421158,126.59639522287748,93692.436041,93692.460919,0.9572707070499544
32.65320143748325,31.602644884608782,126.58348022265555,93692.449374,93692.475549,0.9623243877065407
32.64860026282895,31.588388764894134,126.53995513130933,93692.462707,93692.487689,0.9975883944901264
32.69821916704911,31.64740889374361,126.73901086341375,93692.476041,93692.507616,0.966778545766223
32.68783266024972,31.624458229663237,126.6470859209134,93692.489374,93692.521938,0.9874910295364454
32.773384457278624,31.715129390171086,127.0502420831955,93692.502708,93692.535417,0.9986717898560105
32.756777890101645,31.702728575456646,126.94436760381278,93692.516041,93692.540326,0.9908847961148718
32.758191783753404,31.70357452063828,126.93342509788478,93692.529374,93692.55343,0.9908847961148718
32.78313108845652,31.725417972228833,126.99695190728653,93692.542707,93692.56689,0.996479749696558
32.7756779406168,31.706070717750457,126.90200026872661,93692.556041,93692.581135,0.9709959358702747
32.73779070825324,31.67694752749621,126.7496355769714,93692.569374,93692.595315,0.9590860942905367
32.79834149874636,31.757381244281778,127.05050181692864,93692.582707,93692.609149,0.9936330695536347
32.83233407349134,31.799653411734653,127.20769964263692,93692.596041,93692.620096,0.981109947921498
32.76023794762924,31.71292054819323,126.86465826297768,93692.609374,93692.633829,0.9954380192921262
32.746362940512356,31.703239274868768,126.82514494122087,93692.622707,93692.649557,0.981109947921498
32.77463914352483,31.74030716121422,126.97457566913371,93692.636041,93692.662031,0.9633931932276817
32.77089220039214,31.750315426767507,126.98864859708914,93692.649374,93692.674275,0.9751738371567146
32.72173907320842,31.704602127568364,126.81813005620658,93692.662707,93692.688535,0.9756901739727268
32.69855838183632,31.682576602913567,126.73779618657795,93692.67604,93692.70074,0.9756901739727268
32.64462340502666,31.62937929980904,126.53170958422271,93692.689374,93692.713687,0.9819421312245894
32.65444816447979,31.6536860501326,126.59716543280835,93692.702707,93692.728875,0.886070094179572
32.61484572268838,31.614988534583418,126.4602471323631,93692.71604,93692.741265,0.8779933846146105
32.582968268100466,31.588211043216848,126.34224441073047,93692.729374,93692.754057,0.8779933846146105
32.62512706355198,31.638068971255322,126.5575092937955,93692.742707,93692.767664,0.9370817761695172
32.703175955874585,31.73305276115747,126.92767329822024,93692.75604,93692.780673,0.9370817761695172
32.60814455092908,31.619076579349304,126.48727809747487,93692.769374,93692.794075,0.8486372121239061
32.624175686729615,31.639548156551875,126.5895350203174,93692.782707,93692.806692,0.9794807690928393
32.714540363605245,31.72182384388958,126.95206777436562,93692.79604,93692.820813,0.9234612879058016
32.600022847813804,31.588111069502876,126.47922453732856,93692.809374,93692.835132,0.9234612879058016
32.66234320165327,31.67174652523181,126.76851072249758,93692.822707,93692.847246,0.8782916364018245
32.60286843647267,31.60547174218888,126.52188670602857,93692.83604,93692.85986,0.9590708945090464
32.603713579575675,31.61486720377368,126.53760049041323,93692.849373,93692.873406,0.9296565228567555
32.646317654571625,31.64838859226472,126.68635553027649,93692.862707,93692.886714,0.9296565228567555
32.643017461126924,31.651153872104764,126.68073273648508,93692.87604,93692.900282,0.9296565228567555
32.65770820296582,31.68179970337842,126.79068733307199,93692.889373,93692.913108,0.9442756390475469
32.63542709319187,31.659492573465254,126.69588177775418,93692.902707,93692.928222,0.9442756390475469
32.64222497661854,31.67345776047705,126.75727161410254,93692.91604,93692.940286,0.952293778591877
32.62769341863829,31.67079907409421,126.7095777790151,93692.929373,93692.952897,0.9209764029660021
32.64617975140909,31.700592488431166,126.81830565497178,93692.942707,93692.967129,0.9402838087385672
32.57538825980588,31.633255456279453,126.56479379654328,93692.95604,93692.98784,0.9417247323224816
32.62852799623308,31.69566241021191,126.80375903173076,93692.969373,93692.993205,0.9402838087385672
32.62993451635756,31.699007079292887,126.83622077097216,93692.982707,93693.00718,0.9897143695994786
32.62991361776934,31.705291782539636,126.84714918024162,93692.99604,93693.019996,0.9427063702509317
32.618819972916874,31.704339193948076,126.82091261253815,93693.009373,93693.033081,0.9470058987381741
32.633831689452016,31.73203741064678,126.92324649799124,93693.022707,93693.05354,0.9470058987381741
32.663657511864436,31.760615424298145,127.08077847621544,93693.03604,93693.060508,0.9720670456918598
32.648066783986685,31.75093343645757,127.04316642086715,93693.049373,93693.080204,0.9183974534146141
32.68525449403143,31.79002896549648,127.21196311399314,93693.062706,93693.086927,0.9936330695536347
32.614102946627796,31.70721478265359,126.88183962924823,93693.07604,93693.099605,0.9665940273933796
32.589614207002384,31.67881265330167,126.81079470979263,93693.089373,93693.113554,0.9908847961148718
32.64536552068325,31.738021381889354,127.07228387341982,93693.102707,93693.1274,0.9944557091127484
32.5793632698471,31.669620736976906,126.77660983322977,93693.11604,93693.141168,0.988573873550186
32.56004440935124,31.653963151062083,126.70207897305494,93693.129373,93693.160678,0.9908847961148718
32.565473936215845,31.66153844316905,126.7519853100724,93693.142706,93693.166844,0.9954380192921262
32.56623343459099,31.65984444796648,126.76258401282014,93693.15604,93693.182004,0.9929128872283527
32.5707124870298,31.66995269928267,126.79987109532848,93693.169373,93693.195267,0.9330691999819002
32.55423121629203,31.654280656865446,126.73653206887084,93693.182706,93693.207789,0.9330691999819002
32.648450983436696,31.742070827005886,127.11842324073051,93693.19604,93693.227241,0.9797151203711344
32.535656003969244,31.62365067132997,126.67497866428529,93693.209373,93693.242067,1.0
32.557637895590375,31.64978725320203,126.74914449881716,93693.222706,93693.247158,0.9741771881012978
32.49816645637626,31.58145475421801,126.53124277084825,93693.23604,93693.25966,0.9874910295364454
32.504739612786054,31.596668695774266,126.57242499443201,93693.249373,93693.273978,0.9111255404393929
32.52964327159525,31.61693562753986,126.69089839839911,93693.262706,93693.286446,0.9039351092325517
32.517898992153015,31.614309577784592,126.63901975617874,93693.276039,93693.303058,0.9111255404393929
32.5167639426277,31.602687046099053,126.62176321030509,93693.289373,93693.320187,0.9260139439368101
32.46985164544813,31.562017040830597,126.45326243604744,93693.302707,93693.327987,0.9318389375496361
32.49435792053426,31.59147169001967,126.58442165375514,93693.316039,93693.348668,0.9404587958873666
32.52811762858465,31.62028166761966,126.70756978056625,93693.329373,93693.353165,0.9629472211264511
32.46616836120587,31.56420857219011,126.47998125488223,93693.342706,93693.36666,0.9623243877065407
32.53840422733648,31.66045813463274,126.83658575412133,93693.356039,93693.387774,0.9623243877065407
32.468654137191706,31.59095039434212,126.55285284698547,93693.369373,93693.394197,0.9931392600528164
32.51199508124571,31.64519581667712,126.75480880027973,93693.382706,93693.406766,0.9975093886012979
32.52869680132633,31.65128912993335,126.81909735576926,93693.396039,93693.419932,0.9857591747679847
32.539683560115314,31.68313326823907,126.88499110642884,93693.409373,93693.433509,0.9857591747679847
32.50690852488546,31.638069631304177,126.75309423898624,93693.422706,93693.447357,0.9679429243226793
32.5496907398473,31.70601582111276,126.9520612528732,93693.43604,93693.460507,0.9974936593255663
32.55809882281646,31.714094254671515,127.01390123334764,93693.449373,93693.473787,0.9944557091127484
32.48944812855499,31.63569815106251,126.71739390467943,93693.462706,93693.487136,0.9801908417424967
32.5854369671811,31.741825889643007,127.16518580492041,93693.476039,93693.501846,0.9764822806894354
32.49533465187781,31.6408757415412,126.77883809408698,93693.489373,93693.514484,0.9866560578879291
32.522914599461316,31.670766775316,126.91751995554166,93693.502706,93693.527419,0.9908847961148718
32.5345359500355,31.67769869315997,126.94535929221682,93693.516039,93693.540339,0.9764822806894354
32.56340819264589,31.71012061661233,127.0762639181559,93693.529373,93693.562926,0.9889463336720871
32.54840297612457,31.688249036854554,127.00952298866025,93693.542706,93693.566553,0.9764822806894354
32.54082907609028,31.68469263777249,126.98400502798253,93693.556039,93693.580535,0.97582601890531
32.57315788089093,31.709548894525643,127.11359240530243,93693.569372,93693.593032,0.986549255120518
32.546047372957034,31.683123703216474,126.99027720101108,93693.582706,93693.608472,0.9944557091127484
32.56080633958638,31.704023890518034,127.06560525828075,93693.596039,93693.6209,0.9764822806894354
32.534222447257164,31.66543868083251,126.95491163236247,93693.609372,93693.634399,0.9928001421707813
32.53747775491883,31.672705353928187,126.94332777214021,93693.622706,93693.647058,0.9702650859261777
32.576424516463945,31.719627018092595,127.1391483679379,93693.636039,93693.660144,0.9944557091127484
32.5645505375688,31.707507746310387,127.08331942589452,93693.649372,93693.673116,0.9764822806894354
32.56430498587395,31.7101012739779,127.08535470122808,93693.662706,93693.687221,0.9764822806894354
32.516259250470945,31.66706576525997,126.90282240011014,93693.676039,93693.69961,0.9866560578879291
32.552864710637145,31.705839070212583,127.04005711350936,93693.689372,93693.715163,0.9990192352671214
32.585374735655115,31.73028397490152,127.16158909452682,93693.702706,93693.727308,0.9764822806894354
32.51937239550643,31.67440529226274,126.92502522696559,93693.716039,93693.743948,0.9993520568794211
32.52015010900784,31.674413214570116,126.91361287053836,93693.729372,93693.754625,0.9866560578879291
32.54022334538767,31.70221548997206,127.00229028557365,93693.742705,93693.767692,0.9764822806894354
32.53896506001825,31.69965069979106,127.00968215888811,93693.756039,93693.780757,0.9866560578879291
32.51354096564387,31.663568645097154,126.88093936167414,93693.769372,93693.79301,0.9764822806894354
32.54805195564778,31.699512444739707,127.02736876161265,93693.782706,93693.806679,0.9990192352671214
32.51835005508867,31.6630314455634,126.8768724912167,93693.796039,93693.820246,0.9764822806894354
32.5575187525388,31.70051066057235,127.04303851013647,93693.809372,93693.841057,0.9944557091127484
32.54959666252869,31.677657628516855,126.96538810649821,93693.822705,93693.852586,0.9679429243226793
32.51750696365449,31.631044097533817,126.79021048075222,93693.836039,93693.860066,0.9857591747679847
32.47321314616524,31.571390649811104,126.51897054653443,93693.849372,93693.873735,0.9572707070499544
32.485226579096704,31.55694989646813,126.49630627805386,93693.862705,93693.888021,0.9795959695598041
32.505209166425544,31.580924287130614,126.55425753679614,93693.876039,93693.900558,0.9447132032133043
32.53070415448739,31.595086557407758,126.6144308319477,93693.889372,93693.914489,0.9325630220910814
32.592399847764604,31.653354022392733,126.83857649030408,93693.902705,93693.92763,0.9709914875754947
32.594967016436165,31.65017570284955,126.78034154335018,93693.916039,93693.940039,0.9596880165088786
32.58375624224471,31.636383124564887,126.67201712995784,93693.929372,93693.953032,0.9709959358702747
32.64970168429581,31.70079710487603,126.90685289715958,93693.942705,93693.96669,0.9536823751909257
32.607767393124625,31.62757018095365,126.60118561780993,93693.956038,93693.980782,0.9780277316434681
32.5958257170956,31.59281952173494,126.47685035470644,93693.969372,93693.993166,0.9679429243226793
32.58232088515701,31.583206133877628,126.3541646737627,93693.982705,93694.01379,0.9234612879058016
32.64980846816959,31.651509225657037,126.58702434124002,93693.996038,93694.020747,0.8907412245447851
32.65052253053891,31.653804495171986,126.50574369505172,93694.009372,93694.035572,0.9329428042803595
32.64598403408385,31.636030380818553,126.36685928688355,93694.022705,93694.048155,0.8387037119960122
32.64658088170712,31.631735534090907,126.33075546237737,93694.036038,93694.061672,0.8330647831287012
32.623308663000046,31.608287831943095,126.16800949005807,93694.049372,93694.073555,0.9681166988078053
32.64393563966636,31.634728266608168,126.21501508407611,93694.062705,93694.086225,0.8321993073398842
32.65419064340828,31.64425365802506,126.26002656641099,93694.076038,93694.100259,0.7994470458484982
32.633142029696074,31.61260768489073,126.13943775169533,93694.089372,93694.113413,0.8097246737630746
32.6406900324462,31.627543968408972,126.19227841139548,93694.102706,93694.134356,0.8416770533171327
32.59615035866718,31.58066867055402,126.0362135226023,93694.116038,93694.139867,0.9436671140807529
32.588539530376586,31.56818609981992,126.01829661849357,93694.129371,93694.152938,1.0
32.57011437368111,31.55042881421254,125.98039271320877,93694.142705,93694.167154,0.9645347061942731
32.47220844964257,31.475734183173962,125.66872769242035,93694.156038,93694.179813,0.9778583953080597
32.43487868121495,31.44519158418807,125.56689354328624,93694.169372,93694.194661,0.9712612497218702
32.4233914385898,31.463375894019883,125.67174358378806,93694.182705,93694.210454,0.8936221526601446
32.34232782166101,31.39342631091939,125.4170641455628,93694.196038,93694.221753,0.9531134687612486
32.358653681082245,31.43414392737763,125.60958430100773,93694.209335,93694.233966,1.0
32.28827253320902,31.4095624266751,125.56136048225373,93694.222668,93694.247209,0.9810128232396347
32.17082448511414,31.314163784241174,125.24547670056194,93694.236002,93694.261285,0.9508084462252552
32.160985660200495,31.324895040480044,125.4053524365171,93694.249335,93694.274314,0.9763994444936827
32.10241135467913,31.317244417865762,125.46504467051396,93694.262668,93694.286559,0.9653505716574934
31.984638808289905,31.23373582836382,125.22193403874708,93694.276001,93694.302202,0.9601238096857703
31.81261836011215,31.106720047398852,124.85862240483523,93694.289335,93694.315298,0.9613747544560649
31.844593537367555,31.20651798361163,125.33390587201842,93694.302668,93694.326391,0.9433132865362571
31.687443947067298,31.114814718759288,125.10786164593327,93694.316002,93694.342178,0.9803740873928718
31.567563881101066,31.05943144026749,124.96527165532058,93694.329335,93694.354183,0.9513381353884064
31.445002042239405,31.02425165108687,124.93086658530484,93694.342668,93694.36727,0.9651925526120946
31.32266758535502,30.988393265471988,124.88436831839859,93694.356001,93694.380509,0.958975517395308
31.253729953310064,31.02823782716984,125.16659748392603,93694.369335,93694.394688,0.9845271996303818
31.003171823096224,30.89631875624985,124.67808034675672,93694.382668,93694.408291,0.8078758214104572
30.82914082237262,30.853117916132327,124.57055169135654,93694.396001,93694.420311,0.9470811382339026
30.638678427735535,30.799102757417113,124.43030102300904,93694.409335,93694.435089,0.9963529436088757
30.545079855653743,30.871565204153935,124.7858785778674,93694.422668,93694.448655,0.8773125495977627
30.3613839268529,30.846887724384885,124.7338745316433,93694.436002,93694.459898,0.9448822496261017
30.105099142064997,30.749142713393905,124.40016474706592,93694.449335,93694.47433,0.8977553795563179
29.878177843585743,30.692485272438027,124.25880970379185,93694.462668,93694.488154,0.9424743236222852
29.661622218638463,30.675160443190446,124.19724178187553,93694.476001,93694.5023,0.9343548048448407
29.386184191035554,30.584899015212695,123.92056443503577,93694.489335,93694.514564,0.8978056359593212
29.23406138709476,30.674383464817804,124.2913376242864,93694.502668,93694.527479,0.9754459012533672
28.821073271190446,30.435522575941512,123.44881782660315,93694.516001,93694.540585,0.9991154276982989
28.68302378099196,30.549524786762678,123.92011581981188,93694.529334,93694.553845,0.9603816632481872
28.331604743836014,30.386490646059954,123.39514194975787,93694.542668,93694.568833,0.8315513502998196
28.074020941788262,30.384805230568997,123.43413085741602,93694.556001,93694.583758,0.9910749301558429
27.766942428447823,30.30841035878901,123.21377090863666,93694.569335,93694.602197,0.8850082909586723
27.468831210944554,30.226455065594273,123.02042319525464,93694.582668,93694.60698,0.8572510811954026
27.133316517168396,30.091783008338428,122.78863058263437,93694.596001,93694.620333,0.99609926731066
26.804608352121765,29.980744147893347,122.57558883964502,93694.609334,93694.633559,0.8904908996876315
26.49223148026546,29.907626339893444,122.52152952061024,93694.622668,93694.646987,0.9182233028252262
26.1817852490171,29.822708416818884,122.52240471660686,93694.636001,93694.660346,0.959075343674905
25.766551242456817,29.61168034969674,121.96007514087884,93694.649334,93694.674217,0.9529133990981041
25.361861316317516,29.43318035269573,121.54881604106183,93694.662668,93694.686594,0.8443225649492523
25.02725601475808,29.355320967025317,121.53763998566679,93694.676001,93694.709337,0.9750130098605756
24.645253754313355,29.225854377925803,121.3026648480583,93694.689334,93694.714205,0.9641235676868943
24.24986661276044,29.111232820145386,121.10930965327209,93694.702668,93694.727344,0.8695029875785287
23.858950751776092,28.973441200289223,120.89371901595736,93694.716001,93694.740225,0.9918373739129644
23.43261287011362,28.824896835009632,120.60877745846953,93694.729334,93694.753944,0.9368543786918371
22.982087434791257,28.63636136619966,120.06805545483486,93694.742667,93694.768525,0.9687760663947395
22.551893388605542,28.49783212577637,119.7426067460166,93694.756001,93694.783935,0.7861987128302901
22.114591022074357,28.346438103017608,119.39720481945065,93694.769335,93694.795763,0.9612341821802808
21.713433343176256,28.245322766940852,119.23455105325118,93694.782667,93694.808284,0.9897957710891456
21.251577402877484,28.084121420482994,118.78882916665545,93694.796001,93694.824039,0.8342141766124577
20.861854397423844,28.002094689587683,118.76911782362995,93694.809334,93694.83655,0.9312211442969692
20.426208482596778,27.892962488552516,118.5990205153871,93694.822667,93694.847829,0.9970430175208905
19.938548855041137,27.651286866190386,117.80229781126576,93694.836001,93694.868387,0.9845759015376476
19.541984168016736,27.58357997985483,117.78546390988619,93694.849334,93694.873945,0.9829350870670452
19.03982851141751,27.35781167609836,117.13194207413156,93694.862667,93694.888703,0.8799419919139408
18.62594359304498,27.277027808425597,117.06047228417773,93694.876001,93694.902138,0.9882000175520625
18.105948083378916,26.985905703557325,116.17168504695128,93694.889334,93694.922164,0.933346602192918
17.681310333480774,26.802372772407264,115.8624537837656,93694.902668,93694.927935,0.9550056750391828
17.25794624209828,26.655517992788774,115.68265338618815,93694.916001,93694.942224,0.9909466631956472
16.85121569539037,26.47009200390038,115.3473130731456,93694.929334,93694.958339,0.9602664608485392
16.4306675494903,26.286400405210614,115.01469421376044,93694.942667,93694.969314,0.9283521450725993
15.985779497036296,26.030649202202778,114.41765110946083,93694.956001,93694.981189,0.9495644209246197
15.566648260569686,25.823358175248988,114.09401957025493,93694.969334,93694.99464,0.9387127489261883
15.190450766072766,25.64303115074935,114.04286957713065,93694.982667,93695.008908,0.9474128698867512
14.748948561153933,25.32981600588198,113.46946959401299,93694.996,93695.027688,0.915908485568399
14.344322700001275,25.05064031560538,113.01065916463413,93695.009334,93695.033823,0.982549330356268
13.946082794444273,24.826686489549967,112.59910967568231,93695.022667,93695.049726,0.9687164994343964
13.560226795786765,24.57213785979803,112.20494629781348,93695.036001,93695.061568,0.9585402823237131
13.177358087292948,24.342574043001015,111.79790398594484,93695.049334,93695.08031,0.9292289263502429
12.809731838733889,24.116807396964205,111.55457870794099,93695.062667,93695.090689,0.8750188390415958
12.43619026715139,23.821606229937764,110.98183200016021,93695.076,93695.110085,0.9472686208344984
12.091957681410042,23.564214563011177,110.71062152623709,93695.089334,93695.120417,0.9734984989588477
11.746777818745318,23.311707949817386,110.42345515295064,93695.102667,93695.133302,0.8957319037885986
11.416237690348716,23.05042694307127,110.15272915866952,93695.116,93695.143274,0.9094466165127619
11.077508568499612,22.742135598405543,109.62958616655706,93695.129333,93695.157771,1.0
10.767008798985186,22.460054611949282,109.31770390349554,93695.142667,93695.169392,0.9411759878666033
10.44705912029561,22.16016913509792,108.88627883688866,93695.156,93695.190324,0.9712804607808961
10.130019558077029,21.821306664425187,108.46669315692387,93695.169334,93695.194101,0.9853808241687001
9.850576214945328,21.526418769537536,108.28826497609045,93695.182667,93695.210666,0.9853808241687001
9.574688610727156,21.167237282553845,107.8632146357838,93695.196,93695.222246,0.9964091784428865
9.294141021279563,20.825514632517383,107.45112439815186,93695.209333,93695.23342,0.9925349680988309
9.014474002659687,20.48244298010844,107.15562382980278,93695.222667,93695.247389,0.996479749696558
8.750394181768524,20.107319239457834,106.84257245930162,93695.236,93695.262595,0.9105063217197473
8.497550168868655,19.73056626069757,106.69971446422322,93695.249333,93695.27579,0.9641355721566581
8.240157917494722,19.351301412911003,106.41810948995088,93695.262667,93695.290147,0.9528776384457899
7.983664667276451,18.91380021432028,106.04599314940168,93695.276,93695.30134,0.9304377418526446
7.736753342068777,18.49361121570423,105.75675167354495,93695.289333,93695.321007,0.9680449346674687
7.4838174976561405,18.04897128912908,105.41921933849741,93695.302667,93695.334802,0.9925349680988309
7.239284673154524,17.621846395117007,105.16031700951143,93695.316,93695.340521,0.895320059226323
6.986413520852283,17.17982064403859,104.78414060390945,93695.329333,93695.360103,0.9640068417184293
6.754467069411924,16.75260959530319,104.53110209139061,93695.342666,93695.374724,0.9632156409673889
6.538799185592929,16.335930950242382,104.5510438589247,93695.356,93695.381239,0.9643497881061441
6.315674926888408,15.869258058383434,104.186476773317,93695.369333,93695.394356,1.0
6.096883428503405,15.37351396124431,103.75073045554758,93695.382667,93695.407338,0.990910147628784
5.899291614070638,14.909072383649201,103.69527812424084,93695.396,93695.422069,0.9570896065979022
5.696496240037939,14.420465079264133,103.31322392245647,93695.409333,93695.433935,0.9791658354524845
5.508134285065702,13.918666690408005,103.0362038024967,93695.422666,93695.447235,0.8637518284522983
5.3203529120764985,13.445541778962287,102.83851817986866,93695.436,93695.460652,0.9665181305044693
5.143098488077123,12.913708507127728,102.33419632911884,93695.449333,93695.474317,0.9333272556588865
4.9699613581748645,12.4753037565952,102.37680305464039,93695.462666,93695.487947,0.9053647732905211
4.801867650014773,11.985187343211795,102.09101518020664,93695.476,93695.500546,0.9854773261380907
4.646571242871814,11.477258782074959,101.68653235016173,93695.489333,93695.513681,0.9955922161458199
4.498892839589771,11.02904941814181,101.62935448322501,93695.502666,93695.527324,0.9909484468330864
4.354467273081582,10.542363412863322,101.4314358664181,93695.516,93695.540481,0.9685860163009302
4.205374921080474,10.089352809513699,101.2261295066983,93695.529333,93695.553358,0.9379744491909306
4.07145997586656,9.629300807310631,101.17513200298961,93695.542666,93695.56624,0.9783179399774676
3.919038828311584,9.158491959516207,100.81079775169198,93695.555999,93695.58076,0.9717182340838817
3.7888615592110026,8.701157477692092,100.68025829993816,93695.569333,93695.593807,0.9632156409673889
3.655159272126545,8.238916557445242,100.44574960601967,93695.582666,93695.614651,0.9237545563554318
3.5154404872696454,7.7843522359427055,100.36306258933149,93695.595999,93695.628064,0.9910370087670207
3.3738162887302643,7.346004106008637,100.32807077081397,93695.609333,93695.633495,0.9933208014506806
3.227794338607616,6.883984912922931,100.11630346316346,93695.622666,93695.647615,0.9949172198777855
3.0762404728714015,6.479508290756441,99.92859137946857,93695.636,93695.660209,0.9744123062116424
2.929493015495089,6.075217316888624,99.87918238280153,93695.649333,93695.67301,1.0
2.7952781939878912,5.674407944992926,99.82566283083027,93695.662666,93695.686421,0.9796972005699351
2.671188227525603,5.272063502807064,99.66505900821666,93695.675999,93695.699886,0.9734147426063825
2.533320818814877,4.900253101282997,99.62149973295514,93695.689333,93695.713764,0.9850846146626003
2.4031830620987806,4.518892681465966,99.43189191143003,93695.702666,93695.727441,0.9401276754818241
2.2714436695274403,4.1565565476956,99.33917884153163,93695.715999,93695.740816,0.9169461697394142
2.1438438625174308,3.7984417831800856,99.46549282575442,93695.729333,93695.75321,0.9225761850769076
2.0269798835579382,3.4282510994643856,99.31629141278268,93695.742666,93695.767042,0.9069626411161974
1.903556180241265,3.0690727899143138,99.29360525652531,93695.755999,93695.780088,0.9883630160414745
1.7781526997726964,2.7082932575829126,99.20124508338478,93695.769333,93695.796684,0.9687516521149043
1.662209157863426,2.327454406944616,99.07550655087249,93695.782666,93695.808523,0.9467227689030511
1.5491819807711384,1.9671978661468674,99.09437564409885,93695.795999,93695.821369,0.9840137246169988
1.4333721801449983,1.6207626943110243,99.11124826815706,93695.809332,93695.833161,0.9269266286378157
1.3378306372584507,1.2691650515400184,98.89812627920222,93695.822666,93695.847343,0.9479596166067732
1.2457945526467844,0.9337735497795215,98.89917063216971,93695.835999,93695.860372,0.9793469025940412
1.1440090273298988,0.5915689565836358,98.75118943838774,93695.849332,93695.873872,0.9585624108725844
1.051663812140418,0.25356004599963056,98.77665858076034,93695.862666,93695.887307,0.9706629249744403
0.9645013007135826,-0.07453804326056429,98.7394530237425,93695.875999,93695.900436,0.994485505450723
0.8961193622168568,-0.39661700854951754,98.66257476507056,93695.889332,93695.91501,0.9910249405342091
0.8191451878692709,-0.7157614245078139,98.71107092569582,93695.902666,93695.926838,0.9786422574320489
0.7360423515261055,-1.0249165916776137,98.63291445560266,93695.915999,93695.942106,0.9904691624870712
0.6770726665534746,-1.335484325191108,98.62186694579535,93695.929332,93695.953727,0.9109973690226161
0.6105836502953996,-1.6338800653510415,98.4833741101788,93695.942666,93695.966628,0.9846591415709591
0.5488552676211774,-1.918708216647503,98.56421683174608,93695.955999,93695.98065,1.0
0.4871153634434279,-2.194808445599175,98.51680705666361,93695.969333,93695.993235,0.9174231017782754
0.4299237250900969,-2.4541287358636987,98.47556081952835,93695.982665,93696.008341,0.980066336522735
0.3734680035403037,-2.7096852497626873,98.49307217215514,93695.995999,93696.021141,0.9712371129059052
0.3258785425168131,-2.9471125414466566,98.49363715639316,93696.009332,93696.034397,0.9175854299628016
0.29526174863926474,-3.1797495427097133,98.5185028110073,93696.022666,93696.048665,0.9475037344927817
0.27925353767487116,-3.3660625252029437,98.38490318538241,93696.035999,93696.060409,0.9769399276740952
0.2634436401449061,-3.572965445857141,98.44309680996977,93696.049332,93696.073567,0.996815146001532
0.2327474606175634,-3.7726198975952254,98.6620078527111,93696.062665,93696.086931,0.9392618704622907
0.21221627029662946,-3.970679520297592,98.62224514258173,93696.075999,93696.099842,0.9787481504432158
0.1984314319040074,-4.165743161139046,98.59506238000068,93696.089332,93696.122005,0.997510903979795
0.1789326165394988,-4.388414564525068,98.65076534713327,93696.102666,93696.127422,0.9319891340960664
0.17567589998243105,-4.586632959421581,98.52255407764,93696.115999,93696.142559,0.9750632650007232
0.1560838698561512,-4.806920773403881,98.59987492917084,93696.129332,93696.153683,0.9433443034414741
0.15673885708884885,-5.019604659390545,98.59232606646465,93696.142665,93696.16788,0.937966112143694
0.15924922597232316,-5.208579138339846,98.46398429498814,93696.155999,93696.181372,0.9494902276317336
0.17271916304132326,-5.391057192278561,98.46294912057927,93696.169332,93696.193422,0.9302287248256084
0.17213168771727264,-5.57649330778462,98.61053955841602,93696.182665,93696.206602,0.912397628056166
0.1785877370254123,-5.726890160949343,98.48827004820517,93696.195998,93696.221286,0.9950744774684598
0.17224774796193826,-5.88602707725692,98.70993599107294,93696.209332,93696.233413,0.8869153872994935
0.19926211361290114,-6.0109024387130745,98.47396071525198,93696.222665,93696.248273,0.9975647170852219
0.21582110221375428,-6.153241801717938,98.7059637049964,93696.235999,93696.26071,0.9974747532272782
0.25426789613179795,-6.268890667805475,98.63631422420951,93696.249332,93696.279414,0.9627051626238117
0.2936697827410887,-6.387880182414604,98.58789161516074,93696.262665,93696.286725,0.9943863863665129
0.31199928745840705,-6.493856040703326,98.56308524557835,93696.275998,93696.301295,0.996815146001532
0.32018643081500026,-6.613349692497373,98.65803970967231,93696.289332,93696.314702,0.9371076325307632
0.32599502173930933,-6.712840217088662,98.64594780982911,93696.302665,93696.327322,0.923297040970962
0.3415318199728246,-6.784120389568737,98.51624180801423,93696.315998,93696.340573,0.9930983765591695
0.35147988486849346,-6.8745453799366905,98.66966199255349,93696.329332,93696.354247,0.9755248951791253
0.3512189450460154,-6.939931622174638,98.64273648172471,93696.342665,93696.367208,0.9375418268768606
0.35685545098152394,-7.008689795204118,98.7073823774944,93696.355998,93696.381054,0.9966332275755687
0.35217023258600594,-7.048050859015641,98.6338588830438,93696.369332,93696.39376,0.9898594461512397
0.35305601681372506,-7.085330153394635,98.8054580133654,93696.382665,93696.40714,0.8937722664636337
0.35751943627462235,-7.0898670740889616,98.76188689616677,93696.395998,93696.420351,0.9126480832531828
0.38417798076517035,-7.074646690301214,98.70095172144508,93696.409331,93696.435419,0.9773097026107941
0.4063951222365686,-7.054146466169761,98.73519487235012,93696.422665,93696.447783,0.9782810539746517
0.42605667111042483,-7.02589208225647,98.72639534417182,93696.435999,93696.463242,0.9576211098457322
0.43313125658122986,-6.978002860560775,98.73812842699392,93696.449331,93696.476052,0.950400535890933
0.4428417804903828,-6.921491233965027,98.80394183580034,93696.462665,93696.488043,0.9936686616981572
0.4485038178745871,-6.840754045343062,98.76254964573646,93696.475998,93696.500442,0.9300522108425872
0.45735613136099557,-6.762763770435356,98.70870648832056,93696.489331,93696.514041,0.9981188003347354
0.4495020215175158,-6.668512900219939,98.67731720116605,93696.502665,93696.527243,0.9767027243378705
0.4369783394685241,-6.592925435241945,98.69215844549196,93696.515998,93696.540759,0.9296163499054805
0.4331490731181433,-6.515599650656918,98.67183550930851,93696.529331,93696.553683,0.9956655259631441
0.4276447411987845,-6.459348500494698,98.86775563970545,93696.542665,93696.569385,0.8867836038182755
0.4348396698640321,-6.398090695823855,98.67599393873729,93696.555998,93696.580858,0.9412270888423632
0.4178119564995825,-6.351272582320257,98.85703522924139,93696.569332,93696.595989,0.9276704807654181
0.4062153322602429,-6.300151111008752,98.78054199693443,93696.582665,93696.608552,0.9781981001766553
0.4091953628632296,-6.251999208133516,98.73850695581741,93696.595998,93696.621568,0.905020641921104
0.4016311153219351,-6.2110811206005705,98.83000735182111,93696.609331,93696.6331,0.9042132878049943
0.4154945870173634,-6.165749713138202,98.7113546724919,93696.622664,93696.647958,0.9714409928731065
0.41996999905374194,-6.140233757923198,98.80479467199338,93696.635998,93696.661884,0.8869153872994935
0.42271848878227886,-6.103537545983441,98.76690508908877,93696.649331,93696.673391,0.9170901418353706
0.40991652880483115,-6.092646692906369,98.8778140165964,93696.662664,93696.686457,0.9352241561530105
0.42099479961588215,-6.071202661803798,98.7434281175565,93696.675998,93696.700168,0.9209769948165908
0.43173273083641694,-6.06657062781871,98.78129966637975,93696.689331,93696.714142,0.9708747083977514
0.449029941230836,-6.0613550386843125,98.69187480232159,93696.702665,93696.728166,0.9871064209434947
0.4628451080471913,-6.075234779045363,98.69263102801047,93696.715998,93696.739956,0.9923953291752667
0.4618977464325021,-6.099509121290147,98.75100009337834,93696.729331,93696.75478,0.9681085575022992
0.4695692438099981,-6.119630492558131,98.69215844101487,93696.742664,93696.766614,0.9126480832531828
0.4873312663062831,-6.152372965343302,98.74058892260105,93696.755998,93696.78397,0.9671316335914522
0.5141925486534719,-6.174552954401267,98.708895616504,93696.769331,93696.793322,1.0
0.5311215404644339,-6.2127350251945685,98.67268613060256,93696.782664,93696.80686,0.8875987068985022
0.5504151897715983,-6.256333561493437,98.67807326502457,93696.795998,93696.819909,0.9882026246952277
0.5599434805577201,-6.299658833058897,98.67618291748884,93696.809331,93696.83304,0.9400062070327562
0.5616623194345902,-6.3366028041804,98.71967851141645,93696.822664,93696.847757,0.8902209485986863
0.578119023106482,-6.378737330174095,98.77467003965135,93696.835998,93696.862245,0.9945041694598927
0.5846388901913884,-6.4101762372477245,98.79588797474695,93696.849331,93696.876569,0.9816841923667012
0.5989234015270264,-6.4306069279311355,98.66777196021847,93696.862664,93696.892981,0.9809528153983929
0.6182950273051464,-6.4457598441017705,98.58902381716806,93696.875997,93696.902568,0.9673953104459232
0.6052691314248988,-6.489542497114006,98.78982480848741,93696.889331,93696.913986,0.9591432038490846
0.6215553866091784,-6.500654726686582,98.65350487953496,93696.902664,93696.927766,0.9510263969306904
0.6085711175566088,-6.535440774862915,98.83361015444416,93696.915997,93696.943214,0.9948909117748364
0.608977094789114,-6.536909319294342,98.57930707604056,93696.929331,93696.955368,0.999920762861739
0.5981831729310888,-6.549653293821191,98.63565324538003,93696.942664,93696.967349,0.9901633691267492
0.5966904685330058,-6.564673730306886,98.60950137184665,93696.955997,93696.981459,0.903110488793066
0.5830028337981243,-6.577628563668691,98.51699545636976,93696.969331,93696.993974,0.922451107747921
0.558042967067357,-6.601541489576201,98.60289479557764,93696.982664,93697.006552,0.9104891498292451
0.5333043905775706,-6.610445613440593,98.64897053190931,93696.995997,93697.019539,0.9117603161850404
0.5091138527742695,-6.625549856177383,98.56383958847245,93697.009331,93697.033258,0.9883737848947712
0.48058586633581546,-6.638063827134172,98.58119347724734,93697.022664,93697.047083,0.9506281016192306
0.46073691325621824,-6.648616843997281,98.58100500876282,93697.035998,93697.06065,0.99357695839428
0.44251041309694283,-6.661425563186785,98.49184801076706,93697.04933,93697.073391,0.8989657662065075
0.41461544028816905,-6.680651925319599,98.66446470936857,93697.062664,93697.087012,0.9787487981274907
0.3955748003637829,-6.675153135338916,98.41244018053875,93697.075997,93697.100747,0.9850846146626003
0.36578812429494945,-6.692671203685126,98.44874105560048,93697.089331,93697.114465,0.9054341109474704
0.33911949330733704,-6.70515376475226,98.49825142254848,93697.102664,93697.1296,0.9300522108425872
0.3168381746471096,-6.72568114813745,98.49834557396755,93697.115997,93697.14009,0.9057866963767572
0.29870231512467416,-6.734067113405032,98.32537076185832,93697.129331,93697.154936,0.9755004931251421
0.2787114130430321,-6.739911629421948,98.30979531751326,93697.142664,93697.166794,0.9802374068230547
0.2554458621288113,-6.758264954993887,98.41018401330977,93697.155997,93697.180442,0.9918059536376571
0.24868874537966162,-6.760743081949175,98.35644235780241,93697.169331,93697.193543,0.9934326010749567
0.2348116811040615,-6.770704663731669,98.40228828324369,93697.182664,93697.206901,0.9282227210533431
0.2249836195972207,-6.775992073892486,98.40820995743509,93697.195997,93697.219966,0.9538146059903999
0.21305047062969998,-6.782837528931714,98.35165384260482,93697.20933,93697.233527,0.9565766337952467
0.19279058604216642,-6.788995805281388,98.32236790909029,93697.222664,93697.248008,0.9956719746700814
0.17830173460840662,-6.8020180122541785,98.31082728527915,93697.235997,93697.26092,0.9632165067622772
0.16313701267545344,-6.816641019118385,98.29066110247048,93697.24933,93697.274603,0.9438546191587918
0.1592659998148185,-6.816194252479463,98.10813612168903,93697.262663,93697.286923,0.9083739680455051
0.1439135931871989,-6.8416732927443045,98.30623054344122,93697.275997,93697.300446,0.8941798790007689
0.13244172742740593,-6.86341630208611,98.36818181506085,93697.28933,93697.313869,0.8869861573886529
0.12526558674019803,-6.866810302960948,98.18340395058678,93697.302664,93697.326377,0.9599748474158852
0.10973496515803625,-6.8779604172893025,98.14720490249236,93697.315997,93697.340899,0.9936686616981572
0.09342893458309971,-6.890556769266841,98.25166551134977,93697.32933,93697.353632,0.9595230552928671
0.08070328088025061,-6.895652847550701,98.14159503207165,93697.342663,93697.368084,0.9463935480214367
0.07980425484640079,-6.9076884185995375,98.02813295775653,93697.355997,93697.380749,0.9682815435983928
0.06992093960869575,-6.921792315782208,98.05715053655943,93697.36933,93697.393302,0.9694329351893318
0.060962837245020114,-6.937050151101139,98.03456947538683,93697.382663,93697.406878,0.9982144709225834
0.04762303480339951,-6.951283241608984,98.00910826153924,93697.395997,93697.41965,0.9347444794157882
0.037698872761817076,-6.976167953510363,98.06293739740865,93697.40933,93697.433102,0.9598999430327272
0.025115775402067192,-6.975772415359213,98.03214402435702,93697.422663,93697.454742,0.8987090392081153
0.017255815430863672,-6.990990409410466,98.14224948251999,93697.435997,93697.467637,0.8987090392081153
0.018536612096493314,-6.9839800388617315,98.00705703396721,93697.44933,93697.473447,0.915678112966864
0.013585438810633715,-6.984589328709763,97.97965320873003,93697.462663,93697.486617,0.9153778112169728
-0.004727259582868178,-7.008535845259903,98.21045375109955,93697.475996,93697.500174,0.9271986562452377
-0.010310124780500229,-7.008805139569473,98.17797705405373,93697.48933,93697.514924,0.9824079609227794
-0.008483387405017464,-6.999244907193303,98.02925230263199,93697.502663,93697.527158,0.9759006245487507
-0.0033123562805566077,-6.999827690081185,97.98505817351311,93697.515997,93697.540443,0.9479900419390601
-0.00778027673233029,-7.010406675877861,98.06452429119304,93697.52933,93697.554364,0.9479900419390601
-0.0017598217540112397,-7.008096552321202,98.05136431443094,93697.542663,93697.567504,0.9319333393828685
0.0006513936198251601,-7.012111883243255,98.14150153938084,93697.555996,93697.580536,0.9025784213829076
0.0066737189289342936,-7.0136208813838685,98.10299781489753,93697.56933,93697.593103,0.9035311896607603
0.007228628948335388,-7.0093645210138735,98.08020887155425,93697.582663,93697.608419,0.9187065686541787
0.014010304920687342,-7.017565828025271,98.0602305757832,93697.595996,93697.622132,0.9079259810606216
0.01732490040190277,-7.023293692157552,98.08880017097526,93697.60933,93697.634219,0.9125070328763708
0.0167329009159022,-7.01735861696464,97.96455968980717,93697.622663,93697.647597,0.9014980229792344
0.02416762006178614,-7.024922761959065,97.8886037263106,93697.635997,93697.660012,0.9189963533118995
0.030264056410884182,-7.03472953472187,97.9397865848145,93697.64933,93697.673689,0.8439636583198648
0.03577128511936125,-7.045258384409069,98.07778114152921,93697.662663,93697.68738,0.9135260503312136
0.05361318058959775,-7.04184896167177,97.90832605759144,93697.675996,93697.700836,0.9083739680455051
0.06279111229896137,-7.042729774193598,97.88330239809522,93697.689329,93697.715183,0.9126480832531828
0.07497455833495772,-7.033838525033276,97.72749507998005,93697.702663,93697.727473,0.9165648071471372
0.08378691152777946,-7.057844159951265,97.89111503719069,93697.715996,93697.740165,0.9651234662606856
0.09595281045964844,-7.06278697803477,97.84472213551523,93697.72933,93697.753272,0.9612212868698662
0.10426794634598735,-7.07482031561921,97.96744757530911,93697.742663,93697.768354,0.964088512777778
0.12363640879685016,-7.074251054202675,97.92814939247691,93697.755996,93697.781463,0.9902048013599221
0.13008204627236677,-7.079235438591367,98.06723139596133,93697.76933,93697.795001,0.9625085730268628
0.1515675749187008,-7.069617462538118,97.88785966019611,93697.782663,93697.807259,0.890285455738574
0.16043102476046986,-7.075425910135647,98.00463293889084,93697.795996,93697.823642,0.919857894831054
0.18524716322290194,-7.061544459333339,97.83598775291435,93697.809329,93697.836101,0.9715330263606157
0.19602275163015662,-7.057483887033896,97.88646453783765,93697.822663,93697.84826,0.9877462901273304
0.21324012239008397,-7.061272707319045,97.89027794393863,93697.835996,93697.860764,0.9294157176534544
0.21860993468193265,-7.070191259802782,98.04725833331676,93697.849329,93697.87366,0.9840342586274465
0.23476599718449867,-7.067322773539472,98.0603239171078,93697.862663,93697.886325,0.9755348455991034
0.23917443666621152,-7.067299180976832,98.07806129277472,93697.875996,93697.906374,0.9104891498292451
0.2527224436886635,-7.067707483217525,98.020205109864,93697.889329,93697.913571,0.9104496295475787
0.26634920129309037,-7.064800114742831,97.95794610011664,93697.902663,93697.927264,0.8966623572895479
0.27762422420254507,-7.067965657165041,98.00426002346558,93697.915996,93697.942951,0.903719643795899
0.2860684682893427,-7.0628400829423805,97.97145368561245,93697.929329,93697.954943,0.9065192717596112
0.29077620219584566,-7.058814124841521,97.96334867907579,93697.942663,93697.966792,0.9226095080788805
0.2936079534927363,-7.0601185926371155,97.98095780617781,93697.955996,93697.981778,0.9132701062960163
0.29166285081452537,-7.061368895004518,98.01945896678966,93697.96933,93697.995927,0.9226095080788805
0.301648374374073,-7.049901053250298,97.93047664666415,93697.982662,93698.007507,0.9226095080788805
0.3217205448752697,-7.042980712948437,97.82186727459697,93697.995996,93698.022607,0.9781856577358926
0.3205064271676874,-7.041523075118323,97.9052555507479,93698.009329,93698.035488,0.9711879984550039
0.32178900397484905,-7.0493864962401895,97.97052200482672,93698.022662,93698.046878,0.893383863393635
0.32553613114747093,-7.053848403807358,97.96157878690899,93698.035996,93698.059871,0.9995810341563571
0.3260988898639698,-7.050886755991711,97.91018705647542,93698.049329,93698.073548,0.9995810341563571
0.33176217510014805,-7.063645937104143,97.94006592303003,93698.062662,93698.086412,0.944234747960551
0.3363111123018177,-7.054831839145461,97.80032288632795,93698.075996,93698.100975,0.9206932000379472
0.3387851362616783,-7.064112488275377,97.84918288296525,93698.089329,93698.114608,0.9167232618072765
0.34706208007471184,-7.074928201378093,97.74882191087806,93698.102663,93698.127299,0.8797529540365733
0.34580568001829143,-7.099159370304891,97.97704412646908,93698.115995,93698.140466,0.9262536113966872
0.35132298779985655,-7.121152216481906,97.9535685819444,93698.129329,93698.152856,0.9714919254047139
0.3475285202291614,-7.13216381546915,98.00668408686036,93698.142662,93698.168995,0.9377487099517826
0.3472837794889618,-7.15448302929451,98.0100406704356,93698.155996,93698.181384,0.8637037271991055
0.3539045105162016,-7.152141561485264,97.89902208397714,93698.169329,93698.193641,0.8964590342100178
0.3586585295336657,-7.182406767743738,97.98776089516863,93698.182662,93698.206814,0.9298620487595923
0.3554832100124985,-7.189862006663208,97.98086458088002,93698.195995,93698.219819,0.9899155972592065
0.35651814267811927,-7.199493631962373,98.03027836081392,93698.209329,93698.233613,0.9885840482529329
0.3657125955980427,-7.194329141447074,97.91660806211202,93698.222662,93698.253037,0.9155201210063332
0.3681122009163372,-7.19208303775837,97.91456071991118,93698.235996,93698.260435,0.9155201210063332
0.37636723738622446,-7.192114617383404,97.82400359669158,93698.249329,93698.275108,0.9540468051538259
0.38383769504739035,-7.189804972021586,97.75494347363733,93698.262662,93698.28682,0.9531107238095453
0.37700252092774794,-7.211258024116089,97.98356702244452,93698.275995,93698.301664,0.9493576709174398
0.3778958857137088,-7.21869298064137,97.93987968528414,93698.289329,93698.315577,0.9551631521182433
0.3789634167732038,-7.227777599097128,97.9727580102979,93698.302662,93698.326927,0.9899364817287694
0.3882628500274503,-7.236409553272528,97.97266485028167,93698.315995,93698.342211,0.9460877165953752
0.40453507599755023,-7.232662050579147,97.82000963767402,93698.329329,93698.357426,0.9338394657126433
0.420623824055946,-7.2421609492488415,97.80542946656065,93698.342662,93698.366888,0.8860743283046897
0.42429806195057873,-7.250917543179439,97.802922455631,93698.355995,93698.381738,0.8819517607889542
0.437815893183671,-7.253344748035416,97.74446304528959,93698.369329,93698.394254,0.9348524447520266
0.4485280979653744,-7.257182840547057,97.67588554684326,93698.382662,93698.408723,0.9345775912066061
0.45665301855016177,-7.272504991083412,97.85949992085334,93698.395995,93698.420373,0.9571111906551898
0.46457764760902964,-7.278857844944794,97.83598772826076,93698.409328,93698.434169,0.9623143798848957
0.48530317494328223,-7.275990799810264,97.87242249167164,93698.422662,93698.447171,0.9298620487595923
0.5051602269581082,-7.275290111790709,97.71998653682752,93698.435995,93698.460522,0.9117603161850404
0.5203606658964259,-7.278650303362781,97.73537563485365,93698.449328,93698.47359,0.9266404433573964
0.5462077857969481,-7.2754121901072475,97.70589953422932,93698.462662,93698.487843,0.9125217893571925
0.5749314498489434,-7.264364114496236,97.53671013659795,93698.475995,93698.500434,0.9807562461712634
0.5969723433577789,-7.273930627997517,97.58974417025966,93698.489328,93698.514102,0.9898956901162531
0.6139288935779088,-7.283833841163124,97.73073983788198,93698.502662,93698.526947,0.9279757865478832
0.6513330560479668,-7.291803523947719,97.578189969355,93698.515995,93698.540607,0.9080601126917079
0.6851956394925649,-7.290107989256259,97.41975888796057,93698.529328,93698.553578,0.9573128598409311
0.7209097170694969,-7.305942466160726,97.43321060085724,93698.542661,93698.56739,0.9725715506580762
0.7547272067948051,-7.335965311491158,97.6052772668728,93698.555995,93698.581583,0.9042132878049943
0.8017099811265938,-7.337247357907726,97.37822945534155,93698.569328,93698.593569,0.9342504061815343
0.8518963728560232,-7.3594553612889655,97.33002240268647,93698.582662,93698.6088,0.9903765160366484
0.9114778451538246,-7.375394065579637,97.24770253070547,93698.595995,93698.62162,0.9921909581268825
0.9608099843385525,-7.413346406281089,97.35605157802614,93698.609328,93698.633124,0.9496363709253985
1.0381627733722802,-7.418306463769879,97.33370063136195,93698.622661,93698.647456,0.9287946421420481
1.1096171748338797,-7.429944126199611,97.23053936714211,93698.635995,93698.661165,0.9673953104459232
1.196395164513021,-7.44571078413413,97.23980854989365,93698.649328,93698.673762,0.9209105225085835
1.2807106363407301,-7.450967924145758,97.13455665022528,93698.662661,93698.686926,0.9218372548653972
1.374356362294023,-7.451611481913479,97.05137838022861,93698.675995,93698.703027,0.9157705191133944
1.4707741769742717,-7.448483915914091,96.930571159979,93698.689328,93698.714029,0.9897151301181668
1.5817330462999866,-7.444942255339894,96.78077983343476,93698.702661,93698.729401,0.983771981469021
1.689645652043352,-7.448727054039446,96.88508392304391,93698.715995,93698.742914,0.9987292002129606
1.809943743065644,-7.448257455768965,96.90221636418316,93698.729328,93698.755304,0.9708114614005866
1.945547223719493,-7.429148695083243,96.83936645096148,93698.742661,93698.76654,0.9612249101191147
2.0872884500240945,-7.405713282424245,96.77787064735412,93698.755994,93698.780581,0.9816351682276409
2.242630945796803,-7.389078304851924,96.72008493346436,93698.769328,93698.793526,0.9286569255525939
2.3980360525127264,-7.366310363379555,96.62420056106386,93698.782661,93698.806748,0.9206928270232034
2.572123008916318,-7.340788686488583,96.51575470124061,93698.795994,93698.821198,0.9850846146626003
2.751625982471777,-7.314006526029003,96.53917922980388,93698.809328,93698.833571,0.9921912863021427
2.9443677195398483,-7.274226851681027,96.30175300878714,93698.822661,93698.846799,0.9292930708275875
3.150138036489553,-7.249410017628644,96.42587045241298,93698.835995,93698.86108,0.8997238651867806
3.3576819706193994,-7.220492995675462,96.31921998175469,93698.849328,93698.873242,0.8826727394586977
3.592258574067658,-7.1923274889049695,96.29221140517646,93698.862661,93698.886986,0.9352241561530105
3.8336720775289534,-7.174003249899962,96.37932202979383,93698.875994,93698.900445,0.9934677894635181
4.089982518832091,-7.133371930138389,96.09479152341542,93698.889328,93698.914256,0.9369048693555029
4.354687654110337,-7.09266229198079,95.88622108750816,93698.902662,93698.926201,0.9404732051620946
4.637722976832499,-7.084435606796595,95.95784909475053,93698.915994,93698.940497,0.9927587889007786
4.932377501042389,-7.033771413475266,95.70361708166067,93698.929328,93698.953302,0.8404237711156999
5.258888955581076,-7.007598999662316,95.8453644488933,93698.942661,93698.966845,0.9165371103272413
5.588695511265338,-6.9745350081703865,95.80765984105882,93698.955994,93698.981285,0.9806485730002701
5.9362080388346135,-6.917629238886714,95.54988138090943,93698.969328,93698.996236,0.9586588610048937
6.290177434112327,-6.873720265678813,95.41351230976422,93698.982661,93699.008373,0.9336204214224654
6.674609139890767,-6.821120245926359,95.35972584728232,93698.995994,93699.021454,0.999920762861739
7.060643949386532,-6.7621204178087115,95.12208771431317,93699.009327,93699.034362,0.9824676406922569
7.479370561443458,-6.693825721494764,95.07862866461554,93699.022661,93699.047597,0.9212419400694654
7.898451597023902,-6.621144781351219,94.93730578885172,93699.035995,93699.060568,0.9682494811684913
8.347033889750923,-6.544917623997979,94.95743087170835,93699.049327,93699.072941,0.9848924051877124
8.779618724710062,-6.433284100733925,94.63990881015826,93699.062661,93699.0866,0.925842351743647
9.237703861018463,-6.335574568219758,94.66747486852931,93699.075994,93699.099873,0.938565226787946
9.70044757799459,-6.233360879423819,94.57509522598676,93699.089327,93699.116108,0.9317537647119726
10.173004562154517,-6.1258792385355765,94.49797138767131,93699.102661,93699.127428,0.9397835052484106
10.635820049574889,-6.015744242456585,94.46634042822784,93699.115994,93699.141802,0.9757645835157707
11.075758752344168,-5.879094655515342,94.2514038794744,93699.129327,93699.153452,0.9381754623688743
11.520606486587742,-5.748268865991112,94.11140713933514,93699.142661,93699.173624,0.9759247138541705
11.954778391496985,-5.614717397035431,93.89201062777188,93699.155994,93699.180332,0.9766895456804358
12.416728634266041,-5.494614983009348,93.943980391877,93699.169327,93699.193274,0.9794389831570768
12.87032908292401,-5.354476608046368,93.72177420539403,93699.18266,93699.207831,0.9897257912227371
13.360250414217568,-5.2178586616218245,93.80164066715811,93699.195994,93699.221771,0.9804626662614124
13.849957190561378,-5.066738186794836,93.74479812581775,93699.209327,93699.233563,0.9668231466425907
14.323824560395995,-4.915806082285323,93.5978829399972,93699.222661,93699.252877,0.9942691025144554
14.809541524134069,-4.75967911493782,93.44252111073106,93699.235994,93699.261372,0.9643516490194556
15.301466067782943,-4.618739997345166,93.35014710900187,93699.249327,93699.274065,0.9806485730002701
15.792493765402266,-4.478138681014131,93.2194789510884,93699.26266,93699.287326,0.9352484854974222
16.27475802317657,-4.341610087034556,93.03856203895944,93699.275994,93699.300808,1.0
16.79833335950686,-4.2204682719459505,93.16855932819583,93699.289327,93699.314145,0.9800227654575158
17.249159637425063,-4.086932203116945,92.91680216981536,93699.302661,93699.326498,0.9568076859723718
17.74253043560338,-3.953837147873692,92.88597602196432,93699.315994,93699.340235,0.9765391458644218
18.219457142846302,-3.8202042643147585,92.78107449675123,93699.329327,93699.35317,0.9874709215249867
18.7180207839935,-3.687184967111377,92.74432658797235,93699.34266,93699.366517,0.9852343317798964
19.19273260105219,-3.5491833986978047,92.64499309581846,93699.355994,93699.379771,0.9824571678632614
19.679600305688396,-3.406393037831508,92.56457176255402,93699.369327,93699.393338,0.9677486691366537
20.184399274983818,-3.2596371657988352,92.58421319543766,93699.38266,93699.406348,0.9392534104514422
20.650790518483397,-3.1084268750476554,92.36946284433016,93699.395993,93699.421243,0.9311103941054402
21.175357436096437,-2.9602166263882714,92.4229940873449,93699.409327,93699.435999,1.0
21.680060027603577,-2.8068399192126456,92.3614300889741,93699.42266,93699.446772,0.9866470453300509
22.16946362845873,-2.665387428983158,92.23894567567113,93699.435994,93699.462597,0.9607486735481305
22.67750579622554,-2.501118538910229,92.17483674818091,93699.449327,93699.474305,0.9911309214639118
23.179353869548617,-2.32964011682977,92.09244042244924,93699.46266,93699.486944,0.9807262829443479
23.655295140799566,-2.166205519037491,91.90438992991128,93699.475993,93699.500021,0.9263815524308686
24.206110523101337,-2.005109766742774,92.08314151400803,93699.489327,93699.514281,0.9531782607406059
24.688641446197582,-1.841908693313147,91.97133980126938,93699.50266,93699.527163,0.9316678569079411
25.174273177193374,-1.6803511835449003,91.88766655872041,93699.515993,93699.540439,0.9882407542965485
25.649584269305205,-1.5344575183210492,91.76211580334201,93699.529327,93699.560114,0.8859354987252716
26.18442414425788,-1.3875523589459404,91.89250102434853,93699.54266,93699.574312,0.9992125824134488
26.6221547877029,-1.2288732643549622,91.62957453922505,93699.555994,93699.581265,0.9137201587579464
27.163656593589764,-1.0605384566625486,91.8022676314148,93699.569327,93699.594119,0.9946740358096207
27.63200346349671,-0.8937192713509773,91.664142311782,93699.58266,93699.607174,0.8966652818818105
28.17170930924356,-0.7183667258198794,91.82591538005296,93699.595993,93699.622447,0.9599221349470002
28.623379470237534,-0.5598517961808083,91.68869812771982,93699.609326,93699.634801,0.9771033342353749
29.08748527004057,-0.38161638428526606,91.64840365699023,93699.62266,93699.647591,0.9080395035445332
29.557759154830528,-0.21834496344691595,91.66120626451499,93699.635993,93699.660914,0.8015343203361925
29.981992576335642,-0.036340021427775065,91.49237850859635,93699.649327,93699.674737,0.9125032815698524
30.474984460060583,0.133147274299975,91.61816842013144,93699.66266,93699.687522,0.9166377271218592
30.92014711861008,0.31503017010185114,91.59650078739341,93699.675993,93699.699919,0.9714629458433505
31.387127768523193,0.4779172491172024,91.6877204334855,93699.689327,93699.715024,0.9807602573586373
31.790397696151008,0.6291010106662198,91.63666404223149,93699.70266,93699.727141,0.8650739549306306
32.20021885741005,0.7880055753465771,91.63601435647824,93699.715993,93699.739921,0.9469945123339613
32.640741804819854,0.945915077658594,91.77167970064447,93699.729326,93699.752866,0.9255479375104891
32.98181881478028,1.0941282450174648,91.62379090145582,93699.74266,93699.766491,0.9729276542585715
33.33875852533459,1.2408904287433806,91.58127249369302,93699.755993,93699.781796,0.8681551184937035
33.75066961121492,1.3934009307974238,91.69106023005538,93699.769327,93699.794022,0.9628578061557994
34.1307871131043,1.5467504127255556,91.7775649342568,93699.78266,93699.808017,0.8744432911984142
34.41362414637638,1.6833123048742167,91.60969157100224,93699.795993,93699.821878,0.932693412711565
34.74559758274416,1.8356599572112786,91.59894171503069,93699.809326,93699.834474,0.8982446686110455
35.042062699808874,1.9877121748561217,91.54700895540091,93699.82266,93699.848318,0.9706979988351107
35.360231692689354,2.143182887927921,91.57598280144278,93699.835993,93699.859529,0.9287780022462333
35.67864176547599,2.2967675579689986,91.62256181782632,93699.849326,93699.873575,0.848363801874815
35.96049532431799,2.4657185415766474,91.64065787307462,93699.862659,93699.886331,0.9248465680438301
36.22335906110658,2.6292625955130022,91.64098206701485,93699.875993,93699.900389,0.8884294882766495
36.492515551174805,2.805841627311124,91.69905527506687,93699.889326,93699.915045,0.8825474282076664
36.6972722026245,2.979558224931518,91.65533279493837,93699.90266,93699.933587,0.9017270720970578
36.91858915908572,3.1653370415009414,91.6562260760641,93699.915993,93699.941361,0.8735969035696404
37.10132362927448,3.3558762560473174,91.57556934015084,93699.929326,93699.954362,0.9068052908013233
37.34778558682845,3.5640025938271553,91.69285416940386,93699.942659,93699.967858,0.9173016448680099
37.51915382866287,3.765001538823886,91.65981596474795,93699.955993,93699.981103,0.8595696878689577
37.73320928497355,3.985287038355596,91.75743173161304,93699.969326,93699.993691,0.8652545761252101
37.824512441755886,4.17731661732419,91.57719998540404,93699.982659,93700.007076,0.894617380332787
38.01968917656406,4.389916475462088,91.69945958408267,93699.995993,93700.021399,0.8693607496458043
38.07145513059793,4.5789715441976,91.48489688092154,93700.009326,93700.033288,0.883458387543019
38.17816755050362,4.798119552756934,91.45517527498865,93700.022659,93700.048034,0.8535996453000355
38.30910289534579,5.017050872364175,91.50528918668668,93700.035993,93700.060302,0.8483394771399837
38.380409469396824,5.222337912672421,91.42902900989608,93700.049326,93700.075351,0.8707719876572811
38.50798388917402,5.435195233409492,91.52089562673693,93700.062659,93700.087812,0.8792238029433302
38.48837067871397,5.627505077535824,91.26420885868653,93700.075992,93700.101071,0.9001128583652717
38.556630576234625,5.832566410000441,91.27067868338993,93700.089326,93700.114904,0.9023941079740216
38.61691460728392,6.03825473602845,91.23309200022767,93700.10266,93700.126476,0.9035000155153481
38.632248323059905,6.235736375784102,91.11093367915981,93700.115992,93700.139909,0.8417864023331317
38.70517916311892,6.43587520896543,91.14108056197077,93700.129326,93700.153027,0.8734660099819112
38.69244790881858,6.623024879216168,91.0059796813399,93700.142659,93700.166512,0.8453982928159571
38.7878064595716,6.8228424537995105,91.12721671436648,93700.155992,93700.181042,0.8914552772165504
38.786501267552445,7.009318409879371,91.05360134235279,93700.169326,93700.19418,0.841906343866911
38.684209918614094,7.169475825116846,90.74057955442008,93700.182659,93700.208595,0.8429436662812643
38.67190831858768,7.361379596487602,90.67014037666966,93700.195992,93700.221538,0.8593452311292294
38.704098165313304,7.564315255078628,90.77406313808103,93700.209326,93700.234959,0.8829797978570183
38.587389922494296,7.740287346707472,90.49674896500994,93700.222659,93700.248249,0.8164160315429771
38.62520332022817,7.9539709384831045,90.66678371131007,93700.235993,93700.260199,0.8538906889756607
38.50238634772296,8.137753948583189,90.47545781006768,93700.249325,93700.273231,0.8455573908065086
38.42686774646479,8.3329802498727,90.43891363515043,93700.262659,93700.288094,0.8300368772309551
38.280344642424524,8.529645221564168,90.24878176773717,93700.275992,93700.30001,0.8537848887179745
38.2091094697246,8.748307890687613,90.28658936586291,93700.289326,93700.315007,0.84664673484248
37.996755100878865,8.94620166241312,89.96897005216506,93700.302659,93700.326607,0.8561729054855274
37.87825480665177,9.172140313420357,89.93292513441409,93700.315992,93700.34163,0.8595110457463037
37.73310338103313,9.40508166263261,89.85143888559686,93700.329325,93700.353644,0.8453942258949287
37.52185937372393,9.614827856157357,89.61930112689821,93700.342659,93700.370156,0.9272041274072339
37.306590244487275,9.82662082416194,89.3947053809821,93700.355992,93700.38119,0.9245919560176529
37.093900531206764,10.039863134584856,89.18066611847584,93700.369326,93700.393515,0.9035377528218002
36.91054837009054,10.263396261150966,89.06448653860404,93700.382659,93700.406497,0.8463381398488018
36.75081808016855,10.494099643517625,89.0093777666987,93700.395992,93700.419761,0.8354348162581294
36.527557821753156,10.70303652294295,88.78899363850836,93700.409325,93700.434093,0.8748776113718753
36.2684593748718,10.883663034089388,88.44057562788336,93700.422659,93700.448085,0.8749934265578473
36.134249989581086,11.091386312622934,88.43595062532351,93700.435992,93700.46247,0.8638256204270697
35.903954042699326,11.25573979609706,88.18213630468438,93700.449325,93700.473866,0.9362626198941992
35.62063023904695,11.37937527169953,87.78397574407781,93700.462658,93700.487047,0.9200044031580428
35.48059839710057,11.549035465364097,87.78143713610527,93700.475992,93700.500316,0.8548232895217046
35.195464388921515,11.660662589850626,87.41889636492844,93700.489325,93700.514502,0.9035842885240594
34.92734275071913,11.761937332984822,87.08488959517808,93700.502659,93700.526636,0.8352784794250498
34.66096987811406,11.84780929650993,86.76534960299858,93700.515992,93700.54722,0.9195009944255372
34.4493566207759,11.951903923318891,86.59716259359078,93700.529325,93700.553588,0.9091720099685451
34.157296537916814,12.011758227644641,86.20968387014483,93700.542658,93700.567047,0.9186790445453884
33.9220342580761,12.082363846751688,85.94430539361845,93700.555992,93700.580911,0.9270502458558898
33.64818328646032,12.125460841043271,85.57265898216144,93700.569325,93700.593325,0.9152774834944527
33.36525135885061,12.152488647714355,85.16541457343236,93700.582658,93700.608227,0.8890935142273447
33.13103058361655,12.189998536128375,84.87052790301532,93700.595992,93700.621899,0.8588459772792771
32.86876904942421,12.20954751464217,84.51371298019188,93700.609325,93700.633947,0.8502503189096564
32.6263787782838,12.22065951657762,84.18271472875774,93700.622658,93700.647863,0.9224873851330415
32.2918749460734,12.195856478074596,83.59159806962451,93700.635992,93700.661545,0.8321802725807909
32.12759031392287,12.241743269344004,83.48734035576176,93700.649325,93700.673637,0.9170738435502942
31.796955676554717,12.206203246415905,82.87010743974422,93700.662658,93700.694359,0.9030368736491803
31.551271090344425,12.212286262326662,82.52696778218136,93700.675991,93700.700637,0.877033463218894
31.327636791356962,12.228013466257915,82.21013589139467,93700.689325,93700.714187,0.9120314649817427
31.04832457044117,12.209838833757034,81.72979676518503,93700.702658,93700.73364,0.8762766654915961
30.762397402870516,12.190698410094727,81.21954943287858,93700.715992,93700.741304,0.954126294560575
30.542847284840338,12.182579864466334,80.90585677310028,93700.729325,93700.754615,0.8683663589896267
30.277506380244084,12.145066176821272,80.46145428163051,93700.742658,93700.767384,0.9189335653444487
30.03152223374745,12.114003699349183,80.05088144345154,93700.755991,93700.780918,0.954126294560575
29.822465731540227,12.093356573824405,79.70745223125319,93700.769325,93700.793174,0.835098637918287
29.55518654790123,12.053275332760785,79.22267664679777,93700.782658,93700.806983,0.9383063597934113
29.330113590277534,12.043640910792119,78.83999754759472,93700.795991,93700.821425,0.9133556669172962
29.13084547539452,12.046204375654249,78.54426692727648,93700.809325,93700.833494,0.9183443424462381
28.889454627934985,12.033224018234947,78.12867637746096,93700.822658,93700.847369,0.8831592117007219
28.71707681243239,12.055089910655353,77.89133369761298,93700.835992,93700.860592,0.9120314649817427
28.47648440279664,12.033557918784103,77.40244546825957,93700.849325,93700.880424,0.8854271018078745
28.328764136312177,12.04711472800917,77.20401090306078,93700.862658,93700.893218,0.8674015195223167
28.147780322728206,12.05602442149836,76.86146427144114,93700.875991,93700.902344,0.8939714431630748
27.998613569105935,12.073868955135772,76.60291489394606,93700.889325,93700.915236,0.9040834098048153
27.845470940448898,12.08568498923968,76.31979627359108,93700.902658,93700.92639,0.9687646840470879
27.719563045495224,12.107774800646256,76.06487149873608,93700.915991,93700.940206,0.9026817543410652
27.587327649856586,12.129491610850389,75.77249910720936,93700.929324,93700.953387,0.8791121856370818
27.474206962816773,12.168001029389208,75.54208690952173,93700.942658,93700.966561,0.8786048244880318
27.37900277549989,12.202599676615852,75.34876121529157,93700.955991,93700.981576,0.9539222550740605
27.29159744678874,12.235547803317484,75.13494381687383,93700.969325,93700.993962,0.914951437476781
27.162079140017802,12.245167919286288,74.80944435538784,93700.982658,93701.008974,0.8805306396437016
27.09788073444502,12.286935734117918,74.67295962468111,93700.995991,93701.021712,0.9065478191959532
26.99650049856611,12.316642692945951,74.4291702901725,93701.009324,93701.034745,0.8875544899884825
26.918265544937157,12.35285984143698,74.25947790155664,93701.022658,93701.047944,0.9316485073020891
26.83255115461954,12.384034885648212,74.06525517862111,93701.035991,93701.060058,0.8989090357696866
26.7609253399628,12.42241627341523,73.90134739098069,93701.049324,93701.073576,0.9060602597396187
26.704364374508177,12.465436540581402,73.76567372599459,93701.062658,93701.095467,0.894499845208943
26.609716874029473,12.485391685224446,73.47637088085573,93701.075991,93701.100087,0.9666820058716966
26.57860458419007,12.542155525732893,73.36382058501593,93701.089324,93701.114912,0.9100883148253517
26.559158566832945,12.608319770027549,73.28605701905985,93701.102658,93701.127045,0.9100883148253517
26.510032196793432,12.650064601713627,73.10269848590042,93701.115991,93701.142109,0.96944507722479
26.46822996300728,12.693166230201134,72.93325469263739,93701.129324,93701.154454,0.8673498130850155
26.45471797459143,12.744809904691426,72.82793095473397,93701.142657,93701.167584,0.9181114177533614
26.41456025932686,12.766357869958082,72.6305093884366,93701.155991,93701.181159,0.8991909438135379
26.40847067871115,12.804353334117534,72.53034099655393,93701.169324,93701.193275,0.8674718503191915
26.409383244026714,12.8281053580105,72.42209574791907,93701.182657,93701.206433,0.9393905002163064
26.426147136442978,12.852021459046336,72.33935766280449,93701.195991,93701.221378,0.8877960886569395
26.433868249140474,12.853098984046607,72.2212508278287,93701.209324,93701.233243,0.9131507564616573
26.43958109281991,12.846437821675913,72.07421784996963,93701.222657,93701.24862,0.8773239890326014
26.440799800591552,12.830884096245182,71.90785596677588,93701.235991,93701.25993,0.9092323019183138
26.471572955018985,12.834688271062076,71.81952737593548,93701.249324,93701.280228,0.9238741945987984
26.513532738415492,12.838632025022537,71.76004777669486,93701.262657,93701.287435,0.9476782662208699
26.542662323335307,12.82129542097484,71.64302349181615,93701.275991,93701.301353,0.9331417726531792
26.590974626065034,12.808643915054931,71.54406478226679,93701.289324,93701.315369,0.8931571868577333
26.627876231296256,12.788699719642684,71.40581495010791,93701.302658,93701.331565,0.8926142142966738
26.70211797917577,12.776898373510653,71.35358915516676,93701.31599,93701.340392,0.9007879906135956
26.785566215298278,12.765408928337916,71.28264249313787,93701.329308,93701.353068,0.9175840364252058
26.908967732578837,12.764898119192495,71.30928591783845,93701.342641,93701.366356,0.956277607427459
26.983000541546883,12.73168896714882,71.14652648472129,93701.355975,93701.381158,0.9234412881525241
27.112292567091178,12.712068177591714,71.1121975236456,93701.369308,93701.393796,0.885127925482317
27.248775898766333,12.69862897786223,71.09276882772882,93701.382642,93701.408187,0.8693253067429004
27.386435760510775,12.672068265905622,71.01117887060084,93701.395975,93701.4224,0.888587006757924
27.51418928002162,12.636490174179627,70.88531545234832,93701.409308,93701.43441,0.8825430665983756
27.66704512008219,12.583203341445607,70.78357315736889,93701.422641,93701.448674,0.9415983592561179
27.845143324605843,12.519846188576725,70.71885323615285,93701.435975,93701.459946,0.8564897111689981
28.033238608392512,12.452199930770785,70.6470319659855,93701.449308,93701.473277,0.8516712851508005
28.243517783975257,12.414812202218206,70.65105320774188,93701.462641,93701.488477,0.8916415097192966
28.406930834349307,12.362273339759001,70.5259776466777,93701.475975,93701.500179,0.851208016940986
28.581703024805762,12.33740679247106,70.43065830591085,93701.489308,93701.514222,0.8816731120367084
28.82021942512214,12.352002771223972,70.50783057843131,93701.502642,93701.526726,0.8094756725448329
28.968156524603724,12.332301843279174,70.33328909031822,93701.515975,93701.541528,0.9280168553298467
29.195004131500703,12.348154775826503,70.35408701134833,93701.529308,93701.56029,0.8781169216744256
29.39208548027915,12.352432759144545,70.30636227821043,93701.542641,93701.568039,0.8540799208685662
29.5830253498171,12.353303009328128,70.22689907167496,93701.555975,93701.582014,0.852149785373022
29.75831741244733,12.352962154279307,70.12183503231425,93701.569308,93701.59341,0.8653802554425938
29.93058183299271,12.358670095534238,70.04702932681428,93701.582641,93701.607197,0.8799488267843446
30.143843109551668,12.386362052973453,70.0671349050616,93701.595974,93701.62177,0.8391448608178577
30.287474348404714,12.393469193057923,69.95152532556358,93701.609308,93701.633222,0.8987518535142897
30.459114636503262,12.424513468904832,69.93376469601075,93701.622641,93701.648359,0.8481957025686402
30.59183267464732,12.445847080687766,69.83970841784596,93701.635974,93701.659779,0.8536097181477977
30.731798764678317,12.481599705506449,69.77981463782783,93701.649308,93701.674117,0.8846809533378156
30.847092700684755,12.519390608835117,69.6912122473035,93701.662641,93701.6868,0.8666399303682862
31.00849745162233,12.594333984849367,69.71054584676719,93701.675974,93701.704076,0.7981376608315222
31.10025827076746,12.651460315291288,69.5765640843735,93701.689308,93701.714408,0.811134935656659
31.20412008402315,12.726129498622297,69.48444551094391,93701.702641,93701.726684,0.8783099191158393
31.330805452160472,12.80763959884831,69.46930033541182,93701.715974,93701.739975,0.8530842067794663
31.44660965743061,12.882605417414515,69.44275332247304,93701.729307,93701.753035,0.8526304605043034
31.49847194684836,12.924543201585239,69.29101135464289,93701.742641,93701.768344,0.870129888270595
31.594964829359014,12.981648180572638,69.25295574377763,93701.755974,93701.782562,0.8730471906160587
31.67496031888689,13.023763767559124,69.19895270858393,93701.769308,93701.794252,0.8357441205203148
31.751267044503493,13.060682283822779,69.16020975200627,93701.782641,93701.807542,0.8455177326460777
31.823684942741718,13.092534338096815,69.11723258853701,93701.795974,93701.820426,0.835383022351298
31.85274006197334,13.099177206809506,68.98210007965575,93701.809307,93701.833731,0.8003123918308865
31.93281591114007,13.1338767347368,68.98880044091415,93701.822641,93701.847879,0.8545106787331238
31.98620411008287,13.154446309944516,68.93880347355316,93701.835974,93701.860041,0.8909894680650604
32.02619858081853,13.17167880455702,68.85863287373073,93701.849307,93701.873782,0.8547703623619187
32.083491389889964,13.19313251533991,68.83806210580327,93701.862641,93701.888015,0.8193754239001587
32.14449514999931,13.213038230150945,68.81856838769802,93701.875974,93701.900374,0.8304794953862104
32.200302134006286,13.243083752440672,68.79719664374755,93701.889307,93701.914672,0.802626082897035
32.23614080511355,13.25748325480059,68.72661095555324,93701.902641,93701.926644,0.8712266744558668
32.31946547312363,13.300881867043703,68.79048542328552,93701.915974,93701.941147,0.8005709931317356
32.367884330792066,13.328384419607204,68.77226217592641,93701.929307,93701.955187,0.8078192906792651
32.43443807286778,13.36935516431352,68.79801842419828,93701.94264,93701.967633,0.8636603717249116
32.48017403844815,13.411349418950854,68.79930719322586,93701.955974,93701.98078,0.7965437963440634
32.46277763028979,13.420903246282117,68.65644679895561,93701.969307,93701.993288,0.8525949532966457
32.52530288835417,13.472387359968026,68.72747600607069,93701.98264,93702.006977,0.8476860679454092
32.5568356199937,13.500473061916427,68.72445666330405,93701.995974,93702.020692,0.8637549535218684
32.591313740404594,13.530583607209717,68.73114022604712,93702.009307,93702.033835,0.8593095427966845
32.647676068261106,13.570841511059363,68.80004255614436,93702.02264,93702.047469,0.805239303160969
32.66323937747249,13.592897674114074,68.78520344482662,93702.035974,93702.060767,0.8204360670092838
32.679864513358524,13.613062150095844,68.78300169130229,93702.049307,93702.074056,0.8916773883292866
32.722389062695456,13.651337798678346,68.84036101203245,93702.06264,93702.086914,0.889815209866677
32.69681147704327,13.670558176918579,68.76822147538952,93702.075974,93702.100965,0.865970829212735
32.7455015154023,13.720780325345041,68.88335665851329,93702.089307,93702.120276,0.8908451158947589
32.75698887518339,13.758745982281562,68.91329767900079,93702.102641,93702.126953,0.8754336874228358
32.748259283763666,13.79210754579345,68.91118396902003,93702.115974,93702.14138,0.8713464593838841
32.729612084024524,13.819431861886159,68.88270990156539,93702.129307,93702.15303,0.8804678981435571
32.721089177697024,13.856428151382902,68.89625548340626,93702.14264,93702.167188,0.873261068927847
32.747281786144725,13.911409291974723,68.98621893242652,93702.155974,93702.180517,0.854595323648633
32.74099461194901,13.959956007238711,69.00492626855477,93702.169307,93702.194026,0.8217306163442654
32.74453200599233,14.01420812693367,69.04974988164399,93702.18264,93702.209706,0.8189173311319671
32.71674132739022,14.061538695483902,69.03484558085343,93702.195973,93702.223082,0.8377845303992043
32.69930681046336,14.101943745126945,69.04474866616884,93702.209307,93702.234023,0.8735112474447176
32.66702283643137,14.139443324206194,69.01472870463152,93702.22264,93702.247276,0.8449738205814534
32.6805773347813,14.19352441949307,69.10175864786291,93702.235974,93702.260325,0.8304589762145381
32.686046507772275,14.244888393261796,69.15314062434912,93702.249307,93702.274453,0.8413148573602544
32.637659791338926,14.262195195079089,69.09721954783627,93702.26264,93702.287257,0.8502321917252645
32.644175436672434,14.308139978295861,69.16879687251307,93702.275973,93702.300397,0.8801660066686637
32.634242856585715,14.341239169171487,69.17534185083146,93702.289307,93702.31429,0.8217184525972591
32.60038728554969,14.357283076306986,69.13032160629808,93702.30264,93702.328904,0.8812656575872544
32.613689141868825,14.39377353185888,69.19829645726527,93702.315973,93702.340745,0.829525750300344
32.580852287628005,14.403201037394767,69.16104088734085,93702.329307,93702.355797,0.8616882441396385
32.599173262969316,14.441795928777987,69.24644277442825,93702.34264,93702.368025,0.8299594608778045
32.55005145060868,14.429527873882874,69.17594734917861,93702.355973,93702.38047,0.8105032709628573
32.55058050906233,14.444326977000639,69.22406010494437,93702.369307,93702.394387,0.8461421701390524
32.546442662271126,14.440670391573065,69.2544897891011,93702.38264,93702.407269,0.8645691019758587
32.526218719818665,14.422530976637429,69.25505053634774,93702.395973,93702.420334,0.8557964672864724
32.533932500824385,14.416450345401985,69.3335399593704,93702.409306,93702.434519,0.8608591876930693
32.47726083790989,14.377252568860902,69.25565358789544,93702.42264,93702.448179,0.870398936201087
32.45877124575476,14.35628058898205,69.27004451416862,93702.435973,93702.46041,0.8645691019758587
32.48227125587587,14.365625048575968,69.40200565123119,93702.449307,93702.474157,0.8447392997974776
32.44180540709184,14.340608067738138,69.37999285497077,93702.46264,93702.494667,0.8676899115635704
32.4334833262781,14.330875239825637,69.41763631303311,93702.475973,93702.500531,0.8180160512167234
32.37092763784701,14.307191488064152,69.3546844690917,93702.489306,93702.514355,0.8770060783229071
32.3544785500558,14.304796093687614,69.40299359954615,93702.50264,93702.528207,0.8193614275272973
32.33444429002217,14.31640760260536,69.44851499200408,93702.515973,93702.541505,0.8272667979165989
32.28415414335164,14.314013173651468,69.42034442649674,93702.529306,93702.553221,0.8466249946446684
32.254579628314964,14.324736702744714,69.44786226941392,93702.54264,93702.574809,0.8040822877756142
32.20637145730867,14.326091905466239,69.43096772452647,93702.555973,93702.580414,0.9139723999768146
32.169693974741364,14.342245981092727,69.44392182262625,93702.569306,93702.59313,0.830856594648192
32.15235774335189,14.358072854771484,69.48571001615962,93702.58264,93702.606799,0.8803298191159218
32.11152105464549,14.375419503309887,69.46363733739156,93702.595973,93702.62725,0.8420125563093968
32.096752630977186,14.397957481702155,69.50380409876648,93702.609306,93702.63351,0.8076247403736122
32.04727491172577,14.409290062101492,69.46438853927273,93702.62264,93702.647905,0.9136354167800615
32.04649530179616,14.430864134212424,69.52735281122108,93702.635973,93702.661225,0.8116021892045612
32.03273165038424,14.453447611809452,69.55396332171642,93702.649306,93702.676485,0.8468026548183748
32.00107279509762,14.462482832954484,69.53391476659588,93702.662639,93702.687641,0.869599718048511
31.979893225883902,14.477393344528636,69.54011162807998,93702.675973,93702.700409,0.8680362732408433
31.965955196358582,14.493481252286415,69.55166167105476,93702.689306,93702.71378,0.790999973521125
31.976383973283284,14.517176297485413,69.61097327215349,93702.70264,93702.726347,0.8026346315915003
31.938725574634514,14.522754166474893,69.56711839413202,93702.715973,93702.740641,0.8688720269462207
31.920374473363,14.532057575727636,69.57373944751821,93702.729306,93702.754155,0.8996310971607252
31.886249413133825,14.53944512357828,69.53034505794989,93702.742639,93702.766628,0.8553947359686062
31.885155321159516,14.560253947309484,69.56922944603697,93702.755973,93702.781497,0.855610061322468
31.90506716655577,14.585688367609585,69.65417109931302,93702.769306,93702.793173,0.8131731443893896
31.881900810919458,14.589261297178385,69.63114980265928,93702.782639,93702.808425,0.7855420522825631
31.864787387150898,14.596030266815939,69.61690057689727,93702.795972,93702.82153,0.8750048361249788
31.868304375311705,14.608337629982323,69.64674311417231,93702.809306,93702.83337,0.8854205130803233
31.825126830382796,14.597676219103858,69.56702066885592,93702.822639,93702.847074,0.915037573473605
31.81040108281189,14.59730901264359,69.53645793194092,93702.835973,93702.860262,0.8981128987535935
31.841111204944657,14.626044844119937,69.63892079947678,93702.849306,93702.874138,0.9104990140499464
31.837141711605003,14.640001614158258,69.65844971129357,93702.862639,93702.88838,0.842540301272174
31.83200194881292,14.644072555007764,69.66382429848164,93702.875972,93702.90385,0.8229846350820396
31.81190675170069,14.647907794527757,69.6343007503312,93702.889306,93702.914344,0.8125864812060468
31.829981147162133,14.67188759835749,69.70686083514205,93702.902639,93702.926484,0.8298248385378947
31.799215272213367,14.661448382624139,69.6359447158243,93702.915972,93702.940103,0.8328051330514751
31.784382334485482,14.665392309373244,69.61412085645529,93702.929306,93702.954409,0.8706417890245554
31.800804311500727,14.68398786778691,69.66934582073178,93702.942639,93702.966895,0.8654832999757333
31.76825324179845,14.677298611005707,69.60316886602041,93702.955972,93702.981583,0.8824534437511095
31.77583501029565,14.687247539852551,69.62909047255198,93702.969306,93702.993591,0.8942791579617808
31.77971437428119,14.696296662432834,69.64556014278705,93702.982639,93703.00839,0.9370173071836688
31.756005794748354,14.69212118422596,69.59136116228036,93702.995972,93703.025202,0.928594628839553
31.79533153241079,14.71058503994824,69.68857211363319,93703.009305,93703.034226,0.8787066234147093
31.799753113414916,14.71919309118694,69.6890413182453,93703.022639,93703.047678,0.8924310060625765
31.77314875188374,14.703443908607724,69.61242926486162,93703.035972,93703.059909,0.9303296056606957
31.787667777547952,14.708545632794223,69.63092456541487,93703.049305,93703.074067,0.8688720269462207
31.78331689774749,14.707925193248228,69.59841635051343,93703.062639,93703.087246,0.8605341835586171
31.827281916084445,14.731539958341518,69.69663185635768,93703.075972,93703.100287,0.834116586779161
31.81439030826195,14.721354218299084,69.6473452783842,93703.089305,93703.113948,0.810462443103046
31.83169823195078,14.727838782620012,69.66962722937869,93703.102639,93703.127532,0.8214395229559298
31.824263765165057,14.715259838883853,69.62258523998847,93703.115972,93703.140427,0.8053962490017874
31.836736650944225,14.72136858189906,69.63237716637204,93703.129305,93703.153728,0.8550247896592639
31.830561721435984,14.715246232176215,69.59451459966232,93703.142639,93703.168077,0.8752764837186574
31.844032074029176,14.719280984199946,69.61995826556739,93703.155972,93703.180278,0.8794224706224564
31.859772506922674,14.724053583325516,69.63986332552618,93703.169306,93703.192981,0.8527917169282999
31.849710258199387,14.714268910061328,69.61177061247409,93703.182639,93703.207633,0.8793641305406631
31.879649344727017,14.723807131888586,69.66675079679696,93703.195972,93703.220506,0.8441040847941049
31.863056429667278,14.713251353042672,69.60988782527566,93703.209305,93703.233683,0.8769935568416324
31.843026432249616,14.697689145384363,69.54316605072687,93703.222639,93703.247825,0.8667940540459083
31.87146565901737,14.70600263201208,69.60575079176022,93703.235972,93703.260663,0.8696452035715194
31.87150111154596,14.696802163003197,69.58327886061916,93703.249305,93703.274606,0.8405387542974925
31.872425919132205,14.684875329687127,69.57134430704998,93703.262638,93703.287944,0.821290202836632
31.905776554511917,14.687917380653234,69.64536880986783,93703.275972,93703.300588,0.7798174986959489
31.87137940647864,14.659228881943907,69.55321288895,93703.289305,93703.315134,0.7998831735684239
31.852245623971907,14.634559127395862,69.48809444658063,93703.302639,93703.327528,0.855421207220733
31.85808524120297,14.630386518089166,69.48429418944792,93703.315972,93703.34024,0.8558859834946433
31.832808020458025,14.606477301286562,69.41285499618776,93703.329305,93703.353073,0.848649113669435
31.863840146699488,14.615709333568802,69.4671453530447,93703.342638,93703.367296,0.8245990020511776
31.861379272404022,14.61183515822453,69.46115319719313,93703.355972,93703.380831,0.8453419081183339
31.855656400558136,14.600190037613869,69.42370915196499,93703.369305,93703.393119,0.8822896815384382
31.86092309371105,14.597031151251477,69.42595315514836,93703.382639,93703.407065,0.8894989168819312
31.85899597275203,14.592824666128905,69.41538442073434,93703.395972,93703.420527,0.8793641305406631
31.8527013370103,14.585350101859454,69.37761165034834,93703.409305,93703.434848,0.8713285554520924
31.875543782511226,14.593603648702999,69.41950131142741,93703.422638,93703.454066,0.8601468433527998
31.883442196320487,14.59031389480405,69.4255412821606,93703.435972,93703.460298,0.843197202410708
31.867145979685425,14.57495694578482,69.36724801798289,93703.449305,93703.473201,0.8600702986373947
31.88174285276519,14.575089022881581,69.40126251095862,93703.462638,93703.4869,0.8867979134503144
31.87977726695199,14.573928626583964,69.38120744801094,93703.475971,93703.499879,0.8985899641936901
31.89731674519213,14.580819595403582,69.4096778979958,93703.489305,93703.514066,0.8584039191439579
31.85734425832495,14.562226630720088,69.31715383847515,93703.502638,93703.528099,0.8861607409542024
31.87613472640804,14.573166924509442,69.34753782425145,93703.515971,93703.542027,0.8260925022983582
31.863178813865222,14.56673688669351,69.32639379712857,93703.529305,93703.555398,0.8594020335721164
31.847869773566284,14.556280449318285,69.29683777140842,93703.542638,93703.567128,0.8776661832858881
31.854529559648622,14.557707162031608,69.32443892068075,93703.555971,93703.581643,0.9027828986404647
31.83180390266554,14.550793430917926,69.27311761975939,93703.569305,93703.594271,0.8897587650677984
31.85658642986147,14.562695241236995,69.33778405241713,93703.582638,93703.607369,0.9059807999249411
31.816400453832646,14.547436198617095,69.2526739315189,93703.595971,93703.62396,0.8722009174274764
31.798791709782183,14.5334095581797,69.2154102294802,93703.609305,93703.634765,0.9084060587008392
31.795056174108968,14.526485128305907,69.2095032002585,93703.622638,93703.648509,0.8884600921868238
31.803624108551713,14.52736223238672,69.22224618519505,93703.635971,93703.659802,0.8576663854292599
31.792124400351412,14.51648713378496,69.2140147143866,93703.649305,93703.674243,0.8507920636730395
31.78235513155825,14.506746693555572,69.18096968609352,93703.662638,93703.688008,0.8368719682869825
31.783164054151644,14.505912633494653,69.1856100897786,93703.675971,93703.700079,0.8459569359761475
31.76887739886965,14.492594503491118,69.1390864982212,93703.689304,93703.713849,0.8264970304621003
31.785449809167808,14.495444264407272,69.17980882582924,93703.702638,93703.727459,0.823070569317873
31.76372464772376,14.476338466039097,69.11547621531979,93703.715971,93703.740201,0.8380948710630467
31.771572579240406,14.475868441436347,69.12276267879038,93703.729304,93703.755567,0.8557882491566516
31.78174396999368,14.47396534965487,69.141498414802,93703.742638,93703.768229,0.8545748308851098
31.761385153326803,14.458710432238485,69.07418878111166,93703.755971,93703.780813,0.8791817644424391
31.76763072496974,14.45745243817701,69.08618721345557,93703.769305,93703.79444,0.8495958759025438
31.774134899619316,14.451547726136262,69.08900871371014,93703.782638,93703.807186,0.8587104236146955
31.7502846190092,14.431545341145302,69.02430131411116,93703.795971,93703.821968,0.8397440877729991
31.787166492905655,14.445673353893856,69.09632923620572,93703.809304,93703.833988,0.8196661978406119
31.77611013610117,14.434391930312735,69.06223933750054,93703.822638,93703.853474,0.8379229969098543
31.769905510885728,14.42518760260249,69.04256452447355,93703.835971,93703.860846,0.829996740192646
31.78823421998281,14.433724306517538,69.07575823989487,93703.849304,93703.873986,0.8323952749797743
31.775811631077932,14.424959459456833,69.03257134084656,93703.862637,93703.887686,0.8118736259353045
31.770551047955404,14.420934448200745,69.01190760779797,93703.875971,93703.906303,0.8211772664199815
31.775681715383442,14.421861563496241,69.01352114947244,93703.889304,93703.915845,0.8295959190868575
31.796535788601933,14.434029139322277,69.05501822202417,93703.902638,93703.929414,0.8423916210949245
31.791314777809397,14.437701077843135,69.03645911358055,93703.915971,93703.940582,0.8447229325205723
31.80331647964826,14.445542618116518,69.05770016624702,93703.929304,93703.953601,0.8228722426732871
31.760977609311944,14.42951545387783,68.95610597491726,93703.942637,93703.967161,0.8741498642298882
31.79567396510185,14.44469357202738,69.03641772061289,93703.955971,93703.981317,0.8591734693190832
31.774766246200542,14.436249937026915,68.99391755865584,93703.969304,93703.994553,0.8494601039457654
31.75349031776187,14.432393114901437,68.95831902961564,93703.982637,93704.0106,0.8371197613826719
31.773698403438356,14.447128257117422,69.01633082789601,93703.995971,93704.021469,0.8357648482230605
31.7414049647638,14.430854246993324,68.94479273365621,93704.009304,93704.036142,0.8396830207778526
31.738531876963492,14.42536860958103,68.94415222876266,93704.022637,93704.048113,0.8368756470453672
31.747122493454555,14.430078212461883,68.98820143222906,93704.035971,93704.060407,0.8436493267468341
31.723444044196636,14.420680122439324,68.94077560182593,93704.049304,93704.073901,0.8397440877729991
31.710644279651973,14.416131046107777,68.93805606244538,93704.062637,93704.086692,0.8627456132905291
31.68283185352467,14.408468229620095,68.89440371454424,93704.07597,93704.099825,0.8762630502499299
31.69040156857558,14.416593543041685,68.94918773296544,93704.089304,93704.114122,0.8768435020251439
31.700549091689197,14.428647249567883,69.01528066626136,93704.102638,93704.126195,0.8364487422125324
31.63368469235594,14.402273682891085,68.89785829648773,93704.11597,93704.140207,0.8306590541165587
31.62699621412254,14.399298303656538,68.9268044704962,93704.129304,93704.1532,0.8743351272898914
31.614940889247414,14.403752805911365,68.94475209350314,93704.142637,93704.166548,0.8788068791711392
31.59878972913159,14.409904558065413,68.97184777661371,93704.15597,93704.181479,0.8370232153999596
31.610300585312554,14.433497440776842,69.07978853719209,93704.169304,93704.195406,0.8693136330544582
31.515883431675938,14.395960449062223,68.91335020823003,93704.182637,93704.209216,0.8777226916126518
31.507054312170958,14.416944512144322,68.98677167436864,93704.19597,93704.221601,0.833720185562278
31.467171440425417,14.42494499098338,68.97822320432533,93704.209304,93704.233296,0.9058940453800167
31.458395305061014,14.457099286206612,69.07117463644406,93704.222637,93704.246716,0.8194930695744359
31.396362556549015,14.465965634190031,69.03059005297,93704.235971,93704.261088,0.8718075825031322
31.34692276937649,14.486497493402053,69.05720061151523,93704.249304,93704.273363,0.8440163800381401
31.29904730564804,14.508648803236339,69.07817264951588,93704.262637,93704.287236,0.8612254135086413
31.267630124047916,14.546238329631331,69.16856322452993,93704.27597,93704.300239,0.8831544155259015
31.18717805960134,14.561712348643816,69.15194387718151,93704.289304,93704.314293,0.86159204037442
31.10371443533274,14.573940490324063,69.14345352538997,93704.302637,93704.328348,0.8391448608178577
31.027988924361825,14.596742975410322,69.17864092092226,93704.31597,93704.341651,0.9087335924821723
30.973217471956296,14.637057117025256,69.2854619331232,93704.329303,93704.354312,0.8811985228744534
30.883698117255364,14.650289973754376,69.33153091989999,93704.342637,93704.366584,0.899390488083048
30.759164921726363,14.652822260164964,69.31953629254699,93704.35597,93704.381276,0.8242358412990874
30.630565630633335,14.653907942987313,69.32261841119674,93704.369304,93704.394898,0.8677688175155964
30.500960532205553,14.658789619159577,69.36779621282716,93704.382637,93704.406207,0.8293079087803042
30.375037154057114,14.671695159004743,69.44017936353767,93704.39597,93704.421228,0.8776351326677246
30.19182439269377,14.656871967211632,69.41005637089637,93704.409303,93704.440061,0.8692062612312309
30.05349201612673,14.678477866000172,69.52856713124561,93704.422637,93704.448603,0.847506391423525
29.8555600234931,14.675964751948719,69.53377770181383,93704.43597,93704.460976,0.8591651024825313
29.667776070335314,14.69263669408627,69.60551829657736,93704.449303,93704.474019,0.8844956127608378
29.453682354099904,14.707873727179022,69.63233520928279,93704.462637,93704.489388,0.8745050536527034
29.212988649979348,14.72931661013005,69.64584575476682,93704.47597,93704.507523,0.851141937702083
28.99946558817685,14.77608001361162,69.76119634440285,93704.489303,93704.520015,0.8365553353871015
28.73939400486387,14.808867647212848,69.78691085387062,93704.502637,93704.528777,0.8422293230083249
28.500072883494735,14.87189208983911,69.9080928885778,93704.51597,93704.540715,0.8781849555784301
28.16044622643928,14.89403444061987,69.83876233604529,93704.529303,93704.554072,0.837033553269682
27.880441224659194,14.964928785917003,69.96915037365227,93704.542636,93704.566898,0.8910364774290259
27.57638902459212,15.039296625516291,70.0975038685607,93704.55597,93704.581006,0.8619780889103371
27.25343055853777,15.115784389155131,70.20976821061741,93704.569303,93704.594012,0.8524776139956615
26.886867559806504,15.17743665270214,70.23408338215297,93704.582637,93704.608552,0.9217825259413134
26.538622530232296,15.260288603686641,70.37585847338669,93704.59597,93704.621209,0.889354596943639
26.14425141581223,15.31586941392546,70.39432372118682,93704.609303,93704.635714,0.8944179127929001
25.777893785590315,15.39783061651058,70.52607540015671,93704.622636,93704.647366,0.9060666109253428
25.394904544759786,15.468702924790337,70.63182317442012,93704.63597,93704.659556,0.9083962875649985
24.986147072547457,15.530663202483002,70.66714166299076,93704.649303,93704.673921,0.8962132567140307
24.623634422221365,15.627386884047251,70.88243539811067,93704.662636,93704.686715,0.9285019539475425
24.215004293770654,15.695230583297642,70.95493188111989,93704.67597,93704.700051,0.9350371230070347
23.818847846129348,15.774951638055065,71.0570203122513,93704.689303,93704.713852,0.915696237009373
23.429649688394978,15.872291832896439,71.2138484829276,93704.702636,93704.727092,0.9175735872651991
23.030417941247844,15.958587454278113,71.3463612466357,93704.71597,93704.740159,0.906315105038426
22.645216677728488,16.057166643363015,71.52572796021128,93704.729303,93704.754113,0.9523095830560132
22.23103637235714,16.139409731302855,71.60552315004529,93704.742636,93704.767308,0.9250679557586146
21.838542135092776,16.2423003742246,71.79349375079995,93704.755969,93704.780765,0.9316385996866423
21.429288412202553,16.31960700091473,71.88958557043068,93704.769303,93704.793322,0.9611742176107266
21.040547769627256,16.40519899282859,72.03399453671545,93704.782636,93704.806933,0.9291389312058242
20.65814929024633,16.480777482065474,72.1763676667692,93704.79597,93704.819724,0.9287551432521065
20.277052402810078,16.556661817474016,72.28213615794162,93704.809303,93704.834433,0.9797175650675787
19.942572436039583,16.65552485005486,72.5230258900857,93704.822636,93704.849692,0.8929126056582372
19.60111918134748,16.739209178836855,72.69374419145757,93704.83597,93704.860961,0.9968338735836442
19.25392572989227,16.787223118413603,72.75935456628535,93704.849303,93704.873793,0.9017365044723277
18.927734705431664,16.86072034124257,72.89861481964078,93704.862636,93704.886769,0.9899112278733286
18.626029878197567,16.938566115627584,73.09553073794783,93704.875969,93704.89994,0.8815096524036284
18.319793867753674,17.004526718546934,73.24664647179488,93704.889303,93704.914381,0.9460634758063255
18.01725754542265,17.0509135024234,73.3533098815554,93704.902636,93704.927326,0.9482644532842606
17.752370606093375,17.135267822469626,73.60144355994628,93704.915969,93704.941486,0.93529243087483
17.47203184563626,17.186434049207985,73.76105485283756,93704.929302,93704.954765,0.9564305151639498
17.20493124818231,17.2525805439476,73.95262910231902,93704.942636,93704.966615,0.9470311554240366
16.947518291139524,17.305867192025445,74.1330310053337,93704.955969,93704.98135,0.9401629112641204
16.691196933508625,17.34372543880769,74.2478958221614,93704.969303,93704.994186,0.9133773923152736
16.45975113919869,17.414765196037887,74.4958273758666,93704.982636,93705.008422,0.9263092588030061
16.233973568463025,17.48584827974384,74.68924339050925,93704.995969,93705.021271,0.973871496317627
16.015333702480728,17.571762998618418,74.88544850702118,93705.009302,93705.034411,0.9184515022866164
15.816138702382386,17.687740411766,75.16512482897599,93705.022636,93705.047691,0.9633646916207477
15.627824384926011,17.808047995117974,75.419413435862,93705.035969,93705.059636,0.8910839405228251
15.441936134466257,17.915147299871027,75.61793007340425,93705.049302,93705.073976,0.9471622204928961
15.276583505797225,18.03821798124788,75.85617575092031,93705.062636,93705.086229,0.9855047342142026
15.134431830382754,18.17893497648524,76.1428942570715,93705.075969,93705.099828,0.9675108399595631
14.996180539570508,18.308223284697878,76.37404103817997,93705.089302,93705.11451,0.9550089460838823
14.906142355637725,18.482371688218983,76.7890934413316,93705.102636,93705.126955,0.9066535788908253
14.790181170003251,18.61185763685027,77.00180087453431,93705.115969,93705.141542,0.9214166258966987
14.703143948666327,18.774277269085008,77.32185851789438,93705.129302,93705.156731,0.9335187826822118
14.626518813341452,18.92958345166058,77.62499747682058,93705.142635,93705.17012,0.9324914012109279
14.55756786403574,19.094219213084976,77.97108197615567,93705.155969,93705.18117,0.979764155985971
14.503605313637163,19.255962088475314,78.3089653026334,93705.169302,93705.193363,0.9987223447929625
14.452394952635304,19.428489054489226,78.66642272814464,93705.182635,93705.207356,0.9996480190626313
14.40972849442972,19.588808136247497,78.99794488484537,93705.195969,93705.221155,0.8776540499165538
14.396458810845024,19.78941721236015,79.48456163239575,93705.209302,93705.233523,0.9087871981546977
14.375752039041576,19.95422687599868,79.82194815415907,93705.222635,93705.247694,0.9179124514693849
14.354634081456297,20.128502788678986,80.18720432422981,93705.235969,93705.266057,0.9923314035326181
14.356838229988144,20.29539818047678,80.5809568353559,93705.249302,93705.273792,0.9833269276100856
14.383405477855193,20.490544217332896,81.09690961885745,93705.262635,93705.286656,0.8897659219435323
14.402218886672111,20.667070311140236,81.49697361811248,93705.275969,93705.302142,0.9807262829443479
14.413890161057475,20.816715177197217,81.86018886636796,93705.289302,93705.314154,0.9928482292318029
14.444092527763694,20.991572044656753,82.30767216928206,93705.302636,93705.329083,0.9949417955688953
14.498849515221789,21.20581241211706,82.91539006223825,93705.315969,93705.342437,0.9852336834364761
14.54924800803319,21.370654136920372,83.4017656730101,93705.329302,93705.354674,0.9494347833808341
14.593795045462224,21.547699665200497,83.84391752694437,93705.342635,93705.366659,0.9840382700556479
14.661408125095367,21.734056623304895,84.40873471178409,93705.355969,93705.380273,0.8965535832487475
14.72243209228411,21.878790934609306,84.85095249146998,93705.369302,93705.393974,0.9505643387394521
14.806111994214977,22.047882492389512,85.41828013620804,93705.382635,93705.407537,0.9790636226467355
14.886111574968968,22.209110913456918,85.96826045981446,93705.395968,93705.428881,0.9807266317279144
14.955144461918941,22.330153635501315,86.39629291476083,93705.409302,93705.442168,0.9572050034081435
15.048595305411522,22.474087838342765,86.98894337072,93705.422635,93705.453327,0.9748442413981494
15.16854721032944,22.651419138293406,87.71574601953621,93705.435969,93705.460352,0.9437346053041618
15.263670634180146,22.77416238361671,88.25768761915921,93705.449302,93705.473987,0.9990369654119576
15.383796679117145,22.898797551240285,88.88077261653355,93705.462635,93705.489161,0.952653889765195
15.498083624698534,23.01435796111722,89.44308026525802,93705.475968,93705.510786,0.9954858212927168
15.657450293482514,23.19218745501378,90.27099894020616,93705.489302,93705.520717,0.9554445662801215
15.806194071296684,23.331512307871073,91.02786557114224,93705.502635,93705.533935,0.9978397868370965
15.92784674527893,23.429886776161375,91.5733750478211,93705.515968,93705.541588,0.9514311150461698
16.07269053987361,23.578914915970365,92.31061616808505,93705.529302,93705.556434,0.9648588164825925
16.216154935209303,23.727565607951313,93.07563320867132,93705.542635,93705.56839,0.9723005331705156
16.36556994784242,23.87838683492727,93.83274631061614,93705.555968,93705.58078,0.9978770025528311
16.507984309717745,24.008266029979747,94.53959960656464,93705.569302,93705.59818,0.9607903611338878
16.65948270845067,24.169477148964845,95.38444884113787,93705.582635,93705.607468,0.895921664086942
16.79408277035212,24.261346772043943,96.04283043191603,93705.595968,93705.620949,0.9702650859261777
16.938983351732933,24.38000798070265,96.81652329166539,93705.609301,93705.635519,0.9410220558471946
17.08799183078998,24.500035344881436,97.60481345850276,93705.622635,93705.64877,0.8738062309511951
17.231809203402698,24.640675962880845,98.49523594394714,93705.635968,93705.661835,0.9566982409841807
17.397159146804892,24.808121304340702,99.49363860865091,93705.649301,93705.673957,0.9310016729281335
17.49379024027378,24.874137965359704,100.11085807736242,93705.662635,93705.698489,0.9654560469293247
17.683211532438946,25.09784799693015,101.35030884143696,93705.675968,93705.701693,0.9746854722751639
17.777587515536045,25.18282658501076,101.98914005785832,93705.689301,93705.71478,0.8475684080586452
17.866155993655177,25.25604208966481,102.6221685343744,93705.702635,93705.728174,0.9118891437338263
18.037541154694395,25.503220035129452,103.90800961890676,93705.715968,93705.740635,0.9731289819315904
18.16030825283728,25.668470283250144,104.85538157817346,93705.729301,93705.757146,0.9611658524160901
18.253326068624393,25.83447515310604,105.69078505733636,93705.742635,93705.768911,0.9783451753673509
18.36953836746636,26.057962603531678,106.76495436906181,93705.755968,93705.780115,0.9624820562253846
18.445365650578573,26.253612066028946,107.59690182474638,93705.769301,93705.793402,0.9412888341127095
18.51932902016735,26.474037978609136,108.53833199454998,93705.782635,93705.810994,0.9149154525828935
18.577300120895547,26.688239281210453,109.41917994010878,93705.795968,93705.822627,0.9375308548905296
18.642753853259993,26.934704698272572,110.34019559817398,93705.809301,93705.833374,0.986549255120518
18.696105233539296,27.188294355505576,111.27455501657539,93705.822634,93705.853823,0.913128807351804
18.766111429599622,27.49159925860258,112.31260156004693,93705.835968,93705.862557,0.9800504122222303
18.785268961324572,27.71779103123447,113.04936038757472,93705.849301,93705.875037,0.9753257726745163
18.825049604209752,28.036100980331373,113.9986974955647,93705.862634,93705.886763,0.9135338760962075
18.818039006268318,28.261524968904702,114.653729866824,93705.875968,93705.907804,0.9944557091127484
18.843548633994835,28.55333506749953,115.48760266755525,93705.889301,93705.917008,0.7843271699407076
18.874483473632214,28.88854988724213,116.4124546578992,93705.902634,93705.93031,0.9962609132463683
18.859317246828184,29.13583642789775,116.90068044435515,93705.915968,93705.94183,0.9873450265896832
18.902013081430077,29.456393488280256,117.71197812109212,93705.929301,93705.954843,0.9824899898225724
18.897084423456786,29.747385513758417,118.32849898135048,93705.942634,93705.970857,0.9978915987848618
18.924232301614147,30.095024551890997,119.06464539358791,93705.955968,93705.987974,0.9908847961148718
18.950769178539662,30.434609835021025,119.79469008185842,93705.969301,93705.993971,0.9489429668241548
18.96830761519661,30.701881298287937,120.36207464729287,93705.982634,93706.008735,1.0
18.996664789227786,30.96784008247788,121.02693869851207,93705.995967,93706.026791,0.9692816129930302
19.008168685331558,31.23361767269711,121.56288990393139,93706.009301,93706.041048,0.8486497418593305
19.04539194284415,31.491416278460314,122.1445827813385,93706.022634,93706.046764,0.9252681484455924
19.06759077589171,31.66263639844088,122.52602731159732,93706.035968,93706.060878,0.985755293761519
19.11918982794662,31.934587829476165,123.16075097202,93706.049301,93706.074384,0.8444247298312169
19.20665941235903,32.216754514533484,124.05250293677855,93706.062634,93706.089442,0.9246483313723733
19.26571007929668,32.48146871170029,124.77094534953771,93706.075967,93706.101163,0.9019450237450014
19.300699289510668,32.61978612542833,125.12510131334406,93706.089301,93706.113806,0.9765710307097532
19.40154952891604,32.89815314650097,125.97255354085034,93706.102635,93706.126511,0.9347366538290158
19.37658933873597,32.939263480268146,125.95807763807137,93706.115967,93706.141354,0.969264699321913
19.45282612134456,33.19087465872457,126.79100360749085,93706.129301,93706.153485,0.8995482999888776
19.5232661460062,33.409965408006485,127.53799787671367,93706.142634,93706.166414,0.9941530456886888
19.53672020773346,33.488981106662116,127.81616508861305,93706.155967,93706.181694,0.9392446106063773
19.525209385492296,33.52102640556981,127.92884484076072,93706.169301,93706.193092,0.9487345401850282
19.596779693737414,33.76962407431113,128.86593561949394,93706.182634,93706.206886,0.9259921255329292
19.56505467067533,33.79598741409645,128.97644073992427,93706.195967,93706.221882,0.9429408978555955
19.531886113044898,33.80227890125636,129.04979882633106,93706.2093,93706.23313,0.9875781794840482
19.553105299315618,33.941644068806184,129.6657128295502,93706.222634,93706.247806,0.9879839896303086
19.569148403933067,34.06651355980182,130.17886768921824,93706.235968,93706.260697,0.9743207839228066
19.505384436775195,34.033023919725075,130.19928599664962,93706.2493,93706.279317,1.0
19.474280001538222,34.0533215253837,130.48009536359052,93706.262634,93706.286697,1.0
19.46977415243951,34.18578170846229,131.0982733121536,93706.275967,93706.30049,0.9960134636704113
19.343241727840812,34.073799091322236,130.82641389640895,93706.2893,93706.314473,0.978280282700092
19.293779793233618,34.13340526331068,131.26765024879091,93706.302634,93706.326488,0.9933291837377125
19.245572726059812,34.25084924467803,131.9416137915366,93706.315967,93706.339843,0.9592104333328726
19.109248068196724,34.20540506171293,131.90632636807103,93706.3293,93706.353209,0.926501129473172
18.94902033607781,34.12767801587305,131.78381947428466,93706.342634,93706.366603,0.9075621675538329
18.801871141786023,34.0878646496814,131.93098637391705,93706.355967,93706.381078,0.8920906438171057
18.69068372149434,34.2236205605781,132.63673607655988,93706.369301,93706.393166,0.9703728841808491
18.52477681566093,34.22649775221925,132.7940334242632,93706.382634,93706.407878,0.9465557629015703
18.309392773105603,34.10432080345157,132.67737398076864,93706.395967,93706.420982,0.9798661291691262
18.109322209805516,34.14049694349733,132.9928794789193,93706.4093,93706.435924,0.9459777033563442
17.912011601065295,34.18723946663597,133.29003972684225,93706.422634,93706.45203,0.9285533387430265
17.63437539217498,34.0638122810195,133.08118251278742,93706.435967,93706.460153,0.8697804381814902
17.400592153255722,34.0915961686032,133.38547244368783,93706.4493,93706.473209,0.9888232708751412
17.098630312950224,34.037797428305126,133.307467385639,93706.462633,93706.487071,0.9876859068240839
16.799160713532807,34.02531352098489,133.37424749825456,93706.475967,93706.5019,0.9495178280005935
16.47772900019062,34.029478457003144,133.46203460886665,93706.4893,93706.516005,0.8992970356251591
16.197390173871394,34.05331199608575,133.77879842829418,93706.502634,93706.529861,0.8876878251263077
15.827450120402354,33.985479939559234,133.71857425991735,93706.515967,93706.541393,0.97014051097953
15.491113793912554,34.08686967506785,134.17172136678326,93706.5293,93706.553057,0.9633722474609023
15.04341176098716,33.95519902534112,133.72361031378662,93706.542633,93706.567353,0.9225162112787219
14.683137723913363,34.033391656307295,134.1172277559696,93706.555967,93706.581358,0.9199197871015352
14.229925180878471,34.00845874946478,134.0099305520641,93706.5693,93706.593734,0.98217470562853
13.749379922085268,33.948292369728165,133.79933544044687,93706.582634,93706.606542,0.9342185332293164
13.34664012549457,34.12358239344874,134.5152612464114,93706.595967,93706.620232,0.970183248147099
12.862803583184562,34.19828464222423,134.7929883117589,93706.6093,93706.633076,0.9769621940106517
12.30680386917478,34.09231358278653,134.31865312509916,93706.622633,93706.65517,0.8995882797155105
11.7582597565871,34.105612723435826,134.24059987138304,93706.635967,93706.660222,0.9594942334022108
11.227278239367836,34.17253114274886,134.47241862100068,93706.6493,93706.675736,0.8922221244473407
10.641233773925723,34.14470114960203,134.23693372711978,93706.662633,93706.686856,0.9185543266234734
10.062642984087427,34.17635025484351,134.3057089854446,93706.675966,93706.700482,0.9487345401850282
9.473257471587813,34.23198188995171,134.46767361719066,93706.6893,93706.713845,0.8221431558081551
8.840532451993449,34.2279934546548,134.41662060364752,93706.702633,93706.727127,0.9886112213134766
8.201409738624625,34.35365962341185,134.75120709459304,93706.715966,93706.740191,0.8913858777718237
7.530421606757112,34.32275584992102,134.57202209928502,93706.7293,93706.754136,0.9659891681349116
6.8271677769124075,34.215423864020686,134.09628111262745,93706.742633,93706.766393,0.8953391932647745
6.141442857649628,34.26723803525626,134.23885614276486,93706.755966,93706.786999,0.9781111074824156
5.428174502199904,34.32228382587014,134.45206299781648,93706.7693,93706.79308,0.8559166054455604
4.680230329260734,34.1671414556815,133.913595763112,93706.782633,93706.806627,0.9232000506751076
3.938324614225462,34.3411270362088,134.4891014867124,93706.795966,93706.82066,0.9844225853351812
3.1681177409346537,34.24123519083318,133.99303140243504,93706.8093,93706.833251,0.9725857734680176
2.3736237935158786,34.32307405682898,134.29608227626258,93706.822633,93706.847956,0.8435660166670393
1.5793288863152395,34.43146641367938,134.69588973535767,93706.835966,93706.861561,0.9781404765362387
0.7805470808009787,34.3826671984628,134.4078636328745,93706.8493,93706.877401,0.9839511848252486
-0.0024687685634197628,34.25998705526695,133.75713052725496,93706.862633,93706.888366,0.9977455534555414
-0.8290252496349879,34.35831235998646,133.94372991573925,93706.875966,93706.89976,0.9714763518695616
-1.6528301501234495,34.422999429800186,134.0922684812221,93706.8893,93706.914499,0.9669464551007074
-2.4751224781729455,34.469089320703,133.9851894991174,93706.902633,93706.9276,1.0
-3.3095156518045754,34.5535480641875,134.1385355708839,93706.915966,93706.940225,0.9896827912806261
-4.146098471531502,34.68198873495962,134.30185965882904,93706.929299,93706.954095,0.9153721414953191
-4.975278651121437,34.68951932200752,134.1069296934531,93706.942633,93706.967076,0.9942632179093908
-5.79038453916434,34.662766333816,133.62996072347377,93706.955966,93706.981088,0.8937120993829596
-6.621535198430385,34.72145499303081,133.65492273992902,93706.9693,93706.994419,0.9894662918638594
-7.404992920455561,34.61316168059888,132.99152168042647,93706.982633,93707.009105,0.9534544517063928
-8.271456239247545,34.7613253458932,133.43818202828996,93706.995966,93707.021799,0.9692303745193612
-9.066019760825961,34.76140303950972,133.20836794865662,93707.009299,93707.033416,0.9127561946918752
-9.935741402608985,34.941954513003424,133.7034039116459,93707.022633,93707.046945,0.9454391505972247
-10.709424222572862,34.86007510963967,133.25531693060475,93707.035966,93707.059569,0.9671817732455764
-11.50644341041138,34.88441917121068,133.20698445715388,93707.049299,93707.073257,0.9606932811322553
-12.322758555509385,34.98152962534945,133.53400086787818,93707.062632,93707.087324,0.9839308347737165
-13.124165178918005,35.08175887750491,133.84784841516236,93707.075966,93707.100178,0.996662540149893
-13.80694541022547,34.956522303964384,133.32300932092988,93707.089299,93707.114971,0.9508289337158203
-14.536347895844951,35.00963385343348,133.41744548235164,93707.102633,93707.126554,0.9129193893496056
-15.298057325733108,35.09332145614013,133.68371202330437,93707.115966,93707.140461,0.9833796773384128
-15.972523924533943,35.09896204704135,133.61565945888808,93707.129299,93707.154736,0.9397607503445917
-16.624647727302374,35.110032793274065,133.53530993467282,93707.142632,93707.166721,0.9836329716978708
-17.216380054187876,35.04879958295242,133.1430300332988,93707.155966,93707.180713,0.9937619183289855
-17.928735726126924,35.17626881993139,133.5604889975391,93707.169299,93707.194158,0.9625514030456543
-18.508732133462207,35.13253080914947,133.2639466351831,93707.182632,93707.206341,0.8672593929346311
-19.003003039904833,35.00222795870489,132.6605848868042,93707.195966,93707.220526,0.9563107296194066
-19.705777721250747,35.20555946399877,133.32024269237186,93707.209299,93707.233842,0.9653033031363555
-20.203172523202515,35.10892527287088,132.88782505755424,93707.222632,93707.247948,0.8325422048241172
-20.836875553407793,35.22896886991077,133.24428741044963,93707.235966,93707.263452,0.9989696158234815
-21.317415675100403,35.17389651594714,132.93610212875726,93707.249299,93707.275989,0.9292164198036235
-21.749822751131802,35.098513515971774,132.54383586448753,93707.262632,93707.287709,0.8753671887892183
-22.3811514693244,35.2972758670732,133.13158910301345,93707.275965,93707.3001,0.9694909142279324
-22.908693122281782,35.37746219812408,133.29877048967882,93707.289299,93707.313575,0.8740993036562822
-23.194217088829017,35.19216254511198,132.42670164725646,93707.302633,93707.327498,0.9675861157285655
-23.682664331789475,35.25880919101549,132.5359906154911,93707.315965,93707.339708,0.8740993036562822
-24.213170419351332,35.41138853801473,132.90583493868075,93707.329299,93707.354034,0.994285463260643
-24.561253060397707,35.36440382383993,132.56165813386673,93707.342632,93707.373526,0.9516090799877573
-25.004543558353852,35.41027439612404,132.6306032649452,93707.355966,93707.380425,0.8573728616342157
-25.49610026531903,35.57743781370911,133.15722919806356,93707.369299,93707.396379,0.9896827912806261
-25.800008304337716,35.49934764008486,132.68202254889047,93707.382632,93707.409384,0.957706239077166
-26.18521161270762,35.5787290893958,132.8019173512667,93707.395965,93707.42134,0.8746446970353774
-26.473992198505247,35.518198666736296,132.49968437992308,93707.409299,93707.433469,0.8948757227719716
-26.866071757051888,35.613781149957546,132.71296356384147,93707.422632,93707.454117,0.99301217953608
-27.200168314468623,35.637848379232416,132.64435087291997,93707.435966,93707.459825,0.9533081658825148
-27.530875975262024,35.67248881483155,132.62950238488375,93707.449299,93707.473682,0.9367550991855523
-27.845267383417944,35.67976279732545,132.5926225661719,93707.462632,93707.487259,0.9232874432753885
-28.145799940736804,35.70570631748978,132.60542284156176,93707.475965,93707.500719,0.9376035730266108
-28.442764684647443,35.70430191057316,132.57598801393075,93707.489299,93707.514526,0.9522755723051288
-28.80216926177901,35.80634754451228,132.79814865438658,93707.502632,93707.526778,0.962102529911559
-29.059525955432196,35.79506030204168,132.65519943928604,93707.515965,93707.547914,0.8828343954769162
-29.172957323118162,35.66559833580262,132.0746932788169,93707.529299,93707.554143,0.9609198083247502
-29.45404744094656,35.7084245878275,132.11270505110883,93707.542632,93707.566736,0.967312894348315
-29.750102158709463,35.75457891779113,132.20705578024234,93707.555965,93707.580333,0.9803304539046976
-30.014585663070196,35.84710899759441,132.32448506666367,93707.569299,93707.59342,0.983523409484611
-30.133126933618914,35.756334734734516,131.8317307768871,93707.582632,93707.607827,0.9891117292026497
-30.445779903471045,35.91422926335679,132.21087077908027,93707.595965,93707.622882,0.9794825886791678
-30.58431714162177,35.88029338396759,131.85948776410285,93707.609298,93707.636478,0.9724941032762455
-30.806395431599686,35.944396788464694,131.8550986694974,93707.622632,93707.647651,0.97960793789053
-31.025664767990467,35.998460150443464,131.92905634225193,93707.635965,93707.659643,0.9307099671003098
-31.21791549561044,36.040299456104776,131.92188118241583,93707.649298,93707.673318,0.8953989803556515
-31.29508168536378,35.95559032413911,131.51718562171388,93707.662632,93707.687262,0.8925461409407949
-31.3898988576046,35.89585815927497,131.18041801729504,93707.675965,93707.706927,0.8497193855181691
-31.470882800786104,35.82872388875516,130.82301584772742,93707.689298,93707.714292,0.9619918075257359
-31.630436342489425,35.8582588429466,130.80284103559347,93707.702632,93707.728713,0.9990108175723391
-31.867650996546683,35.96043478274324,131.06485631225186,93707.715965,93707.740418,0.8632461979395533
-31.84311492334551,35.79496297573148,130.4192530788041,93707.729298,93707.753567,0.8712844095682499
-32.015086168772044,35.85394955609702,130.48011869929732,93707.742631,93707.766858,0.9380170101664979
-32.1387202974476,35.84368125382326,130.40389904121994,93707.755965,93707.781127,0.9718027444803414
-32.251146713562484,35.8360711950026,130.29661122259566,93707.769298,93707.793206,0.9845351517773805
-32.325600336833894,35.81560347802295,130.1297279093562,93707.782631,93707.806744,0.9618841700146138
-32.35293469767221,35.738028485622245,129.80852771501637,93707.795965,93707.819691,0.9712175796852681
-32.54499447601173,35.829509763268916,130.08537562693772,93707.809298,93707.833467,0.9436913550312908
-32.51371039933325,35.71041140523058,129.6122314814492,93707.822631,93707.848063,0.978308125869416
-32.63186024945079,35.73854076314596,129.7140627962976,93707.835965,93707.86007,0.8177407331712482
-32.508127518717544,35.542693642552386,129.01265180057766,93707.849298,93707.87487,0.9465132833533515
-32.66913490591368,35.61432919527346,129.29844692909344,93707.862631,93707.888115,0.9061220305451712
-32.62035686993244,35.48312110909545,128.88096025744002,93707.875965,93707.901423,0.8242087753278473
-32.710399612980815,35.488242108879426,128.9192604107633,93707.889298,93707.914652,0.9542969934992747
-32.63016341039728,35.329255106342394,128.42835413458525,93707.902631,93707.926811,0.821318545461638
-32.70726112566677,35.3253740279854,128.46574973755511,93707.915965,93707.940434,0.9914445939737773
-32.59130871363702,35.124785435918646,127.78257139229648,93707.929298,93707.953009,0.9510583735465853
-32.69365101478988,35.16039695895183,127.94984212783196,93707.942631,93707.966951,0.9202031642078179
-32.60890550166799,35.025140721863494,127.42238170048984,93707.955964,93707.98043,0.8557876103624458
-32.67817583211147,35.072166361867495,127.45485610993877,93707.969298,93707.993122,0.9640924143687433
-32.72463065268136,35.08177092965552,127.38934083285545,93707.982631,93708.008359,0.9757777967393886
-32.7168008487414,35.06629146476553,127.17243751336845,93707.995964,93708.020105,0.9919188734414628
-32.70181794429186,35.04598247514701,126.90495879478614,93708.009298,93708.036111,0.9703542820746033
-32.552026721157084,34.90838598489009,126.20057608335388,93708.022631,93708.047263,0.9644042332398215
-32.63304682382923,35.022301151394075,126.26693122002298,93708.035965,93708.061423,0.9921258134317369
-32.595291086964885,35.014955333245105,125.87291446227172,93708.049298,93708.075406,0.920572377190188
-32.682720507152794,35.14097251243715,125.94372582988477,93708.062631,93708.087488,0.9781974792480469
-32.693808956054525,35.18166205324807,125.71249410335373,93708.075964,93708.100159,0.8959088009680238
-32.681258163917704,35.21250257855077,125.4630120670744,93708.089298,93708.113683,0.9325997822732718
-32.871864202598914,35.4444837519662,125.81251202402599,93708.102631,93708.130633,0.9915352858913565
-32.79035666401071,35.38363921290418,125.1807021978546,93708.115964,93708.140268,0.9746974523795356
-32.75938450118331,35.35890037355671,124.76584617379717,93708.129298,93708.153312,0.959225065664903
-32.73227986392554,35.344822487182064,124.29699236724127,93708.142631,93708.167758,0.9618502602647253
-32.797624667632455,35.40131147576251,124.15596867537229,93708.155964,93708.180603,0.9467125484147794
-32.923807731998636,35.51800476653371,124.19010101168247,93708.169298,93708.195184,0.8644428438387795
-32.81593490193285,35.407762804562104,123.4658596335331,93708.182631,93708.20981,0.9070620579453008
-32.86771681520662,35.44448110102964,123.23480134188434,93708.195964,93708.220987,0.9196383789809695
-33.056728376336544,35.61466884536764,123.44258521777851,93708.209297,93708.233434,0.9848529538205513
-33.02731389469398,35.569878736421636,123.00570614854486,93708.222631,93708.247052,0.9913350428053083
-32.97917334893927,35.506888200142235,122.47737993414057,93708.235965,93708.260872,0.8685472195744102
-33.03780627351849,35.526711292362684,122.3053471616391,93708.249297,93708.273784,0.9584616008791226
-33.0495462916717,35.51446548025635,122.0050348765693,93708.262631,93708.286916,0.9575544326718228
-33.069870188730604,35.499476279492534,121.75620642271484,93708.275964,93708.308962,0.860951602663425
-33.08030094425321,35.46853178973568,121.46704835026311,93708.289297,93708.314566,0.9451936738093527
-33.00594991836205,35.351300004571314,120.91800139611757,93708.302631,93708.326384,0.8990871993168327
-33.13158023686859,35.41155971318372,121.00228584106365,93708.315964,93708.341327,0.8181626114024869
-33.00667922671066,35.22641121664989,120.34310771264697,93708.329297,93708.353739,0.9077631866515928
-33.064811122405004,35.20267864576824,120.19695499559013,93708.34263,93708.36705,0.8937185816405167
-33.07202993924639,35.15273705877074,120.00086689062145,93708.355964,93708.381296,0.891276475681357
-33.04993606628248,35.034128157414976,119.65793082512732,93708.369298,93708.393268,0.826463686676258
-33.17694040752619,35.08334892777385,119.87527253228254,93708.38263,93708.408543,0.9749144102844212
-33.19134463762008,35.0083718869058,119.64646699785494,93708.395964,93708.420125,0.8014892028150439
-33.15163302156806,34.868513503516766,119.32414871532349,93708.409297,93708.436207,0.9478221888839365
-33.17431296970757,34.78291997764428,119.21610713238573,93708.42263,93708.447282,0.8503788002945617
-33.22685827897435,34.73058250331725,119.1891915743084,93708.435964,93708.459791,0.8834995678357717
-33.13679840842559,34.55446484910613,118.76798935510634,93708.449297,93708.473492,0.975472323053405
-33.213736074996376,34.543987816562925,118.87021953219774,93708.46263,93708.487537,0.8915162716675843
-33.276537676575614,34.51239971267812,118.92432831538902,93708.475964,93708.502089,0.9376283763614071
-33.365112882250436,34.535072988604966,119.11471413493857,93708.489297,93708.514786,0.8388590231643056
-33.30287337162661,34.41881107628875,118.84034253689519,93708.502631,93708.528274,0.8639506992347673
-33.30483075504409,34.3840182899183,118.79523696211189,93708.515964,93708.540746,0.9747601947125122
-33.192400389238095,34.2476663919553,118.42290810107261,93708.529297,93708.553161,0.9025993538098013
-33.30093655229846,34.324514430018624,118.73492346764824,93708.54263,93708.567632,0.9065659206766938
-33.271382920860866,34.26808131791013,118.5922146397832,93708.555964,93708.581741,0.918244939300169
-33.39067906486932,34.347366725969295,118.93702778379372,93708.569297,93708.600685,0.8480920529433988
-33.37607227162208,34.273126672716856,118.85898426654198,93708.58263,93708.611707,0.9523540498334253
-33.60634655288682,34.402886751390284,119.5666943052568,93708.595963,93708.620407,0.8937185816405167
-33.5506088298607,34.271915637006224,119.35492782548421,93708.609297,93708.633495,0.9477226975854806
-33.573660647240224,34.20263831290833,119.42158280856904,93708.62263,93708.655788,0.8000471782870875
-33.61778688280846,34.149350562336295,119.53930564980067,93708.635964,93708.660019,0.8644428438387795
-33.72965038647279,34.149244714866164,119.84473684530631,93708.649297,93708.679492,0.8239121174370174
-33.65486684505696,33.98974105524107,119.55504507677965,93708.66263,93708.686944,0.9218956266305292
-33.75683745629441,33.99036433042896,119.84090729922069,93708.675963,93708.707093,0.9202031642078179
-33.95679696841739,34.09148017958882,120.36544101477884,93708.689297,93708.721728,0.957978086532846
-34.04209175730458,34.08343351511198,120.5714219946167,93708.70263,93708.727131,0.8071483882430497
-34.08738958114918,34.04117262548961,120.62394725498959,93708.715963,93708.74008,0.8944272041320801
-34.1320928611295,34.01353237072801,120.68279823338868,93708.729297,93708.753141,0.9313677056223785
-34.23832346527587,34.03056471002513,120.9309070189522,93708.74263,93708.769005,0.9747011326964558
-34.35781610637691,34.034250418534626,121.17252091155648,93708.755963,93708.781757,0.9228347306128835
-34.25986639608564,33.848144926989846,120.79053177631646,93708.769297,93708.795812,0.8659754327133955
-34.4521635400506,33.90909937352996,121.29922184656635,93708.78263,93708.808016,0.8219729527721473
-34.6710690606111,33.96587220383883,121.84356705315065,93708.795963,93708.819947,0.8980217293099279
-34.747819350672174,33.895674950151765,122.00421775155537,93708.809296,93708.833134,0.8124486358877753
-34.70886389040621,33.71391188680551,121.77024034908965,93708.82263,93708.848299,0.9429849832126415
-34.862381222947576,33.678464983212955,122.10680560661513,93708.835963,93708.859562,0.8419399270380336
-35.0698256148225,33.6729130215412,122.6361544626138,93708.849297,93708.873328,0.8881511771734522
-34.99267201801703,33.421503470784224,122.2838711944279,93708.86263,93708.886411,0.9832206979571897
-35.18021096924871,33.38715963391306,122.70216714848323,93708.875963,93708.900445,0.9653821262738117
-35.249094158327026,33.25244985140554,122.84210276074516,93708.889296,93708.914336,0.8419399270380336
-35.45195131237819,33.231390453481815,123.3552173109387,93708.90263,93708.926664,0.9716823451112233
-35.49877415597061,33.089597678049856,123.40849147945312,93708.915963,93708.940095,0.9538504222923266
-35.65688424759891,33.0445966319784,123.78407132442645,93708.929296,93708.953382,0.9770806797496414
-35.67333223053548,32.88159250501679,123.7601237097574,93708.94263,93708.967557,0.9397628749876419
-35.782072387613226,32.82175849936743,124.03093863666055,93708.955963,93708.980496,0.9030300601051794
-35.878588326745394,32.73979301299934,124.26261469942426,93708.969297,93708.993571,0.8128496247838441
-36.11261203700932,32.78749617474455,124.94608046497396,93708.98263,93709.006933,0.909953975373232
-36.213125021346684,32.7088417606034,125.18100370888408,93708.995963,93709.020156,0.9607799759602319
-36.26141938405119,32.618640574854254,125.29607992049094,93709.009296,93709.034701,0.9148043517218669
-36.30495931405761,32.52382909828646,125.35973844975257,93709.022629,93709.050765,0.9368819629475521
-36.304496756696906,32.39142652118877,125.29556248400505,93709.035963,93709.06236,0.9819263660929164
-36.44515116282488,32.34885349513414,125.63978402591216,93709.049296,93709.07434,0.9252851646170415
-36.541909889318916,32.308553570380816,125.8819121780282,93709.062629,93709.086452,0.9951139434192304
-36.74914092554031,32.3540915956933,126.5265358510638,93709.075963,93709.100746,0.9867391963356484
-36.80410196496448,32.27411298883036,126.64350100131963,93709.089296,93709.11449,0.938910380125736
-36.87917981201879,32.22077679017407,126.93043929619634,93709.10263,93709.126742,0.9123986369129522
-36.91536998773426,32.13946478441927,127.04517122637658,93709.115976,93709.139852,0.9483837689628113
-37.021261100021974,32.122171841908596,127.38551994968014,93709.12931,93709.153202,0.9648402631974549
-37.05581600997252,32.023686533384364,127.49990252039159,93709.142643,93709.166941,0.969561840646674
-37.121577447509765,31.966852791362953,127.74858578784989,93709.155976,93709.180956,0.925596614009457
-37.128582089731886,31.85477373539543,127.80254022295898,93709.16931,93709.193008,0.901793371100621
-37.17915549748388,31.772006792475516,127.93363536404424,93709.182643,93709.212981,0.9703952223118569
-37.20293544841007,31.661852960714693,128.02560459858393,93709.195976,93709.219891,0.9951139434192304
-37.294031076037456,31.62592332044067,128.31766482392487,93709.209309,93709.235972,0.9336219513825694
-37.40623344410448,31.59848914239505,128.66332627831457,93709.222643,93709.246609,0.9754200838011114
-37.272356579554355,31.38729816699576,128.28609718887645,93709.235976,93709.25985,0.9561714909039004
-37.49443069379324,31.44562077472979,128.95283070101965,93709.249309,93709.273448,0.979138855186112
-37.55819924122152,31.3942709934009,129.1582090013751,93709.262643,93709.286281,0.953531057040489
-37.613434576855404,31.348009482003196,129.31905682697985,93709.275976,93709.302229,0.9576399326888311
-37.593722025583574,31.238729667074036,129.27871750902128,93709.289309,93709.315005,0.9573160724744824
-37.72331384692563,31.28766020269346,129.715806218343,93709.302643,93709.329859,0.9801813138605387
-37.62865011259754,31.12995084308885,129.43073592485712,93709.315976,93709.340815,0.9211938263928343
-37.819406160189295,31.223731290364963,130.03652713727212,93709.329309,93709.353064,0.9442985383822616
-37.660471212436576,31.0567895556354,129.60512451845958,93709.342643,93709.366916,0.9404214097765521
-37.82169588755461,31.11563683953332,130.13426020653756,93709.355976,93709.381541,0.9801455297109527
-37.82116466044148,31.078596335756473,130.16039888152696,93709.36931,93709.393136,0.9838622838210949
-37.7453710184315,30.959651167979402,129.9617123310405,93709.382643,93709.406863,0.9696816117647795
-37.72375672360674,30.879505314498882,129.9069754547002,93709.395976,93709.419576,0.9417687761043948
-37.78070769256506,30.877768458014064,130.11370234708002,93709.409309,93709.433443,0.9705482921169515
-37.882917622110526,30.888271475370384,130.44294620548328,93709.422642,93709.44749,0.9827073863321274
-37.946628169309385,30.88431684566447,130.65412351790806,93709.435976,93709.459797,0.9375460499974482
-37.83909540192084,30.77593960243139,130.33419479225645,93709.449309,93709.479736,0.983206614893184
-38.00590807520053,30.852781604732566,130.85384004987978,93709.462642,93709.486405,0.9685089001840922
-38.026261911799494,30.82085663398323,130.90837838034614,93709.475976,93709.504547,0.9670800089133283
-38.02004152939546,30.807601717401354,130.93675057780135,93709.489309,93709.513353,0.9450041077461919
-38.123530526244785,30.85293153801689,131.19170385741958,93709.502643,93709.526497,0.969561840646674
-38.08232537663029,30.818097740404696,131.0742973214382,93709.515976,93709.539845,0.9800569116264254
-38.17742974964312,30.886014250883385,131.35521888755375,93709.529309,93709.560028,0.9595714769684245
-38.186547180502195,30.896506467338362,131.38537221702057,93709.542642,93709.568442,0.9905538065157405
-38.391711472839695,31.057604409895287,131.97081487746792,93709.555976,93709.58334,0.9666957851360946
-38.36344392807969,31.040177600641364,131.84042014515558,93709.56931,93709.596202,0.996475709841147
-38.40817594664886,31.078787810687956,131.93674481860364,93709.582642,93709.608198,0.9599492059833726
-38.349775349122545,31.05975462368032,131.67242075642693,93709.595976,93709.620739,0.9778053800109476
-38.32462190222631,31.0575632185814,131.55354782088847,93709.609309,93709.633682,0.9810631350539339
-38.41216618912454,31.150686747468047,131.79067600908868,93709.622642,93709.64747,0.9054748270388348
-38.63311382491575,31.314125799838422,132.36265192548163,93709.635976,93709.659817,0.8205782182518383
-38.581047774443576,31.308585190744132,132.12312361953286,93709.649309,93709.673999,0.996915483131583
-38.7122444886992,31.439503527840703,132.41369566679683,93709.662642,93709.686896,0.9426199964968148
-38.751642812217206,31.467815442613762,132.44032997703704,93709.675975,93709.702352,0.8686250629874112
-38.70714775493971,31.433718945093545,132.21104150433516,93709.689309,93709.719889,0.9506335101408563
-38.74679783584648,31.465798369361366,132.26366395752822,93709.702642,93709.728561,0.8239191326178004
-38.83538653225435,31.534107061016424,132.44304504601666,93709.715975,93709.741405,0.9784908805548805
-38.84001271815819,31.5332697964779,132.35864804473155,93709.729309,93709.753106,0.9628413621387046
-38.81518302612086,31.499554105492457,132.18559899927936,93709.742642,93709.766818,0.9851877705826207
-38.85012801261483,31.524488220971147,132.207390786033,93709.755975,93709.781008,0.9688845023557099
-38.857035617140845,31.506334888050144,132.14684957785553,93709.769309,93709.793008,0.9968940018155542
-38.89409030137623,31.533285826052165,132.23446337599063,93709.782642,93709.807474,0.969050134824546
-38.99818629166136,31.60874772116119,132.48915861101594,93709.795975,93709.820238,0.8673880477388867
-38.950517193267444,31.54795997969886,132.21683126489648,93709.809309,93709.83569,0.9840051967682232
-39.00609620244543,31.571447809278474,132.29977158917234,93709.822642,93709.849572,0.9888549139260807
-39.138326554973084,31.660051354965248,132.63086587548065,93709.835976,93709.86207,0.9218211215029857
-39.0957034406116,31.622913900706443,132.4216972877445,93709.849308,93709.874388,0.8559995933892819
-39.07599772548305,31.60179821736408,132.2928798267149,93709.862642,93709.886638,0.8857195159182927
-39.217024980723664,31.71081244756765,132.63692321940516,93709.875975,93709.900115,0.9300301945976439
-39.18106913931171,31.683617472715078,132.44194182512692,93709.889308,93709.914738,0.9266517294926888
-39.27048473145992,31.768356567292702,132.62326219527853,93709.902642,93709.926513,0.9537403684084342
-39.244172455207426,31.741579279420918,132.45811590898649,93709.915975,93709.939863,0.9778053800109476
-39.21009395545001,31.72960155093662,132.2890499949741,93709.929309,93709.952906,0.9747079935966693
-39.21770933678688,31.742583138273368,132.25007673041054,93709.942642,93709.966767,0.9156494461029671
-39.17774259720469,31.71103681406685,132.11348312269735,93709.955975,93709.980657,0.8937185816405167
-39.24772116041422,31.775625245083358,132.2810680518412,93709.969309,93709.993123,0.9410692451454129
-39.31263028995646,31.82676346193305,132.44900633731112,93709.982642,93710.013377,0.9187666071638264
-39.263384669485276,31.807264788752786,132.26832762157457,93709.995975,93710.020398,0.882111856031383
-39.37006866214349,31.90436823134943,132.59176927002602,93710.009308,93710.040476,0.9471890809578875
-39.31495779282196,31.87362492264697,132.40832174138419,93710.022642,93710.053487,0.9471890809578875
-39.27854160295151,31.87004570430728,132.29805604297746,93710.035975,93710.060027,0.9192068871684275
-39.30300191050257,31.895989225542372,132.33944402475456,93710.049308,93710.073336,0.9456362530954503
-39.24166852052706,31.873680429968307,132.14058028782705,93710.062641,93710.088645,0.9984927216573815
-39.18429770219673,31.833280043106427,131.9409762637628,93710.075975,93710.102329,0.979138855186112
-39.33816160131424,31.954272190838854,132.36053046379658,93710.089308,93710.114827,0.9743254930415031
-39.332484917281235,31.95907527270844,132.30400106755795,93710.102642,93710.128039,0.9896886284565343
-39.402141154886614,32.007027989745865,132.4636506196583,93710.115975,93710.140817,0.9642410313474238
-39.4537123163968,32.052872265230484,132.60320447631858,93710.129308,93710.154144,0.9838622838210949
-39.42434341854824,32.051601496426045,132.5242267199851,93710.142641,93710.167746,0.9906955573204081
-39.417787520781445,32.044267471763284,132.433088341374,93710.155975,93710.180694,0.9725857734680176
-39.26105092925994,31.94004637899308,131.95009263956217,93710.169308,93710.196156,0.9785843970916944
-39.34744512541863,32.006283066260096,132.2093419219083,93710.182641,93710.208949,0.9824899898225724
-39.33022297971508,31.99358888054809,132.12414001442644,93710.195975,93710.220964,0.9674020218796047
-39.2287548039258,31.927899610193755,131.8476742459321,93710.209308,93710.233331,0.9706326522936416
-39.38553162452861,32.04476955436459,132.27971749888803,93710.222641,93710.246543,0.938910380125736
-39.34660333653824,32.01452941496305,132.1306719982023,93710.235975,93710.260709,0.9631028727858958
-39.34505596248204,32.0189758265503,132.12450422145403,93710.249308,93710.273457,0.9618737674838455
-39.254978538595054,31.95253708628274,131.81562782468413,93710.262641,93710.287008,0.9191033106534445
-39.39139285524422,32.05572559755203,132.19596085897382,93710.275974,93710.301844,0.889060483633302
-39.43245513179259,32.08295058152911,132.29545991072405,93710.289308,93710.314043,0.9110408945418521
-39.487927660853146,32.116438414491824,132.38996526149853,93710.302641,93710.328017,0.9590835669478571
-39.43021591458223,32.06212122719367,132.14591865417603,93710.315975,93710.33957,0.9666957851360946
-39.43360033346977,32.06387165445863,132.10703755879746,93710.329308,93710.355422,0.9666957851360946
-39.493877996768674,32.09521205106446,132.2212255466191,93710.342641,93710.368654,0.9742147811365689
-39.546843950129336,32.12534035567142,132.33807717805345,93710.355974,93710.37988,0.8968193300911751
-39.462342212923886,32.06166960688362,132.03761146583972,93710.369308,93710.393082,0.9541320778510136
-39.45902536467127,32.05943056782223,131.96454485177378,93710.382641,93710.407164,0.9045882845168675
-39.412980995261975,32.03627189379417,131.78603162351317,93710.395974,93710.420507,0.8669522775418358
-39.55026304462229,32.125632535924986,132.16507406445544,93710.409308,93710.433667,0.9482156863352978
-39.498940269001764,32.080686845087655,131.89637886139653,93710.422641,93710.447341,0.9438593026234172
-39.652708046288915,32.193754123959714,132.2660495809775,93710.435975,93710.460054,0.9700545466958831
-39.64021919817506,32.18024446680188,132.17315933814055,93710.449308,93710.474029,0.9888549139260807
-39.72356750922618,32.23329831719676,132.35493086435324,93710.462641,93710.495375,0.8958556619662423
-39.55090093075922,32.099577833727196,131.79708184268594,93710.475974,93710.501518,0.9308063750194069
-39.60625604318765,32.112258709397054,131.8890299891281,93710.489307,93710.513957,0.940176852309157
-39.690025450815156,32.17088838376906,132.11585149085818,93710.502641,93710.528945,0.9898732790278753
-39.678970362913,32.14945261432939,131.9929580006869,93710.515974,93710.54075,0.9163726226546193
-39.53266873920281,32.025825540544695,131.49998321901924,93710.529307,93710.553804,0.9747462991257696
-39.789358848819724,32.19434626874891,132.16628956740453,93710.542641,93710.567208,0.9990495280526701
-39.801232174349096,32.18796979302488,132.15059092365584,93710.555974,93710.58113,0.953562014475783
-39.79089421723924,32.17989803439791,132.0917170448686,93710.569308,93710.595231,0.871162925485557
-39.83794796568889,32.20254241443423,132.1838289688431,93710.582641,93710.607193,0.8686250629874112
-39.830440542510765,32.17880574894689,132.11872768991626,93710.595974,93710.621892,0.9186439701883445
-39.782204958734695,32.14403939847664,131.9419853139244,93710.609307,93710.634708,0.9106089445368559
-39.82686170279925,32.18219969121819,132.06368228440078,93710.622641,93710.647294,0.8857195159182927
-39.76103985837068,32.130225612478235,131.84161835475135,93710.635974,93710.660884,0.8832446028175482
-39.89208086428921,32.21985021688291,132.19527472255947,93710.649307,93710.672991,0.9029861681032222
-39.83387634569121,32.17877759764182,131.96107941541771,93710.662641,93710.692906,0.8758774757024752
-39.91091913210443,32.205460659673484,132.11254056751244,93710.675974,93710.701459,0.9619941238666884
-39.94741086295261,32.22577899629397,132.17593836027172,93710.689307,93710.713594,0.9805806730288975
-39.97053693741403,32.2266107383899,132.21597413098422,93710.702641,93710.727802,0.9813619011842705
-39.98346718259254,32.22001803318002,132.19637298605778,93710.715974,93710.741661,0.8828343954769162
-40.00525164231895,32.21994937712331,132.20875219029597,93710.729307,93710.754785,0.9150856715502309
-39.97710942727617,32.184931943017396,132.0829817447613,93710.74264,93710.770372,0.9878238558255478
-39.93257896049137,32.144293437765555,131.90152523948618,93710.755974,93710.780761,0.9151453137286141
-39.980288354225564,32.16841662124998,132.02948706241423,93710.769307,93710.793012,0.8821291769818994
-40.008703034918355,32.18104714453562,132.07105436822056,93710.78264,93710.806918,0.9266863362862247
-40.00636522595897,32.17429381658252,132.0529376737819,93710.795974,93710.819749,0.8941338462977688
-40.00534766365192,32.1565670457313,131.97875821901712,93710.809307,93710.835502,0.9535379240060349
-40.13467155412331,32.236867646698066,132.27600394611093,93710.82264,93710.847638,0.9795190270274411
-40.3041365927121,32.349444446835626,132.75265974966055,93710.835974,93710.860697,0.9313550320228596
-40.27067174330348,32.30097269037358,132.58410189628395,93710.849307,93710.874605,0.8958556619662423
-40.20056650817018,32.234288809220644,132.31531567586526,93710.86264,93710.886828,0.967524156420236
-40.10921723530296,32.16119265963913,132.01942527643175,93710.875974,93710.899952,0.975190572100644
-40.14365999466802,32.17197484878969,132.09925166837172,93710.889307,93710.91469,0.9197565720654225
-40.198039261087594,32.19621315970613,132.24032443810984,93710.902641,93710.927234,0.8968738675496613
-40.24035815110289,32.217424828915576,132.35526472303425,93710.915973,93710.940123,0.9890687410910053
-40.18899479901562,32.16994439776563,132.17052826832594,93710.929307,93710.953,0.9288765569631249
-40.15469891895728,32.141092527630434,132.06006093301994,93710.94264,93710.968561,0.8912224554912228
-40.235179585741406,32.18925249345492,132.28671832018998,93710.955973,93710.980702,0.8829117900841748
-40.34062610170912,32.2598119233912,132.59085956067372,93710.969307,93710.994622,0.9464776439503486
-40.47935706031372,32.345147557183616,132.93036618212827,93710.98264,93711.007341,0.9939720741944261
-40.37594705071897,32.27376317644748,132.6360031394473,93710.995973,93711.020081,0.9192068871684275
-40.42534835945496,32.304476337714725,132.7338268283054,93711.009307,93711.033173,0.9405921446519672
-40.42201375929625,32.29639917398529,132.66690723247845,93711.02264,93711.046883,0.9225186916013933
-40.43444591938821,32.29180756093293,132.6384879396452,93711.035974,93711.059953,0.9134933636544897
-40.50594153196314,32.343843233971526,132.85136470529073,93711.049307,93711.074616,0.9479642836859462
-40.450350426903775,32.284783817972624,132.666052447949,93711.06264,93711.087093,0.9450231930702654
-40.61351712421954,32.392409231065464,133.12978479009487,93711.075973,93711.102359,0.9738214124134081
-40.49580844002983,32.304785971548874,132.7460449249407,93711.089307,93711.113816,0.998469910012493
-40.60245771173235,32.36381236203654,133.04759861953684,93711.10264,93711.126603,0.9992039347009191
-40.50487997295151,32.28256608882406,132.6884299065322,93711.115973,93711.140457,1.0
-40.52641101580555,32.290097011791715,132.7406643329437,93711.129307,93711.154684,0.9705482921169515
-40.498619259420785,32.268605915636535,132.67022890492473,93711.14264,93711.168002,0.9570373630312264
-40.47966511745995,32.23746026039105,132.5544096571719,93711.155973,93711.181625,0.9868202557056122
-40.575256349449575,32.29803318611284,132.81415939642724,93711.169307,93711.194491,0.9868202557056122
-40.58110846597066,32.286009016252265,132.79327259693585,93711.18264,93711.207851,0.9447010352816064
-40.68978831431008,32.352879686455175,133.05104723449574,93711.195973,93711.219992,0.8761084647383295
-40.669954924690174,32.33927876842936,133.0106666917778,93711.209306,93711.235218,0.9780405655928759
-40.81109275842759,32.41701585948555,133.36459525775496,93711.22264,93711.247814,0.9366419750877163
-40.839752400702196,32.427288027589704,133.40751373259195,93711.235973,93711.259464,0.9981366115490329
-40.81634946871134,32.404371811455306,133.30255977449644,93711.249306,93711.273234,0.9753184109564597
-40.7237662727612,32.328943361240256,132.97212548758398,93711.26264,93711.286438,0.9937822431634082
-40.73466457350297,32.32478251165882,132.96122702813338,93711.275973,93711.300273,0.9625514030456543
-40.65070656888893,32.24895023627137,132.6743294776989,93711.289306,93711.313059,0.9725857734680176
-40.70002992223238,32.277003989617725,132.81826667742064,93711.30264,93711.326508,0.9042957761622772
-40.71276420210323,32.27631150850665,132.80021255028538,93711.315973,93711.347321,0.9571310043334961
-40.7088327972534,32.25759010047285,132.77633213993295,93711.329306,93711.362264,0.9323541220556745
-40.70349886255113,32.23229605849478,132.7558808363697,93711.342639,93711.367214,0.9790797373500864
-40.878737797575575,32.32612963777862,133.1961353302814,93711.355973,93711.381164,0.8706442992888085
-40.87121896106128,32.31691950485195,133.16824366816954,93711.369306,93711.393443,0.9274896119023882
-41.00480222024229,32.39082492951344,133.53555898181045,93711.382639,93711.409321,0.946790398274684
-41.088773774330164,32.44222101076861,133.76747655482103,93711.395973,93711.420064,0.9051064244203941
-40.962517402925094,32.33836820118865,133.38655397140363,93711.409306,93711.435024,0.9106789352722062
-41.14299304291976,32.440080285989744,133.8676077660555,93711.422639,93711.44845,0.865210568134602
-41.049551267212166,32.35878232436246,133.560322000243,93711.435973,93711.45948,0.9161669565057581
-41.0531577578027,32.34346056517266,133.5686676763418,93711.449306,93711.473237,0.9308760797520634
-40.92395124377361,32.22793063777667,133.1903862946219,93711.462639,93711.487684,0.9272292103852195
-40.98996423223586,32.25703336303257,133.36210633849223,93711.475973,93711.50071,0.957706239077166
-40.95140873950287,32.203914310200794,133.20775995233214,93711.489306,93711.515108,0.994285463260643
-40.98170511565201,32.19834207764887,133.2602280166472,93711.502639,93711.527669,0.9191015851429903
-40.92547057531291,32.13876116639628,133.09736031179997,93711.515973,93711.541366,0.9198438918564555
-40.88812672003799,32.08739276843174,132.9549644008762,93711.529306,93711.554452,0.8741279806450826
-40.942089195549755,32.110432524334016,133.07604386598885,93711.542639,93711.568866,0.8778371968964004
-40.91493946198706,32.07582821055708,132.9924671450038,93711.555972,93711.588608,0.8614754673920253
-40.85620293253565,32.02892421184883,132.80576924481883,93711.569306,93711.593154,0.9476425067722842
-40.926409040787,32.07996813063135,133.01298658566753,93711.582639,93711.606485,0.8614754673920253
-40.81498128668651,31.99204262950831,132.6523774016754,93711.595972,93711.619901,0.9172933225994023
-40.82894876868036,32.00624871326834,132.69099631074974,93711.609306,93711.634053,0.9778063848281046
-40.793184427207024,31.982623965030033,132.56020980612868,93711.622639,93711.647654,0.8775529736553241
-40.76760927356055,31.96728869385812,132.48826620020776,93711.635973,93711.661633,0.9172933225994023
-40.71097198494225,31.918954267060876,132.26926330370128,93711.649306,93711.674192,0.9512664469662843
-40.795523440969944,31.977946242241675,132.51852342569518,93711.662639,93711.687408,0.9205252200489494
-40.726897313107074,31.937520112568123,132.3168299535947,93711.675972,93711.700198,0.9274896119023882
-40.721906734604055,31.93468012517526,132.29143873323383,93711.689306,93711.71407,0.8987601425945269
-40.71240771828954,31.936996321304576,132.27130207862768,93711.702639,93711.726516,0.9058977135128085
-40.677962205101146,31.924569686312264,132.16999520772077,93711.715972,93711.739854,0.9844051350220338
-40.681596838696755,31.950602300311,132.21850615000267,93711.729306,93711.753266,0.9663142100344125
-40.558617989885946,31.87296794763895,131.85501908837693,93711.742639,93711.773492,0.9068758756943364
-40.61169026058477,31.947760841187876,132.0270402431824,93711.755972,93711.780113,0.9910634323759548
-40.673330485781165,32.01300817373076,132.26510335617377,93711.769306,93711.794113,0.998469910012493
-40.564337437385014,31.96899835862452,131.98235285462997,93711.782639,93711.806525,0.9191015851429903
-40.558238373846265,32.00131130004392,132.02640728263523,93711.795972,93711.820028,0.8958556619662423
-40.42911123733531,31.951418358206833,131.74584285889725,93711.809305,93711.833514,0.9670800089133283
-40.346132747064864,31.940277998957185,131.62060678189894,93711.822639,93711.84684,0.9086052845290106
-40.34338728571425,32.008104083340086,131.7189668496108,93711.835973,93711.861356,0.9093945242537417
-40.12894034023734,31.919623161691675,131.24726297183375,93711.849305,93711.872582,0.9837782862440434
-40.07830275721814,31.957880215827092,131.3315138375936,93711.862639,93711.887749,0.9543336989383556
-40.02163041815418,31.98498741344856,131.35236044757104,93711.875972,93711.900492,0.9397019858665585
-39.87771703471209,31.9561208082984,131.1897727148222,93711.889305,93711.913308,0.9110279692222568
-39.59632411769625,31.840230361542506,130.64459933268162,93711.902639,93711.926214,0.9321433067321777
-39.71132391163494,32.00790208628737,131.29502872772048,93711.915972,93711.940899,0.9278270656611509
-39.45394997759437,31.912782213415547,130.88426685137915,93711.929305,93711.953911,0.8517090842329982
-39.21893161655509,31.836692889604066,130.5847345906235,93711.942639,93711.968402,0.9297536500107363
-39.18678705529001,31.926413117432435,130.91012984714982,93711.955972,93711.979892,0.9536988123255995
-38.788176203611826,31.74927977846986,130.22447318777571,93711.969305,93711.993656,0.9297536500107363
-38.59549322211799,31.71627334723319,130.12619198966408,93711.982638,93712.006925,0.9239188135113412
-38.48605007105415,31.76306074880955,130.3365976461358,93711.995972,93712.020365,0.882854582768996
-38.29035543137629,31.764027574073662,130.38346274226348,93712.009305,93712.033311,0.9912663045732201
-37.860596000397464,31.571294481593004,129.71078743008107,93712.022638,93712.047442,0.99114682460834
-37.77671634155853,31.664856242026378,130.180618566855,93712.035972,93712.060197,0.9618737674838455
-37.338720082043224,31.49813430988739,129.5889031678859,93712.049305,93712.074827,0.9479336397438305
-37.15672091263654,31.532337559700107,129.81539668590128,93712.062638,93712.08694,0.9172933225994023
-36.76241342373753,31.422241246866687,129.42285311021172,93712.075972,93712.100717,0.8828343954769162
-36.40893746619688,31.36295857675169,129.24409135461312,93712.089305,93712.11416,0.9369671351444169
-36.075299801205865,31.341043926468362,129.22609167919325,93712.102639,93712.126392,0.9674020218796047
-35.71014086174238,31.29914470123993,129.0986469422852,93712.115972,93712.140697,0.9824899898225724
-35.3540779026121,31.296717784404414,129.15335553369636,93712.129305,93712.154713,0.9703952223118569
-34.805702997602005,31.147640859742225,128.60005173515225,93712.142638,93712.168841,0.9014293718297831
-34.49797696715622,31.187984191028487,128.8280072660154,93712.155972,93712.180452,0.9590282202980764
-33.975474954064865,31.08986452879298,128.48713245513235,93712.169305,93712.192786,0.9075773726567912
-33.38157543951007,30.948240844657594,127.90805887680659,93712.182638,93712.206979,0.9677944753761013
-33.08471018739386,31.056226484666077,128.36282936199626,93712.195971,93712.219688,0.9893938544413942
-32.58050344572022,31.005184404075752,128.150700029562,93712.209305,93712.234262,0.9319126259707381
-32.05837978013143,30.953418450952334,127.96041805854968,93712.222638,93712.247185,0.9783053188649273
-31.3893613225382,30.783893466748975,127.28344774442743,93712.235972,93712.260979,0.8780647108421406
-31.005557408181392,30.861676621770894,127.63786792833231,93712.249305,93712.275151,0.9813619011842705
-30.41908347731041,30.790206708303778,127.4379851455455,93712.262638,93712.287586,0.8830189569035547
-29.84948062791742,30.71418497721831,127.18414088298452,93712.275971,93712.300139,0.9632111152227582
-29.226800150688014,30.642660929347226,126.89361989848581,93712.289305,93712.313688,0.9513584536916758
-28.697409885868257,30.6554349235073,126.94584410322341,93712.302638,93712.32682,0.9633701250802468
-28.00301383628686,30.518960186870505,126.44018814173594,93712.315972,93712.340094,0.9838622838210949
-27.36045113059851,30.465494025752996,126.19091705705621,93712.329305,93712.353028,0.8383680036764787
-26.70802818679773,30.40563309637445,125.97542807889297,93712.342638,93712.368201,0.9345744594890112
-26.123904298382428,30.4045096838399,126.06845730250951,93712.355971,93712.381054,0.9328099673775384
-25.516992664014314,30.406509764013247,126.07879836743193,93712.369305,93712.394001,0.9415117156329879
-24.820128586527375,30.28542078666808,125.65514384021702,93712.382638,93712.406901,0.9627605441271924
-24.196414707063628,30.265515916169658,125.6778241133038,93712.395971,93712.420879,0.9421417188310883
-23.5048753222032,30.15643637748155,125.37003354373113,93712.409304,93712.434014,0.9627634992511482
-22.77740615715059,30.006883868407854,124.87039267951482,93712.422638,93712.44663,0.9790215539539608
-22.118398496384867,29.928040608268297,124.66444542479388,93712.435971,93712.459284,0.963854761801005
-21.35748200218596,29.75320417253654,124.04428867743026,93712.449304,93712.47381,0.9673607226926104
-20.780862226153197,29.75885831552279,124.19884036751743,93712.462638,93712.486495,0.9811657167437359
-20.108106396486807,29.652751509438012,123.91582811419421,93712.475971,93712.500122,0.9953570969888003
-19.450097742752224,29.578687564091243,123.7162002783247,93712.489304,93712.513614,0.9526901330759466
-18.818082345925635,29.514842193815973,123.67314939201678,93712.502638,93712.526776,0.9510659710018196
-18.122291285079417,29.353899543119915,123.20951472589678,93712.515971,93712.540028,0.9791983609474746
-17.41816181835763,29.1907634855712,122.73489183644836,93712.529304,93712.554207,0.9791574838499167
-16.773787616975078,29.08232132034371,122.56273534779709,93712.542638,93712.568022,0.9845759015376476
-16.036896554603693,28.84973861792082,121.80155340312828,93712.555971,93712.57991,0.8936487221612236
-15.455629767182389,28.82523289566222,121.95915190013487,93712.569305,93712.592975,0.8692772640094356
-14.801096576570716,28.70319288829388,121.71407194409336,93712.582638,93712.60722,0.9564699225648069
-14.204412812800024,28.643814286914562,121.71477872227416,93712.595971,93712.620599,0.958975517395308
-13.585007428645733,28.531502360279507,121.56268523810198,93712.609304,93712.635494,0.9796743797655498
-12.950710833953934,28.403233347648598,121.23131050953806,93712.622637,93712.648283,0.9666319066997255
-12.310197174141159,28.211478158248863,120.8343096656751,93712.635971,93712.660165,0.926888218625514
-11.703390098483082,28.078475242014637,120.64039479296306,93712.649304,93712.673437,0.977418770179169
-11.086457243570086,27.922248328999167,120.33150964434283,93712.662637,93712.686682,0.9678095726589014
-10.581949873339703,27.907143457192042,120.63155676342505,93712.675971,93712.701205,0.9536728114181028
-9.968838941358717,27.684309794373466,120.07702579365586,93712.689304,93712.713403,0.917708629050953
-9.40787444107593,27.566355309825337,119.87415025499594,93712.702638,93712.726822,0.9837434768676758
-8.897466188402145,27.50772421371008,120.02547075755001,93712.715971,93712.741967,0.9767096901634613
-8.317074193701691,27.310410894702425,119.56612998431092,93712.729304,93712.753166,0.9803740873928718
-7.756438081672129,27.120103477157848,119.01238742458457,93712.742637,93712.768944,0.9434037195494661
-7.290847576110197,27.09239312099,119.31866410917267,93712.755971,93712.782031,0.9463640058312627
-6.749970015423965,26.877804764710937,118.72108359299105,93712.769304,93712.79442,0.9702650859261777
-6.2566809338132545,26.76296701847389,118.54117413959493,93712.782637,93712.806337,0.9702650859261777
-5.773218851841619,26.624866020766653,118.31382583446616,93712.795971,93712.820005,0.9563962919452376
-5.34694354517704,26.608661279019596,118.54158365506906,93712.809304,93712.835252,0.9608610014546879
-4.8900034267212105,26.473853090819787,118.26642437630386,93712.822637,93712.846423,0.802374330151515
-4.446030322174729,26.35880093948751,118.06826749522318,93712.835971,93712.859695,0.9805806730288975
-3.9934948014314293,26.137464440960734,117.3106741891574,93712.849304,93712.874938,0.979330258354479
-3.6053584606159563,26.118850827017862,117.47132498977233,93712.862637,93712.88631,0.9831410418148038
-3.2366800549508588,26.031571481736595,117.35677818388709,93712.87597,93712.900783,0.8537412600462247
-2.834275762614441,25.878307176213994,116.99042162245638,93712.889304,93712.914453,0.9495644209246197
-2.4920007206134898,25.776835774663816,116.8163777489788,93712.902637,93712.928466,0.8304548214376949
-2.137936353247558,25.719560952761782,116.86434725274358,93712.91597,93712.94118,0.9963537756370131
-1.7887657376964645,25.543781218663128,116.31992490734763,93712.929304,93712.953691,0.8831792554389628
-1.4828286835636764,25.51297457626879,116.48788145185455,93712.942637,93712.968055,0.9739985671979594
-1.1651648337205383,25.310855835327867,115.88434990057286,93712.95597,93712.979645,0.8649241684023559
-0.865243824845366,25.191824924677736,115.71019980213944,93712.969304,93712.999734,0.8646102916976088
-0.5876264655910712,25.154413252310157,115.75986634165747,93712.982637,93713.00788,0.9891231349472276
-0.3074925128187351,25.032089550292092,115.56754849979215,93712.99597,93713.019934,0.8645818737342972
-0.035236103782762596,24.943722397614337,115.42951625472803,93713.009304,93713.033615,0.830465998728279
0.21763326005032346,24.787684797943733,114.98889090193218,93713.022637,93713.048667,0.8324538457723137
0.4752233388911552,24.674994753080284,114.71731200004098,93713.035971,93713.059729,0.8759347128888644
0.6984901738874593,24.632565986000216,114.80782339452117,93713.049303,93713.073611,0.9640951090140466
0.9330568429776516,24.399607057988064,114.01295834267309,93713.062637,93713.086205,0.9350419807780396
1.136826691564963,24.440781462316604,114.40126103914947,93713.07597,93713.100332,0.9663726206476958
1.3566986760650963,24.2556546802007,113.75375238711169,93713.089303,93713.114088,0.860800541146798
1.5298272115442604,24.150234779638563,113.38030662822949,93713.102637,93713.126637,0.9198696947373315
1.717647328160214,24.156541750932284,113.55389204760459,93713.11597,93713.141128,0.9999865409413495
1.9097411248780218,24.027129418551038,113.0716933918033,93713.129303,93713.153379,0.9809998617306422
2.0583051517426285,23.993956704723995,112.97621575181718,93713.142637,93713.170083,0.9374951918635992
2.223604581400545,23.935371668040986,112.82082170010719,93713.15597,93713.180445,0.9934207357792216
2.368219211421492,23.886607430808464,112.65156300787274,93713.169304,93713.1933,0.9437998145780023
2.5043096209121325,23.758569640339445,112.11728473481028,93713.182637,93713.206832,0.8534141014481006
2.644078850219711,23.672619313459926,111.80858308130404,93713.19597,93713.219625,0.9800372216662518
2.757314891817334,23.61899544751904,111.54032855565697,93713.209303,93713.235828,0.9722509614004465
2.8791527212984165,23.57168199925902,111.37596992555639,93713.222637,93713.247721,0.923357661158146
2.9902255890266813,23.451987431748424,110.81804190198478,93713.23597,93713.263395,0.762808082663109
3.0928956929201505,23.368538492201093,110.39718592997612,93713.249303,93713.27429,0.8208860625852791
3.1786661668934015,23.3964786580064,110.51004261201014,93713.262636,93713.286585,0.9702520270714797
3.2667144690432695,23.289644695565602,110.02696856493154,93713.27597,93713.300145,0.8483984256818206
3.352590448392325,23.186932121697414,109.57454787489418,93713.289303,93713.315163,0.9089173446441869
3.3933673908668087,23.169082587012646,109.4802298645491,93713.302637,93713.326576,0.9823826163312341
3.4698579561569085,23.029965652216315,108.78302976853648,93713.31597,93713.340113,0.8387108456767992
3.501925895005178,22.93497396814351,108.33916829843666,93713.329303,93713.352865,0.9675411833360986
3.5545436771369947,22.83930805165294,107.83690685261368,93713.342636,93713.367207,0.8994922477728708
3.5760280975846457,22.800135944144955,107.53288667404014,93713.35597,93713.381597,0.9344551772257179
3.6023580358358824,22.708773698959035,107.07888683704635,93713.369303,93713.393318,0.9427357839619931
3.6218859468739684,22.599571375090683,106.51933804922623,93713.382636,93713.408519,0.9275102199063462
3.624343143503694,22.506659685107778,106.00518604556166,93713.39597,93713.42098,0.8497158665049536
3.62640430234238,22.3849878658614,105.40552154784773,93713.409303,93713.438489,0.8567305122827812
3.6325262843012185,22.34568376117043,105.15505664612913,93713.422636,93713.447419,0.8318842011746566
3.6123994186653356,22.248014433238364,104.66299734571545,93713.43597,93713.459762,0.8942271226846121
3.5807183723783016,22.117954678615405,104.01690091097277,93713.449303,93713.473496,0.909953975373232
3.5510866966919594,22.02639337202468,103.56226525623951,93713.462636,93713.486447,0.889186930772932
3.50507193717055,21.858925220616776,102.7648659916926,93713.475969,93713.501775,0.964247505207439
3.4599209473033206,21.76215188374064,102.37507531421136,93713.489303,93713.514794,0.9221298625098313
3.4005518350399973,21.598927542882674,101.6064013181947,93713.502636,93713.528764,0.8673763833148952
3.3423365537300014,21.454674372924476,100.9596762902211,93713.515969,93713.541303,0.9711374060769824
3.273419322741741,21.339253457615875,100.46749482757232,93713.529303,93713.553189,0.9038550577862746
3.2045725040282242,21.143325930126068,99.62169326791786,93713.542636,93713.566803,0.9440061682736094
3.124019684322659,20.970742582712553,98.83796854256916,93713.555969,93713.581815,0.8759966415850259
3.060998026881639,20.81523969006405,98.1395341018888,93713.569303,93713.593043,0.9220968969997362
2.993119107935176,20.642950096811045,97.325971691902,93713.582636,93713.6069,0.9944476852664448
2.9364992538642776,20.459486464855143,96.46505293698462,93713.595969,93713.620029,0.8845565820639817
2.870436687230437,20.32481863522846,95.85882906066988,93713.609303,93713.634476,0.9819263660929164
2.7977040397038984,20.131289081559117,94.92663223267195,93713.622636,93713.647905,0.9552721913582214
2.7175543179571027,19.948880151112043,94.14564144274209,93713.635969,93713.659873,0.9820688642513936
2.6368533375759955,19.709662881774918,93.18878621100372,93713.649303,93713.675062,0.9808229425948664
2.526405989915228,19.5239415477687,92.53947158304298,93713.662636,93713.687588,0.9729736716672127
2.4339497118641398,19.292134694494564,91.64538862319404,93713.675969,93713.701176,0.9429655855661437
2.337169582896821,19.060234565800474,90.88757295452949,93713.689302,93713.71468,0.891745384176002
2.235623057406571,18.850669112137624,90.13634849510544,93713.702636,93713.726621,0.9623243877065407
2.1419560111309908,18.613990227383653,89.32008961045366,93713.715969,93713.739927,0.9346342696606307
2.04926547904619,18.379935010227513,88.5177964094211,93713.729302,93713.754966,0.9377964879041529
1.9513465123562679,18.170638797289556,87.94059485521399,93713.742636,93713.767249,0.8893115941745815
1.8507330139866602,17.88857726493055,87.07467522773875,93713.755969,93713.780848,0.9410683584048424
1.7588766056167153,17.62372280677392,86.26390652089938,93713.769303,93713.79404,0.997562234244019
1.6631326152817623,17.368371489555997,85.53941759091246,93713.782636,93713.808469,0.9200507222370533
1.5748740976879685,17.07133827883895,84.73162467611274,93713.795969,93713.820241,0.9298782236759734
1.4881127292876637,16.757022685461994,83.95953933459309,93713.809302,93713.835014,0.9973294381177676
1.4014706815028077,16.479699740714068,83.32615653395453,93713.822636,93713.846713,0.9719569773358255
1.3134158905815567,16.16985664000544,82.5689677455238,93713.835969,93713.860171,0.9566143060790941
1.2444968595630592,15.838867335175616,81.8981392603524,93713.849302,93713.873808,0.97091263269752
1.180487856741196,15.500423787953164,81.13818271451233,93713.862636,93713.887342,0.9262306642065735
1.1037532984408658,15.201182873465845,80.60763708371458,93713.875969,93713.906827,0.9792335285304179
1.0541461632970113,14.848961652169956,79.83246600020819,93713.889302,93713.914234,0.907685781691107
0.9883244797168879,14.554345927725862,79.34702811908095,93713.902636,93713.927935,0.9797050931342747
0.9573760900255721,14.22542411660567,78.68470115567398,93713.915969,93713.940086,0.9055158673824726
0.928885999764028,13.91569796162549,78.15647398191717,93713.929302,93713.953795,0.9957267354545879
0.9051446013480077,13.611030033542214,77.72872033966303,93713.942635,93713.967427,0.9652274389628007
0.8931613365153507,13.26206654448941,77.11922642589813,93713.955969,93713.981103,0.999321112229908
0.8899783433648047,12.917757073214405,76.60912214817719,93713.969302,93713.993613,0.9732297819641986
0.9051944703251635,12.527551064865959,75.93211134917937,93713.982635,93714.007245,0.9364671996774021
0.9285291245173891,12.165228986051964,75.48933424274348,93713.995969,93714.019781,0.9882354383110351
0.9624193956644432,11.783090863933388,74.97434935789818,93714.009302,93714.033825,0.9779431952800524
1.0090628299946272,11.412025620866245,74.54889574776192,93714.022635,93714.048382,0.9821895196220001
1.0646823306522002,11.01899542865503,74.05412499328357,93714.035969,93714.060021,0.9883263282948193
1.1380339643157993,10.602351784645519,73.52676254052953,93714.049302,93714.074879,0.999321112229908
1.2170802065110984,10.173043199991824,73.0816930628795,93714.062635,93714.087905,0.9932435906695898
1.312860271776256,9.724640465386706,72.6294353719035,93714.075969,93714.103438,0.974362536968435
1.4209398546594756,9.270362769510076,72.23770316359689,93714.089302,93714.114656,0.9913844327610254
1.5405940307627317,8.806734581995677,71.88497203833025,93714.102636,93714.126588,0.9630973980954451
1.6807921165024342,8.315232864982528,71.41620434330292,93714.115968,93714.139788,0.9841703668148213
1.8163448790148182,7.82671992026295,71.12466457449997,93714.129302,93714.153093,0.9417687594038967
1.967139729370086,7.29324379489168,70.67207846242317,93714.142635,93714.167204,0.9927445180065684
2.126727758440802,6.752752201449614,70.30539467076359,93714.155968,93714.181519,0.9718417167298226
2.302360547072938,6.217422210429938,69.97351703900158,93714.169302,93714.193395,0.9913844327610254
2.4857893101551705,5.683408976051313,69.62343624091993,93714.182635,93714.207979,0.9153311328547912
2.6810626414908363,5.157015167190844,69.30797400619231,93714.195968,93714.220107,0.9577842329516335
2.87751583028564,4.625599328775294,69.01883552403491,93714.209302,93714.237755,0.9759564524476888
3.081316344574672,4.0924890253872315,68.67240746712024,93714.222635,93714.24688,0.9620278195036829
3.290290848461791,3.559084270690911,68.38858426403033,93714.235969,93714.259901,0.964024090765473
3.501466062227927,3.040777733219518,68.13250552271685,93714.249302,93714.273171,0.9536263701066098
3.714011658279612,2.5272622694872373,67.88173582153304,93714.262635,93714.286519,0.9782205135617497
3.9242393985979227,2.016567544997119,67.64336636429525,93714.275968,93714.301826,0.977839347982928
4.139300625771834,1.4972563191660075,67.42983793818296,93714.289302,93714.31986,0.9905960453475369
4.361902560222987,0.9893968396491825,67.29496500792192,93714.302635,93714.32825,0.9839966296688725
4.585466542529687,0.4754022632012576,67.11757731600525,93714.315968,93714.341149,0.9398443418130807
4.816860493839346,-0.033379260418377604,66.91099668237267,93714.329302,93714.353283,0.9586955463356758
5.053504413719377,-0.5228479418759268,66.82358740491196,93714.342635,93714.367552,1.0
5.294693475455318,-0.995578031766564,66.70952519867629,93714.355968,93714.381391,0.9974152677250231
5.546331052116266,-1.4589232241678287,66.60916020226362,93714.369302,93714.400219,0.936278364293808
5.805492809279032,-1.904410953593882,66.46460056766735,93714.382635,93714.406671,0.9421045816941839
6.073004334576263,-2.3588897896972485,66.41639451361732,93714.395968,93714.419731,0.9883562513768025
6.342743382870394,-2.793952468509648,66.41429610281288,93714.409301,93714.433535,0.9563618287752893
6.618949270989731,-3.218383295713814,66.35786576019767,93714.422635,93714.448251,0.9933754513708627
6.897170218494323,-3.6344264128900488,66.3025619072735,93714.435968,93714.459956,0.9467856739573489
7.185407214084279,-4.052820482060596,66.33578011769228,93714.449301,93714.474786,0.9866207564599057
7.469530844535216,-4.447489312621107,66.31468603369918,93714.462635,93714.487893,0.9969424108985132
7.76294097104378,-4.82194213681198,66.34385121689184,93714.475968,93714.503575,0.9516269492748853
8.066104545973454,-5.191746249633816,66.3404768351128,93714.489301,93714.51444,0.995908307166488
8.372082351605341,-5.545318739393813,66.43073599998102,93714.502635,93714.526619,0.9432194900322396
8.684349536972935,-5.878685112256273,66.45199057514544,93714.515968,93714.540165,0.9577842329516335
9.006975094277601,-6.1984689556194095,66.51660813640598,93714.529301,93714.553296,0.9743257820927724
9.336978113133695,-6.51013509560505,66.62014569349515,93714.542634,93714.567004,0.9992832426741534
9.673607466704947,-6.799690406774706,66.7433683552587,93714.555968,93714.581307,0.9882874202253223
10.012921706217055,-7.069669286333128,66.8404034098625,93714.569301,93714.593256,0.993727628975176
10.35786714498204,-7.319764096269481,66.92402826354606,93714.582635,93714.608491,0.9541561507624982
10.69623246609237,-7.539802749116042,66.98499101138069,93714.595968,93714.621024,0.9437167457331817
11.05335371838141,-7.770045457063155,67.13375467556374,93714.609301,93714.640932,0.9069484336937476
11.42025793711731,-7.964572703099934,67.24237790020138,93714.622634,93714.648269,0.9797769461492888
11.807405729693194,-8.158068783863607,67.42788532630269,93714.635968,93714.659697,0.9612295708594614
12.193893716400678,-8.321546255870272,67.51236584087887,93714.649301,93714.67372,0.9419948946345564
12.598949624863902,-8.4911609194239,67.66588591802696,93714.662634,93714.687232,0.9135116996954098
13.017531543022326,-8.661552032423579,67.87779031848792,93714.675968,93714.700621,1.0
13.423300738957499,-8.813827671418998,67.92706186115205,93714.689301,93714.714393,0.989854215659723
13.862775744934972,-8.988827095846744,68.18170208006048,93714.702635,93714.726903,0.9755032848095997
14.292386612954774,-9.148937112225372,68.31950875404712,93714.715968,93714.741635,0.9691893181108256
14.711918327113723,-9.29371726228532,68.4452378748323,93714.729301,93714.753437,0.9390751699984348
15.148754197845523,-9.45843763691631,68.69896204309151,93714.742634,93714.771961,0.9886655142175296
15.554632271896685,-9.589542596276539,68.80164421592005,93714.755967,93714.781713,0.9596201424755507
15.961434173124875,-9.705232507577099,68.95495110476558,93714.769301,93714.793719,0.9161073921505213
16.373000787329982,-9.806734603911528,69.12386806522366,93714.782634,93714.807028,0.935518216703943
16.769746267824768,-9.88452169998086,69.28331470425394,93714.795967,93714.819845,0.9392631100114018
17.17263004456535,-9.9660754279605,69.48012139399647,93714.809301,93714.833598,0.9841018164388784
17.555621742104076,-10.03073831790858,69.61707789209648,93714.822634,93714.848397,0.948454030493414
17.94053497613034,-10.098013643036412,69.78197776264625,93714.835968,93714.859819,0.9162254747226648
18.328041543412976,-10.169910243891179,69.97826984022333,93714.849301,93714.875293,0.9356068827083269
18.68573074408623,-10.237887958926107,70.07146269629075,93714.862634,93714.886771,0.9596439126725845
19.04068940785746,-10.301063786183907,70.19292053586885,93714.875967,93714.904382,0.9133884931593372
19.40999370814376,-10.379012500606231,70.427756358464,93714.889301,93714.914585,0.9542148928523488
19.728888224971065,-10.432074656414938,70.45285424983065,93714.902634,93714.926455,0.9691507434772744
20.070443233942253,-10.49424315064558,70.63733422229224,93714.915967,93714.939858,0.947295820545415
20.39693376128798,-10.55987418798406,70.76829830138836,93714.929301,93714.953434,0.9354881681107573
20.690096953220365,-10.604976651034349,70.8321352686063,93714.942634,93714.967433,0.900920321432746
21.0036469925653,-10.677683504520019,71.00299698955581,93714.955967,93714.980816,0.9290795006352871
21.287442786939764,-10.73041313035496,71.08815432106766,93714.969301,93715.002199,0.999394864405703
21.588910978620042,-10.813705774106339,71.31311982891233,93714.982634,93715.007305,0.9194264224161247
21.856283469010204,-10.873277189433516,71.41100240663734,93714.995967,93715.020013,0.9599477686022819
22.0975953351574,-10.926847639552452,71.43487210924783,93715.0093,93715.038358,0.9554499513177326
22.36138577006524,-11.001912734117443,71.60303382358113,93715.022634,93715.04693,0.9289180117947052
22.60757522215711,-11.068305986788877,71.70160406183948,93715.035967,93715.060199,0.8971185031840738
22.843127969910874,-11.136950014721348,71.78829094634516,93715.0493,93715.073549,0.9374767739001052
23.05127935974014,-11.201082163471648,71.82157609835089,93715.062634,93715.086307,0.9297600695961207
23.283465196721103,-11.278524450606064,71.96827440639296,93715.075967,93715.102451,0.8826140405669033
23.52964415965176,-11.374197683868411,72.18282921923493,93715.0893,93715.114335,0.9345811674346295
23.696714401717305,-11.430460463974137,72.14513339570354,93715.102634,93715.130115,0.907793515200288
23.9020513759595,-11.50609753864593,72.26927861731919,93715.115967,93715.140668,0.9472716659755173
24.073680042572978,-11.573162782504367,72.31310578405339,93715.1293,93715.153763,0.8909189439296602
24.255040532936007,-11.649668689004567,72.43273403370364,93715.142634,93715.167053,0.9203743964139066
24.427618614558355,-11.719623965739673,72.50828735926788,93715.155967,93715.181689,0.8858553930676288
24.606631928656533,-11.790565631117373,72.63158397902401,93715.1693,93715.193238,0.9123590489051568
24.763716642219674,-11.84931278344283,72.70744570413682,93715.182633,93715.206569,0.9296861905597473
24.93190290489821,-11.899635121220014,72.82025110666777,93715.195967,93715.219712,0.8971152271280074
25.026950955633065,-11.90847870997413,72.70960290236715,93715.2093,93715.233511,0.8654762867572298
25.202874862755817,-11.962451775567825,72.91173528590643,93715.222634,93715.248334,0.9472360271278581
25.314494604467495,-11.983787750080447,72.91090601124642,93715.235967,93715.259816,0.898648960652302
25.459896207869907,-12.012661356462546,73.02838846083463,93715.2493,93715.275059,0.8607378973990952
25.572148719684385,-12.023018639315419,73.06095991950012,93715.262633,93715.286652,0.7977493919303302
25.680390768294625,-12.040645349945098,73.10808985759137,93715.275967,93715.304558,0.8753625163847811
25.774352475180386,-12.05025739564477,73.1119314835545,93715.2893,93715.314817,0.8802759762154208
25.869318926732767,-12.066767056937147,73.14333683139445,93715.302634,93715.326489,0.8626855498046876
25.993658483970147,-12.102345336500356,73.28546873675587,93715.315967,93715.33995,0.8442011781432274
26.05861983238845,-12.099960446859649,73.24270394985108,93715.3293,93715.352848,0.8922482379963059
26.153901861901474,-12.119409892420885,73.31030736434354,93715.342633,93715.367419,0.9316029930740799
26.21280425971573,-12.124651174255742,73.26719046596678,93715.355967,93715.381031,0.8922816892840582
26.32023252970789,-12.160908634015748,73.41740814636553,93715.3693,93715.393515,0.8830028945939328
26.366944570083167,-12.163155428406094,73.36533019991745,93715.382633,93715.407083,0.9101147027419914
26.452328830212593,-12.186403355102398,73.44352027861281,93715.395966,93715.420246,0.8321317997365182
26.520153245393598,-12.208609254816812,73.47929867437853,93715.4093,93715.435184,0.8503066541662205
26.584509456995196,-12.231536681655756,73.50525099906912,93715.422633,93715.447056,0.8922482379963059
26.660965733275408,-12.253852318878566,73.58168652819668,93715.435967,93715.459928,0.909323624266902
26.686599637507133,-12.255952953048146,73.53662324411671,93715.4493,93715.47376,0.8644139899638559
26.75253621413421,-12.279803842225757,73.61655006658732,93715.462633,93715.490719,0.8406510652521328
26.785702725010648,-12.285658184010263,73.58715759882075,93715.475966,93715.502246,0.8550330805505948
26.806073831061198,-12.297147760953164,73.55311125732891,93715.4893,93715.520289,0.9213477770987429
26.872976236927194,-12.323363465036383,73.69122529242922,93715.502633,93715.529335,0.8506966318895546
26.90677245589773,-12.332996728777793,73.72200498507065,93715.515966,93715.540596,0.8195251575175484
26.889802820347054,-12.319477966045255,73.61565371040192,93715.5293,93715.553102,0.866064247182756
26.929433099382234,-12.335592668218801,73.72301953411746,93715.542633,93715.567551,0.8639654500600865
26.917221958469288,-12.325119542563883,73.65643991790002,93715.555966,93715.581334,0.9093978717383849
26.935087419922432,-12.325449872562473,73.7026588218416,93715.5693,93715.593231,0.9265194361603915
26.920320059903744,-12.304414167019013,73.66987478164187,93715.582633,93715.606904,0.9221399012690773
26.935115301379817,-12.298690162467476,73.73452318196544,93715.595966,93715.619526,0.9230092710857571
26.907390085685574,-12.28070272418132,73.6863703204455,93715.609299,93715.634093,0.8390767581289751
26.913849776578083,-12.279840127038922,73.7507757501019,93715.622633,93715.648454,0.8790087456259534
26.88767116116389,-12.258999517629102,73.7275474352183,93715.635966,93715.659674,0.9098172495237301
26.891376956970454,-12.24744555758328,73.77164194251924,93715.649299,93715.679289,0.9046295505114419
26.882801057084297,-12.22926403296508,73.7990669686871,93715.662633,93715.686837,0.9074149070545697
26.83146409442398,-12.192459767555036,73.68863858044509,93715.675966,93715.70404,0.8991194880421738
26.79839135227565,-12.171329863882544,73.65239464563156,93715.689299,93715.713914,0.8916416169391967
26.832126698981554,-12.188104181871282,73.82693370440772,93715.702633,93715.726409,0.8144677331300347
26.768849192871592,-12.14673942145871,73.67372320653283,93715.715966,93715.740035,0.8748437654519768
26.75487312049164,-12.138350082895032,73.69785559248618,93715.729299,93715.753979,0.9362578759652744
26.71620296737971,-12.11629987618591,73.66018690424595,93715.742633,93715.768122,0.8610194113854005
26.718098788904555,-12.125616263217632,73.7450248317631,93715.755966,93715.782826,0.832119639002691
26.697119433005984,-12.125917695799568,73.76540011568271,93715.769299,93715.795848,0.9098183479034402
26.638059423812457,-12.118109361533406,73.67730398381728,93715.782633,93715.807492,0.9118808632313735
26.592155151089013,-12.112836231173507,73.63406555475075,93715.795966,93715.821561,0.8832142076438003
26.600824464160567,-12.132519021326626,73.74750656433548,93715.809299,93715.835545,0.8934066041190757
26.524920482718628,-12.118019066484274,73.62544051114276,93715.822632,93715.846493,0.8736052282492078
26.5307351561505,-12.149952196348584,73.77633756153293,93715.835966,93715.862841,0.8713220173865647
26.467847004353874,-12.149290102825146,73.67804483932777,93715.849299,93715.874954,0.9169749270807693
26.42189610259786,-12.158242110810932,73.67482650046817,93715.862632,93715.886747,0.8302286841153969
26.384355488655427,-12.163473167038605,73.67588693904851,93715.875966,93715.902036,0.9841784487023614
26.326737213219065,-12.159064089619827,73.61749059892166,93715.889299,93715.92093,0.9034107907477008
26.281991428571768,-12.173590292972456,73.63421042303864,93715.902633,93715.926379,0.9567991783683719
26.245601940328946,-12.171855683329795,73.64617497265453,93715.915966,93715.939977,0.8303981370473164
26.17729050466701,-12.174028792530352,73.58903516276273,93715.929299,93715.952963,0.9462951850302025
26.126643141459773,-12.171220305624658,73.57191462954235,93715.942632,93715.96732,0.8779834535872099
26.10103928212384,-12.186768018285862,73.6495336928189,93715.955966,93715.980758,0.9986542068588856
26.016434930565612,-12.149440902223862,73.50813609925179,93715.969299,93715.993933,0.8805515108593924
25.955514183442915,-12.14053183147434,73.47683605108604,93715.982632,93716.008679,0.9603923071913611
25.92136623845832,-12.132098641306817,73.50635502921888,93715.995966,93716.020587,0.843257459988404
25.864153704346798,-12.121831679603828,73.47274806851824,93716.009299,93716.035355,0.879969600115732
25.814023698584624,-12.128010531443916,73.47473639042792,93716.022632,93716.047214,0.8805032767671899
25.754235054565427,-12.13711359603213,73.45011764328935,93716.035966,93716.06643,0.9895560476418277
25.702350697189512,-12.15375783627172,73.44482746278175,93716.049299,93716.074249,0.9335187826822118
25.61114214904145,-12.151468534132352,73.31468331011492,93716.062632,93716.086568,0.8772752251586549
25.576527207190352,-12.181465870018847,73.38116132199428,93716.075965,93716.101365,0.8921683435217203
25.511566841771188,-12.184641421979094,73.300765950033,93716.089299,93716.117803,0.9168085168779885
25.459646445459935,-12.199451291088577,73.29450072734996,93716.102633,93716.130601,0.9137218246011676
25.402481209404492,-12.200741800570583,73.23041685688725,93716.115965,93716.140458,0.8816195472333005
25.38583041302723,-12.21069946605111,73.25942411305698,93716.129299,93716.159912,0.9224873851330415
25.36059772370434,-12.226279917639612,73.28975783134312,93716.142632,93716.16927,0.9025056058598586
25.319753481009773,-12.22005629754818,73.23656436075426,93716.155965,93716.186309,0.9025109914559722
25.286281889282787,-12.22444200531917,73.21235798562053,93716.169299,93716.193681,0.9132189759940835
25.252554398184838,-12.23754925866081,73.21381858188006,93716.182632,93716.21538,0.8841800300580653
25.209774605882643,-12.235578374640903,73.15314588769584,93716.195965,93716.224089,0.8582402172006218
25.192562945555952,-12.246934295223197,73.16764876020717,93716.209299,93716.233975,0.8704481810095889
25.149280976430376,-12.25802440466903,73.12137079548837,93716.222632,93716.250113,0.8639004228555474
25.15460138408387,-12.296038488630476,73.22365262044413,93716.235966,93716.266849,0.9252651380315691
25.08948912384676,-12.295263119715086,73.10113303497052,93716.249298,93716.274968,0.9372906008652209
25.083584136649165,-12.326214746620355,73.17907486852334,93716.262632,93716.295464,0.9341544854330245
25.03543888235034,-12.326160123349855,73.09740639774873,93716.275965,93716.308886,0.8637962193169003
25.011849683766,-12.340285894133537,73.09839076292685,93716.289299,93716.315283,0.9189831794612369
24.97298778068445,-12.344617792983742,73.03620652686564,93716.302632,93716.328743,0.9365019249001637
24.9517097830367,-12.36563861431643,73.03764460352222,93716.315965,93716.341695,0.9312565180275689
24.927083293718514,-12.377604169634644,73.03516273108043,93716.329298,93716.360101,0.8667192774503087
24.92001632538947,-12.397106213824468,73.0495644293732,93716.342632,93716.36883,0.8623677408541901
24.900525947416085,-12.416285402387437,73.06526283219952,93716.355965,93716.381987,0.9138329405891198
24.84918334763302,-12.423807435686703,72.95939365391668,93716.369299,93716.394005,0.8829501019554646
24.857993404682922,-12.470756383888176,73.05960573398144,93716.382632,93716.415537,0.8681420230784749
24.82656624649739,-12.48758537056738,73.0476946239507,93716.395965,93716.422385,0.8443920485856196
24.773752116155034,-12.487748049817423,72.92701153427252,93716.409298,93716.434629,0.9056828279637782
24.745461322647703,-12.50559231151523,72.88955413021156,93716.422632,93716.448692,0.9373648749754203
24.731157944176697,-12.534448060306058,72.90233876927545,93716.435965,93716.469657,0.9098172495237301
24.719323905596735,-12.554985309726579,72.93258769300436,93716.449298,93716.474,0.8417464001497208
24.716750209126836,-12.57330310090914,72.9606301465826,93716.462631,93716.490726,0.7970274829498364
24.674210130072865,-12.561311289628325,72.85681757318393,93716.475965,93716.501919,0.887529715486834
24.661458547109127,-12.568164149790404,72.84419808596294,93716.489298,93716.516617,0.9303263810591054
24.617612595804644,-12.559028518391013,72.72084304167603,93716.502632,93716.531549,0.9482382357907849
24.634026810544867,-12.579839452145729,72.81067863307808,93716.515965,93716.541536,0.9091196429263599
24.62961775967026,-12.58389727346915,72.82565699367079,93716.529298,93716.555907,0.9157721740769289
24.631843645940936,-12.594104060190306,72.8398676419465,93716.542631,93716.577108,0.8898714165516288
24.61341317080751,-12.587561722133028,72.79452659649533,93716.555965,93716.590478,0.8971493349167364
24.586668501137837,-12.57117219844624,72.71991885486128,93716.569298,93716.600336,0.8784837943901741
24.591246755001052,-12.579331237246977,72.74738793674356,93716.582632,93716.615372,0.8704413994693891
24.59605455611528,-12.581722940538445,72.77478114831803,93716.595965,93716.620479,0.921932135315405
24.58244015334867,-12.56994960961399,72.72551514662827,93716.609298,93716.6411,0.8783314300201961
24.582665805357628,-12.574452266825165,72.72125294132555,93716.622631,93716.647132,0.8850468806837827
24.57977138964724,-12.567771525537253,72.71791678450629,93716.635965,93716.660812,0.8783314300201961
24.592564220099796,-12.571837446354303,72.75760954329473,93716.649298,93716.682255,0.8605455665017276
24.581721239981395,-12.56056595502013,72.72130759458126,93716.662631,93716.687007,0.8468100038263013
24.576099034113916,-12.555669600697543,72.71385748172224,93716.675964,93716.701038,0.8610189644876222
24.57726321741048,-12.554807104182382,72.71217166912686,93716.689298,93716.714691,0.8573500979687799
24.566327843424105,-12.542071315505106,72.66292880140136,93716.702632,93716.731765,0.8665255403340105
24.552861405009367,-12.525216373800184,72.60496288454607,93716.715964,93716.740488,0.8312753046051157
24.564656515302804,-12.531726029704451,72.64479586982738,93716.729298,93716.753919,0.8186973405704703
24.591256337795894,-12.535375117423646,72.71549519168454,93716.742631,93716.767324,0.8528210931323715
24.575785042437346,-12.524801029364886,72.66574672611716,93716.755964,93716.780449,0.8943055294849883
24.588974821754967,-12.52773294592994,72.69209738439557,93716.769298,93716.793069,0.8793590263300756
24.590207069764407,-12.521633799590058,72.68097201817606,93716.782631,93716.806642,0.8628972389975541
24.590778623564958,-12.520441203760425,72.67385109920978,93716.795964,93716.820087,0.8904015111890314
24.621652861917152,-12.532799885081738,72.7555079190475,93716.809298,93716.836992,0.942116711995879
24.592332934636215,-12.515308949961884,72.64422977377855,93716.822631,93716.853456,0.9140219734519595
24.60326759410332,-12.524628941436264,72.69005672185244,93716.835964,93716.861345,0.9142882304724717
24.614554037283362,-12.527366224102662,72.70293604293805,93716.849298,93716.875255,0.9160006920928393
24.599035415082344,-12.526806049529485,72.64356687586172,93716.862631,93716.886978,0.8761129053320758
24.62789535753497,-12.543825599682696,72.72479405378417,93716.875964,93716.900896,0.8911587953841975
24.613257541369464,-12.550340602604601,72.66437044086634,93716.889297,93716.914559,0.8734931872071751
24.610799662841877,-12.555288132041348,72.64761311770502,93716.902631,93716.928658,0.9180211027437566
24.632227188687846,-12.57518517754707,72.70605397247098,93716.915964,93716.940745,0.9137218246011676
24.62441912213339,-12.5737798268737,72.65898503288518,93716.929297,93716.954719,0.9250221180538947
24.63982333495362,-12.590333115673099,72.69913353071539,93716.942631,93716.96806,0.9223282257207522
24.647174992357943,-12.603407668982694,72.71956161604163,93716.955964,93716.983235,0.9001489034390802
24.62990954475209,-12.59401085354643,72.64325443547571,93716.969298,93716.997057,0.8584280288537393
24.6531059388686,-12.617095930534788,72.70533670790014,93716.982631,93717.007443,0.8816200022761986
24.64633938773062,-12.614250306494135,72.6507388458999,93716.995964,93717.019966,0.8031854829152053
24.6325510472211,-12.606360199951169,72.5859873767387,93717.009297,93717.033773,0.8502477030141938
24.651000647666073,-12.61670489586534,72.62564316372696,93717.022631,93717.054292,0.8471465080663528
24.646861897379047,-12.618237961161217,72.5937526974915,93717.035964,93717.060188,0.8726449378109177
24.6505467982492,-12.630010009801154,72.5968775358782,93717.049297,93717.073706,0.8936615361634779
24.668088390458202,-12.65006895371695,72.64264046178933,93717.062631,93717.086163,0.9154579959553454
24.704867634705348,-12.676429655279584,72.75545184332248,93717.075964,93717.101657,0.9456172597761344
24.66489152014373,-12.657854195380896,72.60363236033011,93717.089297,93717.114298,0.9737358478730512
24.689934242284956,-12.676586492844066,72.66390620279505,93717.102631,93717.133082,0.9708722293772448
24.70836075035318,-12.691571414662324,72.70036315603389,93717.115964,93717.140663,0.9306309056710586
24.70852740145171,-12.691468160325524,72.67436734284888,93717.129286,93717.153661,0.9231661522736301
24.7128452381393,-12.686416850679135,72.63133002063596,93717.142619,93717.167342,0.8928397757603644
24.71737914006743,-12.690750739711959,72.62010819818407,93717.155953,93717.180761,0.8735687229671749
24.73990019809147,-12.700433035196387,72.65519138048046,93717.169286,93717.193788,0.8262905343178607
24.749160416691833,-12.70063749220406,72.64643093250649,93717.182619,93717.207162,0.8303867063501142
24.76291011096442,-12.708657683222661,72.68072524816237,93717.195952,93717.219641,0.8247428144440969
24.764635763473574,-12.709879342497006,72.64715671671094,93717.209286,93717.235756,0.8662788314800666
24.79197229192852,-12.738815636479922,72.72720760054689,93717.222619,93717.248366,0.92915374347213
24.79044932062097,-12.744055172073494,72.71935913006597,93717.235953,93717.262843,0.9479824852084537
24.78374243109462,-12.755102295795865,72.68820581031275,93717.249286,93717.274568,0.9841784487023614
24.805447973835406,-12.771707338793282,72.72832753177346,93717.262619,93717.286764,0.9708722293772448
24.805027611234333,-12.77490766695128,72.70370088924591,93717.275952,93717.301012,0.911770072223175
24.830243875558846,-12.801621907855852,72.76439101142338,93717.289286,93717.315082,0.9409972674611101
24.8483599705403,-12.82156953820227,72.81186284278188,93717.302619,93717.32641,0.8698203154626094
24.83934973116521,-12.836141362799552,72.7693304406563,93717.315952,93717.340126,0.8601484465119049
24.848674647458576,-12.865592554019203,72.80625099553723,93717.329286,93717.354424,0.9097045552384445
24.835970427799715,-12.879201607084635,72.74800547477524,93717.342619,93717.367372,0.8629018368228908
24.842189672203084,-12.909375967305625,72.76912044740395,93717.355952,93717.380818,0.888299509029964
24.861040277512128,-12.953291245064328,72.85439110388876,93717.369286,93717.39359,0.9198001902727032
24.86205252814292,-12.986174169252621,72.86913186560962,93717.382619,93717.407328,0.8672803574892537
24.852692162787143,-13.00097786485773,72.83250559698311,93717.395952,93717.420696,0.887529715486834
24.862010945933903,-13.035019005242368,72.87227092500808,93717.409285,93717.438455,0.901688747052819
24.87579762910032,-13.06645180946391,72.91291466563375,93717.422619,93717.446945,0.9226377266100212
24.880098353163373,-13.078767665181418,72.9057965211567,93717.435953,93717.459783,0.8696140459878045
24.926809760175775,-13.113224116137562,73.02128910418656,93717.449285,93717.473382,0.8240388609055677
24.9134344633137,-13.108756200032506,72.94161973697565,93717.462619,93717.486069,0.863321294364822
24.941927463179525,-13.13048281049088,72.9987853365239,93717.475952,93717.502135,0.8790274312831683
24.978684572651716,-13.162910059127585,73.08915446951595,93717.489285,93717.520422,0.8613622955934411
25.022643316019163,-13.18519941460831,73.18458858360233,93717.502619,93717.528408,0.8875201659920163
25.04616370180438,-13.200850645560578,73.23114822022256,93717.515952,93717.540802,0.9149017756751221
25.07479196236841,-13.216644390747524,73.25171118573454,93717.529285,93717.553055,0.884630092356845
25.108514400674625,-13.239809998269186,73.33305389298965,93717.542619,93717.567208,0.9548013300205963
25.16612192250528,-13.276485758803567,73.46771855776234,93717.555952,93717.581685,0.923840112142686
25.191424462022294,-13.287553983171954,73.48888521436228,93717.569286,93717.593183,0.9258851783017611
25.198176211186247,-13.282924725686431,73.41452259737567,93717.582619,93717.606603,0.8049377036807143
25.259611074990673,-13.305083644268013,73.533004442265,93717.595952,93717.620421,0.8719256019635672
25.336247774049514,-13.330207795860973,73.68458024771388,93717.609285,93717.634064,0.8870481824273332
25.361717395591,-13.334531087585933,73.69912900731009,93717.622619,93717.64759,0.8066293148931992
25.41910661071378,-13.353687373468288,73.79414587426352,93717.635952,93717.659718,0.8948152002471138
25.487424229544377,-13.368001610266413,73.92658783432931,93717.649285,93717.679942,0.9603989134594069
25.50610487650412,-13.36834986725563,73.93098048408233,93717.662618,93717.686507,0.8562262891382447
25.55426474816138,-13.386031800271887,74.01937351621424,93717.675952,93717.705004,0.887529715486834
25.607585383188653,-13.420686409128223,74.132178616265,93717.689285,93717.713513,0.8644128392857884
25.631035685333618,-13.4287843781579,74.17083206817087,93717.702619,93717.726385,0.8712667276235058
25.655439351589074,-13.455782903393906,74.21779953150251,93717.715952,93717.740033,0.8790550543689615
25.670223670594172,-13.475825120080113,74.25272330718762,93717.729285,93717.754748,0.8754216234962788
25.710463615008926,-13.511564022286649,74.38364312869435,93717.742618,93717.768813,0.8339064718488565
25.72198113721713,-13.529186270488958,74.42684752138368,93717.755952,93717.786939,0.8370511522539011
25.71636360607239,-13.534675713632893,74.41303827506675,93717.769285,93717.797103,0.7972890697109478
25.73888569530367,-13.566273298899542,74.49013919296593,93717.782618,93717.807757,0.8352492283525509
25.754342337947712,-13.576520705920299,74.51896534416586,93717.795952,93717.819797,0.8066293148931992
25.79080437831841,-13.598085611573689,74.64336621688017,93717.809285,93717.834223,0.8714086164612508
25.82689595217332,-13.625051247523821,74.76595324324914,93717.822618,93717.847722,0.8714086164612508
25.831115390158377,-13.626947568756982,74.78353781429117,93717.835952,93717.859964,0.8714086164612508
25.84517336343595,-13.65023980636201,74.86178711316147,93717.849285,93717.874285,0.8729512351450038
25.84545729937131,-13.65446482843415,74.8979252309543,93717.862618,93717.887405,0.8769032099958252
25.85073825091191,-13.662520588296204,74.94555260060442,93717.875951,93717.902,0.908935659331005
25.835461469747003,-13.658617953663668,74.92200739931384,93717.889285,93717.914556,0.8815660014283009
25.82913100700597,-13.655320986868718,74.90620864650279,93717.902618,93717.930366,0.896729818023662
25.83775428509841,-13.657542047224796,74.93927722042099,93717.915952,93717.941064,0.9689327888099344
25.842961102639457,-13.652106458152726,74.94805425850379,93717.929285,93717.953161,0.8733746602706561
25.877589492288493,-13.666629381131562,75.03233756807248,93717.942618,93717.966905,0.8994828751363919
25.91759445206381,-13.67966995786338,75.1113257915098,93717.955951,93717.981141,0.930904678185003
25.980795009104146,-13.715019395596652,75.2424947936246,93717.969285,93717.993533,0.887600046374429
26.0071690306891,-13.728080062055055,75.26234034524161,93717.982618,93718.007887,0.8438202143756532
26.023857398254787,-13.74769118254432,75.28846278848789,93717.995951,93718.020428,0.9036404125507971
26.04567663632992,-13.764529963530727,75.32055251622485,93718.009285,93718.036637,0.8619662753294228
26.075066704114263,-13.791964256452,75.39105015161824,93718.022618,93718.053643,0.8619725770598253
26.100117892874028,-13.80767523383636,75.45897488448786,93718.035952,93718.06101,0.8490185096212028
26.137935182848857,-13.832439126721708,75.55310368325163,93718.049285,93718.07325,0.9416765584768384
26.162964638034893,-13.842016333041242,75.59241091260473,93718.062618,93718.086957,0.9089425654926416
26.186132394769388,-13.852170537231219,75.63269062598395,93718.075951,93718.101352,0.9378570667392887
26.20855677598908,-13.860415482185783,75.6613630023819,93718.089284,93718.113236,0.8300368772309551
26.243421481321764,-13.868286884722655,75.73127381415675,93718.102618,93718.134745,0.8384372309520198
26.272705217377467,-13.865468923122112,75.75294119418281,93718.115951,93718.140439,0.8771439516131612
26.306978168720676,-13.874943338684544,75.79663060885086,93718.129284,93718.156999,0.8497016298086097
26.33792419344185,-13.87856026990589,75.82609185549823,93718.142618,93718.17,0.8690367820548024
26.375172924548984,-13.89852566914946,75.88948220049494,93718.155951,93718.183022,0.8555955189821547
26.438907027399644,-13.932530468569302,76.01614941489895,93718.169285,93718.194293,0.9167346817885671
26.44232649649932,-13.938138343119846,75.95640510722684,93718.182618,93718.207561,0.8990278277721797
26.49661784939604,-13.981713039536658,76.07570292282979,93718.195951,93718.22032,0.841759702591136
26.493261382361858,-13.999039850163342,76.00834972946852,93718.209284,93718.234517,0.8521561303214003
26.53785614366841,-14.046783922690482,76.09390853677601,93718.222618,93718.25186,0.9316065506546898
26.57598969066642,-14.106186782344796,76.1674251564899,93718.235951,93718.259678,0.9278543172925577
26.60566519287967,-14.151105696345178,76.2087442907709,93718.249284,93718.273307,0.8871844745521239
26.62005120331118,-14.18517102694163,76.19825984373544,93718.262617,93718.287437,0.8423233859982601
26.60855190415619,-14.221026817754213,76.11274706395008,93718.275951,93718.309434,0.8317146959981224
26.629485409136272,-14.26099199679487,76.1558469568098,93718.289284,93718.313814,0.884385917740376
26.627922792084707,-14.285118429665099,76.09334883604687,93718.302618,93718.32822,0.9256293599739557
26.689482044604762,-14.345073100138213,76.23874235908032,93718.315951,93718.340179,0.9101898118336643
26.71009452050054,-14.377259085466951,76.22284000201715,93718.329284,93718.354426,0.9218185397951373
26.692251873747004,-14.385714901985388,76.09369072714973,93718.342617,93718.367574,0.8320061603100855
26.711967028621487,-14.411746268315811,76.05846798895725,93718.355951,93718.380116,0.9096919093422586
26.764587342083225,-14.455889445243306,76.14458281440119,93718.369284,93718.393114,0.9483616381241109
26.791858994445715,-14.478364817140589,76.12218892487957,93718.382617,93718.407147,0.8320061603100855
26.852355387476134,-14.512197116130055,76.17881640892979,93718.395951,93718.421394,0.9177920658283196
26.89636028036234,-14.529918530426025,76.19730436739415,93718.409284,93718.435054,0.8306137039702466
26.935283014347785,-14.550818213367725,76.17899111445074,93718.422617,93718.447743,0.9415976681949106
26.989889867320148,-14.563484156552725,76.19633613885308,93718.435951,93718.461697,0.935734205857788
27.039585826072187,-14.575775575984434,76.1910998522132,93718.449284,93718.473525,0.9199713174727344
27.119940421697724,-14.600223103254164,76.27915925566315,93718.462617,93718.486985,0.8320061603100855
27.208346782105234,-14.607245223744417,76.3673158319348,93718.47595,93718.501458,0.9677782440513304
27.23740776297646,-14.58732290340812,76.27572075063685,93718.489284,93718.513178,0.848386055369953
27.297649225985296,-14.586058969907858,76.32505069189544,93718.502618,93718.534769,0.9091825417208907
27.335343748036166,-14.579155833324148,76.29564989793175,93718.51595,93718.54016,0.8628055012181344
27.416468836040035,-14.602771857993403,76.40837480016106,93718.529284,93718.554782,0.8847977641556233
27.4133468843048,-14.593781532391413,76.29232908356262,93718.542617,93718.568776,0.8320061603100855
27.479685565191282,-14.640718049880585,76.41325190687162,93718.55595,93718.580646,0.9132872661427671
27.526230727086034,-14.688359444243895,76.49222845896848,93718.569284,93718.594422,0.9756546726395214
27.51222594106983,-14.714887747169039,76.41574660886916,93718.582617,93718.606426,0.8702878506046001
27.525944413426384,-14.755088754212151,76.40186376508868,93718.59595,93718.620024,0.8893489978515525
27.53824987655479,-14.802385264268462,76.40231490875541,93718.609284,93718.635034,0.8370511522539011
27.534530727070777,-14.829789466012933,76.31442507672703,93718.622617,93718.646339,0.8174249363097525
27.572432586169157,-14.873203551477562,76.35032968631648,93718.635951,93718.659577,0.9582213443082954
27.62122816981489,-14.909872982865785,76.39053278806219,93718.649284,93718.673661,0.9022460345332879
27.66275747613591,-14.946794028635981,76.39783759032113,93718.662617,93718.686489,0.8893413293281506
27.709135111749013,-14.968850874171268,76.3800506162727,93718.67595,93718.700888,0.8598833780757096
27.726815508057392,-14.978833307077638,76.29249403059171,93718.689284,93718.713369,0.869773530003142
27.814441552674317,-15.026969474458907,76.39132252181169,93718.702617,93718.733,0.8278767394405009
27.84645586132652,-15.05055117844676,76.33290084401943,93718.71595,93718.746527,0.898280449058654
27.938442721092553,-15.109504971189141,76.47746365005183,93718.729284,93718.755732,0.8294699085809695
27.968688763811645,-15.138950792588,76.44035650927937,93718.742617,93718.768834,0.887600046374429
28.032906582373627,-15.186029736974632,76.49653310753729,93718.75595,93718.779774,0.846038108567784
28.037963426389993,-15.179848978779084,76.36521675215036,93718.769284,93718.793344,0.8880003107849029
28.11172966996896,-15.212115720782501,76.44137559636104,93718.782617,93718.808794,0.8887207192788403
28.137638810143457,-15.214494754087589,76.38520675599229,93718.79595,93718.819695,0.8801652042645208
28.20981651527615,-15.24162900532674,76.46662020570172,93718.809283,93718.835829,0.8927409216415595
28.23275570180611,-15.228138945692042,76.40066973743546,93718.822617,93718.848023,0.900466061640159
28.289891460656545,-15.248040987670429,76.43961048003545,93718.83595,93718.860713,0.9421308505506588
28.31707705892699,-15.244967348015125,76.41358609792331,93718.849283,93718.872989,0.8442451474584357
28.350228188323698,-15.240665001251609,76.38100693527392,93718.862617,93718.886625,0.9564196059341202
28.417185924789507,-15.264966473397232,76.49308128806743,93718.87595,93718.907686,0.8598833780757096
28.390013170800525,-15.242833871411062,76.33743240342382,93718.889283,93718.920027,0.8320061603100855
28.405606303856416,-15.259017574154539,76.33200599365458,93718.902617,93718.92657,0.8525632622780277
28.435080137596856,-15.273768837294577,76.35853687741658,93718.91595,93718.940308,0.9228136884936102
28.44398978824109,-15.285511686443115,76.34325934393607,93718.929283,93718.9544,0.9850131762096815
28.499090259904442,-15.321645468279298,76.50006489234208,93718.942616,93718.969145,0.9452006977453483
28.443263504253963,-15.297739023962876,76.30441031777684,93718.95595,93718.983163,0.9408545386832982
28.451438740141846,-15.310071035279982,76.33817084462581,93718.969283,93718.993989,0.9671722121741825
28.432793715343546,-15.306676302927485,76.2900452524899,93718.982616,93719.006661,0.9671722121741825
28.420504343405586,-15.305568196173503,76.262267075847,93718.99595,93719.020328,0.9393276532906114
28.385734488422756,-15.300607082612693,76.20259904137052,93719.009283,93719.034828,0.9548013300205963
28.36928922758814,-15.308123407155373,76.19228234477558,93719.022616,93719.046772,0.9241520885710708
28.318241093718832,-15.303608089648453,76.08941304273614,93719.03595,93719.059746,0.8671249275541318
28.316418682154687,-15.322224941899744,76.11054728344428,93719.049283,93719.073158,0.8470113670324522
28.302578766533394,-15.346641002498371,76.1476822138252,93719.062616,93719.08663,0.883121262767458
28.264722677515913,-15.36358170051717,76.10093299848174,93719.07595,93719.100736,0.967248854205376
28.18549281260281,-15.353146999338575,75.92555957810816,93719.089283,93719.119629,0.8702878506046001
28.172325547150884,-15.384891732978266,75.9540549622091,93719.102616,93719.126746,0.8744742759111865
28.13836465643786,-15.401207589575815,75.94234707660289,93719.11595,93719.141337,0.887600046374429
28.093025403815535,-15.403666048414598,75.88289103130519,93719.129283,93719.15417,0.9041151741783284
28.067458838202406,-15.402991779577413,75.8586930009595,93719.142616,93719.167093,0.8512942717728623
28.051252108315204,-15.399067490989367,75.8874697865455,93719.155949,93719.18003,0.8705004010822422
28.000026274511292,-15.362906702290854,75.8043148412129,93719.169283,93719.193161,0.9023984596588097
27.92949836700154,-15.319886753618897,75.69015354454226,93719.182616,93719.208113,0.9040096643780392
27.867286187958605,-15.286357046463515,75.60577526711886,93719.195949,93719.221807,0.8658972997098698
27.801100794807233,-15.256248573428142,75.55969332360193,93719.209283,93719.236972,0.8049726922747341
27.730057277566853,-15.220966682256524,75.4862913457893,93719.222616,93719.248093,0.9053479084969884
27.648814217614802,-15.176750935265854,75.41782340993109,93719.235949,93719.262008,0.8321651061873795
27.542746146331137,-15.11223725789518,75.24892401455831,93719.249283,93719.273823,0.8936493682369337
27.49400912032379,-15.083531931713395,75.29940397141175,93719.262616,93719.28781,0.9387111756261134
27.39051589256122,-15.022250665665899,75.17983534500767,93719.275949,93719.302369,0.8643993606458091
27.280655719814856,-14.961050155600942,75.06306344896376,93719.289283,93719.314464,0.8848386771689508
27.186221260238334,-14.913567106353002,75.02485145756148,93719.302616,93719.327328,0.8602001139244684
27.057252380808148,-14.847659121856825,74.8780574292744,93719.315949,93719.340671,0.9074390631943984
26.95567390995481,-14.78706335675091,74.8044446188636,93719.329282,93719.354015,0.8600127929673836
26.84965990571918,-14.718408901694033,74.71243517595646,93719.342616,93719.367286,0.9180211027437566
26.74747631830606,-14.668920547607248,74.64558161182987,93719.355949,93719.379997,0.9147377308671456
26.660580102168073,-14.632312329183662,74.61579192707944,93719.369283,93719.394394,0.925590269768936
26.578291277549223,-14.591669889266983,74.5840855817255,93719.382616,93719.407305,0.9247616757402534
26.52408981476998,-14.562997716320428,74.6350858578235,93719.395949,93719.420283,0.8366612988089733
26.409548856636448,-14.465549712479449,74.4448738068933,93719.409283,93719.433462,0.90403400455666
26.398237868150574,-14.430491814613175,74.57198960907526,93719.422616,93719.446691,0.9300332919472093
26.324623647080813,-14.350404792891835,74.4915371050981,93719.43595,93719.459712,0.8738878460526258
26.29694093452722,-14.305405668242987,74.58132493233916,93719.449282,93719.473488,0.9439814683667792
26.207035464934656,-14.22953516546476,74.46122533647366,93719.462616,93719.486717,0.8693348002225221
26.149190015075096,-14.180341518461924,74.4684410727083,93719.475949,93719.50188,0.9740008699645291
26.094890517105362,-14.145818062210822,74.49606561593502,93719.489282,93719.51486,0.9098172495237301
26.02216959217546,-14.103474837544923,74.47608251680094,93719.502616,93719.527696,0.8502180953111373
25.93984851742359,-14.062279472042416,74.43238132762274,93719.515949,93719.539769,0.9532013149213848
25.852048839489793,-14.020412368975146,74.40438089077215,93719.529282,93719.555434,0.929875230737726
25.80704280476176,-14.008792975578238,74.51201324697011,93719.542615,93719.56833,0.9613741183602512
25.72769243818919,-13.963112368296827,74.48060365914186,93719.555949,93719.580587,0.8411005645306712
25.654360693081546,-13.91682773949081,74.45099816812818,93719.569282,93719.593271,0.847635397065652
25.577261176003276,-13.865819132013343,74.41464898453201,93719.582615,93719.607019,0.9694724700603444
25.548835703777936,-13.845957607091607,74.53395402329254,93719.595949,93719.620485,0.8449064321519856
25.438399278467042,-13.7593034968943,74.3605112423378,93719.609282,93719.636435,0.8794370255505362
25.435971384796506,-13.748998936632114,74.54678709557973,93719.622615,93719.646805,0.9450266679247245
25.38731364055015,-13.695988593556097,74.52904543929327,93719.635949,93719.661435,0.8606860107567891
25.314941521943982,-13.637210384286547,74.4450269429656,93719.649282,93719.672876,0.9617692211303245
25.248806486570167,-13.579895646502493,74.37785109278958,93719.662615,93719.686462,0.9186166085379787
25.225611126278263,-13.559040286941105,74.45439380036211,93719.675949,93719.700372,0.9363609217797678
25.15835789448524,-13.510873795328372,74.37688040220246,93719.689282,93719.719324,0.8222811244968501
25.13376400102817,-13.488644487510909,74.41905715459585,93719.702616,93719.726789,0.8711743559691895
25.109084321718505,-13.462720742014447,74.43039479541655,93719.715949,93719.739907,0.9089425654926416
25.10519174531507,-13.431254447459093,74.48447694550286,93719.729282,93719.759861,0.8656239723159299
25.092682948759,-13.392297087380037,74.50393029164655,93719.742615,93719.773888,0.8179391793987688
25.090975934400337,-13.3582397563704,74.5712857343138,93719.755949,93719.780944,0.9098172495237301
25.076905396327994,-13.315666645576444,74.57425180883999,93719.769282,93719.792721,0.9590285751308661
25.039565835161408,-13.270786032853536,74.51367428553608,93719.782615,93719.806417,0.9705859106602029
25.008327611830605,-13.22694443365776,74.46720454510346,93719.795948,93719.820677,0.8966993876336569
25.015185010368853,-13.220980589581853,74.60114783838003,93719.809282,93719.833843,0.8117716558509013
25.001619538795484,-13.200949634945468,74.63876302408697,93719.822615,93719.849773,0.9512258103860143
24.962727648410837,-13.159532614650608,74.59996021460135,93719.835949,93719.8611,0.9264813092236028
24.904194017334863,-13.129228389602195,74.48583401978365,93719.849282,93719.874095,0.7987024704931599
24.90294112607557,-13.125773398271523,74.59007725212285,93719.862615,93719.887255,0.8905054037514505
24.884965116064517,-13.123144433472051,74.60708523032598,93719.875948,93719.900326,0.9574773226560839
24.833940077934486,-13.101191259243889,74.5165902284772,93719.889282,93719.913347,0.8723010920826327
24.83194271947558,-13.111681434058177,74.60298489991364,93719.902615,93719.926606,0.841906343866911
24.817740433181772,-13.104458070601169,74.61578694997772,93719.915948,93719.940027,0.897951444446743
24.830507540795534,-13.11956153617227,74.70798867195563,93719.929282,93719.955348,0.9784455961049354
24.79261719701276,-13.091771290422782,74.61049676899151,93719.942615,93719.968886,0.9608849618452346
24.808139552525876,-13.049938234403403,74.68330163915576,93719.955948,93719.980988,0.9707883837924558
24.806396554496274,-13.009778177973734,74.6793448880248,93719.969282,93719.995153,0.9608849618452346
24.81495019575111,-12.987517677782865,74.71546760881938,93719.982615,93720.006853,0.9250175934322862
24.800504371235267,-12.961324817652878,74.69515264420144,93719.995948,93720.01986,0.9140129085594445
24.833522936146196,-12.974843436922473,74.8164488390907,93720.009281,93720.036607,0.9066768344227527
24.83331843733322,-12.945106450523951,74.82333921040669,93720.022615,93720.047095,0.9367031860525866
24.836472947695217,-12.880975543003556,74.80591149379798,93720.035948,93720.060271,0.9357353259547485
24.891530418099148,-12.855285422431068,74.9375934712561,93720.049281,93720.075154,0.9564930637133368
24.90905461772109,-12.84006646145798,74.91792046097498,93720.062615,93720.087135,0.9005210785465065
24.918617627903444,-12.864742087554234,74.95242143985173,93720.075948,93720.100597,0.9137363638581081
24.855124677797757,-12.904074690235941,74.91181637962717,93720.089281,93720.114738,0.93450860392154
24.784127804335554,-12.995617378717151,74.9253790251376,93720.102615,93720.127687,0.932186226875548
24.734663550830128,-13.093313683370345,74.97374374472217,93720.115948,93720.140199,0.8765001983292977
24.707764410078337,-13.09321118026572,74.8850767810269,93720.129281,93720.159557,0.8940561407683578
24.7115901525669,-13.063515062382104,74.91530232515389,93720.142615,93720.167784,0.9398825533488234
24.716399391711555,-13.033135000083508,74.94222776073961,93720.155948,93720.179684,0.884882839761219
24.72471180773796,-12.994404299197255,74.94739425471545,93720.169281,93720.193161,0.9961964802739541
24.727095645703514,-12.921466384443097,74.94036032186048,93720.182615,93720.208383,0.883686811021633
24.748307607398644,-12.840078148224098,74.96561555269865,93720.195948,93720.221533,0.8547310248076068
24.749496661598005,-12.752078640231252,74.92560430212603,93720.209281,93720.234474,0.8751483569067963
24.772277215405122,-12.725072001248435,74.98056610508938,93720.222614,93720.246556,0.8688092485842157
24.738136405998553,-12.74907765431277,74.92625571198889,93720.235948,93720.259968,0.8540699899141007
24.73790452434331,-12.833015756965386,75.00769514563929,93720.249281,93720.274767,0.8521561303214003
24.692783528465423,-12.85999838554519,74.96087049219557,93720.262614,93720.28654,0.9103684682169632
24.67592633705993,-12.856367399640499,74.98995768105792,93720.275948,93720.302187,0.8680537690810527
24.68842134071633,-12.843335733940341,75.05928728673675,93720.289281,93720.315869,0.8687408012015044
24.721847564613334,-12.807267643991425,75.0537561504093,93720.302615,93720.327619,0.9449308477188576
24.768456865058344,-12.769807278008336,75.10135911601941,93720.315948,93720.339799,0.8527994289393878
24.76403481051469,-12.739824537022873,75.10087206737967,93720.329281,93720.353952,0.8702878506046001
24.734743525028797,-12.734493149484313,75.06410088837445,93720.342614,93720.36779,0.9091825417208907
24.732277835993656,-12.760366302049576,75.10935751710873,93720.355948,93720.379846,0.8434735915387434
24.679573779727413,-12.763595317001277,75.01556862691453,93720.369281,93720.393161,0.8562087063594782
24.64823692957159,-12.760204205834407,74.9621809364498,93720.382614,93720.40648,0.8519861141615102
24.655549645727806,-12.800975130875605,75.03162576681345,93720.395948,93720.419753,0.9450266679247245
24.62028257335742,-12.83623372519745,74.99890775082639,93720.409281,93720.434025,0.9254865649367927
24.60772161631352,-12.872322859178116,75.01173437361639,93720.422614,93720.447281,0.9115571341267633
24.60041790445812,-12.881620229359005,75.02179320952709,93720.435948,93720.461869,0.9241883176206989
24.59426993412013,-12.852154604929359,75.04917478941537,93720.449281,93720.478547,0.9362481453470582
24.539340969773374,-12.761313621073837,74.84449776064892,93720.462614,93720.487603,0.9095367320509352
24.565063552662863,-12.727474916490678,74.95846963611118,93720.475947,93720.501927,0.8505717134358326
24.516098288732767,-12.681642550887535,74.82725782535158,93720.489281,93720.513579,0.907183745829954
24.51261470840527,-12.664575152597072,74.85787574564927,93720.502614,93720.526779,0.9261568115713074
24.466416411884616,-12.638580928412845,74.7597702371696,93720.515947,93720.539852,0.9751072843890395
24.464837703250115,-12.625733410506108,74.79499163247844,93720.529281,93720.5532,0.9707883837924558
24.431715931962696,-12.586106366274839,74.66029174665672,93720.542614,93720.567453,0.9564091908703373
24.455484818763612,-12.566412664530798,74.69580166642272,93720.555947,93720.58034,0.9580045413743415
24.459519147867844,-12.523387400071963,74.68643877370627,93720.569281,93720.594932,0.9211744781066465
24.447918722982376,-12.509755219315064,74.64433509823328,93720.582614,93720.607802,0.8839515431154327
24.44138999970816,-12.54229513929688,74.66570839138936,93720.595947,93720.620565,0.94245099642177
24.428802586069658,-12.576255135622002,74.65221326269803,93720.60928,93720.634663,0.975089105076965
24.414318734786182,-12.583104438836951,74.61822554467685,93720.622614,93720.646915,0.8829983405381144
24.384637384863453,-12.605514145378695,74.54156303505984,93720.635948,93720.659492,0.9706220345548243
24.383472101913387,-12.656021683505879,74.55104215230024,93720.64928,93720.673958,0.8617384529516338
24.370304617771446,-12.693252387013931,74.53142334596768,93720.662614,93720.686234,0.8733288880569369
24.37260773590852,-12.720144210028645,74.54511444927361,93720.675947,93720.700853,0.9463793422325087
24.35769477650319,-12.771584137010693,74.51616413547096,93720.68928,93720.713331,0.8409166408404845
24.371629317387733,-12.880436523711948,74.64671063616187,93720.702614,93720.727176,0.8413858948231369
24.376465622208688,-12.942562446879299,74.69412333817593,93720.715947,93720.7426,0.9028759864514098
24.36845420876765,-12.936849072756347,74.65272098400675,93720.72928,93720.755853,0.8996579964175865
24.367839447671276,-12.950657462828762,74.60309371595625,93720.742614,93720.767756,0.8408671658953235
24.367914213212153,-12.991707058397612,74.62708687030388,93720.755947,93720.7799,0.8560649092728874
24.362482151392022,-13.069572196574716,74.68275147288313,93720.769281,93720.793625,0.9316053718247064
24.33806653903725,-13.134171498841795,74.63702874764448,93720.782614,93720.807903,0.9777909668580067
24.29914278702736,-13.148361129810054,74.54021136979,93720.795947,93720.820293,0.9483857373664248
24.30822436382587,-13.203154782564143,74.6092565459417,93720.80928,93720.833359,0.8965032378183834
24.28898485887753,-13.26135965239804,74.64639523756112,93720.822614,93720.847481,0.8066293148931992
24.260262619361775,-13.30693571838199,74.61508162545258,93720.835947,93720.85977,0.9471609708558109
24.24124750680431,-13.3385105171055,74.60428441406154,93720.84928,93720.874373,0.957750966254993
24.21287683613797,-13.394312351134587,74.56524407278043,93720.862613,93720.888058,0.9270502458558898
24.209352087964806,-13.465729614145568,74.61984385527124,93720.875947,93720.90042,0.912263049160025
24.192353699216635,-13.51564891396174,74.63600503100736,93720.88928,93720.913661,0.8241770438558543
24.19104988327974,-13.580284339521109,74.6876268002479,93720.902614,93720.927041,0.9413130806790191
24.10005583224479,-13.604873755195648,74.44315460130707,93720.915947,93720.939951,0.968392563526747
24.111077973615103,-13.710937588845779,74.62476297409091,93720.92928,93720.954278,0.8581506197049715
