x,y,z,capture_time,detection_time,confidence
7.982275419478815,27.71123554971201,112.8874529454983,94906.711248,94906.73571,0.9787523768612723
7.99682273755407,27.630430053985975,113.00112437232588,94906.724581,94906.748519,0.9834961576565245
8.009137165470646,27.67110248470547,112.9943037307822,94906.737915,94906.762761,0.9764760632048117
8.021614571845847,27.783161089849294,113.04204099796272,94906.751248,94906.77751,0.9378383370830792
8.055766636200092,27.796237697525275,113.02641424567447,94906.764582,94906.788385,0.9501562161928253
8.087557125307391,27.823030118915728,113.15776229492683,94906.777915,94906.802317,0.9299848250371862
8.128503984514525,27.767852093444898,112.9729952710551,94906.791248,94906.815804,0.9570155548538047
8.199222689714231,27.745867349775992,113.13241030742019,94906.804581,94906.828575,0.9840342586274465
8.247720047552507,27.691333726939902,113.09353716293478,94906.817915,94906.843181,0.9718788397080986
8.322424368672575,27.680488125200885,113.2028977277197,94906.831248,94906.856049,0.9237085634069049
8.3873065991423,27.54086009045189,113.10881222739667,94906.844581,94906.870034,0.9468915284562024
8.473561274468393,27.492393218707765,113.3248017530127,94906.857915,94906.882432,0.9631609624911195
8.548197857500936,27.43406100048853,113.3660836817209,94906.871248,94906.896766,0.9423209860817714
8.630855778466339,27.37722695838331,113.18722616276337,94906.884581,94906.909708,0.9189847452535703
8.711354075919811,27.430380494852866,113.21981747881945,94906.897915,94906.92217,0.8758311488796185
8.791788811583304,27.481532068223405,113.26511701722585,94906.911248,94906.937786,0.9255758425312341
8.860906271984335,27.55399507687059,113.17541431506795,94906.924581,94906.948852,0.9140059587096258
8.917830929245055,27.697618000687953,113.1982952390064,94906.937914,94906.962607,0.9307938044569803
8.968143322028498,27.710803483741003,113.00868087927572,94906.951248,94906.982412,0.9570316690306202
9.020831491227117,27.66671788151827,112.90403224733491,94906.964582,94906.989315,0.9563337069574545
9.087475282684858,27.626853453087588,112.84825684927425,94906.977915,94907.003743,0.8876186020615082
9.183082574976913,27.659678441637983,112.97485224504898,94906.991248,94907.01759,0.9255758425312341
9.243184891209697,27.635096400817552,112.66104567383857,94907.004581,94907.029446,0.9447735374906859
9.337159980920184,27.680566484494612,112.80636754911315,94907.017914,94907.041937,1.0
9.434924336375754,27.680940981585803,112.74673636634165,94907.031248,94907.05789,0.9460165610830495
9.52714242737341,27.70093123653275,112.72576378030891,94907.044581,94907.069634,0.9482130719814071
9.629414541889629,27.761448946201853,112.90440129158587,94907.057914,94907.082128,0.9444702247053044
9.726814336796368,27.79213214737734,112.98464022322005,94907.071248,94907.096271,0.9307938044569803
9.81288581251507,27.74278166576621,112.74624402472604,94907.084581,94907.109113,0.922529711705754
9.905911266545916,27.732616091649845,112.72070876720252,94907.097914,94907.122113,0.9168027296483283
10.002268825178291,27.762134857646927,112.8340430310164,94907.111248,94907.136314,0.9307938044569803
10.094679852800443,27.737638153102683,112.79228731866722,94907.124581,94907.150613,0.9793645701420243
10.178068406531592,27.762689506446204,112.89203175273612,94907.137914,94907.163017,0.9460102982623046
10.252180768676897,27.747559256001065,112.84986194130677,94907.151247,94907.176775,0.9616950195153404
10.328204057723537,27.758438968931213,112.86902645247285,94907.164581,94907.189263,0.9256702840415916
10.402020787609374,27.73970488690213,112.80129911241174,94907.177914,94907.203061,0.967074772127349
10.462449754460089,27.73297571427286,112.74303623554192,94907.191247,94907.223422,0.9136085374302235
10.524897702810534,27.698065764715096,112.65070001894597,94907.204581,94907.228475,0.9545825596560324
10.596232822363179,27.765074354728714,112.90081492375408,94907.217914,94907.241964,0.9572670365488981
10.655835078613192,27.755407204990178,112.87409557842909,94907.231248,94907.255607,0.960215402348534
10.707380372852908,27.740524531810898,112.84677339043752,94907.244581,94907.269663,0.9343469398425748
10.757600939658097,27.736770281024814,112.82304141998988,94907.257914,94907.285164,0.9489243161660925
10.808308946539846,27.721265328021193,112.82724185344951,94907.271247,94907.296076,0.9944763273016151
10.867998793157009,27.718254604525544,112.92123336898419,94907.284581,94907.310284,0.9784432691413306
10.918226886857594,27.674312525784973,112.83280654912033,94907.297914,94907.322756,0.9848496309827349
10.979269285910226,27.690862508065415,112.93509919961261,94907.311247,94907.33621,0.9791658354524845
11.03051558158926,27.747787490476625,113.0970166879723,94907.324581,94907.349525,0.999188874879032
11.06285305240457,27.692399634827463,112.91145600791664,94907.337914,94907.362084,0.9892539314665664
11.098450718553329,27.688325558603825,112.84701952414909,94907.351247,94907.375874,0.9967359044767646
11.151336751925053,27.747387092211287,113.128064228532,94907.364581,94907.390747,0.9704319640747445
11.181808880158085,27.780744405750607,113.23674216542801,94907.377914,94907.40151,0.974101728792864
11.196924051529574,27.74654827147632,113.115767514712,94907.391247,94907.416913,0.9236894843117478
11.217776094516987,27.73788892614675,113.0803815513632,94907.40458,94907.428592,0.9491434273485204
11.236475026974306,27.770296117713833,113.10433636597668,94907.417914,94907.442269,0.9760432911117842
11.26431772020149,27.80541749187796,113.13626223172083,94907.431248,94907.455303,0.9753836019751841
11.27624176379931,27.838692496018115,113.2135953305454,94907.44458,94907.46922,0.9180954560774864
11.288958506406884,27.85468897520874,113.2664952516886,94907.457914,94907.48188,0.9628639645389125
11.298241698511703,27.8481266216338,113.2551594655015,94907.471247,94907.498564,0.9698828949576264
11.313709292595853,27.888959715399885,113.44098183258494,94907.48458,94907.50961,0.9743212474821487
11.312992694575916,27.865233132473747,113.3271745116893,94907.497914,94907.523795,0.9992848989805875
11.32514291393292,27.954508584059614,113.60873371166299,94907.511247,94907.536439,0.9284727336181664
11.30831543541974,27.92859943599463,113.43148918849151,94907.524581,94907.548579,0.928939610305312
11.312606880286829,28.039448940673527,113.80350977947487,94907.537914,94907.561879,0.9372624368614331
11.300964806191981,28.10488379081137,113.93667314125345,94907.551247,94907.575926,0.9576872728305909
11.26554394161846,28.09388869833017,113.82362825474304,94907.564581,94907.589017,0.9731248046600569
11.236481787290217,28.158652161944453,113.88478031542998,94907.577913,94907.602758,0.9947831793332054
11.18599684687101,28.150079533808988,113.77209229494792,94907.591247,94907.61687,0.9805257268937806
11.160534227510011,28.250907452222393,114.1316889288571,94907.60458,94907.628568,0.916487628515034
11.11824369328149,28.25874886308804,114.13737837246549,94907.617913,94907.642059,0.896545613025033
11.084204751183268,28.276354519043903,114.21368053222487,94907.631247,94907.656199,0.9703028638336609
11.05153802927754,28.292282742033414,114.27474406316065,94907.64458,94907.669779,0.9256524041314755
11.016923237765441,28.312365569890446,114.34881781420378,94907.657913,94907.683458,0.9288498878417326
11.004552163243707,28.36068283537852,114.5321323225732,94907.671247,94907.701919,0.9852660381342739
10.987882364443344,28.37465631312468,114.55289065425701,94907.68458,94907.70968,0.9759880237293501
10.969572629098518,28.403245762328176,114.57199309352232,94907.697914,94907.721895,0.8854150237848901
10.959381214827971,28.465358434000112,114.65168723835333,94907.711247,94907.735879,0.9926711202520195
10.950252006642161,28.473654357710522,114.57989870074076,94907.72458,94907.749155,0.9192897369769133
10.957445300461744,28.554136764844195,114.77737938574111,94907.737913,94907.762335,0.9103833351801842
10.97011432530265,28.6507107944024,114.99235613712013,94907.751247,94907.776949,0.9266679791001501
10.969745909773524,28.6635271659973,114.91602815899994,94907.76458,94907.78923,0.9979680521241372
10.97880889419812,28.714469775633003,114.94642346627785,94907.777913,94907.804203,0.9620421755926432
10.987808012231024,28.76899359202938,115.01751885575214,94907.791247,94907.815977,0.9236745066291736
10.99264712528862,28.78425097303558,114.92832978884931,94907.80458,94907.829218,0.9077788562805101
10.999225997667066,28.811391898587555,114.84096787692904,94907.817913,94907.843197,0.9169189493271019
11.033851979013813,28.951946743974283,115.29942330725531,94907.831247,94907.855706,0.9307938044569803
11.044731789756135,28.895857868980876,115.02432522662596,94907.84458,94907.870684,0.9559038703623248
11.069902404041335,28.921540326055023,115.05836801165385,94907.857913,94907.883857,0.9559038703623248
11.103105894814156,28.948822420028854,115.15726928372018,94907.871246,94907.897809,0.9013697368201145
11.140334865454959,28.989537766374482,115.33518119174411,94907.88458,94907.909428,0.9036440942811688
11.157020228478165,28.970715296890926,115.2723339816345,94907.897913,94907.921326,0.9341124207322653
11.1856897441271,28.95572830603003,115.23159022982021,94907.911246,94907.936547,0.9791658354524845
11.19874450210888,28.91869638993271,115.13770616511285,94907.92458,94907.948859,0.9263009640446636
11.231838670264304,28.95294029036142,115.29465157521246,94907.937913,94907.961944,0.9542550991221285
11.249696058331866,28.974846690097248,115.38439660422102,94907.951246,94907.975081,0.9192814347833431
11.25299777971632,28.94188473432664,115.26304561983366,94907.96458,94907.988272,0.919605076445784
11.261020814564493,28.966019396379835,115.37754632016535,94907.977913,94908.002985,0.9372791066056606
11.251036565765308,28.99656735887143,115.54045850194255,94907.991246,94908.016265,0.9450649963746993
11.233057938911577,28.955241453800923,115.44050587820317,94908.004579,94908.0299,0.9809404234055356
11.204930232117626,28.92481117846029,115.43429165059645,94908.017913,94908.042987,0.986381676120365
11.171894913515304,28.900077092791665,115.42020514527663,94908.031246,94908.055631,0.9263009640446636
11.149514640548512,28.907389333788814,115.59412735953575,94908.044579,94908.069885,0.9129715396171241
11.113578931427783,28.888277874172797,115.68602684517958,94908.057913,94908.083704,0.9542550991221285
11.07780795880962,28.877425681925033,115.76402461187715,94908.071246,94908.096768,0.9975647170852219
11.021472744464692,28.812051916604716,115.64992898256212,94908.084579,94908.112081,0.9596258447667085
10.980227491653993,28.8263272103197,115.76637001289176,94908.097913,94908.124285,0.9686287590536437
10.924750472817918,28.79507106296658,115.70239947821342,94908.111246,94908.136523,0.9860421538413888
10.882846284382099,28.83506125501237,115.87066357432977,94908.124579,94908.14872,0.9610006690390818
10.82282208436725,28.82127095154912,115.77690781910111,94908.137913,94908.162621,0.9981834671208594
10.782584250866053,28.87126071413129,115.94877196318129,94908.151246,94908.176322,0.978679997558852
10.723942811977755,28.89554955999622,115.8676606458951,94908.16458,94908.189054,0.9790153805221683
10.672807065181491,28.916816303853608,115.82454436550427,94908.177913,94908.20306,0.9234105463478048
10.62551180420604,28.95386853871118,115.85919148454863,94908.191246,94908.216586,0.8832925429899632
10.592353090315639,29.034079474581638,115.99904274785827,94908.204579,94908.228447,0.9195338355056937
10.545779599986991,29.02504879541926,115.84537987762167,94908.217913,94908.242709,0.9810668128364485
10.521013440978944,29.116540402219098,116.04817136401113,94908.231247,94908.255871,0.9503372767277815
10.477955949617046,29.131612439443636,115.98388528588445,94908.244579,94908.275356,0.9551855985018342
10.447711166037735,29.139239842567328,115.86805754127289,94908.257912,94908.283919,0.9091304715689128
10.429718307705176,29.193509008896324,115.93963953149014,94908.271246,94908.296896,0.9790153805221683
10.407599609019918,29.221880592263652,115.95882542014108,94908.284579,94908.309035,0.9450649963746993
10.386818957237647,29.241642034642695,115.96769835752796,94908.297913,94908.323484,0.9705161696297672
10.372135231565665,29.258286348757196,116.01367076526422,94908.311246,94908.341178,0.952736452614128
10.368780997558675,29.304120458311026,116.17170565282615,94908.324579,94908.34985,0.9336744370046051
10.327807777956405,29.25440369251305,115.90325147105521,94908.337912,94908.361456,0.8867672287053221
10.316462471181506,29.258301502989823,115.91303251162813,94908.351246,94908.377209,0.9403214735052311
10.298990998921287,29.30220778675924,115.9376884240172,94908.364579,94908.392679,0.9237214299565096
10.300902747012266,29.398462318145466,116.31388133685297,94908.377912,94908.402461,0.9748358734621371
10.256998101428573,29.318988915095844,115.95765088844757,94908.391246,94908.416985,0.9350477859558648
10.248051866614766,29.385059141496775,116.15480865217837,94908.404579,94908.429278,0.9510776997129591
10.23714054547165,29.388049881268884,116.13568819803349,94908.417912,94908.441966,0.9956976813221213
10.209013493900555,29.3807842695153,116.06359766508203,94908.431246,94908.459032,0.9444702247053044
10.20193856723146,29.41235202251267,116.12076938670491,94908.444579,94908.469881,0.9279330710334908
10.204255975181542,29.464802473704864,116.29628945688229,94908.457912,94908.48219,0.9288498878417326
10.198135713629615,29.441730239616497,116.18454303666653,94908.471245,94908.496306,0.9288498878417326
10.213023967656664,29.480485544141768,116.31637607232464,94908.484579,94908.515002,0.9288498878417326
10.217568985653516,29.45116451134059,116.1984339154694,94908.497913,94908.523602,0.9346342696606307
10.233481643558285,29.442878358492944,116.1621404970048,94908.511245,94908.535882,0.9860421538413888
10.272735790086719,29.46188708659287,116.19175208025722,94908.524579,94908.548608,0.9546935590206844
10.311427365488697,29.427371904437134,116.06020058248014,94908.537912,94908.562957,0.9187398215481102
10.35848491443658,29.421840434161634,116.02712999461724,94908.551245,94908.575352,0.952736452614128
10.435902720080982,29.442529074071775,116.07249271601395,94908.564579,94908.588936,0.9659109169714127
10.505599455610458,29.407538555749323,115.94904062131292,94908.577912,94908.602308,0.9860421538413888
10.603428210118274,29.437232897809007,116.04268274803546,94908.591245,94908.616254,0.9137530599215619
10.721390460733767,29.48053022501005,116.19293114789578,94908.604579,94908.628372,0.9955315012776008
10.831621358011448,29.46314064135323,116.17576694803097,94908.617912,94908.642105,0.9565148860281587
10.942935274181377,29.409143104192594,116.02987169599758,94908.631246,94908.65618,0.9632727099434412
11.085938533865539,29.396941753509807,116.08007460068394,94908.644579,94908.669036,0.9628398892554098
11.239915597659659,29.415048900132323,116.20223492370826,94908.657912,94908.681917,0.982856872680759
11.378002024966666,29.331639955744446,115.99381816995265,94908.671245,94908.696325,0.9993606090129349
11.541048229496948,29.274150832673275,115.92203381737613,94908.684579,94908.709857,0.9565148860281587
11.705769080637655,29.201265016001496,115.70929005785045,94908.697912,94908.723539,0.8967009562210296
11.898639141180013,29.157724127425066,115.76037946288055,94908.711245,94908.736206,0.9941620605376951
12.130488288143821,29.190164430878376,115.98324031988167,94908.724578,94908.748507,0.9835045327132078
12.332133950721126,29.107181492887733,115.86648998910216,94908.737912,94908.762031,0.8978415116826526
12.58033590677848,29.115113808349488,116.14171095456435,94908.751245,94908.775776,0.9382165619248669
12.787865083249297,29.00053035300045,115.81920925858039,94908.764579,94908.78831,0.970705804870017
13.015007251706155,28.899754507631936,115.57804951843347,94908.777912,94908.803029,0.9263177037726211
13.302104327580414,28.928770129783256,115.91902566635677,94908.791245,94908.816529,0.9442794292487793
13.568378704249096,28.891239078021993,115.87131452166932,94908.804578,94908.830882,0.9799281810331749
13.847715093737111,28.839236477188646,115.88055865786791,94908.817912,94908.842455,0.9372791066056606
14.131613117606037,28.7884892195158,115.87977740615574,94908.831245,94908.855177,0.8740379577179462
14.424630009078033,28.732980822072072,115.84382407817832,94908.844578,94908.868686,0.9517781858637796
14.75116345974653,28.732906667618987,116.02922008843858,94908.857911,94908.881981,0.9801357287339202
15.028005811834863,28.63327073535054,115.80293394572294,94908.871245,94908.895776,0.9840437338105203
15.337316047078016,28.586360270048573,115.78119985683556,94908.884578,94908.908339,0.9301089950221001
15.65237746552645,28.50400170058628,115.66861067596068,94908.897912,94908.922868,0.9739764142192124
15.991437516877017,28.5312873421907,115.92177282472191,94908.911245,94908.935873,0.9920494659341998
16.309720367159713,28.475089565733647,115.85802359645996,94908.924578,94908.952168,0.9279462838124011
16.650746747104066,28.420362483796985,115.88460784782148,94908.937911,94908.96199,0.9505930748210183
16.957072689983328,28.344519937680037,115.68772087010339,94908.951245,94908.97542,1.0
17.319214378392374,28.35998917342304,115.91824904089874,94908.964578,94908.98845,0.9409733838324078
17.61118680190225,28.207945311485425,115.52308930415217,94908.977911,94909.003164,0.9953027566273938
17.9799536595651,28.235510541534016,115.7606400607877,94908.991245,94909.015204,0.93922718615141
18.32398043833471,28.19904778303045,115.79238695380926,94909.004578,94909.030915,0.9585462072766404
18.615768325365753,28.08611996639059,115.51544870750271,94909.017911,94909.043143,0.9896518811899775
19.000706943008282,28.128024896096715,115.84903209032528,94909.031245,94909.056585,0.9753257726745163
19.329211817049757,28.051218532955637,115.72202468884636,94909.044578,94909.069268,0.9245234400559965
19.660509519722464,27.996050148750875,115.69161361084996,94909.057911,94909.08272,0.8852123157461574
20.002227452351523,27.941204545718094,115.65875213766196,94909.071244,94909.095763,0.9644865178068321
20.358700022817004,27.912872958732205,115.77390511311808,94909.084578,94909.108339,0.9796048242736787
20.70742939427521,27.888508157168683,115.82818978002368,94909.097911,94909.122511,0.9835045327132078
21.073715576988448,27.870798965547685,115.96703517458005,94909.111245,94909.135709,0.9990384470193567
21.39156324525302,27.760688129318474,115.81438753002922,94909.124578,94909.1493,0.9847520704579946
21.75906330361974,27.745876009993808,115.9575108802766,94909.137911,94909.16439,0.9901655086396725
22.080100917525336,27.658860894038053,115.82153487945017,94909.151244,94909.174976,0.9691960226887513
22.43738904758311,27.639880219368152,115.92997900263578,94909.164578,94909.189948,1.0
22.79160254815688,27.610673844380432,115.995771987612,94909.177911,94909.202915,0.9913264862654396
23.11328130950045,27.548489231127192,115.92933705129862,94909.191244,94909.223887,0.9478832983045666
23.496682649323336,27.543216587064016,116.09380720548067,94909.204578,94909.228548,0.9881141430798575
23.838212940352253,27.481073958280714,116.08059892366335,94909.217911,94909.241861,0.8902460037626558
24.17595528098032,27.455547678038055,116.10479394338552,94909.231245,94909.255684,0.9183469391540894
24.520386595284617,27.435639011368636,116.1574203685928,94909.244578,94909.271088,0.9906938441296519
24.842191035188595,27.359436506338042,116.0722269031283,94909.257911,94909.282118,0.9300252829446044
25.18331890621141,27.327756277793217,116.13999665147499,94909.271224,94909.296737,0.9713120411248465
25.551044267546732,27.33506740930168,116.33633543024749,94909.284558,94909.308884,0.9820080596462742
25.85803076727986,27.25998791514324,116.20681977613005,94909.297892,94909.321506,0.9913282676673736
26.154202260784878,27.19438532530182,116.0541702586986,94909.311224,94909.335188,0.9528179511782022
26.507289052704582,27.203799018849647,116.22241314989577,94909.324558,94909.349789,0.9926945918271067
26.827673839661994,27.147217649950523,116.20695044445922,94909.337891,94909.362371,0.8906815414925641
27.15997519498971,27.116121632789785,116.2461477090723,94909.351224,94909.377833,0.9685059988552889
27.45250389028862,27.0594871704045,116.13463644979234,94909.364558,94909.395473,0.9695379230926421
27.789343675265155,27.040847862421025,116.2517905868699,94909.377891,94909.402893,1.0
28.12618420666023,27.014561674660744,116.34458721263127,94909.391224,94909.415822,0.9409979562027142
28.450498496637067,26.98532631792987,116.38036104227648,94909.404557,94909.429113,0.9836724648261268
28.722370048984715,26.893110937476326,116.15624208429351,94909.417891,94909.444997,0.9423029235229109
29.021169627400248,26.84194232360779,116.11042076514276,94909.431225,94909.457483,0.996621583460117
29.338594693726552,26.819503587874575,116.19383145216074,94909.444557,94909.470139,0.970705804870017
29.641800176594042,26.772872866112177,116.1367219763069,94909.457891,94909.483533,1.0
29.976403662011066,26.7482058356485,116.21885209049552,94909.471224,94909.497297,0.8886651416526089
30.26382800659048,26.70433726144609,116.1698497645998,94909.484557,94909.508617,0.9967182976022159
30.590374188012845,26.66445541549973,116.19620578368328,94909.497891,94909.523555,0.8376017801414802
30.854769636012524,26.59639293882154,116.01927082272394,94909.511224,94909.537128,0.9570825642154303
31.143760374922266,26.553063402807872,115.95071010160525,94909.524557,94909.549356,0.9686287590536437
31.480588936972943,26.559875420700994,116.08279633427887,94909.537891,94909.563124,0.9580057201627378
31.74382371275544,26.502337506021302,115.90010272439008,94909.551224,94909.575872,0.980460701519471
32.081404322396445,26.51346853295442,116.0410989462308,94909.564558,94909.590254,0.8691764700295683
32.37257383867414,26.477337955362596,116.00711779760677,94909.577891,94909.603346,0.8722161861509422
32.665413768835634,26.449501540956714,116.00772669719551,94909.591224,94909.617233,0.8754227196652982
32.962602077945064,26.437557982335193,116.00645069115977,94909.604557,94909.63005,0.9519633197922245
33.278142849528834,26.43299351356987,116.09520659720494,94909.617891,94909.642283,0.9244326882462597
33.504720862682156,26.355193395017757,115.89645125583586,94909.631224,94909.655709,0.9167968261781433
33.79757715513229,26.335901527189083,115.92761273301528,94909.644557,94909.669516,0.8773059424791434
34.047701937289624,26.29097590451565,115.85512888955475,94909.65789,94909.683025,0.947422663342714
34.35847812741805,26.299785241152428,116.00029901443312,94909.671224,94909.69489,0.9131305772641474
34.5433950525687,26.204056895809032,115.68991391584335,94909.684557,94909.709301,0.8691764700295683
34.83406964052317,26.184878131210336,115.78754283265187,94909.697891,94909.721794,0.9015058015688243
35.05466375817121,26.119890388780558,115.61031382939976,94909.711224,94909.736098,0.9632291970373382
35.29457275167521,26.070642905169755,115.55531055083159,94909.724557,94909.749367,0.9305232716412257
35.50348711270968,25.99521943808934,115.44810204803831,94909.73789,94909.763078,0.8533284975980856
35.779810009082794,25.978865670580678,115.55402749493918,94909.751224,94909.774835,0.9394994929541846
36.00608774939963,25.924130739185856,115.49014139762741,94909.764557,94909.787978,0.9726783428122111
36.193969889973374,25.838546125499683,115.30801648483357,94909.77789,94909.802885,0.8780681988919764
36.456460277348405,25.813935587617745,115.4109710748425,94909.791224,94909.815835,0.9535053151618341
36.600987565033165,25.72251193164522,115.14214031641656,94909.804557,94909.828707,0.8890594479628058
36.82498134610988,25.68605947440378,115.14625243653836,94909.81789,94909.841707,0.8563603860468302
37.00315253691246,25.61195455090264,115.01887422609038,94909.831224,94909.855472,0.9645929876944087
37.2818607982757,25.624111779891276,115.27229368585584,94909.844557,94909.869271,0.9255111150507475
37.436107793601586,25.548680486319704,115.0843964896502,94909.85789,94909.881828,0.877932012433998
37.589307598620834,25.48575174043822,114.95532929558732,94909.871223,94909.897602,0.8709615293159091
37.757379254019554,25.42968364184333,114.84321263767585,94909.884557,94909.909621,0.8984095612907335
37.89250669047185,25.369028806735482,114.68709745829625,94909.89789,94909.922018,0.8911247006466427
38.09358377226218,25.351144109063082,114.73207654123061,94909.911223,94909.935569,0.9883928160212567
38.225857789587415,25.28482522864955,114.60227752144957,94909.924557,94909.951176,0.8976323044918398
38.38807841985646,25.258292347600918,114.57320438385277,94909.93789,94909.963103,0.9171863661669392
38.4945808149231,25.210315756438714,114.41820292212083,94909.951223,94909.97818,0.8895461425522151
38.6223244524747,25.189980673141314,114.336071979351,94909.964557,94909.989976,0.9193596789009114
38.71936382090298,25.157012427051278,114.17892271259198,94909.97789,94910.008643,0.9148736658249641
38.81877474859038,25.142088462803827,114.06122382787636,94909.991223,94910.016756,0.9238319830360683
38.91205682471989,25.113024189744827,113.90690512881571,94910.004557,94910.029445,0.9033912471802743
39.05432454926907,25.125541899293186,113.95435395262325,94910.01789,94910.042892,0.9233303703894209
39.067176679906446,25.06963516468348,113.5841173848961,94910.031223,94910.055503,0.9584470148724273
39.11288226621129,25.035251735194166,113.37725497223869,94910.044556,94910.070539,0.8874413367409048
39.21865864288036,25.044126511721636,113.35254537067115,94910.05789,94910.083941,0.9170544386965596
39.35860097163895,25.082210423180847,113.47354305429198,94910.071223,94910.095506,0.9876149231557522
39.3752959804025,25.033724956159716,113.21288657288359,94910.084557,94910.108908,0.9516271077837687
39.42784832863439,25.014864055948813,113.10589659585024,94910.09789,94910.121848,0.8520703045323871
39.4560017665522,24.976636102409596,112.91251122256676,94910.111223,94910.137653,0.9541867558867497
39.515173019479334,24.981628210825985,112.85102254278921,94910.124556,94910.149969,0.883123313037948
39.487030778021754,24.93455596184311,112.54637091899764,94910.13789,94910.164402,0.9308696956756323
39.48070789825493,24.893952249337598,112.31591551322629,94910.151223,94910.176328,0.9222406772797829
39.51713418039982,24.904408961027546,112.23493673575585,94910.164557,94910.188675,0.8811637328636086
39.518594915498376,24.900246127830776,112.03724224103668,94910.17789,94910.202348,0.9044761247359183
39.47820428032028,24.875793922719303,111.78176162345576,94910.191223,94910.215962,0.8816748712750043
39.432637710029425,24.848805171463265,111.50935402186036,94910.204556,94910.228945,0.9448887034078393
39.42525533998796,24.86733665123896,111.39023128654397,94910.21789,94910.242947,0.8747114378841865
39.424211833096265,24.903484799501822,111.35994569841377,94910.231223,94910.255398,0.926045921570586
39.369889190035614,24.91601900861319,111.17802273200145,94910.244556,94910.270299,0.8934159842834899
39.31918296993037,24.93340299125815,111.02325200964073,94910.257889,94910.281696,0.9589824240441456
39.19017460930782,24.92131602815391,110.68841893726217,94910.271223,94910.29579,0.9449896723957941
39.07443096981528,24.91726792882703,110.41545732857773,94910.284556,94910.308123,0.918467825055517
38.97980649467143,24.94626910263553,110.24765980598129,94910.29789,94910.321752,0.959951320650765
38.860958037815735,24.969829542446245,110.06075508549253,94910.311223,94910.336698,0.8852048726919511
38.72672219644235,24.97956676534089,109.82334666054835,94910.324556,94910.350794,0.9083136930771714
38.60917443313601,25.036846469252126,109.7131015883137,94910.337889,94910.362731,0.9121828950457487
38.49481911421095,25.101810081895287,109.58146014389902,94910.351223,94910.37575,0.9310817067707372
38.315982463682026,25.12684389006962,109.3031038010178,94910.364556,94910.388741,0.8934035969734917
38.08975160833301,25.13220100060882,108.91096645597018,94910.377889,94910.402896,0.9022801865515988
37.92615811518156,25.193496443101473,108.75874462712424,94910.391223,94910.415323,0.9218372548653972
37.726655868541386,25.24106835341084,108.54638367263924,94910.404556,94910.428678,0.8597298302416257
37.498530617940276,25.26154630821496,108.26575692836936,94910.417889,94910.441925,0.8757656615518267
37.25085483824726,25.30297868211077,108.00753701965726,94910.431223,94910.45485,0.8511300294141868
37.00177232492822,25.340263023269312,107.78639246185244,94910.444556,94910.468966,0.9349046483473266
36.77083697968407,25.401414966640466,107.64912780424358,94910.457889,94910.481964,0.8749001601457316
36.440007998416476,25.388007457548472,107.27014267912404,94910.471222,94910.495023,0.8906762144846574
36.148106978858195,25.439800775926077,107.07762066129678,94910.484556,94910.508822,0.920054125536697
35.862969612147076,25.49251299462024,106.9162443684477,94910.49789,94910.524167,0.9778223745301621
35.54452948342133,25.514641496463618,106.70241412730326,94910.511222,94910.536249,0.973604961015332
35.15394904410469,25.51619990679361,106.32996997815837,94910.524556,94910.548526,0.8900560224089635
34.76459908467765,25.516071340084913,105.97296849708151,94910.537889,94910.561915,0.9148302304995221
34.43653745019952,25.566248174789216,105.86810858006947,94910.551222,94910.576856,0.914503477823835
34.011214171824776,25.573068227853803,105.53171969177725,94910.564556,94910.588786,0.8966031474409739
33.59552037203984,25.59138480090347,105.28710411782241,94910.577889,94910.602591,0.9225223749109212
33.196934164973285,25.64348883024821,105.17209425009956,94910.591222,94910.617635,0.9635462185573277
32.723227518502604,25.647763867359483,104.85889092658823,94910.604556,94910.629065,0.9048574346803442
32.23649225509063,25.654762404835367,104.57701461296033,94910.617889,94910.643832,0.9373199010058513
31.74362189743538,25.652379778084597,104.3230935632312,94910.631223,94910.655125,0.9490091821608072
31.262367296271428,25.69072604134712,104.19331513469274,94910.644556,94910.668836,0.9405562934324928
30.741565833412544,25.707796299119455,103.97061073890099,94910.657889,94910.682978,0.908711438327754
30.15425572373336,25.652114000305193,103.52646240543314,94910.671222,94910.697649,0.9045991714611958
29.575480845423176,25.632112973563203,103.20857599883814,94910.684556,94910.709841,0.9801890712398565
29.02860246366747,25.63532185560049,103.02609572148314,94910.697889,94910.723345,0.8776426871929147
28.453324831668073,25.61396458622043,102.77634673884072,94910.711222,94910.736568,0.9298602759737962
27.827248886162216,25.54662953691169,102.35554586027767,94910.724555,94910.748555,0.9642308063819882
27.244736999823925,25.519896119784427,102.1057889232318,94910.737889,94910.762333,0.8969239171751555
26.63945009468209,25.500933240711188,101.83499089657371,94910.751222,94910.776273,0.9703146929501807
26.07184484149585,25.483150983714154,101.74166370048621,94910.764556,94910.790438,0.9106690041886818
25.415992322338674,25.3674839283332,101.26512832598705,94910.777889,94910.803731,0.9821338235710799
24.84960484132993,25.33788410327293,101.15546072784606,94910.791222,94910.816022,0.9483531699365135
24.207539719569514,25.207309837581718,100.7129323224672,94910.804555,94910.828346,0.9587442192600653
23.61211469824154,25.11256074098814,100.4851348868271,94910.817889,94910.84182,0.9869681752591273
22.96608032983001,24.945654980814844,100.02211525722115,94910.831222,94910.856037,0.9912666884784984
22.376641694006967,24.818238941433346,99.82392107391534,94910.844555,94910.86829,0.9708443441449047
21.76254907274062,24.640315814628636,99.48182147370022,94910.857889,94910.88223,0.8815988907043941
21.159999489292986,24.472558749433254,99.2162432877483,94910.871222,94910.895499,0.9911420814099289
20.552347097104214,24.268126535023583,98.85238728160704,94910.884555,94910.909083,0.9627970292240117
19.982425304340087,24.083069925158405,98.7389800484788,94910.897889,94910.922159,0.9508345483674061
19.36366186508716,23.839746734679323,98.36827206814682,94910.911222,94910.936313,0.935959244970631
18.79262397461082,23.636813013302973,98.24173401385133,94910.924555,94910.951464,0.9121143511951243
18.174443776659256,23.352644490400017,97.8311549087444,94910.937888,94910.965734,0.9302732784830754
17.581434486574818,23.099893328635712,97.54705371050431,94910.951222,94910.975818,0.9739059397822666
17.009456822650684,22.868083717240214,97.4249155033534,94910.964556,94910.988625,0.9911178498970261
16.423394796708966,22.587822620134716,97.11349685335934,94910.977888,94911.003781,0.9975498424730914
15.858637040680318,22.32818241263349,96.94288417386309,94910.991222,94911.014959,0.9688844267261344
15.309121292809717,22.094626931629477,96.88079914942212,94911.004555,94911.030275,0.9105022784303972
14.735038723809124,21.80369758511369,96.57157678216483,94911.017888,94911.043346,0.9573119327418759
14.213875344482718,21.570606970809912,96.57211814519864,94911.031222,94911.058615,0.9826802197715574
13.66021843927357,21.252523684483652,96.30193232363825,94911.044555,94911.069731,0.9935069818575104
13.144841454592646,20.982638169931676,96.29031807229363,94911.057888,94911.081866,0.9390039026470954
12.603192478959576,20.645345515706975,96.01732172429324,94911.071222,94911.095304,0.9495937934702467
12.095606277802629,20.35074122354675,95.97000365098565,94911.084555,94911.110437,0.9624979540536313
11.598008253575143,20.043948495778835,95.95337797313418,94911.097888,94911.122089,0.9238975381893872
11.071929393901696,19.678856582939773,95.63795971766689,94911.111222,94911.137038,0.9987223447929625
10.574662238603516,19.332353731030757,95.57434591481179,94911.124555,94911.149373,0.9787496994555305
10.081094273165759,18.94365511433598,95.30159407614123,94911.137888,94911.162821,0.9857792039518671
9.608309163722486,18.62153828892983,95.34242498831539,94911.151221,94911.17557,0.9925754225449386
9.130300581296183,18.263248031379987,95.23736701196488,94911.164555,94911.193214,1.0
8.665829757756,17.88573069650476,95.13104645202603,94911.177888,94911.202144,0.9833269276100856
8.223123104078182,17.506364244148404,95.01680739299316,94911.191221,94911.215848,0.9998265598398616
7.8035233637065735,17.114737859173967,94.94202842119721,94911.204555,94911.228533,0.9900050591004668
7.406481757677362,16.735052499396943,94.9692464953889,94911.217888,94911.241752,0.9943691157902409
7.02659217457977,16.330925968723353,94.86981088755633,94911.231222,94911.255988,0.9728452949236861
6.6493109793133405,15.911537662303129,94.67078099460582,94911.244555,94911.269825,0.9855047342142026
6.302300644546784,15.507042439297413,94.66356108908315,94911.257888,94911.284619,0.9794772011595316
5.965427585795272,15.064795500366117,94.55296013014762,94911.271221,94911.295865,0.9855047342142026
5.645520990221469,14.654039781530157,94.5993234901773,94911.284555,94911.308502,0.9605493317097278
5.346784617835158,14.236138885359802,94.6427744925601,94911.297888,94911.321616,0.9711101048309702
5.052204570716539,13.740848184312863,94.26149958382187,94911.311221,94911.337122,0.9836227800961967
4.77375246974244,13.345731909475747,94.36363669273551,94911.324554,94911.349796,0.9855047342142026
4.506936201274357,12.888591808438195,94.18790307378757,94911.337888,94911.364589,0.9197223009568168
4.254118393671884,12.465198140112637,94.14477698521728,94911.351221,94911.376853,0.9662378553096654
4.032818348887729,12.029251381009702,94.10711118181003,94911.364555,94911.395425,0.9936278622527368
3.8439014928366744,11.622290182759958,94.1913449425299,94911.377888,94911.402547,0.9883405342526962
3.6639654588071475,11.213329657144463,94.20926047237484,94911.391221,94911.415085,0.9938002271232748
3.504303601732768,10.800410718936345,94.12723073859702,94911.404554,94911.428858,0.9491796465381336
3.3529561956094573,10.409216150341258,94.11098052322512,94911.417888,94911.442237,0.9848356871027769
3.221318447914966,10.015142765739203,94.13935795848998,94911.431222,94911.457563,0.9855047342142026
3.1131058819132833,9.635888897504659,94.17326478662297,94911.444554,94911.470994,0.9053345006175714
3.0252543935189697,9.272181349553895,94.15019788699935,94911.457888,94911.482704,0.950927070704394
2.94341096975451,8.939029777201666,94.23614944420021,94911.471221,94911.495534,0.9483047796244655
2.8878322635479123,8.601569816439532,94.20297270479298,94911.484554,94911.508625,0.9831164881836405
2.83824365965628,8.265671221250535,94.11390289057076,94911.497888,94911.522619,0.9860474811157192
2.822481542815226,7.942863450188257,94.07523281104245,94911.511221,94911.535063,0.967793979307041
2.8255087544250386,7.653987902431489,94.20056103039936,94911.524554,94911.549637,0.9677825777540929
2.8545794031045597,7.357908579788242,94.18738527947183,94911.537887,94911.563086,0.9770882816732541
2.9044777670769877,7.091948322093876,94.38897019017038,94911.551221,94911.575586,0.9973437637980177
2.9720886436319947,6.799519162148891,94.28806847900569,94911.564555,94911.58821,0.9955702277193776
3.0569591195976082,6.534917051674894,94.39372656711366,94911.577887,94911.60421,0.9664396713663096
3.1728956425282666,6.257643701250236,94.45395947338555,94911.591221,94911.615269,0.9615112318626582
3.302357669816412,6.0010226687131825,94.59341823872496,94911.604554,94911.629103,0.9825001652928365
3.445513076430882,5.748992335084103,94.75027637988403,94911.617887,94911.641726,1.0
3.616606136828176,5.4720765162797305,94.70376581789814,94911.631221,94911.654896,0.9414741381920139
3.805205643020256,5.200522428573459,94.8923577848458,94911.644554,94911.669847,0.9968393525931124
4.013618419190923,4.932900746622519,95.00541815373406,94911.657887,94911.682535,0.9770140519122523
4.2428744827406675,4.642166541141558,95.1734942397908,94911.671221,94911.697295,0.984311251361373
4.471265915950661,4.346972480739752,95.39203962667254,94911.684554,94911.708713,0.9642816197580125
4.70672729583112,4.051074455810235,95.71037259486417,94911.697888,94911.723432,0.9860474811157192
4.9715540788305885,3.712519490209229,95.62579998036007,94911.711221,94911.736189,0.9419282659494731
5.249643818376531,3.413384002059271,95.9372057554606,94911.724554,94911.748453,0.9443324561900482
5.538052197962189,3.1069885880019865,96.13523362257943,94911.737887,94911.762315,0.9784942858247676
5.839505563694385,2.800607697074545,96.399252654799,94911.751221,94911.775306,0.9935347345032647
6.1444717592826805,2.499629083105595,96.54071360951082,94911.764554,94911.788612,0.9326414241683438
6.45948259716418,2.1933351650910224,96.71227512575851,94911.777887,94911.803269,0.9798147440948837
6.788311885504166,1.8645620152110542,96.87214692046068,94911.79122,94911.816141,0.9979965456946222
7.122803589980104,1.5497402561908564,97.1268616449396,94911.804554,94911.830241,0.9683827571204902
7.465291572930031,1.2175464081337364,97.58123628194112,94911.817887,94911.84293,0.9951341275955697
7.791312747151481,0.9059947509295934,97.71553549460282,94911.831221,94911.858613,0.9644150138149021
8.144959781723774,0.566450993749501,97.86646989429136,94911.844554,94911.874098,0.9944024316776295
8.509126233675568,0.2133827465425651,98.25307099147011,94911.857887,94911.881887,0.9604281508933009
8.896058511213907,-0.12564995664164916,98.47414800808225,94911.87122,94911.895787,0.9919254344521433
9.292791621603778,-0.44801428795579407,98.94894556402002,94911.884554,94911.909063,0.9104971961491447
9.680223134237165,-0.7638195421154853,99.21547917907544,94911.897887,94911.924366,0.9996230446984843
10.092348814320935,-1.0881793498416188,99.52179962992662,94911.91122,94911.936008,0.9871929968343996
10.505864996266084,-1.3985190222146346,99.96446660190537,94911.924554,94911.952002,0.9784838804733734
10.91584349002619,-1.697064170328719,100.28988506356929,94911.937887,94911.962928,0.9728750644737969
11.306846659227382,-1.9809593143313786,100.59394425901068,94911.95122,94911.975698,1.0
11.70787747242741,-2.261218299469736,101.11614445931968,94911.964554,94911.98876,0.9914942186982556
12.08443611950983,-2.513745111909258,101.43842805158377,94911.977887,94912.003723,0.9850278947488125
12.44927822122551,-2.742149454191329,101.87335868564827,94911.99122,94912.015345,0.9933446476187908
12.821765840182112,-2.9563376736336693,102.13473977309881,94912.004553,94912.036481,0.9234015798631767
13.216483936841804,-3.1352917852455384,102.61654404678916,94912.017887,94912.042037,0.9957267354545879
13.600847531307311,-3.280226014154951,102.92677623715753,94912.03122,94912.055058,0.9933695384119439
13.990805211915431,-3.412810926024274,103.31167017772113,94912.044553,94912.070055,0.9107677241949387
14.380667429513991,-3.534930300958187,103.5664306650837,94912.057887,94912.081959,0.916611414314314
14.809596349864607,-3.660816519353315,104.21303402627376,94912.07122,94912.097347,0.994769045357105
15.196176781954106,-3.7709696792034,104.5229344069105,94912.084553,94912.109705,0.9126480832531828
15.59297094450878,-3.8892314104193613,104.9734426532855,94912.097887,94912.124838,0.985695158442947
15.960425558282063,-3.998326292909426,105.2645418685458,94912.11122,94912.136426,0.9511028760931396
16.343415576372276,-4.09924134745831,105.71236725875147,94912.124553,94912.14859,0.999920762861739
16.70206137550788,-4.196515348909991,106.07263681761461,94912.137887,94912.162208,0.9769817290886639
17.051098987284377,-4.300102883690731,106.40348805602994,94912.15122,94912.175226,0.9645796558135719
17.39732728244702,-4.381358476926917,106.73254557226427,94912.164554,94912.188352,0.9344464978581025
17.767528256850905,-4.465632007164827,107.26328700123761,94912.177887,94912.203256,0.9822075890345228
18.141334275063137,-4.54714827791306,107.63635712135451,94912.19122,94912.216132,0.8935126268825743
18.468932994553587,-4.60319257344154,107.7374378711091,94912.204553,94912.230364,0.9554418589295528
18.86134006583529,-4.66346881671696,108.30306337089507,94912.217886,94912.243276,0.9836688589656084
19.220977271802795,-4.724940255961026,108.72356190560686,94912.23122,94912.258295,0.8860743283046897
19.541751720081784,-4.762993942592583,108.85244846335279,94912.244553,94912.270091,0.8616378500214547
19.93428160038438,-4.834136016169651,109.43313152852784,94912.257886,94912.281845,0.9624020165592431
20.254190728826345,-4.882786165058214,109.52899984357047,94912.27122,94912.295264,0.990174056681537
20.56750423538298,-4.917756017269231,109.62292940320901,94912.284553,94912.309414,0.93922718615141
20.965127364225097,-4.972109946455578,110.25186890033224,94912.297886,94912.321707,0.9725794297392519
21.325726668126453,-5.030819713011259,110.6925428892591,94912.31122,94912.335591,0.9411759878666033
21.66813830088803,-5.068863078161011,110.97657177449351,94912.324553,94912.348591,0.9181195296120616
22.002793698241373,-5.1067341816879805,111.24306980162207,94912.337886,94912.364712,0.9009971268639674
22.341070569309473,-5.133040566288591,111.46839881235852,94912.35122,94912.375329,0.982437349120472
22.671031641173922,-5.164515549067986,111.66860558822505,94912.364553,94912.389547,0.9770109615416779
23.04601914930291,-5.218156344510047,112.12057897348994,94912.377886,94912.40304,0.8900792086996908
23.363041893837007,-5.239998764645552,112.2709886009734,94912.391219,94912.415225,0.963758157870616
23.702275810933692,-5.296235760444011,112.56121712914063,94912.404553,94912.428698,0.9827629663545285
24.03316321491041,-5.348591817891956,112.76883037192336,94912.417886,94912.442027,0.9770673518878809
24.353715034951257,-5.405579932327919,112.88040463166814,94912.43122,94912.455128,0.9742555256975322
24.7222327685124,-5.4697103799517945,113.26711340254768,94912.444553,94912.470091,0.9656556114660649
25.01510409748427,-5.5495385055241915,113.30211513473951,94912.457886,94912.481858,0.9098189029711463
25.367254075423677,-5.617331856948715,113.62678015644379,94912.471219,94912.497287,0.9496269769249398
25.677388451499446,-5.70991213259808,113.73503885721506,94912.484553,94912.509757,0.9791658354524845
25.965870479932175,-5.827999740427922,113.78126548421122,94912.497886,94912.522841,0.921272935419887
26.338291958167275,-5.955761526563462,114.14255922200084,94912.511219,94912.536285,0.9170405344235075
26.620921999603535,-6.081624878238664,114.17089707985033,94912.524553,94912.548466,0.8964505139011206
26.945059224574546,-6.231539052380668,114.35757351707673,94912.537886,94912.561859,0.9139977992895515
27.204410671623865,-6.371433935863592,114.30973286102427,94912.551219,94912.574982,0.9313005131072466
27.541480786207856,-6.5465037342461105,114.67249076108735,94912.564553,94912.588502,0.9595811272469595
27.842475071175485,-6.720784993748814,114.87912519250926,94912.577886,94912.603542,0.9535053151618341
28.076318427032426,-6.886566886653425,114.80078292148286,94912.591219,94912.615266,0.8743458371311427
28.33611066625045,-7.089781298864835,114.92218115011363,94912.604552,94912.630194,0.9361438058367413
28.645671479141097,-7.294045528061584,115.24447539232472,94912.617886,94912.642949,0.9535053151618341
28.896380062330845,-7.494763403008214,115.40376776873633,94912.63122,94912.655785,0.9235143990883864
29.058562925928598,-7.705933660697433,115.20116655764325,94912.644552,94912.66975,0.9171863661669392
29.298475713878585,-7.923725031626648,115.43184157830231,94912.657886,94912.681833,0.935870177100851
29.535562992014345,-8.156497853717857,115.74750228162515,94912.671219,94912.695678,0.9853808241687001
29.708822653463088,-8.358653993741003,115.84655659025542,94912.684552,94912.710561,0.9396461106774191
29.87538712494617,-8.56131154062217,116.01510997729908,94912.697886,94912.721482,0.9442348741881056
29.947533255398028,-8.728673663220222,115.84955475117718,94912.711219,94912.735662,0.9535053151618341
30.079734213246503,-8.89934849724422,116.03130795270292,94912.724552,94912.748543,0.9815329056157898
30.217589730581068,-9.060259778491982,116.24549240143284,94912.737886,94912.763242,0.9474128698867512
30.253512638872007,-9.151805191880333,116.12756520618305,94912.751219,94912.775632,0.9608728167960982
30.310159315883645,-9.194433201613876,116.15991514616033,94912.764553,94912.789867,0.9263009640446636
30.393871887460296,-9.220130837744865,116.39141212587778,94912.777886,94912.803438,0.9474128698867512
30.40611880382416,-9.194106929026024,116.35472257867508,94912.791219,94912.81567,0.9801452467269286
30.446071603786525,-9.143566985061323,116.4985285390972,94912.804552,94912.828914,0.9469057922530472
30.454977217199524,-9.057299346666092,116.4980108176827,94912.817886,94912.84348,0.9443779019196877
30.46645544064492,-8.955974571040851,116.51488208332876,94912.831219,94912.854942,0.9589703382046044
30.452965406608254,-8.835562197016552,116.40794179207903,94912.844552,94912.869447,0.9157317871806364
30.459182941681636,-8.733386943428764,116.40902789713549,94912.857885,94912.881639,0.901797951846927
30.48402679564824,-8.642231110381966,116.50763748548864,94912.871219,94912.897696,0.964851237936003
30.438537950096833,-8.554408140820929,116.27553028076139,94912.884552,94912.908769,0.960902961771204
30.510741625666437,-8.536924723442853,116.57538315989223,94912.897886,94912.92212,0.9263009640446636
30.489215596386828,-8.508640195312276,116.51765471068738,94912.911219,94912.935879,0.9307938044569803
30.49765123443815,-8.52480419422354,116.61274519053948,94912.924552,94912.950587,0.9362720091671407
30.48423226131247,-8.558833105070612,116.61523919112196,94912.937885,94912.964647,0.9300610947859831
30.459687807783954,-8.614854584085698,116.57263164700437,94912.951219,94912.975133,0.9455309169530605
30.43905563109929,-8.681764139815805,116.54230108897437,94912.964552,94912.99061,0.9288922109610078
30.401443295428855,-8.763509100876588,116.51250887472811,94912.977885,94913.004787,0.8667124911881555
30.336613664740344,-8.8214496694113,116.40205465228411,94912.991219,94913.015911,0.8957263164377482
30.30582618310878,-8.900025807823514,116.43916607162085,94913.004552,94913.029733,0.9596408812991973
30.23467296565647,-8.959233037890021,116.34080410784046,94913.017885,94913.042457,0.960883077319318
30.139307687226133,-9.028273345425363,116.19489598442976,94913.031219,94913.05617,0.9971983951572921
30.09152920184015,-9.068177006106701,116.25284863227714,94913.044552,94913.070562,0.9675714118936147
29.999022924672435,-9.11323291152511,116.19029810191338,94913.057885,94913.083036,0.8977917167965419
29.91209222151688,-9.129561755454812,116.14235625815485,94913.071218,94913.096427,0.9887124612847603
29.813975738916728,-9.161198715892356,116.1334637880509,94913.084552,94913.109907,0.95667783310068
29.641959996663157,-9.141545024802314,115.7521866463603,94913.097885,94913.124204,0.9330439383596828
29.555037091752883,-9.157043034320038,115.80827342826986,94913.111219,94913.137156,0.9463817258426166
29.413895164330675,-9.141092150661924,115.6544732208057,94913.124552,94913.150381,0.8594821141720796
29.267834360606752,-9.127191745605716,115.50794173112723,94913.137885,94913.162038,0.9214211527928813
29.152456696608276,-9.121069664306006,115.52037361642361,94913.151218,94913.174812,0.9290047549972458
29.007601761892218,-9.107516961268772,115.43132517639249,94913.164552,94913.188177,0.896329869215519
28.87753127395464,-9.097551880497877,115.39292090542719,94913.177885,94913.202191,0.8991083866689966
28.73093419965742,-9.087170819642244,115.30393206564119,94913.191218,94913.215296,0.9853346086125652
28.53779778572109,-9.059021165656578,115.05296501269999,94913.204552,94913.228397,0.9905809632054704
28.429412441875797,-9.06357621262217,115.18546057761168,94913.217885,94913.243132,0.9001115039935266
28.22431124132567,-9.034142872216185,114.9252624426919,94913.231218,94913.257061,0.9335163293390518
28.085209688603886,-9.033381953497765,114.92730593539694,94913.244551,94913.269092,0.929842292228926
27.896868505169206,-9.027741656793498,114.74784723765677,94913.257885,94913.281914,0.9919539493227765
27.722741122717753,-9.014291708045093,114.6791246590048,94913.271218,94913.294788,0.9531787537116766
27.51442363031486,-8.99605129609581,114.46672070950304,94913.284552,94913.308578,0.9950255460323617
27.31670472747854,-8.994697427403162,114.30199754940216,94913.297885,94913.32266,0.8931341098835175
27.104640662908313,-8.98862954835717,114.16165392440533,94913.311218,94913.334906,0.8974502212909107
26.92407183163481,-8.997094034197122,114.13725233747273,94913.324551,94913.349537,0.9578580453438438
26.733275168247104,-8.9796274016479,114.02999253518097,94913.337885,94913.364008,0.9486924095539002
26.478393178524872,-8.944734226154463,113.6379314516894,94913.351218,94913.374969,0.9968536079152708
26.270860915657906,-8.936665676863424,113.516727033346,94913.364552,94913.388319,0.9048276317251069
26.121658522657576,-8.95736754363981,113.64507823151698,94913.377885,94913.402815,0.9676515838089733
25.849239163610385,-8.936317581972855,113.22342120175355,94913.391218,94913.415315,0.9895211853013491
25.645918234289578,-8.950906290129076,113.13241218695057,94913.404551,94913.428816,0.9227577623868141
25.43677105904853,-8.95669632860395,113.00160945522937,94913.417885,94913.441563,0.9560976380443217
25.192339219393883,-8.948034957074915,112.74895311789916,94913.431218,94913.456157,0.998722200659818
24.97611839504566,-8.959091154758717,112.6360415055833,94913.444551,94913.474667,0.9574049311035404
24.7106637398219,-8.967975987475375,112.26903332499337,94913.457884,94913.482714,0.9540325184761107
24.497328334730522,-8.976083626271983,112.207637129516,94913.471218,94913.495882,0.9457237910191649
24.277787403522296,-8.978238861537843,112.14291100665749,94913.484551,94913.509662,0.9870574062478316
24.011880522220686,-8.968367177034802,111.86066131889388,94913.497885,94913.522384,0.9972406118441763
23.752597135949117,-8.954245595575012,111.674292978401,94913.511218,94913.534996,0.9791658354524845
23.512499598851754,-8.951576304102176,111.53814995148987,94913.524551,94913.548316,0.9345585827059789
23.271840815453878,-8.95052103436245,111.42114031214756,94913.537884,94913.562928,0.970705804870017
23.018146294595983,-8.943812512144499,111.25532380047247,94913.551218,94913.575725,0.8891414388848534
22.7303439649576,-8.91403544913236,110.87277812240553,94913.564551,94913.590498,0.9975015257921789
22.46459956484556,-8.903112698221056,110.70907756365617,94913.577884,94913.602936,0.9059961745122209
22.271365116562226,-8.909569985692606,110.95350418772944,94913.591218,94913.615938,0.9072300036487639
21.9529871907875,-8.853648887358624,110.44961869730813,94913.604551,94913.628549,0.8823578138010333
21.66747823614285,-8.812611289786606,110.18547961344585,94913.617884,94913.641565,0.9914656378559976
21.406180584694802,-8.783121959904696,110.08340143926964,94913.631218,94913.654907,0.9901633691267492
21.138008847092554,-8.748482551289705,110.00687583586262,94913.644551,94913.669148,0.9305524491078528
20.835548147511588,-8.682322157055767,109.76075217815213,94913.657884,94913.682545,0.9759115324814251
20.530108731345802,-8.618615253861504,109.54320735301634,94913.671217,94913.69755,0.985932139107294
20.17737108431137,-8.545433270348914,109.16665449182767,94913.684551,94913.708621,0.9343682219448741
19.866489248394764,-8.458805626784336,109.06541400975566,94913.697885,94913.722912,0.8996892868703795
19.520658796867917,-8.377807744222444,108.78061869802184,94913.711217,94913.735432,0.9533670788842328
19.150403344249977,-8.256990030870405,108.41977750206279,94913.724551,94913.748366,0.987884422984203
18.814726660940618,-8.171131699701435,108.3911459072476,94913.737884,94913.761687,0.9689098948917317
18.408644226566828,-8.04875222957549,107.91903107300456,94913.751217,94913.776344,0.9589189398036042
18.04120973173431,-7.948147213650608,107.84491738811076,94913.764551,94913.79461,0.9723210629707992
17.634032174262494,-7.817646640511917,107.7028612410954,94913.777884,94913.805337,0.9021760234851338
17.182432776583095,-7.678322712967825,107.15116197707815,94913.791217,94913.816826,0.9760931166322542
16.765999756378026,-7.542263394804857,106.92130186665061,94913.804551,94913.829755,0.9765353800906881
16.342840269897543,-7.413013832327634,106.66712382755533,94913.817884,94913.843685,0.9957267354545879
15.87932342581308,-7.260048944261838,106.19006257110247,94913.831218,94913.856344,0.999920762861739
15.42144685400265,-7.1160105518792065,105.82725682351281,94913.844551,94913.875137,0.9842245238410863
14.978977314120293,-7.0030292604342925,105.67463222509636,94913.857884,94913.883447,0.9931219674391785
14.507130256561819,-6.875057612227689,105.28422920541293,94913.871217,94913.896103,0.9846333343985982
14.031655484038586,-6.763335876873175,104.92159127964901,94913.884551,94913.910647,0.9384867148504857
13.568468498409125,-6.64685948599985,104.6453495056313,94913.897884,94913.92303,0.9841968467814085
13.077171012093443,-6.532988657691879,104.19174576322796,94913.911217,94913.935496,0.9864849349644227
12.608195955059376,-6.4436587871028195,103.94774430498899,94913.92455,94913.949095,0.9855047342142026
12.125109717645897,-6.335052975719676,103.42254051436714,94913.937884,94913.962301,0.9277696416333991
11.656955191335438,-6.245479277474435,103.14534682384665,94913.951217,94913.975082,0.9900050591004668
11.19907894680037,-6.169550880142528,102.866344990163,94913.964551,94913.98854,0.9627864408016594
10.736657266304242,-6.083746766309699,102.40031183835974,94913.977884,94914.002728,0.9521175544850116
10.27484162826723,-6.004366952001993,102.14658513247016,94913.991217,94914.015179,0.9271202737628798
9.802509709030963,-5.918243678709437,101.7276018316501,94914.00455,94914.028829,0.9946130887162571
9.358530308712053,-5.854037332307965,101.50849065714091,94914.017884,94914.041848,0.9406304111884125
8.908157642022397,-5.77836278201252,101.05831899065836,94914.031217,94914.056304,0.9886294433005431
8.467534914103666,-5.701186272736251,100.73007059319862,94914.04455,94914.070689,0.9962396879843453
8.009157867142184,-5.612351571764347,100.19429840284855,94914.057884,94914.085102,0.9890190676812254
7.568176521563012,-5.544479922919822,99.92200071989997,94914.071217,94914.096419,0.9711795715236339
7.128667136587973,-5.471344317364737,99.5142052717263,94914.08455,94914.109549,0.982448841037048
6.704068139495628,-5.4013655603805555,99.25954788964994,94914.097884,94914.121821,0.9502696003455312
6.2760667495597335,-5.334542043406887,98.93564216148013,94914.111217,94914.144463,0.9729575748102831
5.844924573788581,-5.244915193020696,98.41432021202229,94914.12455,94914.148559,0.9901576296278571
5.431075093126417,-5.190214960197214,98.21017288665492,94914.137883,94914.161919,0.9843181817848748
5.034436781938487,-5.106723881052295,97.76653922316828,94914.151217,94914.174941,0.9510130389515956
4.649509512147136,-5.045731518871891,97.46169255432709,94914.16455,94914.19639,0.9215534931108754
4.282831481653099,-4.978766637310156,97.24421427210194,94914.177884,94914.201615,0.995501470372068
3.909576612752922,-4.9061758597519995,96.88180403410512,94914.191217,94914.216189,0.9698005018826089
3.536475087584066,-4.834204200160959,96.55256970209496,94914.20455,94914.230727,0.9915585885935775
3.175585818275993,-4.773433095118967,96.27601432646905,94914.217883,94914.241798,0.9669466173169514
2.8237792399332817,-4.700108977875406,95.96982726469587,94914.231217,94914.255195,0.9962266149036577
2.471684753478756,-4.623123120950497,95.5792235208406,94914.24455,94914.268569,0.9495411476069824
2.1173062779238396,-4.561181822586528,95.47806474449806,94914.257883,94914.288289,0.9911540446521785
1.7605668411793385,-4.476962630817947,95.04740434450537,94914.271217,94914.295262,0.938564369958949
1.4229038107783196,-4.414154515669908,94.75088753378999,94914.28455,94914.309277,0.9799696562179857
1.0878737794389461,-4.3424688110566665,94.50309006678691,94914.297883,94914.322463,0.9482018845644878
0.7656706211862896,-4.263237583412199,94.26331214762904,94914.311217,94914.342576,0.9663675065117965
0.4473703520208937,-4.162901347208684,94.05092837448673,94914.32455,94914.350259,0.9956974722035782
0.13101121614080485,-4.057195877919385,93.78440007100241,94914.337883,94914.362435,0.985537107351522
-0.16548175083978894,-3.9459735251800625,93.37875180330425,94914.351216,94914.375345,0.9917492796848661
-0.480162445819022,-3.850463186721296,93.32884195149651,94914.36455,94914.391536,0.9883595947763426
-0.7651140619447122,-3.7397700851146825,92.92208773686514,94914.377883,94914.40831,0.9071488196968389
-1.0641455086058058,-3.636174639766897,92.81275731347908,94914.391216,94914.415828,0.9415402466981558
-1.3584485218855422,-3.5299837843842754,92.53465240614095,94914.40455,94914.42991,0.9111357725945949
-1.6514959644023393,-3.4229472819478963,92.34636533378361,94914.417883,94914.444105,0.9865629213629907
-1.944903999720991,-3.316067064404456,92.25688725565503,94914.431217,94914.455121,0.963795075442697
-2.21287773405011,-3.2036127366932954,91.83950411367597,94914.44455,94914.470642,0.9657146659886633
-2.492371316281027,-3.085895049849519,91.76874036674911,94914.457883,94914.482292,0.9480989532687008
-2.7740313065984803,-2.9599154681049002,91.51684241352778,94914.471216,94914.496687,0.9774014303699534
-3.058290669828256,-2.8330976546196984,91.40041128502452,94914.48455,94914.514872,0.9393770877190469
-3.3301553405828,-2.706992723651342,91.17666601695603,94914.497883,94914.529145,0.9908258550198914
-3.612583864341019,-2.585954094941948,91.12932345235426,94914.511216,94914.535335,0.9303669324862783
-3.8778715087383366,-2.451628610774718,90.90730278356227,94914.52455,94914.554985,0.9733326469453791
-4.142474208415678,-2.3053184914147096,90.67375006251294,94914.537883,94914.56268,0.942809072681551
-4.421743947325581,-2.1579582682765213,90.46625253809218,94914.551216,94914.577472,0.9874403334312356
-4.710767071783383,-2.005695431158243,90.38981508136382,94914.56455,94914.588868,0.9996519544915836
-5.004417687029957,-1.8678046269700046,90.26998345774403,94914.577883,94914.602162,0.9773476725528698
-5.293670414469486,-1.7139744509108732,90.0775964599616,94914.591216,94914.615823,0.8961470509069682
-5.594617409721591,-1.555774707844629,89.92773015964498,94914.604549,94914.629119,0.9395909203112249
-5.875655767436134,-1.4059870868706004,89.61237608609734,94914.617883,94914.642255,0.9688914961065113
-6.189068258251191,-1.2422579040451802,89.57953281147816,94914.631217,94914.655979,0.9540725605973117
-6.479412959445335,-1.0964882074321687,89.41625976331177,94914.644549,94914.669701,0.9765953487116913
-6.758035658196214,-0.9325444305155092,89.19327071827797,94914.657883,94914.682689,0.9868611751593354
-7.045205926285488,-0.7809429104655119,89.02920964527232,94914.671216,94914.695315,0.9430000439379994
-7.352155823790219,-0.6308244751139113,89.02339882787116,94914.684549,94914.716025,0.944985687530095
-7.638648463149256,-0.4785627312402127,88.84773708787795,94914.697883,94914.72174,0.9648765254124116
-7.927856611650154,-0.3289075912133651,88.7774917766057,94914.711216,94914.735138,0.9932577079961055
-8.206939005866664,-0.17551539041612135,88.62566308655184,94914.724549,94914.748212,0.987493903512155
-8.489817567013821,-0.028388350292675626,88.43740874427473,94914.737882,94914.76351,0.990497907426008
-8.785706798609048,0.11511735103610707,88.38554837015663,94914.751216,94914.775862,0.9468601857408935
-9.05529486521232,0.26315553088547256,88.1891715552747,94914.764549,94914.795357,0.9955579859222059
-9.326868686309236,0.3992795039634714,88.04423722585003,94914.777882,94914.808445,0.980679320608102
-9.59929561533875,0.5488420156329973,87.93894881745886,94914.791216,94914.816335,0.9362661741262829
-9.88490639253157,0.684363810715743,87.91411162631455,94914.804549,94914.829203,0.9713184621459419
-10.133320757708397,0.827926389957814,87.7020471404301,94914.817882,94914.843918,0.9787337434201469
-10.422156608263903,0.9787098958377414,87.71829198561953,94914.831216,94914.854857,0.9771893716841803
-10.64757805288198,1.126002788722483,87.40389961475928,94914.844549,94914.870068,0.9469284905909858
-10.923726939396683,1.2758334657497346,87.43109165351676,94914.857882,94914.883846,0.9290632124503274
-11.149920034473821,1.4218192901976763,87.24923768495172,94914.871216,94914.895478,0.9663561612957369
-11.381353579841637,1.5615669754768986,87.19772717951096,94914.884549,94914.908812,0.9933823675424251
-11.624793989891144,1.7109562262631814,87.18182480086735,94914.897883,94914.921631,0.9172622307204353
-11.856440018162212,1.8535042348351178,87.12936444244673,94914.911216,94914.935277,0.9786626553999473
-12.080098604219332,1.9933966269361914,87.08230412189678,94914.924549,94914.949132,0.9970000449464278
-12.309985731525162,2.1262213044544964,87.06813837145953,94914.937882,94914.962885,0.9548299263149894
-12.508285718762238,2.25682805152073,86.98138870848103,94914.951216,94914.975166,0.9722206429611595
-12.705802975947602,2.3919355839732024,86.98260462496638,94914.964549,94914.99547,0.9732162125230986
-12.869496704101424,2.5193232031975548,86.79722991787517,94914.977882,94915.003732,0.9490514478245572
-13.08649330123114,2.6711556474815636,86.94564323381181,94914.991215,94915.017642,0.9537760888798642
-13.251407093546113,2.8123468890496914,86.87195643161333,94915.004549,94915.028844,0.9994729468341154
-13.402928910944446,2.961924226942827,86.79869779668833,94915.017882,94915.042447,0.9897394636686065
-13.576562844189164,3.131268156976587,86.9358092007009,94915.031216,94915.05531,0.9155868442141878
-13.735052537416136,3.3068425137751722,87.01375255442586,94915.044549,94915.069849,0.9934234661703281
-13.835180830615643,3.480831692013405,86.86265842110676,94915.057882,94915.081872,0.9747243459316897
-13.963695513370471,3.678991179437789,86.9300551270145,94915.071215,94915.095308,0.9939728988721523
-14.08206866487681,3.884253796141619,86.9921171557015,94915.084549,94915.109043,0.9950518388815511
-14.231016859350493,4.103717604620874,87.27436705562563,94915.097882,94915.121661,0.9996915303483483
-14.304839550755508,4.306797321116693,87.22873308499018,94915.111216,94915.137642,0.9832308745346999
-14.3522226954237,4.5062024795238775,87.12564383867571,94915.124549,94915.155963,0.9763545235868556
-14.444989188033212,4.710043266207453,87.26328081970952,94915.137882,94915.162813,0.9891145587326963
-14.53241750746291,4.9170627229969766,87.42396577961192,94915.151215,94915.175772,0.9717198951919438
-14.552947654107355,5.105066648974934,87.3428077781766,94915.164549,94915.193268,0.8982293960632705
-14.60257610161998,5.2974554238076585,87.41962523950524,94915.177882,94915.205214,0.9868209528679301
-14.670310678188239,5.496174459016792,87.65101888872333,94915.191215,94915.224858,0.9683993705142291
-14.68795124381669,5.687433015436448,87.7114590751807,94915.204549,94915.2295,0.9947536853026009
-14.65412564020629,5.861630580468803,87.65239085593456,94915.217882,94915.248987,0.9788655365627535
-14.700909530549072,6.077988485440685,87.94739595528988,94915.231215,94915.257051,0.9859419067250801
-14.688313292234945,6.283161472065507,88.07416504714341,94915.244548,94915.277432,0.9719681725185627
-14.636592005707907,6.477350997423182,88.0459368732118,94915.257882,94915.282984,0.9666554990078241
-14.605081977366872,6.685377336554702,88.20820568200568,94915.271215,94915.30234,0.9440024275344984
-14.558589396426052,6.895623858105724,88.36402237288794,94915.284548,94915.310268,0.9585553402113207
-14.49147203329956,7.104080188719068,88.44603097533768,94915.297882,94915.328915,0.9828021806772218
-14.431202650249666,7.323733572088813,88.61545407690544,94915.311215,94915.338667,0.983668410884394
-14.364573138983285,7.552904095013487,88.88062754273965,94915.324548,94915.351785,0.9736309335062766
-14.237405870230496,7.775061966277151,88.86536603529741,94915.337882,94915.364667,0.9990462032761844
-14.096369843957827,7.984999792781243,88.9033685844055,94915.351215,94915.376198,0.9382293204114205
-13.957649500243173,8.199997056316315,89.04717607901732,94915.364548,94915.388595,0.9856367358577389
-13.815949768323389,8.417727119858036,89.27176247383034,94915.377882,94915.403756,0.9838953544557394
-13.636988004741307,8.630889340295733,89.42701359296653,94915.391215,94915.415302,0.9569893766621678
-13.423394604014659,8.814274821808445,89.46278210005721,94915.404548,94915.429494,0.96670451052247
-13.226664308534009,9.004728132773002,89.64092133321968,94915.417881,94915.443405,0.9569893766621678
-12.989649527779216,9.178212925688769,89.73246637694973,94915.431215,94915.462474,0.987517479679231
-12.757544729154034,9.367138517394567,89.90674145123009,94915.444548,94915.46966,0.9869342434021436
-12.494282960480259,9.526379190390061,89.91101721201298,94915.457881,94915.482367,0.9818893818672876
-12.265756739940008,9.72612996063554,90.23642806398117,94915.471215,94915.497161,0.9927635503035457
-12.016125934894664,9.905547711244457,90.46721146049136,94915.484548,94915.515309,0.9877822593517939
-11.737373409498527,10.079866489143328,90.60195010971266,94915.497881,94915.523363,0.9486710662853935
-11.434412328887277,10.251426413284783,90.74791330799768,94915.511215,94915.536075,0.9770140519122523
-11.127353044616173,10.427071774257849,90.8761178923759,94915.524548,94915.554663,0.9962668781050823
-10.790417276007728,10.585966594463127,90.9861502076217,94915.537881,94915.563385,0.9776280668678371
-10.440002200631493,10.74390386364877,91.10708720932801,94915.551215,94915.577137,0.977193825633373
-10.09943395418222,10.923440207691764,91.41968415834661,94915.564548,94915.59051,0.985565307200965
-9.702421181777558,11.067559529049035,91.49421433882124,94915.577881,94915.602404,0.9965900966589797
-9.316150570578882,11.23050858363063,91.743210143836,94915.591214,94915.616124,0.9920588662361228
-8.884402639062541,11.37309991752002,91.82162209807831,94915.604548,94915.637039,0.9898268231362454
-8.469050110527316,11.51837139928716,92.04751992550428,94915.617881,94915.645562,0.9825706676426336
-8.027687422037241,11.667160223099584,92.22509825178446,94915.631215,94915.655626,0.970483376858492
-7.574805247824888,11.815958909473663,92.45356916008883,94915.644548,94915.677599,0.9861179599238711
-7.093369389784426,11.939851375797804,92.5315818464661,94915.657881,94915.690848,0.9907645370233613
-6.591609529260747,12.066855428514605,92.63979062775445,94915.671214,94915.702263,0.9707304777297829
-6.090208540390314,12.196287303293756,92.88255175664455,94915.684548,94915.716022,0.946159999327366
-5.564013752995345,12.302978381079944,93.08791764347703,94915.697881,94915.723252,0.9883171852641655
-5.015732320323016,12.40014693876414,93.16574114426768,94915.711214,94915.743112,0.9597765831514817
-4.452996182072105,12.502353195878229,93.37012169788538,94915.724548,94915.750605,0.9900188656643522
-3.8903481207744774,12.622897583933923,93.61626022753589,94915.737881,94915.771038,0.99056861542371
-3.305623599690936,12.75276109257105,93.71044057273942,94915.751214,94915.776458,0.9572919198667841
-2.7066145696396635,12.88917547144046,93.8540345177036,94915.764548,94915.795437,0.990533114521777
-2.076288012823649,13.012565631773782,93.95117876353497,94915.777881,94915.802351,0.9639513186856202
-1.4443282449519326,13.140689723615017,94.07712424920061,94915.791214,94915.814985,0.9762594666383309
-0.7799603593782495,13.24550820948609,94.0950820905982,94915.804547,94915.829382,0.9946975212403205
-0.12181509028004164,13.352170829939588,94.21925924343164,94915.817881,94915.841941,0.9953815283682942
0.5587314239801372,13.401395381550891,94.20366491953646,94915.831215,94915.855122,0.9908903154172907
1.2288733548401136,13.487139377759055,94.35966364993267,94915.844547,94915.868814,0.9905866086079066
1.9199756206629557,13.54158046181357,94.3973606218517,94915.857881,94915.882857,0.9687623533115198
2.6101006743835753,13.617363476319666,94.54489172827894,94915.871214,94915.896289,0.9673919061537605
3.2981042442070496,13.713715380088194,94.65321089183043,94915.884548,94915.909319,1.0
3.997922431673852,13.782771670351307,94.61922083906133,94915.897881,94915.92584,0.9694170498979886
4.6927881278844366,13.897547797913422,94.78941792761317,94915.911214,94915.93729,0.9997712746718477
5.394936619218893,14.008289508241397,94.9796672132984,94915.924547,94915.949512,0.9794772011595316
6.092250036971391,14.11344449887933,95.10417178227242,94915.937881,94915.962878,0.991827436762196
6.81286319317784,14.254710332092166,95.36731782039242,94915.951214,94915.975999,1.0
7.527559306526269,14.358349110449753,95.44630696156696,94915.964547,94915.99612,0.979764155985971
8.241942802076574,14.464489866230037,95.54181687351942,94915.977881,94916.008933,0.9948099328340623
8.962983869453625,14.613566534334863,95.76686785305566,94915.991214,94916.016181,0.9765353800906881
9.67175687021567,14.727575296594523,95.90085821175117,94916.004547,94916.030387,0.9910635461477879
10.37128676577419,14.836756026155534,95.95962988878384,94916.017881,94916.044127,0.9737451955462688
11.0618925907695,14.949080002561928,96.00595838295827,94916.031214,94916.05529,0.9781345021942377
11.750951013088127,15.097726004544805,96.22951910381366,94916.044547,94916.076657,0.9454628270317117
12.428640109338282,15.226494955842739,96.40944233048579,94916.05788,94916.082053,0.9918309740353097
13.084425346510479,15.344969048357022,96.52307888650662,94916.071214,94916.095206,0.965227799821632
13.726175920344279,15.451359197260361,96.5690416792958,94916.084547,94916.108434,0.9260972125980818
14.355449117359292,15.594090837036292,96.77387049188141,94916.097881,94916.129999,1.0
14.98082755016305,15.73159289364074,97.01682916828582,94916.111214,94916.144197,0.9703432068016863
15.58220961857813,15.854084702386627,97.14215446052886,94916.124547,94916.149181,0.9686934834741159
16.1611900529278,15.982915238533057,97.26707388961346,94916.13788,94916.162232,0.9772324391605631
16.732757732338765,16.10267372716034,97.4022575025815,94916.151214,94916.175608,0.9637070133336714
17.299447810076888,16.228093606067144,97.56543533231454,94916.164547,94916.189785,0.985932139107294
17.819358453771272,16.312349906109592,97.56820693231077,94916.17788,94916.203711,0.9069642431676022
18.356393385455352,16.44368241430664,97.76180675084528,94916.191214,94916.215225,0.9342980894946272
18.894783685831094,16.606334761884092,98.10832235528405,94916.204547,94916.230629,0.8997936507064448
19.400870294043173,16.77145785028377,98.31157780158982,94916.21788,94916.244212,0.9338770724013101
19.852465647794027,16.876410318986796,98.21831863298453,94916.231214,94916.256146,0.986412296863842
20.360364408555853,17.071799094468815,98.58704160168716,94916.244547,94916.268607,0.923812393605025
20.840818084989664,17.23534220941549,98.83000736180522,94916.25788,94916.282627,0.9083599319756059
21.333466241611514,17.399723117512455,99.17832209815366,94916.271213,94916.296089,0.980503427966169
21.75037534199287,17.516563087099836,99.26088709924126,94916.284547,94916.308524,0.8801139910935819
22.15638419404563,17.62004192611279,99.35584924098318,94916.29788,94916.32364,0.9413313982506084
22.575638496663757,17.77438180080137,99.62188650040831,94916.311214,94916.34171,0.9936041579963845
22.972612103919342,17.92249247286526,99.84162520597113,94916.324547,94916.350412,0.935040538461235
23.348411877443354,18.079500290408973,99.98988873272117,94916.33788,94916.362426,0.9190691777234062
23.748471331808066,18.27806158677844,100.34048235834672,94916.351213,94916.378612,0.9178257934521625
24.086357646507295,18.4226943696003,100.4479025841155,94916.364547,94916.392212,0.9904691624870712
24.477810796430628,18.624454931458065,100.92911685365785,94916.37788,94916.410327,0.9706713065753184
24.768488372088363,18.755112191410753,100.99124989626614,94916.391213,94916.424529,0.9312715555072922
25.116887634977818,18.93530361644376,101.34313189978039,94916.404547,94916.43595,0.9058038555751868
25.368340937799832,19.05802183626053,101.32369500916032,94916.41788,94916.444288,0.8962631100127963
25.68109890125944,19.2369363804091,101.64189003853295,94916.431214,94916.457594,0.8976921753646386
25.973967926082455,19.405854495624826,101.86620787150169,94916.444546,94916.471243,0.9149446921000527
26.2766380994085,19.577254485181353,102.18893925289301,94916.45788,94916.483677,0.9344489728283812
26.528946343371306,19.712221386371603,102.32392974873888,94916.471213,94916.49572,0.9352460606397857
26.781788205243824,19.830505655224,102.5516822872993,94916.484546,94916.509342,0.8364878969414887
27.01117555310168,19.932046777700798,102.6432292950293,94916.49788,94916.523138,0.9615887405571001
27.311078294642687,20.103754770440307,103.10012813453953,94916.511213,94916.537445,0.9958056402437849
27.5338272365949,20.19271215695525,103.20258031792959,94916.524546,94916.549217,0.8923858408716846
27.805609945802438,20.334260352063794,103.58007359552612,94916.53788,94916.564026,0.9891020325133457
27.96979306714978,20.36528062337486,103.46490829301185,94916.551175,94916.574817,0.9667637098298939
28.23709303325322,20.493762352700006,103.89354716505547,94916.564509,94916.591973,0.9279236724254526
28.43935299864475,20.545782393770747,103.99968699571667,94916.577842,94916.608726,0.9430553189583697
28.672147521633295,20.618918578935382,104.25943203730381,94916.591175,94916.616679,0.9675929031061733
28.86632307542686,20.647881995284305,104.42196873098098,94916.604508,94916.628832,0.9949749712646296
29.041867647982055,20.667008408441188,104.50437073951001,94916.617842,94916.64192,0.9882407542965485
29.21100117695572,20.686745866057514,104.63036390391527,94916.631175,94916.655051,0.9991749582606332
29.38136319532251,20.700022288445613,104.74195328699562,94916.644508,94916.66911,0.9923966078080998
29.54770311908124,20.727260021193178,104.90086621233844,94916.657842,94916.68322,0.9698866066094998
29.716991900549353,20.752876348166104,105.07289822824976,94916.671175,94916.696333,0.9232410705444171
29.850003735282698,20.763264115534643,105.13380724493138,94916.684508,94916.709076,0.8897906621380485
30.00996916341875,20.800054507615755,105.32694881254595,94916.697842,94916.721939,0.9218372548653972
30.117627545707183,20.792960570907383,105.36821015127373,94916.711175,94916.737064,0.8661394066860352
30.299505744990153,20.85217360942677,105.71875965492605,94916.724508,94916.749091,0.9060445317024096
30.27534429535036,20.770433068523797,105.3399778389908,94916.737841,94916.762859,0.9994986338796673
30.425572356080135,20.827353437964785,105.6886070095902,94916.751175,94916.776366,0.9592772459255401
30.47863032767345,20.825244732245984,105.78203847957958,94916.764508,94916.791074,0.8955818346341682
30.48070679027985,20.779136159847692,105.73156671534424,94916.777841,94916.803569,0.8702579493107621
30.46139871962413,20.732580510146764,105.70096592497822,94916.791175,94916.81495,0.8871117800918394
30.459306632135824,20.72878326753146,105.85355537923871,94916.804508,94916.836598,0.9843040990812539
30.402728455553035,20.719247758059687,105.92168209783743,94916.817841,94916.841958,0.911755786024292
30.334706225604048,20.698418792469546,106.0159833519796,94916.831175,94916.855862,0.9402227642474387
30.20611869357754,20.670589739016417,106.02242152656075,94916.844508,94916.870071,0.8549050345416502
30.089941842604958,20.69389638474113,106.2232297006216,94916.857841,94916.883584,0.9257200578214445
29.917943857333874,20.679282400228566,106.2942413398848,94916.871175,94916.895278,0.987463026957684
29.70869371949788,20.673672613200242,106.35141327358954,94916.884508,94916.908097,0.99357695839428
29.484177979717035,20.666530785334384,106.44437926702336,94916.897842,94916.922792,0.8818332747275789
29.215603990136607,20.663636615709258,106.49488967889819,94916.911175,94916.935729,0.9841401716612799
28.96542479538016,20.678331258987125,106.68512707207209,94916.924508,94916.949391,0.9279173686100141
28.67131427093109,20.694115150753035,106.84223987721336,94916.937841,94916.963066,0.9846758875261968
28.328456893961004,20.69873696631322,106.8651728203369,94916.951175,94916.97675,0.9299891058993196
27.95302373500652,20.682825485073845,106.84268288390292,94916.964508,94916.988723,0.8820202490147002
27.59669708366286,20.714367431489823,107.025486462843,94916.977841,94917.001549,0.9745169730655184
27.269714400403796,20.78497805490433,107.45660659123338,94916.991174,94917.015984,0.9018789690956636
26.840626164334747,20.78356682867628,107.5408534201819,94917.004508,94917.029095,0.9745171657341718
26.387738781295976,20.791948217560122,107.69126490296192,94917.017841,94917.04332,0.8957263164377482
25.903710902548895,20.7923528872417,107.81783434288323,94917.031175,94917.055775,0.8957263164377482
25.449466793510968,20.84351981862451,108.20409955385193,94917.044508,94917.07024,0.8902689083414533
24.925951099882933,20.85981162574683,108.35887574818146,94917.057841,94917.082344,0.8757957668174072
24.361644995884788,20.859558828546092,108.44453130817945,94917.071174,94917.095015,0.9525585353558638
23.79322676735861,20.88555501729138,108.63872093799947,94917.084508,94917.109079,0.9536365564717728
23.202419303882102,20.924197001807688,108.83554685369826,94917.097841,94917.122117,0.9017173173464963
22.625874345477087,20.99534457361883,109.24640978314311,94917.111174,94917.134916,0.9355304752715008
21.957321225373402,20.996358559432384,109.23471538849361,94917.124508,94917.148971,0.8957263164377482
21.329323105890037,21.074596819500886,109.59751163861013,94917.137841,94917.16225,0.9263009640446636
20.65366026058839,21.13059169324284,109.86703771541438,94917.151174,94917.175,0.8937882834119151
19.949874837505405,21.206470964035397,110.14401432283604,94917.164508,94917.188103,0.9628398892554098
19.237326797016895,21.292643513986956,110.53979413333431,94917.177841,94917.202429,0.964715354964084
18.446525264355706,21.32421873268769,110.5269945548844,94917.191174,94917.215919,0.9002730298108209
17.70842920899103,21.458792232788433,111.03434230043449,94917.204507,94917.229238,0.9805842330688497
16.913784513257134,21.530571823311643,111.24908288180117,94917.217841,94917.2502,0.9201098281192053
16.110770477319495,21.641543600595913,111.54636643305493,94917.231174,94917.254914,0.9994310898147871
15.2791372201913,21.717802806475078,111.66194873363075,94917.244507,94917.270864,0.9917045825172983
14.477300994679903,21.86510959067706,112.18553061709252,94917.257841,94917.282137,0.9915333409252757
13.638448052857614,21.96319538533156,112.36196927195654,94917.271174,94917.295789,0.9788429231001622
12.809674884932507,22.08478363995775,112.62015919380994,94917.284507,94917.310072,0.8864257607281238
11.986641151295483,22.2205949789756,112.88324854994836,94917.297841,94917.322105,0.9232414468542243
11.171690629700521,22.393742939220143,113.33789236620193,94917.311174,94917.336429,0.9483605202363896
10.35871235642013,22.536860552198455,113.45160084255676,94917.324507,94917.35033,0.9892550148285822
9.573582304602112,22.73722813629969,113.94108342271284,94917.337841,94917.361873,0.9346342696606307
8.774739991126879,22.852628501306004,114.11310443244552,94917.351174,94917.374988,0.9377920597699577
8.010837206812765,22.995082046468497,114.4653234866587,94917.364507,94917.388248,0.9696480706708515
7.239423577257528,23.164344031370028,114.82701795099106,94917.377841,94917.401954,0.9326281875212958
6.4884973260260494,23.344847357713522,115.25647177105616,94917.391174,94917.415994,0.962650834606459
5.750587409885538,23.512987989918514,115.59828128169654,94917.404507,94917.429725,0.8962623316191115
5.040383589414207,23.661484673034273,115.87287853747134,94917.41784,94917.44288,0.9331364168161344
4.328914768269917,23.863438337838073,116.33805102373414,94917.431174,94917.45575,0.9528572244803541
3.633093570383748,24.015795175579385,116.52595888608502,94917.444507,94917.469099,0.9625371365150153
2.959075745781899,24.206266320996843,116.89908996646678,94917.45784,94917.483112,0.9535053151618341
2.310049860007843,24.3709283162894,117.16751632801261,94917.471174,94917.495009,0.9421448104128028
1.6669537015440226,24.579392380904807,117.582338236866,94917.484507,94917.508687,0.9208470975024245
1.0559587432333075,24.73120293341367,117.77657766857335,94917.49784,94917.52181,0.9944425859526289
0.44383521431399564,24.965020428097105,118.28964488222525,94917.511174,94917.537023,0.8962623316191115
-0.14345298902780665,25.16622685631281,118.66624672293109,94917.524507,94917.549509,0.9574693309586519
-0.7037652742128109,25.343854594825803,118.9185584098518,94917.53784,94917.563326,0.9929678128478538
-1.2497725751226871,25.57489117807182,119.2971096054791,94917.551174,94917.575252,0.9686287590536437
-1.7722920979475565,25.740588612824453,119.52146186498676,94917.564507,94917.595306,0.9928582519079525
-2.2762729535964263,25.939992676720586,119.77714852327466,94917.57784,94917.604028,0.9754275898654403
-2.772651227364566,26.214975981973243,120.34648015511151,94917.591173,94917.615358,0.9778036158282293
-3.2377550393786456,26.436969563131917,120.72061111425273,94917.604507,94917.628863,0.9966699007212825
-3.6619674505383757,26.64721382128695,120.94268774329115,94917.61784,94917.641961,0.9863345158797472
-4.088517810558365,26.91095970179762,121.49422961330485,94917.631174,94917.654888,0.9513092447396753
-4.459663925964892,27.133116248557986,121.74591726435294,94917.644507,94917.670597,0.9255092012064934
-4.838140191042639,27.409129003262844,122.16342499127325,94917.65784,94917.681797,0.9906418335964261
-5.170701945262662,27.670323620857488,122.49708092316703,94917.671173,94917.701728,0.9953617544033682
-5.483939200377148,27.903400195958277,122.77459806016383,94917.684507,94917.708833,0.898644722549083
-5.7683527010983315,28.15383501783218,123.0369131755935,94917.697841,94917.726939,0.9362772538099647
-6.050245665311356,28.464369233195818,123.5712955062071,94917.711173,94917.736126,0.9845759015376476
-6.296609937757031,28.725595074749997,123.84417558557483,94917.724507,94917.748736,0.9881240787808367
-6.529848582385628,28.999279562047512,124.2762245257606,94917.73784,94917.762044,0.9705178754955092
-6.700076495112005,29.19448321166899,124.3506283742627,94917.751173,94917.775896,0.8645813784989866
-6.910767378438042,29.525017596612447,124.91907120115918,94917.764507,94917.789456,0.9315237676683084
-7.055521867330814,29.7511454210469,125.02261205693364,94917.77784,94917.808995,0.8487271984753607
-7.223404905988005,30.111965116711293,125.83501662206513,94917.791173,94917.817878,0.9497687745421884
-7.29574951354439,30.277858878527912,125.65529784034906,94917.804506,94917.829557,0.8921553892840234
-7.415440297937439,30.64348569778668,126.2521519050945,94917.81784,94917.841702,0.8485397262679671
-7.512440701273297,30.963072589180957,126.7897664064711,94917.831174,94917.854969,0.9891117292026497
-7.584860964870565,31.226896004313456,127.16946487673157,94917.844506,94917.870334,0.9818530455693405
-7.634369771281713,31.47693091956201,127.44082025587055,94917.85784,94917.881934,0.9945771194533278
-7.654981988306924,31.686979296808044,127.56263880611056,94917.871173,94917.895321,0.9188138324950486
-7.690797031959491,31.909773184773425,127.80285828960622,94917.884507,94917.910326,0.9425169126274889
-7.717196354072981,32.14992343209547,128.18577572853437,94917.89784,94917.921836,0.9447172380097103
-7.753030193027347,32.405368897721054,128.7001329281902,94917.911173,94917.936857,0.9203831600002612
-7.7658432504362125,32.576047064069996,128.92045582805721,94917.924506,94917.9486,0.7322313706783914
-7.771441599201067,32.772757090441054,129.13408563739782,94917.93784,94917.963186,0.8934382241853887
-7.748590629407698,32.846619878032826,129.0729351341001,94917.951173,94917.975479,0.962795342622956
-7.800269443742129,33.16010873825626,129.95031740567555,94917.964507,94917.991483,0.93393483912591
-7.756969784922786,33.18310155236574,129.84827839911256,94917.97784,94918.002924,0.9879418717351885
-7.745089996905863,33.35885656292599,130.17675388541957,94917.991173,94918.015269,0.8163517925402999
-7.724823659173916,33.46284596907599,130.41488011198226,94918.004506,94918.028627,0.9124698192756044
-7.675494452847816,33.54663526112292,130.48193799644213,94918.01784,94918.041714,0.9910496817605148
-7.6480509605243245,33.678034517904244,130.79901558481154,94918.031173,94918.056088,0.8937185816405167
-7.600235502813219,33.82390184338852,131.18676600629507,94918.044506,94918.070054,0.96155905991994
-7.596226899855268,34.04776805061662,131.87256669594936,94918.057839,94918.0836,0.9720815520132765
-7.484340082938919,33.98256691512984,131.39490339858153,94918.071173,94918.096631,0.9836688949087503
-7.483477859055553,34.205989908831654,132.04869399903876,94918.084506,94918.108562,0.972062393976439
-7.425605219412168,34.26508905437085,132.16796032914831,94918.09784,94918.122748,0.9741771881012978
-7.375475593753927,34.36323883723763,132.28081435275743,94918.111173,94918.136495,0.9335798527380349
-7.326858664469309,34.37890727777033,132.18745950675353,94918.124506,94918.149629,0.9933975403306626
-7.330071378676592,34.58376811199561,132.88190881034038,94918.137839,94918.162682,0.92366438101745
-7.21690271114017,34.504688765831425,132.52329048261254,94918.151173,94918.175722,0.8571525707556547
-7.22062450497,34.618211184532115,132.96423105563002,94918.164506,94918.189871,0.830465998728279
-7.223106517924514,34.76689094697725,133.52465550673247,94918.17784,94918.203915,0.9339833214792478
-7.153594194662034,34.745398557194406,133.42245615007005,94918.191173,94918.217643,0.8737155821395516
-7.090602437444287,34.772781790473644,133.50216251373422,94918.204506,94918.229599,0.830465998728279
-7.079973657812814,34.88897582983551,133.9853689069198,94918.217839,94918.241888,0.9350342824142344
-7.01421709512751,34.903860587042686,133.96672194186598,94918.231173,94918.255058,0.9679429243226793
-6.942935539809826,34.9063120743113,134.02632660637445,94918.244506,94918.269364,0.9531134687612486
-6.915838759356999,34.98066692035779,134.33128071321306,94918.257839,94918.28203,0.8730436110112428
-6.827147941356858,34.94284375985211,134.19951854395407,94918.271172,94918.295188,0.9917475703653069
-6.7954896791419905,35.01298962811055,134.57817710820575,94918.284506,94918.309923,0.9830358054722007
-6.7360050464649035,34.97192994479644,134.71368695388537,94918.297839,94918.322053,0.9877686501896646
-6.65446505930189,34.916751440668705,134.6860300659409,94918.311172,94918.335365,0.8029143379935446
-6.642955217584487,34.952399855694054,134.9780773019373,94918.324506,94918.356854,0.9982566407725664
-6.587120400078336,34.938284765759725,135.26819793487658,94918.337839,94918.363274,0.9819263660929164
-6.513944692932948,34.857931981767095,135.15994307347054,94918.351172,94918.378281,1.0
-6.5090987658251915,35.016097222599555,135.93770139077623,94918.364506,94918.390041,0.9854649950408899
-6.4226942531291105,34.924220413840224,135.86688886377758,94918.377839,94918.403242,0.9247842014740433
-6.352112562671647,34.853741966814965,135.73173859330564,94918.391172,94918.416834,0.9471812046716703
-6.322487252408806,34.96178984142188,136.45734524352972,94918.404506,94918.43039,0.945036803494302
-6.198629210206246,34.71124221353502,135.69151452914554,94918.417839,94918.442232,0.9584616008791226
-6.199832508519706,34.926018062236245,136.69797538329854,94918.431172,94918.458641,0.9319138716365933
-6.109136071418565,34.80717553452117,136.46041828810257,94918.444505,94918.469194,0.9710583090027961
-6.0441779519694325,34.71784715902025,136.37498874218173,94918.457839,94918.482605,0.9510567782233157
-6.061171334892028,34.92784927877781,137.2797759287257,94918.471172,94918.496002,0.958883912404045
-5.961988478379457,34.72177320546875,136.57529197952837,94918.484505,94918.508303,0.9816908293964319
-5.913246822888637,34.73509254352598,136.81306987359963,94918.497839,94918.521847,0.9908847961148718
-5.8845633134011,34.775754233287465,137.28380641233855,94918.511172,94918.535498,0.9444732247019042
-5.859418223326191,34.769818535209744,137.26039096660247,94918.524505,94918.548683,0.8620533791306638
-5.7879232059710715,34.67302316519972,137.00775412319194,94918.537839,94918.563343,0.9434037195494661
-5.773409163854188,34.81728292921368,137.69573661627436,94918.551172,94918.57536,0.9718331259511009
-5.732411085466403,34.74029357079007,137.51304195098464,94918.564506,94918.588535,0.9885729066953006
-5.69789893023759,34.71544086533303,137.62841716671352,94918.577839,94918.60301,0.9655793780427436
-5.660719122825074,34.73113237655775,137.6892980758714,94918.591172,94918.614973,0.9702520270714797
-5.613555050818907,34.73987867849506,137.7863409532435,94918.604505,94918.630234,0.88521190458534
-5.599606117394154,34.77017776862792,137.95775165196162,94918.617839,94918.642731,0.9565469660462314
-5.591235965283911,34.736823298528506,137.9156434500091,94918.631172,94918.659834,0.9720826136022988
-5.585107094674823,34.7617196244671,138.21131363216037,94918.644505,94918.670254,0.957706239077166
-5.542626821266875,34.639935109836735,137.94020727577703,94918.657838,94918.682122,0.9910496817605148
-5.578623649858656,34.77719570274799,138.51886800242792,94918.671172,94918.695117,0.8453519783258611
-5.569038022668203,34.77308729580117,138.604033814535,94918.684505,94918.70818,0.9959882455475905
-5.580324495372021,34.849519948072356,138.990364724905,94918.697839,94918.721739,0.9918516915350336
-5.5689981073962205,34.858407642384776,139.1924269472271,94918.711172,94918.736276,0.9963537756370131
-5.536375622991486,34.76302705333081,139.00631028528986,94918.724505,94918.748323,0.9326534174028148
-5.5070819610575885,34.67100355250995,138.73599983490882,94918.737838,94918.763106,0.8777191706240118
-5.454821827901449,34.5365440437338,138.25471534631572,94918.751172,94918.776906,0.8309896563730846
-5.454280499317835,34.59297403373992,138.5682391733979,94918.764505,94918.78958,0.9386426164419365
-5.450462694110356,34.66307805060456,138.86952206454612,94918.777838,94918.803013,0.9773724747325331
-5.42809430788571,34.721811086588964,139.2648690119426,94918.791172,94918.815262,0.9956245761249413
-5.422289290384605,34.78073153113061,139.6535801402581,94918.804505,94918.828505,0.962565116533785
-5.298945325143983,34.49396799687434,138.5145867644139,94918.817838,94918.843587,0.9842492873126041
-5.308280479284963,34.60970955491724,139.0894480242527,94918.831172,94918.85485,0.9843695157570848
-5.283719121602596,34.62504956420808,139.23080883741574,94918.844505,94918.869754,0.9780513093899454
-5.2735671483297875,34.688446705487074,139.5423515351849,94918.857838,94918.882056,0.9907386161387232
-5.293989288183222,34.84010979652219,140.15152619106505,94918.871171,94918.8953,0.9756359942779192
-5.233177955921178,34.70874219014183,139.64846308033395,94918.884505,94918.909094,0.9437919922790695
-5.1932120514791675,34.66898041377342,139.54159281676206,94918.897839,94918.922901,0.9690632658927912
-5.140647073574411,34.609409636135354,139.34134283566001,94918.911171,94918.935172,0.9522333915884481
-5.159257771286195,34.83032829986442,140.2791946539179,94918.924505,94918.948622,0.9786008777665831
-5.133272805561688,34.7622511911886,140.09911278188758,94918.937838,94918.963189,0.980257766520152
-5.106379660447367,34.67639340712661,139.92234282229248,94918.951171,94918.977023,0.9885729066953006
-5.086575697951716,34.68354418681043,140.10712086315087,94918.964505,94918.989657,0.7940129784528758
-5.065658701780499,34.68064762614144,140.03627307352815,94918.977838,94919.003528,1.0
-5.033683539125443,34.610909717345535,139.81809087330439,94918.991171,94919.016217,0.9640951090140466
-5.024556785515215,34.61062019042948,139.82985782414474,94919.004505,94919.029363,0.9314535230179901
-5.008983046591531,34.62045852766455,139.87751220527875,94919.017838,94919.043322,0.9584802259629206
-5.02017532453231,34.67832630066181,140.13398903362682,94919.031172,94919.055021,0.9784633465413252
-5.01412008835395,34.672455645289716,140.07758985886557,94919.044505,94919.068886,0.9757059595039308
-5.01499830183719,34.68700814592665,140.14199434929552,94919.057838,94919.083339,0.9678016269211844
-5.0166688648943865,34.74716913410772,140.36157023725735,94919.071171,94919.095594,0.9711487561810804
-5.008917666454646,34.72391535381314,140.26544605042812,94919.084505,94919.109956,0.9074796253174042
-5.0493382612571445,34.859575282496,140.7425852160136,94919.097838,94919.121801,0.9942049577489428
-5.021116400891817,34.810790451043296,140.50916847579015,94919.111171,94919.137522,0.9570875799662639
-5.052685436803645,34.91755434989225,140.88501221675176,94919.124504,94919.149358,0.9795980973712622
-5.073537326250836,35.051490735905666,141.30937556627057,94919.137838,94919.163674,0.9672177930361262
-5.051046356674407,34.954714476285325,140.81703393864515,94919.151171,94919.175336,1.0
-5.0558105751580635,34.95541006372515,140.78028025791352,94919.164505,94919.188811,0.9845759015376476
-5.0525422665635435,35.01517652081169,140.91989177581686,94919.177838,94919.202043,0.9359195508483003
-5.035823118845468,34.9739268638228,140.71221094869654,94919.191171,94919.222178,0.9714977007867776
-5.032915722138333,35.01317291185711,140.8118401183909,94919.204504,94919.230255,0.98358835046392
-5.019015060124278,34.99505599400597,140.76066089215945,94919.217838,94919.242932,0.9425360604461116
-4.993411579877836,34.97119994871484,140.56936741192877,94919.231171,94919.25585,0.9122335425875456
-4.984989122750034,34.99677175728578,140.66898308686774,94919.244504,94919.270198,0.916053731576104
-4.973819976779101,35.08300810125444,141.01575900808973,94919.257838,94919.282276,0.9990992371599057
-4.927867440028875,35.01089495230769,140.70529490488366,94919.271171,94919.295216,1.0
-4.881132869083935,35.076302276427825,141.02483390850904,94919.284504,94919.310422,0.9975539100589021
-4.823618402701948,34.99575924991797,140.75546899641122,94919.297838,94919.321795,0.9953057558732571
-4.8034912405732175,35.00095134556301,140.75220057175088,94919.311171,94919.335838,0.9910714294271357
-4.761013891868016,35.132175576696504,141.37297881270183,94919.324504,94919.348848,0.9509996018191363
-4.669598377350568,34.96204372756794,140.68185164934323,94919.337837,94919.363612,0.9077754813643092
-4.658945293891302,35.07164180657615,141.0908842999055,94919.351171,94919.37517,0.9857717381448032
-4.629213569713623,35.1362257762719,141.4345037751088,94919.364504,94919.38959,0.9947501950709785
-4.51381667550932,35.01783030847495,140.9625105509835,94919.377837,94919.403499,0.957192681668744
-4.4939982526820295,35.093977479397545,141.25938517429114,94919.391171,94919.4157,0.9504815410431782
-4.458428676963198,35.081905848669344,141.32914758746568,94919.404504,94919.428986,0.9516090799877573
-4.394884187540529,35.061061931747105,141.35843202129269,94919.417837,94919.441836,0.9609198083247502
-4.350313237216064,35.020390474216775,141.20130311155995,94919.431171,94919.454986,0.9509996018191363
-4.284717580619063,34.87802130693937,140.71971032531908,94919.444504,94919.4704,0.9785843970916944
-4.256342185072435,35.0070481476588,141.29658900907555,94919.457837,94919.481731,0.908245794408164
-4.183924508537847,34.96747613045805,141.11523507763883,94919.471171,94919.497958,0.9911207030432281
-4.142139857233229,34.92840879336063,141.02966073150657,94919.484504,94919.508666,0.939689715587233
-4.110496390781771,35.03066081417674,141.4137317677736,94919.497837,94919.523095,0.9556231498429901
-4.016623714733908,34.95535889207403,141.0845116484945,94919.511171,94919.536248,0.9661427739951527
-3.9665476456548414,34.90232335745805,140.89252743463203,94919.524504,94919.548508,0.9640042347838154
-3.9514747775288144,35.01381026572577,141.3115079709659,94919.537837,94919.561997,0.9313450543232749
-3.896124451188026,35.00605460941212,141.28728352213813,94919.55117,94919.577249,0.9360800543917208
-3.8198103737412574,34.93737567346938,140.98353279787736,94919.564504,94919.588672,0.9837434768676758
-3.7951062620396816,34.91833776625685,140.8929120857528,94919.577837,94919.602983,0.865048952001022
-3.779468099231854,34.97098998562822,141.13824294996846,94919.59117,94919.61555,0.9370817761695172
-3.756878867161649,34.98974298481992,141.22646875639163,94919.604504,94919.62898,0.9992752029422636
-3.724546066652541,35.04350428755785,141.4232434296216,94919.617837,94919.64196,0.9791983609474746
-3.6615327789275316,34.91282641376787,140.9841133038106,94919.631171,94919.656485,0.9594942334022108
-3.636665725374707,34.8812782027891,140.85149606264306,94919.644504,94919.670206,0.96623624426232
-3.6205946201940744,34.839144133404105,140.71624929951975,94919.657837,94919.68225,0.9534544517063928
-3.6161907786190737,34.820258964173014,140.65284989953454,94919.67117,94919.695719,0.9501789502474276
-3.6264031763860056,34.87775428023348,141.00379178924655,94919.684504,94919.708633,0.9195528533562205
-3.615220247461375,34.800688825182384,140.79913563095278,94919.697837,94919.721573,1.0
-3.616457212357584,34.75403652218643,140.8293549244478,94919.71117,94919.73666,1.0
-3.6203944584012855,34.712229261925685,140.77412862346344,94919.724503,94919.748495,0.9694969008341248
-3.631854928636056,34.68804944338747,140.69568657825923,94919.737837,94919.762963,0.9688203946912334
-3.6540491846572745,34.72563800126195,140.91816100749398,94919.75117,94919.775043,0.98358835046392
-3.698999344557772,34.76526261526481,141.16435228837915,94919.764504,94919.790155,0.9307099671003098
-3.7111172063386513,34.67882824021049,140.81222347932177,94919.777837,94919.802896,0.9994552460642809
-3.7528347453055804,34.74126382850687,141.06480415518612,94919.79117,94919.815582,1.0
-3.768198895154028,34.65564844720499,140.71970841241406,94919.804503,94919.828928,0.974951526689904
-3.765331406759489,34.5594789582793,140.32180380312317,94919.817837,94919.842984,0.9488570737160285
-3.7914326535284477,34.59147214699996,140.49134634572812,94919.83117,94919.856039,0.8834995678357717
-3.8590404936553373,34.71067203993163,140.97774437261194,94919.844503,94919.871161,0.9885729066953006
-3.9035558807643116,34.68485326746824,140.80356647506153,94919.857837,94919.884901,0.9786649387864989
-3.9079900919390864,34.60107217459457,140.4285375781495,94919.87117,94919.896192,0.8383680036764787
-3.9442344081886667,34.631360712181745,140.51855730004087,94919.884503,94919.90908,0.9191033106534445
-3.9641319519309715,34.60871038607288,140.36826406445397,94919.897837,94919.921497,0.9886112213134766
-3.98808620828964,34.56533268823033,140.0964479757962,94919.91117,94919.935885,0.9890094162663603
-4.063123745048344,34.7390624725214,140.64766561249797,94919.924503,94919.948514,0.9999671936038712
-4.128865882872859,34.884869445363,141.05630414532433,94919.937836,94919.962679,0.9942632179093908
-4.121097800027754,34.787708641042094,140.56840808530288,94919.95117,94919.975174,0.9940490306306102
-4.121459198147917,34.72459909722805,140.28836512836088,94919.964503,94919.98955,0.8928956393271505
-4.161010790669045,34.723825419122306,140.21752851057468,94919.977836,94920.008734,0.944924118898954
-4.181515626191976,34.65742403370636,139.90543985964135,94919.99117,94920.018219,0.9306220462170814
-4.221723722359688,34.75682378974381,140.21237680644234,94920.004503,94920.029432,0.9702650859261777
-4.28616941960263,34.95508970649239,140.7754700005216,94920.017836,94920.042653,0.9899775040953498
-4.283225357740318,34.87424583921084,140.32811025041022,94920.03117,94920.056041,0.9945848464965821
-4.288915102798858,34.890101813485025,140.32658214584413,94920.044503,94920.075037,0.9566496611075402
-4.306711768581852,34.94203081391022,140.50092693526219,94920.057836,94920.083314,0.9529162058512592
-4.306363822077939,34.8796042386599,140.2293591803822,94920.07117,94920.095372,0.9781781403480575
-4.306667493149594,34.851351283095276,140.0577841441526,94920.084503,94920.108167,0.9396010906342156
-4.308422614703583,34.77864992228068,139.7024367139848,94920.097837,94920.122146,0.9843658882448252
-4.326751241891337,34.837643546774046,139.93469824226358,94920.11117,94920.135483,0.944924118898954
-4.34907735743275,34.85374365649433,139.97481537124125,94920.124503,94920.149259,0.9954426942600046
-4.33849066703525,34.74480808615796,139.58603247817518,94920.137836,94920.161719,0.8543676330810716
-4.385856383005222,34.89961553086099,140.09949699940776,94920.15117,94920.176281,0.9462322261992674
-4.4151622630002185,34.99056140685521,140.37515262956222,94920.164503,94920.18857,0.9845759015376476
-4.434642497957985,35.02871172934089,140.38222551618827,94920.177836,94920.202208,0.9875565872281944
-4.462346092429878,35.08052532069266,140.4455707340821,94920.191169,94920.215442,0.9989328649933131
-4.459491754399669,35.06801382334038,140.36023108554465,94920.204503,94920.229117,0.9777578841525691
-4.4587351630803305,35.071764330169756,140.34894918543827,94920.217836,94920.24436,0.9952348509048918
-4.439046579782523,34.97807851370602,139.94420189620186,94920.23117,94920.25687,0.9502433787745626
-4.463241865011521,35.07851251932335,140.31186716426225,94920.244503,94920.26922,0.9710818498100812
-4.4673162866440626,35.098522809248365,140.34015443776974,94920.257836,94920.281864,0.9896827912806261
-4.4577531334868326,35.030623866983355,140.09606727070124,94920.271169,94920.295711,0.9718115316833799
-4.468506141147417,35.088474391139044,140.2707943984905,94920.284503,94920.308817,0.9718115316833799
-4.4676377877967095,35.06421382266183,140.17632039580906,94920.297836,94920.32192,0.9718115316833799
-4.44129533515924,34.95900709108602,139.7238467636666,94920.311169,94920.336326,0.9780513093899454
-4.4446850925753525,34.94735663257131,139.5928330876364,94920.324503,94920.348588,0.9780513093899454
-4.4571878507755,34.9754353164546,139.71038997146687,94920.337836,94920.363872,0.9780513093899454
-4.458065238172251,34.974065463394616,139.7499993025807,94920.351169,94920.375392,0.8592010440828393
-4.4585236450625025,34.94877905047182,139.64941272400625,94920.364503,94920.389199,0.9780513093899454
-4.438300939269767,34.884633793333386,139.39263348658096,94920.377836,94920.403181,0.9780513093899454
-4.460952013501054,34.941568829250585,139.6554724306223,94920.391169,94920.41511,0.9780513093899454
-4.457294644503182,34.94303619709459,139.62045776493414,94920.404502,94920.428989,0.9780513093899454
-4.455926682791188,34.95154249210726,139.73616486726138,94920.417836,94920.442652,0.9780513093899454
-4.451250708553563,34.91845853000534,139.59907815071304,94920.431169,94920.454955,0.9780513093899454
-4.445428191443494,34.90759002422955,139.58810651594862,94920.444502,94920.46959,0.9780513093899454
-4.449272162884135,34.9230588240629,139.6670197457841,94920.457836,94920.482764,0.977418770179169
-4.450316010218246,34.913438162061816,139.62423685775863,94920.471169,94920.496764,0.834348963983788
-4.439140142833866,34.87881540756201,139.4658408602359,94920.484502,94920.509878,0.8978972935998589
-4.450446686088536,34.90269189674451,139.59775112672878,94920.497836,94920.521347,0.8935911050451129
-4.438581383955353,34.799998199542486,139.20841697821552,94920.511169,94920.535145,0.8827773410322738
-4.451100201059988,34.83268613592623,139.317229113722,94920.524502,94920.55047,0.8740993036562822
-4.439832922172232,34.78640191990405,139.1435518413553,94920.537836,94920.562722,0.9227801743119395
-4.4424059934869815,34.76218436472857,139.047959131702,94920.551169,94920.577385,0.9325848387641398
-4.453027984584867,34.768369208132206,139.0603474208757,94920.564503,94920.588217,0.8912458999777881
-4.47611522679308,34.80128242649781,139.20804061929607,94920.577836,94920.603353,0.9483227377905058
-4.480386930202243,34.75351851506952,139.03988932726392,94920.591169,94920.615204,0.9560689052759994
-4.5385486323931765,34.89157786458321,139.52458291047506,94920.604502,94920.628612,0.9899775040953498
-4.546058186951135,34.886000294137894,139.516462897879,94920.617835,94920.641777,0.861613758711944
-4.543365991728153,34.81553681540243,139.27899886912735,94920.631169,94920.654925,0.971161691458905
-4.590534679781688,34.933859339219275,139.65717310263113,94920.644502,94920.668656,0.9718115316833799
-4.600870870543765,34.90760752486136,139.54178755331242,94920.657835,94920.682103,0.9780513093899454
-4.609530093716092,34.8549075599256,139.34454783732983,94920.671169,94920.696015,0.966440616139676
-4.643131172393275,34.92722534934503,139.5752431696794,94920.684502,94920.708359,0.9632945316805563
-4.660295594228361,34.868529976136806,139.2814366775428,94920.697835,94920.721518,0.9791983609474746
-4.7007397917449545,34.94524396241945,139.54613051285216,94920.711169,94920.735687,0.9907007497113862
-4.713221284550941,34.885102653410925,139.24077565285972,94920.724502,94920.749119,0.9619941238666884
-4.763319017919144,35.01077514795868,139.65395245676748,94920.737835,94920.762611,0.9997666662959914
-4.80310395722412,35.10229112399961,139.97443270066134,94920.751169,94920.775777,0.9075567641470983
-4.784175786359116,34.854956543524345,138.9562460975674,94920.764502,94920.788082,0.9868705447492757
-4.8301367890730065,34.885584473103705,139.03575962782355,94920.777835,94920.803522,0.9926035611411549
-4.875605488202832,34.95482065684897,139.31345877270383,94920.791168,94920.816531,0.9580156148044042
-4.924460874003235,34.99708200785599,139.46621826067476,94920.804502,94920.829628,0.8620533791306638
-4.958633981602594,35.005341788817,139.45413736787526,94920.817835,94920.8427,0.8990871993168327
-4.9508390967083145,34.86362787343008,138.8517449232207,94920.831169,94920.854917,0.8568884686134
-4.972481702705177,34.866302141180306,138.8367726319339,94920.844502,94920.868739,0.944415818356237
-5.006741835966944,34.896315742146754,138.94762725491435,94920.857835,94920.88259,0.8560236745099904
-5.059841330816016,34.99013661739236,139.32551791182846,94920.871168,94920.89511,0.9860943036991533
-5.110452953885822,35.07752964844075,139.66039322910825,94920.884502,94920.90889,0.9839025064171744
-5.108474187376992,35.00284663626672,139.3285313061299,94920.897836,94920.921673,0.977418770179169
-5.117200116190097,34.94122177032024,138.99599785006595,94920.911168,94920.936056,0.9780833967813074
-5.129317459054402,34.93649212957594,138.94931429174284,94920.924502,94920.950235,0.9529811287968115
-5.146821429950539,34.889496342807796,138.75636964568088,94920.937835,94920.965602,1.0
-5.164784098494201,34.909538850140926,138.80647752207597,94920.951168,94920.975815,0.9715662202627
-5.1954220522888015,34.91280988803181,138.81526248520956,94920.964502,94920.988395,0.9716408912465624
-5.23972957590224,34.99210970740399,139.1617811583723,94920.977835,94921.002578,0.9635699144090037
-5.263347062405557,35.07555753657964,139.4496054777471,94920.991168,94921.014998,0.9789896998959854
-5.2621929910579475,34.973107179520625,139.00274407701247,94921.004501,94921.035229,0.9747079935966693
-5.274543090161487,34.963009045127166,138.98342772879133,94921.017835,94921.042204,0.9735940305436528
-5.264805092576772,34.91964756525278,138.78907753992212,94921.031169,94921.05815,0.9735940305436528
-5.286397134446656,34.95817315067298,138.95887023914347,94921.044501,94921.069391,0.9780513093899454
-5.267590964189857,34.85951538453879,138.55221308971508,94921.057835,94921.081936,0.9700545466958831
-5.2800786359554355,34.89388938772182,138.66578480845985,94921.071168,94921.095502,0.977418770179169
-5.299934253285604,34.95155795527925,138.8665273047518,94921.084501,94921.109499,0.9781743468232628
-5.266171454697378,34.82880098574696,138.4481282840848,94921.097835,94921.122114,0.9537403684084342
-5.257371584610397,34.78931311141966,138.32284302648253,94921.111168,94921.135283,0.8746341140629429
-5.2815578996434525,34.88210127664746,138.6445120903152,94921.124501,94921.155776,0.9780513093899454
-5.293021218654256,34.951072096151165,138.99055239044444,94921.137835,94921.161843,0.9627605441271924
-5.278298970159536,34.911456216906224,138.8221790563345,94921.151168,94921.175078,0.9802994093699501
-5.2637074400157635,34.88539026560796,138.67212960189804,94921.164502,94921.188265,0.9802994093699501
-5.2754970750494,34.94105421439381,138.9167097399814,94921.177835,94921.202976,0.9666957851360946
-5.253301138241384,34.92471947295671,138.95474972672542,94921.191168,94921.216516,0.9891117292026497
-5.242745065435283,34.918940425550325,139.0412107115399,94921.204501,94921.229389,0.9599806994904763
-5.212543035514673,34.8615836957325,138.73562367224667,94921.217835,94921.243823,0.9500819818234737
-5.184198899441828,34.81341516686875,138.6107525131231,94921.231168,94921.254818,0.9520744818054863
-5.223001008553732,34.9440448342514,139.09583130460933,94921.244501,94921.268528,0.9307099671003098
-5.187164298203749,34.85796238591797,138.77262818310854,94921.257835,94921.282686,0.9247842014740433
-5.177754147461921,34.85752188931075,138.80908981670305,94921.271168,94921.295142,0.95936695688766
-5.179280851935137,34.90297872308486,138.9253309218122,94921.284501,94921.309234,0.9994552460642809
-5.13938658197083,34.78535300251194,138.48777084994597,94921.297835,94921.323217,0.9778545379744574
-5.138439365715769,34.78226516017616,138.45817680617662,94921.311168,94921.334989,0.9504740156478365
-5.117028493578679,34.72680602470546,138.24432515347664,94921.324501,94921.349347,0.8691456728247005
-5.125254723954005,34.77227381543804,138.46003801179938,94921.337834,94921.363954,0.9616097694145735
-5.112984469123869,34.733052341164004,138.25026135648102,94921.351168,94921.375441,0.9789966588242754
-5.088349280086305,34.652720318712966,137.9485169841536,94921.364501,94921.388542,0.9165326186592961
-5.119193384988524,34.80410528562145,138.53693665451547,94921.377834,94921.408863,0.9523591046665445
-5.10576920709282,34.803998337007386,138.58557483433825,94921.391168,94921.415865,0.9271765722461432
-5.084561713509074,34.76491174750912,138.404791811415,94921.404501,94921.431117,0.8893214604179531
-5.108597800053155,34.848102467777316,138.75001079607134,94921.417834,94921.442395,0.857309653927034
-5.085222191843661,34.80205210774278,138.55389426559,94921.431168,94921.457417,0.9091622558614225
-5.081607740426402,34.86170323475614,138.78795795029617,94921.444501,94921.469081,0.9316364100669036
-5.081849372789288,34.87798467157421,138.87925889733214,94921.457834,94921.481778,0.8555573522442325
-5.083199923079315,34.91569883732248,139.04551964944775,94921.471167,94921.495337,0.9945355125410978
-5.0754097212648315,34.93222034779027,139.08813258844427,94921.484501,94921.50868,0.9258769078510407
-5.0669683792770535,34.9175734023372,139.08080861100152,94921.497834,94921.521518,0.9184373854617829
-5.046525515781778,34.92053014736785,139.05940767144565,94921.511167,94921.535356,0.9572099065203894
-5.041735309615525,34.91025385898036,138.9909290300205,94921.524501,94921.548694,0.9283445314583718
-5.041034168801778,34.952049358489674,139.12475831589964,94921.537834,94921.562666,0.9569438423735233
-5.003161627139417,34.855985972690476,138.7130235531378,94921.551167,94921.577668,0.9569438423735233
-4.980183237932318,34.796587603158905,138.51197916619282,94921.564501,94921.58862,0.9626566544412375
-4.9774890817913695,34.788943700559,138.4916823863082,94921.577834,94921.6038,0.9670146037671642
-4.971322916529652,34.766792202923796,138.40274816287658,94921.591167,94921.616793,0.8411347832257962
-4.975603232331915,34.81241102802898,138.52892650162437,94921.604501,94921.628474,0.9007513317113428
-4.968452904523567,34.79175967581109,138.44087404980775,94921.617834,94921.641883,0.8759347128888644
-4.983617471992442,34.852146901451036,138.67791722053184,94921.631167,94921.655479,0.9007513317113428
-4.9617609727447896,34.800994976832314,138.46376088092882,94921.6445,94921.668874,0.932316999056562
-4.953165227988936,34.76939707782788,138.35925297746692,94921.657834,94921.68427,0.9150574420223243
-4.95517678416764,34.76110213647065,138.3297163369104,94921.671167,94921.694987,0.9150574420223243
-4.958306326736516,34.78109282861034,138.45166518945865,94921.6845,94921.715043,0.8644446943038828
-4.951536703036615,34.743099606323646,138.31095533837552,94921.697834,94921.721995,0.8691456728247005
-4.930570381513759,34.695822079068385,138.11311101797799,94921.711167,94921.735464,0.9529153460023854
-4.93459770452312,34.701882261348416,138.1381105732474,94921.7245,94921.748237,0.9726637274687963
-4.9228632193610435,34.67410308005757,138.02151915285592,94921.737834,94921.76282,0.9095140701805385
-4.922275987944167,34.695087451208416,138.09996563179496,94921.751167,94921.774911,0.9376269436366108
-4.923560066815702,34.71027332805743,138.1994478560701,94921.764501,94921.792047,0.977397600574956
-4.929116008787582,34.72036498691048,138.26083649538708,94921.777834,94921.803481,0.8988517027509202
-4.924393269132343,34.74620458214467,138.3185695017794,94921.791167,94921.815689,0.8565374212483223
-4.920089839702661,34.73717065938769,138.2767970019529,94921.8045,94921.82889,0.830465998728279
-4.930739502159352,34.78942720017299,138.53078827029503,94921.817834,94921.841694,0.8510813168376402
-4.914538481612283,34.746434762770356,138.35014689829802,94921.831167,94921.857047,0.8611540911087294
-4.893844081960691,34.69529534560339,138.11940435971002,94921.8445,94921.868586,0.8335351446392232
-4.897340556817049,34.76249289691597,138.35498010823324,94921.857833,94921.88176,0.8377603570141136
-4.891438078637528,34.71787759778449,138.19703678216445,94921.871167,94921.894978,0.8248386587796723
-4.889215581437975,34.737280334106345,138.28570938153808,94921.8845,94921.908433,0.9375460499974482
-4.894946650956625,34.790575488693264,138.4868408809552,94921.897834,94921.921501,0.8377603570141136
-4.903749253720214,34.840743317463854,138.69677707402803,94921.911167,94921.934776,0.9724621992494605
-4.89250254035952,34.8175595446902,138.60851311506588,94921.9245,94921.955708,0.9747005609284279
-4.879684327998234,34.77916560020558,138.48051118095947,94921.937833,94921.9625,0.9974584610399009
-4.9025129941753045,34.9128234664469,139.025628406274,94921.951167,94921.974668,0.9994552460642809
-4.8794619063616596,34.859671126341375,138.83041234169912,94921.9645,94921.989427,0.9772855114658664
-4.87299358758244,34.83315224682261,138.74515262787753,94921.977833,94922.00457,0.9772727166818195
-4.854991059719284,34.81965211305819,138.68725135116307,94921.991167,94922.017044,0.9727423667907715
-4.8337565795214905,34.780881801860254,138.56637762974597,94922.0045,94922.027963,0.9937930920132944
-4.836258290095128,34.77873218719627,138.54103358609896,94922.017833,94922.048844,0.9164729486621376
-4.825862548007159,34.79526464773704,138.57066094003105,94922.031167,94922.057188,0.8504670439507994
-4.807039911477109,34.74008559662791,138.39177671813482,94922.0445,94922.068957,0.8307397891960192
-4.790687512446961,34.694316828684656,138.18461643743018,94922.057833,94922.082911,0.9308012636217213
-4.767599966472299,34.62991414364355,137.93337047631894,94922.071166,94922.096371,0.910108138913812
-4.75944941462652,34.62763123287826,137.8945993460883,94922.0845,94922.108268,0.9157325019582473
-4.766686432728796,34.643229940732525,137.97604437044603,94922.097833,94922.123668,0.945773715131211
-4.767186411708549,34.62682214930747,137.90863142712544,94922.111166,94922.136537,0.9581371446086951
-4.756610497564251,34.62693592559319,137.919890072501,94922.1245,94922.14947,0.9485058818749451
-4.765044682566809,34.637162294036386,137.95756819042538,94922.137833,94922.162146,0.9515864048212245
-4.765534045048631,34.68667712318715,138.10144564594242,94922.151166,94922.175467,0.933661728556135
-4.759326331628535,34.637372795589044,137.92155214554444,94922.1645,94922.195264,0.99471438146305
-4.768546755146215,34.69103115135829,138.13866707069334,94922.177833,94922.202143,0.923594874909884
-4.755864253302875,34.64343131535214,137.9241386766924,94922.191166,94922.215876,0.878309298914671
-4.766306901812038,34.68198338380197,138.09996763284613,94922.2045,94922.229222,0.9884639019180175
-4.771640675638192,34.72694946302483,138.23208259999353,94922.217833,94922.242619,0.8691456728247005
-4.758125087221705,34.66771953355794,138.00950053947446,94922.231167,94922.255724,0.9787873627922018
-4.74603941621114,34.65454030882604,137.95553697420806,94922.2445,94922.270369,0.9494339371465724
-4.735529380854994,34.62922706875865,137.86895033783634,94922.257833,94922.282729,0.9169252600242709
-4.741862093754795,34.64337570346053,137.88279267212755,94922.271166,94922.295156,0.9165326186592961
-4.7408800401497375,34.64052626158666,137.89478414915462,94922.2845,94922.309332,0.9865877527618059
-4.730941360692559,34.58837116047713,137.7047549940985,94922.297833,94922.322197,0.9662870911667121
-4.732144306333526,34.604957965944315,137.73218663292428,94922.311166,94922.335564,0.8995166218205122
-4.754833345200173,34.673685795538475,138.02817587267697,94922.324499,94922.348613,0.9993365804869282
-4.752616623896115,34.68511904337614,138.0270676717268,94922.337833,94922.362378,0.9713706618887171
-4.750247522997971,34.63900765971219,137.85197710381826,94922.351166,94922.375211,0.8995166218205122
-4.759566573587853,34.67391572751974,137.97475259382315,94922.3645,94922.388341,0.93128575474288
-4.764129664779735,34.66381030875654,137.93485037059253,94922.377833,94922.402618,1.0
-4.803766091860447,34.769738660611495,138.31838199072476,94922.391166,94922.415497,0.8219350202408124
-4.793203643523227,34.70636946738851,138.0955211703582,94922.404499,94922.436584,0.885447263734883
-4.772143744337377,34.60491821185682,137.61738390381515,94922.417833,94922.441658,0.9947158845380225
-4.828342837149731,34.76935739624516,138.30074244570858,94922.431166,94922.454731,0.9774512873615249
-4.846604923658331,34.817743931946914,138.4341753661365,94922.444499,94922.469059,0.9934089024083903
-4.842830273001392,34.74563885150615,138.08164401996967,94922.457833,94922.482439,0.9754200838011114
-4.842676391652657,34.71832640533679,137.93023065050318,94922.471166,94922.49667,0.9608427661698837
-4.848595302138631,34.68347396233698,137.74267942545328,94922.484499,94922.509492,0.9685876564465117
-4.85046594543177,34.696057736728584,137.7297911218561,94922.497833,94922.521792,0.9907007497113862
-4.872831416305585,34.74502379391843,137.91508952992376,94922.511166,94922.534955,0.9954426942600046
-4.907798125722985,34.85436273918769,138.28867489345075,94922.524499,94922.549535,0.9589967580383826
-4.893606754575649,34.7586809906251,137.89275445055432,94922.537832,94922.562473,0.9780385959199454
-4.904666347007971,34.78989788768086,137.96883719431221,94922.551166,94922.577766,0.9707505541021378
-4.8947247324925875,34.72664469803257,137.74949443784672,94922.5645,94922.591865,0.9937619183289855
-4.886052494029639,34.69186927718888,137.5927488640404,94922.577832,94922.602862,0.9994057358203444
-4.896704253592997,34.68764229211996,137.59311666625644,94922.591166,94922.615272,0.9282203616086181
-4.899340248115012,34.719821935100725,137.74010123215163,94922.604499,94922.628608,0.969971014704169
-4.894332070196942,34.65336531265368,137.50735075065097,94922.617832,94922.642037,0.9792275001316748
-4.890619932028597,34.625193999886534,137.4524950732825,94922.631166,94922.657081,0.9990138252158347
-4.9100611019569955,34.69502990021624,137.73899614624023,94922.644499,94922.671536,0.9824899898225724
-4.9036977081740805,34.68115829611871,137.72629128520984,94922.657832,94922.683316,0.9785843970916944
-4.928095362199134,34.739807832047326,138.02466103229594,94922.671166,94922.695114,0.978362905556148
-4.920480684648471,34.70411577411036,137.86138432852755,94922.684499,94922.714814,0.9797605514526367
-4.900096670561803,34.6388491769724,137.6319010229283,94922.697832,94922.721807,0.983239020616876
-4.928681211901925,34.708968229705015,137.8862935933634,94922.711166,94922.735183,0.995535085297454
-4.920862866829187,34.67432872241268,137.74857337102853,94922.724499,94922.749585,0.9790364769106387
-4.937159503246455,34.71759772017931,137.90992024289943,94922.737832,94922.761972,0.9709671923927297
-4.933526849679497,34.69208883785012,137.78689319181154,94922.751165,94922.775426,0.9923154415376196
-4.934594407886954,34.69538024706615,137.7601775997244,94922.764499,94922.791505,0.9678489357402766
-4.928071469883387,34.693227979584655,137.73918065359925,94922.777832,94922.803475,0.9678489357402766
-4.935632504217952,34.715465993126905,137.823022446974,94922.791165,94922.816292,0.9678489357402766
-4.917814018062168,34.63750388499693,137.45304524972795,94922.804499,94922.828765,0.9584008852189047
-4.928124763752856,34.675776607978555,137.61700946349086,94922.817832,94922.842015,0.9906955573204081
-4.910983903023917,34.6620280157414,137.54204773499194,94922.831166,94922.856028,0.9779124553282683
-4.931169175006781,34.7161460023699,137.77786400216846,94922.844499,94922.87008,0.9678489357402766
-4.919528246980571,34.71889357149261,137.7583359638338,94922.857832,94922.88315,0.8269700643511384
-4.908387768455809,34.63807946172812,137.43965905237692,94922.871165,94922.897135,0.9618737674838455
-4.92951508645678,34.70382684729852,137.70254338609266,94922.884499,94922.909827,0.9995047989078166
-4.89608273327656,34.64600995188758,137.4792752564753,94922.897832,94922.923342,0.9308866856220545
-4.903931336652784,34.65346471245794,137.4862472712454,94922.911165,94922.935409,0.9938263420707685
-4.9069772291983105,34.67925633995433,137.60138572134844,94922.924499,94922.949999,0.9779124553282683
-4.916682546023093,34.69585708266253,137.65930347288776,94922.937832,94922.961759,0.9742772666478838
-4.893590750437721,34.60994897499795,137.28928880527346,94922.951165,94922.974938,0.9990829938195382
-4.907187745412014,34.64821593402374,137.5023955003706,94922.964499,94922.988167,0.9915212771754451
-4.908436409614484,34.613094117291354,137.39456842586694,94922.977832,94923.002656,0.9906955573204081
-4.917043369800872,34.65150463278642,137.57106746911379,94922.991165,94923.015494,0.9678489357402766
-4.916941261636097,34.66278909417803,137.66206218957072,94923.004498,94923.029082,0.999538240066018
-4.922466036852958,34.67250745911085,137.723345185129,94923.017832,94923.042815,0.9678489357402766
-4.914731016904707,34.62197759993709,137.5102881812712,94923.031165,94923.055151,0.9923154415376196
-4.9198401492586585,34.65805674049727,137.66500570839398,94923.044498,94923.069369,0.999538240066018
-4.897739057355483,34.58281916142642,137.35353575551298,94923.057832,94923.082254,0.9748936491208773
-4.912828556664762,34.62029769751722,137.5578417545158,94923.071165,94923.095641,0.9624042484062052
-4.910074614153539,34.58232050527768,137.36379215583705,94923.084498,94923.108827,0.996228482712594
-4.908484460995073,34.61519656932423,137.50790145675396,94923.097832,94923.122487,0.9748936491208773
-4.916437277180617,34.627471872970965,137.50569882191678,94923.111165,94923.134716,0.9973735569055239
-4.9255661649243985,34.60887782842028,137.41967623804246,94923.124498,94923.149345,0.9747079935966693
-4.900483739038861,34.554364385657166,137.1560439461836,94923.137831,94923.163803,0.9747079935966693
-4.911225235792125,34.56593832858493,137.2368015768555,94923.151165,94923.175213,0.9899775040953498
-4.915452124144017,34.579964735778525,137.26898365887004,94923.164498,94923.190174,0.9375460499974482
-4.909533665374532,34.576290795249896,137.2598391483145,94923.177831,94923.202625,0.9906955573204081
-4.9132302131496335,34.56103426336936,137.2336938446104,94923.191165,94923.214745,0.9747079935966693
-4.897282816541362,34.48237417002926,136.93654600042422,94923.204498,94923.236251,0.9464094839453085
-4.910730918780272,34.49965075244188,137.03053130353075,94923.217831,94923.242012,0.9957323613768997
-4.9083270357281465,34.47109153985174,136.92398881869914,94923.231165,94923.254757,0.9789896998959854
-4.903175878742483,34.43551146731508,136.81415941813776,94923.244498,94923.268982,0.9943262864417685
-4.893323398155977,34.353548353694016,136.49187376093428,94923.257831,94923.28278,0.9847857532275148
-4.926046651450146,34.47961981662646,136.9924479841369,94923.271165,94923.29681,0.9854649950408899
-4.900547829239962,34.407594210246984,136.69144643482443,94923.284498,94923.308612,0.9943262864417685
-4.919349716893514,34.47118370570292,136.92835601915982,94923.297832,94923.321922,0.9943262864417685
-4.890138009526798,34.31816161861464,136.30208132441896,94923.311165,94923.335115,0.9847857532275148
-4.899878606511535,34.38583130151502,136.59684127005877,94923.324498,94923.348569,0.9943262864417685
-4.907025914783128,34.4036312854176,136.6780275277895,94923.337831,94923.362144,0.9943262864417685
-4.915031426263,34.40232307001339,136.61205569519305,94923.351165,94923.37656,0.9544316185169742
-4.9144442342062264,34.42756630198285,136.70269245002325,94923.364498,94923.388205,0.9702650859261777
-4.915160410827515,34.374757846611736,136.488982360074,94923.377831,94923.402126,0.9500819818234737
-4.929034536370789,34.41572146061922,136.64159016052508,94923.391164,94923.415245,0.9500819818234737
-4.930376743368626,34.41547545491126,136.61984560369737,94923.404498,94923.42883,0.9883896436262286
-4.973618197451869,34.49935493911729,136.9252650607647,94923.417831,94923.441649,0.994691206588189
-4.997589550973073,34.55045193327922,137.08231434243362,94923.431165,94923.455227,0.9689841439432509
-5.005243407184617,34.54877817806724,137.07210214467437,94923.444498,94923.46879,0.9630715525881821
-4.990859921248134,34.496864611314216,136.87669158565186,94923.457831,94923.488141,0.9784633465413252
-5.022612826671686,34.58545069296072,137.1638968733151,94923.471164,94923.495352,0.9475320624057602
-5.027266094170453,34.59033690620161,137.18143043417854,94923.484498,94923.5088,0.9618744187866304
-5.039474424762056,34.60862817802638,137.22802728296926,94923.497831,94923.522006,0.9486214743841882
-5.055054679689581,34.659031860286596,137.3951188556422,94923.511164,94923.535189,0.9778811500033848
-5.043934850132007,34.58239851377795,137.06334756370404,94923.524498,94923.549366,0.8948757227719716
-5.033215152587624,34.537861055621406,136.84887134885471,94923.537831,94923.563223,0.8740993036562822
-5.051129164586573,34.58423871912344,137.0378219851508,94923.551164,94923.576233,0.9114726367211531
-5.047425388042987,34.52149544096336,136.75894822624377,94923.564498,94923.589286,0.8978972935998589
-5.044097093049081,34.519365830735836,136.75204909683134,94923.577831,94923.601595,0.9878242222259068
-5.029245037574448,34.41883764681721,136.35530189014628,94923.591164,94923.615226,0.9878242222259068
-5.074361391339073,34.53959283733718,136.74388415634078,94923.604497,94923.62855,0.9716408912465624
-5.040450959693906,34.47205366256206,136.44144162463473,94923.617831,94923.648855,0.9983596263788109
-5.0668633807777965,34.51757199756913,136.56913570450195,94923.631164,94923.655356,0.9892942696812778
-5.047316478423721,34.44862278978555,136.2436790335679,94923.644497,94923.668215,0.9892942696812778
-5.062294893951653,34.47734921529911,136.25953592657365,94923.657831,94923.682172,0.9580538611670318
-5.065227857934912,34.51204001734219,136.3553001076013,94923.671164,94923.702668,0.9500819818234737
-5.078372252357862,34.51865616810921,136.33274476360162,94923.684497,94923.708524,0.9440809318256742
-5.066373697031025,34.464189535560365,136.0853054120376,94923.697831,94923.721825,0.9314535230179901
-5.08714831387354,34.559125064203705,136.4063953827932,94923.711164,94923.735181,0.9705482921169515
-5.088783785364848,34.545265168142066,136.3266120065602,94923.724497,94923.749366,1.0
-5.079009927690934,34.56932478676202,136.3756960188384,94923.737831,94923.76267,0.9678095726589014
-5.060993985102219,34.53478010297449,136.21305395962347,94923.751164,94923.776524,0.9433317267500078
-5.050803679131978,34.51367448236666,136.12666350780006,94923.764497,94923.789433,0.9472523112156768
-5.0253811988275014,34.452877206928534,135.86043946924033,94923.777831,94923.802009,0.883143256914598
-5.022817712265725,34.53825699034119,136.17110604163244,94923.791164,94923.815134,0.9075745879675085
-5.021831240395935,34.60916249755684,136.46674700267022,94923.804497,94923.829244,0.977418770179169
-5.023933228394527,34.68442005856568,136.76094622463174,94923.81783,94923.84158,0.9780513093899454
-4.949674923031593,34.505731251068774,136.11209851973828,94923.831164,94923.855756,0.895322632493838
-4.9227252467020035,34.502086580507424,135.97807698490988,94923.844497,94923.869593,0.9850094222709491
-4.905152999194828,34.55452225025775,136.1802831852337,94923.85783,94923.882965,0.9788551507770933
-4.849528185968278,34.461985465934234,135.94326212642412,94923.871164,94923.896457,0.9832284264796448
-4.834851719815294,34.53377630406333,136.1241468854479,94923.884497,94923.915121,0.9780513093899454
-4.80669862831072,34.57820246670852,136.30316930597928,94923.89783,94923.923131,0.938162946153171
-4.743290939385145,34.49804855132423,135.99602405802872,94923.911164,94923.937585,0.9850094222709491
-4.681920680096946,34.45601104233631,135.80205567993767,94923.924497,94923.951165,0.9284891994470732
-4.652012858498142,34.442615788909954,135.7542762495758,94923.93783,94923.962449,0.9780513093899454
-4.578414984680497,34.416012909863824,135.7020632859199,94923.951164,94923.976605,0.9532369122840287
-4.5257799227566515,34.363929970557095,135.40100238294843,94923.964497,94923.990017,0.9776277594242716
-4.4877164476668545,34.40924900521458,135.66275143850973,94923.97783,94924.002547,0.9666957851360946
-4.456709860146363,34.52418085790852,136.0775762741664,94923.991164,94924.016505,0.9767096901634613
-4.331165762418281,34.30225978900816,135.25203893206177,94924.004497,94924.028766,0.801516216990595
-4.3090615898721625,34.47643960705649,135.9601270967223,94924.01783,94924.041868,0.989503326206133
-4.174136015357329,34.25770829857287,135.13778222816336,94924.031164,94924.054766,0.9115500269492206
-4.15916903542762,34.51390051613331,136.23160563555635,94924.044497,94924.069317,0.9881000516838215
-4.000132865622621,34.2059899170226,135.23215439799932,94924.05783,94924.081981,0.995341841926343
-3.9287858720000925,34.25082048136297,135.61060627325497,94924.071163,94924.09468,0.9415784457325528
-3.8341384531060894,34.219999169000076,135.49200025767806,94924.084497,94924.108694,0.830465998728279
-3.7230442108858632,34.20289805373901,135.54815571931735,94924.09783,94924.122098,0.9122787421815315
-3.651330826800092,34.346996381834906,136.16084471133337,94924.111182,94924.135797,0.9881000516838215
-3.4909855208452196,34.12747987384726,135.35101319063213,94924.124515,94924.153045,0.9335736721206384
-3.3544586712785405,34.064720207659434,135.27139794140442,94924.137848,94924.162728,0.9842492873126041
-3.2600910934600003,34.1007764002374,135.57669636274636,94924.151182,94924.175502,0.9500819818234737
-3.1442729007761425,34.08767139742869,135.57223712704544,94924.164515,94924.188267,0.957706239077166
-3.001840013570413,34.011894466920964,135.27548094909383,94924.177849,94924.204953,0.8565374212483223
-2.870364088890088,34.022782998670216,135.36275121050113,94924.191182,94924.216291,0.93836592452523
-2.7851189996269627,34.22125080250444,136.1628252005354,94924.204515,94924.230912,0.8911790613618933
-2.6333942660950864,34.18853239687229,136.08332630279364,94924.217848,94924.243645,0.9881000516838215
-2.476741196750129,34.150604909269354,135.96748368156668,94924.231182,94924.254685,0.9075567641470983
-2.305137118607138,34.02641931086746,135.65006354745245,94924.244515,94924.269577,0.9463325952307844
-2.139124200596694,33.95665247628051,135.48736438462058,94924.257848,94924.282237,0.9666957851360946
-1.9634639919112244,33.8054499001585,135.00390260908938,94924.271182,94924.295344,0.9592649554445739
-1.8109424095298325,33.89213635446447,135.32825673788568,94924.284515,94924.308105,0.8427148634476056
-1.6400160351458029,33.90854901654177,135.52550666835938,94924.297849,94924.323048,0.8559166054455604
-1.4718944449093634,34.03268347382148,136.07164336830343,94924.311182,94924.341166,0.9300818171248815
-1.2687756797037377,33.86387474738037,135.5606375800335,94924.324515,94924.349944,0.9951670750986056
-1.0581357755603287,33.78387801875597,135.39868715558646,94924.337848,94924.362662,0.9284891994470732
-0.8707969942569622,33.79525584908676,135.54743978650845,94924.351181,94924.376209,0.9814275557779454
-0.6537403575730667,33.736386471872926,135.33056665408574,94924.364515,94924.389077,0.9273644794374423
-0.4722511933982466,33.91309592546365,136.09285394357113,94924.377848,94924.401664,0.9035848342010759
-0.2604796338646559,33.911443419399745,136.11802774844566,94924.391181,94924.414909,0.9615637969207386
-0.017736736110112634,33.76023399063145,135.56420506889165,94924.404515,94924.429544,0.9854649950408899
0.20083875897853945,33.78228958019522,135.66792660127814,94924.417848,94924.442227,0.9284891994470732
0.42113652146643726,33.79198200193461,135.72565791636353,94924.431182,94924.46187,0.9328304865161275
0.6445528456565783,33.85449539895226,136.0518762522189,94924.444515,94924.468876,0.9854649950408899
0.874491200869205,33.91640466974581,136.25592948187727,94924.457848,94924.482574,0.9569438423735233
1.0963692010117978,33.85699322534294,136.04594709103512,94924.471181,94924.495445,0.9429344837476306
1.3340618033922673,33.89876300430291,136.20350798812615,94924.484515,94924.508481,0.9640951090140466
1.5736262626939672,33.91461772938325,136.2739531030857,94924.497848,94924.521831,0.95850131790092
1.8183020626318716,33.79252840362535,135.8276547490193,94924.511181,94924.536102,0.9995404884157075
2.0628418042160908,33.939164575794315,136.34392932318298,94924.524514,94924.548613,0.9688845023557099
2.305296955185822,33.745267287451554,135.70097936324674,94924.537848,94924.564765,0.988440160409903
2.554604364321244,33.87142739003762,136.23196322834136,94924.551181,94924.575451,0.994285463260643
2.7666925323623457,33.86748362169233,136.17793951814693,94924.564515,94924.588546,0.9858973091441671
3.04638420489026,33.854260535053925,136.21017102139896,94924.577848,94924.602842,0.8823982174220889
3.2640664449898518,33.908079804997634,136.47126069490963,94924.591181,94924.614859,0.9751744398423865
3.5196557897465164,33.812514897913616,136.22115718055423,94924.604514,94924.629631,0.9640951090140466
3.752322938445237,33.78013881731217,136.18874396357674,94924.617848,94924.642413,0.9902744811682522
3.9932939232053637,33.81707231206075,136.45299601803444,94924.631181,94924.657232,0.9910337928190601
4.252798780569138,33.75314303299736,136.27646929902534,94924.644514,94924.668917,0.949557533609899
4.501956489876971,33.79930873044538,136.6432189293893,94924.657848,94924.684122,0.9971697453414238
4.747608676357021,33.660026160657175,136.18784212434625,94924.671181,94924.695635,0.9992039347009191
4.96930552843522,33.49504267187221,135.70420063552973,94924.684514,94924.708616,0.9663726206476958
5.252893339256754,33.63145133729161,136.49548920658575,94924.697848,94924.722015,0.9128422230569191
5.465092949253811,33.513390408837886,136.16948289470298,94924.711181,94924.735372,0.9369142200418888
5.716523232507782,33.4200854865084,136.01092228530004,94924.724514,94924.748204,0.979696599237022
5.958047895452786,33.39214474478861,136.08853156532072,94924.737847,94924.770511,0.8248386587796723
6.203496878141412,33.33995231651242,136.09896509903152,94924.751181,94924.775176,0.9500819818234737
6.440097027810797,33.29624886362081,136.06157720250818,94924.764514,94924.788314,0.9025879650249654
6.692001979305102,33.30777011754315,136.42499338324163,94924.777847,94924.801922,0.9619941238666884
6.935412296668563,33.22078145955872,136.17704244589515,94924.791181,94924.814915,0.9050198921698098
7.154993311860093,33.081197079146634,135.85773843552167,94924.804514,94924.830794,0.9763353702595885
7.425544479495746,33.148377721411286,136.40602768538696,94924.817847,94924.842206,0.9841990825469144
7.646447191492611,33.12318813323677,136.3912216037201,94924.831181,94924.856179,0.9613974465436449
7.885828714096001,32.91009865786898,135.80525987530825,94924.844514,94924.869928,0.999594803076812
8.143163089062964,33.00775307564245,136.4045624556375,94924.857847,94924.888751,0.9910634323759548
8.369261077356677,32.88824930094362,136.0795464466993,94924.871181,94924.902773,0.9863642361641506
8.625479733117468,32.82450640325813,135.96980950605683,94924.884514,94924.908255,0.9386210441589355
8.879749246952404,32.842562222763966,136.24150910170084,94924.897848,94924.921762,0.9612652463370005
9.135732129209341,32.79723817415349,136.25971366888626,94924.911181,94924.9361,0.9442401885986328
9.37009639095629,32.81812574854904,136.45462884033833,94924.924514,94924.948664,0.9783932776658623
9.63344644104656,32.71076130754383,136.18998860578964,94924.937847,94924.963425,0.9727472398616193
9.894991005683833,32.78046729353585,136.73335059477463,94924.951181,94924.975234,0.9786005132436407
10.144962639458438,32.64071453806847,136.24926205662786,94924.964514,94924.989844,0.9860177118637214
10.395087283278503,32.65568771084744,136.4667274241647,94924.977847,94925.00358,0.982765701951411
10.644198374057169,32.55177941944551,136.244904738257,94924.99118,94925.015441,1.0
10.89630864470622,32.56125436178377,136.49603042079815,94925.004514,94925.029081,0.9855392415760008
11.165952211920994,32.50603097317289,136.38869284934378,94925.017847,94925.041995,0.9311063109252002
11.429345531105731,32.47754782384568,136.63088346479958,94925.031181,94925.054934,0.988669993408336
11.67233356519956,32.34901182880267,136.28891393881284,94925.044514,94925.070313,0.963456438396936
11.947697891397112,32.35496132779763,136.54395923769457,94925.057847,94925.081725,0.9947501950709785
12.197468083331897,32.28504573793164,136.5262002528449,94925.07118,94925.096181,0.9778053800109476
12.49332249184491,32.326491756734924,136.92688684773606,94925.084514,94925.108775,0.9994235268306773
12.702064068491813,32.13387281626179,136.31397363186232,94925.097847,94925.124357,1.0
12.995450247239516,32.13977337810438,136.64610931148698,94925.11118,94925.13601,0.9870846155449696
13.236483375237942,32.06995194783894,136.53871900821338,94925.124514,94925.149643,0.9891117292026497
13.522104756347211,32.052345761492134,136.73496647729107,94925.137847,94925.162487,0.9635699144090037
13.76228279811914,31.965756485060044,136.6453889445176,94925.15118,94925.174997,0.940599601409691
14.045482710116264,31.93348981216825,136.6653196147019,94925.164514,94925.195139,0.9685803338386703
14.31734994889944,31.89487171098258,136.8848589925115,94925.177847,94925.202997,0.946093738206708
14.562910849819367,31.802647490546303,136.60280858692892,94925.19118,94925.221565,0.920245379284579
14.841356759915197,31.824536193067225,136.9243449240263,94925.204514,94925.228485,0.9845759015376476
15.08717504883526,31.69743331288214,136.64936671304378,94925.217847,94925.242185,0.9778053800109476
15.376107209040546,31.74225792279975,137.00663467153842,94925.23118,94925.257503,0.9436410094424726
15.568925482795239,31.569429918252,136.3491566124431,94925.244513,94925.269882,0.9624812537771174
15.86291466666855,31.568137455043804,136.6741949057422,94925.257847,94925.281563,0.9878642234038775
16.113215671179784,31.515220492030974,136.6691228355449,94925.27118,94925.296785,0.9727463668498577
16.408629894843614,31.557948561933426,137.01775777146872,94925.284513,94925.311179,0.9252681484455924
16.67571262278277,31.53907427225927,137.1768535848538,94925.297847,94925.32195,0.9302852334437948
16.959071045573804,31.580127677838142,137.60063280591834,94925.31118,94925.336286,0.8992840972739777
17.15697691228331,31.387403939086948,136.95456477261553,94925.324513,94925.348571,0.9721472543239376
17.444360481378244,31.402089139255587,137.39785383854334,94925.337847,94925.362586,0.901952966154808
17.61830840880724,31.17849968056956,136.60878651143153,94925.35118,94925.375512,0.8846808684301046
17.95379537434506,31.26791917574166,137.35169381240496,94925.364513,94925.389674,0.9616573167019097
18.141371018230952,31.07691831460794,136.80196142385358,94925.377847,94925.403517,0.944316532406629
18.447384190170215,31.14717087795307,137.36250350473367,94925.39118,94925.415209,0.9351594466802762
18.680385763800366,31.02305718119301,137.18817384421232,94925.404513,94925.42887,0.9163546049278619
18.96395595738315,31.072169564698115,137.56389160656008,94925.417846,94925.441914,0.9650119780425369
19.12767441127588,30.809759580562382,136.75292677976867,94925.43118,94925.455151,0.9789105575856896
19.411082067523303,30.84707544555011,137.15527137626697,94925.444513,94925.468873,0.9558157775496134
19.682124714074142,30.83326975547157,137.26128257109642,94925.457846,94925.481691,0.957706239077166
19.891102920487842,30.68836379037136,136.91959995841162,94925.47118,94925.497013,0.9405533533162889
20.21317409342945,30.782078382390665,137.53082546580168,94925.484513,94925.509531,0.9056036746720896
20.41234941492126,30.64998882195809,137.13741491494883,94925.497847,94925.522743,0.9354601125299267
20.74621353010519,30.7266665303167,137.83458535459854,94925.51118,94925.536333,0.9593538876002103
20.89457644384782,30.504312723909333,137.00407333503904,94925.524513,94925.548447,0.9955641296650021
21.216979265721402,30.553245464211656,137.4253419641217,94925.537846,94925.562004,0.958038795168628
21.46650347285125,30.50546052628614,137.54957135935203,94925.55118,94925.574854,0.8445171594015085
21.73815363452528,30.51491446122501,137.66680586309644,94925.564513,94925.588524,0.9757059595039308
21.92374218907034,30.37487043025929,137.1669732757406,94925.577846,94925.602469,0.9707538620442598
22.256012256390502,30.465681086238746,137.73621313666266,94925.59118,94925.615225,0.9559657079960464
22.531402358481966,30.438936557416465,137.78302317558794,94925.604513,94925.628418,0.9569438423735233
22.791187442551106,30.412968330441494,137.8583940867018,94925.617846,94925.642204,0.9334438886263223
22.967797670424158,30.283962840377058,137.2810163821048,94925.63118,94925.656378,0.9454391505972247
23.32032929815385,30.38944834219002,137.85562174734173,94925.644513,94925.66993,0.9309817400563816
23.533341832523153,30.295965506265635,137.56591945202115,94925.657846,94925.682275,0.9609529547739887
23.81181586310335,30.26152313715537,137.52107263287994,94925.671179,94925.695607,0.9961995154175521
24.00860900959044,30.145123689092568,137.1962065398101,94925.684513,94925.708437,0.9719806349062851
24.31138137874268,30.153081981452196,137.345268960643,94925.697847,94925.721434,0.9255339306978796
24.68051522695303,30.279699884514134,137.98078316460158,94925.711179,94925.736099,0.9024630668636487
24.90145402194729,30.148498017336465,137.62711659400108,94925.724513,94925.755915,0.9613974465436449
25.15529987976286,30.082529080015348,137.46074245198122,94925.737846,94925.762939,0.9781743468232628
25.418007562062996,29.996414527030716,137.35360046440857,94925.751179,94925.782334,0.9843245068468772
25.67413030144856,29.9701190496616,137.29180987081463,94925.764513,94925.796642,0.9860214041137751
26.043425091779913,30.035678923672197,137.7862953292008,94925.777846,94925.808119,0.9786649387864989
26.250851157730455,29.900402889070712,137.4495416824096,94925.791179,94925.817522,0.9780513093899454
26.50801129414517,29.823769502036832,137.28098757044782,94925.804512,94925.828286,0.8760637350484018
26.87783718726821,29.929089907515582,137.91337625318457,94925.817846,94925.844351,0.981535691272752
27.042408441756066,29.741619731338545,137.27281876337915,94925.83118,94925.86574,0.9690509797033854
27.32501886749231,29.71642018826345,137.29562116518795,94925.844512,94925.869479,0.9544291920862653
27.509892278862928,29.61199103162965,136.92680563949392,94925.857846,94925.888803,0.9768148329545674
27.859577776862533,29.65890670273302,137.28666741623627,94925.871179,94925.89602,0.9579717164512231
28.119447301805938,29.614755153266543,137.33046280770608,94925.884513,94925.915816,0.9782216827666769
28.36664029763463,29.568728776177736,137.24208296439474,94925.897846,94925.923134,0.9415731322585916
28.596842330581556,29.52293977876283,137.1320819900368,94925.911179,94925.935929,0.9926139655157421
28.875123374367035,29.517258688751976,137.2108056821382,94925.924512,94925.957351,0.9649722145212789
29.100654140552177,29.46981879380748,137.13153136048984,94925.937846,94925.969945,0.8386831206876041
29.334529105758087,29.433456267813337,136.98108324492136,94925.951179,94925.982154,0.9203238487243652
29.541753133430017,29.360831319830396,136.7947021809164,94925.964513,94925.995546,0.9159206209417251
29.808266797114715,29.360264171677358,136.843030911005,94925.977846,94926.008928,0.9900878301709979
30.036602078461666,29.34191937745671,136.86720059510782,94925.991179,94926.021735,0.8980217293099279
30.274641618025587,29.307673110948738,136.75656015125398,94926.004512,94926.029886,0.9509996018191363
30.4504017222907,29.209279339613055,136.4180391754778,94926.017846,94926.044142,0.9180145412132742
30.631215316649506,29.15432653789019,136.1758688711994,94926.031179,94926.05731,0.9868385314941406
30.926327122725144,29.21023461343621,136.48203498674073,94926.044512,94926.075698,0.8969131655432966
31.10516338915087,29.14771158551639,136.2315310851507,94926.057845,94926.08394,0.9540451866539509
31.295809177040585,29.088920404394614,136.05166626864877,94926.071179,94926.098143,0.8912681396303596
31.599496284880146,29.16105256699166,136.39640468475093,94926.084512,94926.110427,0.9745419938139425
31.74227400541822,29.066380472298082,136.03875654279784,94926.097846,94926.122872,0.8665297758031253
31.885929914409406,28.982302005420095,135.6741769976422,94926.111179,94926.136999,0.9470058987381741
32.13547924083424,28.985423296924747,135.7826741607542,94926.124512,94926.156034,0.9838622838210949
32.33849444695911,28.976297303950936,135.74152474233253,94926.137845,94926.169552,0.9791629056587772
32.47215838488304,28.876881566583872,135.38974230919624,94926.151179,94926.182586,0.8820142276330019
32.716581013180836,28.90198156769658,135.5392792543814,94926.164512,94926.199673,0.8892934149279119
32.958997883286706,28.906052280191137,135.6415706946366,94926.177846,94926.20325,0.9863684423234719
33.12433265463421,28.8599536227789,135.42386018689015,94926.191179,94926.216417,0.9500960093439426
33.227369891394844,28.73957773991661,134.9778327361863,94926.204512,94926.229631,0.9072641755029256
33.47925196477819,28.753553527217345,135.14767830570858,94926.217845,94926.24195,0.9587695742167208
33.697203659340296,28.7488587651935,135.1859900407331,94926.231179,94926.25619,1.0
33.86663982497735,28.718669037583382,135.03043466047998,94926.244512,94926.271506,0.9738992314168249
33.98087703289163,28.617802961109675,134.66804856453348,94926.257845,94926.29159,0.9415731322585916
34.11893950493688,28.542694691666483,134.40585868533245,94926.271178,94926.295412,0.9111255404393929
34.36503640180496,28.565936387271062,134.59515554932736,94926.284512,94926.312047,0.9615227699279785
34.487343999742116,28.469210279572785,134.2149868130059,94926.297845,94926.322331,0.991773229004352
34.740303945172215,28.494920915761305,134.42515223210663,94926.311178,94926.343137,0.9108477497272714
34.9635337183743,28.516159132090305,134.57299199529075,94926.324512,94926.34974,0.9906955573204081
35.02031922949581,28.339197519441136,133.9593594170994,94926.337845,94926.369363,0.95445381198734
35.16119918969653,28.26907670557956,133.70571302419424,94926.351178,94926.376854,0.9729638730901272
35.42701781750549,28.325852262022618,133.994366452551,94926.364512,94926.395592,0.9774182669685593
35.546322850819635,28.23141120787457,133.62972454275578,94926.377845,94926.4021,0.9555807807949955
35.79596714387721,28.267625597195853,133.89366163702033,94926.391178,94926.415023,0.9244377361163472
35.938522303831185,28.21057139794618,133.69520131353673,94926.404512,94926.428466,0.9778811500033848
36.02933294124504,28.10597666743501,133.24634506930764,94926.417845,94926.441688,0.9413008944478368
36.25569963656816,28.129596973845995,133.37389546587136,94926.431178,94926.455471,0.9908943782801555
36.34804534544422,28.051339675319007,133.0004196270167,94926.444511,94926.475371,0.9458662533228784
36.60054341283288,28.10604643478159,133.26930110641808,94926.457845,94926.482815,0.977709521655935
36.71435852171932,28.061162599258104,133.03298160303393,94926.471178,94926.496189,0.9119815575861762
36.895737508279055,28.06538386570782,133.07131609493064,94926.484512,94926.508338,0.9128229502156072
37.01752654963467,28.030341054170876,132.84995110919618,94926.497845,94926.521444,0.9939402265798495
37.22576166782335,28.06000447895621,132.98728275751674,94926.511178,94926.535466,0.968500257813106
37.368149771931044,28.057779817328136,132.90254814711486,94926.524511,94926.551138,0.9976660064280181
37.46737148017562,28.01322159689301,132.75017249740768,94926.537845,94926.565254,0.9526193737520475
37.51314575182869,27.930810607869688,132.34442780742975,94926.551178,94926.576246,0.9307099671003098
37.76697218597419,28.032048337708044,132.74977951147613,94926.564512,94926.589375,0.8427148634476056
37.781089501492964,27.96407127867023,132.26881081064693,94926.577845,94926.602191,0.9200766741205348
37.90000071074927,27.976463992472333,132.2497999922412,94926.591178,94926.615539,0.9469296759835604
37.96962030352133,27.945310059853117,132.00003415714448,94926.604511,94926.628754,0.9896886284565343
38.02668003821705,27.917356794756998,131.78933842651625,94926.617845,94926.64317,0.9361925662770465
38.06106284831098,27.865528372867214,131.45874033737837,94926.631178,94926.656517,0.8214197071782996
38.239794363691175,27.953900596651042,131.70625908044028,94926.644511,94926.669701,0.9976066730245355
38.39775517673569,28.005808957816857,131.88093207786494,94926.657844,94926.682957,0.9707803840180461
38.42261410761453,27.958512647950574,131.5787170132144,94926.671178,94926.694886,0.8647038934832328
38.62956939700765,28.067304813726796,131.93965979469039,94926.684511,94926.708149,0.8517486334331411
38.544174811317035,27.93709897904097,131.28983479614737,94926.697845,94926.723096,0.9778053800109476
38.74508861821859,28.03976150553371,131.67626205741638,94926.711178,94926.741851,0.9160812990644155
38.67425596180879,27.92076995436654,131.0667078543631,94926.724511,94926.749191,0.8876878251263077
38.871666586075946,28.02973029752037,131.4501567785592,94926.737844,94926.764108,0.8595953263059029
38.91745902154532,28.00464235860447,131.26544694462615,94926.751178,94926.775242,0.9887096458564092
38.90439355785418,27.95253321534455,130.93012702784563,94926.764511,94926.788164,0.8841705537357195
39.041817251857616,28.014068015665515,131.07569481652212,94926.777844,94926.80151,0.9876330071035339
39.178698009576735,28.07831660947965,131.33703550772682,94926.791178,94926.815184,0.938162946153171
39.16650418652806,27.99883716129391,130.90782673751383,94926.804511,94926.829247,0.8906653095909153
39.21031264792196,28.006589212172564,130.83346543361435,94926.817844,94926.841443,0.9576379355315734
39.25659703638924,27.979531556610898,130.70402566719247,94926.831178,94926.856041,0.8504670439507994
39.33677708811292,27.981424562135782,130.71759632878317,94926.844511,94926.872219,0.9859162875293309
39.35987527196224,27.939595224013278,130.5270084071979,94926.857844,94926.882758,0.8573728616342157
39.46072899186835,27.952774523700835,130.616413163787,94926.871177,94926.895925,0.9359195508483003
39.4094283440823,27.850601901438687,130.16694884888807,94926.884511,94926.908572,0.8453246628151797
39.50025211436051,27.866884828797023,130.23539688374692,94926.897845,94926.92212,0.9724338471909488
39.55149901638224,27.842923081839665,130.16238721198056,94926.911177,94926.935534,0.9133951932981487
39.588613616361116,27.81109937438338,130.04351077525587,94926.924511,94926.948635,0.9957680870926925
39.67110456595144,27.823008453290154,130.11728945116212,94926.937844,94926.962443,0.9864870350149821
39.606037814866596,27.70974309014676,129.66649588196557,94926.951177,94926.974954,0.9623243877065407
39.79788764198593,27.812668140240085,130.1271937334889,94926.964511,94926.990705,0.9729319536518876
39.809302740452615,27.777136808975825,129.94287181594697,94926.977844,94927.002994,0.9764822806894354
39.853698120700905,27.754554741212967,129.86049179459312,94926.991177,94927.017008,0.9854649950408899
39.905548779296645,27.756366234509613,129.86898208224744,94927.004511,94927.029908,0.921799728101687
39.930998923265726,27.717968717745652,129.7618198245607,94927.017844,94927.041939,0.8883964686309284
39.99218047586369,27.712364414726636,129.76302948615597,94927.031178,94927.055156,0.9568669348491131
40.042330478061345,27.720670420897363,129.7797116092924,94927.044511,94927.06885,0.808282646543808
39.96547589644904,27.621439109894137,129.2908882564008,94927.057844,94927.081967,0.8709451623462389
40.133365927830205,27.720086879285386,129.68439857933518,94927.071177,94927.095803,0.9964091784428865
40.184443791090374,27.72734459318392,129.70778510535442,94927.084511,94927.109749,0.9625045576947139
40.229450795780615,27.74918329915331,129.72297959453505,94927.097844,94927.123023,0.9719060057037351
40.183261607404326,27.670357874006946,129.41338013905226,94927.111177,94927.141739,0.969561840646674
40.34079952775288,27.777685369002107,129.8629748581935,94927.124511,94927.150288,0.9884144538048956
40.230578049346484,27.673621218134034,129.35110353579753,94927.137844,94927.168207,0.930120097793179
40.33761168895687,27.740143426249894,129.63865719798628,94927.151177,94927.175876,0.9815475251170375
40.32345421522211,27.709789335080284,129.49663323801485,94927.164511,94927.189,0.9050870525071275
40.3339388796473,27.70136247372373,129.48337900796076,94927.177844,94927.202194,0.9800372216662518
40.226882304058705,27.5819434843683,129.08696779620394,94927.191177,94927.22137,0.8025635845544143
40.22470717682292,27.562050335494668,129.0747986130532,94927.20451,94927.229006,0.7983488934224464
40.17561016343644,27.4916886116887,128.86536494712476,94927.217844,94927.244394,0.7586307400230535
40.181164465599224,27.4928858742012,128.93537539929662,94927.231177,94927.255008,0.8990871993168327
40.259876196632916,27.534586160163244,129.2238657008641,94927.24451,94927.270829,0.9217757384556597
40.27398304530731,27.529209882777003,129.29444739881916,94927.257844,94927.282077,0.8900925810691634
40.29751100836812,27.535591710797874,129.3939669076834,94927.271177,94927.295655,0.9828156738962439
40.25239298133054,27.488248229982357,129.300137690658,94927.28451,94927.308514,0.9882204478799048
40.20504306600182,27.43068587833103,129.1814502305268,94927.297844,94927.322844,0.844818662310944
39.998373087958825,27.273391254382062,128.52998710062425,94927.311177,94927.335411,0.8947644443741594
40.045339135715885,27.332407388020563,128.82237062273774,94927.32451,94927.348906,0.9464779515009486
40.09841205735251,27.38435929645778,129.18248675191074,94927.337843,94927.362723,0.9001293891259073
40.072193282762484,27.377586738026032,129.18772928658154,94927.351177,94927.375095,0.9701710201053904
40.05894034666866,27.390025737445804,129.2872851959698,94927.36451,94927.38947,0.9600038421691789
39.95430881327203,27.341751014018868,129.14386968282042,94927.377844,94927.404539,0.9465132833533515
39.88605772181686,27.31396594816345,129.02904636836703,94927.391177,94927.41838,0.8902750914775822
39.822199921883154,27.28284261432377,128.98272485854827,94927.40451,94927.429378,0.9413872626636429
39.76818195182718,27.293346560326036,129.058105386352,94927.417843,94927.441601,0.9605406080760575
39.73498019795962,27.3025928404218,129.10667748443208,94927.431177,94927.454753,0.9073795720097976
39.76439250415131,27.362016467706912,129.45978753722966,94927.44451,94927.469569,0.9804359886210441
39.726504698856296,27.36646188119181,129.53556646901646,94927.457843,94927.481963,0.9605406080760575
39.606493186433326,27.33236807881473,129.40619844747982,94927.471177,94927.496304,0.9222146218730377
39.430746767768674,27.230065387369805,129.0154541022746,94927.48451,94927.508568,0.868570788644849
39.43113691236034,27.2808747090628,129.28442923993137,94927.497843,94927.523853,0.8596193281831079
39.263458222814734,27.187222756235997,128.92552213941946,94927.511177,94927.535187,0.9194426149865128
39.33194862360074,27.292693595495255,129.4281794197021,94927.52451,94927.550725,0.7946779812890685
39.18479982298578,27.226592166114866,129.16670740523853,94927.537843,94927.562811,0.9631594292878595
39.16035230581443,27.23072916953901,129.31061127061847,94927.551176,94927.575053,0.7500634513918676
39.1180860994513,27.251116581299502,129.38246742018936,94927.56451,94927.595078,0.8387037119960122
39.0490940454975,27.238194216256957,129.41531103941867,94927.577843,94927.603006,0.9405701095808133
39.01733776780467,27.250633873211097,129.46844853443125,94927.591176,94927.615154,0.8818022989463863
39.00230294519039,27.26524458006073,129.62649627231903,94927.60451,94927.629235,0.9508510474880536
38.952159654002706,27.281997735197155,129.6709902564317,94927.617843,94927.64236,0.8400659295919317
38.89818464450788,27.28031737615303,129.64001385069,94927.631176,94927.656981,0.946559648439984
38.87860032770657,27.31365777886805,129.7809387015113,94927.64451,94927.675503,0.9923525281701898
38.70470593228104,27.221008086006655,129.32333432050305,94927.657843,94927.682897,0.90356816546217
38.722475021384845,27.299085535257372,129.5606884443618,94927.671176,94927.696304,0.8033449131505146
38.67854391557008,27.301525391196023,129.5158875701566,94927.68451,94927.708519,0.840054803004379
38.543040887611774,27.24857361392103,129.19349676227495,94927.697843,94927.721503,0.901793371100621
38.69294612239406,27.438812516945237,129.86951186617569,94927.711176,94927.73599,0.9800372216662518
38.63313482355697,27.443714238055332,129.79404546036824,94927.724509,94927.748593,0.9207047530199404
38.64045954835649,27.476322594581497,129.85406337618778,94927.737843,94927.7626,0.9256818890903302
38.57710430618707,27.46686790359134,129.7351807058671,94927.751176,94927.775043,0.9109731193825154
38.55955951541817,27.48819631959021,129.7822423463316,94927.76451,94927.790377,0.9783757769289494
38.51317313142065,27.46257243345429,129.64033891004888,94927.777843,94927.801906,0.9187713902592884
38.45413213264678,27.438138483415187,129.4821127913662,94927.791176,94927.817141,0.8515972059292264
38.4911273977184,27.48627774689988,129.67529383733896,94927.804509,94927.829277,0.8494407613245972
38.41884470389364,27.45585933417304,129.48429227882042,94927.817843,94927.841624,0.9609312357831034
38.525414188093556,27.557928108828552,129.933071071328,94927.831176,94927.855436,0.8307997303564233
38.523367178429766,27.57111891323214,129.94567322354865,94927.844509,94927.869451,0.8980217293099279
38.562816211788494,27.6184639115516,130.1349381148052,94927.857843,94927.881711,0.8771325028247963
38.61690193839094,27.683065735124032,130.35953237917875,94927.871176,94927.896087,0.9841280840547647
38.579829183906064,27.68445688386268,130.3029431439049,94927.884509,94927.908996,0.9690912529496115
38.54649695151141,27.67423184418618,130.19903210828545,94927.897843,94927.923469,0.9810128232396347
38.524231467048644,27.678152553875414,130.1498151032026,94927.911176,94927.936135,0.9780628221377952
38.52428386891257,27.692813610678908,130.16754754292825,94927.924509,94927.951706,0.933184938566928
38.48958307736495,27.702789556588755,130.1013377978302,94927.937842,94927.963231,0.9442120187486397
38.49136267304554,27.71631989368897,130.13308254630343,94927.951176,94927.975142,0.8364172350476166
38.44900306518053,27.690923576679893,129.96810976927966,94927.964509,94927.989002,0.8432767008123092
38.443618472435446,27.675768471849892,129.96213218734587,94927.977842,94928.002741,0.9562112524258283
38.500998626067336,27.7212232242377,130.19655492989176,94927.991176,94928.015615,0.9815475251170375
38.442476526681865,27.671363008347654,130.0069721928575,94928.004509,94928.029414,0.9729638730901272
38.488516321395906,27.684802209282594,130.1888353885568,94928.017842,94928.043418,0.9307099671003098
38.46710457416051,27.65779933039445,130.12259320316565,94928.031176,94928.055673,0.9544557484279534
38.45560287004213,27.62712939604261,130.05555513900018,94928.044509,94928.075092,0.888055054232829
38.474296076895754,27.610198240136075,130.0659226437537,94928.057842,94928.082129,0.934008181011206
38.42859490690036,27.527674818230995,129.86311103126468,94928.071176,94928.09573,0.8189312433065937
38.43328450889687,27.506342843422555,129.85329785345135,94928.084509,94928.108525,0.8715394961514512
38.464826661416375,27.503962501778478,129.96449294727657,94928.097843,94928.121673,0.9677424535220466
38.572953901437415,27.55079516359953,130.33905800128406,94928.111176,94928.134912,0.9388671233548855
38.4640904415158,27.4193135159731,129.8624681269311,94928.124509,94928.14968,0.9781498378939913
38.47591245971842,27.397617297838025,129.88704197183537,94928.137842,94928.163053,0.8509793859683493
38.47409356869242,27.355921215347117,129.85031358585329,94928.151176,94928.175508,0.8523722466203658
38.467399868901325,27.316917827714217,129.79760515583638,94928.164509,94928.189145,0.8138875900819516
38.499755386445166,27.320913989019186,129.88762337843278,94928.177842,94928.203066,0.9030300601051794
38.473643614323976,27.280078379223085,129.77539186167172,94928.191175,94928.21553,0.8920324737425122
38.51653211373888,27.284616630513746,129.8988086537975,94928.204509,94928.228355,0.9331863255547399
38.56689812152996,27.305579093202777,130.07590729995317,94928.217842,94928.24161,0.9679429243226793
38.52399919665746,27.237184463195,129.92734422668215,94928.231176,94928.255357,0.8465930796574052
38.45338283839414,27.165914503318934,129.6402348954294,94928.244509,94928.269052,0.8307997303564233
38.47997224005385,27.16056733128866,129.7107242081471,94928.257842,94928.284798,0.8044859311878435
38.422005882628824,27.10077530297176,129.49153380523285,94928.271175,94928.295258,0.9187234082014794
38.421965769670685,27.090702577653854,129.5074573621001,94928.284509,94928.310122,0.8767692156590601
38.504012363881905,27.143066248655053,129.78665880496928,94928.297842,94928.323122,0.868143407508287
38.46994225229997,27.109486797909383,129.67592429544445,94928.311175,94928.341764,0.8579947336927496
38.52109859130745,27.136283670678928,129.8455594981206,94928.324509,94928.349348,0.8649180851196131
38.46491834817144,27.06079362630524,129.64999748522928,94928.337842,94928.362774,0.8874423845523632
38.56150042414582,27.11979599851515,129.97602042377628,94928.351175,94928.376974,0.9800372216662518
38.37526589815299,26.950020713285724,129.28910954529803,94928.364509,94928.388358,0.8539251796952912
38.370060242169615,26.92661240271775,129.27581892314845,94928.377842,94928.404062,0.8050218876449269
38.416250339483895,26.942602066811467,129.41986463307438,94928.391175,94928.417643,0.7793792110787856
38.321132705947335,26.86026989637511,129.05375154422867,94928.404508,94928.429072,0.9358378282183788
38.38560362742462,26.890027033216892,129.30955039412163,94928.417842,94928.441916,0.9502386674415546
38.479076553218036,26.927456803233998,129.62125165811912,94928.431175,94928.455002,0.930285033936322
38.46279975221632,26.893192348838536,129.53522727534227,94928.444508,94928.470428,0.8664572456179327
38.35525898488318,26.773106129988328,129.10230557839625,94928.457842,94928.48181,0.9819263660929164
38.41765672189963,26.787586946550597,129.34349532426242,94928.471175,94928.495761,0.8883833359800064
38.28635197148462,26.665761031153604,128.81028757358243,94928.484508,94928.508131,0.9404786148669224
38.47096317376201,26.775078956285522,129.4989276753123,94928.497842,94928.521675,0.867064959511098
38.324820724898025,26.62527185993391,128.94005666915322,94928.511175,94928.536661,0.9635699144090037
38.42770064958125,26.656439467894003,129.29707704896882,94928.524508,94928.550327,0.9652380113454959
38.34399463958062,26.554260693880188,128.9878731601488,94928.537842,94928.56251,0.8585811627806738
38.30813759981071,26.483784907351804,128.84285034393946,94928.551175,94928.576111,0.8257077352684996
38.352958065071746,26.480362655544187,128.9930248641728,94928.564509,94928.588778,0.9635699144090037
38.38144653141448,26.44961112470501,129.08129883693627,94928.577842,94928.601719,0.9702650859261777
38.323649628405306,26.377958601327663,128.8638150969656,94928.591175,94928.61519,0.9527727523404713
38.35656474436271,26.37137821301752,128.9258610777804,94928.604508,94928.628585,0.9710583090027961
38.325327757951705,26.311350683904234,128.78277292112855,94928.617841,94928.641931,0.9284891994470732
38.40868910540418,26.34424932769836,129.00801345557014,94928.631175,94928.657903,0.9666954213651491
38.38128974385073,26.30867534160609,128.90987575225114,94928.644508,94928.670436,0.9821692758540422
38.38086570733893,26.288212114907893,128.8568627476194,94928.657841,94928.682635,0.9151377328998169
38.482521961854225,26.332710419669763,129.19106389177347,94928.671175,94928.694839,0.9727997115656193
38.39497866266324,26.258882146844126,128.85423442195744,94928.684508,94928.714603,0.9984953430718452
38.40932272689087,26.251016617594644,128.91584558684357,94928.697841,94928.722047,0.9654571447514257
38.384201769336094,26.207696825264755,128.77359779654813,94928.711175,94928.735906,0.8387037119960122
38.36446670198367,26.190107543990433,128.7097102894044,94928.724508,94928.749181,0.849160351687992
38.353029849449555,26.16474999685561,128.62103142987146,94928.737841,94928.762232,0.9758112558356269
38.36857667327765,26.163470377163566,128.66390824569885,94928.751175,94928.777005,0.9497158251706443
38.380481209450274,26.16266460427885,128.6703422970047,94928.764508,94928.789886,0.7793792110787856
38.33383926521971,26.107925252080143,128.49492274949208,94928.777841,94928.803906,0.7837461293194831
38.372946486311825,26.128400302194205,128.62305223125392,94928.791174,94928.816552,0.7973862138359861
38.38955214211321,26.12722385276909,128.67541759565836,94928.804508,94928.82868,0.782477524131138
38.35454998743985,26.092867560598236,128.51585896416483,94928.817841,94928.841992,0.9750421664189443
38.424851621369484,26.131802189668726,128.7551886150494,94928.831175,94928.85656,0.9371306619128461
38.49512909965469,26.149675573929997,128.9457102667904,94928.844508,94928.868283,0.9495644209246197
38.40887011311986,26.06260393429489,128.59899188889747,94928.857841,94928.881927,0.9702650859261777
38.47086884865916,26.08486381587532,128.80548456860893,94928.871174,94928.895181,0.9702650859261777
38.33640403244389,25.956046692726357,128.2748097871536,94928.884508,94928.908154,0.976409433796298
38.427815762458394,25.999958700945523,128.544979143039,94928.897841,94928.930076,0.860806623622816
38.448234640960855,25.99760444279119,128.5781788156673,94928.911174,94928.93519,0.8804833139177441
38.4746070598438,26.005120639895786,128.65106916898114,94928.924508,94928.949988,0.9916539961485339
38.50295672944522,25.99522139077521,128.71214917001052,94928.937841,94928.962917,0.8245892234916095
38.51272689243031,25.993515982908754,128.7301218084908,94928.951174,94928.976118,0.8071392278031392
38.484455069854036,25.95793597237312,128.61256040066368,94928.964508,94928.989399,0.9053908530264899
38.50230076294214,25.9531168982163,128.66141440041827,94928.977841,94929.001771,0.8649967867573236
38.48187912424547,25.937055006254326,128.57245144422203,94928.991174,94929.015746,0.9102397010426458
38.46930809980205,25.929052859375528,128.52871066579493,94929.004507,94929.034787,0.8606548611444633
38.50709519876292,25.961439141573063,128.6707836506968,94929.017841,94929.042706,0.884349244030344
38.506156747588065,25.947906876157717,128.66122147355682,94929.031174,94929.0562,0.8897332996071283
38.47724728925768,25.92868175504736,128.58641310499416,94929.044508,94929.068981,0.9620699301778641
38.47507034187031,25.92780780552074,128.55719857786866,94929.057841,94929.082892,0.9795461208956828
38.459095226943795,25.914738260257316,128.49824023530027,94929.071174,94929.095402,0.8977572252220111
38.41034136168959,25.89262196561767,128.33780073948697,94929.084507,94929.11008,0.9322327317069775
38.42485357919203,25.907123423482425,128.39536703648787,94929.097841,94929.123143,0.8672445472072233
38.399563718599765,25.880841738866387,128.28461793657058,94929.111174,94929.137029,0.9451604905878063
38.38887007742384,25.875591856364775,128.241934455155,94929.124508,94929.148683,0.9670139173181886
38.43449098630314,25.912031483677975,128.41048057960143,94929.137841,94929.162291,0.9994634543991677
38.464643890967764,25.93245548489885,128.52273978274357,94929.151174,94929.175305,0.9419510371607962
38.501634595791835,25.954522959522514,128.6182028090906,94929.164508,94929.189132,0.7649088413881309
38.457460611012785,25.924693859819097,128.45032059935824,94929.177841,94929.203609,0.7599029119724996
38.48099441752001,25.93640956095366,128.5113421071846,94929.191174,94929.216896,0.8946768158603213
38.466857701861116,25.927213449182172,128.45062182975985,94929.204507,94929.230873,0.8997363679650558
38.46131734928844,25.916227043995633,128.41315791221348,94929.217841,94929.242063,0.9331252196288428
38.49096204806003,25.94835879792456,128.53651119353236,94929.231174,94929.255282,0.7497412334191872
38.47849692317481,25.952879859795598,128.48032693613212,94929.244507,94929.269363,0.7837677506621039
38.46889641906976,25.9497555132962,128.44396590714825,94929.25784,94929.283269,0.8008950772422997
38.439239030799826,25.932310202628077,128.3351928948487,94929.271174,94929.295322,0.8008950772422997
38.50506634627619,25.990208304832834,128.63655122373868,94929.284507,94929.309206,0.8991483888084334
38.40098408332171,25.913796463829893,128.2160340082156,94929.297841,94929.322669,0.8360023460530818
38.426064676148556,25.954534301573933,128.32367905905895,94929.311174,94929.337114,0.9748905214338354
38.46377242735719,25.986814038578448,128.48437454422466,94929.324507,94929.350405,0.8447009559805913
38.41134638094898,25.969353706660456,128.32527290595633,94929.33784,94929.363165,0.9878330138094708
38.43922825474633,26.01503428053142,128.4612806287798,94929.351174,94929.374666,0.9603041010205311
38.43736904476729,26.01490819237666,128.46721685749455,94929.364507,94929.388059,0.9687760663947395
38.398293687009286,26.000661007508004,128.363832966638,94929.37784,94929.40216,0.9607591232316188
38.40354212321732,26.014176528423654,128.40332207157425,94929.391174,94929.415114,0.9831940786753846
38.39454107457022,26.015320849654543,128.40139180595622,94929.404507,94929.428191,0.9692890157074585
38.3705419289592,26.003727415083326,128.3226905619454,94929.41784,94929.441876,0.9750130098605756
38.370256188019674,26.020500535458336,128.3647302638907,94929.431174,94929.454886,0.9764822806894354
38.381967982657194,26.031038107268067,128.42122565677192,94929.444507,94929.468269,0.9764822806894354
38.336030546955755,26.006804659848363,128.26281894976316,94929.45784,94929.481753,0.9218956266305292
38.323804652877996,25.996535594295768,128.23261158578276,94929.471173,94929.49533,0.9500085401984835
38.34781311396129,26.026389025459906,128.32012495193848,94929.484507,94929.508819,0.945036803494302
38.311310223990525,26.006634168043647,128.19638977099004,94929.49784,94929.523481,0.9324475606039728
38.28104032368934,25.99657149786271,128.1110574643455,94929.511173,94929.536451,0.9376251091382342
38.30721058956021,26.026056992212077,128.23256956144687,94929.524507,94929.55194,0.9398400533913627
38.272714596461284,25.993597985455423,128.08990455228772,94929.53784,94929.562885,0.9324475606039728
38.27338707736494,25.996582363482084,128.08622821888932,94929.551173,94929.574765,0.9292164198036235
38.34491937060852,26.046692637556337,128.3258307505529,94929.564507,94929.588137,0.9558284451404555
38.305090119813336,26.014538492045546,128.20399217170697,94929.57784,94929.603983,0.9376251091382342
38.41135096392169,26.081169589917796,128.5481305792993,94929.591173,94929.615758,0.9435204745494995
38.314182704246406,25.99815907829872,128.17901826748135,94929.604507,94929.629112,0.9805178407629267
38.42059800663101,26.066362216091974,128.56336568297044,94929.61784,94929.643041,0.9764822806894354
38.29795279391179,25.97847356471033,128.10872991996237,94929.631173,94929.656299,0.9292289263502429
38.34625045895736,26.001541263406168,128.24585035950133,94929.644506,94929.667999,0.9750130098605756
38.39522892064647,26.02049141770926,128.392763475781,94929.65784,94929.683462,0.976999310302508
38.383402139536614,26.01177893191889,128.33152408732317,94929.671173,94929.69807,0.9929593944402888
38.35231843222618,25.97500758086777,128.17759773263907,94929.684506,94929.709601,0.9423803233498693
38.413813980893075,26.00630815939928,128.3636880459881,94929.69784,94929.72218,0.948890289161268
38.49683859598623,26.059703334257495,128.61542206757588,94929.711173,94929.735954,0.9470227681417602
38.49904128076367,26.04718685024532,128.5985609404353,94929.724506,94929.750924,0.9961263778000333
38.444775295272414,26.00842369437009,128.3988592225537,94929.73784,94929.762561,0.946170587815498
38.47963319774316,26.03082800394391,128.45292101609277,94929.751173,94929.776703,0.9822194894731053
38.48895333794306,26.03244682312205,128.4529023512579,94929.764507,94929.795602,0.9939275103852853
38.55963484000561,26.07510293767544,128.65840744789466,94929.77784,94929.801559,0.9538591849074445
38.51737237211005,26.03398094889704,128.43691311415657,94929.791173,94929.815205,0.9702650859261777
38.55147619503889,26.05630804676969,128.5439216594487,94929.804506,94929.828813,0.9702650859261777
38.48040970631151,26.002675621460472,128.23990530373146,94929.81784,94929.841842,0.9687760663947395
38.44227506635196,25.95570684216976,128.056989050602,94929.831173,94929.855329,0.9832869004318202
38.5369120931206,26.00969787636586,128.3370977259684,94929.844506,94929.86936,0.932286034733143
38.49456354002351,25.977270663136505,128.18430300060646,94929.857839,94929.883637,0.9389572241293042
38.539707846300765,25.995848802319696,128.27752568661924,94929.871173,94929.896751,0.9778334773918332
38.58320090507694,26.013538249359925,128.37115859827162,94929.884506,94929.909136,0.9742136919793519
38.53502651077691,25.966026144899438,128.150343574814,94929.89784,94929.922018,0.9268676620874486
38.61996033891559,26.003550901669918,128.359984235205,94929.911173,94929.934874,0.9878991389144672
38.62515421909489,25.999232987511345,128.316279025651,94929.924506,94929.950445,0.9975093886012979
38.62046803764012,25.972690026305308,128.27654264772383,94929.937839,94929.962802,0.9766447697214012
38.60335688953545,25.940275557065966,128.17663354818524,94929.951173,94929.976564,0.9729072151756312
38.613898932060174,25.935055902681633,128.1691355313014,94929.964506,94929.989096,0.8225256651678601
38.63504262746333,25.937381310022918,128.19945383313848,94929.977839,94930.004871,0.9158666376888875
38.62030370935295,25.918282866820583,128.1057125849402,94929.991173,94930.017829,0.9030986228489637
38.637471162233744,25.923776943570978,128.1334446738584,94930.004506,94930.028923,0.8886248973028558
38.70555615497158,25.964590691710963,128.3150678424446,94930.017839,94930.041995,0.921804214660331
38.73135888510698,25.985053513699057,128.34922050893766,94930.031173,94930.055299,0.9800372216662518
38.70208341835846,25.940529141130472,128.18001460576002,94930.044506,94930.068718,0.8752132100956895
38.73979204036073,25.95961160599388,128.2949159274692,94930.057839,94930.083093,0.8661623471015213
38.741913574243505,25.95756798955368,128.2778053449644,94930.071172,94930.097937,0.8664572456179327
38.73600569192077,25.943988382110167,128.2216220879161,94930.084506,94930.109897,0.8557876103624458
38.7160976752496,25.91751668185054,128.08134210053305,94930.097839,94930.121686,0.8557876103624458
38.69851886178231,25.889492159904893,127.97776450326236,94930.111172,94930.136001,0.9881828451581953
38.77200559458509,25.935459078444335,128.20453260657527,94930.124506,94930.151166,0.8713191303524718
38.68752354000999,25.863697096277,127.88563200814237,94930.137839,94930.162398,0.8430873296414088
38.77719699465671,25.921275416358526,128.1519191529211,94930.151172,94930.177638,0.8943030127652953
38.725565404895114,25.869851341606545,127.92150729681674,94930.164506,94930.190201,0.8641910991667594
38.758297751705754,25.869683634121262,127.95101265692271,94930.177839,94930.202442,0.8861686341373884
38.77525217330379,25.863576268500395,127.9433888939706,94930.191172,94930.214975,1.0
38.82638052716236,25.88425534854119,128.04820391567267,94930.204506,94930.228877,0.9600592985539292
38.859319574366836,25.88758380678448,128.11141253590253,94930.217839,94930.241779,0.8148336169476524
38.88620154491651,25.887940503910148,128.15062388543478,94930.231173,94930.255358,0.7837461293194831
38.90029968851142,25.882033184518914,128.16315588802883,94930.244506,94930.270239,0.8379447138247066
38.807469151587185,25.806159661012398,127.78433753421453,94930.257839,94930.283146,0.8364195504991897
38.85987162546215,25.84868398829047,127.94167055289337,94930.271172,94930.295323,0.8214197071782996
38.808322944486214,25.792856131277162,127.71643853896958,94930.284506,94930.309254,0.81891132990837
38.890657387967295,25.84680169317726,127.95472125103973,94930.297839,94930.323353,0.8703430277536331
38.85494967727347,25.818378311520835,127.78537297723986,94930.311172,94930.335122,0.9028210096674937
38.92363801899635,25.863393193016332,128.00811544609266,94930.324505,94930.348934,0.9905912566561191
38.88487369806386,25.81358290665744,127.8230103862143,94930.337839,94930.363406,0.8514523433995314
38.93371337432268,25.848383553708214,127.9582874676972,94930.351172,94930.374888,0.9042193648836432
38.93399116521557,25.847022922275507,127.90201725840734,94930.364506,94930.388185,0.9221175388756238
38.955895457035126,25.85429811397043,127.96609649536013,94930.377839,94930.402991,0.8479778084192506
38.947231638692585,25.84382278634665,127.91810501966968,94930.391172,94930.41554,0.9588932412785658
38.97076196002276,25.85799586201757,127.98972019216968,94930.404505,94930.429555,0.9729510818867547
38.971186810958784,25.852596551755056,127.97066890711575,94930.417839,94930.448131,0.9127001419909396
38.96023370977188,25.842891675143694,127.91441373318344,94930.431172,94930.455794,0.9192238513422072
39.00329186741057,25.861287133925906,128.02335462496504,94930.444505,94930.468975,0.7957046021708213
39.07850130698487,25.909030905485192,128.27134645099707,94930.457839,94930.482757,0.8670809588231179
39.025404790405744,25.868638515056656,128.07141361758048,94930.471172,94930.496129,0.8639506992347673
39.01192348794593,25.85466081386084,127.98807134641518,94930.484505,94930.509272,0.8116687669305923
39.05488123352391,25.874310536948578,128.13688899822952,94930.497839,94930.522374,0.8318789532642951
39.02588811781547,25.849434262419692,128.0292358898029,94930.511172,94930.53699,0.8405735118631942
39.008134527762785,25.83434812041319,127.94071533602909,94930.524505,94930.556979,0.830465998728279
39.02592718284072,25.84900301464859,128.0130621037037,94930.537839,94930.561748,0.8138875900819516
39.0367216319469,25.865425291105108,128.0579057128135,94930.551172,94930.575058,0.9833114845538103
39.064388029509516,25.878904229790916,128.15603327924114,94930.564506,94930.588447,0.9978124504269401
39.06389579789895,25.875176967244183,128.15600285372096,94930.577839,94930.602273,0.9661823649903205
39.0340316318586,25.8518885162131,128.04925374119784,94930.591172,94930.617855,0.9970443578209788
39.02245779632466,25.84771855343122,128.01254805423855,94930.604505,94930.629132,0.9806006366068963
39.048554761312104,25.869143214142202,128.10583196267973,94930.617838,94930.6435,0.9488281144502799
39.01860755879172,25.845070600917644,127.97121606744197,94930.631172,94930.655393,0.9544647255027945
39.00595642749554,25.831012880958465,127.93289286963919,94930.644505,94930.669013,0.9135808924128637
39.0348078134308,25.855674229416845,128.0496066986597,94930.657838,94930.682386,0.8138875900819516
39.0017565404708,25.833680207703047,127.94610573256902,94930.671172,94930.695395,0.8152723381197695
38.976119015357646,25.812289113250962,127.82180031890336,94930.684505,94930.708374,0.8405735118631942
39.069923199776134,25.881548271729674,128.19235564007388,94930.697838,94930.722418,0.9259933194823049
39.01770629646607,25.844280540877314,127.96389254337583,94930.711172,94930.74156,0.9642954696452063
39.08106043619699,25.895045699520804,128.21265771823468,94930.724505,94930.750307,0.8138875900819516
39.018582827520646,25.841049228229934,127.98536243063337,94930.737838,94930.761874,0.9836340628034272
38.99024764191047,25.825248687412543,127.8652675872071,94930.751171,94930.775146,0.9771405823168843
39.06384272966751,25.87163877860231,128.13210371049001,94930.764505,94930.788713,0.964461993651083
39.01463375148912,25.82890951184467,127.92195976099637,94930.777838,94930.802594,0.994638387759139
39.04142350054164,25.835585848163266,127.99218067452414,94930.791171,94930.815287,0.9472673700355885
39.15343841570336,25.90778439949874,128.3597769679693,94930.804505,94930.828536,0.9376251091382342
39.018905369309685,25.78863243400967,127.84641956038782,94930.817838,94930.841746,0.9292289263502429
39.05559953842542,25.79211331953767,127.90596009855106,94930.831171,94930.856087,0.9133951932981487
39.057820530356636,25.785635368118694,127.89373604044583,94930.844505,94930.869457,0.934538862093884
39.089071902140766,25.78578848260004,127.95455640054215,94930.857838,94930.882825,0.9466382968362589
39.14524404060124,25.8090635208534,128.07625295319764,94930.871171,94930.896322,0.860370460344556
39.16779235309444,25.81499361158746,128.10742832344837,94930.884505,94930.910044,0.9996528953363079
39.118219135138574,25.731465990584606,127.79913720171461,94930.897839,94930.921895,0.9246303025520726
39.165871728043506,25.73777988651875,127.93184090851379,94930.911171,94930.935342,0.8646060777893132
39.172859848578824,25.720187618691313,127.89070463854061,94930.924504,94930.948849,0.773668993504043
39.163555799844815,25.678966023950995,127.76445299548071,94930.937838,94930.962748,0.8265046998672185
39.14856512143019,25.6171048003196,127.61623697903889,94930.951171,94930.975107,0.8844203241601544
39.297127920227254,25.70050126383967,128.03689787959394,94930.964505,94930.988436,0.9815475251170375
39.29288106447292,25.654690740989732,127.88318974396175,94930.977838,94931.002762,0.9451167190882254
39.33742172053141,25.64477513574787,127.93780281267685,94930.991171,94931.022609,0.9598864510351642
39.34033813279924,25.603647217340235,127.83087553570121,94931.004504,94931.036411,0.9750130098605756
39.42874073141999,25.61878836043159,128.0081180422954,94931.017838,94931.041585,0.9800372216662518
39.334865240135514,25.48710441803366,127.50810819928354,94931.031172,94931.055562,0.8648166328391576
39.35042086630338,25.447856848511897,127.43947805281755,94931.044504,94931.068849,0.8364195504991897
39.458122218744414,25.48904107413338,127.70251615936098,94931.057838,94931.081836,0.8837154692634498
39.53035518875503,25.48410196351495,127.79264160883845,94931.071171,94931.096701,0.9783544995688994
39.5898397666952,25.46714150609551,127.82323444231517,94931.084504,94931.108945,0.9665693586975802
39.59694401664774,25.42474657544584,127.66532465817615,94931.097838,94931.123033,0.9703958145683743
39.590700847896386,25.355940737971206,127.51807564917068,94931.111171,94931.135559,0.8901146849418349
39.57924615480849,25.282260251223075,127.26254022001066,94931.124504,94931.156416,0.8697787001096963
39.655166398498636,25.27591505619325,127.3661961868972,94931.137837,94931.16266,0.830465998728279
39.73744076133293,25.27009361000135,127.47284229724667,94931.151171,94931.175753,0.8883210961708158
39.76425219469373,25.214029686487713,127.38195260681677,94931.164505,94931.189416,0.9920399397139085
39.8491089029663,25.21489089320608,127.46091747539958,94931.177837,94931.20351,0.9555490412722083
39.7477310576019,25.04913519132061,126.88056916761455,94931.191171,94931.218268,0.9167758740621933
39.85594901985699,25.058110294572757,127.01070539228398,94931.204504,94931.229249,0.8318789532642951
39.88118901928159,25.007234832885292,126.89947280875695,94931.217837,94931.241609,0.830465998728279
40.01952691252216,25.018051060012656,127.09673940489557,94931.231171,94931.255688,0.97211611968325
40.07589520207186,24.992570383074952,127.04250327633952,94931.244504,94931.269043,0.943842041144744
40.12911853176755,24.952468944377586,126.9298179720458,94931.257837,94931.282122,0.9515096006986703
40.19592694676938,24.935087946988986,126.89450119998905,94931.271171,94931.295746,0.9572707070499544
40.19655361827867,24.867267482941052,126.62563772706963,94931.284504,94931.308714,0.8439068129719435
40.223734732494236,24.820792721624358,126.4118137936191,94931.297838,94931.323418,0.7793792110787856
40.3482347595832,24.860073973353803,126.56246238680386,94931.311171,94931.341702,0.8847675402044886
40.376957312725196,24.81074491114684,126.36001309424158,94931.324504,94931.349396,0.8214197071782996
40.49064768964438,24.84611455261237,126.4774542017953,94931.337837,94931.363257,0.8584433671949212
40.42578536785823,24.7469809784247,125.9471160998909,94931.351171,94931.375421,0.9538523647114173
40.57405292733717,24.7911229147164,126.16274040218958,94931.364504,94931.388713,0.841668133927371
40.52927537664985,24.6876293223154,125.69589571245146,94931.377837,94931.401644,0.8943030127652953
40.64837857041266,24.6864784735439,125.74419840051159,94931.39117,94931.414937,0.9612512863967229
40.69563880858269,24.648541180156332,125.56761818168485,94931.404504,94931.429226,0.9072200757762141
40.75296725713082,24.59759531130817,125.41118519133403,94931.417837,94931.441588,0.9402344048392741
40.889474110137094,24.596632904403204,125.49552652313187,94931.431171,94931.456625,0.9806630598431009
40.94826629520377,24.52428085590174,125.3226282242436,94931.444504,94931.46934,0.9853808241687001
41.034369533032596,24.47984973084955,125.25041708459617,94931.457837,94931.485419,0.930120097793179
41.04191754509078,24.370893987526514,124.83728516822129,94931.47117,94931.496649,0.830465998728279
41.283760347517216,24.40766594500031,125.21015386726073,94931.484504,94931.508398,0.926576018360944
41.32128043459954,24.297123007096086,124.9067120827248,94931.497837,94931.522112,0.9889463336720871
41.30743839222995,24.166285230553743,124.43840136798931,94931.51117,94931.536214,0.9819263660929164
41.41760640706764,24.095878706419356,124.34873786329203,94931.524504,94931.548386,0.9980695868215249
41.52939607406627,24.03007692903796,124.21892592335321,94931.537837,94931.562797,0.9854649950408899
41.6087277953154,23.91485225115581,124.00076460769986,94931.55117,94931.574898,0.8854883783293717
41.76181994145047,23.868308090271583,124.00208547319022,94931.564504,94931.589727,0.951943463951828
41.82660610758127,23.72195961865051,123.67136878948838,94931.577837,94931.603303,0.908245794408164
41.95644984583742,23.643513224669185,123.6063004698629,94931.59117,94931.617167,0.9854649950408899
42.036671010292366,23.497597960165052,123.33938687300477,94931.604503,94931.629384,0.9061985124224075
42.1947054583685,23.416035308418113,123.29878803531982,94931.617804,94931.641561,0.9766447697214012
42.200201470960465,23.241997448814104,122.76999653917846,94931.631137,94931.655068,0.8713191303524718
42.41689816616124,23.19627321945293,122.90048383457372,94931.64447,94931.670058,0.9822194894731053
42.44142637213595,23.02892826816735,122.44441913411099,94931.657804,94931.682079,0.9703738263464136
42.51871801080179,22.888329848777758,122.09951919583065,94931.671137,94931.695914,0.9853808241687001
42.74723622295672,22.836752580791128,122.20377700586731,94931.68447,94931.709039,0.8318789532642951
42.99597990866654,22.792957591439727,122.40045967517892,94931.697804,94931.72157,0.9358689097619638
42.960343880241034,22.590512766737238,121.69716712815723,94931.711137,94931.735373,0.9778946952503124
43.11399025398767,22.48266208181631,121.54901880105525,94931.72447,94931.748598,0.9269389472600194
43.26567241927985,22.358682121878914,121.3853759081296,94931.737804,94931.76215,0.9251851674794357
43.4468546447478,22.23903539241809,121.37472481600923,94931.751137,94931.774941,0.81482535303238
43.48123534402964,22.025605500945357,120.84623517672829,94931.764471,94931.789674,0.9568930520828911
43.66105217063951,21.885098555186357,120.78663955553755,94931.777804,94931.802695,0.978246251264564
43.86233552904588,21.74631343574169,120.78775756356654,94931.791137,94931.815434,0.9422847524167478
44.02770259220816,21.58776267176955,120.65037843586293,94931.80447,94931.829117,0.9741771881012978
44.10250461621479,21.381424630104263,120.3013677976591,94931.817804,94931.841555,0.991934581786117
44.20372869405698,21.17108371556216,119.99471816096673,94931.831137,94931.856092,0.9880034306382142
44.24643003917428,20.926656466477958,119.51625167641541,94931.84447,94931.871117,0.8850082909586723
44.40832169853107,20.74438679202361,119.43101901590376,94931.857803,94931.884697,0.8623868858824719
44.58763285209806,20.55774505364451,119.32667352751682,94931.871137,94931.896005,0.9695958987073385
44.739579200860554,20.37126110330813,119.19388539932584,94931.88447,94931.908986,0.9913487299248672
44.93557318526801,20.182044513846446,119.12772039333822,94931.897804,94931.922244,0.9991154276982989
44.86545717780291,19.86925019917599,118.38430837603119,94931.911137,94931.93483,0.8770989999381456
45.12689246512959,19.713656902506326,118.52494507715448,94931.92447,94931.948792,0.8317447867008861
45.27116165308151,19.511030792396276,118.34440780148203,94931.937803,94931.969451,0.9782104088067856
45.36036657982874,19.29055773350428,117.98535366211055,94931.951137,94931.975125,0.9961001352867828
45.47073764475778,19.08437021786898,117.70428408572307,94931.96447,94931.990029,0.9908510862959247
45.526632881082996,18.831609210241382,117.3003827051704,94931.977803,94932.003784,0.8367767423276234
45.689621835539576,18.625058252446664,117.19846523736466,94931.991137,94932.017785,0.9276828091910575
45.85016473314735,18.422901317416017,117.09703778202679,94932.00447,94932.029601,0.9783298409033641
45.90405718581518,18.149730969710717,116.70601645050616,94932.017803,94932.042354,0.8586735580413165
46.10801035247566,17.962095855867496,116.75691205130524,94932.031137,94932.055171,0.9730524234558189
46.09198616960538,17.672260821637682,116.23478740891596,94932.04447,94932.068275,0.8812649924683263
46.272769831905045,17.474053705414004,116.2324010241104,94932.057803,94932.082932,0.9902003143332738
46.376104116576734,17.226794962621618,116.00683496649732,94932.071136,94932.095623,0.9450997364588544
46.46133130056746,16.998049967824954,115.77429796854712,94932.08447,94932.108258,0.942486193547854
46.58712632208569,16.769130716345636,115.65566154847934,94932.097804,94932.123032,0.912964452663332
46.61988670044595,16.52117623146744,115.31992198330609,94932.111136,94932.136273,0.8385098363790428
46.788468339334315,16.305799895328846,115.32447074993063,94932.12447,94932.150446,0.9408096047728243
46.82356666845774,16.063889088922885,115.00606630514027,94932.137803,94932.168709,0.8311118088721108
46.90755471287041,15.829676785974664,114.79692392501136,94932.151136,94932.181288,0.9814236338790228
46.979106082387354,15.59265642638942,114.61751238842103,94932.16447,94932.188482,0.815980562508881
47.12617089392634,15.382122193143763,114.60820774791516,94932.177803,94932.202344,0.9754728704965171
47.17053304897527,15.132463046314568,114.37737771943826,94932.191136,94932.216641,0.8858550824246916
47.21604008138173,14.879007586660762,114.15318706907574,94932.20447,94932.22965,0.889913908379284
47.28818247090458,14.650411179833043,113.97301296106218,94932.217803,94932.243714,0.9211741644675301
47.395338802683035,14.43781575396013,113.90821140827761,94932.231137,94932.255927,0.9141320445105171
47.40685610384759,14.190998473398663,113.62910039559402,94932.24447,94932.270944,0.8563865630415648
47.65557965678783,14.029164093548529,113.93462142533357,94932.257803,94932.282997,0.9175714878337909
47.52451516157921,13.7466472434979,113.30893767085409,94932.271136,94932.295922,0.8221260511938964
47.597346138916926,13.531551437416484,113.21065644939634,94932.28447,94932.308563,0.9418858221599303
47.52343703676247,13.275472014634921,112.75530307732969,94932.297803,94932.321851,0.8386300819871548
47.616956330938415,13.07002409412849,112.75167693708222,94932.311136,94932.336037,0.8956162346519484
47.588426859456625,12.844622219157506,112.45029840639006,94932.32447,94932.348108,0.8457181838435498
47.7482944537915,12.674474143569551,112.60586827070729,94932.337803,94932.362368,0.9562769792005246
47.66983216478611,12.441887340948156,112.1971550624529,94932.351136,94932.375128,0.8549896224211726
47.7623005255716,12.248988569153505,112.23126371431725,94932.36447,94932.389596,0.7963175414287941
47.651460358391205,12.02437335415557,111.77754917446671,94932.377803,94932.405103,0.922701968918706
47.76525885903828,11.86273485296224,111.86338289822031,94932.391136,94932.417879,0.8820908821854747
47.75544427913171,11.681998763035889,111.66771968277016,94932.404469,94932.42899,0.9097765345478918
47.72834796178105,11.486958522381528,111.463606274768,94932.417803,94932.442397,0.8320364779828868
47.664970252458346,11.295933415963255,111.15375199762241,94932.431136,94932.455123,0.82062015857062
47.73172641254614,11.13429248643773,111.18115711723273,94932.444469,94932.469416,0.9565148860281587
47.671438657813304,10.942364502849768,110.9001032478269,94932.457803,94932.482409,0.8594855911025862
47.74731520476486,10.796758613035045,110.94495255900316,94932.471136,94932.496161,0.889913908379284
47.67126575242158,10.634332642295943,110.63159732638944,94932.484469,94932.508623,0.9278773498587631
47.65962900597289,10.477895621493289,110.4670258002786,94932.497803,94932.524168,0.8180315718482171
47.676309780989435,10.323930884536974,110.3657504003246,94932.511136,94932.53626,0.8268910475203777
47.65228793388086,10.174457181209682,110.22063261412615,94932.524469,94932.550579,0.8562124301955623
47.639914676614076,10.015907351845204,110.09267042855753,94932.537802,94932.562635,0.8673168965821744
47.525477519376324,9.850327269979905,109.77061868589155,94932.551136,94932.575499,0.8612136419599642
47.57308272322813,9.720755194142946,109.80779041530546,94932.56447,94932.588909,0.9210138171221711
47.56343484684546,9.584737603686065,109.76232755641925,94932.577802,94932.60231,0.8367600234515387
47.481490841580445,9.418779664308728,109.54017417670212,94932.591136,94932.615291,0.8493358034254403
47.423512297948236,9.275637295179406,109.36751408924773,94932.604469,94932.629274,0.8550720879136485
47.547627129516904,9.172757569768152,109.65725897005267,94932.617802,94932.641757,0.8428057841757369
47.4058866175197,9.027414810793326,109.31790914897667,94932.631136,94932.656069,0.9710728269010354
47.30924503584863,8.889129638413841,109.08881149056144,94932.644469,94932.67199,0.899723603684026
47.24069216014435,8.767853906105858,108.93418100720301,94932.657802,94932.684527,0.8757543981270527
47.28852402356566,8.677076307740512,109.08762830622665,94932.671136,94932.695512,0.8063736929528729
47.18591884804575,8.577482423714395,108.84330018687616,94932.684469,94932.708552,0.8524896468115563
47.11368327152152,8.488881497136042,108.70579818348953,94932.697802,94932.721808,0.9275249967189009
47.15413290538801,8.423580992785258,108.85308028871637,94932.711136,94932.735349,0.8603897650008869
47.04607105129244,8.34461193781616,108.64980433045432,94932.724469,94932.748645,0.8354954380276585
47.03690826726885,8.287691930797402,108.68583086844784,94932.737802,94932.763259,0.8603936079186927
46.97620101233365,8.22820405800438,108.58251451627548,94932.751135,94932.775329,0.8349029369009866
46.90930909534678,8.183983091705558,108.4712639957008,94932.764469,94932.788449,0.8988552751856372
46.85367858503833,8.153796923246649,108.41858678307982,94932.777802,94932.802747,0.9312515976649176
46.77803027405041,8.134101186949788,108.3226992939089,94932.791135,94932.815736,0.8604474196691653
46.71243199071416,8.122222941081311,108.24561630712061,94932.804469,94932.828596,0.8816811977423052
46.66662060018339,8.102655114094164,108.2290528628742,94932.817802,94932.849283,0.835017554702793
46.57557476623881,8.09096945467227,108.11671471683209,94932.831135,94932.85682,0.8681997751795985
46.496023428934194,8.09621084148465,108.01318412395132,94932.844469,94932.86976,0.8731584650478146
46.52305963439496,8.115232677130827,108.16346724804946,94932.857802,94932.881883,0.9167358546438797
46.33219428543895,8.101893993141498,107.81429352996614,94932.871135,94932.895809,0.9097399015899285
46.32030164903358,8.122118342707516,107.87659807949268,94932.884469,94932.90919,0.9378874539074821
46.23005869609064,8.147794887895277,107.73217924249701,94932.897802,94932.92233,0.8674212396350356
46.28837923790444,8.174772181476142,107.98061701000852,94932.911135,94932.935029,0.7946037094734312
46.206526051032526,8.192582711061878,107.87082888791498,94932.924468,94932.949559,0.8661738043087269
46.19067631995156,8.216750710450984,107.93026491947421,94932.937802,94932.964396,0.8869153872994935
46.08111901323139,8.225851790169108,107.74581698955511,94932.951135,94932.977494,0.8358279755341518
45.98122710907053,8.234874463938539,107.59186602463967,94932.964469,94932.988823,0.9173686801592915
45.94121545962281,8.256074990509648,107.58133995053086,94932.977802,94933.003942,0.8369845655632626
45.93719836051338,8.292988323647087,107.61548221862084,94932.991135,94933.015409,0.8642345171322152
45.95157563768953,8.326785400669316,107.70044250048232,94933.004468,94933.029094,0.8613349272511713
45.876717696025416,8.339674068215238,107.61358344527576,94933.017802,94933.042605,0.9005807234277756
45.84873924335724,8.369469277901242,107.61546423148997,94933.031136,94933.06122,0.9951907507977639
45.79446978241794,8.376941856200204,107.55246660717047,94933.044468,94933.069371,0.9073692622042989
45.76775970046217,8.398795105169706,107.53180053091768,94933.057802,94933.082201,0.8596021124839112
45.78118880277188,8.436004240683886,107.61998132505053,94933.071135,94933.095945,0.8605957342406562
45.73636435362298,8.45079474261925,107.5621386420531,94933.084468,94933.108427,0.8589827788040594
45.63840427034443,8.454429699400412,107.37903374695773,94933.097802,94933.123324,0.8721793812177694
45.63943012952457,8.476830038098743,107.4410780833125,94933.111135,94933.14255,0.90250698351132
45.65105290359954,8.493465037423295,107.53887391967032,94933.124468,94933.152157,0.9593466659021358
45.59523376828653,8.50448831263424,107.45508814590461,94933.137801,94933.163521,0.8885445654782277
45.53057443011958,8.49860859088078,107.35139574762965,94933.151135,94933.175012,0.9013545599422298
45.547334908080884,8.513608899048807,107.46561015165021,94933.164469,94933.188263,0.8425877433284533
45.49941489026463,8.513102060915712,107.41185198642081,94933.177801,94933.202501,0.8211420627892312
45.49688309623062,8.518091778879384,107.48112283185768,94933.191135,94933.215208,0.8338818321588267
45.42425804849431,8.509959069664736,107.37384181410548,94933.204468,94933.229417,0.8576112290854488
45.42758688135667,8.52469105920083,107.45698836188755,94933.217801,94933.24166,0.8249726895583582
45.479221262270215,8.533807362844259,107.65405072875657,94933.231135,94933.256499,0.8584108870622126
45.326154912038454,8.506300529690693,107.33608263228402,94933.244468,94933.269677,0.821343885410979
45.334700746700655,8.516075841332805,107.42585985861706,94933.257801,94933.283303,0.8487682321112363
45.305601982931144,8.530689075366485,107.3963872375255,94933.271135,94933.29621,0.8583264576218278
45.318602336931924,8.538221534915996,107.466170468947,94933.284468,94933.308406,0.8462176029580797
45.36766922045983,8.555038991986029,107.669146109852,94933.297802,94933.321637,0.863157220163764
45.266568642772384,8.54556135501631,107.44167643103141,94933.311135,94933.337015,0.8651962495217824
45.25506902213157,8.550621798052855,107.45879023131049,94933.324468,94933.348847,0.8558628007313822
45.255097886566624,8.558628344744074,107.47482294187255,94933.337801,94933.362165,0.8471406821516138
45.20640660033523,8.567722033366136,107.39055360158989,94933.351135,94933.374747,0.8541018023118477
45.309867845508265,8.600128973329786,107.69252918466087,94933.364468,94933.38851,0.9307938044569803
45.33171656196068,8.617083768955904,107.77781134076817,94933.377801,94933.402969,0.9171863661669392
45.293972476434064,8.623308889651549,107.70301440266793,94933.391134,94933.41527,0.9535053151618341
45.256448759320456,8.635736603129653,107.65297006797367,94933.404468,94933.429094,0.8853036864877594
45.27299025833552,8.664989435086094,107.73329965509143,94933.417801,94933.441846,0.8494182798770691
45.26525249019432,8.682814856855671,107.74594193593583,94933.431135,94933.456669,0.8889661142744444
45.2338853996623,8.68452415047622,107.69682197249485,94933.444468,94933.468827,0.8347286521318439
45.25371839501633,8.707951159876666,107.76466912530663,94933.457801,94933.481966,0.8669588609098671
45.22794955549254,8.716529308015799,107.7417629959219,94933.471134,94933.495655,0.8494655808005299
45.201945700617244,8.726512278232905,107.7310574932364,94933.484468,94933.508014,0.9168058345860007
45.215510037700575,8.74962961089767,107.8013071954345,94933.497801,94933.522563,0.9676515838089733
45.26491949109261,8.767754699619589,107.96724097899549,94933.511134,94933.541863,0.9006094755602696
45.204924672289906,8.771559300972694,107.84451839000799,94933.524468,94933.549452,0.8853036864877594
45.18555862631012,8.796213652917963,107.86425510202079,94933.537801,94933.563251,0.8819018271962804
45.2571967206421,8.823748551512425,108.09741250082446,94933.551134,94933.575147,0.8726691375889857
45.23738966498078,8.82924207506271,108.0911727729322,94933.564468,94933.58876,0.7324032509202895
45.141430607480565,8.825147894511735,107.89093418148457,94933.577801,94933.605692,0.8130210139123915
45.230549841679256,8.85782917448704,108.18527719661492,94933.591134,94933.616053,0.8310076588223542
45.182531953937385,8.857256295618711,108.09763712934569,94933.604467,94933.629052,0.8702147982541699
45.229876548882466,8.87757639432684,108.27887821672569,94933.617801,94933.641437,0.8575284117855494
45.191238664699114,8.882768421519156,108.21765659757126,94933.631134,94933.655608,0.8878579911360662
45.18866881017191,8.889455452744555,108.24334578743047,94933.644467,94933.676143,0.8757826733464865
45.16758408431735,8.896827617763,108.22233487690801,94933.657801,94933.681735,0.8907714790051912
45.169451848292084,8.906256461283174,108.26269487867495,94933.671134,94933.697251,0.8659716826738361
45.22211896348277,8.925920213526295,108.42665825399828,94933.684467,94933.708298,0.9427399024758608
45.22747970666286,8.93705403331126,108.46834334590557,94933.697801,94933.723629,0.9539577257638235
45.14979780603696,8.938048521401145,108.2968507554045,94933.711134,94933.735344,0.9367302142292302
45.234516651972484,8.964183331955569,108.53595560422022,94933.724467,94933.748432,0.8481649989982819
45.21764984480627,8.981041306078513,108.50692418746509,94933.737801,94933.76224,0.8453734433885822
45.25323966328531,9.00336898339401,108.61554132695461,94933.751134,94933.774698,0.8228827048320922
45.182343606213976,9.005429912398316,108.43820003444513,94933.764468,94933.789206,0.8319620723768398
45.218874488875805,9.035331299787861,108.55466582859262,94933.777801,94933.808714,0.8919263087100445
45.19564005102891,9.05452752110603,108.50509131598403,94933.791134,94933.816623,0.9187198990223754
45.21485110891752,9.069107482982574,108.54935918451913,94933.804467,94933.829609,0.8749906953216509
45.20759883019781,9.08422694468706,108.56789432426748,94933.8178,94933.841778,0.8724853362916455
45.20792548338044,9.095136481166575,108.57842893438433,94933.831134,94933.854865,0.877676466075791
45.19997653229853,9.093546236511521,108.56229613329697,94933.844467,94933.869772,0.8528424480006349
45.21436943409719,9.102833288126481,108.62011351005681,94933.8578,94933.881943,0.8988552751856372
45.29113327529282,9.119275822398121,108.8412295038914,94933.871134,94933.895471,0.8988552751856372
45.27184297319432,9.117074155157137,108.78584100258712,94933.884467,94933.908222,0.9310254996302973
45.31565651555498,9.125175896394644,108.91533650888444,94933.8978,94933.923122,0.9191188002236808
45.284135487382144,9.106389781313386,108.83411791618427,94933.911134,94933.941848,0.9191188002236808
45.31462693674347,9.106585194830513,108.91200664906283,94933.924467,94933.949333,0.9191188002236808
45.23946640348159,9.077085106078544,108.72547124629088,94933.9378,94933.962821,0.90250698351132
45.324047097018486,9.07983672051804,108.94812473326381,94933.951134,94933.975141,0.8990880860947642
45.29182292937664,9.054502743204292,108.86572128088633,94933.964467,94933.988179,0.8483763754207128
45.31012417599004,9.038495410751306,108.94515859477254,94933.9778,94934.003067,0.8095742735807607
45.34553349406959,9.027856334332792,109.02391174164724,94933.991133,94934.015043,0.8377103993904828
45.293464004632426,9.001470932904464,108.89586190807293,94934.004467,94934.029406,0.9275249967189009
45.4338253525486,9.016163703262638,109.24132316844175,94934.0178,94934.041974,0.9198071452893684
45.424504017805425,9.005709543803544,109.23466202705086,94934.031134,94934.056294,0.9275249967189009
45.37836741804516,8.992370021067607,109.12010541270062,94934.044467,94934.068663,0.9915240691142344
45.367367554352846,8.98796852728946,109.10181690714182,94934.0578,94934.084204,0.9421613949120722
45.41067903656797,8.997583233947548,109.21356193817083,94934.071133,94934.096102,0.9535053151618341
45.42623705577517,9.000912779298162,109.25086649942233,94934.084467,94934.108923,0.9662402413291171
45.47510979871401,9.020402850073797,109.38935737379018,94934.0978,94934.121496,0.9948549783940676
45.423081100538475,9.006771406477004,109.28827693717707,94934.111133,94934.134754,0.964851237936003
45.42511299296928,9.024357711117943,109.30079760854183,94934.124467,94934.149892,0.9844394053816148
45.40397057211803,9.022600412178933,109.27594847195199,94934.1378,94934.164968,0.937390543184394
45.39033777134972,9.034637415665252,109.25880390986688,94934.151133,94934.176941,0.9129385814580946
45.353058944362,9.035981426090384,109.19084872704354,94934.164467,94934.189598,0.8972797323229839
45.36014363641879,9.048702262005456,109.22108833619721,94934.1778,94934.202038,0.8925163410913743
45.399767317977854,9.051624084225315,109.3327166686078,94934.191133,94934.214974,0.8499183985490816
45.41337815644374,9.066304472919205,109.39602682689848,94934.204466,94934.229949,0.8225397948955856
45.41175333353934,9.075688632940025,109.41299011190296,94934.2178,94934.245318,0.8351896563226338
45.42274882562513,9.081653312949378,109.45144843786882,94934.231134,94934.254843,0.7807934055949197
45.42801939940961,9.094320752279735,109.48414566583823,94934.244466,94934.269393,0.848220050144331
45.39785807719756,9.09599173327151,109.42810847106246,94934.2578,94934.282842,0.8332139430833835
45.38154645398497,9.096440564865762,109.39693730014301,94934.271133,94934.295779,0.867789028188729
45.3784006355079,9.09904078273391,109.40841945337709,94934.284466,94934.309803,0.841179406285343
45.368056654842775,9.099619550666723,109.4091365175631,94934.2978,94934.321797,0.8799427057270024
45.418418314686846,9.12084240752835,109.55012902179955,94934.311133,94934.335918,0.8874179328260096
45.362788497403535,9.107686897914968,109.43224883565024,94934.324466,94934.355759,0.9092179064497521
45.41198914333238,9.127250363413962,109.57705156170202,94934.3378,94934.368745,0.8895461425522151
45.40327013194593,9.127949654920164,109.56594994532747,94934.351133,94934.375284,0.9006094755602696
45.45149756251917,9.151908837024743,109.7168454271852,94934.364466,94934.392359,0.9006094755602696
45.43825198465738,9.15478330634377,109.70192354564814,94934.3778,94934.403173,0.9006094755602696
45.49824109432464,9.168513119539504,109.87353272260711,94934.391133,94934.415172,0.9083243015842142
45.45611528204769,9.171771477526365,109.77676867258927,94934.404466,94934.428996,0.9180954560774864
45.49991687906182,9.178618286031195,109.94153955829483,94934.4178,94934.441447,0.8858255373397821
45.447213828565665,9.16882423128206,109.83884278841136,94934.431133,94934.456633,0.8626750674821916
45.42861564325853,9.16532162945901,109.82001912521926,94934.444466,94934.469904,0.9418984992270742
45.40069035327658,9.16221763467406,109.77856687662648,94934.457799,94934.482497,0.8940611729792335
45.39743123374669,9.165956809031602,109.80595186232586,94934.471133,94934.496202,0.9141463067906891
45.39977020847896,9.170217188477652,109.82971474589317,94934.484466,94934.508315,0.9361614692819549
45.469166126046694,9.18024827850987,110.01891140583898,94934.4978,94934.52149,0.946681629233906
45.45722482217282,9.176109954608396,109.99470047369624,94934.511133,94934.536503,0.9503300477995603
45.41899863625025,9.174708753013453,109.92638650937603,94934.524466,94934.548661,0.9503300477995603
45.385047964725956,9.169297561318855,109.85104803256573,94934.537799,94934.562933,0.9503300477995603
45.414084550061254,9.170586691412105,109.97216971491467,94934.551133,94934.574984,0.9307938044569803
45.47433734471314,9.183656221734166,110.13828754001494,94934.564466,94934.589782,0.9141320445105171
45.45971291595946,9.179246338948774,110.110278649739,94934.577799,94934.603429,0.9141320445105171
45.47777040887153,9.188060164944186,110.17101617492618,94934.591133,94934.616536,0.9307938044569803
45.429548718897244,9.166743687482867,110.06440352545107,94934.604466,94934.629458,0.8923973720554095
45.33662860278267,9.146812222147561,109.84307487686866,94934.617799,94934.641894,0.8948387810446871
45.47468693844171,9.170530400208092,110.22481255016838,94934.631133,94934.655285,0.8912184388661272
45.44023650995553,9.161532293012593,110.16869425466214,94934.644466,94934.670345,0.9261276884601584
45.43754818902325,9.16440185605315,110.16740347036344,94934.657799,94934.68174,0.8768319201204018
45.4427607847161,9.159232756206745,110.20017866577669,94934.671132,94934.695435,0.8717317822700821
45.42721724456068,9.146853650145536,110.17084260866777,94934.684466,94934.708279,0.8156192269525046
45.396578272933766,9.136163052305927,110.10781644193634,94934.697799,94934.721881,0.7670737256952598
45.43444119946012,9.143392650960047,110.22516760985654,94934.711132,94934.73681,0.7509739534593871
45.431627048746876,9.13737267675234,110.22549371343338,94934.724466,94934.748537,0.7537968737503019
45.41789203147566,9.138681032623602,110.19003565710206,94934.737799,94934.762076,0.7437365268407867
45.44064723267193,9.141803918531757,110.2570135710188,94934.751132,94934.775274,0.7335123412629515
45.47720501798326,9.14936921294089,110.36377033896181,94934.764466,94934.790164,0.7335123412629515
45.44928464337203,9.147761411041087,110.29311207807194,94934.777799,94934.801918,0.7335123412629515
45.41200141556993,9.13625734264101,110.20014604082981,94934.791132,94934.815409,0.7821862303030228
45.44679120705275,9.145549272319881,110.32098312356068,94934.804466,94934.828864,0.8333807658664578
45.403808892254986,9.13648404522945,110.22137542684057,94934.817799,94934.841755,0.8265019605790186
45.50483673323049,9.161975928600219,110.4830734600789,94934.831132,94934.856176,0.8300628180033877
45.5236064746806,9.167376772015587,110.54010654746847,94934.844465,94934.869662,0.8169044608150506
45.50696000084087,9.16738863916424,110.5041969197425,94934.857799,94934.884595,0.8086287626758155
45.46819696413574,9.162496346643563,110.41049379601027,94934.871132,94934.896544,0.8086287626758155
45.44122481460585,9.162673051364836,110.33977337266529,94934.884465,94934.908164,0.8649096296151843
45.44454418968414,9.164019753284487,110.35231911164217,94934.897799,94934.922074,0.8120990768683589
45.45185643805479,9.164388378224055,110.38457764457823,94934.911132,94934.934766,0.8400588884256768
45.436587694675076,9.16364088637467,110.34309292744214,94934.924465,94934.948572,0.8867501479894735
45.46463679475226,9.177658483971776,110.46805618074289,94934.937799,94934.96268,0.8601540843922032
45.46264037714511,9.178780388248395,110.48092803875717,94934.951132,94934.97513,0.8571804046237942
45.46156207090804,9.183193288145201,110.50414873600425,94934.964466,94934.989863,0.8766853305950357
45.45486060053465,9.182161146493147,110.49467940735039,94934.977799,94935.003755,0.8941813306843616
45.480916164484995,9.181775606798908,110.58899319905512,94934.991132,94935.017812,0.8457181838435498
45.43987812528963,9.179711072095168,110.50052657846538,94935.004465,94935.028745,0.9014567101290275
45.46606522031555,9.182097727984443,110.57662003471174,94935.017799,94935.044256,0.9050743387148176
45.50235638826881,9.192357943384664,110.6645328939121,94935.031132,94935.056646,0.8872153798519509
45.40092204043739,9.160786831015098,110.41863619910897,94935.044465,94935.06845,0.8141540260007274
45.46028758438342,9.176536152659713,110.5791186498703,94935.057798,94935.083073,0.8641137599372389
45.38734183988396,9.154847163852581,110.40006064841063,94935.071132,94935.095875,0.8326340217023678
45.437236846430686,9.157088784122521,110.51591610747211,94935.084465,94935.109935,0.8559737416999936
45.40137945542802,9.146549487411496,110.43248635754976,94935.097799,94935.123438,0.8225287195160629
45.41245248661776,9.142921875033432,110.45947776646263,94935.111132,94935.137387,0.8437261900303478
45.42489116915102,9.147916646024163,110.48295377609111,94935.124465,94935.150834,0.8517985654940629
45.46214342319702,9.14272020003111,110.58660888964292,94935.137798,94935.162195,0.8888849841546773
45.48811831640198,9.153202232877485,110.65736326787102,94935.151132,94935.176097,0.8165651254115296
45.52572905984765,9.157468161266776,110.77168989124934,94935.164465,94935.189796,0.9281129889538267
45.516012153907276,9.15620074229094,110.7392126654504,94935.177798,94935.201974,0.9521959346297068
45.50445446331214,9.153837328457092,110.71160232914141,94935.191132,94935.216573,0.9140434162918931
45.52523417605389,9.155521620282874,110.78111480688726,94935.204465,94935.230377,0.9521959346297068
45.54991147998086,9.164875497493925,110.85095310985304,94935.217798,94935.242713,0.9281129889538267
45.48566309643247,9.157847890675404,110.69683212896953,94935.231132,94935.254914,0.9301928020411246
45.48403996112879,9.16875781313385,110.70256668509239,94935.244465,94935.270139,0.8198341853409269
45.50138097367456,9.175600491682234,110.76840509148379,94935.257798,94935.282116,0.8233675965065526
45.460740784537464,9.171519882894495,110.69102812091202,94935.271131,94935.296466,0.779129407278371
45.45327347217157,9.180349338061008,110.68521862894231,94935.284465,94935.308952,0.7665848389070885
45.4792622830534,9.193069553087552,110.76175006730972,94935.297798,94935.323498,0.7682951061710307
45.446774407948965,9.196684977321333,110.6841563958811,94935.311131,94935.334954,0.8836586725704324
45.484154796024725,9.219585623759489,110.81011760213516,94935.324465,94935.348005,0.8530233123199071
45.515402649525896,9.23344195675845,110.91057874106104,94935.337798,94935.362269,0.96470434405137
45.481636914503284,9.233378936660497,110.8375289131956,94935.351131,94935.375288,0.8778109720219491
45.460993744050256,9.235136570958424,110.79615654670982,94935.364465,94935.389013,0.8999143591207537
45.48821286394713,9.250796725205761,110.89427671520261,94935.377798,94935.408063,0.9342810841408478
45.473691764015165,9.263504392454012,110.87974144359205,94935.391131,94935.41565,0.9868254602398817
45.4970805484804,9.27706742117465,110.94686853849923,94935.404465,94935.428994,0.8925406347495685
45.445633173844364,9.27484762384656,110.82536139964786,94935.417798,94935.442292,0.889913908379284
45.423701900090926,9.271142096944788,110.79066383627314,94935.431132,94935.456176,0.903341536398253
45.43565929230701,9.291567887771258,110.83227778004961,94935.444465,94935.468601,0.8811167982834323
45.40316333547414,9.292293862881035,110.76081721089895,94935.457798,94935.482112,0.8327809985589515
45.4297265764189,9.317408818040267,110.83418749647579,94935.471131,94935.495197,0.8225287195160629
45.44075809586003,9.331979701105553,110.85859574352602,94935.484465,94935.508088,0.8563771258981563
45.359840582268845,9.332578697813071,110.68166073105083,94935.497798,94935.528606,0.9037293349416697
45.575050400429994,9.396271351702188,111.26112939405773,94935.511131,94935.541423,0.9866470453300509
45.45411438172658,9.391407111442863,110.96724615254314,94935.524465,94935.550502,0.9783896511463062
45.44024683066658,9.394645915903686,110.93751166847304,94935.537798,94935.562412,0.9897021426743724
45.45181271226033,9.417542508554616,110.99152809525216,94935.551131,94935.5776,0.9735649541020259
45.46847028539735,9.432377232456853,111.0582817247479,94935.564465,94935.590379,0.870252535480276
45.38122666188429,9.428331867113368,110.84798506538253,94935.577798,94935.602107,0.7728622459965455
45.3886064510387,9.448060608597252,110.89751834595131,94935.591131,94935.615003,0.7784942029909463
45.33423705024291,9.449551771637472,110.7547238727341,94935.604464,94935.628412,0.7661533239998303
45.395998906629174,9.477084584320677,110.9354218398116,94935.617798,94935.641725,0.7677351833909578
45.378009531012545,9.499526658261937,110.9061679515113,94935.631131,94935.654736,0.9855934092663513
45.36227885103281,9.513062882551996,110.89463982187117,94935.644464,94935.669004,0.889913908379284
45.35950508673625,9.5347544621704,110.90026525175527,94935.657798,94935.681836,0.9351094673347158
45.3489036791138,9.561454400389778,110.91853004326899,94935.671131,94935.6953,0.9692544776698209
45.34547762912375,9.570117954727554,110.94376968351234,94935.684464,94935.708643,0.8716089832388547
45.3481587913918,9.593627698604134,110.98165333285588,94935.697798,94935.722024,0.8225287195160629
45.30607438878223,9.610110864988124,110.87723385179943,94935.711131,94935.735981,0.8527148857268158
45.34300473313038,9.646056230152075,111.0073065982542,94935.724464,94935.749587,0.9872156463373236
45.31272043254174,9.666531395746723,110.96500243063575,94935.737797,94935.7618,0.964851237936003
45.27239906822771,9.690364334266949,110.90563233613761,94935.751131,94935.776097,0.984504686766458
45.329039093278766,9.733515402536122,111.09339995474916,94935.764464,94935.788622,0.8300050862361232
45.30903281674241,9.757693905404723,111.08049148687239,94935.777797,94935.807714,0.7596356209259354
45.30648933149247,9.786686698025221,111.11428172603219,94935.791131,94935.816552,0.8728035678603466
45.22934497127301,9.803576363613566,110.95712658651573,94935.804464,94935.828818,0.8643528698671912
45.236643716722966,9.840052118935654,111.03341997823374,94935.817797,94935.841518,0.9468915284562024
45.19947169382408,9.864886134752263,110.95953884129793,94935.831131,94935.855081,0.8555212660709853
45.22478042267007,9.906773676679975,111.06877418119002,94935.844464,94935.86905,0.931870104160633
45.247592030358156,9.952399755511944,111.16820104188797,94935.857797,94935.88216,0.9913599614323165
45.2742021928572,9.984978621077177,111.25539600055961,94935.871131,94935.895745,0.9568227982364448
45.25893095413109,10.018660305181857,111.25908891958916,94935.884464,94935.908834,0.9986772206681298
45.18734672452072,10.022740536961196,111.09869255935351,94935.897797,94935.921726,0.8082896066728289
45.242538452453765,10.068947064671262,111.31119179104405,94935.911131,94935.934971,0.8603005426761343
45.17242100629127,10.080552246627327,111.17277371957411,94935.924464,94935.948322,0.9038550577862746
45.19188581388455,10.111337529093946,111.26318170841245,94935.937797,94935.964792,1.0
45.14102378259559,10.132804071235892,111.1759805744441,94935.95113,94935.975512,0.992547355773217
45.14787912053855,10.162859550368005,111.22702104888937,94935.964464,94935.990228,0.795234972816842
45.102030682213616,10.173904259077343,111.13201441441983,94935.977797,94936.003022,0.9468709834114484
45.19830863832482,10.23133713420839,111.40504338455625,94935.99113,94936.016288,0.9503300477995603
45.18304844878817,10.258633462789659,111.41993886678995,94936.004464,94936.030256,0.9455712838573183
45.13135550339529,10.270462781804884,111.29078881380634,94936.017797,94936.043129,0.984504686766458
45.16543871265378,10.309335808121935,111.4251438879225,94936.031131,94936.055287,0.867688086786982
45.08954886100053,10.306566473461228,111.24852280507714,94936.044464,94936.070913,0.803645781204876
45.1269269743873,10.343816374864808,111.40374934346652,94936.057797,94936.082464,0.8394926627289631
45.128111860646655,10.379177463034459,111.44118658078156,94936.07113,94936.09661,0.915290699636274
45.08659029254325,10.403724270135585,111.3701204457293,94936.084464,94936.108092,0.9934879961508768
45.054547196519486,10.421548580636152,111.31736191929846,94936.097797,94936.12248,0.9166326773273084
45.052170893382716,10.448173529677472,111.32858250862499,94936.11113,94936.135346,0.8517621276777072
45.09621580607383,10.48478245896155,111.50212113716536,94936.124463,94936.14867,0.8816707235065615
45.11762211701793,10.524741461259602,111.56826774854393,94936.137797,94936.162901,0.9616381875244826
45.093347401035295,10.545652009215846,111.54242955772914,94936.15113,94936.175121,0.964851237936003
45.08219246268467,10.575833660591229,111.53492097006216,94936.164464,94936.189736,0.8437442778498252
45.042058151822246,10.597531824624545,111.48026723960386,94936.177797,94936.203469,0.8381155032966532
45.129923055036265,10.652213300315696,111.75950192935628,94936.19113,94936.216195,0.8991290506424037
45.088132587015366,10.673911431206319,111.69588903414572,94936.204463,94936.229684,0.915290699636274
45.0294499433995,10.702040177578086,111.60812768364673,94936.217797,94936.241708,0.9603677273839397
45.08127116107193,10.755046217594447,111.78636379919541,94936.23113,94936.254822,0.9076265411486487
44.9651897179732,10.76976931260889,111.55027961651746,94936.244463,94936.26956,0.9140372577345639
45.051921106773634,10.835245213038986,111.85887687063723,94936.257797,94936.281848,0.9171863661669392
45.02425957699222,10.889495624801544,111.84111035559033,94936.27113,94936.295987,0.9447706018526111
45.02734282384075,10.944592579696774,111.9272056429187,94936.284463,94936.308947,0.8388133694878291
44.911369635379785,10.984702833941279,111.70171337421945,94936.297797,94936.322786,0.9803939479650344
44.91927814633405,11.044220125099143,111.78993977403177,94936.31113,94936.335385,0.8361849154963604
44.83508329534096,11.09328469864614,111.64153865559264,94936.324463,94936.350435,0.9535053151618341
44.87464147325538,11.187611331231281,111.86144168993425,94936.337796,94936.362705,0.8390138646779576
44.92257112967969,11.281830163140597,112.08203451114163,94936.35113,94936.375557,0.964992674259669
44.821705285280316,11.331950061576409,111.88756157728054,94936.364463,94936.396499,0.8594290976239918
44.80427330443529,11.414177699887222,111.98436578034472,94936.377796,94936.402382,0.9748905214338354
44.73694419890574,11.487377253993289,111.90763976083556,94936.39113,94936.416376,0.9018087503465952
44.78961092784455,11.60543308112045,112.17140797858738,94936.404463,94936.428746,0.9079778736011541
44.71278822872784,11.681748980262437,112.09047671645541,94936.417796,94936.445915,0.9676515838089733
44.6536473688372,11.771154524767079,112.0534580641889,94936.43113,94936.456963,0.8572394053223827
44.5931078600662,11.878907487521252,112.0361370135187,94936.444463,94936.46905,0.7785854682073646
44.64545023718003,12.017736738687525,112.33910321708795,94936.457796,94936.48242,0.9420633807448688
44.61470122199279,12.129419624983715,112.40053597909154,94936.47113,94936.502711,0.9810143768290345
44.50991618935731,12.231961524607833,112.28619115138977,94936.484463,94936.515336,0.9498810407986001
44.41623129753142,12.34114654089216,112.20062530114127,94936.497797,94936.530746,0.8757663863394858
44.39158319213879,12.475781118375062,112.31486978071138,94936.51113,94936.536289,0.7533732330267712
44.36476861016424,12.616103275566031,112.43289376667192,94936.524463,94936.555739,0.854181332790418
44.277097797632585,12.74000733660665,112.38933505072406,94936.537796,94936.570028,0.8321260929456784
44.232483004209,12.866381099744407,112.45903776750242,94936.55113,94936.575397,0.9398266661337504
44.2061943639704,13.024745568382281,112.58399148501574,94936.564463,94936.590346,0.921291263263478
44.158694071164376,13.153238187881854,112.65309680632078,94936.577796,94936.608433,0.9491234063547972
44.0637756489622,13.293995443824691,112.59704405891304,94936.591129,94936.618382,0.9907655000473614
44.019125744462684,13.426677793294475,112.68351303616116,94936.604463,94936.636703,0.943734680444953
43.87847981583635,13.531949173622875,112.50803753643446,94936.617796,94936.642448,0.9808391341591669
43.929114513188445,13.705176664803938,112.8417343397939,94936.63113,94936.66378,0.9580057201627378
43.85635316889117,13.82990437866985,112.88033851407715,94936.644463,94936.674987,0.8701363116013199
43.840323749285446,13.97922759480281,113.02200473336852,94936.657796,94936.682653,0.970705804870017
43.807137001254254,14.11244234499603,113.1640393692816,94936.671129,94936.701557,0.9702980773974664
43.64093964924231,14.214023561109444,112.93736633523103,94936.684463,94936.710446,0.9161118485266999
43.61301035271539,14.360044234005484,113.0724835315974,94936.697796,94936.721707,0.8358885245556911
43.50430729773256,14.471502070717955,113.02148115970336,94936.711129,94936.73863,0.8596051341621149
43.3929656227145,14.584458026429544,112.9728251768038,94936.724463,94936.753442,0.9367127043650741
43.38958543384843,14.749885089428108,113.24210932284319,94936.737796,94936.76523,0.9635081178767316
43.31567284085063,14.888212465453497,113.2847169336467,94936.751129,94936.775962,0.9854894382304594
43.10548532246732,14.959871229934887,112.97455764312915,94936.764463,94936.792457,0.9274558694685455
43.08280108347982,15.118729677955832,113.220989994861,94936.777796,94936.81153,0.942196234568517
43.075504786580595,15.284289592159793,113.49768122835576,94936.791129,94936.815923,0.963211953636896
42.88700616029135,15.371000533085622,113.25633461069413,94936.804462,94936.834952,0.9312468041861584
42.76833017906356,15.492980443783475,113.22238439645159,94936.817796,94936.844365,0.9362083336713595
42.77429283707323,15.660206292664455,113.54683233581147,94936.831129,94936.86296,0.8196276785846385
42.63879926600965,15.780803984993094,113.48703006041528,94936.844462,94936.868843,0.8525552566033916
42.58021226314463,15.932192662258679,113.65628220507735,94936.857796,94936.888999,0.9211469996804565
42.439844020612746,16.041577756725324,113.61765294482693,94936.871129,94936.897376,0.8484229200357595
42.32583874793244,16.175344444353158,113.61994470871954,94936.884462,94936.917639,0.990216671226536
42.14842864017081,16.27227074386722,113.44326429453004,94936.897796,94936.92238,0.9900317368366608
42.162528133892465,16.463412376464447,113.85828404372677,94936.911129,94936.942122,0.9632291970373382
42.17337904134532,16.63528627459103,114.2524921182579,94936.924462,94936.956488,0.9561724572059485
41.98641158051158,16.733466662887512,114.06844238172478,94936.937796,94936.962786,0.9531370359992014
41.83169905714938,16.845803564760054,113.99460446072264,94936.951129,94936.976296,0.9077289167707907
41.69409481854716,16.959434390240116,113.93020558267258,94936.964462,94936.99101,0.8377052680903138
41.65804566743475,17.122162343075768,114.20728131261315,94936.977796,94937.002832,0.9229731085821521
41.58264317522231,17.271318473173146,114.3495128848501,94936.991129,94937.018823,0.9869777133429986
41.435260901924025,17.38195320595345,114.30815218822158,94937.004462,94937.029629,0.9651034557996578
41.31920246758278,17.501997196058674,114.34203106617552,94937.017795,94937.042875,0.9610533643593143
41.21115737498703,17.615194785675527,114.44241415960339,94937.031129,94937.056509,0.9469237986896313
41.05872713840583,17.725000586163866,114.43907666274572,94937.044462,94937.068749,0.8801598256786084
40.95561688284524,17.8685165283664,114.56247232568508,94937.057795,94937.081991,0.9147031368314409
40.760283851364896,17.953704153352575,114.42102989279499,94937.071129,94937.095272,0.9994843589460589
40.705554522752436,18.092815612015247,114.71355556030272,94937.084462,94937.10963,0.9966524536398942
40.550053315431555,18.192611130760326,114.71009951540535,94937.097796,94937.123517,0.9154571070036392
40.37764961744073,18.302319486033593,114.68519941618402,94937.111129,94937.138687,0.87859286595419
40.26124762582192,18.429230004876807,114.85124823018968,94937.124462,94937.149696,0.9957002066260754
40.123867632647205,18.547654742292604,114.93882600727075,94937.137795,94937.161782,0.9617341551908128
39.902843097649956,18.642383852313444,114.82250249154984,94937.151129,94937.175255,0.9907690490551628
39.755213435982476,18.77978905559091,114.91046161951081,94937.164462,94937.195352,0.8797529967532707
39.609398288954736,18.93141056187779,115.04137223967446,94937.177795,94937.201832,0.9050264349155405
39.37078231162316,19.03303645577467,114.92112891169205,94937.191128,94937.215699,0.9284891994470732
39.17473536500026,19.154593254901325,114.90938923598108,94937.204462,94937.229301,0.8603173697510054
39.064214762152545,19.329225667928156,115.20704492224189,94937.217795,94937.241553,0.9565303057179158
38.87973429026462,19.44147415402317,115.26069160914469,94937.231129,94937.255536,0.9632291970373382
38.64714084678716,19.513210024473956,115.19933016555105,94937.244462,94937.268314,0.8479593168541635
38.337896019142214,19.547920775583844,114.89460652810062,94937.257795,94937.282212,0.9854517316097238
38.28419885360126,19.699615747067863,115.39638519088838,94937.271128,94937.29501,0.9185562061341267
37.96468715017376,19.699233136402405,115.07230623575123,94937.284462,94937.30875,0.9629769460460299
37.80850108195371,19.79605859952445,115.26895736641154,94937.297796,94937.32422,0.8574876469338499
37.55190029517997,19.81548089155026,115.11246843613249,94937.311128,94937.341372,1.0
37.31513910765547,19.860354006637387,115.08248978744787,94937.324462,94937.349072,0.8900154287713165
37.084535713453114,19.893152930377553,115.03083081980054,94937.337795,94937.362803,0.9208845286513655
36.95220106954535,19.979780664266404,115.3444453406191,94937.351128,94937.376896,0.9648136722828853
36.69714254966678,20.00010744488056,115.21810557613199,94937.364462,94937.388711,0.9581133688034603
36.44906592195993,20.021475215721864,115.12700267605041,94937.377795,94937.40179,0.9463325952307844
36.29121493471521,20.106794119679734,115.417212405258,94937.391128,94937.416446,0.985173709499992
35.987443006624055,20.105228824228472,115.18053815359632,94937.404461,94937.428638,0.9994843589460589
35.75817655396383,20.152649234269504,115.22177758699708,94937.417795,94937.442195,0.973540020031245
35.520460354616475,20.201542642214086,115.25000576482809,94937.431129,94937.455443,0.95936695688766
35.25790974560793,20.232570801552225,115.19972910875514,94937.444461,94937.469353,0.9200974443070637
34.963888263582724,20.260258087686076,115.09612908722497,94937.457795,94937.484608,0.8881137407874935
34.71328195866558,20.315705077746067,115.11041117866263,94937.471128,94937.496042,0.9889657264817927
34.45280907679873,20.374903165041218,115.17049284212206,94937.484461,94937.509079,0.934068597641777
34.13245444530997,20.39433497267886,115.04498127129068,94937.497795,94937.521826,0.9782206092479695
33.860731922921566,20.45825083512463,115.1191719133825,94937.511128,94937.535727,0.9839220525836561
33.5103253882492,20.47169899745231,114.94894426740105,94937.524461,94937.548669,0.9896853850576202
33.23277881410353,20.548080263505785,115.07712439700545,94937.537795,94937.563427,0.9134254346548535
32.88721134050425,20.588478961751306,115.01686628790092,94937.551128,94937.57585,0.9969386959927953
32.50811691774292,20.60338145395657,114.84711104855435,94937.564461,94937.590095,0.9356825716919762
32.231000394000986,20.69901224771412,115.12535543285972,94937.577795,94937.603143,0.9604077647104551
31.804386056389358,20.694658109567015,114.84466478869366,94937.591128,94937.616443,0.9500980354498754
31.474069341925663,20.7636187434282,114.9988815983807,94937.604461,94937.62983,0.8882481484347127
31.066536343628837,20.79509437337434,114.89730394848536,94937.617795,94937.641694,0.9824411678386693
30.623935322748075,20.77168212582375,114.63943454283036,94937.631128,94937.656337,0.989757626795469
30.240825469680377,20.831971108862327,114.72508977167617,94937.644461,94937.671524,0.9590708945090464
29.90571305552238,20.91337120870241,115.02573367487608,94937.657794,94937.68292,0.9588952233497012
29.399163241205745,20.890211360535332,114.66635595840856,94937.671128,94937.695951,0.9843329611567014
29.006136410657373,20.954207683404526,114.81331807027077,94937.684461,94937.70983,0.976999310302508
28.592839933842406,21.002786566647153,114.87386636812805,94937.697795,94937.722195,0.9153223223852914
28.126404380632625,21.03662349386868,114.81152074062219,94937.711128,94937.738434,0.9700366975152117
27.62959556514649,21.041555328202314,114.56320408145928,94937.724461,94937.750263,0.9455792526903319
27.23623484757886,21.141297050639107,114.81447534916528,94937.737794,94937.764271,0.9990564421179964
26.706180791051224,21.148445365288712,114.45311057900084,94937.751128,94937.77548,0.8649500510532189
26.2939716677643,21.26244057882415,114.65627249114877,94937.764461,94937.788263,0.998046072384379
25.79846152339676,21.302345687448977,114.50336218478537,94937.777795,94937.802684,0.9746854722751639
25.302604651525456,21.369599193060555,114.40860106541979,94937.791128,94937.816156,0.9955473920516177
24.832694155010238,21.456777885488943,114.3921030859918,94937.804461,94937.82883,0.9845399412022597
24.382364498888517,21.570956446122317,114.5758215175881,94937.817794,94937.842394,0.9746854722751639
23.861164477198052,21.648757070375137,114.43124345762732,94937.831128,94937.856247,0.9245640839851318
23.387461936623843,21.76821106801541,114.63241415343585,94937.844461,94937.870248,0.9959043899023686
22.87333052222787,21.833273019725628,114.52309262238285,94937.857794,94937.881626,0.9254152451408323
22.326874456758166,21.875077565509713,114.30554236954755,94937.871127,94937.895913,0.9617934514129627
21.80966625763474,21.96062273476428,114.24064611828118,94937.884461,94937.90931,0.9208074021527887
21.329878398144704,22.105644883292083,114.54779372359124,94937.897794,94937.92324,0.9530625896707643
20.806821398185047,22.201257991263997,114.53442169163706,94937.911128,94937.936845,0.8592576412523384
20.31392197891239,22.339749788619763,114.74835602315046,94937.924461,94937.950317,0.9957077617741455
19.74052324491171,22.387884338696153,114.4795548635361,94937.937794,94937.963051,0.9748145914208594
19.220173472801534,22.510704629182783,114.61686829779107,94937.951127,94937.974651,0.996479749696558
18.713050130078518,22.64314513249956,114.80091480596474,94937.964461,94937.990132,0.929478081819495
18.151604492321194,22.73220028368819,114.67491623639606,94937.977794,94938.003142,0.9938474930949212
17.61771899752546,22.85353342541203,114.76075214688926,94937.991127,94938.015357,0.9697272710996608
17.074948966441998,22.968018303200413,114.79029048804315,94938.004461,94938.029972,0.8915953174120995
16.528709147487685,23.07623794444762,114.79310494110403,94938.017794,94938.042706,0.9134630938635324
15.986402075550918,23.194941084576115,114.81908370031672,94938.031127,94938.055721,0.9964091784428865
15.466033351868923,23.341393830610674,115.02702158934346,94938.04446,94938.068975,0.9711855506699129
14.944012459224314,23.47107208376566,115.25479531672401,94938.057794,94938.084527,0.8660436027951619
14.366304190625897,23.51850574762758,114.95745063328403,94938.071127,94938.09715,0.9124892184776742
13.811475879326771,23.62994255267704,114.91859665462876,94938.084461,94938.108453,0.9819263660929164
13.283248297724175,23.751024378898904,115.02727914079654,94938.097794,94938.123584,0.9675714118936147
12.762088375234224,23.902859921885035,115.24357850146477,94938.111127,94938.136559,0.9854649950408899
12.221169474402119,24.006810384868277,115.22695125070669,94938.12446,94938.149088,0.979777993110871
11.689891847798464,24.110811555484418,115.27130168945499,94938.137794,94938.163569,0.9921504927977131
11.148032732767676,24.226542041135026,115.2921984526874,94938.151127,94938.176342,0.9560806100320516
10.609969890856185,24.354929391342804,115.39137568491843,94938.164461,94938.190144,0.9710583090027961
10.071337968605501,24.495611923352033,115.48528494163489,94938.177794,94938.203813,1.0
9.5135543131429,24.575066261850843,115.37780655270296,94938.191127,94938.217746,0.9388671233548855
8.978323726932155,24.714626609721574,115.6081396537456,94938.20446,94938.230068,0.9380396324241259
8.435858894660871,24.81729110356305,115.675509226199,94938.217794,94938.241771,0.9993265514369237
7.89152832696811,24.90207376670199,115.59996781536822,94938.231127,94938.255578,0.9710583090027961
7.3593398121033955,24.921077521405753,115.3192989797733,94938.24446,94938.269574,0.9566855905003963
6.845218948654136,25.06179802053726,115.60230249979914,94938.257793,94938.28228,0.9742639368407887
6.346967299648727,25.18516551263982,115.77118333826444,94938.271127,94938.296741,0.9854649950408899
5.862931243730116,25.280477230727836,115.87730697398402,94938.28446,94938.309419,0.9245336916586012
5.368480564400826,25.398414310598845,115.99799817024015,94938.297794,94938.323683,0.8611783135071541
4.898695629005077,25.434136348571556,115.85932659871108,94938.311127,94938.335666,0.9330439383596828
4.435912214887015,25.55805572870069,116.08897177352668,94938.32446,94938.351039,0.9514259086168626
3.967405284673672,25.605927060070453,115.94068917605591,94938.337793,94938.364095,0.9619825932899148
3.5247401993892047,25.733456603624678,116.15507135674436,94938.351127,94938.375825,0.9104509991816572
3.080698090263444,25.819562686350856,116.15389225474524,94938.36446,94938.388748,0.9747079935966693
2.645456879984914,25.894347761538786,116.12809932992633,94938.377793,94938.401748,0.9032587595266905
2.2206741684321423,26.026412411490167,116.36275555285104,94938.391127,94938.416205,0.9461180343279342
1.7986998691195795,26.122392215952665,116.45667331700862,94938.40446,94938.428826,0.9268676620874486
1.3963382262566104,26.183198368462737,116.49407099775037,94938.417793,94938.441791,0.878946123819068
0.994393422795437,26.335698767215522,116.8888771842026,94938.431127,94938.456212,0.9570693638747098
0.6045010858456159,26.333815903334862,116.6741579394143,94938.44446,94938.468578,0.9477876885291926
0.22054003533400582,26.44620714460849,116.8525499207314,94938.457793,94938.481793,0.9085241034901469
-0.15959617376579788,26.535171730450248,116.99746308777557,94938.471126,94938.496144,0.9874820382546539
-0.5241180738975232,26.548774687476644,116.85148963031509,94938.48446,94938.508323,0.9033255744650005
-0.893583944993755,26.665738118220855,117.14593300063872,94938.497794,94938.522019,0.9861693186600532
-1.2243713630061426,26.685437227913564,116.98045853666247,94938.511126,94938.536289,0.9384260840067147
-1.5661630612532278,26.782213323533846,117.16565119756288,94938.52446,94938.548179,0.957471346183941
-1.8764722937809222,26.785451691378324,117.0228485687796,94938.537793,94938.562802,0.9375929226839022
-2.221201787240971,26.949227571947926,117.37843904808668,94938.551127,94938.581693,0.9706668269581397
-2.537176833362691,27.019374125004216,117.45311130976388,94938.56446,94938.590109,0.8888213005819708
-2.8311742885431146,26.995437576227275,117.22844579190694,94938.577793,94938.60218,0.9529272273749569
-3.128268195167182,27.096824256757767,117.44869255205613,94938.591126,94938.618551,0.8938068653087584
-3.420214841065053,27.177796426617043,117.62677547128857,94938.60446,94938.630392,0.8748413794990033
-3.6774011560430058,27.18743684626291,117.63953715175077,94938.617793,94938.641854,0.9039134680563073
-3.9208252162837383,27.15102642211589,117.4780244486902,94938.631127,94938.655166,0.8934530742837111
-4.165926533606851,27.2550503366408,117.66976953826682,94938.64446,94938.669738,0.9927804169402383
-4.411103163822787,27.278534692146433,117.64477472529293,94938.657793,94938.681772,0.9877932804854879
-4.654566066530456,27.361080095589077,117.81725548862558,94938.671126,94938.695862,0.9467312698024076
-4.880127762619447,27.437205526444227,118.0410749167099,94938.68446,94938.708841,0.9872269377344411
-5.0828328088176775,27.441980717441574,117.89883015082502,94938.697793,94938.723172,0.9884131616554551
-5.284009853565182,27.457408074969702,117.86766859146661,94938.711126,94938.735487,0.9852056157861621
-5.479642325718469,27.553400471312855,118.10318665214587,94938.724459,94938.751838,0.9785843970916944
-5.648087016091504,27.546061776326052,118.04702559340751,94938.737793,94938.763674,0.9257326572826274
-5.803530813768621,27.561985309397233,118.01200275051654,94938.751126,94938.775542,0.9782779380834238
-5.95570669911047,27.614010757437946,118.04621424994524,94938.76446,94938.789206,0.9152668294757565
-6.083765058631463,27.62849452629322,117.99078279020551,94938.777793,94938.802959,0.9640951090140466
-6.233520596043368,27.70474608864713,118.2273370514725,94938.791126,94938.814995,0.9421838463258122
-6.348747012733469,27.755816135153548,118.41582203696044,94938.804459,94938.829756,0.8445607867818885
-6.429590750150844,27.684579256685392,118.07936303390014,94938.817793,94938.842193,0.8522063911414943
-6.5395573000994585,27.78238564106771,118.42644039047154,94938.831126,94938.856342,0.9806207312847721
-6.632266007211744,27.81803574105762,118.44236788486734,94938.844459,94938.875402,0.9999314688310238
-6.691278642119456,27.809191522222537,118.34345423535524,94938.857793,94938.886361,0.9307938044569803
-6.789353193017009,27.911508634124633,118.67649916165045,94938.871126,94938.896214,0.8789621553314614
-6.829293734169564,27.90612484468572,118.58879653197506,94938.884459,94938.908587,0.9154466962654875
-6.860417112008333,27.87182743045662,118.3773159140775,94938.897793,94938.922744,0.9495644209246197
-6.933675755094318,27.99027259255144,118.85599689486735,94938.911126,94938.942724,0.9724621992494605
-6.954421111013335,27.99169152485811,118.86436241333156,94938.924459,94938.948919,0.8978972935998589
-6.958979667370924,28.000645781419973,118.92542216984519,94938.937792,94938.962365,0.9090852883322618
-6.967503099613534,28.00694473057401,118.98544609439382,94938.951126,94938.974758,0.9268672128331145
-6.96553472123334,27.986451545459573,118.93366038821324,94938.964459,94938.990055,0.9631789040433308
-6.983839638562986,27.999592277231436,119.06713090441127,94938.977793,94939.003701,0.8440699947628749
-6.968707163043942,27.95893018934191,118.95576980406138,94938.991126,94939.016112,0.8751734779643251
-6.975386847414395,27.974579108815234,119.08309736867218,94939.004459,94939.029303,0.9427651145036287
-6.96936613858359,27.938656404584325,119.03603949455106,94939.017792,94939.041666,0.9225085779992854
-6.959886604122819,27.951938166046137,119.16340211608274,94939.031126,94939.055553,0.9127498866028763
-6.930148609509883,27.89609570752025,119.01678998219133,94939.044459,94939.069183,0.9150700012832615
-6.927312581266579,27.910943476163027,119.0979660807725,94939.057792,94939.082102,0.9150700012832615
-6.939986260526995,27.94514613918796,119.29020293044496,94939.071126,94939.095907,0.9284891994470732
-6.921469327020236,27.894828023266964,119.20172928235604,94939.084459,94939.108385,0.9702650859261777
-6.919768724649496,27.87402590201548,119.18035463910078,94939.097792,94939.123113,0.9202767310528979
-6.907892254716503,27.832783610844718,119.0799306224283,94939.111126,94939.135981,0.93922718615141
-6.9216567646311145,27.834689877216142,119.11214774732512,94939.124459,94939.152741,0.9853808241687001
-6.942783056422393,27.863940261833157,119.25209494092414,94939.137792,94939.163175,0.9853808241687001
-6.954338918070196,27.863823046491706,119.28426628852668,94939.151125,94939.175567,0.9742996701512225
-6.9616906855259755,27.848136549530402,119.27777462164808,94939.164459,94939.188181,0.9735649541020259
-6.969323102642942,27.837923871371565,119.28426620545797,94939.177792,94939.203968,0.9666915060804633
-6.991794733700062,27.878446418976942,119.45161698170068,94939.191125,94939.21504,0.928918027431862
-7.016575828812976,27.874232805676982,119.51660886068669,94939.204459,94939.229198,0.9175777777839486
-7.023515074673318,27.851149498924347,119.46976455805435,94939.217792,94939.243045,0.9644006725246812
-7.026081853589554,27.824370535092754,119.39790351330407,94939.231126,94939.257469,0.9588149467106722
-7.034500147705541,27.842221111164474,119.44455261985762,94939.244459,94939.269861,0.9248764513048267
-7.0431182051144265,27.814195157552444,119.41935360875493,94939.257792,94939.282609,0.8779933846146105
-7.077424188661849,27.87259422972942,119.76573040076472,94939.271115,94939.3029,0.9075843734327154
-7.054856200639891,27.798502676080023,119.52270948501895,94939.284448,94939.309118,0.9957116811581027
-7.026522025507408,27.748293501772704,119.40302294682414,94939.297782,94939.323743,0.957003774792412
-7.011630614202679,27.716274592918914,119.3656722470152,94939.311115,94939.336927,0.797707739353175
-7.036177677945496,27.778508082332582,119.76768733568484,94939.324448,94939.34909,0.8844668093935107
-7.005898525820441,27.70389564132121,119.51078922311412,94939.337781,94939.363738,0.8217452382518488
-7.020891192318676,27.791219318500968,119.87289479075714,94939.351115,94939.375275,0.9586554434944795
-6.984469346381535,27.75426627037552,119.82604741085581,94939.364448,94939.391209,0.984873990992512
-6.989751835427195,27.794217236634555,120.02106584983719,94939.377781,94939.404562,0.9545497352372624
-6.945174047962399,27.765398148886227,119.91656762618541,94939.391115,94939.416116,0.9481853801309921
-6.933424319959553,27.79172975122263,120.0700246610255,94939.404448,94939.428858,0.9845759015376476
-6.8850862338693695,27.753243423816752,119.91810320841823,94939.417781,94939.442252,0.937268861569684
-6.876519510937332,27.80196115720886,120.15614972028176,94939.431115,94939.45633,0.9883941221549388
-6.842851068468924,27.786007030871993,120.12756754193109,94939.444448,94939.468626,0.9647600797530796
-6.80395204666898,27.79988686941774,120.18516514150151,94939.457781,94939.481745,0.9989847127203982
-6.769778344464365,27.800976589397656,120.25222257182355,94939.471115,94939.496857,0.9767238436881862
-6.734318177319188,27.79250828649896,120.25783715564965,94939.484448,94939.50827,0.8987665284656102
-6.691938920551914,27.79238504196835,120.34170047730969,94939.497781,94939.521589,0.8150686872904859
-6.647161326210454,27.767879255359393,120.2005902029269,94939.511115,94939.534723,0.9200914362821273
-6.625949699800769,27.819849248398263,120.4520130060731,94939.524448,94939.548335,0.9207166294622586
-6.599294148558001,27.8513495372652,120.5268387034931,94939.537781,94939.562734,0.8274284502689103
-6.582884910746311,27.918097596277974,120.82198060018641,94939.551114,94939.574928,0.7871856115785721
-6.513438638688078,27.844823269658164,120.46032225941158,94939.564448,94939.590869,0.9171863661669392
-6.493698202700892,27.89565456428755,120.71311517347375,94939.577781,94939.60227,0.9227577623868141
-6.479029450636711,27.962452567809347,121.04058948208971,94939.591114,94939.616743,0.8254009323453324
-6.379769458402301,27.862573440567203,120.63932805851746,94939.604448,94939.629251,0.9476453068703732
-6.341314115557284,27.871546875262485,120.6846910727701,94939.617781,94939.64186,0.8032596532186554
-6.336751822290556,27.917684374475183,120.81645528725164,94939.631115,94939.655017,0.8814257540837102
-6.317459071195233,27.965326095852852,121.01300687373549,94939.644448,94939.669302,0.8540104792821998
-6.273512821381344,27.909640039883463,120.7731166106565,94939.657781,94939.681759,0.9553944854687233
-6.234788312211602,27.87971284455777,120.68313702836106,94939.671114,94939.703715,0.9098457672693621
-6.211198551714237,27.876377395006386,120.6875187379871,94939.684448,94939.70837,0.957082616958409
-6.230552946841092,27.942974393389218,120.95844914476913,94939.697781,94939.724193,0.8639510825876678
-6.214212095257717,27.931086701086258,121.04528582236698,94939.711114,94939.735419,0.9839558569608801
-6.209503380006076,27.955493328013837,121.10903166584056,94939.724447,94939.750168,0.9575582604443063
-6.179156953685588,27.91444783279253,120.98486870800355,94939.737781,94939.762047,0.945077898880808
-6.164801478617104,27.890901305931298,120.92664544993016,94939.751114,94939.777222,0.9015336974462806
-6.162652423533345,27.89157078451308,121.02366885485777,94939.764448,94939.789485,0.9941308816566939
-6.15697617505908,27.900793291488636,121.12483726440314,94939.777781,94939.80204,0.9630542774673392
-6.146991661629231,27.899906436619933,121.17897742295861,94939.791114,94939.815231,0.9676515838089733
-6.129303512851304,27.833875713017086,121.03646605962835,94939.804447,94939.828653,0.8936143740236473
-6.107757153791567,27.81542130666736,121.10832176222765,94939.817781,94939.842921,0.9521750731662724
-6.089471425209157,27.766364230776666,120.97151447551109,94939.831114,94939.855983,0.9466971570779324
-6.125798249622182,27.854468115978165,121.52547203692878,94939.844447,94939.869343,1.0
-6.061111048685651,27.689201266424547,121.01172896908884,94939.857781,94939.881921,0.9241203102026786
-6.091235237335895,27.73535882483316,121.38400649736656,94939.871114,94939.895694,0.9653478455712938
-6.082107289099728,27.717301471665294,121.38615058795918,94939.884447,94939.909299,0.9328120262278252
-6.082214369592485,27.67298331661822,121.35340678469449,94939.897781,94939.92188,0.9725111789722637
-6.130225370289969,27.76938975264578,121.86934292993634,94939.911114,94939.93522,0.9813448164407711
-6.109829993146587,27.689847857568996,121.63695909362612,94939.924447,94939.948493,0.8323081673415694
-6.111591979318931,27.667360184961524,121.71945083047683,94939.93778,94939.962659,0.925001938656576
-6.100432418561623,27.63584024956037,121.5537196138259,94939.951114,94939.975863,0.9262139936761581
-6.112770251338804,27.65797700875746,121.69831421019593,94939.964448,94939.989291,0.889060483633302
-6.122017445129074,27.648110717780053,121.71901909483209,94939.97778,94940.003684,0.8936585675030558
-6.136120212436932,27.670504812883262,121.83273496288408,94939.991114,94940.01762,0.8664572456179327
-6.125822257175119,27.607998828645176,121.67747255528904,94940.004447,94940.029293,0.9437401787433727
-6.151328563961776,27.618797414295646,121.79802220000343,94940.01778,94940.042991,0.930279414636234
-6.170441666331165,27.621231304676773,121.96673062067889,94940.031114,94940.056425,0.9871959838578562
-6.1640437067674805,27.561494894914958,121.83763603518706,94940.044447,94940.069884,0.9426932699589565
-6.147523652700217,27.47884217485826,121.63193734117867,94940.05778,94940.083179,0.9159862565721727
-6.211346321853118,27.54423354232945,121.92054281378952,94940.071114,94940.095559,0.9772727166818195
-6.224870918813739,27.506936073627855,121.76217888465897,94940.084447,94940.108127,0.9876931297030144
-6.247493372850321,27.51249855928636,121.7489394765687,94940.097781,94940.121644,0.9185192461864389
-6.2798657010216585,27.540962043951865,121.90684020723143,94940.111114,94940.135099,0.8565374212483223
-6.3245366539337295,27.579841464209345,122.12013412699764,94940.124447,94940.15603,0.8908678865669858
-6.342848541227742,27.53311257371421,121.8965995623835,94940.13778,94940.162059,0.8326715854124923
-6.364836357259841,27.53445522980741,121.8967470019347,94940.151114,94940.182101,0.917088673106566
-6.387960313008168,27.5300189066467,121.91232282237824,94940.164447,94940.188694,0.9103084153037935
-6.411899884302438,27.53944354870209,121.92458212677774,94940.17778,94940.201439,0.9588046439653365
-6.435704555726579,27.574744994084497,122.19791172939364,94940.191113,94940.215263,0.9357715687153254
-6.445515051010684,27.50715800604879,122.12360098035782,94940.204447,94940.229296,0.9686951448643027
-6.462277023039621,27.520098802693614,122.32486874373122,94940.21778,94940.24197,0.9850834082567396
-6.47116495805603,27.478400466675236,122.1485066549167,94940.231114,94940.256486,0.9362935276606396
-6.523861796361296,27.569519091120895,122.53117297252238,94940.244447,94940.270282,0.948556086760783
-6.532622540158545,27.5545570684485,122.49373095430809,94940.25778,94940.283463,0.9797252391521243
-6.525059750795635,27.489805610914704,122.26070583232095,94940.271113,94940.296274,0.9110286802607689
-6.53941260745483,27.463556059120293,122.26418958154044,94940.284447,94940.308468,0.8479998431018079
-6.539421092534016,27.431879776660107,122.14590635545264,94940.29778,94940.3221,0.916144788633102
-6.550610052622286,27.4400865137403,122.1960275035271,94940.311113,94940.336079,0.9772727166818195
-6.557681550175531,27.450605157860593,122.33242198511522,94940.324447,94940.348709,0.8881137407874935
-6.565513442243896,27.43851955662309,122.36976580308298,94940.33778,94940.362312,0.9150473631313927
-6.559808174734414,27.403610725230195,122.32893623171886,94940.351113,94940.374514,0.9156443652883987
-6.563471438389602,27.38627168530842,122.29655479883333,94940.364447,94940.388559,0.9463325952307844
-6.577681326715472,27.39476774873151,122.37805232642188,94940.37778,94940.40205,0.9316727473586925
-6.587808562887425,27.39834560638894,122.43259305279659,94940.391113,94940.415164,0.9033135595492301
-6.572122656325011,27.307453615105608,122.09321102139887,94940.404446,94940.431271,0.8844998856258702
-6.586294833873131,27.325798600209275,122.28131313756552,94940.41778,94940.441889,0.9994502768588703
-6.581865269174378,27.29887378328877,122.14068594650624,94940.431113,94940.456111,0.9808951038838384
-6.588943082590514,27.30672970910956,122.23111292620017,94940.444446,94940.469678,0.9433317267500078
-6.580792475974392,27.273187305567717,122.12258931393664,94940.45778,94940.48197,0.9575387589916772
-6.586101679305013,27.27657213224097,122.17675374090345,94940.471113,94940.495417,0.9968968142207424
