x,y,z,capture_time,detection_time,confidence
10.150444587281125,9.471739808009184,80.29869846366734,96423.13203,96423.155881,0.9913844327610254
10.149331128489088,9.471654682238773,80.32048963017907,96423.145363,96423.169789,0.9913844327610254
10.154962148951185,9.445557452693834,80.22747253121506,96423.158697,96423.182207,0.9644150138149021
10.149538345301353,9.457893265460934,80.36352849516685,96423.172029,96423.197549,0.9778811044038136
10.134540271245797,9.450515920900738,80.31397267476393,96423.185363,96423.209178,0.9615408322557736
10.114266259760695,9.436567816529578,80.32480721576034,96423.198696,96423.222692,0.9814689667080722
10.101003818535792,9.44082069949103,80.34371985286491,96423.21203,96423.236524,0.938095349924778
10.087465658088243,9.443486313910599,80.30182083986097,96423.225363,96423.25083,0.9997394626967355
10.07550913177128,9.457332681389403,80.29418841775595,96423.238696,96423.262965,0.9855047342142026
10.064434503923753,9.471412916037082,80.2819299244362,96423.252029,96423.276173,0.9941749866551287
10.05185759717008,9.499156597133911,80.28124022786214,96423.265363,96423.29652,0.9758932370517817
10.036738332707257,9.522818841139284,80.28987557514262,96423.278696,96423.303126,0.9604092581019723
10.034134083984561,9.558860930019549,80.41170090312396,96423.292029,96423.316844,0.9136891955992041
10.001945222175378,9.577609366713055,80.2761115098649,96423.305363,96423.329954,0.9901337822436618
9.989548744161565,9.597657428214674,80.28005169399655,96423.318696,96423.343839,0.975071180600558
9.98954166801773,9.625498832605263,80.34542426532674,96423.332029,96423.357044,0.9541494865287743
9.999219380172152,9.661145907080945,80.40693213186302,96423.345363,96423.369748,0.8791546782529016
10.013352543405686,9.692546639293056,80.42532058249466,96423.358696,96423.386186,0.9763507690212012
10.02754494522648,9.718890070769536,80.41753812446069,96423.372029,96423.396817,0.9941749866551287
10.048084486393055,9.740130740552727,80.39570739488757,96423.385362,96423.411281,0.9992462910519266
10.074284265836853,9.776205917154304,80.45245711817549,96423.398696,96423.423261,0.9899266139327197
10.101231006530787,9.804051064587306,80.51457269867387,96423.412029,96423.436596,0.9922804505833743
10.117033412667437,9.83870355313576,80.4792349984861,96423.425363,96423.451504,0.9949305421304095
10.10722649789324,9.893239029947905,80.4253241166672,96423.438696,96423.464598,0.9713229320217367
10.110690897641023,9.94509533322887,80.4746489879436,96423.452029,96423.476454,0.9830722790744756
10.128527198234725,9.988995192285289,80.49004578898708,96423.465362,96423.489851,0.9949416081889577
10.162695897245074,10.030484838125352,80.62749120264277,96423.478696,96423.503374,0.9870964951262583
10.18845954555442,10.039677852720096,80.660324480218,96423.492029,96423.518186,0.9911672098819618
10.209283710581676,10.050040497534663,80.587264906281,96423.505362,96423.529826,0.9817169486277544
10.226884909172401,10.103217935113179,80.57944416530647,96423.518696,96423.543555,0.9758932370517817
10.269741389901561,10.175870679932613,80.6466922770876,96423.532029,96423.556344,0.9584465479053943
10.297844937657084,10.254675051896713,80.70221433265002,96423.545362,96423.570416,0.9774907076491448
10.320989455663366,10.2858088001629,80.61816020385604,96423.558696,96423.582193,0.927311747339919
10.37884040937886,10.352029116526714,80.73244255944611,96423.572029,96423.602892,0.9943028823193105
10.41120768724703,10.360198507971363,80.54486280936054,96423.585362,96423.610163,0.9380106276921276
10.480433050099638,10.409558556087065,80.71283017478872,96423.598695,96423.623216,0.9359879732389701
10.525178406634774,10.417281482257438,80.63563166756165,96423.612029,96423.63583,0.9843741789790863
10.58760008509236,10.430770763807653,80.70917176467435,96423.625362,96423.649499,0.9508465543804255
10.62202499395608,10.438367819604348,80.63336253625972,96423.638696,96423.66374,0.9958056402437849
10.66429145346957,10.45105822084601,80.70449254768583,96423.652029,96423.677721,0.9994496699175337
10.695048390754014,10.46153597343296,80.74661051789485,96423.665362,96423.689207,0.9795422925977283
10.717238568265577,10.46685272100384,80.67137944376478,96423.678695,96423.702819,0.9867132502870701
10.74233273554184,10.478338486920368,80.68559807529795,96423.692029,96423.716701,0.9567743624649925
10.776062791170588,10.487423257520346,80.74194031187668,96423.705362,96423.729254,0.9831569400312672
10.791814123489665,10.50161406649991,80.76149911968295,96423.718695,96423.742619,0.9178840113730529
10.798361508485383,10.503704506684013,80.68098258726722,96423.732029,96423.756882,0.9266404433573964
10.818393958184476,10.514919500931226,80.71681942782702,96423.745362,96423.769448,0.9360277611912321
10.822855135709633,10.52946144919676,80.6563480185447,96423.758696,96423.782668,0.9961811560118137
10.83356875948575,10.561907439807731,80.68060460614456,96423.772028,96423.797183,0.9958056402437849
10.852941426875379,10.585824502133457,80.66089583325663,96423.785362,96423.809087,0.9556533027482119
10.885747008343378,10.637368484801454,80.79189532217075,96423.798695,96423.824341,0.9248015567616961
10.896799997882237,10.659753607474334,80.69057937312307,96423.812028,96423.839584,0.976028586342105
10.912645203698778,10.676317049914106,80.56330788625449,96423.825362,96423.851443,0.9446652135780479
10.942711573576739,10.713395291507627,80.70189840587152,96423.838695,96423.863484,0.9841420173008071
10.952153599999638,10.755688487114533,80.73882997722664,96423.852028,96423.878975,0.9870964951262583
10.953169843602915,10.79538040895624,80.73732805478679,96423.865362,96423.893255,0.94441233057118
10.962881403165234,10.85606983698925,80.75300707515176,96423.878695,96423.903415,0.9777765148734973
10.962024537788706,10.878924167236606,80.60668966446435,96423.892029,96423.917711,0.9835855987077328
10.980693028581895,10.958431243948214,80.72668251108156,96423.905362,96423.930654,0.9783528747318853
10.989191746542302,11.004934959079153,80.72808785038426,96423.918695,96423.943725,0.908597122781248
10.98496802380027,11.05021665014024,80.65330676767752,96423.932028,96423.9574,0.9590337371073515
10.99397087573048,11.110545871345616,80.70898334169291,96423.945362,96423.970195,0.9319982215891505
10.994242450805798,11.188572378726608,80.7237742672058,96423.958695,96423.983806,0.9599221349470002
10.987682025609693,11.252531733759369,80.65312062754414,96423.972028,96424.002305,0.9605874430733539
10.985654615733987,11.321602001330678,80.59116836423239,96423.985361,96424.009796,0.9550899474486417
10.995292177671692,11.40021738991419,80.68085922663407,96423.998695,96424.022979,0.9013965358550636
10.990517488227233,11.444999775107076,80.55235507273487,96424.012028,96424.035914,0.9735223914281932
10.998744056732031,11.486416785289505,80.52867085174681,96424.025362,96424.049649,0.9275920256572153
11.000884577096885,11.538970164818586,80.46597246028024,96424.038695,96424.063156,0.934857239858577
11.011460828784124,11.60609185817297,80.54409904606058,96424.052028,96424.078033,0.952783641678518
11.02544979419864,11.662506635144249,80.50307388246414,96424.065361,96424.088909,0.9747051557216944
11.026692731259304,11.720911928527029,80.3987768329394,96424.078695,96424.104565,0.9910635461477879
11.046948281199128,11.786068751283706,80.38378443214005,96424.092028,96424.117545,0.9408820558948071
11.04325406404573,11.836657091984343,80.23697512772053,96424.105361,96424.129443,0.947040101498808
11.059986652954299,11.91977937958762,80.29387215147632,96424.118695,96424.143045,1.0
11.05479497915704,11.985273356630659,80.20535837851229,96424.132028,96424.156541,0.9864846677553467
11.051870333339089,12.02851699506604,80.05136569709465,96424.145361,96424.169311,0.9596550720291307
11.075904517775303,12.120921169094858,80.10483284012575,96424.158695,96424.182401,0.9543855138740698
11.095538013911963,12.205486253236227,79.99815338878554,96424.172028,96424.197946,0.9506176585031341
11.097401704288371,12.288631897921412,79.88854858100854,96424.185361,96424.209583,0.9920342352560936
11.125035329929693,12.38767530495412,79.86420296545015,96424.198694,96424.225254,0.8823578138010333
11.127385557158116,12.473268761388036,79.70385977292544,96424.212028,96424.23569,0.8801086363555835
11.143114213849941,12.60024681091114,79.68474953048573,96424.225362,96424.251106,0.9646334628494279
11.152586230986111,12.726495978243618,79.6391097756693,96424.238694,96424.264371,0.8844136385373178
11.175997636343192,12.881828467423984,79.6496978941151,96424.252028,96424.275751,0.9812815037150027
11.183284079557685,13.012681808830191,79.47893896431997,96424.265361,96424.289614,0.8873968482713157
11.197577190374743,13.16468061051615,79.37727478998582,96424.278694,96424.303536,0.9044770740932995
11.213573414486195,13.318401262360272,79.30828634470332,96424.292028,96424.316628,0.9900849114149687
11.234568316265001,13.451458232226814,79.19672340893054,96424.305361,96424.329351,0.9844918804784117
11.252218845745046,13.599891504018284,79.08436958399473,96424.318694,96424.343098,0.9761795726090772
11.266473067204656,13.729316914400853,78.96361238613103,96424.332028,96424.357177,0.9728142330947681
11.293937046866324,13.886969198463133,78.95557641538386,96424.345361,96424.36963,0.9711571586145575
11.31620143407236,14.014877431090774,78.80837937460029,96424.358695,96424.38253,0.9623251810966982
11.326690600395327,14.132974952096799,78.61414282100029,96424.372028,96424.398627,0.9968527728509227
11.352974833667046,14.28305289937964,78.47712680150019,96424.385361,96424.409125,0.9909476425369065
11.390466244057853,14.420459889095769,78.38492364102207,96424.398694,96424.423455,0.9772433268806641
11.41049128536038,14.544481220521853,78.22667446289178,96424.412028,96424.43574,0.9470941167984203
11.436278603024432,14.665744442598621,78.05680434701009,96424.425361,96424.449559,0.9462828685095559
11.458796770667332,14.788574487562846,77.910343264179,96424.438694,96424.463189,0.9044241198662845
11.465356864284582,14.908580753277466,77.63569709943737,96424.452027,96424.476333,0.9732352223742099
11.495461341638462,15.06441511560939,77.54302289448567,96424.465361,96424.489743,0.9369733884247047
11.526115640629232,15.198902716554517,77.35982571108403,96424.478694,96424.502901,0.9718607379409399
11.559894573545165,15.338857311120236,77.18861140100618,96424.492028,96424.51727,0.9825702058121328
11.573126409487644,15.449908749415586,76.96424022803878,96424.505361,96424.530796,0.8949857817055472
11.580646428219099,15.571519849986036,76.73933322215495,96424.518694,96424.542241,0.9061024803274993
11.606325930272451,15.723582806727762,76.62967062999161,96424.532027,96424.557169,0.9994574457045231
11.629593620762837,15.852666444364912,76.43092545754263,96424.545361,96424.569071,0.9799102950659511
11.635475359361719,15.989053253332631,76.18968409625425,96424.558694,96424.582355,0.9960224019641614
11.673003793428238,16.156872283041366,76.07940655285826,96424.572027,96424.596646,0.9962750155660635
11.691683310875662,16.29146549205557,75.82428979133188,96424.585361,96424.608869,0.9487873243154817
11.72931808300074,16.4424060633551,75.72458189351306,96424.598694,96424.622893,0.9940387981861815
11.769836047614008,16.581742162041458,75.56594971661544,96424.612027,96424.636049,0.9931738001821955
11.814248064045378,16.716490751142707,75.39236436813732,96424.625361,96424.65077,0.924207942143472
11.862196484604826,16.85362192698327,75.213411215169,96424.638694,96424.664257,0.9747393937037446
11.911845053353694,17.0179074717487,75.09013526201413,96424.652027,96424.676308,0.9434902589585725
11.977365251618656,17.191657284292397,75.03236624452337,96424.66536,96424.695844,0.9328144811371355
12.015383019396047,17.335764292671765,74.79763958633013,96424.678694,96424.702586,0.9741651199284839
12.067372428381802,17.505853165843277,74.71719255805392,96424.692027,96424.715609,0.9644323544677147
12.110708596871397,17.6482216278208,74.51151650224865,96424.70536,96424.729943,0.9817966458060551
12.161336293744553,17.81863032306687,74.42538551406163,96424.718694,96424.742239,0.9924100392641109
12.216727637182355,17.97470230147648,74.33065394609957,96424.732027,96424.757992,0.9559302137501285
12.260502791908033,18.12741055687959,74.22917016464164,96424.74536,96424.769436,0.9781111195982498
12.295296690191533,18.269469385808392,74.06986178459906,96424.758694,96424.783368,0.9961811560118137
12.347594922427506,18.442912514445307,74.05293451890947,96424.772027,96424.802459,0.9796044714857162
12.377253915497855,18.565246071076892,73.8551763130428,96424.78536,96424.809689,0.9941749866551287
12.40803883369748,18.710622400511237,73.73867054906091,96424.798694,96424.822977,0.9397769666301432
12.453953916572008,18.873961873437043,73.76048817496034,96424.812027,96424.83591,0.9936281667266752
12.472751912509702,18.979896869868966,73.52359135348985,96424.825361,96424.85054,0.9712426230928781
12.501715846420812,19.125436406297588,73.49737220143237,96424.838694,96424.863692,0.9987223447929625
12.5128481110168,19.22919801146115,73.34389805060299,96424.852027,96424.879213,0.9317683466272775
12.532001006895793,19.375723649299232,73.30393715107125,96424.86536,96424.890062,0.9812586690502151
12.536329372151066,19.458119534355706,73.11050903840413,96424.878693,96424.90285,0.9797403392674535
12.540502986547851,19.557214823426754,72.96227345008069,96424.892027,96424.916019,0.9739108614241426
12.555274269481467,19.663991869619206,72.86710400100165,96424.90536,96424.930242,0.9903035728228134
12.57020349930201,19.762984263956966,72.72426782760894,96424.918693,96424.942516,0.9516722074128601
12.58003872498581,19.857530878112048,72.60868317155638,96424.932027,96424.957084,0.9131809391683112
12.571048220215362,19.92471673818983,72.40096071812432,96424.94536,96424.969705,0.9573119327418759
12.587997873092242,20.009349242124788,72.29532786264464,96424.958694,96424.98359,0.9683489191689953
12.598240979533506,20.075324160118452,72.16047438915712,96424.972027,96424.997409,0.9676204164066061
12.605340845654409,20.11303719395184,71.98726472258778,96424.98536,96425.011134,0.8273692031285882
12.607239919924693,20.151196376632573,71.80343357442909,96424.998693,96425.023327,0.9628393686494765
12.611328536294597,20.174957886799312,71.60087166957534,96425.012027,96425.036255,0.9713127618600917
12.610944013907686,20.2124113359941,71.43128218776965,96425.02536,96425.049845,0.9743244188528513
12.603583379423556,20.26787100455018,71.30906284828544,96425.038693,96425.062621,0.987033051815509
12.572773257972424,20.27438266014624,71.00899803040762,96425.052026,96425.075816,0.9876054461625571
12.553672008986108,20.3103659388175,70.83343503199973,96425.06536,96425.090322,0.9809645231132804
12.531919203916702,20.32855436283802,70.61866819852115,96425.078693,96425.102429,0.9960551917089089
12.510892215926274,20.357160052241277,70.43863424599188,96425.092027,96425.116958,0.9826114092001649
12.484603801123935,20.373063935122072,70.2153394087935,96425.10536,96425.136399,0.9739613447433327
12.469337142783932,20.384073177778102,69.99376017213518,96425.118693,96425.145997,0.9950252882246124
12.448740601489432,20.389868697235816,69.75984884795814,96425.132026,96425.156843,0.966298979710735
12.44637065126284,20.41575939604548,69.61627368754684,96425.14536,96425.169318,0.9243843665171525
12.433342736555812,20.416359511696477,69.40732512446642,96425.158694,96425.182703,0.9615334555318944
12.41954771944411,20.415355778921143,69.15405780539618,96425.172026,96425.197654,0.9932439620102159
12.399519762576091,20.412641396239163,68.89646175876281,96425.18536,96425.20906,0.9810231673327762
12.37991788454247,20.42678985991006,68.71123512992506,96425.198693,96425.223033,0.9832836558362003
12.353092909595551,20.417823742759644,68.44323530009324,96425.212026,96425.235878,0.9359751665160289
12.321825550221021,20.41786390358371,68.20710182689417,96425.22536,96425.24933,0.9422709699800154
12.30426437947644,20.447641958947717,68.06140782353522,96425.238693,96425.262997,0.9082615453153624
12.282070884142527,20.473439742690125,67.88188968614695,96425.252026,96425.275825,0.899039557956774
12.251150285906723,20.4728436246315,67.62611605451242,96425.265359,96425.296454,0.9430270321194512
12.252537965355367,20.51728761985991,67.52506084294143,96425.278693,96425.302353,0.9536116250766373
12.2304733843975,20.51642835480532,67.29790461547614,96425.292026,96425.31718,0.981591540925269
12.212631140357246,20.495466924956432,67.01623230474787,96425.305359,96425.331004,0.9512648435426408
12.213319885872545,20.48413577908244,66.82948004577068,96425.318693,96425.342384,0.944721746855282
12.20977224772231,20.46599444906185,66.60535076141203,96425.332026,96425.356406,0.99703874342696
12.220194499237515,20.44531225385886,66.44049894635396,96425.345359,96425.36921,0.9830961341726057
12.228670613056856,20.406292499251208,66.23370813101474,96425.358693,96425.382497,0.9188493468226706
12.240617284031293,20.358344456721184,66.02042387104875,96425.372026,96425.396807,0.9991453206081068
12.27076795582255,20.3360347753159,65.8896504628802,96425.385359,96425.40909,0.9900574764265451
12.278823697575605,20.273588201780004,65.64663753421412,96425.398693,96425.423795,0.9875755053345077
12.279310343162996,20.21326611557607,65.38470459880465,96425.412026,96425.436304,0.9329581867393276
12.295942269084723,20.17342755412483,65.21988102590207,96425.42536,96425.450274,0.9311013460480562
12.304430425805602,20.109606934171442,64.9807015353434,96425.438693,96425.464104,0.9338822997014603
12.307054794778196,20.041319974781096,64.72610959218783,96425.452026,96425.48264,0.962198418195813
12.314751546492683,19.972092302099863,64.52685474873034,96425.465359,96425.490372,0.9696701768812584
12.317556589220478,19.903334833440923,64.2946891237448,96425.478693,96425.502883,0.944895375073922
12.32551990884435,19.842546114812407,64.10346082251506,96425.492026,96425.51573,0.9293566391726142
12.323173102559466,19.760633526674116,63.8608335104465,96425.505359,96425.530247,0.9060937954663248
12.313276008867389,19.697893899790024,63.67276902066325,96425.518692,96425.543112,0.9148166969433404
12.289184472677292,19.604631149797243,63.405312826148716,96425.532026,96425.557886,0.9363643285057727
12.267165415856793,19.52894139418036,63.22351048666368,96425.545359,96425.569384,0.935459845242721
12.242463304332958,19.432961092753686,63.00566257861903,96425.558693,96425.583497,0.9614566524669553
12.222435539944328,19.342540743936695,62.84589941436548,96425.572026,96425.598353,0.9113953210395341
12.188381360681175,19.23013570294224,62.58965981379213,96425.585359,96425.609218,0.9542736379488335
12.165969548437362,19.136555474421368,62.400640122868786,96425.598692,96425.62299,0.9658176575430006
12.129986543600369,19.050325489088596,62.22363869266453,96425.612026,96425.636222,0.9791779152645403
12.096728733549767,18.95373629350779,62.02767426123717,96425.625359,96425.651273,0.9395174860538272
12.064874330005964,18.875827870370085,61.85427703639973,96425.638693,96425.66296,0.9525830588087675
12.03907239274936,18.809464152017476,61.72360521799892,96425.652026,96425.678529,0.9810512862385002
12.0107877739251,18.743219241459126,61.575747399642324,96425.665359,96425.689599,0.9433453531345589
11.969626605040096,18.655944974410097,61.39512769797161,96425.678692,96425.703452,0.9891567285521768
11.930629837138387,18.574741367215154,61.24697271238775,96425.692026,96425.716943,0.9045637775733903
11.899803793340368,18.507509957059288,61.150492313060994,96425.705359,96425.730682,0.9632972617333266
11.85920723948029,18.429358735367178,61.03203108630389,96425.718692,96425.742678,0.8786048244880318
11.81120018832716,18.332527154783175,60.86718529465706,96425.732025,96425.75683,0.9735869003785195
11.772025495086195,18.257006252792838,60.78312890810708,96425.745359,96425.769177,0.9616166054285957
11.737939742502816,18.195181165802754,60.730205419843784,96425.758693,96425.783514,0.906724179629137
11.687130949515815,18.10275861795775,60.572029865792274,96425.772025,96425.797276,0.9541748001285467
11.64575897414916,18.035819758758585,60.4792200683385,96425.785359,96425.815966,0.9303167630284849
11.60881545539811,17.969092750274427,60.40573939270349,96425.798692,96425.823233,0.9943397999093783
11.572475215896409,17.895065093317633,60.31472390465962,96425.812025,96425.836042,0.9508499422247664
11.540728659924872,17.814204483100678,60.21360060500558,96425.825359,96425.850865,0.9841741386307152
11.521641107973705,17.740629883404846,60.150350081193736,96425.838692,96425.864122,0.9722186293797695
11.497920899049701,17.664140209950553,60.04082685747144,96425.852025,96425.876098,0.9547056025738253
11.4833158478812,17.6099322224547,60.01919645147955,96425.865359,96425.890916,0.9162374960964652
11.464511985024123,17.56018839848032,60.00249114947145,96425.878692,96425.902484,0.9981712697693766
11.428417667510336,17.48691270929698,59.883590125686254,96425.892025,96425.918139,0.9169796170459201
11.4057846767379,17.44842232732686,59.867587208547505,96425.905359,96425.929611,0.9792569021211271
11.366194906982962,17.392746994782037,59.788428104838296,96425.918692,96425.943786,0.9578046390424432
11.329577026409678,17.33870425701654,59.69712235095048,96425.932025,96425.957005,0.9366882464958308
11.285004609812967,17.288757553991573,59.600680174272085,96425.945358,96425.970843,0.9799704666323833
11.232311994354736,17.22774013283843,59.47361231070188,96425.958692,96425.982859,0.9555262300751829
11.19549405301123,17.190852977674357,59.44228928643423,96425.972025,96425.996964,0.9902325756103983
11.139957559350517,17.145761215700023,59.32567669954777,96425.985358,96426.009677,0.9423331202694512
11.082432285922296,17.102457109221348,59.245760657096625,96425.998692,96426.029899,0.9676316918955751
11.02550231981422,17.055904506184127,59.136254441569115,96426.012025,96426.037053,0.9390869254248557
10.955251405945992,16.993753381722033,58.964147286758276,96426.025359,96426.050678,0.9519182309869729
10.893522016618904,16.95716995994571,58.87236907103763,96426.038692,96426.063595,0.9261986667312805
10.818651088886604,16.886200178699752,58.66331499463167,96426.052025,96426.075983,0.9841788771334291
10.754614024725392,16.877162265832748,58.62385285094199,96426.065358,96426.090455,0.9489534412843209
10.669862609038029,16.804906681315252,58.385702004092856,96426.078692,96426.106038,0.9512593255031654
10.590778697603533,16.76147808313039,58.242919455318756,96426.092025,96426.117488,0.9773060460631361
10.501332379929003,16.725200277508467,58.0965644604965,96426.105358,96426.129252,0.9689094902617518
10.420839056312673,16.704447413737014,57.96810572376373,96426.118691,96426.142556,0.8826509860416137
10.339332436074123,16.689396417437933,57.84241301501261,96426.132025,96426.158411,0.9436903368592987
10.253585845994683,16.654635995671295,57.632672651173664,96426.145358,96426.169284,0.954654986517756
10.18315070643407,16.6324678219688,57.48554720589933,96426.158692,96426.182509,0.9079084700609944
10.102769255561501,16.606836442204944,57.30740236813347,96426.172025,96426.195601,0.9413363226868764
10.026260445996241,16.58833725063999,57.13124054565337,96426.185358,96426.209008,0.9563613118134677
9.936436447100583,16.567371101624587,56.935860938975345,96426.198691,96426.223288,0.9764802033540928
9.84984900935163,16.554361075156073,56.77859467138104,96426.212025,96426.236195,0.9399805863915501
9.76130455398129,16.5342417411396,56.59495854363181,96426.225358,96426.250278,0.9991222665914272
9.665847028904057,16.499208057504386,56.32495587031273,96426.238691,96426.263037,0.9625446244995608
9.574143265129392,16.474998168153146,56.09800615360502,96426.252025,96426.278288,0.9738711400060611
9.486606887754588,16.47083494846797,55.92594289465894,96426.265358,96426.290274,0.9432442520635681
9.384152031188004,16.465979299524292,55.71398640269858,96426.278691,96426.302922,0.9945737189058431
9.262983985749097,16.449334951451203,55.44368905964787,96426.292025,96426.322139,0.9578790536171656
9.131592769076121,16.440364200615964,55.178055417295354,96426.305358,96426.330324,0.9942908126106397
9.013894027906693,16.478668183589622,55.03630576055899,96426.318691,96426.342334,0.956308548441107
8.887757869946949,16.492410325871354,54.81331617147989,96426.332024,96426.356855,0.9707820268375128
8.763212520575992,16.49088545743932,54.54423399059454,96426.345358,96426.369225,0.9551123453472864
8.64502199087257,16.49620004794654,54.298894106790016,96426.358692,96426.383936,0.9958868663261777
8.538874949153184,16.525722666837126,54.14083999203048,96426.372024,96426.397508,0.9677369395699462
8.421674068053173,16.511047033312675,53.851105478094354,96426.385358,96426.409985,0.9547318870254471
8.317188391679569,16.53371990977412,53.686684382145984,96426.398691,96426.423434,0.9950422770433477
8.203990479143924,16.52614754243029,53.43827569690297,96426.412024,96426.436339,0.946587587832231
8.09044437981523,16.520094273231404,53.1792300163175,96426.425358,96426.44966,0.9845003469911724
7.989786132683562,16.549514433419453,53.022372618798684,96426.438691,96426.463115,0.9931310601006567
7.884758763932221,16.54324644480657,52.76365967681376,96426.452024,96426.475695,0.9177414062570926
7.791904526176945,16.546104548501102,52.54058314498948,96426.465358,96426.489932,0.9672844655705742
7.705791784299978,16.549552034098287,52.34475166603692,96426.478691,96426.502388,0.9540110097624063
7.62264234652042,16.52704266786934,52.093138668012756,96426.492025,96426.517707,0.916942327644464
7.552069329721181,16.504484427991354,51.85421338562608,96426.505358,96426.536197,0.9177414062570926
7.4868648071687485,16.476202069657724,51.63964715196691,96426.518691,96426.543152,0.9983134785117868
7.425732036851246,16.432242153345342,51.3819506273212,96426.532024,96426.557603,0.9852409917293006
7.372041968177219,16.403997329240852,51.197152403005326,96426.545358,96426.569658,0.9860724296412764
7.318290600559059,16.35741231123249,50.96321531737955,96426.558691,96426.582175,0.9692545741411237
7.272363354144639,16.33181046353267,50.793427176462785,96426.572024,96426.596611,0.9858417370098768
7.222530042393534,16.26752387206424,50.527690348273055,96426.585357,96426.609603,0.9661371064396532
7.179677725928533,16.219557962969432,50.3095370472577,96426.598691,96426.623869,0.9866497462114863
7.1402825410642965,16.17248074673547,50.10996360946589,96426.612024,96426.638352,0.9685534804468088
7.103459777081343,16.126653273626772,49.907870229117385,96426.625358,96426.649783,0.9877063561793559
7.068483968322655,16.087716251207524,49.7332013139022,96426.638691,96426.662522,0.9867972420999437
7.03154821714258,16.04075079238153,49.53129322732962,96426.652024,96426.675758,0.9973266324566451
6.994904655198935,15.997687445769607,49.341958721858816,96426.665357,96426.691493,0.9455087036125709
6.961473903249945,15.964126829019088,49.18495422039604,96426.678691,96426.703059,0.9577618053575602
6.923475575244339,15.925649150537401,48.99836849062944,96426.692024,96426.715997,0.9618606390741671
6.888676086611617,15.884265391312802,48.82550259993968,96426.705357,96426.729674,0.9899701691127493
6.854537026240546,15.84310293457894,48.65669030094118,96426.718691,96426.742695,0.9695702581170726
6.818595783712346,15.813277061494826,48.506190699737935,96426.732024,96426.756775,0.9721009703906681
6.78624914926813,15.775964441496853,48.36264564464352,96426.745357,96426.77086,0.9236008781788493
6.751246280784146,15.730779873913244,48.18528310396737,96426.758691,96426.782857,0.9801037054068491
6.7144808808958,15.68681097962929,48.03117070668109,96426.772024,96426.796465,0.987606456144916
6.673919982556937,15.633425014310966,47.84148909611334,96426.785357,96426.809087,0.9814927318301667
6.633049355988175,15.60642841049277,47.72104366308563,96426.79869,96426.823449,0.9854727920054597
6.586624762202541,15.552102748647508,47.5314075260861,96426.812024,96426.835939,0.9764585377161381
6.544594850804504,15.51849645999026,47.41012043879183,96426.825357,96426.850478,0.9894837043898482
6.502239449561272,15.470460460385173,47.25662693912185,96426.838691,96426.863404,0.9694287095616404
6.463640591777258,15.42077455404461,47.1087279461171,96426.852024,96426.875816,0.9792370819398395
6.428215982651067,15.379815099793333,46.99086958178549,96426.865357,96426.890004,0.9978645840186956
6.395328306159926,15.344546502972184,46.888705868906364,96426.87869,96426.902737,0.9758706664489131
6.356809016331209,15.292157750945726,46.738115115194816,96426.892024,96426.917716,0.9546202611316144
6.3232972691252884,15.272959416352409,46.65348115368618,96426.905357,96426.93012,0.9691578877548017
6.286827042675711,15.246355250107547,46.5533613420971,96426.91869,96426.943458,0.953725159014049
6.256726886808664,15.212028063517556,46.43476768865778,96426.932024,96426.956549,0.9639004495963146
6.2323045824961545,15.197487666436478,46.390141472107025,96426.945357,96426.969744,0.9287657321642502
6.202431534830511,15.156657221472202,46.25536621011625,96426.95869,96426.983014,0.9765638124446661
6.188408189549389,15.13699998922832,46.19392276944494,96426.972023,96426.997447,0.9358971033105733
6.170952274256617,15.108463504150068,46.086229246154474,96426.985357,96427.008996,0.9815261032038439
6.156688687617476,15.09405435652013,46.0295575641328,96426.99869,96427.030247,0.9912937643547459
6.140316938223515,15.079583851221235,45.960750981870824,96427.012023,96427.03591,0.9786966615057641
6.122249592112418,15.054818061646671,45.861514645732576,96427.025357,96427.049546,0.9566851606614516
6.106860068781792,15.029671708181137,45.7612692018394,96427.03869,96427.063122,0.9647373530684317
6.086879035250548,15.009866862747717,45.69001171509394,96427.052023,96427.075921,0.9296791917350433
6.062088317175652,14.987329901904058,45.60409206321722,96427.065357,96427.089429,0.9850828194531257
6.035270989421272,14.966008153550092,45.53112843372156,96427.07869,96427.103003,0.9838890865166228
6.010860094874133,14.944815415913613,45.444425699433275,96427.092024,96427.120371,0.9972070551254438
5.981841304159126,14.906104906431736,45.3332959810838,96427.105357,96427.130149,0.9451647563775107
5.95513286466766,14.889151381311233,45.279605647656176,96427.11869,96427.142442,0.9911004821346197
5.934557820510276,14.862109896519272,45.21389967383097,96427.132023,96427.156559,0.9606204090212179
5.911212262195398,14.834259326632777,45.14424474445098,96427.145357,96427.169167,0.9789333812612001
5.885190990576427,14.799814532305135,45.067914251707734,96427.158691,96427.183416,0.9294277904102138
5.866422741014408,14.780159270256279,45.03908633080556,96427.172023,96427.199293,0.9932410919535953
5.847908288575737,14.754767522452696,45.00777233122793,96427.185356,96427.212261,0.9912992607253042
5.836011784517492,14.72905628219466,44.99994232101529,96427.19869,96427.223162,0.931968353867778
5.818677244123117,14.715385142629906,45.026158619884725,96427.212023,96427.236451,0.9918838457972718
5.79149606549817,14.683315808707068,45.011813279541066,96427.225357,96427.249277,0.9836592044971636
5.762893242539353,14.67358088622276,45.03918421637439,96427.23869,96427.262927,0.9684131842204573
5.721627484098354,14.655787862379547,45.05786660963241,96427.252023,96427.275686,0.9718849813075828
5.675291354306157,14.632480610342993,45.04472147810676,96427.265356,96427.290357,0.9475771609947263
5.62490406792716,14.635877396574742,45.10155504159926,96427.27869,96427.302464,0.9758702792823768
5.558094096304689,14.626124164037956,45.11351118003035,96427.292023,96427.322524,0.9581420659348369
5.48783511897988,14.625600828271494,45.14128088069847,96427.305356,96427.329494,0.9797856454905134
5.398264602068471,14.634409587963262,45.174290597398546,96427.31869,96427.344362,0.9841294050376986
5.30142810692529,14.642056796027038,45.17386152965923,96427.332023,96427.357255,0.982337507788822
5.200212190155219,14.657189103112332,45.197288013503595,96427.345356,96427.369767,0.9865590905136162
5.085098459235767,14.67274469440452,45.2052614696678,96427.35869,96427.382846,0.9756302876873769
4.952097629881408,14.69885686112186,45.24254627159946,96427.372023,96427.396919,0.9873163642141014
4.804298153543069,14.70224036975936,45.20673090119119,96427.385356,96427.408896,0.9703901491193052
4.638281687051805,14.704062250115204,45.177451122628014,96427.398689,96427.423344,0.9985173698399217
4.467212861874454,14.693495372864371,45.12827545586899,96427.412023,96427.435988,0.9981555800459192
4.297695779516938,14.691026201732008,45.12862123772092,96427.425357,96427.450455,0.9743359080312808
4.132010145413719,14.682886035305295,45.104081078890594,96427.438689,96427.469519,0.9953888545174069
3.9687590538026014,14.678826517952906,45.10732351488922,96427.452023,96427.476853,0.9971788445824281
3.8064952678383155,14.686747248601575,45.15018231773795,96427.465356,96427.490102,0.9794841538955172
3.6481400410571707,14.693277109911515,45.17370218707049,96427.478689,96427.502367,0.958140213112713
3.494477646026231,14.701157077534676,45.20944928432291,96427.492023,96427.516322,0.9993314261739489
3.3419834471706062,14.707101442471691,45.23560925145957,96427.505356,96427.529888,0.9770769748065564
3.192851403921294,14.702595158373907,45.23126511081782,96427.518689,96427.542265,0.961898582258311
3.0422399322767992,14.719704598199447,45.30139397230291,96427.532023,96427.556468,0.9754999749684722
2.8889601120046193,14.717877641653649,45.3347252196997,96427.545356,96427.569733,0.936914452370319
2.7436870966089093,14.710005277481688,45.36225196686035,96427.55869,96427.584187,0.97971916072263
2.5954158981658715,14.684486291799233,45.37322565936472,96427.572023,96427.597163,0.9897737359249906
2.446611660849891,14.671760669074644,45.422135950047426,96427.585356,96427.610032,0.9368085867062612
2.2947190179971155,14.65646215350673,45.47073781697267,96427.598689,96427.62352,0.9980384376362964
2.1314021733182824,14.635621000090309,45.507954086601536,96427.612023,96427.635868,0.9603265758548633
1.9536209466981562,14.620932586899361,45.5651605121888,96427.625356,96427.649262,0.9427024091804647
1.7739925899486906,14.589931039429686,45.576228969133815,96427.638689,96427.663749,0.9751226156725524
1.5909070974935045,14.560542494973774,45.626833502073964,96427.652022,96427.675774,0.9496646930193401
1.4027918770313486,14.519307708508165,45.678169780594175,96427.665356,96427.697305,0.9727190183171539
1.217574615298169,14.46020654977998,45.68726765174036,96427.678689,96427.703245,0.9101217567998063
1.0235782269277443,14.413969772291837,45.755194175985594,96427.692023,96427.717341,0.9684810960177677
0.8258406898266492,14.354843913837819,45.78931209863493,96427.705356,96427.729916,0.9972636336162586
0.6148639600015994,14.29466103560269,45.81861901753599,96427.718689,96427.745117,0.97423893139731
0.39727557167719924,14.221440944696928,45.821607537360826,96427.732022,96427.756593,0.9835010735093798
0.16902772484227518,14.16654588221347,45.882934328368506,96427.745356,96427.76922,0.9274463837852147
-0.0559581505723747,14.097792309947296,45.91101140688271,96427.758689,96427.782888,0.9530436309879319
-0.2837393832860981,14.02468543841639,45.91376622961685,96427.772022,96427.797333,0.9949495642296498
-0.5121624676156197,13.962928421475153,45.94708530829629,96427.785356,96427.809111,0.977704596699035
-0.7388635498891558,13.898606762517515,45.96753774115641,96427.798689,96427.822911,0.9384401489048905
-0.9695451788612895,13.843607612501915,45.9998466377018,96427.812022,96427.837416,0.9155494198283368
-1.2076000732628154,13.802095685104398,46.05686600826333,96427.825356,96427.849484,0.992832520448102
-1.4504173681802124,13.759501644695987,46.09683747863244,96427.838689,96427.862758,0.9671333331971633
-1.7055831285514007,13.73701960765868,46.17276379268401,96427.852022,96427.875565,0.9736527713412809
-1.9639822049617925,13.709247858496141,46.20831603169928,96427.865355,96427.889878,0.9637223721361629
-2.2405109415879303,13.691853626029253,46.25930019449681,96427.878689,96427.902941,0.9787702039637536
-2.51999278156243,13.685976636401533,46.31983697535238,96427.892022,96427.916037,0.9719843604397606
-2.8044774624240296,13.67756747434063,46.34523032304786,96427.905355,96427.930173,0.9024519096323187
-3.106432840090152,13.688011323899765,46.41813329499118,96427.918689,96427.944089,0.9215408432166661
-3.40968540738985,13.685617967952714,46.43605117375506,96427.932022,96427.958203,0.9655465848804239
-3.727500161523058,13.700585482271057,46.47218059869198,96427.945355,96427.970067,0.9372990349887387
-4.060706129475949,13.708606691221549,46.47928364621081,96427.958689,96427.982774,0.9721659094152016
-4.401010687256511,13.724177030173665,46.485110207252106,96427.972022,96427.996136,0.9677448328325574
-4.760467156380636,13.755173291438478,46.53763107409165,96427.985355,96428.010014,0.9271905009863965
-5.111933385032643,13.76683382291376,46.513675992929954,96427.998689,96428.022846,0.9491473851179519
-5.480249380339052,13.803410969685222,46.55421175089357,96428.012022,96428.036718,0.9497518358673059
-5.847439392262337,13.826131768569338,46.54982955280746,96428.025355,96428.050406,0.9676530902859739
-6.223105743670929,13.863969204868948,46.57599407905803,96428.038689,96428.062619,0.979294179185924
-6.60097142896288,13.892747569231188,46.58631384561873,96428.052022,96428.075888,0.8818069208576513
-6.977619940816557,13.91751194392388,46.59062521647494,96428.065355,96428.090227,0.9981482646258931
-7.351661917841886,13.933377051564046,46.56046859958081,96428.078689,96428.102262,0.8877208359214487
-7.734559186257439,13.962927004474068,46.55107839737612,96428.092022,96428.116493,0.9168918020068852
-8.121601002015225,14.002399606611053,46.5552357652194,96428.105355,96428.129271,0.9717860289288254
-8.50292947087992,14.031108665591196,46.52575178382245,96428.118688,96428.149145,0.905857080721366
-8.898377628958984,14.069710049243012,46.5260741849933,96428.132022,96428.162284,0.8802383480547596
-9.30212494554343,14.12043022944862,46.54131839227626,96428.145355,96428.171709,0.8743915453172634
-9.708129858050507,14.170969359559011,46.5458013245313,96428.158689,96428.18358,0.8689593241071595
-10.110551452035077,14.219121224420938,46.51984660343316,96428.172022,96428.196237,0.9104617152491705
-10.509758100285104,14.269656311617021,46.488737696353255,96428.185355,96428.209259,0.9293267984537029
-10.88708049481879,14.301590174047355,46.39607070088185,96428.198688,96428.224386,0.874844436880098
-11.282176185495413,14.35865240341542,46.37715454398928,96428.212022,96428.235872,0.855579521833185
-11.664221288359997,14.411159081617473,46.33403839537513,96428.225356,96428.249106,0.8548864544035183
-12.038960166373487,14.462484630554597,46.28757033032893,96428.238688,96428.262187,0.9426656244920703
-12.384853301479849,14.495345386191058,46.20633045982712,96428.252021,96428.276526,0.8803305883515491
-12.745476916167673,14.534492464770636,46.174894303603416,96428.265355,96428.289005,0.9246887287880396
-13.094226583326055,14.577372925259048,46.14935687032604,96428.278688,96428.304779,0.9204928497620275
-13.416496477243312,14.594948062619547,46.05198465850019,96428.292022,96428.316707,0.9176340633099535
-13.753441297399515,14.62507620877967,45.98996314250573,96428.305355,96428.330189,0.8745622379423644
-14.07749298348466,14.65477500695477,45.92916390350938,96428.318688,96428.343618,0.8834871875435619
-14.392396161324067,14.679362920608497,45.848685436416275,96428.332021,96428.357457,0.8690795931170984
-14.710491410516578,14.706760810131598,45.79734308668884,96428.345355,96428.370008,0.9556343488387821
-15.031692371027354,14.7383516285191,45.75618993704716,96428.358689,96428.383197,0.9988986909077658
-15.32016789353426,14.748513562631471,45.66109824139389,96428.372021,96428.396772,0.9706735584187266
-15.622106220296486,14.772446883695268,45.616878228977214,96428.385355,96428.417177,0.8897671370365715
-15.90785704870742,14.795283939509375,45.55417523234949,96428.398688,96428.429474,0.9932058952494861
-16.203658734999966,14.82130547505113,45.520385955856426,96428.412021,96428.437319,0.9913129665359757
-16.470205411106896,14.828373609884125,45.45651492831441,96428.425355,96428.449811,0.952707046065635
-16.750789206956703,14.854624690352209,45.44280214455877,96428.438688,96428.464369,0.9732273824757719
-17.011619756884105,14.860072803423446,45.404871023061766,96428.452021,96428.477436,0.9367753009308945
-17.27534721070073,14.868391956794827,45.38826098946726,96428.465354,96428.490628,0.9974445286114318
-17.508115612847533,14.856984388221584,45.31779437888761,96428.478688,96428.502508,0.9954171345805869
-17.754555983287677,14.858547549008732,45.29517049213721,96428.492021,96428.515543,0.9671537702383453
-17.980614404097786,14.84706156243194,45.225549103200095,96428.505354,96428.529323,0.9735729159377332
-18.246886339084387,14.86563949491493,45.25772511370616,96428.518688,96428.542402,0.976424468178132
-18.458321012376864,14.848414765616782,45.19334683834738,96428.532021,96428.556864,0.9571400097100272
-18.69189543295035,14.847848727633083,45.185782330089935,96428.545354,96428.570009,0.9284972627196069
-18.90409666751892,14.835013172136712,45.1492665739336,96428.558688,96428.582173,0.8972851121805733
-19.113474073536256,14.830229069215935,45.1299621570988,96428.572021,96428.596967,0.9242463405952976
-19.321210070811663,14.83210853943699,45.12573546338391,96428.585354,96428.609968,0.9533186571295623
-19.51406147040391,14.82914616744513,45.10815245592588,96428.598688,96428.624149,0.9650397424992111
-19.705077797243398,14.828844470355055,45.09865981321187,96428.612021,96428.636829,0.9247384505667076
-19.89182788821796,14.835435818803933,45.09925004068491,96428.625355,96428.649436,0.9825137447053695
-20.071743895573263,14.848902015111108,45.10801444174514,96428.638688,96428.662791,0.9387950802540238
-20.213310546409307,14.836002076503414,45.06435241270437,96428.652021,96428.675911,0.9186356016864492
-20.375583150882928,14.841425482710543,45.07915615638906,96428.665354,96428.690851,0.9285073907281425
-20.49963730508769,14.825825414145642,45.041413824389785,96428.678688,96428.704482,0.9827825735507364
-20.635194261305575,14.817010355716628,45.022496353382174,96428.692021,96428.716695,0.9101695477467596
-20.77515772511323,14.815312604562891,45.016950339690126,96428.705354,96428.73034,0.9553523746525713
-20.921593325797172,14.819407834085155,45.013953451270595,96428.718687,96428.742543,0.8973042391723822
-21.03612930976968,14.799917098111502,44.961686961339346,96428.732021,96428.756122,0.8921469086845538
-21.17219283313094,14.794871253335067,44.96187911871382,96428.745354,96428.770701,0.9660988790239983
-21.314402646093185,14.799711870595774,44.96768036363105,96428.758688,96428.782411,0.92242819031187
-21.444357578556367,14.799511668449124,44.97053862486611,96428.772021,96428.796255,0.9208484176391595
-21.559652462616476,14.78463640134864,44.9389498617805,96428.785354,96428.81121,0.9972672408147822
-21.655340673107325,14.76027806923663,44.87466547084275,96428.798687,96428.82251,0.9814451584015134
-21.769216994458816,14.750723381193664,44.86762314436237,96428.812021,96428.83587,0.9924759969465321
-21.876584311015442,14.73685347311157,44.873036995556234,96428.825354,96428.849385,0.9192281011579979
-22.00820473580061,14.738400925206957,44.93313089169008,96428.838687,96428.862414,0.8583461388535242
-22.010030071906233,14.66993287720612,44.774323869175156,96428.852021,96428.876732,0.8744435354426958
-22.17803177436651,14.6407076424744,44.85033990136837,96428.878687,96428.903471,0.8775847895206463
-22.190454383671433,14.600719977129836,44.8021067970593,96428.892021,96428.916895,0.8771448752341207
-22.240761088044014,14.562050727936729,44.813109406364646,96428.918687,96428.943256,0.973285153650554
-22.278436574317272,14.569241084176651,44.88294663401571,96428.93202,96428.956126,0.8799806531603985
-22.25182648939908,14.55366712708849,44.856393973653084,96428.945354,96428.969218,0.8286499315823498
-22.23693337321994,14.559593751672903,44.920353014145114,96428.97202,96428.995952,0.9281730973709561
-22.201562504136803,14.552130895749865,44.90299106971908,96428.985354,96429.010221,0.855430259103206
-22.195041851151363,14.56017188070316,44.93787369817931,96428.998687,96429.024779,0.9772781060231932
-22.184431004113755,14.571106671014048,44.960093828796076,96429.01202,96429.036638,0.8898515758080789
-22.128730080874615,14.5657636227402,44.97333518715455,96429.038687,96429.064765,0.8672418724281296
-22.101697166709986,14.561240019288967,44.97461564194605,96429.05202,96429.075716,0.9373011331219276
-22.05763595737906,14.536507107803718,44.924630781618646,96429.065354,96429.089862,0.9140387864215478
-22.03375842983441,14.524431301964853,44.905214811039805,96429.078687,96429.102636,0.9980792877035665
-22.055690995437523,14.535777027431667,44.982705366004105,96429.092021,96429.122781,0.8990771868625905
-22.021027221241056,14.509610088251293,44.934618723287485,96429.105354,96429.129322,0.9629963524402717
-22.019826351333474,14.514228633612436,44.972035633746444,96429.118687,96429.14328,0.8605518141784373
-21.988579078424202,14.497238041098647,44.9652666138987,96429.13202,96429.158111,0.9755330189254403
-21.963241552058953,14.492024103233467,44.974431572545555,96429.145353,96429.169599,0.9684612061086271
-21.91478151475641,14.470964224164096,44.93356177697371,96429.158687,96429.185453,0.984061354805669
-21.9265951846811,14.489107238047339,45.00280968628635,96429.17202,96429.199226,0.9001828247074359
-21.893403726167744,14.474101994598826,44.9721462518557,96429.185353,96429.210587,0.9876446270707032
-21.889541386505808,14.47682535747662,44.99517315230282,96429.198687,96429.222857,0.9918544176096667
-21.884535673818718,14.490651710119845,45.034701900310665,96429.21202,96429.235994,0.8511971340887341
-21.858768691308395,14.48975547179555,45.019347113861116,96429.225353,96429.256431,0.9695152983553773
-21.844264214188204,14.501659152649887,45.039162641865495,96429.238687,96429.262728,0.9237896935298872
-21.79825701220029,14.498826749287764,45.01191286324959,96429.25202,96429.27587,0.8588955255484211
-21.768031696021698,14.505676200399968,45.0086877813108,96429.265353,96429.289493,0.97369829919068
-21.74994819344723,14.520593590304436,45.02258861691664,96429.278687,96429.302998,0.9671193379183185
-21.74355586704991,14.544605584983756,45.054985934755244,96429.29202,96429.317066,0.9815892997995499
-21.728303753745287,14.561971119623305,45.0644498777794,96429.305353,96429.335931,0.9976757666265871
-21.69311455168369,14.57012809011789,45.04346508184349,96429.318686,96429.342748,0.8955450503668858
-21.675686499889522,14.588021599567963,45.05014011506427,96429.33202,96429.35614,0.9490312194034936
-21.645087665265137,14.594962068402863,45.0219698003986,96429.345353,96429.371299,0.998610225703905
-21.645296759509414,14.627060874867626,45.07901791033923,96429.358687,96429.383726,0.9225004218833743
-21.62283247122357,14.643801380517589,45.09015056978084,96429.37202,96429.39619,0.8039693789306165
-21.601259442219025,14.658429687444714,45.110202137223695,96429.385353,96429.409882,0.8016387822238735
-21.569378121806558,14.666218037956748,45.1093103407839,96429.398686,96429.423908,0.9309489596009286
-21.52665807863387,14.657617751904404,45.09663199695318,96429.41202,96429.436288,0.9613067474414818
-21.52591854248864,14.666577561596478,45.13751677631113,96429.425354,96429.449233,0.9977163918411465
-21.50098714871064,14.660092605332771,45.14262580032161,96429.438686,96429.463805,0.924289672730211
-21.468037253342086,14.644406908810947,45.13217036484109,96429.45202,96429.475811,0.9050813605642232
-21.431007994315124,14.623443989938375,45.11775671709056,96429.465353,96429.490249,0.9465774382270099
-21.41454072769776,14.610229891805147,45.1498802835644,96429.478686,96429.503214,0.9332035391764842
-21.391380342872292,14.584849147584748,45.162885191005834,96429.49202,96429.517077,0.8929167552917164
-21.358255430916802,14.554885555235025,45.16420954357227,96429.505353,96429.531085,0.9201830329394491
-21.334755652925796,14.53086670957056,45.1782372974966,96429.518686,96429.54305,0.8811596960123067
-21.299849570828805,14.492494061694394,45.1638128048368,96429.532019,96429.562057,0.9318465046556621
-21.282464529278112,14.465545574891735,45.18042189337957,96429.545353,96429.569733,0.9212412212994803
-21.27504223151141,14.436524683365342,45.221625786186095,96429.558687,96429.582627,0.8916729452238004
-21.246893743765472,14.393508677541732,45.22814628160443,96429.572019,96429.597056,0.9260182459374914
-21.20056298333976,14.339223597351337,45.22240221263933,96429.58537,96429.609337,0.9208981959938709
-21.164809845851238,14.28315340736287,45.220664354594874,96429.598704,96429.625055,0.935872247289795
-21.16447381908985,14.250089534373428,45.30338442918153,96429.612037,96429.638565,0.9134233970710738
-21.117169069775873,14.189005785798942,45.29938891143506,96429.62537,96429.650103,0.8955263821816879
-21.06653631305509,14.114763598763426,45.30141693182925,96429.638704,96429.663156,0.9798449753287232
-21.01760063340103,14.04062687634909,45.31403952927145,96429.652037,96429.676464,0.9222083357918459
-20.983167524851897,13.96987150730765,45.35051878060725,96429.66537,96429.690293,0.950326146054836
-20.960861739694028,13.905036708533776,45.423779330949216,96429.678704,96429.702821,0.9440704121124033
-20.899243608796432,13.811522781659248,45.426306066999665,96429.692037,96429.716222,0.9627495993889827
-20.849099914066034,13.718026265005987,45.43715167598733,96429.70537,96429.730261,0.9602661461719666
-20.81822934486904,13.632847265542491,45.488994888928865,96429.718703,96429.742618,0.9193318129313154
-20.774434641266634,13.536598410784332,45.51675021151045,96429.732037,96429.764743,0.9103424404820224
-20.720650431589526,13.426881149893383,45.522269777875124,96429.74537,96429.769276,0.9911465268593332
-20.6767542093594,13.324302307146944,45.55766301270699,96429.758704,96429.789364,0.9448738864684814
-20.64552687243369,13.22122954513173,45.61821205279526,96429.772037,96429.796189,0.9301841380822019
-20.59215719243169,13.105642537905142,45.660219989592136,96429.78537,96429.812867,0.9782169810355588
-20.53717524167356,12.992500555417173,45.721199664648736,96429.798703,96429.823043,0.9257515232262749
-20.49199820239858,12.873716181701429,45.775544582915245,96429.812037,96429.836671,0.9340957858419326
-20.44856310694245,12.74870261608562,45.836265397032335,96429.825371,96429.849285,0.9545427664817873
-20.393196233150654,12.61344958123258,45.849278961652296,96429.838703,96429.863434,0.9844597207845573
-20.34359679894761,12.472268249844713,45.86484026039516,96429.852037,96429.877262,0.983177919301304
-20.322570894010347,12.342443487504086,45.94607338930651,96429.86537,96429.892378,0.9791414141981081
-20.278512537698003,12.19609117266445,45.980471642989826,96429.878703,96429.905302,0.921238862335201
-20.242499629087263,12.053510897115505,46.030151487436775,96429.892037,96429.916442,0.9094908768879923
-20.19731583690746,11.903158575005582,46.05696556822117,96429.90537,96429.929922,0.9724834002506872
-20.18701751871116,11.76554803090306,46.150964291884264,96429.918703,96429.942672,0.9753631285358562
-20.16303919697182,11.619560795167933,46.21516588442251,96429.932036,96429.956623,0.9532251159968431
-20.115406073800628,11.454123282320346,46.22794258639607,96429.94537,96429.96937,0.9565296789772225
-20.084271434271667,11.29503487652982,46.2778122101131,96429.958704,96429.982851,0.9878423253149669
-20.056582826231157,11.137469633787887,46.32916277390734,96429.972036,96429.997201,0.9632367656458044
-20.03781631173725,10.970863902116157,46.395902355178755,96429.98537,96430.009556,0.9989215986767453
-20.000887869521044,10.787163531652558,46.42551858366009,96429.998703,96430.023613,0.9464487012939927
-19.977506167948587,10.601972337659364,46.49239729179617,96430.012036,96430.037564,0.9939370937701574
-19.958051159537508,10.402810256212929,46.5583842925481,96430.02537,96430.050702,0.9681221122195993
-19.94507987144714,10.19695829213166,46.64268605665392,96430.038703,96430.06296,0.9822220354127171
-19.927713120805414,9.980045379352584,46.717444562015174,96430.052036,96430.076113,0.9896819686404091
-19.894122507463035,9.750860092917145,46.77110807897674,96430.06537,96430.090997,0.952196673753801
-19.86492480835275,9.519649017000297,46.825039166779014,96430.078703,96430.102697,0.956949967790138
-19.819233790140267,9.269672241849493,46.84561874793983,96430.092037,96430.115802,0.989589719909722
-19.822186156025296,9.034417681798804,46.963847928258,96430.10537,96430.137337,0.9087622493084028
-19.797235155055567,8.781388192716648,47.02769854368142,96430.118703,96430.14267,0.9828067232504196
-19.738775218332805,8.507353270522126,47.00552941402818,96430.132036,96430.155987,0.975557012541614
-19.758095256390444,8.250806279463221,47.14303956457799,96430.14537,96430.168994,0.9133101373042898
-19.730553971489105,7.978143535076545,47.16530286536674,96430.158703,96430.191051,0.956649221269801
-19.741177300131362,7.719319031175099,47.25427359034507,96430.172036,96430.196641,0.8993708628143403
-19.73724810745757,7.451510862658156,47.30587785377709,96430.185369,96430.210603,0.9937243396456927
-19.7563093875327,7.186299160448798,47.39469666303198,96430.198703,96430.223524,0.9384853990984906
-19.757940167719322,6.916321437919151,47.42117148575193,96430.212036,96430.23595,0.937960328470768
-19.782525692039883,6.649894533554715,47.48648239089546,96430.22537,96430.249334,0.9720831479244804
-19.80913297367138,6.381086573896931,47.542670555607295,96430.238703,96430.262326,0.9748738260346752
-19.859641762607882,6.1185495666753,47.63515808875588,96430.252036,96430.276637,0.9098234271559205
-19.90282375682656,5.85494934839641,47.70231177113342,96430.265369,96430.29082,0.9445792172563976
-19.937195907607578,5.596429144698796,47.7390594745963,96430.278703,96430.305746,0.9386318125889648
-19.988880990495673,5.344721473760751,47.79394279851443,96430.292036,96430.31673,0.9095495078217752
-20.027879768853207,5.092567145568934,47.81142147805807,96430.305369,96430.32976,0.9775314183460018
-20.106057133618563,4.854952219651114,47.8925835296031,96430.318703,96430.34355,0.9404397154810071
-20.170123696855864,4.62202955847292,47.945888395859654,96430.332036,96430.356808,0.9253237374151649
-20.250773286040694,4.391279292029231,48.03378186283103,96430.345369,96430.369557,0.9528390556434506
-20.3014857577071,4.158890195103076,48.057283840348006,96430.358703,96430.382586,0.9307886744652117
-20.354742217084627,3.930366144395302,48.092169090084774,96430.372036,96430.396925,0.9179064447232611
-20.42502169308083,3.7100750657410138,48.17647573176939,96430.385369,96430.40905,0.9799157376104091
-20.474704340614608,3.485181994579147,48.21200460478055,96430.398702,96430.42367,0.8886136049194151
-20.54750509677792,3.268359401277109,48.29421243110784,96430.412036,96430.435811,0.9446479031770053
-20.60290775672269,3.0458128760504537,48.340176511306595,96430.425369,96430.45073,0.9482081141120616
-20.66345746115569,2.823032118948407,48.40832538249583,96430.438702,96430.46409,0.976681506324039
-20.694130834376715,2.590507935156112,48.4108323639356,96430.452036,96430.480163,0.965987754706725
-20.76112413026035,2.360110246853184,48.490789029138924,96430.465369,96430.490633,0.9725531239203837
-20.804188378642735,2.123951731980907,48.52519655779377,96430.478702,96430.502418,0.9349703816724043
-20.862517804184204,1.8939205184662762,48.60007551230006,96430.492036,96430.515695,0.9739940674373258
-20.90498871976057,1.6578945587192548,48.62620927673243,96430.505369,96430.531199,0.9419288491668681
-20.950807186258043,1.4237150942351429,48.67016306655613,96430.518702,96430.542442,0.9526499037120518
-20.98808247337187,1.2006349572766022,48.673111249205036,96430.532036,96430.5563,0.9616889257811496
-21.04292167220549,0.978013615856996,48.71503398225863,96430.545369,96430.569184,0.9371017486291732
-21.12300405169347,0.7632044242416101,48.79960784754613,96430.558702,96430.582787,0.9836131987987424
-21.18502988899998,0.5555070549786082,48.84663859079954,96430.572035,96430.596875,0.9810425249387702
-21.217056023013654,0.3476774819695053,48.831821946092724,96430.585369,96430.609014,0.9099003914115799
-21.292278767361164,0.14816136635081978,48.89702019909295,96430.598702,96430.623759,0.911435734043814
-21.335483231084226,-0.047355284179863,48.91161126541338,96430.612035,96430.636558,0.9658692606240135
-21.38467395491348,-0.23632631039849644,48.93240840773034,96430.625369,96430.650668,0.9846747190790306
-21.463418220760058,-0.41606596234544607,49.003988522892655,96430.638702,96430.663809,0.9645361810742177
-21.534362819325032,-0.5883432862422437,49.05560485726463,96430.652035,96430.6758,0.9437792448649894
-21.598199727251263,-0.755284988613696,49.079256231141486,96430.665369,96430.689954,0.9350300551479869
-21.681457248691924,-0.9159491964314446,49.13972994886688,96430.678702,96430.704051,0.9569858033099323
-21.737596239892277,-1.0703402794272068,49.160586146810964,96430.692035,96430.715837,0.9283643864235929
-21.790509143111652,-1.218518930983074,49.18904021887239,96430.705369,96430.729101,0.9588112322105552
-21.85428931786534,-1.359284855235814,49.23314321344075,96430.718702,96430.742267,0.9105152489348053
-21.918252632114754,-1.492913757659085,49.26822781055054,96430.732035,96430.756321,0.9410434308035502
-21.983660028657567,-1.618133568652189,49.30136878799814,96430.745369,96430.769968,0.9805472438125838
-22.077879504259087,-1.7376299401539224,49.407212141613485,96430.758702,96430.783148,0.9749605249387377
-22.12497396110004,-1.8445469814031916,49.433941888243574,96430.772035,96430.797275,0.9512986471056369
-22.164810920921983,-1.9490144836355243,49.4395263531998,96430.785368,96430.811467,0.9786981231893523
-22.239092645388855,-2.057625087386383,49.49696914994061,96430.798702,96430.825729,0.9391021902106733
-22.33496562416059,-2.1722072371741428,49.5952104835791,96430.812035,96430.837193,0.948897279282768
-22.37291568966276,-2.2725292549780405,49.58575111168694,96430.825369,96430.849761,0.9694338804810239
-22.437588244028923,-2.371611293926736,49.625344328609735,96430.838702,96430.862573,0.9361625122567654
-22.519888057757186,-2.4802356490522204,49.69580734171315,96430.852035,96430.876605,0.8902345180461428
-22.591270629937576,-2.594153142896987,49.75563438558401,96430.865368,96430.88943,0.9552248355836062
-22.637817372543573,-2.7046234624802175,49.77550222281888,96430.878702,96430.903469,0.9878742552525442
-22.715128052331067,-2.820818848421581,49.872102968095376,96430.892035,96430.916124,0.9048741161097003
-22.765426374149325,-2.9346029667662736,49.92727686063625,96430.905368,96430.930521,0.962823576297384
-22.78860571747093,-3.0400377595513137,49.95129364690226,96430.918702,96430.94434,0.9383896311160397
-22.825551356695815,-3.1311212822347763,50.00496115084791,96430.932035,96430.958477,0.917513418581257
-22.85202485516351,-3.2179170972802793,50.05113420086282,96430.945368,96430.970077,0.9743277815063048
-22.888425902267045,-3.2971045870164266,50.118759708031746,96430.958702,96430.982854,0.9381052965094788
-22.94514228437643,-3.3736013417703914,50.20480756553291,96430.972035,96430.996064,0.9092737349635603
-22.970479196387725,-3.441776577303569,50.23734909711383,96430.985368,96431.010091,0.9519921297873242
-22.999990303088104,-3.5105348410679995,50.28120216041644,96430.998701,96431.023596,0.9664974895311922
-23.031237152121996,-3.5779694300603353,50.33300999265292,96431.012035,96431.036749,0.9653382495289607
-23.09140867997089,-3.6498687165004164,50.44724417191096,96431.025369,96431.050105,0.8933144127929343
-23.08899652745776,-3.718521756417792,50.43636509034932,96431.038701,96431.063018,0.9184844875068554
-23.12453393472631,-3.7916139899607137,50.50217984467709,96431.052035,96431.07571,0.917577397407079
-23.147273292487615,-3.863115862260472,50.56375957316314,96431.065368,96431.091055,0.9351668478148812
-23.18083402835291,-3.935853643731023,50.654894931357425,96431.078701,96431.102514,0.9410627950597661
-23.17763331286198,-4.008282011860841,50.67130688599446,96431.092035,96431.116513,0.9414598527913182
-23.190753017539038,-4.0902208886614035,50.71603702212699,96431.105368,96431.129069,0.9403066112838242
-23.217256816771147,-4.173848868673886,50.76805407509881,96431.118701,96431.142402,0.9359602485884493
-23.224006687825383,-4.253272054220653,50.791646020152776,96431.132035,96431.156851,0.9619866624469028
-23.263573240572516,-4.342622076519412,50.856431878165445,96431.145368,96431.169227,0.93748626048162
-23.24147630930029,-4.425762240094774,50.78877045910715,96431.158702,96431.184346,0.8964269656257994
-23.30611286961207,-4.525950063215186,50.88118718206641,96431.172035,96431.197118,0.9935711088572394
-23.30267361082295,-4.61164582541042,50.836043251951445,96431.185368,96431.209973,0.9494750429787658
-23.34052087907301,-4.706712539000546,50.88574758469208,96431.198701,96431.224259,0.9460448317859209
-23.369275112965727,-4.803514569191468,50.899639724488,96431.212035,96431.235728,0.9496311701413273
-23.389740955583065,-4.888722478962276,50.894739551126584,96431.225368,96431.249086,0.9635744345720614
-23.401177450084806,-4.963594185692354,50.86921167829967,96431.238701,96431.262746,0.9629631969618105
-23.471188311736828,-5.047161553378559,50.955500794797054,96431.252034,96431.275832,0.9938424832707706
-23.448248849971858,-5.113627011446698,50.871367730868634,96431.265368,96431.289951,0.9364498043945054
-23.505399499943547,-5.1879281881394155,50.93738972298288,96431.278701,96431.302353,0.9479226032212725
-23.52849322480837,-5.259221981529123,50.93857855632611,96431.292035,96431.317244,0.9537893205128689
-23.546345056347022,-5.326545340864182,50.91099157961466,96431.305368,96431.336086,0.934380513470019
-23.604898427890443,-5.3978518641575315,50.9492979615495,96431.318701,96431.343663,0.9347980311620335
-23.63413118269744,-5.450100051588278,50.93634017552191,96431.332034,96431.356895,0.959185262181772
-23.680234763382344,-5.495206250273131,50.960637446469924,96431.345368,96431.369095,0.9403044325667369
-23.74214326737491,-5.535025550828578,51.0100826756036,96431.358701,96431.382586,0.967688950147983
-23.767072008709953,-5.572006546383677,50.97646856753012,96431.372034,96431.39692,0.9582255493131747
-23.805877056541995,-5.613320842445275,50.974441170975105,96431.385368,96431.409033,0.9381358921593584
-23.871507660485644,-5.673340104185414,51.034027428997526,96431.398701,96431.423471,0.9654822488562894
-23.884696521184637,-5.719507428393626,51.02717337263051,96431.412034,96431.436573,0.9268823958431479
-23.90256465547147,-5.76172072816877,51.06099656601747,96431.425368,96431.450932,0.9690986406522734
-23.902083293893483,-5.791869649089936,51.06097479813156,96431.438701,96431.463424,0.9459066181005956
-23.90976252482027,-5.826406043313314,51.058797061332676,96431.452034,96431.476708,0.9922766653162055
-23.91687554577697,-5.857544854737138,51.06293958319513,96431.465367,96431.49035,0.9305027721942284
-23.93932366109435,-5.897379160938104,51.064027980455116,96431.478701,96431.502485,0.9458723949017578
-23.989159663439217,-5.9749866536551846,51.03467401653778,96431.492034,96431.516272,0.9885591420494083
-24.088641749374876,-6.0679259035419415,51.09801214008521,96431.505367,96431.530253,0.9553365390746088
-24.10401304338885,-6.149814640704242,51.0083601011575,96431.518701,96431.542158,0.9542283601163732
-24.181720974536923,-6.266384458846217,51.01559020562509,96431.532034,96431.556542,0.9832607109255739
-24.220699115148154,-6.384813022745382,50.94745970548357,96431.545367,96431.568881,0.9776012963833094
-24.29463280102793,-6.502455626071053,50.950810441426576,96431.558701,96431.583468,0.9548874581950617
-24.363773173392584,-6.630470321045831,50.96226175913581,96431.572034,96431.602795,0.9608336820924912
-24.40266789067883,-6.763925943099102,50.92474126631774,96431.585367,96431.611162,0.9410169078230637
-24.46517235700693,-6.908138001242017,50.95664876184744,96431.598701,96431.623394,0.9318122653683113
-24.459807601782504,-7.039680620043372,50.90060167395036,96431.612034,96431.635921,0.9165674651673714
-24.494674987725315,-7.186071940127093,50.95132388707109,96431.625367,96431.649793,0.9671841248897696
-24.47868208595773,-7.3229335991114874,50.94798598796038,96431.638701,96431.663688,0.9648925260952109
-24.464931441600136,-7.450507733578723,50.96791903041457,96431.652034,96431.675641,0.945357751006966
-24.45574225694063,-7.576642603683129,51.01524376817565,96431.665367,96431.6905,0.9757983022043066
-24.421115263828934,-7.69211048297573,51.01636936899182,96431.6787,96431.702622,0.9196200578589914
-24.37756012679039,-7.796132346698742,50.99919156673147,96431.692034,96431.71841,0.9084691418162486
-24.377677084793323,-7.913618473884024,51.052787509402705,96431.705367,96431.730525,0.9755914470215747
-24.368585070825322,-8.037420236472215,51.07083505123166,96431.7187,96431.744271,0.9826491649738062
-24.34472168621957,-8.161583739536345,51.038142162027185,96431.732034,96431.75689,0.9929604362119371
-24.3432408694673,-8.295647395634937,51.04357035791939,96431.745367,96431.769741,0.9991867346288746
-24.38995371240973,-8.44274625752437,51.12816257444961,96431.758701,96431.783272,0.9366333486892813
-24.371250503098754,-8.565438771471497,51.08584313261641,96431.772034,96431.802722,0.9372458383643903
-24.392150348930063,-8.697491631283276,51.12631428136118,96431.785367,96431.815789,0.9199628093520591
-24.40947522082737,-8.818024738546026,51.14230348040998,96431.7987,96431.82329,0.9735337148773645
-24.434815401415516,-8.927373462730595,51.15800660002022,96431.812034,96431.835745,0.9994023821104971
-24.452411122777193,-9.015040328800747,51.14304811771511,96431.825368,96431.849717,0.9388203930829468
-24.487282660592292,-9.112401473292438,51.154025766643976,96431.8387,96431.864091,0.9569924092850208
-24.524952835597706,-9.210910671899171,51.138702766093544,96431.852034,96431.87626,0.9165518559337609
-24.588719667626084,-9.31367889030625,51.146486785441326,96431.865367,96431.889531,0.9784297793508617
-24.67422686376734,-9.420548494790175,51.179427788766745,96431.8787,96431.903501,0.9087377349099088
-24.788959315701643,-9.53850566350292,51.23522269267461,96431.892034,96431.916062,0.996815060175228
-24.848390973744205,-9.635717509575105,51.20789444779444,96431.905367,96431.929655,0.9632508304073097
-24.915687893092176,-9.754279847232587,51.198521557753494,96431.9187,96431.942937,0.9305464892249834
-24.975996751712547,-9.86232437459852,51.18565267611042,96431.932033,96431.956421,0.9454946642097295
-25.035078890120793,-9.975460911868446,51.19259095704863,96431.945367,96431.969901,0.9506145019617016
-25.104049143290105,-10.09053894876665,51.23281979438576,96431.958701,96431.98297,0.9125035948283293
-25.128977141155648,-10.185233925018768,51.20237703132777,96431.972033,96431.996783,0.9550067219786228
-25.177049854451223,-10.289284805253152,51.22923933532415,96431.985367,96432.00928,0.912577029181939
-25.189748830558493,-10.397099688904696,51.207934302896255,96431.9987,96432.029307,0.9004630725602445
-25.247476453016628,-10.53078427342998,51.26058014946814,96432.012033,96432.037287,0.9167409764455364
-25.288397287209445,-10.657552584259728,51.29253452482067,96432.025367,96432.050163,0.8949581430104843
-25.278958555654395,-10.77532190602666,51.22333945000276,96432.0387,96432.062881,0.9423490958642805
-25.324984384893096,-10.922933626743252,51.265495125283536,96432.052033,96432.075827,0.9375079442363986
-25.330296587860012,-11.06504712849074,51.261895995031296,96432.065366,96432.08914,0.9382932644482274
-25.352451803177775,-11.209769612497816,51.28724758653437,96432.0787,96432.1026,0.9726213102388916
-25.355665272867874,-11.346734433005246,51.27886708389724,96432.092034,96432.116084,0.945843303495978
-25.384870207409374,-11.489925833794954,51.29503034398057,96432.105366,96432.130318,0.9238107758163923
-25.388284156260664,-11.63132904110158,51.267210888959006,96432.1187,96432.142826,0.9215405129380383
-25.409280403609653,-11.769571779283947,51.2525944893492,96432.132033,96432.156697,0.9542771080572968
-25.471787227497824,-11.926956980072525,51.310423445288755,96432.145366,96432.169209,0.9335541411277013
-25.51145640033384,-12.089852985365903,51.317549094369426,96432.1587,96432.18308,0.9626737739032787
-25.5375141918884,-12.232878746573789,51.30836518927008,96432.172033,96432.196605,0.9258792360116401
-25.59143584033504,-12.374397954654293,51.34110046841619,96432.185366,96432.210858,0.9259056499421957
-25.6346870016558,-12.515960528434606,51.36223356308892,96432.1987,96432.224955,0.9167604571235767
-25.65715350930296,-12.6401943318144,51.36945313267497,96432.212033,96432.23718,0.9376902020558964
-25.68130175190173,-12.769646405860618,51.38172157239733,96432.225367,96432.249041,0.9475547502263609
-25.674283708114494,-12.88821076980431,51.34363575246888,96432.2387,96432.262448,0.9257873621115169
-25.70233322679009,-13.013359708731242,51.36984929374908,96432.252033,96432.275784,0.9135872292519913
-25.714752613725928,-13.133375332094435,51.36535887633468,96432.265366,96432.289155,0.9205471838999935
-25.734000744258875,-13.263155161297155,51.38081591483397,96432.2787,96432.303072,0.9653868252735527
-25.726748497555594,-13.379737413239221,51.34010518327399,96432.292033,96432.317296,0.9659714895140692
-25.752630339430205,-13.52017969881419,51.368109307490194,96432.305366,96432.336223,0.9192641103907908
-25.76196564737875,-13.644968156080726,51.34197015516977,96432.3187,96432.348911,0.8906203476421091
-25.794663122064886,-13.77377420417045,51.35257299141523,96432.332033,96432.358732,0.9386453132551303
-25.836103361026264,-13.902614996614165,51.37501240451295,96432.345366,96432.369699,0.9318104086280338
-25.83556748554378,-13.998734392765202,51.33207127148594,96432.3587,96432.382475,0.9227513856706185
-25.874408250338803,-14.114337347376223,51.363873790669274,96432.372033,96432.396148,0.876721336294754
-25.9079025870702,-14.231685136445789,51.37899892057087,96432.385366,96432.409461,0.916948617938067
-25.921063331930707,-14.341999151595974,51.36335246455443,96432.398699,96432.422946,0.9225271366857294
-25.961346488372765,-14.470783165606322,51.38551823875468,96432.412033,96432.43679,0.9374652219209924
-25.99047119948762,-14.60072838744662,51.39132722499637,96432.425366,96432.450326,0.9106671182065076
-25.975723633274743,-14.71429990923222,51.33359963490639,96432.438699,96432.463225,0.9136484893375141
-26.02726132929786,-14.85328702897419,51.3851508003743,96432.452033,96432.475848,0.9013230933369392
-26.02608374667142,-14.969950295567326,51.353765704939136,96432.465366,96432.490833,0.8980985057461914
-26.035704115528834,-15.096105726345685,51.353244374638244,96432.478699,96432.502562,0.9236644963009478
-26.04431736281546,-15.223014698091418,51.341390746073074,96432.492033,96432.51648,0.9121739258796884
-26.093967182529266,-15.376128174117364,51.404549819882774,96432.505366,96432.535567,0.9408728730245037
-26.089566939981033,-15.50948844236796,51.36428085872109,96432.518699,96432.544734,0.8727849609986013
-26.12240613162534,-15.671502674206401,51.39388843744813,96432.532032,96432.556612,0.9210895021852971
-26.10975957378285,-15.80545514421289,51.32146889319172,96432.545366,96432.579987,0.8990492074584989
-26.11366688240134,-15.952671459508478,51.29426460073426,96432.558699,96432.592274,0.8848732197837689
-26.152172993841006,-16.11507029558331,51.33225668726251,96432.572032,96432.59709,0.9011554320485716
-26.139660065034224,-16.248473491878993,51.281252519142264,96432.585366,96432.617042,0.8844470123502661
-26.14831895831222,-16.39240997850024,51.2764825550762,96432.598699,96432.624826,0.8509712726533617
-26.171953754685116,-16.536625597586994,51.28529219351066,96432.612032,96432.63947,0.9481622012234542
-26.129918633707028,-16.64499616561611,51.193770179027666,96432.625366,96432.650835,0.9072740981670098
-26.166397747312608,-16.78935818880631,51.22612073294722,96432.638699,96432.662438,0.8939037600057804
-26.152147880398907,-16.912710846055237,51.183253248128956,96432.652032,96432.675686,0.8798855603480384
-26.152872913551843,-17.042762788608897,51.16652769366165,96432.665366,96432.689608,0.8650772020448289
-26.178979416035922,-17.18371853760189,51.188460526707914,96432.678699,96432.702574,0.8749364462115277
-26.16845310722877,-17.299504426520247,51.142912144404235,96432.692033,96432.717845,0.8994821464661971
-26.21657445943448,-17.44458693990458,51.19420724061078,96432.705366,96432.731321,0.8559678370726319
-26.202510569093615,-17.545394205851252,51.1363619255456,96432.718699,96432.745094,0.8686615003113499
-26.205799312832063,-17.655154547755977,51.109364469866335,96432.732032,96432.762172,0.9114391052923309
-26.228381058188475,-17.766571423232833,51.10844941004512,96432.745365,96432.769728,0.887099473273016
-26.228013729165436,-17.870659215557247,51.076982183606,96432.758699,96432.783277,0.9060175815317948
-26.24210469762628,-17.970734177960274,51.07682906943384,96432.772032,96432.798658,0.8545789773967979
-26.221300769290654,-18.042925078688143,51.00646954929705,96432.785365,96432.812298,0.8216342145071327
-26.24733190507448,-18.12696202364494,51.04079648407985,96432.798699,96432.829521,0.8602317296956135
-26.265594075872762,-18.196970588635477,51.05237540793643,96432.812032,96432.838078,0.8491467691448713
-26.247595875112417,-18.237846500775827,51.01740138264165,96432.825365,96432.850487,0.9454670363151267
-26.24041553965846,-18.264290615756348,50.99433437697128,96432.838699,96432.869753,0.8415140974856412
-26.268376807145,-18.309138603532112,51.05464963387402,96432.852032,96432.886547,0.8192517585535377
-26.239597306621164,-18.30195812651329,51.00690123798604,96432.865365,96432.896403,0.8611861314015268
-26.24951798924981,-18.321798240760277,51.043052478244974,96432.878699,96432.911631,0.829745442525274
-26.243262540010615,-18.32711162504434,51.06165187134279,96432.892032,96432.916664,0.851355419810455
-26.22785389311298,-18.329794099783946,51.070600752555116,96432.905365,96432.936781,0.888423981776758
-26.20323900422248,-18.324855590042286,51.06831918289086,96432.918698,96432.944171,0.9380914426175458
-26.146817807341364,-18.28958770620504,51.00779383309105,96432.932032,96432.963716,0.9088608482082354
-26.17561763649414,-18.304131060081005,51.102849942331716,96432.945365,96432.970541,0.8366092283867114
-26.16730058563146,-18.29171429646393,51.13337434391975,96432.958699,96432.995067,0.8904285311123149
-26.144696450900643,-18.269614185937865,51.13885050412396,96432.972032,96433.002418,0.859661768657687
-26.141897585651815,-18.25727580461971,51.175571475927455,96432.985365,96433.012248,0.8446369347581574
-26.110956900751077,-18.235983007387443,51.16793501364374,96432.998698,96433.030968,0.8792795630528835
-26.098782564524395,-18.225471656460126,51.1862927786736,96433.012032,96433.042692,0.8185929658743751
-26.089759377680387,-18.221200216886775,51.21318345801911,96433.025365,96433.052526,0.9037698975679317
-26.0894431695774,-18.221087631491347,51.2564002755874,96433.038698,96433.071161,0.8916276844809476
-26.06338757265107,-18.201060718890965,51.23435029022979,96433.052032,96433.084389,0.9096682488917476
-26.06885061181239,-18.20174140826487,51.26584019822075,96433.065365,96433.096535,0.8538922279379044
-26.06140553999375,-18.20007416490974,51.27546769421379,96433.078698,96433.109635,0.8948818120460138
-26.09727238299148,-18.219821512526373,51.35046954334653,96433.092032,96433.123797,0.7941338162888127
-26.124106846179963,-18.238566698586798,51.39751096522687,96433.105365,96433.129744,0.866575182664742
-26.071684292052147,-18.209593034254038,51.31545120713116,96433.118698,96433.143638,0.8819768157262596
-26.098168865224046,-18.22704554253663,51.36855010739576,96433.132031,96433.163272,0.8525460527522228
-26.126880759000265,-18.25130160372664,51.42632066944431,96433.145365,96433.176578,0.8693227468216834
-26.124989431693702,-18.25075348286227,51.43479570709504,96433.158699,96433.185552,0.8562827294224569
-26.128546604413764,-18.2524570393673,51.455539916221454,96433.172031,96433.197759,0.8461942365830502
-26.104538158692584,-18.238370758789294,51.43122663685055,96433.185365,96433.210153,0.8354479226770798
-26.10832517801817,-18.2437033780966,51.46115248298993,96433.198698,96433.229793,0.8286937372452972
-26.131268527938065,-18.250743007829165,51.51673109156436,96433.212031,96433.238948,0.8472083626775277
-26.10438518692311,-18.233214410864978,51.4930338074842,96433.225365,96433.256737,0.8739956744218613
-26.091922354506796,-18.22309696407443,51.500568017048884,96433.238698,96433.264499,0.9441890597497578
-26.067868293980215,-18.20308946251267,51.49370120979967,96433.252031,96433.27653,0.8799127119951199
-26.099445388917943,-18.216816475228885,51.571640777126,96433.265365,96433.296542,0.8033219191349602
-26.09841604738564,-18.205528636123372,51.58590375145215,96433.278698,96433.303816,0.8954974610069167
-26.084984858385024,-18.173608527668037,51.58780018029691,96433.292032,96433.324539,0.8276046995546935
-26.054915261181232,-18.14329992376933,51.564858536074254,96433.305365,96433.338416,0.8889955194118939
-26.084949061110926,-18.142965522871418,51.64914995454727,96433.318698,96433.350974,0.905073279543632
-26.055366748311876,-18.106154805318262,51.628417735700644,96433.332031,96433.365469,0.9440111203043643
-26.06261929272872,-18.094220003548553,51.68389961741005,96433.345365,96433.370101,0.9165387549474113
-26.027839408405924,-18.06456598159015,51.67561342773053,96433.358698,96433.389524,0.9360031273773958
-26.00729434143456,-18.04535337331093,51.70122296430015,96433.372031,96433.396658,0.9235142514760359
-25.98211658838027,-18.028204300646223,51.72339312279375,96433.385364,96433.409671,0.9213393638900245
-25.953378588572004,-18.017632991396418,51.75206897727064,96433.398698,96433.42324,0.9786829889155099
-25.955429070902873,-18.020319047834708,51.81872716415891,96433.412031,96433.445425,0.8984160488644347
-25.888619722245732,-17.988128414473792,51.778388597988055,96433.425365,96433.449086,0.9517619952480559
-25.903450818444746,-18.00637065579442,51.87209796075794,96433.438698,96433.470757,0.907317971876185
-25.890510837099463,-18.011472328311715,51.913042999047505,96433.452031,96433.476044,0.8334246427251413
-25.842807616521384,-17.99922607402042,51.88474038721408,96433.465364,96433.497919,0.8784420575238839
-25.85782058567788,-18.031040716061696,51.98090751750789,96433.478698,96433.504314,0.8350792176587134
-25.824989269065174,-18.0254345242771,51.984633816825344,96433.492031,96433.517119,0.8393108411011307
-25.792690268192594,-18.02105646135465,51.99425280036908,96433.505364,96433.530903,0.8380834367917773
-25.740394895814195,-18.01011826983808,51.97742524130068,96433.518698,96433.542609,0.9194470114049381
-25.710338423776356,-18.01061283463993,51.99769841511503,96433.532031,96433.558435,0.8827273854712798
-25.698374456996344,-18.028210600673386,52.06025646740344,96433.545364,96433.570268,0.9335300020643434
-25.634520511475582,-18.016346442076813,52.040539692065146,96433.558698,96433.582974,0.9226069266178664
-25.599429613644126,-18.01839838963037,52.0557086455346,96433.572031,96433.59705,0.9418283490073179
-25.576486537325017,-18.02949596116397,52.10005911374318,96433.585364,96433.610549,0.9202685353707427
-25.579128571252465,-18.049328834716228,52.18273508256103,96433.598697,96433.623893,0.9292128190889991
-25.502779733775238,-18.0173436468859,52.140211333914436,96433.612031,96433.637029,0.882464707599147
-25.464128032841305,-17.9994242349641,52.13745528653458,96433.625364,96433.649562,0.8537317411713626
-25.41834876908486,-17.97843891549311,52.13134024527211,96433.638697,96433.664549,0.9281252792446679
-25.434989721015654,-17.9878128448209,52.21631842313587,96433.652031,96433.675882,0.8928703457695558
-25.389996900499163,-17.950832235976613,52.177682370132835,96433.665364,96433.689974,0.9072488531131964
-25.377147550178034,-17.928365126726977,52.181661853109546,96433.678697,96433.702621,0.9013060101627124
-25.4154409389573,-17.921395054574514,52.27781143321499,96433.692031,96433.717096,0.8672978871251439
-25.418409984039204,-17.887347071685387,52.30290652274721,96433.705364,96433.730088,0.916778283134988
-25.415758625311952,-17.844746527440712,52.33591348272597,96433.718697,96433.742483,0.9880988056241785
-25.38605540054821,-17.783652706924446,52.33481922092807,96433.732031,96433.758308,0.9193194252176916
-25.36897739642118,-17.727046933149268,52.37681060602837,96433.745364,96433.770091,0.9377788914018695
-25.361081547482936,-17.680053369761765,52.44752390647787,96433.758697,96433.789854,0.9501817692660344
-25.293182613256196,-17.60357370425056,52.444231870027046,96433.77203,96433.795926,0.9031674832205108
-25.242657305649285,-17.54930881439425,52.493852413265806,96433.785364,96433.809981,0.9379758028775675
-25.149994397353034,-17.477858757171553,52.48376036648205,96433.798697,96433.823481,0.9082141446899068
-25.006039101104204,-17.3863158501051,52.40843741979908,96433.81203,96433.836508,0.9570699087812651
-24.93117040138607,-17.342717914875504,52.477187116910635,96433.825364,96433.849827,0.9189219912043278
-24.7905669879353,-17.270653826917936,52.43471991613563,96433.838697,96433.868879,0.9326473332365122
-24.672098362998543,-17.22148423864348,52.45771130456686,96433.85203,96433.877087,0.9111193764217551
-24.50214299370566,-17.147045381008144,52.40118178666442,96433.865364,96433.89146,0.9178655955476686
-24.40104766224266,-17.12507731902051,52.48447553128648,96433.878697,96433.903232,0.9603274846402764
-24.255503288183096,-17.084079199470622,52.4851407417422,96433.89203,96433.91843,0.9880041868090756
-24.08770756416552,-17.032088200938116,52.447344546182784,96433.905364,96433.93158,0.9294279050319914
-23.97247493249192,-17.01748883733263,52.521868853485536,96433.918697,96433.943645,0.9218227298589953
-23.83389952179584,-16.985666905771986,52.532807449306894,96433.93203,96433.956016,0.9292762145347819
-23.684714328019105,-16.955064221332652,52.53529538292303,96433.945364,96433.969586,0.9606270325136431
-23.543622814728703,-16.929797435821477,52.535779292743506,96433.958697,96433.984305,0.9384002981076407
-23.45048760677156,-16.929024689414383,52.62815177395365,96433.97203,96433.996031,0.9729859342459716
-23.31854514412673,-16.90559906192463,52.63541513751025,96433.985363,96434.009434,0.932729768262319
-23.21454300633761,-16.892210287241454,52.69068872375184,96433.998697,96434.022669,0.993673913528832
-23.123340710739335,-16.88251286076745,52.762835807583244,96434.01203,96434.036443,0.9742587405869098
-23.042617313846097,-16.89295756475481,52.86479435723443,96434.025364,96434.049618,0.995174037650417
-22.913409973780517,-16.875631399694917,52.8764388471967,96434.038697,96434.062813,0.9759944605285905
-22.818167774913913,-16.881454871232354,52.979868158798865,96434.05203,96434.076483,0.9690841461115206
-22.66541474246629,-16.864072163532658,52.99025914872104,96434.065363,96434.089325,0.9163028572884492
-22.54602668910177,-16.872938269491453,53.1092585075526,96434.078697,96434.106391,0.9987870711051746
-22.391169553401355,-16.866486376127668,53.17466964400569,96434.09203,96434.116567,0.9577467828653436
-22.22561728267998,-16.860930186377463,53.23634074392041,96434.105363,96434.130115,0.9463711215977585
-22.039516758847576,-16.84624730424864,53.27383842574999,96434.118697,96434.142419,0.9948698209268295
-21.86151582639489,-16.84975597693897,53.362305174032414,96434.13203,96434.162462,0.9690886875082043
-21.67823758050047,-16.850644586295935,53.46065429493771,96434.145364,96434.169782,0.9334068342099003
-21.455006670439392,-16.83376640529172,53.480047833256364,96434.158697,96434.185123,0.952947021909916
-21.24305976899033,-16.831901346689605,53.552823267419924,96434.17203,96434.19861,0.9436890710654672
-21.041482510154175,-16.834852705281662,53.65871461668946,96434.185363,96434.210971,0.939362639031025
-20.823041103014106,-16.832304390264888,53.72366639687886,96434.198696,96434.222937,0.9213632213473042
-20.603814360773296,-16.8227112757355,53.77831877045618,96434.21203,96434.236365,0.9764019639461298
-20.36301358098719,-16.807152478880617,53.78656898959567,96434.225364,96434.250593,0.991996036545383
-20.16374530760726,-16.82012091612962,53.885620247569236,96434.238696,96434.262966,0.9660251413437517
-19.95070436534105,-16.810704113710845,53.9347247638741,96434.25203,96434.278687,0.9501846280712334
-19.769580835817326,-16.814349245039455,54.0449735553479,96434.265363,96434.292087,0.9551077404830454
-19.568122051051898,-16.794908892010483,54.09769176054596,96434.278696,96434.30329,0.9200944849832414
-19.39315714864998,-16.795913782084913,54.16204616876686,96434.29203,96434.316161,0.8918040992652019
-19.23686808559413,-16.804017468879458,54.26516751876209,96434.305363,96434.329438,0.9168803975647432
-19.06654254343833,-16.796205916247267,54.29873219327804,96434.318696,96434.343458,0.9884178558710025
-18.913471786646447,-16.78681257385207,54.356962302067295,96434.33203,96434.355845,0.8939421719387398
-18.779788417220143,-16.78929318432741,54.44354217955387,96434.345363,96434.370174,0.9539298874080562
-18.64232787427048,-16.79369087831671,54.525201727246554,96434.358697,96434.383465,0.9311026202022772
-18.49709386415315,-16.78653491131026,54.571225958750176,96434.37203,96434.396555,0.9872197539968465
-18.371087049343263,-16.791394596471843,54.676188629707376,96434.385363,96434.408997,0.9113161559561276
-18.221647355760236,-16.762282641109067,54.713340421473795,96434.398696,96434.424492,0.9025812685765993
-18.1023230162333,-16.75384957496902,54.8175899361093,96434.41203,96434.43571,0.9545223016810078
-17.96442072472722,-16.72206891397832,54.86169375925258,96434.425363,96434.449602,0.9587758302538076
-17.83041769609851,-16.695330766707006,54.92338217679559,96434.438696,96434.462274,0.9235799836755708
-17.683886280444202,-16.652437742969738,54.94548468078376,96434.452029,96434.475628,0.9318970692293651
-17.559688273981358,-16.62103374668523,55.02108502398022,96434.465363,96434.490204,0.9250647694906184
-17.43627973051975,-16.587437999783877,55.10710909930143,96434.478696,96434.503183,0.9117002795862359
-17.29712223450044,-16.54850868905885,55.16120746003244,96434.49203,96434.517077,0.9213488940318272
-17.15437811461932,-16.50743225159712,55.17640001206026,96434.505363,96434.529666,0.9395064995583126
-17.026571092570624,-16.484722020158554,55.224214627569644,96434.518696,96434.545829,0.8981002147492185
-16.893101080731295,-16.46346566630683,55.24509043020598,96434.532029,96434.557173,0.9208581371678303
-16.780577814857867,-16.47138301261742,55.312761157733036,96434.545363,96434.56914,0.8979430131438884
-16.63984319477752,-16.44906583916778,55.268043517277704,96434.558696,96434.582451,0.9097697782825024
-16.534527008289555,-16.439419155339845,55.29709392389115,96434.572029,96434.596089,0.8961647748386778
-16.426561174836344,-16.417570487066843,55.3187095953008,96434.585363,96434.610114,0.927772179278709
-16.35406178803179,-16.412858249910677,55.41262736610251,96434.598696,96434.625342,0.9446285161484435
-16.252526025408653,-16.363337477688038,55.38970234729973,96434.612029,96434.638226,0.897345711303108
-16.180733749006265,-16.328463986282394,55.42368781277471,96434.625363,96434.650713,0.94076746123244
-16.138299952442907,-16.307574449376773,55.51576566175348,96434.638696,96434.662602,0.9333768516366011
-16.092943744367314,-16.28056116180889,55.601922667088125,96434.652029,96434.677079,0.9383889777479123
-16.032956382426825,-16.240240649908515,55.66253161885127,96434.665362,96434.696558,0.8912935203091905
-15.976339412715081,-16.201253539380648,55.744710512943314,96434.678696,96434.702433,0.8780346277991783
-15.872935302603697,-16.133374059000346,55.747998479149445,96434.692029,96434.715769,0.9628349599917
-15.814652639018975,-16.117528581443757,55.920177246923274,96434.705362,96434.729051,0.9167392630404182
-15.717682872836564,-16.085006127960177,56.01414199815902,96434.718696,96434.743833,0.9350447184628781
-15.580146615473762,-16.035039826976323,56.04809009600991,96434.732029,96434.756547,0.9285158061272097
-15.457679573614781,-16.01457990901719,56.14608087158459,96434.745362,96434.770259,0.90332093325837
-15.324337241627193,-15.998757949603618,56.2413903916988,96434.758696,96434.783562,0.9717379216039824
-15.165612731801344,-15.968489453910655,56.28348529098207,96434.772029,96434.795772,0.883083882806478
-15.017638444155407,-15.969184777104033,56.39747190039463,96434.785362,96434.809223,0.9551230522586219
-14.848960132426564,-15.96080121123371,56.4653373716875,96434.798696,96434.82429,0.9221850202731275
-14.703337400917032,-15.987095820291822,56.597997659890105,96434.812029,96434.835931,0.931836617412625
-14.51155237590662,-15.9977682143455,56.59359812082969,96434.825362,96434.849248,0.9369549032390815
-14.342865497773163,-16.029297157333158,56.641188445418464,96434.838696,96434.864008,0.9235523727383902
-14.211342884729397,-16.084521850354495,56.79048270984756,96434.852029,96434.875867,0.9139074689907623
-14.052791453597381,-16.107214164747173,56.82987657876715,96434.865362,96434.890195,0.8879047150023585
-13.900674071775494,-16.13458544089233,56.89291090140983,96434.878696,96434.902314,0.943925135338505
-13.762798922765796,-16.157620547816087,56.95267017394671,96434.892029,96434.91763,0.8887027803435441
-13.639698610777586,-16.181141345961542,57.02624901557108,96434.905362,96434.930682,0.8977923057185461
-13.528035604448956,-16.203289594454755,57.11996474630668,96434.918695,96434.943516,0.9084474792165408
-13.411659497833853,-16.20797995009709,57.16244991085686,96434.932029,96434.957037,0.8945457582999298
-13.311725595921201,-16.215748968770573,57.2534012691978,96434.945362,96434.969945,0.9203473426730017
-13.201982704352819,-16.21161761857684,57.327105881871994,96434.958696,96434.982386,0.9169703543462053
-13.089162718962337,-16.210990165253094,57.422966388374086,96434.972029,96434.996301,0.9066484569985345
-12.972844563883394,-16.204700335493317,57.52539478971744,96434.985362,96435.009576,0.9031061688730239
-12.830725489934107,-16.18399082413768,57.54031786226335,96434.998695,96435.024529,0.8543744210222821
-12.707550845241128,-16.16673245652205,57.592478799144374,96435.012029,96435.042391,0.919818441821623
-12.575541734303453,-16.151927917471216,57.61689525758441,96435.025362,96435.049743,0.9034625049030303
-12.450810739404051,-16.15023746900361,57.67069086002666,96435.038695,96435.062191,0.9257761681531587
-12.320533286414621,-16.154196529968086,57.70289569652732,96435.052028,96435.076399,0.8785230922141716
-12.182794102738542,-16.162828646069425,57.72745275970512,96435.065362,96435.089892,0.9320611652147985
-12.03913599502826,-16.177907458152017,57.724817108193875,96435.078695,96435.103018,0.962385169556985
-11.906055912909569,-16.215458731872666,57.76773811311788,96435.092029,96435.116244,0.8732230994318158
-11.777530411908046,-16.262091740288056,57.814258194149474,96435.105362,96435.130214,0.9509332098795887
-11.633916589166269,-16.311157539726523,57.82770932331025,96435.118695,96435.142573,0.9010473149148868
-11.479177362289105,-16.345596313625745,57.80817730749806,96435.132028,96435.15597,0.9336960161957584
-11.333528279704652,-16.39024820826362,57.81478039984949,96435.145362,96435.169719,0.9227165200069073
-11.189342641718524,-16.441960975688673,57.840582418202146,96435.158695,96435.182975,0.9687612736211335
-11.040680488987837,-16.48011273000826,57.825941625963615,96435.172028,96435.195757,0.965871781741388
-10.91158597557155,-16.51727547022701,57.86467219877575,96435.185362,96435.20988,0.9630554359579632
-10.771926440037086,-16.532434956283772,57.84444865252213,96435.198695,96435.223261,0.922811752532678
-10.647036717286799,-16.55880016927461,57.84579763526376,96435.212028,96435.236034,0.9434004514656894
-10.535815411806372,-16.59803563242491,57.900560397886665,96435.225362,96435.24911,0.9411937995343999
-10.409937373055332,-16.630371881716535,57.892833878035745,96435.238695,96435.262336,0.9518890631442305
-10.282427591336535,-16.658860839373894,57.881318309149705,96435.252028,96435.276319,0.9239604091638455
-10.1434320274124,-16.67603026177598,57.83635171070621,96435.265361,96435.29019,0.9726997199636008
-10.018881024777595,-16.708293578254754,57.82910587666684,96435.278695,96435.303784,0.8999792115124633
-9.903900011717893,-16.742524624452873,57.822406967087694,96435.292028,96435.315735,0.925490398515847
-9.779375544266966,-16.771940351939456,57.76061625918993,96435.305361,96435.3306,0.9713224365700983
-9.67343335107745,-16.820917739417865,57.743634320812006,96435.318695,96435.342455,0.9843693168007521
-9.558944733114258,-16.84911660101758,57.67427748001719,96435.332028,96435.35814,0.9670616660461188
-9.464241233199385,-16.894415334798857,57.66875774916994,96435.345361,96435.369369,0.9862625557609007
-9.368921824770085,-16.938453308646253,57.702218164516644,96435.358695,96435.382748,0.9685567932352224
-9.239212941202302,-16.947786725726463,57.63243400957988,96435.372028,96435.39578,0.9733071099974173
-9.112645195117086,-16.977439726868553,57.662187674548804,96435.385361,96435.409096,0.9628964846984164
-8.96256581727716,-16.984989141711626,57.623538217605685,96435.398695,96435.423599,0.927839312283022
-8.809644958420716,-17.011876823883217,57.65594758219659,96435.412028,96435.438117,0.9367618314609507
-8.635989777538745,-17.018996010770508,57.6403967602015,96435.425362,96435.456656,0.9396568748905887
-8.452268700735154,-17.01430599441819,57.62988579823695,96435.438695,96435.463846,0.9521865526078525
-8.260675656965688,-16.99651981196613,57.61142048188691,96435.452028,96435.475807,0.963528464938654
-8.08601144957223,-16.988381208200114,57.65658907401144,96435.465361,96435.494743,0.9321174917668633
-7.881570955406923,-16.93690500123313,57.576645435135866,96435.478695,96435.511149,0.9205752936621702
-7.710542237429438,-16.927679331935344,57.6338674480266,96435.492028,96435.516202,0.969161406202762
-7.529317351280899,-16.90865814928495,57.64857574436461,96435.505361,96435.530828,0.967471668790072
-7.342718170802684,-16.889931324306314,57.6434954163634,96435.518694,96435.542076,0.9797123056890255
-7.177296594479404,-16.892161692237117,57.7164139944983,96435.532028,96435.563609,0.9638653374570003
-6.989508678110177,-16.872977854722294,57.700496658194766,96435.545361,96435.569338,0.9998372341820859
-6.82007740295787,-16.88237453609486,57.76890808176436,96435.558695,96435.583453,0.9914480908973705
-6.630449649615242,-16.873672320367206,57.77877671213347,96435.572028,96435.59692,0.9143371133566341
-6.447825830881052,-16.878614248739446,57.81340384576295,96435.585361,96435.609527,0.9958472205639263
-6.247300749464108,-16.87625930985394,57.815349247320164,96435.598694,96435.623088,0.9817535492758651
-6.044587332031601,-16.8762271119469,57.83229292380248,96435.612028,96435.63678,0.969386983540134
-5.841829785586682,-16.887705147413428,57.85249148344363,96435.625361,96435.649711,0.9996799574278145
-5.620467363626099,-16.888884155619564,57.826530091455666,96435.638694,96435.66423,0.9972334364053638
-5.392441013936748,-16.902469439894634,57.82352775047551,96435.652028,96435.676162,0.964595326184966
-5.162613095557477,-16.91069066788015,57.78550057260348,96435.665361,96435.68924,0.9672411070455538
-4.93439218935101,-16.930087095791894,57.75916144041723,96435.678694,96435.702471,0.9992858420254136
-4.70775643002967,-16.948741117904365,57.717708450126224,96435.692028,96435.720829,0.9498530375680806
-4.488175035769834,-16.975739773166328,57.7117080925299,96435.705361,96435.730565,0.9483016582526558
-4.262606537624983,-16.999113325765524,57.64143180014276,96435.718694,96435.743249,0.9414730481979302
-4.054486203360588,-17.03200302978105,57.624164105244866,96435.732027,96435.758203,0.9784659309460237
-3.8473577437986513,-17.055094066770536,57.557186161464664,96435.745361,96435.770495,0.9791832120518378
-3.6529712592303225,-17.091483890979717,57.525736902574074,96435.758694,96435.78308,0.9871148765340393
-3.4674542912504682,-17.13274311620168,57.57112630384579,96435.772027,96435.796428,0.997719716121603
-3.271059007709405,-17.13117282075577,57.52307061723338,96435.785361,96435.809741,0.9558123070235651
-3.089870738414942,-17.124060901372737,57.589422001129925,96435.798694,96435.82276,0.9892836471179911
-2.9058071729516843,-17.086201643702033,57.65086229567009,96435.812027,96435.837239,0.9862719188836712
-2.7232366480564556,-17.036494589615035,57.75012208682308,96435.825361,96435.850149,0.9997060732712667
-2.5402661466739382,-16.970759760711783,57.82401030757659,96435.838694,96435.863856,0.9987058948570929
-2.354736916676179,-16.91589964643525,57.91722615359225,96435.852028,96435.876092,0.9898318156710298
-2.1662747513952865,-16.841030834465663,57.94211271732979,96435.865361,96435.889917,0.9698850603663678
-1.9799890014058084,-16.78062074013842,57.980429351660256,96435.878694,96435.902624,0.9782589521321989
-1.7906786319023449,-16.748430169057688,58.08652649984175,96435.892027,96435.915968,0.9789833008491059
-1.5904655517738355,-16.72939754489827,58.15481034151489,96435.905361,96435.929805,0.9647971280823967
-1.379460637160135,-16.71149163923279,58.21182281380278,96435.918694,96435.943509,0.969332570159101
-1.1644771270135355,-16.705214900256124,58.25326297250433,96435.932027,96435.95739,0.990404968046979
-0.941665509057217,-16.69093264266347,58.26225568433832,96435.94536,96435.969505,0.9953245742635478
-0.7236452556555688,-16.689347198856805,58.28819812646761,96435.958694,96435.982811,0.9950577346927391
-0.5059958120824163,-16.6827884075936,58.3152526470036,96435.972027,96435.995794,0.9863440850298787
-0.2917072780177881,-16.692046374081972,58.37512625611953,96435.98536,96436.010988,0.9973091574136627
-0.08444666805935598,-16.705463584269694,58.42657284130642,96435.998694,96436.024537,0.9986756714751507
0.13433462820313888,-16.696199766247585,58.4217350659033,96436.012027,96436.038759,0.9689330586487949
0.3516780499078817,-16.697117504244922,58.47210269113006,96436.025361,96436.050226,0.9366007393580805
0.5695674884590333,-16.689004246829604,58.50600588141224,96436.038694,96436.062516,0.9558713872727865
0.7944286331989322,-16.679390846016684,58.58921955663826,96436.052027,96436.075842,0.9854961800154096
1.0373634540743848,-16.632585831622023,58.61165303049541,96436.06536,96436.090851,0.9364019703627571
1.2856078505989514,-16.581857017772492,58.66685859149522,96436.078694,96436.102573,0.9829599771111038
1.553508389627336,-16.50254867142801,58.64321502016009,96436.092027,96436.118156,0.9823376264787858
1.8270100266978986,-16.443497048296813,58.711425302982605,96436.10536,96436.130531,0.9661106813885428
2.1046470161476543,-16.373675105458492,58.73770191068357,96436.118693,96436.143847,0.9839884849802302
2.3900849842050773,-16.306242701261812,58.7665170336999,96436.132027,96436.156385,0.9567031831457922
2.6714815408613948,-16.237438508257934,58.767555187451315,96436.14536,96436.169396,0.9653938956821952
2.967716642527413,-16.189175177276773,58.80797770524289,96436.158694,96436.183434,0.9931318149924839
3.2688414176675304,-16.14237464126539,58.803410640874986,96436.172027,96436.196115,0.9804742402300036
3.5884035030086743,-16.1094744082514,58.84906055589943,96436.18536,96436.217158,0.9884034608565423
3.904813968920481,-16.065570571066704,58.817171698492665,96436.198693,96436.223275,0.9583688853407032
4.222382570066402,-16.038864872851107,58.87350958390113,96436.212027,96436.237043,0.9769187211839314
4.530305036292443,-15.996470212098037,58.8521842834087,96436.225361,96436.250331,0.963250100843708
4.841765219602513,-15.95277947344534,58.846369143754735,96436.238693,96436.269192,0.9983832960171414
5.160377108390503,-15.932832373237668,58.91205492710337,96436.252027,96436.276188,0.9889635058361245
5.483349921423441,-15.893218472122166,58.93015304403396,96436.26536,96436.289665,0.9885168790950154
5.81369994380212,-15.888425998371792,59.00575916690151,96436.278693,96436.3032,0.9725025939728882
6.146291474954003,-15.85459792976588,59.015655288132955,96436.292027,96436.316865,0.9958490010546842
6.48403584755528,-15.832350755540105,59.04258191624801,96436.30536,96436.330321,0.9653598978306657
6.8130228307817475,-15.818336834039103,59.10162080372833,96436.318693,96436.343422,0.9484562251652174
7.136701312142061,-15.795962146383244,59.12560003358837,96436.332026,96436.357752,0.9466670852426697
7.449574882294137,-15.772231023457131,59.134830446664964,96436.34536,96436.369253,1.0
7.7693535171532755,-15.791709986186687,59.24698849882338,96436.358694,96436.385315,0.9922215688106811
8.082819146310424,-15.804535012511218,59.3336573213105,96436.372026,96436.399509,0.9165690289879103
8.394649761199576,-15.816863993653852,59.337248725300384,96436.38536,96436.40999,0.913671598222268
8.715436493785248,-15.849886905680314,59.37654120331456,96436.398693,96436.422512,0.9829933084586826
9.044044642410256,-15.90432561217589,59.49837689092209,96436.412026,96436.435822,0.9704404352201127
9.36504943771026,-15.925152752188934,59.443729324274884,96436.42536,96436.449345,0.9952003296613436
9.692753416031884,-15.974083830923632,59.53268653270704,96436.438693,96436.462456,0.9583915904914436
10.010442361710165,-16.000266919743936,59.53555060277584,96436.452026,96436.476035,0.9767896370528426
10.320486929260976,-16.049015873328788,59.57782265287688,96436.46536,96436.490441,0.9815298756132272
10.630022368266774,-16.102310815541216,59.61215948539448,96436.478693,96436.503484,0.9970123680444716
10.93005477634457,-16.155087669201958,59.62089393089073,96436.492027,96436.516168,0.9493913224525953
11.235671152161913,-16.22533626423116,59.672038504366704,96436.50536,96436.529713,0.9374824807392305
11.538962456818963,-16.29782840912489,59.704996866943105,96436.518693,96436.544054,0.9213076806158895
11.844944616934658,-16.3685510940139,59.703539886609406,96436.532026,96436.55581,0.9239634737486644
12.152000657893991,-16.445527383031454,59.73770760632276,96436.54536,96436.569351,0.8976159298292108
12.464227491969458,-16.518879729357703,59.77083991455465,96436.558693,96436.583147,0.905089525035975
12.775585964979836,-16.591451576008122,59.79710051990632,96436.572026,96436.598186,0.963720083888854
13.084561291252859,-16.65880638778863,59.820982996006244,96436.585359,96436.609771,0.9352198248489372
13.393042441153447,-16.729923044424453,59.84089964194403,96436.598693,96436.624757,0.9183273924806037
13.702653423963795,-16.805049863257775,59.88200609131926,96436.612026,96436.635887,0.916855434503873
14.000166736122235,-16.85842038458661,59.841624254381685,96436.62536,96436.652173,0.9303669324862783
14.312907956105226,-16.934162627742833,59.9059974547593,96436.638693,96436.664146,0.904334324677247
14.602111230293618,-16.975376947517695,59.89437680428269,96436.652026,96436.677251,0.9220960796047156
14.910116619704946,-17.04788531628219,59.98476243038805,96436.665359,96436.689361,0.9414512148512076
15.196909916616086,-17.091517355796928,59.97002047632287,96436.678693,96436.702656,0.924513891580864
15.49756349374774,-17.14940610825314,60.02355679393995,96436.692026,96436.721829,0.9370640092899631
15.786222708741612,-17.19955340824333,60.021530603484344,96436.705359,96436.729408,0.9021701661536277
16.076019339759117,-17.246760497319045,60.03908091954867,96436.718693,96436.742503,0.9535246614297592
16.369596646115074,-17.303883430612515,60.04705647077805,96436.732026,96436.755751,0.9284114269672651
16.666580170349036,-17.34373304259669,60.05200018880065,96436.745359,96436.769519,0.9155259816428423
16.974639102724545,-17.38641747498177,60.091364062247074,96436.758693,96436.784577,0.954266648606488
17.26535914230266,-17.403777806967632,60.04961735649823,96436.772026,96436.798975,0.9340539295813035
17.587092839491905,-17.44852938479183,60.100161497090994,96436.785359,96436.810507,0.9121380685514895
17.89899005557017,-17.484070615147466,60.13253252648826,96436.798692,96436.822695,0.8519923874250716
18.207239673754387,-17.50633787459633,60.10745389174683,96436.812026,96436.835596,0.8810287910716471
18.512692853499914,-17.531295516369426,60.09364377942836,96436.825359,96436.851035,0.8946907678516154
18.827044436255797,-17.56138490490537,60.11786415720255,96436.838692,96436.863409,0.9100532933906171
19.13503368238942,-17.57335572993385,60.12140207766307,96436.852026,96436.876014,0.9394072566931901
19.446236970776965,-17.583705278391857,60.13901485612916,96436.865359,96436.889183,0.9246042959226479
19.751357692915327,-17.57481622312119,60.1061567419168,96436.878692,96436.902621,0.8659170941950698
20.068397750864698,-17.592713412427074,60.137510363877524,96436.892026,96436.917043,0.8125206136258791
20.3809543651157,-17.600609466056575,60.137730810707076,96436.905359,96436.92914,0.8060237727607139
20.685390902877057,-17.60513872492518,60.11160380305027,96436.918692,96436.944352,0.9234109663949095
21.021526309119324,-17.63111439310424,60.16668157474426,96436.932026,96436.957273,0.9234788855273359
21.334967420702917,-17.62784818340435,60.129632747215744,96436.945359,96436.973528,0.8110449863733712
21.661926496986432,-17.626248620562222,60.134963224630056,96436.958693,96436.983545,0.8304812627071292
21.98518999402806,-17.616306243304535,60.12718924020484,96436.972025,96436.996397,0.8815524927848662
22.301462605561362,-17.592879817774996,60.09486360351824,96436.985359,96437.00957,0.841153285931081
22.63719059689299,-17.581393786202852,60.13557631942997,96436.998692,96437.023147,0.8992894080281655
22.95625829672489,-17.553395701004128,60.13247455181935,96437.012025,96437.036684,0.8484471116369232
23.266815170158893,-17.523873678594935,60.10938225768778,96437.025359,96437.049584,0.8141475717519238
23.58628201159621,-17.499066119559053,60.112546205497964,96437.038692,96437.062591,0.8455409902707018
23.898306444878948,-17.46876995272106,60.10310691240214,96437.052025,96437.076832,0.8317893413170537
24.242398378667108,-17.468005492717943,60.19110610665432,96437.065359,96437.089808,0.8826730102045267
24.53915066718016,-17.418368870800737,60.140908395446814,96437.078692,96437.106177,0.8695643385528856
24.84876301210188,-17.399518319894618,60.159524901746764,96437.092025,96437.116536,0.8623659564259395
25.153677031596484,-17.38681570675542,60.18274485148112,96437.105359,96437.131621,0.7920280506305741
25.451823448081903,-17.37046629140103,60.18949751952171,96437.118692,96437.14554,0.818781783495687
25.73882745044167,-17.354048292618348,60.18938962457343,96437.132025,96437.157043,0.8619437278906503
26.041478518424174,-17.363356326089253,60.238595262840306,96437.145359,96437.169989,0.8641645056727988
26.31049546435131,-17.350918014372876,60.220337370472336,96437.158692,96437.182978,0.8405149853555027
26.60630756113209,-17.366189139976086,60.27082092236092,96437.172025,96437.197723,0.8332709516266097
26.883034206886876,-17.377513950870874,60.29230169895258,96437.185358,96437.210787,0.8688237550653255
27.15923556577547,-17.395597701890306,60.32316772543009,96437.198692,96437.224755,0.8112574261787606
27.41979518234623,-17.40844261759179,60.32525855006257,96437.212025,96437.236518,0.874188845622093
27.68837338076177,-17.423478475957417,60.35087825600781,96437.225359,96437.251429,0.8755278008847418
27.964376274901905,-17.445042311613488,60.3890174490261,96437.238692,96437.265809,0.7689856444767589
28.220053740266533,-17.435855826063094,60.340004219518924,96437.252025,96437.277039,0.8014267479023961
28.500873684024707,-17.44842721668242,60.357923710558325,96437.265358,96437.289562,0.8217018816644247
28.759037117614447,-17.433839334212415,60.30041410916161,96437.278692,96437.303155,0.8177226145983061
29.05631333783698,-17.4381207555019,60.334212190346705,96437.292025,96437.31722,0.8578802654557183
29.335771441136547,-17.426163437626357,60.31817660284722,96437.305365,96437.328991,0.8261082226025799
29.58918341660784,-17.392742947025717,60.24315249855544,96437.318698,96437.342556,0.8440866421076535
29.889223358534977,-17.379171109379357,60.27420493815538,96437.332031,96437.356865,0.8314960413066733
30.191169763969857,-17.356173029237038,60.288174871314936,96437.345365,96437.3695,0.8259081749707817
30.443463331894232,-17.290540558521577,60.16501511695151,96437.358698,96437.384011,0.8211725833308882
30.739866826072202,-17.252334923319015,60.12786537476456,96437.372031,96437.396601,0.8015235582252006
31.04009129263568,-17.214299166109,60.121338840059686,96437.385364,96437.409778,0.8042140327071045
31.287661830321056,-17.144398276183868,60.029904851051555,96437.398698,96437.425217,0.8230127714295283
31.550623341703794,-17.09448952967301,60.02584747751924,96437.412031,96437.43615,0.810481284126313
31.805264314276222,-17.050381175056735,60.06998041237472,96437.425365,96437.451163,0.8294216024345623
32.025897993835336,-17.009726327215603,60.07404551023336,96437.438698,96437.46363,0.8473276769927353
32.25255917285492,-16.9691779980592,60.102854243249304,96437.452031,96437.475504,0.8684773883694065
32.45992134435851,-16.92440027893498,60.10596493143274,96437.465364,96437.489536,0.7802395362801806
32.696858582562555,-16.888282743789066,60.16044883277225,96437.478698,96437.502547,0.8442426301799999
32.91130164689324,-16.841068504291673,60.151421778586126,96437.492031,96437.515683,0.8333257786240614
33.133257674171766,-16.796916600789846,60.15127601492316,96437.505364,96437.530536,0.8608768932814106
33.37482141334677,-16.771926648051323,60.182829809700905,96437.518698,96437.548692,0.8353346277820785
33.627882169572295,-16.75380545182625,60.24653520096428,96437.532031,96437.556347,0.8540739948070546
33.84424231444845,-16.717536374031933,60.25735525345634,96437.545364,96437.570181,0.8084380026476133
34.05367845827242,-16.671096569296413,60.26112541709352,96437.558698,96437.582549,0.8276216317365269
34.31157934760958,-16.660543316045374,60.38464180912939,96437.572031,96437.596388,0.8497742547454994
34.48072914287061,-16.608259601710284,60.345554737812726,96437.585364,96437.609098,0.8289961943394857
34.6760575599184,-16.57320446567326,60.360440461094186,96437.598697,96437.623292,0.8373969108351933
34.868025166770465,-16.549533101767853,60.40779575877134,96437.612031,96437.636382,0.8812351731613175
35.08505160919139,-16.545176224180388,60.52387592504633,96437.625364,96437.650301,0.7956907327038171
35.23212341653395,-16.517441095435718,60.505789664666544,96437.638697,96437.662792,0.8330541643376516
35.38462175226567,-16.49714177900319,60.49757579875199,96437.652031,96437.678357,0.8170694354681719
35.5859349766807,-16.503985207199648,60.57794268049899,96437.665364,96437.689977,0.8176556102784768
35.75549454775251,-16.492561625356387,60.591766280745695,96437.678697,96437.704806,0.795978459015557
35.90754152682714,-16.47048174003584,60.55817614935312,96437.692031,96437.718721,0.8298858367890705
36.1119670805397,-16.47418156790213,60.60310116798464,96437.705364,96437.735615,0.7852435714577327
36.29707046487462,-16.46329594593933,60.60883833589763,96437.718697,96437.742854,0.8669055426993801
36.50806125535671,-16.457941202666255,60.6582635982161,96437.732031,96437.756944,0.8495728082489811
36.694951810686234,-16.441563853406137,60.67548401853838,96437.745364,96437.770935,0.7970629730956558
36.86539360541606,-16.420769721515672,60.66348244397185,96437.758697,96437.782218,0.7827000842520474
37.08018669462217,-16.41652446906637,60.74890246051258,96437.77203,96437.797911,0.865516697912745
37.237892675216855,-16.391475273137253,60.746325427578604,96437.785364,96437.811522,0.8276005187693062
37.403260945007744,-16.374727496775126,60.761944846052344,96437.798697,96437.823285,0.8423867884120264
37.575101109631966,-16.35752888787339,60.79321360923138,96437.81203,96437.836226,0.7780133802515962
37.74518901322122,-16.337221651495557,60.82293072029662,96437.825364,96437.849799,0.8524461236889272
37.92000031728027,-16.325765124928015,60.86655673888975,96437.838697,96437.863519,0.798868907371767
38.08535604945059,-16.310350037592855,60.90469848195133,96437.85203,96437.875732,0.8164472749294857
38.242773287601445,-16.292519195785882,60.92558872578975,96437.865364,96437.890553,0.8351178799539225
38.41931956624446,-16.277075854914763,60.96142483321713,96437.878697,96437.90277,0.7945382580268108
38.57897314367903,-16.246605615666347,60.952480166111,96437.892031,96437.917287,0.8575585834441253
38.74226677062151,-16.20414347196356,60.94815261743922,96437.905364,96437.929759,0.8286093413705263
38.95164423352186,-16.186977408130414,61.01767707829406,96437.918697,96437.944835,0.7668224855994569
39.10142863623605,-16.147617855088843,60.99686751813285,96437.93203,96437.957176,0.8500315977221289
39.30399725851486,-16.143569189738137,61.06165241356225,96437.945364,96437.969401,0.7563385286326264
39.424258034935704,-16.115031546975718,60.995278441563855,96437.958697,96437.982461,0.7549247633893801
39.56478155271925,-16.101652090573424,60.9732585210503,96437.97203,96437.997189,0.7493232148873901
39.76371090553991,-16.121409633511274,61.065274026329455,96437.985363,96438.009498,0.7246199611916835
39.85373069156886,-16.102099219945178,61.002499076248895,96437.998697,96438.02307,0.7783852110462504
39.98558832873721,-16.1029145013044,61.01586964325832,96438.01203,96438.043426,0.6799073123662334
40.11611920462822,-16.10359915783059,61.021508021183934,96438.025364,96438.0564,0.7782346317362793
40.274213801598556,-16.124304781040124,61.08554713477278,96438.038697,96438.06268,0.7745369660808824
40.37235916577186,-16.118904352464817,61.04565901406252,96438.05203,96438.077845,0.7906438525124903
40.48657130560567,-16.140796467148835,61.03234994822448,96438.065363,96438.089361,0.7804271234754603
40.6386514421307,-16.17741541184618,61.09206062653838,96438.078697,96438.103179,0.7699601932385657
40.764369315645595,-16.19217854895089,61.10488511883727,96438.09203,96438.116582,0.7920788427890951
40.896826222685185,-16.22519883264767,61.135419914616406,96438.105363,96438.128997,0.7602418251510288
41.0181783460461,-16.2545994418228,61.139552356229245,96438.118697,96438.143453,0.74609148284159
41.12757270244769,-16.284633220494037,61.14536402853084,96438.13203,96438.157723,0.7389393126531194
41.29045669341723,-16.34180189038872,61.24306990561565,96438.145363,96438.172925,0.7247006753085184
41.28674558289158,-16.324301966494524,61.066704158597254,96438.158697,96438.183544,0.7497912664366839
41.447505045797826,-16.3822338672144,61.17004594360049,96438.17203,96438.197401,0.7463986205683945
41.59167121759144,-16.436871622577314,61.24655693735604,96438.185363,96438.215991,0.7712024356238016
41.61360539311184,-16.426060214664602,61.1201152993343,96438.198697,96438.223683,0.7003839005753585
41.77838976611972,-16.48763120598713,61.225291183801964,96438.21203,96438.235906,0.7583507547778228
41.85305457064467,-16.50497577417132,61.15835661280619,96438.225364,96438.250263,0.7252659871650605
41.95289991276346,-16.537051099141543,61.14584307105907,96438.238696,96438.262525,0.8249756675108777
42.0443032929691,-16.563460151093633,61.12300351368679,96438.25203,96438.277016,0.7747342229918234
42.15298750517489,-16.5873327299103,61.13576883338849,96438.265363,96438.289933,0.7415166279147692
42.27356723924172,-16.61792703013118,61.17766108145712,96438.278696,96438.303944,0.7749310181367113
42.3399320675667,-16.63925543279479,61.14427150988939,96438.29203,96438.316993,0.6894911974421988
42.40363489742777,-16.634745502158022,61.10842400280808,96438.305363,96438.329512,0.7455160464855634
42.46729931165537,-16.640003083292395,61.06793467719826,96438.318696,96438.34302,0.7450030919178816
42.505177650724214,-16.627269077863385,60.9863789576538,96438.33203,96438.356824,0.8291667914063732
42.65471596337383,-16.665635413769074,61.1064606957007,96438.345363,96438.368853,0.7859581796233296
42.75502135388522,-16.68662925122986,61.14830837426935,96438.358697,96438.382577,0.748016810718058
42.806898525760516,-16.692910551049255,61.13250570582769,96438.37203,96438.396852,0.6528704279248744
42.941913759842436,-16.73724676738165,61.245236258949106,96438.385363,96438.408932,0.7782794987676704
43.01045373227534,-16.763237769887,61.10337078879816,96438.425363,96438.450727,0.5647118540887988
43.04215408206538,-16.767566126129214,61.11066349180388,96438.438696,96438.463497,0.7742918825704057
43.011461239126625,-16.76414829210616,61.008924521681536,96438.452029,96438.47831,0.6605280322043882
43.06726220106429,-16.798741786027907,61.058757069421986,96438.465363,96438.49003,0.6670579104428055
43.101621451571724,-16.82235850619055,61.07510747333247,96438.478696,96438.503059,0.722367478636285
43.1597807045696,-16.85879243389174,61.116775967358834,96438.49203,96438.515908,0.6837025703974954
43.08632540202245,-16.875267613874843,60.84624872106786,96438.532029,96438.560869,0.681850198106003
43.15255730286986,-16.916922056658432,60.89338607771575,96438.545363,96438.569394,0.7527350722315124
43.11706878741552,-16.889316366175596,60.696355705210784,96438.572029,96438.597002,0.6634956727059595
43.22853171803236,-16.765040192332325,60.19967881731261,96438.665362,96438.695721,0.6675275860070692
43.27411277497767,-16.744287655700255,60.177523359619826,96438.678696,96438.702841,0.6919007897566163
43.249370134651826,-16.008711726430825,59.42084338810965,96438.852029,96438.877748,0.9155903543164997
43.28557329059627,-15.949203981945704,59.47085709671328,96438.865362,96438.891481,0.9078561036285469
43.200374671933275,-15.381932234443385,59.229077454117345,96438.958696,96438.982233,0.5953686045547644
43.097485863387696,-15.088125446694237,59.84132761372107,96439.065362,96439.089754,0.5189270084962533
42.6072076043676,-14.517038643301348,59.99575428704065,96439.158695,96439.182503,0.7488322792532338
42.601519983332835,-14.40006742808914,60.219765742284345,96439.185362,96439.21057,0.7591007763880451
42.482447790745326,-14.263665926477442,60.23386669218829,96439.212028,96439.237772,0.6442083143954165
42.41416928353075,-14.212543318716712,60.23332082860546,96439.225362,96439.249944,0.6657573550207497
42.39565816932988,-14.180063004360564,60.29530082891906,96439.238695,96439.263765,0.6535856932395591
42.3225467134173,-14.13053801229118,60.271012219607286,96439.252028,96439.278705,0.6379856059647574
42.32576913289703,-14.128207885016836,60.35349805609005,96439.265361,96439.28957,0.7274195882684544
42.26851038180322,-14.110126295415077,60.3227702435497,96439.278695,96439.305154,0.5029348878283559
42.32711633278956,-14.125489702864316,60.48388140523661,96439.292029,96439.31702,0.6304113749921362
42.20726866903639,-14.095201009067711,60.330674099324604,96439.305361,96439.329903,0.7672534976784302
42.182190540591094,-14.097356539974287,60.31978671783986,96439.318695,96439.343454,0.791951505479012
42.18465262469921,-14.121199658427408,60.35208289172732,96439.332028,96439.356469,0.7735985660753352
42.23545471430805,-14.16278692095231,60.46578941735715,96439.345361,96439.368989,0.6984956351028361
42.18246466604496,-14.163070764975854,60.408696186901764,96439.358695,96439.383052,0.7866490156479855
42.23095144126387,-14.207274804515468,60.51885944021724,96439.372028,96439.396102,0.6929826333820078
42.21617369335993,-14.229609255332386,60.50429271432593,96439.385361,96439.409341,0.7670792644694893
42.23464176882961,-14.260568518108427,60.57841077363573,96439.398695,96439.423291,0.783186586165443
42.18507515587208,-14.282099462606391,60.52626520035386,96439.412028,96439.437237,0.644236002926722
42.14021759475027,-14.285043300723583,60.47578460578683,96439.425362,96439.450865,0.7715602649547512
42.20719128192309,-14.350192746351293,60.61443553880688,96439.438695,96439.463215,0.7704235063568292
42.148799278421556,-14.355073532149934,60.53614126298795,96439.452028,96439.476897,0.7189007079608166
42.11046568207821,-14.372066154701322,60.50315822377588,96439.465361,96439.492385,0.6314339790558574
42.15334246692523,-14.412649091470552,60.62262864517642,96439.478695,96439.503947,0.7487751551470148
42.12542700515158,-14.420786335801585,60.627409245993825,96439.492028,96439.516024,0.7394331222274455
42.12901728203409,-14.449965539871572,60.705289381584926,96439.505361,96439.529658,0.7324779956719979
42.112101112941424,-14.474524790787108,60.7302080442702,96439.518695,96439.542191,0.6116399169774152
42.079245236253264,-14.485636562368349,60.730984490204825,96439.532028,96439.557007,0.7225419664268585
42.07439570768996,-14.523515418088323,60.77320253652508,96439.545361,96439.570285,0.4838727847501401
42.07580679084685,-14.539604433959546,60.812140813065746,96439.558695,96439.583531,0.8077124714411639
42.12598187511664,-14.581334117041642,60.92117790559796,96439.572028,96439.596141,0.7403537262127307
42.06241855457724,-14.581150557216622,60.84713998772553,96439.585361,96439.609031,0.7023265560051395
42.07151761180256,-14.602339716896763,60.88438960316183,96439.598694,96439.622939,0.6348710297992964
42.05721374719024,-14.613183735759243,60.87604443547064,96439.612028,96439.63572,0.6287149118271187
42.05852964067078,-14.617601123233694,60.880795514279995,96439.625361,96439.649154,0.7009382015763015
42.087357197786545,-14.63588392812877,60.9505146708887,96439.638694,96439.66193,0.7558470237698618
42.13716840680213,-14.653965327512546,61.0273584751134,96439.652028,96439.675675,0.724953370915576
42.10388014602195,-14.640356687539809,60.991006867005346,96439.665361,96439.690708,0.7558470237698618
42.122693145082515,-14.644795342337531,61.02409692722101,96439.678694,96439.702594,0.7326782128940597
42.07811246286351,-14.627753607011396,60.97432887197806,96439.692028,96439.716725,0.7841595176838729
42.091186519511936,-14.63679902139131,61.034009377901455,96439.705361,96439.730444,0.6691349246745836
42.09476308937919,-14.654023737655809,61.07569520824159,96439.718694,96439.742552,0.6440778753086339
42.10357588330015,-14.66216736612222,61.12468285990527,96439.732027,96439.756564,0.7786070432530547
42.08995571549744,-14.662909551008113,61.140197550902656,96439.745361,96439.768908,0.7524671120367041
42.03565888246938,-14.652777238160251,61.11467847958364,96439.758694,96439.783293,0.73432575884999
42.044873359356,-14.662053350464284,61.19578076882242,96439.772027,96439.797331,0.7149571889248263
42.06644895357317,-14.673808774035255,61.31692257876453,96439.785361,96439.813178,0.669802780155936
41.9656602778901,-14.63478721067975,61.238340091126396,96439.798694,96439.823841,0.7484701930789351
41.9760621159914,-14.630224639091391,61.33291574589618,96439.812027,96439.835776,0.6849004901739922
41.88452621921557,-14.577822240722094,61.25531288417362,96439.825361,96439.84895,0.6698808163725863
41.8408021228707,-14.527682998823762,61.24737265297388,96439.838694,96439.870197,0.7112949934312086
41.879130144793706,-14.497358100565929,61.377192269340256,96439.852027,96439.876042,0.7707961909042513
41.825769654545965,-14.422849049035221,61.341087315703376,96439.865361,96439.889938,0.742458033977703
41.86279032390033,-14.378447959310062,61.44396382000229,96439.878694,96439.902355,0.7520617067248137
41.778190188115566,-14.272061940962393,61.35365693806048,96439.892027,96439.916718,0.7591778656279992
41.75769298121724,-14.189590928462081,61.36287190366615,96439.905361,96439.929919,0.6394903171686092
41.7855971618248,-14.11634262652746,61.453575187865354,96439.918694,96439.943654,0.7179621538352435
41.770152823671424,-14.022250076506458,61.495684996304135,96439.932027,96439.95653,0.8256562975207631
41.810575159734164,-13.949989179308735,61.60998255847502,96439.94536,96439.969384,0.7447819234201706
41.760637997049336,-13.844987252688922,61.57978837604024,96439.958694,96439.982385,0.7445893304681208
41.741285649965,-13.744076189510857,61.597974981804974,96439.972027,96439.997149,0.8966054417511445
41.674852503467115,-13.6338091526378,61.536597264596715,96439.98536,96440.015784,0.7608078480530881
41.66285202595266,-13.54473262249068,61.56771985945235,96439.998694,96440.024844,0.6835724975174478
41.6049920713338,-13.422927091121906,61.50339812876049,96440.012027,96440.037061,0.7259456918329471
41.59723639210985,-13.325325770055185,61.54557596571427,96440.02536,96440.050384,0.7420236350165441
41.538683302995345,-13.21129861214928,61.48621933338869,96440.038694,96440.063822,0.7363191296008103
41.58941124697139,-13.128738701516465,61.61720602507954,96440.052027,96440.076614,0.7928429751394658
41.5410475028964,-13.007602061879284,61.56771202019889,96440.06536,96440.089256,0.7601782042946076
41.52523957034807,-12.878188253178829,61.55902883393108,96440.078694,96440.105341,0.757662030591616
41.52774893566189,-12.767479202733382,61.58920731856916,96440.092027,96440.11725,0.7499365169537372
41.51600347454486,-12.641056125332588,61.56683407580463,96440.10536,96440.130325,0.7554622930167851
41.49052480702208,-12.509192437200594,61.51948101530672,96440.118693,96440.142389,0.7670132143100538
41.48186561506286,-12.374862249846093,61.497077171487526,96440.132027,96440.156582,0.7537947920922315
41.48963841716821,-12.246277291048123,61.50207548501196,96440.14536,96440.16934,0.8495174214422768
41.52969015979784,-12.118447070226093,61.54065052715119,96440.158694,96440.183112,0.759797658911407
41.46421877749679,-11.963136436326526,61.40595862618769,96440.172027,96440.196416,0.7441659466920465
41.5565770407654,-11.85357980568329,61.53020755221626,96440.18536,96440.210494,0.7545143677272025
41.522808064952216,-11.685150950797661,61.4361290239161,96440.198693,96440.222941,0.7925682644995593
41.520997612708825,-11.531239792175162,61.37829312308463,96440.212027,96440.238313,0.7721922129770341
41.572562066755786,-11.39067094609108,61.4045647721674,96440.225361,96440.249462,0.8012141858689041
41.556152485497,-11.245924280462365,61.31816420570693,96440.238693,96440.264267,0.7436273232124865
41.565765125392296,-11.101722655378921,61.26638164696447,96440.252027,96440.277107,0.7930444387371199
41.63561146335795,-10.979747777832648,61.30641872447665,96440.26536,96440.290016,0.7987301682916372
41.708535136414206,-10.863174051359811,61.365933125201195,96440.278693,96440.302833,0.7863615200208819
41.68292204340466,-10.724989076505052,61.27141168143024,96440.292027,96440.315811,0.7468291710488468
41.680066754270584,-10.582519188570423,61.202183822057094,96440.30536,96440.329253,0.8154312142857696
41.712990646165395,-10.447795311359457,61.20923748029478,96440.318693,96440.343074,0.7488451699099219
41.74677386777716,-10.297465789658556,61.20669153432542,96440.332026,96440.355714,0.7851873924056791
41.814877644624204,-10.156997622217757,61.27578954717963,96440.34536,96440.370643,0.7181858197989422
41.77261494619777,-9.984223142297502,61.165338450966644,96440.358694,96440.383008,0.7439465540486736
41.7640376885255,-9.820542832465796,61.127232651591015,96440.372026,96440.395786,0.7456373813356739
41.79054566726447,-9.665792550328922,61.15313998582238,96440.38536,96440.409089,0.7856017824145273
41.78742756515355,-9.501591260178184,61.14515363366593,96440.398693,96440.423247,0.8118330529646729
41.77607882562531,-9.331661921115861,61.12396785449632,96440.412026,96440.435745,0.8337408506203063
41.7490567855701,-9.15530366866272,61.08642044626491,96440.42536,96440.449933,0.7610686146775553
41.70835000374462,-8.964426348557176,61.033003669353036,96440.438693,96440.462877,0.7916655193128831
41.734524634432724,-8.787203862706471,61.087652311311146,96440.452026,96440.47751,0.7892390357909806
41.715851974615894,-8.598240958049049,61.06093186085113,96440.46536,96440.489307,0.7928787799375676
41.66011014061009,-8.405228626519401,60.978600486129004,96440.478693,96440.502462,0.8213484491204217
41.67590513827448,-8.235524909948008,61.01984509246656,96440.492027,96440.515841,0.7383626311906434
41.65440268029707,-8.04735799369138,61.0163044856033,96440.50536,96440.529089,0.7897016015497951
41.628078506078786,-7.872321585067673,60.99708557742715,96440.518693,96440.543175,0.7703968265353349
41.58300487918916,-7.684790642975169,60.952984737926286,96440.532026,96440.556096,0.7042905525476115
41.58041717339616,-7.493378190016716,60.967990779809455,96440.54536,96440.571106,0.7105619117309246
41.567118802682536,-7.2999484849405585,60.961352025320316,96440.558693,96440.583363,0.7816578969560856
41.561614120943,-7.103637033482198,60.97116522711947,96440.572026,96440.596944,0.7869128646908414
41.52676043235457,-6.890798937542209,60.942599927243016,96440.585359,96440.609307,0.8118063378237725
41.52528081289947,-6.688321557492612,60.96366068631404,96440.598693,96440.62258,0.8034891964506424
41.509478198050985,-6.477774876910786,60.957528473517584,96440.612026,96440.635985,0.7936780039284743
41.47701366067482,-6.254781991966655,60.92047370852142,96440.62536,96440.649157,0.8369107857706579
41.48685991653203,-6.0484086288464525,60.95623071896776,96440.638693,96440.662156,0.7686720411173147
41.50534039725103,-5.838624094923497,61.014931563444364,96440.652026,96440.675913,0.6951228452444169
41.44974633375708,-5.6202333134870806,60.94288902954206,96440.665359,96440.689471,0.7537575771834728
41.451753797516375,-5.409500429046139,60.967774472214856,96440.678693,96440.703222,0.7888885718172962
41.461341832731826,-5.188110450103022,60.99802065397183,96440.692026,96440.716164,0.7852195579393758
41.3907718784257,-4.957061957380272,60.89843464979496,96440.705359,96440.729846,0.8235017091872199
41.41204223713447,-4.743117320991604,60.94072549274467,96440.718693,96440.74266,0.7612601565391265
41.41344324463073,-4.534894108866158,60.97058883244879,96440.732026,96440.755844,0.7854167948458526
41.42452404910595,-4.335822833971699,61.037702232933995,96440.745359,96440.777906,0.8058534076906622
41.39862133712967,-4.1328704351931895,61.03972998551729,96440.758693,96440.782638,0.7677328847339304
41.33443431492517,-3.9173984209144015,60.994268998345035,96440.772026,96440.79581,0.7825107157691835
41.32314853087428,-3.708791676268777,61.03965894789394,96440.785359,96440.809086,0.7945834082935155
41.26776001790844,-3.49136790922096,61.01290816303574,96440.798692,96440.823171,0.7899166326970548
41.249120919519534,-3.2770625237991875,61.05289780617812,96440.812026,96440.835602,0.803180108702728
41.232019080623076,-3.0509939801176587,61.11280095741881,96440.825359,96440.849074,0.7924555752898667
41.15698404875709,-2.830699101404407,61.0792484601131,96440.838692,96440.863061,0.7863287078627859
41.09088551253342,-2.604742718291674,61.08301368219396,96440.852026,96440.876573,0.7227672673770493
41.02268632777438,-2.3823084647912283,61.10395474189384,96440.865359,96440.891718,0.8126901592534319
40.96026694340924,-2.1511651730392916,61.13274337326113,96440.878692,96440.90523,0.8196262431366262
40.886714342180646,-1.9135004914257205,61.156985692719296,96440.892026,96440.916609,0.8163629731041777
40.817067409442956,-1.667372614801226,61.173182151048785,96440.905359,96440.929815,0.8111600670176224
40.78922005286775,-1.4109161560236814,61.249121268100055,96440.918692,96440.942469,0.7849424909354024
40.65202275115905,-1.147999642377624,61.138689785352916,96440.932026,96440.956747,0.7672021200665621
40.58958143282633,-0.8808346048483194,61.13942093911351,96440.945359,96440.969042,0.7963935303633094
40.53930983150067,-0.6090193012094772,61.15712990779172,96440.958693,96440.983585,0.8183394741220146
40.446248143087836,-0.33604105626428155,61.10489691338488,96440.972025,96440.996556,0.8622215197604153
40.34594796652056,-0.06143474864494228,61.05485137300028,96440.985359,96441.009235,0.801210756769738
40.26155822575439,0.2164740240578872,61.03307590112874,96440.998692,96441.023581,0.802376805114329
40.17744831026876,0.5028393439356383,61.0130514832463,96441.012025,96441.036508,0.7885375218501147
40.099538215332345,0.783797753214175,61.026063072974694,96441.025359,96441.050327,0.8034333027582271
39.9712327896963,1.055646787446704,60.955507858666394,96441.038692,96441.064212,0.7701101815021003
39.90941768915521,1.3357186522503794,61.00141466973234,96441.052025,96441.077125,0.797944483709137
39.80175908781086,1.6210148172178234,60.94908758730691,96441.065359,96441.090397,0.812315395921522
39.69455321783213,1.909000022583024,60.90447862571076,96441.078692,96441.102739,0.8042199397802386
39.582181085898064,2.199266109756196,60.83916650676222,96441.092026,96441.116267,0.7795745741328661
39.51590041717556,2.4871381887513686,60.85109315114852,96441.105359,96441.128906,0.8191249064024981
39.407080507535056,2.767617502600113,60.78675330916182,96441.118692,96441.143605,0.8472735115347834
39.30425340092678,3.043155386937879,60.72383746287699,96441.132025,96441.157148,0.868784480096042
39.244340251050176,3.322579898902546,60.74367382216434,96441.145359,96441.170939,0.7962066542699555
39.146413485141046,3.593631204570441,60.68377161183983,96441.158692,96441.183118,0.8197330131981008
39.05567988004272,3.869476735066291,60.628709625590865,96441.172025,96441.196588,0.7924286575385603
39.008447677097905,4.157398414917567,60.61829050075639,96441.185358,96441.209689,0.8062086170644924
38.88977626446994,4.430115869003577,60.49441982516714,96441.198692,96441.22397,0.8167554201001712
38.84965073479789,4.715186366526785,60.481561372004315,96441.212025,96441.235738,0.8522047406797666
38.756501040297046,4.994249538391093,60.367867024267404,96441.225359,96441.249209,0.821288263338368
38.666368499383715,5.26392500195433,60.25438463620099,96441.238692,96441.262441,0.7805339447359178
38.64491815709305,5.54469003309095,60.26545576948528,96441.252025,96441.275613,0.8136875972598077
38.58205346194365,5.811364931725985,60.19284633099727,96441.265358,96441.290484,0.8818836346684547
38.48012373066228,6.063197131053036,60.05410331581605,96441.278692,96441.302598,0.8702797447461922
38.41470121896313,6.320372760319759,59.984591189286,96441.292026,96441.316869,0.8596046733014777
38.27941516179869,6.557054558122582,59.82283467690843,96441.305358,96441.331045,0.8106030186279553
38.2349169094403,6.80734709900701,59.8212403305718,96441.318692,96441.345008,0.8733997697268405
38.071210313085615,7.035916379101984,59.63355731118249,96441.332025,96441.356951,0.8097720916147263
38.00011957114114,7.281695968097005,59.58257880918394,96441.345358,96441.369015,0.8046889294114011
37.90894723465994,7.534296482821776,59.511949343724076,96441.358692,96441.382924,0.8043118466545031
37.80819684796558,7.789200513821605,59.40905832437008,96441.372025,96441.396655,0.8513687940938024
37.707354810795245,8.03973338849143,59.29267393922435,96441.385358,96441.409073,0.8244181158026584
37.58913336785213,8.290965741014864,59.1626032971895,96441.398691,96441.423609,0.8452167825936053
37.54030337063565,8.56088020185863,59.1522082288744,96441.412025,96441.44271,0.8204761161626023
37.42970734054425,8.811165933852486,59.03599327569595,96441.425359,96441.456151,0.7955441084032779
37.350138110736445,9.07354042411182,58.98050013951083,96441.438691,96441.462699,0.8329566835596915
37.25643671923731,9.339096129917301,58.91945943984182,96441.452025,96441.478902,0.8780448683258463
37.17586897325224,9.613984915394042,58.863762033014936,96441.465358,96441.489516,0.8355834218486653
37.047121362828605,9.878736689863866,58.74629444187861,96441.478691,96441.502745,0.809533833496463
36.964743462186874,10.162138049859987,58.70303558628818,96441.492025,96441.515826,0.8177469872251671
36.89014812278931,10.453267861824976,58.6828341132938,96441.505358,96441.536771,0.8372197335036482
36.82398323035839,10.7535424752898,58.67777060538371,96441.518691,96441.542587,0.8142379637452634
36.71854769439853,11.04057126794824,58.60913013069089,96441.532025,96441.556478,0.8453763930714904
36.60290250400336,11.32593027042115,58.52050272498497,96441.545358,96441.569067,0.8363255238220799
36.506861335517385,11.623244495637154,58.485813637181174,96441.558692,96441.583649,0.7882944842320967
36.38656696017571,11.917135103771582,58.38862328532287,96441.572025,96441.597045,0.8163775160115363
36.3223535137053,12.229450216758247,58.39994898226896,96441.585358,96441.610109,0.8078325565190848
36.27070461329149,12.5510627584883,58.41967257712346,96441.598691,96441.624308,0.8764483834819953
36.162196519845956,12.84782351975395,58.32622219930701,96441.612025,96441.635692,0.7613083923423812
36.09038052564947,13.15959793789895,58.2761317706984,96441.625358,96441.649231,0.8330087621014239
35.977462926560804,13.4480215863517,58.12822127673734,96441.638691,96441.662542,0.8605953809628893
35.931778373461434,13.759437758025108,58.11124417989445,96441.652024,96441.675758,0.8150781058629336
35.88690157779287,14.064407448321953,58.078345718981275,96441.665358,96441.690114,0.9029758049262634
35.821759540185965,14.355669917070625,57.992295140391995,96441.678691,96441.703037,0.8342232045986303
35.75181256553113,14.639477951896945,57.910741295468554,96441.692025,96441.717451,0.7985925398209563
35.718351922004054,14.925212040059911,57.87372618772555,96441.705358,96441.730007,0.8039876016572752
35.635572585319345,15.18153575468409,57.76074456373323,96441.718691,96441.743722,0.807722907885771
35.58619070546421,15.442646442475196,57.692222226272236,96441.732024,96441.756907,0.7848392353348652
35.56021668997338,15.704563083844587,57.66361914633702,96441.745358,96441.769071,0.7449157422425701
35.54099968707795,15.961264463220164,57.625377427967585,96441.758691,96441.782586,0.8136613671815236
35.448780642954844,16.179684600325718,57.453766328776,96441.772024,96441.797141,0.8196956770553144
35.451712707263866,16.430648048867187,57.44083254695885,96441.785358,96441.808886,0.7714681728770013
35.4472577601652,16.668913208859692,57.4096479481513,96441.798691,96441.823625,0.8514913994099317
35.4192211989394,16.87420751105064,57.333362895147246,96441.812024,96441.836405,0.7585389656548631
35.3988289220016,17.074762300552834,57.26529367220622,96441.825358,96441.851126,0.80434860037583
35.324718901905925,17.234692456698255,57.11778003478311,96441.838691,96441.863432,0.8014217244605343
35.28375918032698,17.39344609276996,57.03714139864657,96441.852024,96441.879993,0.7030371347025004
35.242864939874046,17.551249027071602,56.97745149799845,96441.865357,96441.890674,0.8112369835406725
35.23841607537652,17.722394079943047,56.997310645922006,96441.878691,96441.90266,0.8589870866585793
35.176152572951125,17.84721142488206,56.918594411904984,96441.892024,96441.916397,0.8303224772151026
35.10890981848196,17.953693930141714,56.81990131035346,96441.905357,96441.929247,0.7391681769637328
35.094161107933054,18.086425248283845,56.82830374726407,96441.918691,96441.942227,0.7575338098844029
35.00266065715306,18.161880625756737,56.694946154544716,96441.932024,96441.956709,0.719683996800641
34.96197006540928,18.239592660096974,56.62763827728837,96441.945357,96441.969029,0.672225581812128
34.98121401925609,18.351695798899723,56.68272916813329,96441.958691,96441.983619,0.6784843551004047
34.89462428687353,18.383458463689955,56.52473957563109,96441.972024,96442.002473,0.7236283874299985
34.92396212552189,18.465824047039607,56.57744942995194,96441.985357,96442.010459,0.6936631950687248
34.883978834750486,18.499653264675445,56.48326959221011,96441.998691,96442.023527,0.7434039424963572
34.86951589576911,18.542122069299534,56.43233407182446,96442.012024,96442.036687,0.9340226719748078
34.89412287877889,18.586308236454652,56.43945959311045,96442.025357,96442.049344,0.7434662843214149
34.86084418969917,18.592444955573196,56.34364600740573,96442.038691,96442.063129,0.6978656641838129
34.852411426036376,18.607461510906862,56.29800809737546,96442.052024,96442.075721,0.7423410030886546
34.84775609996051,18.6159466248327,56.258956355047765,96442.065357,96442.090244,0.8792490563687505
34.872973953705795,18.635193333824873,56.288776156467726,96442.07869,96442.10252,0.8373885585339271
34.853578370073066,18.61337388259809,56.21304094205298,96442.092024,96442.116679,0.8407136873741233
34.86939272305656,18.607581956582564,56.21900037123905,96442.105357,96442.130862,0.7600110981547948
34.86108911916329,18.58346517583593,56.169645626251906,96442.118691,96442.143415,0.8132665289909957
34.87897973989233,18.567030687614817,56.16082215436474,96442.132024,96442.157027,0.7940565763354627
34.907490893984836,18.551995212402765,56.182266408123446,96442.145357,96442.169297,0.82254587232871
34.92162709602017,18.516040216132026,56.17301998623505,96442.158691,96442.182978,0.6415526066333448
34.91656915353521,18.487954798215508,56.15966625904184,96442.172024,96442.196136,0.7398181568068634
34.88615511142299,18.436010556962586,56.09325360885663,96442.185357,96442.208772,0.7103570883997616
34.86362442480421,18.39692975034213,56.05716930427922,96442.19869,96442.223367,0.7336288888167696
34.849290641734456,18.361726113079452,56.04900403603903,96442.212024,96442.235694,0.6093016153546823
34.815959111197394,18.322737689393808,55.99483099503192,96442.225357,96442.250631,0.8078355127864194
34.81205578262367,18.29485108282718,55.99696521489405,96442.23869,96442.263678,0.7043435781294655
34.81866618610069,18.283822687433222,56.01602725068923,96442.252023,96442.276718,0.7610189707787001
34.80520808763945,18.265455838169075,56.00839833400928,96442.265357,96442.295248,0.9236320947924886
34.77372025239683,18.231517918437074,55.9898433674137,96442.27869,96442.3028,0.7362450760856784
34.768417242027105,18.224287795243516,56.00506185212854,96442.292024,96442.32231,0.809823906868547
34.781294825015834,18.228554345057056,56.05479535954619,96442.305357,96442.330267,0.7206654676258992
34.76960978725044,18.213804785281233,56.041610563502395,96442.31869,96442.343699,0.8149683861002041
34.75224563713094,18.187365606998288,56.01919511241811,96442.332023,96442.358915,0.7384770153376908
34.76572806839294,18.1658389918557,56.02236593153713,96442.345357,96442.371189,0.6405567297299147
34.7525750763134,18.14703806405047,55.99531367452984,96442.35869,96442.3829,0.7138284403560384
34.76410633393536,18.13900466463713,55.99488864235887,96442.372023,96442.395669,0.8323505888069317
34.84625107064678,18.17745254015845,56.073512256937505,96442.385357,96442.409342,0.7668504777467732
34.885947813531715,18.196846529599075,56.090005303779044,96442.39869,96442.423686,0.6993878375516456
34.96184249006766,18.22454912307763,56.149688327027825,96442.412023,96442.435984,0.7734535317881229
35.030110754232474,18.252299872413406,56.18164686757977,96442.425357,96442.449474,0.8775417488256148
35.10376316508583,18.291754657871056,56.230610943063425,96442.43869,96442.463303,0.8904418122734497
35.18234980009725,18.305065293348033,56.29414158150686,96442.452023,96442.475436,0.650239028656534
35.28571100363682,18.330658055557517,56.417383172849654,96442.47869,96442.502517,0.7429989557798518
35.386906608913726,18.368549361578104,56.53857422461219,96442.492023,96442.522815,0.8032015867037993
35.43497137869997,18.368918801746794,56.59472956137716,96442.505356,96442.531,0.7569175780443191
35.535316229073324,18.38928217357513,56.720177055392114,96442.51869,96442.543232,0.7069037278092482
35.62738073140888,18.410303680944445,56.840096980418835,96442.532023,96442.556451,0.6592745592647731
35.718065663581974,18.411359158731695,56.9277911275824,96442.545356,96442.569388,0.7604116107232972
35.79083689622283,18.410648267673185,56.97217865415947,96442.55869,96442.582363,0.79231204619736
35.889283321929284,18.41137224405452,57.045175324055506,96442.572023,96442.59712,0.8112917136013142
36.03718339293102,18.438209668825728,57.22344282501123,96442.585356,96442.609191,0.7243234725699917
36.08006134966124,18.39729351924237,57.218673545595585,96442.59869,96442.623572,0.7736841421625823
36.16279218200592,18.390599541862123,57.333182473072384,96442.612023,96442.636577,0.6905397066329836
36.26079679871958,18.383932945132862,57.46404179930386,96442.625357,96442.650707,0.6936627811076177
36.39352378939988,18.42277804006766,57.68799892016229,96442.63869,96442.663268,0.7109439779250885
36.45112848649624,18.414795849110142,57.779428365226245,96442.652023,96442.676357,0.8504135211424264
36.476533244308435,18.38003218052373,57.814125950997926,96442.665356,96442.690817,0.7088197294413909
36.54199772040152,18.375701495886073,57.9374824447024,96442.67869,96442.702379,0.6688689721696337
36.57795338019924,18.361083552129564,58.0226478796417,96442.692023,96442.722699,0.8050346800082886
36.636745277505185,18.366857186016034,58.15543001901525,96442.705356,96442.72947,0.7251909733126444
36.71015028549293,18.377751957863808,58.315876468284884,96442.718689,96442.742461,0.7397087553560333
36.69417117874002,18.346971518821356,58.31144553776597,96442.732023,96442.756483,0.7293839541815689
36.810139243276225,18.38229297183795,58.55438781010272,96442.745356,96442.769239,0.8428235483881649
36.9180234781639,18.408033537543716,58.746447236284375,96442.75869,96442.782908,0.7708105835016252
36.96298743905737,18.38741600718805,58.79586593939151,96442.772023,96442.796188,0.7956003070981987
37.02396582616049,18.37180812223202,58.84644062353649,96442.785356,96442.810414,0.795186321856471
37.07218627491361,18.32780552378268,58.83373428520791,96442.798689,96442.824279,0.8081763722988061
37.249784146514514,18.33596598003542,59.01715550424261,96442.812023,96442.835924,0.7070179179369105
37.36284670993667,18.30303472712991,59.04610962007388,96442.825356,96442.849236,0.7225150785900369
37.51511639263918,18.283655979064726,59.14210542329655,96442.838689,96442.863656,0.7842181504404934
37.62383019403344,18.244940374779812,59.18722605731198,96442.852023,96442.875657,0.5966014914252974
37.745147874617174,18.236273813837315,59.284298228606644,96442.865356,96442.890166,0.7066939863469806
37.8156247132819,18.21339202164641,59.33551549237546,96442.878689,96442.902519,0.7018449000243258
37.88400355487807,18.20863565018709,59.44006587923906,96442.892023,96442.91736,0.7616568697139717
37.932816482103405,18.187041023931947,59.55627951181494,96442.905356,96442.930684,0.7615018508160526
37.97356870051031,18.173930599428825,59.65912456636107,96442.918689,96442.944229,0.7974918207568296
38.061239524244435,18.167171592817546,59.817983933717905,96442.932022,96442.956827,0.9064855101307292
38.09898379969888,18.130587117329046,59.881890234108766,96442.945356,96442.969193,0.8349731338616657
38.17361904175896,18.104359055926118,60.01570588069503,96442.95869,96442.982475,0.7940055777495104
38.18478835893885,18.060414842818524,60.02395834176751,96442.972022,96442.997304,0.6592103423721276
38.26819072097044,18.053863865943693,60.183715232588604,96442.985356,96443.008917,0.7504145810356351
38.27811845292575,18.004634421876926,60.190321560080456,96442.998689,96443.031188,0.843154596691081
38.37099271443351,17.994479745594898,60.33810075491969,96443.012022,96443.035721,0.6943545455533314
38.378163043857604,17.95373499280211,60.389176202354804,96443.025356,96443.055865,0.7447158401779322
38.44395844962767,17.93514490528602,60.55615295552741,96443.038689,96443.062982,0.787748870133992
38.47815566081203,17.895960828696083,60.67620214536533,96443.052022,96443.082247,0.7182612797361538
38.50150557952118,17.85618822049096,60.76151479215321,96443.065356,96443.090259,0.8010520261028141
38.48237342681106,17.794725301491468,60.796155386570845,96443.078689,96443.102858,0.7620302053757987
38.45835821919837,17.733702594412595,60.84872385438726,96443.092022,96443.116117,0.7584797036816258
38.427682782788295,17.674744683782354,60.91204139401478,96443.105356,96443.130164,0.829431664940329
38.45060003975882,17.643962849079134,61.06237879582908,96443.118689,96443.14226,0.7087001272476057
38.42402684351772,17.59199421874061,61.14108935344243,96443.132022,96443.15675,0.81166579150735
38.38728761209562,17.52939414360381,61.2052388084841,96443.145355,96443.169101,0.7511286318732634
38.379541177678824,17.491003886461055,61.31399666080944,96443.158689,96443.184154,0.7256213545635755
38.36134147637338,17.453830391879148,61.40572576941266,96443.172022,96443.196534,0.8828798266126278
38.35662313109176,17.42358978553842,61.501259666193,96443.185355,96443.210558,0.7667143348572116
38.33396546697717,17.377113159297238,61.55115933188328,96443.198689,96443.22304,0.8161768495420235
38.36376257409397,17.36572158524366,61.71028171794394,96443.212022,96443.235882,0.8248377875011895
38.31782368119217,17.327463178824907,61.74320286652627,96443.225355,96443.249521,0.7431629207095405
38.325239773543814,17.31023116514574,61.877151110547686,96443.238689,96443.26329,0.8132309885961885
38.33422036124443,17.297767243865128,62.01040940311368,96443.252022,96443.275699,0.6986256310991383
38.33009549497519,17.28338249442024,62.1096290438393,96443.265355,96443.2901,0.7195628708644066
38.331699351731466,17.266932730810225,62.20946753412913,96443.278689,96443.302504,0.7664592024946055
38.40317482643267,17.28123652023595,62.415179876545686,96443.292022,96443.317837,0.7365585830607092
38.40480463420625,17.26765137826611,62.46307686194008,96443.305355,96443.329731,0.7742521021443789
38.43159457264163,17.26590776312968,62.52153098173089,96443.318688,96443.346121,0.8556261603546627
38.56728507601437,17.32074356003606,62.77411396070557,96443.332022,96443.35693,0.847945426649404
38.67066931684874,17.356890151946796,62.94025750500924,96443.345355,96443.36903,0.6756481589500004
38.79128993814228,17.405734034146178,63.120034554255106,96443.358689,96443.382554,0.7342262511301747
38.906205280442194,17.45386935906384,63.27091258016113,96443.372022,96443.396824,0.7567889338387539
39.00326581529808,17.490979740022308,63.357288188925025,96443.385355,96443.409548,0.6703284757994042
39.1558204507804,17.563825613960706,63.546130448997154,96443.398688,96443.424127,0.7585820308350022
39.34407101423005,17.656062104915865,63.786525397402514,96443.412022,96443.438472,0.7776043995159919
39.56487107024686,17.762968782157262,64.07614489903017,96443.425356,96443.451824,0.7336725175438951
39.686712794926905,17.818803460045118,64.16225582896904,96443.438688,96443.469557,0.7755974075189487
39.857399591060116,17.90654684025234,64.32546828252872,96443.452022,96443.476442,0.7537602149102464
40.0602524904284,17.999454399998484,64.57513696182208,96443.465355,96443.496844,0.7772075720954731
40.245592283853114,18.09253391015044,64.77570815673154,96443.478688,96443.507947,0.8501577442681469
40.450140034056695,18.195257317939024,65.0297887601929,96443.492022,96443.517048,0.7270273618203091
40.622787715291366,18.29347972487968,65.2194879941078,96443.505355,96443.531792,0.705176768156163
40.89303575681562,18.452053825058346,65.57834953825248,96443.518688,96443.542873,0.7454403556127968
41.0252920943791,18.54376236531503,65.69644619336981,96443.532021,96443.557551,0.739821153749058
41.201582407891344,18.65275479345639,65.92320369339124,96443.545355,96443.571961,0.7580721282099149
41.398359913720675,18.773933810400603,66.18119278171231,96443.558689,96443.583559,0.6885416921551392
41.56799693762359,18.88297451714593,66.39487976927474,96443.572021,96443.603297,0.7326018872505456
41.77617679513095,19.000435104340994,66.64640494034994,96443.585355,96443.610863,0.752465032863369
41.97370041916698,19.104112365068577,66.8507905404096,96443.598688,96443.623282,0.693498733739395
42.173120449307284,19.19903613031456,67.01629652164941,96443.612021,96443.642801,0.6958537833185205
42.38696028730462,19.283948170497723,67.19700607036803,96443.625355,96443.658674,0.6239461664207997
42.724578389603934,19.434373673900524,67.58794587307258,96443.638688,96443.669751,0.7142156392573802
42.779310370090236,19.44063347449631,67.4869155413925,96443.652021,96443.677206,0.744699816777055
43.01135803674457,19.535113319022837,67.73352460741388,96443.665355,96443.692813,0.6104261152657328
43.27035326532202,19.65938190843795,68.02018163674053,96443.678688,96443.704842,0.7114916596517167
43.461391244076715,19.75174994098685,68.16952379294897,96443.692022,96443.721042,0.6863898136819745
43.680155307338715,19.856260411361507,68.36203359552427,96443.705355,96443.730652,0.7159687006255223
43.86413935848059,19.955952087035737,68.52702275053528,96443.718688,96443.743195,0.8763731076593119
44.15631944773126,20.09779271877469,68.8700344002775,96443.732021,96443.757125,0.7138854380752068
44.28210052743128,20.17083057780759,68.94065545473583,96443.745355,96443.770055,0.9700878988910664
44.456103213035576,20.240186103621927,69.07709821482133,96443.758688,96443.78262,0.718909429364808
44.735081977653515,20.3684974209693,69.40641142147719,96443.772021,96443.796944,0.8316155051578108
45.124130736047036,20.55756005878468,69.84589286713312,96443.798688,96443.829314,0.7825474278680221
45.29107549787419,20.652275928008645,70.05973441026961,96443.812021,96443.837846,0.6978564341847512
45.420902470941314,20.719924443543185,70.16328704840659,96443.825355,96443.850325,0.8481082114720356
46.524310000322494,21.154855319425923,71.70204461593734,96443.905354,96443.938,0.7108860352158223
46.67482038769884,21.19423782574719,71.900144421266,96443.918688,96443.946825,0.7077569500595811
46.95375125896864,21.205505517288838,72.23418887192906,96443.945354,96443.970622,0.6996996264852843
47.59425987301579,21.335238508024712,73.05238328635185,96443.985354,96444.018772,0.7156320871825891
47.67220206101116,21.323860088889997,73.06835014658304,96443.998687,96444.02381,0.8085292340732043
48.98884749025122,21.663665573920227,74.55248487188425,96444.078687,96444.102548,0.6451237567455502
51.10497959880949,22.633934069218927,77.85359651084008,96444.265354,96444.28986,0.744815658303526
51.793528966051035,22.516859161477285,80.00289852276033,96444.425354,96444.449182,0.7457432323938139
52.851442674285515,22.62069677668897,81.32991500279148,96444.505353,96444.529341,0.7181564411976986
53.504426151083145,22.728801983171174,81.98149963517938,96444.558687,96444.582614,0.6353676552999368
53.71031544895042,22.714008613183807,82.01387048310087,96444.585353,96444.609876,0.7511705168685063
69.46816402493019,21.05307291226191,106.89112696285798,96446.745304,96446.769426,0.6346398455999318
68.54639336930981,21.19558174545329,107.7611798665811,96446.81197,96446.836407,0.6980434621856428
68.03897547597512,21.19574907106421,107.87953001905176,96446.838637,96446.863784,0.7575678104236824
68.06571335404914,21.26643709234294,108.40584612298066,96446.85197,96446.882565,0.6864597743076805
67.37885740786106,21.106013217804858,107.7121284101142,96446.865304,96446.889527,0.6999025911053699
67.1075281503879,21.07808413326156,107.7172853367462,96446.878637,96446.902572,0.8633224944313528
67.09946877502142,21.150233108949553,108.16134860708304,96446.891971,96446.916953,0.8791297276902565
66.67300305459821,21.087259024335403,107.89563274726842,96446.905304,96446.929463,0.9065321320216971
66.69201561051077,21.137171420652226,108.38536016533737,96446.918637,96446.942861,0.7168039204106824
66.40745446166225,21.10760877908842,108.3265791791763,96446.93197,96446.956061,0.724692924500492
65.80761809760173,20.936314899085968,107.71486813331973,96446.945304,96446.969676,0.7092970114205244
66.16630799338176,21.099837496688536,108.76006983597625,96446.958637,96446.982355,0.7399788935109401
65.49972448136397,20.93109408925341,107.98139991247471,96446.97197,96446.996113,0.8445515968831705
65.54606998482204,20.97519025833188,108.50060214287585,96446.985303,96447.010128,0.6780613325149227
65.38156940967258,20.967020807109254,108.62687005746777,96446.998637,96447.024105,0.7353158952388427
65.10136021004858,20.91282571080207,108.55204091853798,96447.01197,96447.036349,0.8782496028395373
65.05122241588334,20.935958631008397,108.93730031764443,96447.025304,96447.050581,0.8490639826678951
64.76487445208451,20.863048181182247,108.80248727552154,96447.038637,96447.063292,0.8259826823519747
64.6159061350718,20.83062346067898,108.92950806281793,96447.05197,96447.075856,0.9123369451782516
64.37039494796808,20.765996539198625,108.79401455169888,96447.065303,96447.089995,0.881084052961562
64.47990730690039,20.801132977379115,109.30066951748051,96447.078637,96447.102105,0.7749816601901526
64.21614877064691,20.720302415830027,109.1688635541382,96447.09197,96447.11715,0.8035002350224817
64.10236597367727,20.67927081352404,109.28237508211939,96447.105303,96447.13014,0.7652188631090165
63.913007817001365,20.628772292795812,109.24848384274009,96447.118637,96447.146474,0.8740233654789394
63.87832426980747,20.60823836700125,109.46955446712556,96447.13197,96447.157172,0.8959661553568018
63.817359357536205,20.595048701684195,109.59721629140338,96447.145303,96447.169407,0.7580990941997865
63.622709220432604,20.522190893303595,109.46812226219967,96447.158637,96447.182353,0.8671588290874489
63.572804946154086,20.475113172237972,109.64869400487821,96447.17197,96447.195491,0.8202705067307811
63.50220305801092,20.444035455450642,109.78338374949676,96447.185303,96447.208793,0.8179143902141787
63.32596568541544,20.363260371755135,109.6969036240229,96447.198636,96447.223466,0.8490295375847212
63.330594585390514,20.344109791796555,109.98351282503384,96447.21197,96447.236013,0.6206106904608062
63.150153600838614,20.273827675162785,109.87212130104263,96447.225303,96447.250511,0.924757008632731
62.90638527067542,20.16527226087979,109.61326454404325,96447.238636,96447.263726,0.7657170689992576
62.97853454474828,20.16352684670292,109.97314357000307,96447.25197,96447.276459,0.8904819033426847
62.94868191953386,20.13088368642433,110.1159071276441,96447.265303,96447.290412,0.863790210754658
62.82612453174825,20.07708227911636,110.1100191579119,96447.278636,96447.302515,0.6862702873736023
62.7954996789141,20.05142635374951,110.27106499078268,96447.29197,96447.316387,0.8445079619709607
62.683124768785554,20.011627619966312,110.27599514162132,96447.305303,96447.329252,0.8084361143489855
62.710730237378414,20.03301153348658,110.56760510834918,96447.318636,96447.342218,0.8344905945584911
62.67630257023858,20.037425032473156,110.73663145188387,96447.33197,96447.357203,0.9972131899437696
62.5148231001111,19.983415071569834,110.6385791715476,96447.345303,96447.369243,0.9099405987707221
62.46132379476078,19.961316247911956,110.74922707152429,96447.358636,96447.383474,0.8522148907495132
62.43558878390802,19.958802286251004,110.88344021471127,96447.371969,96447.396729,0.8833760276522565
62.41691659904037,19.956611632000946,110.99380036939355,96447.385303,96447.411857,0.8776131520020185
62.287078627083936,19.911101427139915,110.89419232377243,96447.398636,96447.423494,0.7527690947543352
62.17355803668544,19.867043145442135,110.78734774297477,96447.411969,96447.435779,0.9728142218283049
62.24241872934365,19.89416147669894,111.07684661119971,96447.425303,96447.449149,0.8606000690851259
62.335396320510654,19.90831076245712,111.34076972794065,96447.438636,96447.463838,0.7887657894486179
62.19708761949508,19.84175243439949,111.17473135272681,96447.451969,96447.475606,0.8261655847919651
62.158413100329355,19.80920479214255,111.19363824815949,96447.465303,96447.490055,0.8784259842102724
62.12341545433659,19.783586580672758,111.18453308686406,96447.478636,96447.502778,0.9616478883393068
62.18593760998676,19.77005585847794,111.35661938615772,96447.491969,96447.522544,0.8994776961583014
62.24404090607766,19.767132333701657,111.51571326817594,96447.505303,96447.529105,0.8734595212387818
62.15053656018192,19.704868709588983,111.36119712082271,96447.518636,96447.549045,0.910410960239186
62.26194328163874,19.722631096770343,111.55118521579499,96447.531969,96447.556138,0.9941504209271141
62.30377813104525,19.70119412622719,111.65349748949353,96447.545303,96447.569332,0.8415448943187945
62.1550976230905,19.63033598165283,111.39393215967571,96447.558636,96447.582616,0.8622758272656371
62.04237028992116,19.588875848733842,111.20488926998232,96447.571969,96447.596456,0.8421807322230476
62.278431643365124,19.651380635295073,111.65182652914945,96447.585302,96447.615747,0.8591320224719101
62.22891882322662,19.630520704153714,111.5940292227829,96447.598636,96447.623161,0.9159575232283371
62.323163837932285,19.67040247750479,111.82391830607526,96447.611969,96447.637694,0.9060285428657012
62.13422068302152,19.611826984223548,111.52155636296489,96447.625303,96447.649721,0.7603507228121298
62.13633451450802,19.626226366595287,111.59956399199683,96447.638636,96447.663063,0.851951477466034
61.94302140686029,19.583951334180586,111.30154388085496,96447.651969,96447.676264,0.9999413603746174
62.02994553499525,19.63952680730026,111.50827503468562,96447.665302,96447.690125,0.8347188433549018
62.042522254013655,19.66408501476254,111.60609361707249,96447.678636,96447.702309,0.8277374174792803
62.1825916620939,19.73807023149548,111.97095760545056,96447.691969,96447.715668,0.8909862215732378
61.9096389566817,19.67872206586873,111.5314348678661,96447.705302,96447.730727,0.8202032118880458
61.87735936385774,19.70097886829893,111.56114052457342,96447.718636,96447.742351,0.8826032577950902
62.03722689561298,19.78931245827145,111.96363060826877,96447.731969,96447.757032,0.8422092011876261
61.749785461430506,19.72440565006172,111.52202067303766,96447.745302,96447.769152,0.8880357992597026
62.04547734575953,19.85947252418178,112.21950077125416,96447.758636,96447.783797,0.839522505118765
61.71542089762602,19.778269160850805,111.68107460283076,96447.771969,96447.797501,0.8591320224719101
61.83000258381607,19.853023916946242,112.01041576278658,96447.785302,96447.810163,0.7875109919955603
61.83772320091834,19.892042548299223,112.10943974461867,96447.798635,96447.823225,0.869603391729238
61.6558146593311,19.8671718078963,111.85814324177319,96447.811969,96447.835997,0.9778047072003624
61.632268745659516,19.884322955106246,111.84792424268083,96447.825303,96447.849164,0.8936476929259219
61.74777469802066,19.95371042091302,112.11404908790234,96447.838635,96447.862107,0.902358399610734
61.77223920314476,19.960600365001582,112.17505770846257,96447.851969,96447.877196,0.7702868472192654
61.921249331435085,20.036705103735514,112.45690842152368,96447.865302,96447.892212,0.7663433927024114
61.77747067084416,19.989604137582408,112.11575852880402,96447.878636,96447.903637,0.8605071602546932
61.935076188126764,20.04801055427733,112.33872869149108,96447.891969,96447.916394,0.8764273171301413
61.850490725918284,20.014127037183854,112.09278676115737,96447.905302,96447.930518,0.8109412340277483
61.95365046423283,20.047834997386868,112.23350030988293,96447.918635,96447.943057,0.8170331772104613
61.934469207449894,20.022431683315478,112.0718378822612,96447.931969,96447.956454,0.942581770016283
62.11277336215399,20.058209477904978,112.26430418497712,96447.945302,96447.969971,0.7779610391663899
61.99774654908291,19.99066766109197,111.92185907824903,96447.958636,96447.982327,0.8502139632856721
62.2476456797767,20.02416686538193,112.23619522107005,96447.971969,96447.995919,0.8238249091124378
62.37111975226532,20.030120188786327,112.32623948124635,96447.985302,96448.008732,0.9317799533256553
62.20631576012291,19.931215736681605,111.83529416657512,96447.998635,96448.029169,0.8376857792151036
62.36576605650547,19.92562128101361,111.99557010099466,96448.011969,96448.036004,0.8272541752809389
62.45280201327069,19.891237723641073,111.98899920532386,96448.025302,96448.050811,0.9802449766408171
62.56106131513601,19.86561552147395,112.03454415068893,96448.038635,96448.063346,0.7594697401457031
62.53060577180209,19.800469891669547,111.8061347670374,96448.051968,96448.077658,0.8538215642280208
62.62773797937042,19.77588574922409,111.82146966435317,96448.065302,96448.091559,0.9716374363303518
62.793412286058796,19.744592473799532,111.90799975775997,96448.078635,96448.103207,0.9114013612108476
62.836381085720404,19.66469537254363,111.77343660054916,96448.091969,96448.118541,0.7361203148992973
62.868113743893915,19.581755949827887,111.58050409404483,96448.105302,96448.129708,0.9060175766415747
63.01218896341618,19.524311366272027,111.58089278208544,96448.118635,96448.142386,0.8421124525182437
63.05299796492055,19.41765333971972,111.36410739981945,96448.131968,96448.157153,0.9089606232078332
63.162159761289445,19.305826758341727,111.26450921496745,96448.145302,96448.169995,0.7746214361120985
63.32192950431191,19.204513071873194,111.23231620687663,96448.158635,96448.182188,0.8241483905605563
63.365939796246984,19.05061983872635,110.95034303789149,96448.171968,96448.19565,0.8489851044663422
63.78946110329757,19.012116844478278,111.41055765411421,96448.185302,96448.209097,0.9826117600062558
63.6920986692306,18.79670135483093,110.8899431853733,96448.198635,96448.222627,0.8265186494838093
63.87673070768524,18.644861704217746,110.90181956441994,96448.211968,96448.235424,0.863416782104848
64.04457748736768,18.494847889941685,110.87678810417769,96448.225302,96448.249301,0.7995059371977828
64.14990060681252,18.316939577740385,110.77179563847453,96448.238635,96448.262453,0.8680882703438884
64.25747310705327,18.13747169615179,110.68000064789463,96448.251968,96448.275733,0.9826334752384986
64.39175770738123,17.947240345772823,110.64956743591215,96448.265301,96448.289847,0.9689947424602966
64.46867888200862,17.75485798533911,110.513739420409,96448.278635,96448.302831,0.8359992436326422
64.46943991920553,17.528864099221405,110.28965056075039,96448.291968,96448.316086,0.7968324874385517
64.72223208968029,17.368794126606744,110.50880972705387,96448.305302,96448.329675,0.9019125606421506
64.70454779564291,17.132265892922117,110.28843213802084,96448.318635,96448.343254,0.7446833395292688
64.82311252338903,16.923182434103445,110.33310860359,96448.331968,96448.356972,0.8978021908686465
64.68823026969523,16.661080007316745,109.9227538144542,96448.345301,96448.37667,0.8631434476028754
64.73433769644835,16.434128888018947,109.83322995592057,96448.358635,96448.384849,0.8949784841921933
64.99275867993683,16.256902340821462,110.12506573595891,96448.371968,96448.396788,0.8140288883059013
65.011782808129,16.0089239151335,110.03914115138299,96448.385301,96448.408992,0.6340048621582057
65.23338618029516,15.81250857901675,110.26298225223549,96448.398635,96448.423054,0.7649237831667297
65.1416138637402,15.505516315228212,109.97108667865113,96448.411968,96448.435656,0.8615308079079281
65.31465347860585,15.27511154047728,110.12316708435418,96448.425302,96448.449327,0.8959661553568018
65.23478490771379,14.964919955893498,109.85712599751322,96448.438635,96448.46355,0.8902410946815627
65.24926249860896,14.655197251761278,109.70834261887171,96448.451968,96448.475987,0.8138926073361955
65.3180291825199,14.376238900340379,109.68917095019795,96448.465301,96448.489568,0.9380415892838786
65.47445772491646,14.095672152220935,109.79692977724623,96448.478634,96448.502614,0.8500291723715401
65.59883066225642,13.804921065906289,109.81587543546205,96448.491968,96448.516882,0.8613649123552122
65.5575071898399,13.45590462842272,109.50420579753464,96448.505301,96448.530132,0.9267902945874713
65.92234524423104,13.192986765634656,109.8914638705705,96448.518634,96448.542454,0.8586904696587733
65.81036255122658,12.817525905394088,109.45399930979984,96448.531968,96448.556436,0.92685227741793
66.09195607457997,12.509816424393403,109.66745199410737,96448.545301,96448.568818,0.9163973771134674
66.28887022093629,12.193258982547196,109.74749131537784,96448.558635,96448.583989,0.8129371763963528
66.35166061461942,11.841513805566867,109.58901597784477,96448.571968,96448.600082,0.8530631136785267
66.43777815280896,11.49816011136044,109.47906586389519,96448.585301,96448.610076,0.9013839295752778
66.5271009189554,11.137869456118958,109.3588229241432,96448.598634,96448.623159,0.8491162882438728
66.81749725468057,10.815458396726703,109.59693575417563,96448.611968,96448.635715,0.9025179951801032
66.87337421103584,10.449243787425115,109.43188342842151,96448.625302,96448.649208,0.9814164001677257
66.98589656148077,10.098250674082326,109.34659521318073,96448.638634,96448.663616,0.8700989419240932
67.01005391748758,9.725759618479755,109.08654311502093,96448.651967,96448.675767,0.7766304901984534
67.16408636383339,9.372134538732732,109.04522569475155,96448.665301,96448.690325,0.9171925682942521
67.36455749442595,9.005349458710668,109.04197212565637,96448.678634,96448.702501,0.9171320515288504
67.51357228041624,8.630518570783842,108.97348180970712,96448.691968,96448.717193,0.7637235719790468
67.68435213785577,8.261119703688749,108.97786703660655,96448.705301,96448.7299,0.8082184626582074
67.7151161583838,7.882721252034169,108.71955041662805,96448.718634,96448.746152,0.831073323235048
67.89965866307661,7.511243447641465,108.80863909293623,96448.731967,96448.757236,0.8011400653357644
67.90976230413382,7.142101269304231,108.58290893596556,96448.745301,96448.769197,0.9091824025881505
68.05285801563967,6.775331940634405,108.6069298581989,96448.758634,96448.78231,0.7277207203924815
68.29257874112375,6.413162946665677,108.78583758552922,96448.771967,96448.797127,0.7614473816489208
68.25211363013865,6.005108663373372,108.51746103564086,96448.785301,96448.808986,0.9118074800684209
68.5381620043008,5.614758566241105,108.77478616983515,96448.798634,96448.823408,0.9176058052390391
68.56412935445417,5.1697496671488725,108.56990444328044,96448.811967,96448.835949,0.8779180722845157
68.68371705830724,4.730961504944845,108.49058888924372,96448.825301,96448.850793,0.9229117880016323
68.81662699338371,4.275682077768699,108.43706821270365,96448.838634,96448.863481,0.7259826385820425
68.93054494844293,3.81204465674771,108.33971925844145,96448.851967,96448.877077,0.6749399471504879
68.99812984472746,3.3611513456093087,108.18774495088078,96448.8653,96448.890409,0.8594259756788951
69.13928245989189,2.896973524023259,108.16359749741257,96448.878634,96448.902308,0.8182255792623471
69.37376318909224,2.4333777609480904,108.31598631815412,96448.891967,96448.915673,0.8156537258594881
69.44674008657807,1.956557388211544,108.18018270248915,96448.9053,96448.93034,0.8918949394220618
69.54644945413344,1.4900612433093137,108.1121507788081,96448.918634,96448.94221,0.7861631439341344
69.79345612745468,1.0128061970461923,108.27323566000891,96448.931967,96448.956964,0.8734037106128358
69.8052394165518,0.5242023654166521,108.1041427769814,96448.9453,96448.969075,0.8650133968377457
69.87933437306869,0.0385611140258296,108.0350094037232,96448.958634,96448.983779,0.7917931713023056
69.98553700430163,-0.45436279743611835,108.01011231374216,96448.971967,96448.996464,0.7778255990923872
70.1361594855491,-0.9276409224080853,108.06961286083693,96448.9853,96449.012017,0.7488645931457842
70.13921547621035,-1.4109656663401917,107.91295630352155,96448.998634,96449.023882,0.7970139569725064
70.42032373930309,-1.9093337549119525,108.21780092393503,96449.011967,96449.036056,0.850460246242991
70.38709454343545,-2.391341731484858,108.01440708690711,96449.025301,96449.049402,0.9051288058003882
70.37562652059542,-2.8783458727287328,107.84320762474515,96449.038634,96449.062659,0.7714767850781727
70.43448070838899,-3.3645071535090847,107.78500013202184,96449.051967,96449.075549,0.8371680012607797
70.62312112067382,-3.8319167759220676,107.97991700046383,96449.0653,96449.090131,0.8801918312806135
70.37617285842613,-4.294778281195283,107.48293365021158,96449.078634,96449.102636,0.8277073908161215
70.67288344910632,-4.767931864258703,107.88930027902924,96449.091967,96449.117932,0.7442091018705783
70.58942128798886,-5.2164435119505725,107.70337650282781,96449.1053,96449.136127,0.7595707566373087
70.58600299538054,-5.652433407993743,107.65415393672221,96449.118633,96449.14958,0.8511571452973762
70.50657015380428,-6.070790687267842,107.49254994435326,96449.131967,96449.156364,0.7856176149843522
70.51011021966653,-6.460178380859109,107.49770852879095,96449.1453,96449.169941,0.7748270596137545
70.43047829772034,-6.832504276835968,107.37071345309381,96449.158634,96449.183328,0.6365870781746886
70.33678483698192,-7.201761402148767,107.21999918089361,96449.171967,96449.196774,0.7695394031051586
70.48305008782563,-7.580184113444346,107.45848101431685,96449.1853,96449.210137,0.7900583323063604
70.40299806099488,-7.939112861174512,107.28421271414268,96449.198633,96449.222768,0.7520005332909654
70.50235757651515,-8.313112076586883,107.41280665205099,96449.211967,96449.237562,0.9101160686534673
70.53658250024161,-8.686698777285564,107.43116059279184,96449.2253,96449.250072,0.7450296701051038
70.55548551085728,-9.036600923164329,107.41168882655211,96449.238633,96449.263018,0.9046831187052794
70.55700586160741,-9.380311790875377,107.35886697171411,96449.251967,96449.276603,0.8870432931818719
70.63752344115044,-9.71847412153867,107.44312098543516,96449.2653,96449.290315,0.744627566973146
70.60190494619962,-10.05326293893796,107.33110484200364,96449.278633,96449.3031,0.7267530384784882
70.65265213005111,-10.402487995186036,107.34249214581322,96449.291967,96449.316076,0.8196110425639394
70.77245094620318,-10.758551260550089,107.43702923674618,96449.3053,96449.329323,0.90851794826479
70.75408392512159,-11.09854825430328,107.3065351404609,96449.318633,96449.3434,0.8521877087643908
70.91313517317897,-11.47913513098364,107.47173261409247,96449.331966,96449.356193,0.8695075626310357
71.04345479834632,-11.858372019322786,107.59774578122597,96449.3453,96449.371294,0.8467606747460744
71.11862607981688,-12.22736099050046,107.61004095323106,96449.358633,96449.383502,0.6640947118553469
70.9579835393879,-12.550450451148997,107.2673745029166,96449.371966,96449.397605,0.7536272595517196
71.0544382985535,-12.92518966782546,107.31991570790085,96449.3853,96449.410671,0.9063396991525634
71.13144067767253,-13.296748074461272,107.34477978384075,96449.398633,96449.424642,0.7717881495348372
71.15383992203485,-13.620320246874376,107.284444844496,96449.411966,96449.435843,0.8629621594859044
71.45305999339317,-14.02015100290899,107.6991741777301,96449.4253,96449.450917,0.7732185652614835
71.32704048805917,-14.303069573559247,107.41577256294651,96449.438633,96449.463159,0.863440370646944
71.61269247777933,-14.69517751757849,107.86526879452076,96449.451966,96449.476133,0.6116621324277643
71.54151515804446,-14.981989845872304,107.71790296346236,96449.4653,96449.489805,0.7416786012437625
71.46221854547302,-15.254927758378015,107.59572745848739,96449.478633,96449.50324,0.9674584029502854
71.43090097587404,-15.538947985923691,107.5496301804209,96449.491966,96449.516952,0.8696279162073502
71.419883061431,-15.818077523886767,107.57008104731221,96449.5053,96449.529868,0.8263937565188837
71.68840188835709,-16.169868730521817,108.05432530858174,96449.518633,96449.542351,0.7744072558140771
71.52648103345925,-16.408269941608495,107.83175978254548,96449.531966,96449.55774,0.709893948071472
71.45327860204758,-16.6742623603519,107.76770391179986,96449.545299,96449.568982,0.8884920501126787
71.38053572192479,-16.94945990716009,107.70752214226135,96449.558633,96449.582244,0.6544214888212905
71.51603577858006,-17.281041566010646,108.0093931155374,96449.571966,96449.595556,0.5968778145753174
71.4224769201546,-17.540393848150597,107.92253881339461,96449.585299,96449.609021,0.7431158624565608
71.22671712942638,-17.77146110496054,107.67750478276447,96449.598633,96449.623681,0.6785445958400526
71.59111776475903,-18.16680518809296,108.35025695497015,96449.611966,96449.635601,0.7863093056061388
71.41789023118208,-18.412073676829657,108.1339900391089,96449.625299,96449.651717,0.8504151649127513
71.3169463833736,-18.67856793770475,108.07229975733036,96449.638633,96449.662537,0.902904646650356
71.38059522620664,-18.989980693492797,108.24825916043584,96449.651966,96449.676685,0.8401131799605074
71.2123338512637,-19.230444902510527,108.08408774350022,96449.665299,96449.689934,0.8062343963426394
71.23440164616764,-19.518180427006413,108.20806139922006,96449.678633,96449.702378,0.7482832018849824
71.3341152140653,-19.81970837392317,108.48195606223888,96449.691966,96449.715635,0.9338364273846892
71.25485612471968,-20.05295146914915,108.4582174075786,96449.705299,96449.730717,0.6929866429635011
71.03854169747622,-20.236056893363255,108.18846397413604,96449.718632,96449.742245,0.9138863957549296
70.86042860092986,-20.42826179413069,107.98891381678828,96449.731966,96449.75641,0.7714438225193124
70.78274802920396,-20.656307471055342,107.98546248474148,96449.745299,96449.769106,0.7488479040527196
70.87562827572323,-20.912205599702695,108.21441791940289,96449.758633,96449.789368,0.8583834462484665
70.81896037516793,-21.126898433802058,108.24876398050941,96449.771966,96449.79632,0.8944684401597536
70.70136153231508,-21.339242390007076,108.14872666384124,96449.785299,96449.810298,0.8227625771830508
70.69200342045036,-21.589957104747345,108.24965266906784,96449.798632,96449.823564,0.7610613280127246
70.70975337535613,-21.853485242372077,108.38860066047043,96449.811966,96449.835649,0.8385125426294885
70.61670880658777,-22.09854889353545,108.3440289569265,96449.825299,96449.849359,0.7463083545388878
70.56249609074176,-22.324242952846916,108.34707227840248,96449.838632,96449.863831,0.6273768244183549
70.64488961286268,-22.608702344665737,108.5786792485875,96449.851966,96449.882873,0.8125459927581029
70.45924992737643,-22.80707730397809,108.38222223168351,96449.865299,96449.897954,0.8114839481777407
70.47036926157656,-23.09450155496356,108.46295980846163,96449.878632,96449.902551,0.6793739261413984
70.27248990608923,-23.306988224919312,108.22891578795556,96449.891966,96449.916917,0.8070107500170124
70.29768584358236,-23.597473010805725,108.31703964252894,96449.905299,96449.929294,0.7588089611346013
70.32930467439591,-23.888673635142077,108.45045365756954,96449.918632,96449.944959,0.7685971827475816
70.14275961182943,-24.09689042545022,108.21532657901705,96449.931966,96449.956733,0.8932888526460103
69.95503552783313,-24.30464592278266,107.96898596029723,96449.945299,96449.969203,0.9634982384007952
70.1004002883255,-24.624461664201657,108.30220615831162,96449.958633,96449.982275,0.8081293769702195
70.18740402204449,-24.934633404472862,108.50000324968681,96449.971965,96449.995523,0.5082542457331066
70.09794513949238,-25.15699012851245,108.40072069912068,96449.985299,96450.010783,0.7522578611772853
70.20305930239873,-25.4559747697062,108.62220999107495,96449.998632,96450.023954,0.8684533920728263
70.05022719098541,-25.65122927732156,108.37285657051524,96450.011965,96450.038311,0.824894343721861
69.88944263730748,-25.852868847108063,108.12922243372651,96450.025299,96450.050118,0.7341822416938907
70.07889049870656,-26.179040832462345,108.46370657708411,96450.038632,96450.062379,0.6340482210128014
70.16326226024147,-26.463351888457833,108.61488370878114,96450.051965,96450.075399,0.727738735383791
70.08827396034897,-26.688408633402183,108.451614599758,96450.065299,96450.091013,0.679353202634138
69.90597720537625,-26.849956576152508,108.10813717259612,96450.078632,96450.102561,0.8572453855893079
69.79720543695699,-27.037161570728504,107.88647913549494,96450.091966,96450.116342,0.8204418423912302
70.00949071312643,-27.344837551184504,108.19989161789222,96450.105299,96450.128782,0.9746057319642318
70.21465927534364,-27.835233964384063,108.42787902846429,96450.131965,96450.156864,0.8461359910846762
70.08027282359774,-27.993972112635255,108.1179058487463,96450.145299,96450.169792,0.8250285103859231
69.94397212891256,-28.158049179941774,107.81189559714853,96450.158632,96450.184319,0.9974863569441135
70.39566026431102,-28.565197119368193,108.45915577517346,96450.171965,96450.196932,0.8805719885732245
70.14874263570118,-28.67440893353082,107.97217210986408,96450.185298,96450.210137,0.7350622804394036
70.35922011284806,-28.963823860818856,108.236711229287,96450.198632,96450.223445,0.9992391440921318
70.57324871032259,-29.239253169074477,108.49982057515551,96450.211965,96450.235764,0.7434437449514784
70.40492887742911,-29.33458232273867,108.1306209780974,96450.225299,96450.24928,0.9142282766459354
70.37861658537486,-29.512453847725236,107.99118610345624,96450.238632,96450.262295,0.7310028402973345
70.80141424843282,-30.088336195081723,108.56338779846334,96450.265298,96450.289828,0.7636987959793137
70.64461461454296,-30.215358358039733,108.22854048702402,96450.278632,96450.302422,0.8260539334782704
70.50376208492689,-30.381349018042076,107.97920523091977,96450.291965,96450.320061,0.9692561889951061
70.6246600443686,-30.884871129970673,108.16422013183386,96450.318632,96450.343114,0.8299591881522451
70.4680356969198,-31.028415157911986,107.8973236832624,96450.331965,96450.357036,0.9943111370698742
70.46232181778177,-31.703532274010843,107.87699360927792,96450.385298,96450.408721,0.8821219092777669
71.01407606119412,-32.478765467293016,108.94546466931152,96450.451965,96450.478024,0.8578715811094708
70.87444662887064,-32.445145435751435,108.71713180748952,96450.465298,96450.48969,0.7291373944201843
71.22191628267662,-32.112184057471474,108.84049314922862,96450.611964,96450.635429,0.9764223289805274
70.98439670091531,-31.82550733896766,108.39821044825938,96450.651964,96450.676693,0.7609395307679787
70.75682021150719,-31.68409021677176,108.02222428843002,96450.665298,96450.691762,0.8532186709616457
71.02878943497451,-31.78754712046373,108.50073508301817,96450.678631,96450.703197,0.9451742268418849
71.01784747394552,-31.508398217279943,108.94500155195742,96450.838631,96450.862184,0.9697253601855894
70.9481897982965,-31.477618091948678,108.82094940465926,96450.851964,96450.876742,0.9845958401486675
70.98264490148277,-31.501783793392136,108.86694664384083,96450.865297,96450.891728,0.9791532213375801
70.76997220216793,-31.405648110198076,108.52633641846664,96450.891964,96450.918274,0.9464938529441895
70.51244976066555,-31.288683393375127,108.08047601796908,96450.905297,96450.93042,0.8365756210734686
70.60682212588542,-31.402656968878272,108.1467311906071,96450.971964,96450.997006,0.9752801644706817
70.87362543079334,-31.556405510870135,108.6000093896964,96450.985297,96451.010301,0.7544917387401672
70.78531133012793,-31.57394024265947,108.38246895662182,96451.065297,96451.089134,0.993115517107516
70.7936156666722,-31.540258380182532,108.44591174777983,96451.11863,96451.142211,0.7925900033969298
70.83466817235104,-31.5861571171215,108.59245607797293,96451.145297,96451.169896,0.7086339815713248
71.18626008660856,-31.759113601366302,109.20552296248441,96451.158631,96451.183292,0.6863307127527896
70.66151754348411,-31.54094840004244,108.48107099007963,96451.251963,96451.276384,0.7750632136686031
70.8138647104034,-31.612108007947718,108.74743062302828,96451.27863,96451.302315,0.743835700993764
70.97846332342246,-31.662166205609985,109.05894293289849,96451.331963,96451.356648,0.9507618256655067
71.0637097042443,-31.587105013613716,109.21826824549042,96451.385297,96451.409865,0.9830973149756488
70.67488522576522,-31.201183300160494,108.47080416151344,96451.43863,96451.46242,0.9454690034451447
71.10967275022965,-31.192581848903547,109.19118384151632,96451.47863,96451.502341,0.8477319364165277
70.88583440442079,-30.605790325077265,108.7329480976502,96451.55863,96451.582569,0.868237576528326
71.04620411353098,-30.38736155383405,109.2207864823544,96451.625296,96451.650104,0.6630647725752497
71.0649970352659,-30.280117866710864,109.31793952653918,96451.651963,96451.677192,0.7068698399802642
70.45313799770308,-29.91511100502265,108.39729782102206,96451.67863,96451.704528,0.9074750242367661
70.72070099203422,-29.80558298096315,109.08018585332073,96451.745296,96451.76975,0.7901786289173504
71.04186201021649,-29.829883956042625,109.63436644941974,96451.771963,96451.795554,0.8265617873236321
70.88893554717953,-29.69343134647219,109.37201804259918,96451.785296,96451.809895,0.8484201414201153
71.14553904845984,-29.592921266109556,109.72684249649946,96451.838629,96451.866133,0.6622866658269433
71.3477580920149,-29.554505689896605,109.98125036874292,96451.878629,96451.908979,0.9720808135632191
70.74512955319884,-29.24687169487199,108.9288564293943,96451.891963,96451.916627,0.9939641759364404
71.14105539249991,-29.40633428264305,109.57698956994018,96451.905296,96451.930922,0.7816129024123032
71.40016079524374,-29.527132598599774,109.9732733404762,96451.931962,96451.962911,0.7862336516281815
70.96058820585998,-29.353225312908275,109.28613717661973,96451.958629,96451.982191,0.9851148738226275
71.30058000709066,-29.546035714101013,109.90852884373247,96451.971962,96451.995342,0.972790984434713
70.991384999701,-29.546455517950115,109.5597389011445,96452.065295,96452.090534,0.8147871720994906
71.27350054902809,-29.708172490741205,109.89492938531104,96452.118629,96452.142632,0.9436999660585732
71.33542084876208,-29.79134561501186,109.86258110637733,96452.171962,96452.1959,0.804665990867687
71.67705602970527,-30.054520776672806,110.25809873522753,96452.211962,96452.235797,0.9979801343815695
71.35551828786235,-30.44470737508637,110.19230482562435,96452.331962,96452.356117,0.9998818262938552
71.47145913917524,-30.570629134179224,110.5543939188943,96452.345295,96452.369272,0.9546339337621088
70.66293026373343,-30.481203764505796,109.86938145476341,96452.385295,96452.409813,0.7932806576131706
70.5354345744034,-30.540129057638268,109.88484791140952,96452.398628,96452.422971,0.8292966426783128
70.13146675137965,-30.350161029359345,109.92446129730537,96452.478628,96452.502164,0.6991520257652649
69.65026347120255,-30.159666263176472,109.35738746671137,96452.491962,96452.517234,0.8428607473916817
69.31206655564276,-30.12388431134429,109.26205150281096,96452.518628,96452.54317,0.8560245068001574
69.02801537635125,-30.129995711629977,109.26945756521182,96452.545295,96452.570577,0.8234389737733474
68.83500880867095,-30.090819709751063,109.2757195764153,96452.558628,96452.583012,0.9746057319642318
68.4432094447498,-29.979790638892535,108.88903895642319,96452.571961,96452.597439,0.9212271816763868
67.82371708456309,-29.866955110826975,108.49884265707614,96452.598628,96452.623501,0.903785826561268
67.63956310307748,-29.842896236774756,108.44607282313035,96452.611961,96452.63757,0.9328247045068131
67.77155036789004,-29.949363910227238,108.91685807032597,96452.625295,96452.649399,0.859495776124269
67.48803205717745,-29.82039254912863,108.61000640311353,96452.638628,96452.665298,0.7584489350317658
67.39090688012594,-29.759289139028493,108.64078045881084,96452.651961,96452.682811,0.7965231571053348
67.42130622595268,-29.81310741516738,108.92034651384802,96452.665295,96452.689214,0.8382089576616983
67.1506237036467,-29.71650622408355,108.71046269093033,96452.678628,96452.702291,0.8781097499748971
66.82430556130925,-29.627959260626813,108.46166092814885,96452.691961,96452.715982,0.9685459778891601
66.4211144924958,-29.612769408343816,108.6048135638726,96452.718628,96452.742417,0.9268058546369091
66.33458245245545,-29.688900588028385,108.92929578427571,96452.731961,96452.75716,0.8876831400784282
66.20549129645012,-29.75298726387549,109.22748247382198,96452.745294,96452.769827,0.7618124221609421
65.57158384443265,-29.553966495922847,108.5804965905554,96452.758628,96452.784022,0.8942849296281706
65.08638913170283,-29.423106637133298,108.27093159301522,96452.771961,96452.79626,0.8970786300393653
65.15065030750615,-29.57045840787393,108.97854643118286,96452.785294,96452.816079,0.7889443677939147
64.75811532991752,-29.52070334923393,108.88642506569464,96452.798628,96452.823418,0.8522254404869775
63.99100861643085,-29.440998155047442,108.86033756176448,96452.825295,96452.849235,0.7964551722720227
63.67033562871031,-29.446727701853014,108.986610295598,96452.838628,96452.864064,0.862869602935525
63.38325876583177,-29.46984049666478,109.17622773649659,96452.851961,96452.876679,0.9234488589861664
62.928091922631786,-29.421216979656702,109.0376287603648,96452.865294,96452.889749,0.8808179647968835
62.65239044601857,-29.461184122610835,109.2748843307795,96452.878628,96452.902665,0.9134061992270146
62.42623834271788,-29.502914462615436,109.54696708182233,96452.891961,96452.916184,0.8299592967376594
62.16794262075382,-29.555001176079536,109.80692191565389,96452.905294,96452.929217,0.803158559478525
61.64143528480423,-29.466266175886027,109.51808150847775,96452.918627,96452.942911,0.8184735100337491
61.33314585672428,-29.48699587198873,109.68926494134618,96452.931961,96452.956267,0.8620612828942771
61.06496305408736,-29.546841217120562,109.92624131702472,96452.945294,96452.969764,0.9473015292834329
60.74385699107773,-29.58300958709698,110.10503301361318,96452.958628,96452.983088,0.8586528491590835
60.42150936494547,-29.630329318433937,110.25301997827167,96452.971961,96453.0032,0.7917039084487623
60.071589231993826,-29.645634836526206,110.36822282519354,96452.985294,96453.009804,0.7371740330436086
59.56595692090883,-29.570749366359824,110.16566493454307,96452.998631,96453.023588,0.8112294770409633
59.34166259422162,-29.635226566006875,110.53291887723178,96453.011964,96453.035681,0.9006756950820554
58.977381442964365,-29.624446212149316,110.63675116128678,96453.025298,96453.049268,0.7095775332027426
58.55387486563369,-29.56829585706737,110.67726704479212,96453.038631,96453.06213,0.9217298126338661
58.36469047504488,-29.647502699612126,111.19937925028472,96453.051964,96453.077421,0.9954194544754014
57.792525148766686,-29.53200452669933,110.92231146092493,96453.065298,96453.089567,0.841103653357898
57.76077207358058,-29.714690110534658,111.75764636433472,96453.078631,96453.103302,0.9560573204453706
57.33221367404823,-29.688839537878323,111.77879637333601,96453.091964,96453.116898,0.8312429557565186
57.00724998337942,-29.714429603186023,111.9985781621309,96453.105298,96453.129782,0.8109743247576087
56.68988962986844,-29.763156809128528,112.32417498485052,96453.118631,96453.143156,0.9913840086225099
56.301628349506785,-29.75566900226863,112.44492552152136,96453.131964,96453.157005,0.9492025561537384
55.996058851838534,-29.825451930470667,112.77816432494048,96453.145297,96453.169347,0.7444380865019411
55.62186962592036,-29.85911461545476,113.00637061663775,96453.158631,96453.182368,0.9273904634648448
55.2446485599642,-29.907932390371105,113.2451738703909,96453.171964,96453.197294,0.7896088394789991
54.902050984814316,-29.963836967642152,113.55812630803796,96453.185297,96453.209132,0.9540051271901654
54.40508096725288,-29.924619807429128,113.57375621851533,96453.198631,96453.222958,0.9576817820390917
54.01322824566645,-29.95976131461924,113.87278161691242,96453.211964,96453.235773,0.7205754788617013
53.55271897995572,-29.969148487488596,114.03426876951929,96453.225298,96453.256106,0.961568290398899
53.19174725785256,-30.022759988228923,114.43047468143676,96453.238631,96453.2632,0.9578286808076308
52.76869752239826,-30.055948175556853,114.70772323360065,96453.251964,96453.277052,0.7208260358981707
52.17884079543807,-29.988955317347575,114.58741229686026,96453.265297,96453.291167,0.8126734673955739
51.82082461297545,-30.050362689904883,114.9941380713507,96453.278631,96453.302299,0.9438920128750725
51.39617244965752,-30.08945870435215,115.34471198784497,96453.291964,96453.31593,0.821846334902678
50.98707871642662,-30.128696788260594,115.68004714325009,96453.305297,96453.328902,0.8702187414587805
50.58193524994669,-30.155774081369415,116.01431137879122,96453.318631,96453.342147,0.9896288146499236
50.021242524497026,-30.0805249455721,115.93011970152224,96453.331964,96453.364536,0.7261618895882362
49.72146759851458,-30.169617698594006,116.49262284247622,96453.345297,96453.368997,0.9442745496568381
49.21692528079489,-30.121199355995426,116.55363414683515,96453.358631,96453.384842,0.940602381340709
48.723560733502815,-30.04923686751789,116.54652136084353,96453.371964,96453.396095,0.962287699989574
48.37837352276684,-30.071041113218904,116.9151421401019,96453.385297,96453.409843,0.9023648007048302
47.85913358989991,-29.98392657691368,116.83094991592068,96453.39863,96453.423146,0.9823307823528644
47.52695764643162,-29.986188298680986,117.17684422688427,96453.411964,96453.435762,0.783981683941462
47.19774556566753,-30.01133179832022,117.55510114444333,96453.425298,96453.449817,0.7927117741847293
46.70858265891707,-29.890572353569343,117.415093725789,96453.43863,96453.463723,0.9140853466870441
46.40278895644751,-29.897961928071997,117.79327272846325,96453.451964,96453.475685,0.7208288223891489
45.93981830586422,-29.792541282842652,117.702436167255,96453.465297,96453.49033,0.9610721964006214
45.51498324041219,-29.708125744392262,117.69476893678817,96453.47863,96453.502236,0.9659947471506408
45.17572060113794,-29.696732214784102,117.90746350757104,96453.491964,96453.517836,0.9973273374383909
44.81182091518279,-29.642729043972206,118.01524695635884,96453.505297,96453.530131,0.921795718631674
44.38457364584179,-29.565837574903657,117.98118366587504,96453.51863,96453.54329,0.8490612181165574
44.07563789601073,-29.5652766209118,118.27863778078705,96453.531964,96453.556544,0.9452807264923156
43.805017074958606,-29.59356056290989,118.63413298731845,96453.545297,96453.569125,0.9538263320922852
43.353986917585125,-29.468898063550412,118.4542098283549,96453.55863,96453.583317,0.8969026193739269
43.04504097750479,-29.46853303701996,118.67362757062874,96453.571963,96453.596753,0.8640259355441345
42.679993446545154,-29.389020983914147,118.65831709109092,96453.585297,96453.609144,0.98217470562853
42.334620733275,-29.34393653773066,118.67075689640569,96453.59863,96453.6245,0.8439847679730148
41.99307761772955,-29.298629779566753,118.67417201551663,96453.611963,96453.635766,0.9612222623086206
41.69160509383717,-29.27513684691513,118.76597182246142,96453.625297,96453.650869,0.9565699025765293
41.46575934743169,-29.324219741285674,119.05404756158477,96453.63863,96453.663128,0.800966433194723
41.08319100019804,-29.253095526031778,118.85270141606681,96453.651963,96453.676695,0.8258000432678325
40.733782668769955,-29.192782066439314,118.7039834605576,96453.665297,96453.690993,0.9002488136291504
40.46445892709928,-29.179267523893948,118.77637623131247,96453.67863,96453.702451,0.9718115316833799
40.282045862965965,-29.23688116645431,119.13776224823297,96453.691964,96453.715529,0.9268585709368613
39.936840818439975,-29.16695170836371,118.94134652698277,96453.705297,96453.729892,0.8371024357384114
39.599213407518974,-29.106853374101004,118.75419548168051,96453.71863,96453.742361,0.8390276287142101
39.1933765472492,-28.981961018834603,118.33814518346405,96453.731963,96453.757118,0.8812804968575718
38.957223008578616,-28.996911758229352,118.49739929334173,96453.745297,96453.768863,0.9786682296261415
38.717646495137835,-29.007393584253652,118.63426390164052,96453.75863,96453.784045,0.9265783001676078
38.404338560666176,-28.9422610671378,118.50907371832292,96453.771963,96453.796463,0.9944200872387913
38.163539589271856,-28.96653618821644,118.6423293928095,96453.785296,96453.810044,0.8713074032171931
37.86977040445577,-28.933324299055162,118.59766935522977,96453.79863,96453.823203,0.978571819775084
37.62801006538152,-28.966498523054078,118.77446357397501,96453.811963,96453.836036,0.9113631164910231
37.357712810377805,-28.948786445516582,118.82596534426563,96453.825297,96453.849589,0.9778053800109476
37.06728308668589,-28.930463624181247,118.81705781826744,96453.83863,96453.869531,0.9694614336215756
36.705502318155034,-28.84271592177009,118.50135441139948,96453.851963,96453.882394,0.8278111810136759
36.41194442370715,-28.81129175373903,118.40911604879868,96453.865296,96453.889985,0.8404523406378427
36.20922380995093,-28.880853034158907,118.72653617628703,96453.87863,96453.902471,0.8196442631068691
35.86816591636099,-28.812457829446092,118.45038136497922,96453.891963,96453.916367,0.8557760922668056
35.493640233583896,-28.729798724883285,118.09952891795875,96453.905297,96453.929149,0.9284767028564815
35.197478118260825,-28.71961407260878,118.0470207987005,96453.91863,96453.942729,0.9096848464015923
34.9586739725355,-28.762262152674385,118.2122622712053,96453.931963,96453.956484,0.871723987146832
34.67331360531207,-28.748363710411404,118.19639313141819,96453.945296,96453.970592,0.9791629056587772
34.351592081995015,-28.739847686395382,118.12877466403538,96453.95863,96453.983102,0.9826069164585699
34.007997814863195,-28.727295889542297,117.98672144139357,96453.971963,96453.99623,0.9495516406813861
33.76771475156683,-28.789627859367055,118.22040588058904,96453.985296,96454.008789,0.8557760922668056
33.44177909432823,-28.77532915298967,118.13053510592876,96453.998629,96454.022659,0.8507272207288351
33.123366514963266,-28.774557411895476,118.09316136634091,96454.011963,96454.035947,0.821408651642284
32.82298371469152,-28.78701759308043,118.07975718908646,96454.025296,96454.055907,0.8473648490030208
32.43381926201257,-28.715234996592446,117.73655518416768,96454.038629,96454.063315,0.8677176702910276
32.08413166587535,-28.718921562769246,117.65980841499373,96454.051963,96454.078222,0.8841705537357195
31.737378840961007,-28.730681511736005,117.6058092013489,96454.065296,96454.097146,0.9420584720158367
31.3992751072425,-28.747313481201527,117.70697194383611,96454.078629,96454.102962,0.9984492402508431
31.096239622828538,-28.801800101590555,117.95263866475268,96454.091963,96454.116683,0.8096613794320158
30.593173639288622,-28.66385988641301,117.4705079700414,96454.105296,96454.130382,0.9202031642078179
30.202202992255806,-28.646490854091212,117.40879341171764,96454.118629,96454.144208,0.9297574760486386
29.8813521938705,-28.712230388574888,117.7501926518382,96454.131963,96454.164074,0.9647228420786274
29.48343894816851,-28.6849052729722,117.69019407470769,96454.145296,96454.170297,0.9790933664299241
29.019428766815405,-28.625795568866,117.43260328458899,96454.158629,96454.18949,0.9940250315557845
28.636127655775773,-28.6360041691442,117.51284406804186,96454.171963,96454.200892,0.8907622856123588
28.209086046323005,-28.60717427018771,117.37067939243846,96454.185296,96454.209754,0.873660917751625
27.868216853185885,-28.655535332012935,117.60730071682836,96454.198629,96454.230168,0.8980217293099279
27.431477303240666,-28.582688782257527,117.37573965499247,96454.211962,96454.243556,0.9569936122957864
27.045944484441613,-28.596608624865826,117.37061460105913,96454.225296,96454.249646,0.8864437159055347
26.541188539129223,-28.489275600500708,116.8152602724667,96454.238629,96454.26916,0.9413799948626524
26.244168621179703,-28.661451865482274,117.43771074409003,96454.251962,96454.279978,0.9794708083742841
25.783623285501083,-28.644267443607582,117.22137078169169,96454.265296,96454.291401,0.9765782888736333
25.3887602816465,-28.714206306552633,117.33806323731133,96454.278629,96454.303192,0.9413051392482732
24.907652626120672,-28.653099343856194,116.94180922532365,96454.291963,96454.323297,0.9363111476877055
24.53840573306318,-28.768618657943605,117.34393889793112,96454.305296,96454.330132,0.8580611541813635
24.103979634564666,-28.76735066182291,117.28996120299995,96454.318629,96454.350257,0.8377603570141136
23.633173801168244,-28.70065781505978,116.9609111708669,96454.331962,96454.362437,0.8491956830484868
23.273034438955158,-28.791101120266305,117.313314676515,96454.345296,96454.375552,0.8557760922668056
22.795774722563145,-28.6942485115713,116.93435829086668,96454.358629,96454.383193,0.9049463682911675
22.377800649759564,-28.65845836243889,116.85652308570558,96454.371962,96454.403277,0.9885729066953006
21.976248193644384,-28.648033842438068,116.87296178340073,96454.385296,96454.411277,0.9626838684082031
21.56814870096531,-28.59060346460388,116.73470750688864,96454.398629,96454.424157,0.9983035050836737
21.09312602161543,-28.433047346136817,116.07849769836933,96454.411962,96454.436533,0.9122615227906256
20.803796334912793,-28.587489542050676,116.75732677510608,96454.425296,96454.451092,0.9568476803276204
20.35912377401634,-28.51684836306651,116.3376545447208,96454.438629,96454.46491,0.9135847320268706
19.963624908655895,-28.549147246142923,116.40403321428818,96454.451962,96454.478437,0.98217470562853
19.55122468782186,-28.58010738553355,116.37721450812225,96454.465295,96454.489988,0.9571310043334961
19.14823376780968,-28.589059786118,116.35618435227569,96454.478629,96454.503708,0.9725857734680176
18.693977043835126,-28.510474615518685,116.04124049618815,96454.491962,96454.516367,0.9563690655542717
18.305352728323435,-28.56175695609736,116.34291251786239,96454.505295,96454.530151,0.9247481628493268
17.856024937787648,-28.464045163192612,116.1365879082926,96454.518629,96454.547237,0.8980217293099279
17.46301742884731,-28.46233572428139,116.30968066739914,96454.531962,96454.557274,0.9524552693944395
17.01036955472039,-28.299813956862522,116.01769978705086,96454.545295,96454.569424,0.9363111476877055
16.6051049687026,-28.299143537197498,116.27002869075989,96454.558629,96454.590139,0.9580704120768002
16.152270555228224,-28.166092640234908,116.13987600165527,96454.571962,96454.603509,0.9577954525886689
15.71224004673764,-28.091091240867915,116.21612383476217,96454.585295,96454.616608,0.9705529481573129
15.281476063828121,-28.051029174783498,116.30836844155132,96454.598629,96454.623248,0.9200469193122914
14.808532877653716,-27.92171077023395,116.08046003074094,96454.611962,96454.636372,0.9580151383328811
14.391644473679754,-27.96144628420231,116.44469501174636,96454.625296,96454.652109,0.985698877356176
13.919130055844537,-27.848082352172703,116.175240638615,96454.638628,96454.67069,0.8706478284635563
13.475877568355331,-27.89385436423734,116.46970675468344,96454.651962,96454.675699,0.9489274133074426
12.973794972487413,-27.80787720031778,116.13778320207987,96454.665295,96454.689556,0.9384267807006836
12.550220452941986,-27.94624902820216,116.68326636730227,96454.678629,96454.702522,1.0
12.035001558783303,-27.91686513804744,116.46602019330953,96454.691962,96454.715728,0.9333829165451408
11.512746893536637,-27.908887415407563,116.2983830964962,96454.705295,96454.737344,0.9752598001453259
10.996796439858711,-27.966720904090508,116.3106008775922,96454.718628,96454.742576,0.9578934363881401
10.488086536251902,-28.066033179943645,116.46351918302298,96454.731962,96454.756001,0.9725846837112987
9.94993665412175,-28.118811157510308,116.56418832336537,96454.745295,96454.769328,0.946532416043086
9.412436036226246,-28.173986805924535,116.66463867729915,96454.758629,96454.78264,0.9508289337158203
8.85792170784608,-28.178282684178168,116.50052573566553,96454.771962,96454.796969,0.9614439951055559
8.297450401535741,-28.17751523140741,116.3808939788765,96454.785295,96454.809754,0.977824894372636
7.7468900632259965,-28.281326534805068,116.74476085281334,96454.798628,96454.824599,0.9242338641589352
7.181536795412379,-28.328407257985067,116.85944199767809,96454.811962,96454.836345,0.998348304393317
6.603288656132253,-28.329902195350712,116.8112118284059,96454.825295,96454.849263,0.9800213777038939
6.017201824143719,-28.36305211493009,116.83704462902428,96454.838628,96454.862509,0.9402209229132771
5.446239349120311,-28.469775628507076,117.25099365391786,96454.851961,96454.877436,0.8894016336910606
4.853275516737335,-28.500307391117225,117.29344465184923,96454.865295,96454.889621,0.8430300919554042
4.237672373243186,-28.562630275939185,117.41696335001046,96454.878628,96454.902314,0.9970302587205963
3.630364606957327,-28.669010260774364,117.83854398826058,96454.891962,96454.916792,0.9468041849662654
3.0220642606893295,-28.710865992621805,117.84434289152645,96454.905295,96454.929601,0.9739531928132699
2.416735157832135,-28.717396973359005,117.76809657196564,96454.918628,96454.942963,0.9855114019153975
1.7966997939342821,-28.707300733241098,117.5226492319521,96454.931961,96454.955985,0.8959489822387695
1.182531950815086,-28.804225997338445,117.82089324184174,96454.945295,96454.969833,0.950020581406685
0.5605258510296918,-28.98201706723746,118.45190038458904,96454.958628,96454.98378,0.9924182286213288
-0.042047654263766505,-29.00612104140972,118.39118954622057,96454.971961,96454.997081,0.9644315844670099
-0.6214719239774276,-29.064361767775473,118.38819647926371,96454.985295,96455.010519,0.9683874816920188
-1.210926897305993,-29.165755842503508,118.61992824053358,96454.998628,96455.024374,0.9578123749821629
-1.7542720572107262,-29.14063849027628,118.42820766381443,96455.011961,96455.036981,0.993119700775815
-2.2755194734361286,-29.167405513005395,118.30975031326378,96455.025295,96455.051083,0.8240820882273987
-2.8672452582843495,-29.37382573850561,118.99905245823642,96455.038628,96455.062328,0.9669110697288908
-3.3994701759297823,-29.394019007511435,119.00798741402343,96455.051961,96455.075581,0.9283024103049966
-3.9267419558556904,-29.409000061623264,118.9803612162939,96455.065294,96455.088906,0.993415665578544
-4.4466981265514205,-29.432531369047716,119.07827806626814,96455.078628,96455.102312,0.8542448326944616
-4.953945038798695,-29.459294240280947,119.24105034505646,96455.091961,96455.124749,0.979503818698162
-5.465419056164004,-29.477193760914844,119.44067621828691,96455.105294,96455.129008,0.9789460592077542
-5.939014862670536,-29.399847791412164,119.2382901226412,96455.118628,96455.143386,0.9745779471343738
-6.435146560793658,-29.407772440495528,119.42267738898238,96455.131961,96455.155625,1.0
-6.882653709317671,-29.331392900718505,119.40648415008197,96455.145294,96455.16985,0.9929441636343499
-7.379681485353671,-29.38002622521223,119.82507390020389,96455.158628,96455.183537,0.9304346448062439
-7.753678933934912,-29.196716442465412,119.34686655530552,96455.171961,96455.196347,0.9449373659034749
-8.231065049036552,-29.249416424553697,119.79553585913095,96455.185294,96455.21595,0.9869564833637642
-8.682174941910572,-29.236421482493995,119.89284355583644,96455.198628,96455.22906,0.996374640478123
-9.082643875552357,-29.143041253899415,119.76595476767471,96455.211961,96455.236511,0.9368859172921974
-9.540660236056217,-29.189619094699395,120.14171765047439,96455.225294,96455.249844,0.9837899393614332
-9.923937122591248,-29.11987984129085,119.98262650523202,96455.238628,96455.263387,0.9300447333446026
-10.307156275183138,-29.030844275976627,119.8403379100906,96455.251961,96455.275704,0.9533350660890489
-10.73170195476033,-29.033954577852462,120.01120937824761,96455.265294,96455.289788,0.9901732382921891
-11.125224679074107,-29.018012946989124,120.08052155778535,96455.278628,96455.302506,0.8914595511574229
-11.542261643031921,-29.025366853033557,120.28493781128678,96455.291961,96455.315902,0.9805337115523461
-11.904599895403862,-28.965144880673936,120.09444973731839,96455.305294,96455.329012,0.9674716150279968
-12.36698282515139,-29.09458148263741,120.6708379315763,96455.318627,96455.342437,0.997377672063394
-12.713105135764813,-29.023045671229358,120.34388006706135,96455.331961,96455.356225,0.9376797317048395
-13.102144997825565,-29.062040610957173,120.52367311102721,96455.345294,96455.369138,0.9547350956563733
-13.495523581119796,-29.08164456381319,120.59202357634307,96455.358628,96455.382268,0.9869564833637642
-13.913792577246225,-29.164089393879127,120.93026651175022,96455.371961,96455.396846,0.9398523472990873
-14.289303149773799,-29.177217306327485,120.9025261740202,96455.385294,96455.409233,0.9964577922928083
-14.65338662387563,-29.16515872994368,120.79485344545486,96455.398627,96455.424157,0.9674716150279968
-14.980968459883975,-29.14146899443836,120.58199901838127,96455.411961,96455.435509,0.9791507995170072
-15.397501029819255,-29.217443200205384,120.71269246886844,96455.425295,96455.44872,0.9581630431137423
-15.812869264770297,-29.292906697483684,120.87294522044012,96455.438627,96455.462715,0.9801977282141102
-16.22927405320213,-29.372389201525582,121.02615954140283,96455.451961,96455.475739,0.9422819925529811
-16.63231618468183,-29.4476363568509,121.09431329624975,96455.465294,96455.490454,0.9640460051896214
-16.937402309156678,-29.396833919250394,120.663983709462,96455.478627,96455.502838,0.859429758057692
-17.518994153747013,-29.692710026973813,121.704451931956,96455.491961,96455.516056,1.0
-17.80142214265674,-29.55371577389386,120.98572378347127,96455.505294,96455.529014,0.9674716150279968
-18.121430187440698,-29.491937713831852,120.58969083452082,96455.518627,96455.54213,0.9035186595107886
-18.504808996039223,-29.53939203891493,120.5807980890534,96455.53196,96455.55669,0.8545207578437365
-19.03757222863796,-29.74246688327266,121.22489258679296,96455.545294,96455.570111,0.9704707260422752
-19.394809200243206,-29.704459123884472,121.02815917678834,96455.558628,96455.585041,0.9402486547397338
-19.82162897648945,-29.767965693077137,121.1898852742853,96455.57196,96455.597183,0.9439773508239182
-20.147398969357084,-29.705900678640017,120.96059652771876,96455.585294,96455.609386,0.9718115316833799
-20.50455533780323,-29.68957936079461,120.80760346022905,96455.598627,96455.6231,0.9547350956563733
-21.042331601338592,-29.89370691598848,121.5222051189713,96455.61196,96455.636888,0.9134088232368816
-21.261012997034374,-29.704000324283406,120.73065913634112,96455.625294,96455.650162,0.9120656519938181
-21.60212741330839,-29.689287514848843,120.49084255888468,96455.638627,96455.663308,0.9674039142760251
-22.13951094271886,-29.862593120685016,121.07352731495747,96455.65196,96455.677078,0.8929418617194194
-22.46528568873749,-29.824117337396384,120.81440616405808,96455.665294,96455.688951,0.9511207146440553
-22.84895018495961,-29.816845320278468,120.71786266759054,96455.678627,96455.702242,1.0
-23.17656597514769,-29.768947460259607,120.43532861475181,96455.691961,96455.716932,0.9196383789809695
-23.63871607405223,-29.860699777578393,120.73985558418255,96455.705293,96455.729517,0.8812804968575718
-24.01591074828278,-29.81645552842169,120.54434460477937,96455.718627,96455.742801,0.8952357483442623
-24.40839772136791,-29.78441483145725,120.36014106792729,96455.73196,96455.756749,0.9992039347009191
-24.827871695799455,-29.792467598354985,120.40177801154192,96455.745293,96455.76884,0.9776874151063095
-25.23186455827729,-29.774542163547935,120.35808419850933,96455.758627,96455.784225,0.9628817115926169
-25.635618304051338,-29.75173669804732,120.30285987290772,96455.77196,96455.796828,0.9782586537426381
-26.028727384414406,-29.70555940712782,120.1663970420116,96455.785293,96455.809656,0.7221391331723123
-26.417672987636262,-29.67518186784993,120.07838295406447,96455.798627,96455.823022,0.9853306670595755
-26.84452948564362,-29.6811469588558,120.07599737691102,96455.81196,96455.836506,0.9081888320526892
-27.176505023876047,-29.605466588549238,119.79750344997021,96455.825294,96455.848731,0.9501125127498725
-27.746031775169005,-29.739703096673743,120.38876963337091,96455.838627,96455.862402,0.9491051903491012
-28.040034670567085,-29.628917145975475,120.03164406609258,96455.85196,96455.87607,0.9569193458027196
-28.516836853350707,-29.665095592776833,120.26926678721901,96455.865293,96455.891754,0.9802576216234392
-28.751052916265827,-29.511203675564875,119.73310097917793,96455.878627,96455.902495,0.9555939726463872
-29.207614646080444,-29.533526445846253,119.8856322670237,96455.89196,96455.917468,0.9407312925959735
-29.58619376322314,-29.535732740106685,119.82651566764233,96455.905293,96455.929381,0.8353634580398325
-30.028523595575027,-29.569358589601876,119.89463442078168,96455.918627,96455.941996,0.9193728121361735
-30.485650261205812,-29.634237151454865,120.01369225086924,96455.93196,96455.964846,0.9968257514511237
-30.857136636363748,-29.61859292038286,119.78867040919161,96455.945293,96455.969683,0.9788786922801684
-31.294925986056775,-29.6532041195798,119.73020961247772,96455.958627,96455.982727,0.9981871151522674
-31.7319656042899,-29.66786350610502,119.66632045042961,96455.97196,96455.995512,0.9631765105442929
-32.19738017662703,-29.7017227796948,119.66511314477698,96455.985293,96456.0092,0.8074816021847213
-32.62087154773961,-29.709755628164437,119.57775356564404,96455.998626,96456.022432,0.9001117533884365
-33.021325447160066,-29.677738153728708,119.40345600188311,96456.01196,96456.035753,0.8790201616753337
-33.42342837568664,-29.634589465669517,119.30588299547962,96456.025293,96456.04948,0.9427687771372115
-33.83106438442062,-29.601994642078694,119.23712462486195,96456.038626,96456.06869,0.9524507861413116
-34.45971328534728,-29.70918574589618,119.8577675148906,96456.05196,96456.077419,0.9221014022827149
-34.76572948045258,-29.57688057844349,119.53871752616043,96456.065293,96456.090193,0.9449502694035088
-35.16926617742575,-29.532267040372354,119.48795578111763,96456.078626,96456.103282,0.8760499568727557
-35.530242571381805,-29.467752638458133,119.3800928906188,96456.09196,96456.115684,0.8834995678357717
-36.082457032302926,-29.551273750059217,119.78756170765027,96456.105293,96456.129521,0.9604184889055704
-36.356331494481665,-29.433848478337776,119.38572585655838,96456.118626,96456.143246,0.9086082744263074
-36.68291510123965,-29.370877584027514,119.15857623444901,96456.131959,96456.155711,0.9698918749989469
-37.04182270374095,-29.342918765874778,119.0803017567923,96456.145293,96456.169152,0.9170988893823311
-37.461533744227125,-29.353857994211427,119.15960255914864,96456.158626,96456.183103,0.9491051903491012
-37.76650611269352,-29.287462774410148,118.96395957315599,96456.171959,96456.195542,0.9506228239374653
-38.134871502770885,-29.282273403253328,118.9769148764528,96456.185293,96456.209088,0.9161701811403411
-38.44747095609834,-29.21209332628648,118.80906462971839,96456.198626,96456.222161,0.9792169918167846
-38.722220187302746,-29.14597313678511,118.62940480343991,96456.211959,96456.235698,0.9439143342453329
-38.98247414668504,-29.03778595977555,118.37363391863403,96456.225293,96456.24979,0.9778887314138212
-39.44080958426159,-29.073730752589025,118.69989343190835,96456.238626,96456.263096,0.975019053743204
-39.72177552811799,-28.99099895182217,118.53638328416861,96456.251959,96456.276955,0.9584616008791226
-39.938829287207405,-28.858771959019894,118.20227904817303,96456.265293,96456.290105,0.9692713789037499
-40.403959556310156,-28.885412302860374,118.51276790457882,96456.278626,96456.303644,0.9531554398026528
-40.74016833821617,-28.84058910245229,118.5027698495506,96456.291959,96456.31691,0.9024548740578976
-40.91148993648891,-28.68889594759993,117.99909030855378,96456.305293,96456.329563,0.9368729937563095
-41.35448481248731,-28.71508743709931,118.20539119118656,96456.318626,96456.342864,0.8881133301964204
-41.72629118517256,-28.695048059798694,118.17399453755243,96456.331959,96456.357696,0.9745411589576466
-41.99185705565296,-28.626601175668295,117.88776983049077,96456.345292,96456.368984,0.9923429079429352
-42.49841403359812,-28.719525370804867,118.19203920276237,96456.358626,96456.382489,0.951465127529124
-42.64437636754319,-28.600399560232304,117.60127026944515,96456.371959,96456.398032,0.8713350087294465
-42.956120602466754,-28.592114843094635,117.39205866361569,96456.385292,96456.408971,0.8424320178980644
-43.45478470595359,-28.70604752982625,117.64599200143311,96456.398626,96456.423342,0.8161841705647734
-43.843383317216315,-28.758724352346324,117.65008160001189,96456.411959,96456.435424,0.9531872819372841
-44.124959160899564,-28.715463046263444,117.35456536758979,96456.425293,96456.44926,0.9643347825436489
-44.5393823278133,-28.75458364939353,117.38174422111477,96456.438626,96456.463006,0.8814057489573073
-44.93293499178451,-28.784467456190825,117.42171127545963,96456.451959,96456.476253,0.9168750086824342
-45.3017048305898,-28.77468568327621,117.30156491535767,96456.465292,96456.490542,0.9762635746874392
-45.51804000912518,-28.677480978914957,116.88724822321164,96456.478626,96456.503583,0.9042387949770213
-45.92203359220853,-28.66835354241598,116.86787075098118,96456.491959,96456.517719,0.9075779927043015
-46.3277599323939,-28.658776888993327,116.83593282265522,96456.505292,96456.530178,0.9237051360410227
-46.834309597543324,-28.70277211453777,117.07764582971973,96456.518626,96456.5427,0.9919723030876918
-47.217618438151064,-28.68430314622294,117.03819761636277,96456.531959,96456.557023,0.9474730435905325
-47.479921958935336,-28.593989558338432,116.69113837081258,96456.545292,96456.56904,0.9862530854120846
-47.698924745155395,-28.48276619602588,116.27159912308805,96456.558626,96456.583542,0.9359239306558148
-48.10206658985331,-28.47163707042107,116.28996483584557,96456.571959,96456.598765,0.857309653927034
-48.775653541977974,-28.589495770357015,116.86946637930637,96456.585292,96456.611161,0.9116152944138037
-49.07366899072575,-28.492979006025795,116.62818045565186,96456.598625,96456.623759,0.9522157469776332
-49.57511648689277,-28.514100876673616,116.85998458614458,96456.611959,96456.635648,0.9368486977507839
-49.822962048971526,-28.380858937472595,116.5009509527162,96456.625293,96456.648925,0.9206249646614505
-50.110185401722205,-28.284422678571854,116.25943919229415,96456.638625,96456.66259,0.9523515196825308
-50.44110075021876,-28.20570626638033,116.11267303788186,96456.651959,96456.675822,0.883125450911389
-51.14525853780503,-28.340629558678792,116.75391254297234,96456.665292,96456.690607,0.8669502677844163
-51.188061684038594,-28.14014667770488,116.01070754483632,96456.678625,96456.702316,0.9187125907080944
-51.7398220153486,-28.218704887691526,116.33820169121257,96456.691959,96456.71706,0.8371545913757023
-52.046541741416036,-28.18981032683678,116.17429193854157,96456.705292,96456.730158,0.9893303299830559
-52.43344952396511,-28.206054649211655,116.1880003190967,96456.718625,96456.743798,0.9533857227983592
-52.85291173748188,-28.237224642376066,116.25488405108678,96456.731959,96456.757254,0.9446656458730837
-53.19894967048702,-28.24251478468416,116.19400622804022,96456.745292,96456.769101,0.8755311936885514
-53.582277802666255,-28.272637042192912,116.23461005617135,96456.758626,96456.782578,0.981402050711475
-53.92929431164918,-28.26818046854185,116.14847283220067,96456.771958,96456.797021,0.962689296759936
-54.37988603959734,-28.323594291894416,116.32993414865375,96456.785292,96456.808876,0.9979774391458152
-54.604753030357365,-28.262673029587226,116.00843127984648,96456.798625,96456.823532,0.8766566510707527
-54.816096136981564,-28.211098112979524,115.71535555177036,96456.811958,96456.835804,0.9269170317760985
-55.4651650934178,-28.354745078752167,116.26583247241716,96456.825292,96456.851353,0.9942185021924979
-55.64329634594303,-28.28373269763705,115.85423345671279,96456.838625,96456.862607,0.9214597821216731
-56.08361315341263,-28.342183173828808,116.00071743638766,96456.851958,96456.876702,0.9868321198567818
-56.42970831294873,-28.357058321349797,115.95986492303058,96456.865292,96456.895354,0.9036728350819232
-56.84507126488728,-28.418236810924135,116.0617852282057,96456.878625,96456.902702,0.820214334282718
-57.27379209444368,-28.475380042908103,116.20937666495684,96456.891959,96456.915605,0.8269817703843986
-57.58468149644592,-28.470302207947604,116.11458197589471,96456.905292,96456.930778,0.9875370871727741
-57.958002188598506,-28.503448407773618,116.20398635259941,96456.918625,96456.943458,0.9311195512929148
-58.22684203235432,-28.49374061004632,116.11646133315071,96456.931958,96456.963195,0.9598077935012431
-58.502395185728325,-28.480229249661566,116.07650434737,96456.945292,96456.971252,0.9129334723877105
-58.935468833689555,-28.552003133938804,116.35849481003457,96456.958625,96456.982714,0.9200358604608786
-58.965252862161634,-28.439293499188565,115.92047018382056,96456.971958,96456.996424,0.8422910200207134
-59.22649589601443,-28.438263619555034,115.96072593964364,96456.985291,96457.01137,0.9380766532393816
-59.538156615739304,-28.4713813152051,116.105532206344,96456.998625,96457.023999,0.8501531813124383
-59.750918691677946,-28.455537358624092,116.1103509612766,96457.011958,96457.035987,0.9983301592698353
-59.85546919288626,-28.414825472992366,115.94634830044342,96457.025292,96457.049003,0.9366789542632978
-60.160665126180525,-28.44730351519784,116.17488615578719,96457.038625,96457.064029,0.9809127886026912
-60.33923090112569,-28.44253306290117,116.19886317129802,96457.051958,96457.07583,0.915887383906164
-60.46260225022583,-28.40653909174378,116.16429223128202,96457.065291,96457.090905,0.909419209095239
-60.61969233117866,-28.40547091497993,116.25510326284906,96457.078625,96457.102487,0.9214028943375961
-60.78037328667488,-28.39505467944683,116.35079794364967,96457.091958,96457.117335,0.9635007950183764
-60.93422969668259,-28.374769420782712,116.45934866491656,96457.105291,96457.130452,0.9558047197527343
-60.97515454892346,-28.328366488579988,116.37838782923109,96457.118625,96457.143615,0.9362968612690885
-60.780207441200574,-28.183174649094745,115.90788068020564,96457.131958,96457.15667,0.9869897727515213
-60.955883271852805,-28.20372979590967,116.13610538480673,96457.145291,96457.168795,0.9517377355317609
-60.94371032392889,-28.13140397413146,116.04704513556413,96457.158625,96457.183077,0.897325419557497
-61.20849957082492,-28.215896678414,116.44597350653315,96457.171958,96457.196772,0.8713754719617922
-61.03769834540104,-28.11906122330456,116.0983706467471,96457.185291,96457.209269,0.9801668807308666
-61.0520126768243,-28.10592385917703,116.08596498447022,96457.198624,96457.223694,0.9324423272854071
-61.07809671609736,-28.116397416022814,116.09150459395457,96457.211958,96457.235652,0.8748455562804063
-61.13760012936496,-28.15866962685879,116.16906863827113,96457.225291,96457.250656,0.8790249824523926
-61.05702360923612,-28.15030444558439,116.00372449909197,96457.238624,96457.263399,0.8601857166976195
-61.11722128848949,-28.215951960410454,116.07629444667944,96457.251958,96457.277018,0.9896110904258913
-61.20217674681065,-28.29984796477301,116.20254690611345,96457.265291,96457.289988,0.9792428743134441
-61.16145683783568,-28.338508659132657,116.10663666843969,96457.278624,96457.302336,0.9475408716588297
-61.184357628575746,-28.410855814705208,116.13351384317588,96457.291958,96457.316721,0.9428568526665857
-61.27982680463977,-28.51451168804847,116.27051594298757,96457.305291,96457.330175,0.9991116822955172
-61.20258060414761,-28.54494865394656,116.10836815104607,96457.318624,96457.342543,0.9882722333475198
-61.00334850761759,-28.50563374235134,115.74990722515714,96457.331958,96457.356956,0.9491768731690252
-61.17156381665382,-28.61240123793199,116.04030723336646,96457.345291,96457.369325,0.9313562327926711
-61.092482227169896,-28.592517440633525,115.88995905658378,96457.358624,96457.384195,0.8593641634545403
-61.05720153974636,-28.578517058731983,115.82660657689203,96457.371958,96457.396877,0.8747106715140375
-61.211424034088765,-28.621806733364753,116.083366549341,96457.385291,96457.412411,0.9427508281057573
-61.0654664222108,-28.533624762445776,115.83653706163645,96457.398624,96457.423394,0.9180758083983297
-61.26335252401056,-28.568242259293974,116.16073672258487,96457.411957,96457.436219,0.955358548249498
-61.320871765470834,-28.53160265124887,116.23538321006377,96457.425291,96457.449735,0.9641348507927743
-61.183929775818974,-28.39147562485928,115.95985871392577,96457.438624,96457.463068,0.9275386932957568
-61.093118119138175,-28.27208610190688,115.74245050336194,96457.451957,96457.476186,0.9286191772043045
-61.21008325642345,-28.23228218427549,115.88607122971113,96457.465291,96457.490717,0.8263944525888175
-61.27479729421065,-28.164120319962468,115.95463434967564,96457.478624,96457.503587,0.9222194673048663
-61.25119323205016,-28.014548399177997,115.80660098737881,96457.491958,96457.516598,0.9032158683846039
-61.21018313832611,-27.851631201506514,115.67203735847842,96457.505291,96457.529239,0.9644864048185913
-61.34712357595366,-27.70601039133486,115.80669243883925,96457.518624,96457.543432,0.9924760842120446
-61.44144401117437,-27.519639314868183,115.85370785496464,96457.531957,96457.555865,0.9296858244314721
-61.461909938480886,-27.275497506430817,115.80167872081687,96457.545291,96457.569285,0.939828600850583
-61.524032547451924,-26.999799343967936,115.75687572650683,96457.558624,96457.584332,0.997816983207353
-61.593840650125514,-26.70703005961771,115.77183014344097,96457.571957,96457.596517,0.9335923632563848
-61.48765565861369,-26.31677444198142,115.42446808937368,96457.585291,96457.609078,0.9174328322982774
-61.671503246539615,-26.0234962931757,115.62403407813682,96457.598624,96457.623406,0.95032874605772
-61.54348939806914,-25.57753325996666,115.23999966965947,96457.611957,96457.636376,0.9951165364250812
-61.58819649053399,-25.176518052150293,115.21869224132276,96457.625291,96457.65034,0.9250470870346728
-61.686255374313255,-24.769796887965118,115.26277526830985,96457.638624,96457.662467,0.9855102823641603
-61.800600924926805,-24.343427910809528,115.34772413987487,96457.651957,96457.676048,0.9292191751521374
-61.71198695074177,-23.81751851331001,115.07304317237137,96457.66529,96457.690432,0.9436628900759435
-61.53715499905626,-23.279195093784956,114.68758651299554,96457.678624,96457.702513,0.9385086745824044
-61.6318307482681,-22.8043588127167,114.77920524291444,96457.691957,96457.717545,0.9915122438284231
-61.720876238519324,-22.310592721515693,114.83564354200735,96457.70529,96457.730186,0.914258965612684
-61.57972695108257,-21.729379659619656,114.5408799175355,96457.718624,96457.743671,0.9452608299057091
-61.588032963119865,-21.20149459799818,114.48442891493296,96457.731957,96457.756551,0.9157819611373145
-61.57927228906652,-20.64869216107106,114.40169313183885,96457.74529,96457.76954,0.9041907078526774
-61.499406921117135,-20.06072281973139,114.17648938661657,96457.758624,96457.782802,0.9474424837475921
-61.62579910599613,-19.538541436708638,114.2907357389818,96457.771957,96457.796051,0.9339225400059199
-61.23098993395544,-18.857867150952202,113.57172178937363,96457.78529,96457.810375,0.9398651324713331
-61.31514617498074,-18.268851546669485,113.62060083893925,96457.798624,96457.825249,0.9516956503312214
-61.35592120827812,-17.63629119161426,113.6624923968324,96457.811957,96457.836306,0.9358694315342202
-61.239503583814965,-16.96600330176154,113.42710825857881,96457.825291,96457.851153,0.9993585551848836
-61.15133270429055,-16.297153684394967,113.30320626780662,96457.838624,96457.863283,0.9264844158204898
-61.257145299066366,-15.67155959625062,113.43766226318135,96457.851957,96457.875982,0.9524977820911662
-61.089599745971555,-14.99624395457658,113.12975407147006,96457.86529,96457.889792,0.912308293990602
-61.22921409260736,-14.401323146466506,113.32727378616293,96457.878624,96457.902496,0.8881198887319098
-60.90927463115098,-13.694818358100607,112.73953812298167,96457.891957,96457.915972,0.8902361144525472
-61.04035594898683,-13.051951750259986,112.91265865582197,96457.90529,96457.929069,0.9702738994945644
-60.911715342520864,-12.333991027971466,112.68544448123806,96457.918623,96457.944824,0.9681768944369085
-60.880704294320964,-11.611182287449784,112.59197065521576,96457.931957,96457.956333,0.8680513789804055
-60.91864720110296,-10.895410814414552,112.62902704301912,96457.94529,96457.970229,0.9946430513995851
-60.84359460209526,-10.16171490267533,112.43425979274666,96457.958624,96457.982939,0.9637862052949122
-60.90973760539276,-9.449238730467783,112.44898614123939,96457.971957,96457.996978,0.9703480895753764
-60.82310283800217,-8.742435723080593,112.2095068961096,96457.98529,96458.00948,0.9086729517800125
-60.79479796966296,-8.026474414817828,112.06983029355487,96457.998623,96458.022632,0.9089056517479627
-60.78543667646278,-7.299546625341928,112.0063440064402,96458.011957,96458.03547,0.9602251419337056
-60.395164279141575,-6.534952343402962,111.35242579487286,96458.02529,96458.049226,0.9960343606000245
-60.689094725092914,-5.807844867877938,111.8490749328587,96458.038623,96458.062857,0.9324527472161992
-60.58675270843242,-5.052703663000211,111.7306206660943,96458.051956,96458.075797,0.9584841648202369
-60.324782115756555,-4.318201528009213,111.32780261917985,96458.06529,96458.089987,0.9495688218054522
-60.14273453856826,-3.607344409844471,111.01210513842653,96458.078623,96458.104311,0.8704835938025589
-60.08682551525117,-2.922612672258995,110.90400760807994,96458.091957,96458.116994,0.9879245991425705
-59.87277425926889,-2.2415472366108755,110.5614468041706,96458.10529,96458.130188,0.9683921013069323
-60.05617496229022,-1.5722475252720889,110.88303516576907,96458.118623,96458.144083,0.9907579748994851
-59.995084807692905,-0.8981262581803634,110.83582244953861,96458.131956,96458.156027,0.9458391563909796
-59.810729120595255,-0.2092348983577145,110.61582288017662,96458.14529,96458.169372,0.9413345184304754
-59.841856188825645,0.4502596954394649,110.79735763537033,96458.158623,96458.182567,0.8780063565206225
-59.54837786788648,1.1092650645582802,110.39188348119309,96458.171956,96458.196331,0.9897886125368656
-59.34534714410338,1.7448759225730244,110.16274543980964,96458.18529,96458.210009,0.969353384575599
-59.25609478806785,2.3714723461101177,110.08497919150476,96458.198623,96458.223222,0.9427412671956105
-59.120240803980984,2.9728217333004454,109.9220358922723,96458.211956,96458.236233,0.9915363275351524
-59.21122101711742,3.60749109733327,110.14372196617991,96458.22529,96458.24931,0.9772459777461988
-59.18853755021819,4.237057174860323,110.10902905571604,96458.238623,96458.26253,0.9887418892792265
-58.93108472919064,4.836419970985283,109.71471840815833,96458.251956,96458.275985,0.9656836879191185
-59.002754234141634,5.457581863155747,109.89437741132808,96458.265289,96458.288969,0.9459459512148144
-58.945672512751116,6.057850460988858,109.85834443915851,96458.278623,96458.30222,0.962509810255974
-58.77900518253389,6.640357325061278,109.59564368476272,96458.291956,96458.315617,0.9791688384439861
-58.65794232470991,7.2044072081635235,109.39606245271354,96458.305289,96458.329104,0.9987068115560185
-58.67442859437477,7.7757782162131655,109.41005034907892,96458.318623,96458.342769,0.9896288146499236
-58.64046709966253,8.353308188316033,109.33761587265226,96458.331956,96458.358087,0.9347210657942492
-58.263152327338815,8.874809189529035,108.64097288701348,96458.345289,96458.369438,0.9829336335160532
-58.46283105275817,9.469563779878255,108.91177461999843,96458.358623,96458.383902,0.871869604069797
-58.390267042554704,10.0165423281271,108.71188294626599,96458.371956,96458.395729,0.9768299808283375
-58.38366586444792,10.564348960820078,108.62442165689868,96458.385289,96458.410094,0.9448535238342287
-58.331476915765634,11.095930927153075,108.48834919138942,96458.398623,96458.422871,0.9804857252543484
-58.248688377012506,11.631117474969724,108.31460697305532,96458.411956,96458.435338,0.9623620963332351
-58.3236036814601,12.19231373439224,108.44730929157312,96458.425289,96458.449327,0.9926914964793842
-58.2004418791926,12.705213090284516,108.25439748252865,96458.438623,96458.462608,0.8917029174569895
-58.05920322542516,13.218614214930538,107.99407514918002,96458.451956,96458.476398,0.9638420016981145
-58.12453097568577,13.753412547799618,108.05253184895388,96458.465289,96458.490124,0.9285995952835661
-58.32132838907401,14.306908255936309,108.36752137803671,96458.478623,96458.502242,0.8693428115022039
-58.21752726204488,14.77636465879106,108.11223578152334,96458.491956,96458.517337,0.9301844446666945
-58.24167392934063,15.265920686931823,108.10883745112692,96458.505289,96458.530934,0.859028880379992
-58.23748766463681,15.753252225756249,108.05835821305284,96458.518622,96458.546363,0.8090710907959071
-58.080770603672576,16.215398355671667,107.75318211799694,96458.531956,96458.556917,0.9385667813466274
-58.30679709732977,16.76278050061354,108.10960477291482,96458.545289,96458.569304,0.9820189731415956
-58.20421115518121,17.21681456266293,107.87296000680266,96458.558623,96458.582397,0.9138209614736207
-58.27400480793276,17.71773881823756,107.9301448992187,96458.571956,96458.59713,0.9881130761305352
-58.30764365568489,18.17751807142411,107.88438095842079,96458.585289,96458.609291,1.0
-58.42406995415003,18.64692132240483,107.97308459110131,96458.598622,96458.623827,0.9383313350703071
-58.353415185607126,19.04042784983937,107.73239047593775,96458.611956,96458.635789,0.9432256831929997
-58.415581906956426,19.45347786462515,107.73909685795199,96458.625289,96458.655505,0.9772778056074781
-58.54904274082638,19.921754085642373,107.87661740893736,96458.638622,96458.662256,0.9570621907523287
-58.26525838810449,20.25394216481429,107.31220418339599,96458.651956,96458.678262,0.9469320552308268
-58.657413116914654,20.79821496940156,107.97951593498716,96458.665289,96458.689905,0.9262640963837319
-58.52410163680489,21.165063310983182,107.74189546199783,96458.678622,96458.702645,0.9331552466643831
-58.54031367956018,21.58354084843016,107.73986962130107,96458.691956,96458.715929,0.9269675832165338
-58.60541322628498,21.999213802982553,107.85559228877942,96458.705289,96458.730511,0.9985067659165693
-58.6496383057452,22.406101662030718,107.92294740698124,96458.718622,96458.742353,0.9395771888775536
-58.52789095371669,22.756044962528993,107.7503724603222,96458.731955,96458.756846,0.9972715636993488
-58.624142399453035,23.176949913852205,107.9350896191392,96458.745289,96458.769386,0.9896269213446117
-58.48393407903363,23.514870689922056,107.73547351340017,96458.758623,96458.784174,0.9851310289683063
-58.49784245385757,23.902874862057626,107.8019985723334,96458.771955,96458.797121,0.9972004661242356
-58.180218338139355,24.15685401063652,107.2999025260794,96458.785289,96458.810739,0.8425933962728662
-58.36669395467129,24.59902735725493,107.65238003163118,96458.798622,96458.823536,0.8487308282953209
-58.38148684574987,24.986441907690452,107.69643231445986,96458.811955,96458.8358,0.9124670690004327
-58.21855196734698,25.280096114424747,107.44322460639803,96458.825289,96458.849072,0.9565888431491643
-58.353148513768346,25.689080096985037,107.68233354583114,96458.838622,96458.863915,0.9909048562956878
-58.29643788253691,26.014362117401863,107.54926481199696,96458.851955,96458.875974,0.9907816167956719
-58.3915757484032,26.421390043594993,107.69716421173759,96458.865289,96458.890201,0.9261813949736699
-58.20344810686969,26.69825846856189,107.37323722836283,96458.878622,96458.909657,0.9894963347406062
-58.219254818355125,27.087641922974246,107.40740913746959,96458.891956,96458.92298,0.9808946234050822
-58.1872897277971,27.444976013499087,107.33700467943473,96458.905288,96458.929338,0.9841432162455781
-58.302703318048444,27.860198807145412,107.52484911560559,96458.918622,96458.945748,0.8803687704338001
-58.317666785708816,28.204112507139136,107.53636810856999,96458.931955,96458.956716,0.9502643262577026
-58.34934183723795,28.55981718424586,107.58155169867231,96458.945289,96458.969001,0.8765578867723876
-58.242426699373624,28.826949429048575,107.3662940452472,96458.958622,96458.982528,0.8443602470366002
-58.27278741207332,29.15433660836392,107.41593311949913,96458.971955,96458.995544,0.9010601228037911
-58.28716174418378,29.449529279077257,107.42511689670152,96458.985288,96459.010628,0.9494594428057526
-58.49511568961399,29.818138378803717,107.76314290021412,96458.998622,96459.025211,0.9667697542387467
-58.467040558451856,30.08114639253611,107.70534534129438,96459.011955,96459.037634,0.7628831397029533
-58.459141014383576,30.310792067093885,107.63231230449131,96459.025289,96459.049454,0.9874746301438461
-58.48884363748771,30.54982168509313,107.67144767095728,96459.038622,96459.06477,0.9424298468814694
-58.42688033086662,30.702836388217758,107.50623598944277,96459.051955,96459.076082,0.9626003823867971
-58.53471432502383,30.947466925653597,107.67875032245341,96459.065288,96459.089862,0.9870800557014172
-58.73950063870762,31.21269998283999,107.99555743822867,96459.078622,96459.102846,0.9735798778702793
-58.87450296728636,31.434208768773953,108.20159672628168,96459.091955,96459.116321,0.999295568624777
-58.71009327124471,31.475911451755945,107.86219149383452,96459.105288,96459.130239,0.9678664416629613
-58.798641264835574,31.613413266052493,107.99289394814431,96459.118622,96459.142581,0.8285215268274424
-58.617067320075385,31.630559337724268,107.63953947752705,96459.131955,96459.164465,0.952171158173269
-58.76272347789824,31.779339704577872,107.87929127664445,96459.145288,96459.169941,0.9799600967732993
-58.9322759209373,31.922636539213258,108.14993754076592,96459.158622,96459.188916,0.9535246675066652
-58.71519540876784,31.837472898286077,107.76871142583236,96459.171955,96459.196101,0.9530011743036524
-58.765037483420436,31.902799773975573,107.84845451556565,96459.185288,96459.213356,0.9306400472876665
-58.67793979392142,31.8765308899889,107.70859447654937,96459.198621,96459.2226,0.8304308441582255
-58.87955188437531,31.97879244276009,108.06800571254497,96459.211955,96459.235465,0.9243723173680234
-58.678132392701855,31.860567845255186,107.70665245847132,96459.225288,96459.249202,0.9120808149569369
-58.73800955666702,31.867338283760656,107.79001997145555,96459.238621,96459.26246,0.9897003882835185
-58.847470579907714,31.890374922450157,107.97397725239232,96459.251955,96459.277773,0.9288991334532678
-58.71563200554814,31.793343719439104,107.73676946532885,96459.265288,96459.289396,0.9554128220353676
-58.778752810264805,31.777587028696797,107.84380789131703,96459.278621,96459.304834,0.916309052505882
-58.89277452380586,31.781118893989422,108.01285464062,96459.291955,96459.316004,0.9703005513776117
-58.64177474318393,31.611065273608087,107.56493174465704,96459.305288,96459.329207,0.9316078813468643
-58.84687582053991,31.666893844292026,107.9265239565031,96459.318621,96459.343141,0.8993345558478183
-58.90303643841638,31.633900294985896,108.01801559255449,96459.331954,96459.356357,0.9291463852360267
-58.94164586907581,31.59552715085172,108.08084855288998,96459.345288,96459.369029,0.8021762339932713
-59.01514634218324,31.588033411128123,108.18272373611525,96459.358621,96459.382858,0.9601591918628193
-59.11301881940733,31.593869022555623,108.32974813533794,96459.371954,96459.397225,0.9122814445546646
-58.76020275678013,31.35429363027545,107.70297531115594,96459.385288,96459.410681,0.7808067648469612
-58.90131123136338,31.37798358189199,107.9378958348413,96459.398621,96459.423768,0.8627228648399541
-59.19207320862911,31.466612413131273,108.47200887005437,96459.411954,96459.437807,0.8611447113608162
-58.913276656543786,31.28855797522749,107.95057294312393,96459.425288,96459.449812,0.8168640651889121
-59.017493169910615,31.290515443411113,108.13335435361564,96459.438621,96459.46325,0.9143160799348616
-59.03260911176781,31.260389171412164,108.1386102306562,96459.451954,96459.477021,0.8768994190922754
-58.975949128968686,31.184038678079368,108.01793767483301,96459.465288,96459.489971,0.988620616114142
-58.884769973134325,31.067673394569933,107.82855768773992,96459.478621,96459.502233,0.9708980034469611
-59.00772274121769,31.10314958472544,108.04462348304448,96459.491955,96459.516661,0.9406436584233768
-59.02384229022743,31.070276507206405,108.07691800832048,96459.505288,96459.530796,0.9584838028205132
-59.17362744774805,31.101828538801147,108.33947277762995,96459.518621,96459.543407,0.992332952477124
-58.964269317331286,30.95941994879897,107.94947048611567,96459.531954,96459.557342,0.9054924818009561
-58.92427663856131,30.90652493744694,107.89119511049275,96459.545287,96459.571279,0.9408932255446479
-59.02833166505415,30.93639734074475,108.06695455050557,96459.558621,96459.582878,0.8786850370115644
-58.92419576738353,30.849187650897736,107.88969334090875,96459.571954,96459.597818,0.9220250400889389
-58.84348990915718,30.787561557371767,107.76883477872653,96459.585287,96459.610205,0.9986686961206444
-58.86424539355517,30.7749080220266,107.80324130425632,96459.598621,96459.624532,0.9547113028967646
-58.818090791343316,30.74286227922888,107.7481252730227,96459.611954,96459.637466,0.9553188421824056
-58.76390621259271,30.70183025119113,107.6709131298202,96459.625288,96459.648918,0.9919805065665019
-58.720935256749335,30.67931146529473,107.67942185962178,96459.651954,96459.67681,0.8086390483783308
-58.61006337627074,30.633520723970996,107.5226600580617,96459.665287,96459.689976,0.802900737360053
-58.605241848844955,30.64081743805442,107.58638238910538,96459.678621,96459.702926,0.7888658555303404
-58.636375781431624,30.661926527894757,107.69564541434293,96459.691954,96459.71634,0.9342200803324605
-58.41955919934249,30.57102247761182,107.38151890562871,96459.705287,96459.731354,0.8565865022024607
-58.46146206249527,30.609327557570968,107.54697518208309,96459.718621,96459.74446,0.9504182562160486
-58.39098190900107,30.598129979384684,107.51929555984785,96459.731954,96459.756323,0.9474754963463132
-58.32704592551968,30.600071691864642,107.4885080786275,96459.745287,96459.769765,0.8290468666025291
-58.20098256867638,30.55671424035371,107.35543220579757,96459.758621,96459.782798,0.8131611008645403
-58.200393200013565,30.595356716202723,107.4511669985494,96459.771954,96459.796382,0.8251880417364124
-58.18613111539996,30.622754752045942,107.51765380442859,96459.785287,96459.81154,0.8438043940724045
-57.98354335684086,30.549438481921687,107.2667917289636,96459.79862,96459.822176,0.864917868093052
-58.05427839999558,30.61530277644094,107.48391698486859,96459.811954,96459.83744,0.9852698434291373
-57.9389239860295,30.582560634744883,107.40006072995995,96459.825288,96459.849383,0.9638502168057322
-57.851356007730864,30.56325382981286,107.32929107802691,96459.83862,96459.862555,0.9072777766623197
-57.61284017166571,30.469772637380288,107.00206468031801,96459.851954,96459.876607,0.8569783971984614
-57.85579840177071,30.616083842518123,107.56257955538423,96459.865287,96459.895979,0.9981837969157827
-57.793536865333934,30.585730710116636,107.57062589070414,96459.87862,96459.903357,0.9359763606195523
-57.75882955956939,30.599203336284383,107.66810778179502,96459.891954,96459.916666,0.9326890342875049
-57.45892993378222,30.448624321609223,107.24570151866511,96459.905287,96459.929648,0.9946254959135574
-57.3860902316392,30.4143967474006,107.26753988613605,96459.91862,96459.945283,0.8779780805089975
-57.33691241346941,30.37518450359353,107.32028813272998,96459.931954,96459.956672,0.923530265589782
-57.40415140328652,30.39437434544195,107.5568287056362,96459.945287,96459.969313,0.9470471462922039
-57.20772935739157,30.262888029112965,107.33997266830637,96459.958621,96459.983033,0.9500720117963269
-57.10656555847693,30.200725269580065,107.29927441928592,96459.971954,96459.995779,0.9610917205418964
-57.159067312724254,30.195150879044963,107.52942547451664,96459.985287,96460.009325,0.9345171086556527
-56.811550680797346,29.985811239576925,107.05018121545613,96459.99862,96460.022929,0.975656817976435
-56.793742034595695,29.946431052850414,107.12343791204535,96460.011953,96460.037528,0.9689343690132596
-56.566536375956346,29.795920494978198,106.82412872393517,96460.025287,96460.050222,0.8021762339932713
-56.511118440323436,29.73469528661113,106.84139800443046,96460.03862,96460.068801,0.9500720117963269
-56.452940986924055,29.67709625468442,106.83810166697879,96460.051953,96460.076857,0.8957611734880104
-56.46485676850573,29.644712930801333,106.9557016629746,96460.065287,96460.089828,0.9842257952551817
-56.460070174586946,29.63640145541516,107.0569146475498,96460.07862,96460.102261,0.9749333959228393
-56.225640413843465,29.5018187310504,106.75648157061215,96460.091953,96460.116403,0.8906658003227225
-56.0778431427119,29.411065666909582,106.59662584418653,96460.105287,96460.130416,0.9510547821283
-56.01365990865476,29.396318104024907,106.6480357464669,96460.11862,96460.144142,0.9572595904167698
-55.8736681332271,29.332703363943192,106.54315252899045,96460.131953,96460.156156,0.8975671049127206
-55.90551716468937,29.36229347443913,106.74724223610765,96460.145287,96460.171904,0.9230383935386057
-55.666848623633946,29.24834059638245,106.46116332337809,96460.15862,96460.182452,0.9762540939629328
-55.81171015065071,29.345394715161692,106.88336438906862,96460.171953,96460.197266,0.9622103462444205
-55.40268438408963,29.175770274740692,106.29239345006978,96460.185286,96460.209993,0.9967317334169361
-55.43570553704553,29.212796324865067,106.5128893809972,96460.19862,96460.229278,0.8741144506932236
-55.231778708975064,29.155831011969084,106.30963219975455,96460.211953,96460.235811,0.8975493094058724
-55.29531949740191,29.246278495016128,106.60552317525732,96460.225287,96460.249374,0.8963899218446817
-55.11708448943435,29.211098475424755,106.48205650570644,96460.23862,96460.26224,0.9712361629453509
-55.01342909577121,29.220527360190466,106.49382699664687,96460.251953,96460.278718,0.8942431639038234
-54.982343708228704,29.275935016131633,106.70007674992364,96460.265286,96460.289425,0.8819976637686687
-54.78028869280897,29.259043369730744,106.56575992536445,96460.27862,96460.304455,0.9269566068399332
-54.72744633910996,29.31255555065346,106.74990962873832,96460.291953,96460.316111,0.9480044738989756
-54.501611269231425,29.295463835528334,106.6218368112791,96460.305286,96460.329097,0.9500720117963269
-54.58101205401194,29.41997869412544,107.03755956397309,96460.31862,96460.342583,0.8954054800411839
-54.30347443577266,29.39395107843902,106.82244411923341,96460.331953,96460.356506,0.962329938291732
-54.14347411286101,29.420000619391757,106.80115389908158,96460.345249,96460.369153,0.9409818316732655
-53.90447604456177,29.407718421198847,106.67804278182783,96460.358583,96460.38277,0.9912783266932714
-53.92728148902916,29.540818682366183,107.037196815647,96460.371915,96460.397122,0.9914280176926717
-53.703452025939704,29.546616480408314,106.93400939850311,96460.385249,96460.411613,0.9164616169719727
-53.64084342780518,29.642038348067935,107.14410646619649,96460.398582,96460.422989,0.9928924248332708
-53.379239711244765,29.630995842041948,106.95205266993986,96460.411916,96460.435115,0.9648136811986007
-53.29868743002581,29.727724947005886,107.13958586697363,96460.425249,96460.449278,0.9697868560637518
-53.21254179087165,29.828102839381824,107.31941465031646,96460.438582,96460.462511,0.9015061130726764
-53.021352437922374,29.873347013835172,107.30043575875686,96460.451915,96460.476945,0.9325759391247143
-52.76633864147698,29.888920543432583,107.17474389892075,96460.465249,96460.48926,0.9879167325422168
-52.74953970742648,30.0426141433443,107.56542006267112,96460.478582,96460.502385,0.9434606890526138
-52.42620667986823,30.04097548772778,107.355618183224,96460.491916,96460.515666,0.9958705161267524
-52.203933076948125,30.078316792951348,107.36158164731194,96460.505249,96460.529588,0.9501483379205587
-52.00841536930571,30.13441052833355,107.40825075333781,96460.518582,96460.542984,0.909227815543573
-51.82121228091085,30.20668232684829,107.48585548799828,96460.531915,96460.556855,0.9784867341934507
-51.64900826625792,30.281875232985378,107.58937927672106,96460.545249,96460.569914,0.9599502453373524
-51.496442807715326,30.36473467995391,107.73457177175024,96460.558582,96460.583228,0.9947920996984795
-51.085490411406525,30.31664261843905,107.3854483397673,96460.571915,96460.595912,0.9492666782016845
-51.08004442580274,30.478122366038466,107.84873314088696,96460.585248,96460.609872,0.9332578906268839
-50.71296879693729,30.438064497300694,107.57403640110289,96460.598582,96460.623581,0.9708933663926378
-50.53666585041537,30.50920940299117,107.70392296447062,96460.611915,96460.636015,0.9800719202799639
-50.32032282738431,30.554096083179314,107.75790167478033,96460.625249,96460.649318,0.9806219573503108
-50.10802306045006,30.611431498509393,107.86099874471817,96460.638582,96460.662192,0.905050304278355
-49.802235740981054,30.596719414722582,107.77569537038877,96460.651915,96460.676935,0.9642352988559236
-49.51962811729091,30.59772124803885,107.74965711174286,96460.665248,96460.690665,0.9910605114413504
-49.35513166662503,30.676562886324756,107.97036443379365,96460.678582,96460.702756,0.9692843156342765
-49.048978283073154,30.669810480646127,107.91352934537507,96460.691915,96460.722431,0.9221102269273814
-48.78500891527422,30.679870926309615,107.94764660106752,96460.705248,96460.729079,0.9221102269273814
-48.546731363698896,30.703189327470188,108.04892149178032,96460.718582,96460.744626,0.8544719495284974
-48.35319165907405,30.75032961598854,108.23150359239715,96460.731915,96460.755829,0.9871964606470061
-47.93330439437713,30.65696503596004,107.9666226423178,96460.745248,96460.768981,0.9536993306563195
-47.71630036101465,30.684472070700362,108.17099450498345,96460.758582,96460.782501,0.9464526883250489
-47.46657518646406,30.692848998611677,108.30216617622385,96460.771915,96460.796712,0.9682964072104558
-47.13767219176798,30.659344604886268,108.30600699779468,96460.785248,96460.810674,0.9420456253242042
-46.77645324169972,30.601024551933982,108.27472269206666,96460.798581,96460.823765,0.931523149838126
-46.53438299098511,30.62636818620739,108.5264537456691,96460.811915,96460.837934,0.9637348492564558
-46.251745209540154,30.619383332240307,108.63746306503333,96460.825248,96460.850012,0.9449403588477566
-45.65983725264709,30.419001329339338,108.13238121707016,96460.838582,96460.86289,0.9426234156775664
-45.44550078213094,30.458644771742023,108.42671640357321,96460.851915,96460.87608,0.9313550320228596
-45.10700535253057,30.429339910816687,108.49105276186589,96460.865248,96460.891598,0.988987110347224
-44.76020160808065,30.381175053919794,108.55587055145828,96460.878581,96460.902427,0.980034410809178
-44.44775547530033,30.35514467328391,108.73446501886298,96460.891915,96460.915982,0.9776283059133768
-44.05838560864673,30.28870755109115,108.72299177165088,96460.905248,96460.928698,0.9323644757584081
-43.653010088828836,30.206928045851186,108.72701042785144,96460.918581,96460.942528,0.9242893528535907
-43.30143103869096,30.140038522785986,108.81854705383769,96460.931915,96460.957075,0.9531134687612486
-42.957574289121695,30.085670128392547,108.97721461702199,96460.945248,96460.969825,0.9531134687612486
-42.536414095789645,29.985313656371666,108.95237927342271,96460.958582,96460.98452,0.9491132359788166
-42.12347001529564,29.87177417280016,108.97318626347216,96460.971915,96460.99614,0.9813834916703569
-41.951218086247536,29.91859768943334,109.58573888720002,96460.985248,96461.011277,0.86288637601394
-41.44618189944705,29.73688379235823,109.38938935745027,96460.998581,96461.0231,0.9515770137139123
-41.20151201359398,29.70145339465852,109.79396880116401,96461.011914,96461.035825,0.9124439346234159
-40.71811766278477,29.521980652262737,109.6289833067313,96461.025248,96461.04926,0.9587294979127221
-40.32052309569417,29.384194794420747,109.64894199779658,96461.038581,96461.063989,0.898506450008812
-39.934218236222556,29.247886384151556,109.67213931671826,96461.051914,96461.07609,0.9315536194441282
-39.605319072516934,29.134663932427124,109.8247810257562,96461.065248,96461.090287,0.9869564833637642
-39.30227573926794,29.04708889068039,110.07568251120519,96461.078581,96461.102302,0.8841946212580687
-38.96217798276526,28.92272001121006,110.22985059660203,96461.091915,96461.117395,0.9551798008862717
-38.42795019657542,28.64844361931658,109.87057821919345,96461.105248,96461.129872,0.8672569424023892
-38.14611419794257,28.554650622826372,110.17528691885676,96461.118581,96461.14714,0.9895914950129181
-37.73002852640664,28.35948907476503,110.17502893190486,96461.131914,96461.156941,0.9972584841710931
-37.35402395093336,28.18477166485371,110.2477059817558,96461.145248,96461.169376,0.960092327084209
-36.90773292958184,27.952503029366735,110.1176138807815,96461.158582,96461.182773,0.9153585353346373
-36.59093395769992,27.797492885789428,110.32695493103225,96461.171914,96461.195723,0.9179450032533484
-36.185122470437506,27.581028133481098,110.30552264439304,96461.185248,96461.211797,0.9897271222303218
-35.8784239282362,27.4352092462981,110.52574100389725,96461.198581,96461.223707,0.9364531823276273
-35.43234535364695,27.179934516488462,110.34118331802212,96461.211914,96461.236829,0.9708645721066574
-35.00623349669755,26.93176227496732,110.22746769022538,96461.225248,96461.250055,0.8578472482884596
-34.71217097505329,26.786415289286456,110.43775851007072,96461.238581,96461.262483,0.9354087042138868
-34.30018322150077,26.566742583782293,110.3212901385515,96461.251914,96461.276437,0.9191015851429903
-34.030428703502615,26.433115905645124,110.62090722244388,96461.265247,96461.290812,0.947486922795188
-33.65836608687577,26.242867157707376,110.62843840024131,96461.278581,96461.302816,0.9526777523851754
-33.33684758074065,26.067850806587067,110.73972304915667,96461.291914,96461.315968,0.9140777929285253
-32.900059115380586,25.823816413056655,110.52729207906333,96461.305247,96461.328953,0.9874269615249269
-32.60912481924587,25.678117086081013,110.72037281855634,96461.318581,96461.342751,0.9606592551346569
-32.27320202629569,25.488395357264398,110.7794029333048,96461.331914,96461.356904,0.8551639569133739
-31.919587358413363,25.293960209581194,110.80476980058903,96461.345247,96461.368988,0.9531225755436845
-31.61848833728893,25.12067642415435,110.90205998260389,96461.358581,96461.384046,0.8551639569133739
-31.28366826780617,24.932296989142134,110.96197703894963,96461.371914,96461.397536,0.9534610558227521
-30.947144034160637,24.734980681041943,110.93417747725145,96461.385247,96461.413193,0.9015439373833903
-30.602316520360194,24.512893370241237,110.92391025243556,96461.398581,96461.423719,0.9781093455801124
-30.233768036955908,24.294036771967797,110.8149559432678,96461.411914,96461.436298,0.9430596932803793
-29.922681720466173,24.098221640508097,110.84853227691174,96461.425248,96461.449043,0.8828236085010277
-29.709514689150442,23.9740577502474,111.22160460076354,96461.43858,96461.462019,0.9194903344067707
-29.30644754265149,23.682373600631156,110.87561972642361,96461.451914,96461.476396,0.9476789320103417
-29.021135378422517,23.495409392157622,110.96373982200365,96461.465247,96461.490254,0.9568939971476084
-28.78508375393487,23.327866351876647,111.11479283866969,96461.478581,96461.502465,0.9340170296913781
-28.486167031503406,23.11219086573314,111.0680610721828,96461.491914,96461.517077,0.994234317108799
-28.201448258105973,22.900602208288674,111.03154303840468,96461.505247,96461.529725,0.9111987065646168
-27.959715641193146,22.74260789659183,111.16831260455103,96461.51858,96461.543749,0.9821906607217515
-27.74695325291912,22.56079116858257,111.27378328742618,96461.531914,96461.558088,0.9940144931984259
-27.626998027948265,22.46948967323189,111.69290916054878,96461.545247,96461.568898,0.9860865239063333
-27.371924319622618,22.259985276846013,111.66734234463617,96461.558581,96461.582346,0.9308904291103848
-27.18209525376071,22.108220768090344,111.78941711341042,96461.571914,96461.595873,0.9145363059124435
-27.03467109939321,21.961072216338454,112.0553615574374,96461.585247,96461.609303,0.9978442212378279
-26.79501250587718,21.745780827451014,111.97264419002538,96461.59858,96461.623649,0.9431765634974543
-26.645178138772504,21.59012814611279,112.18450291158459,96461.611914,96461.63596,0.9451260683085935
-26.413124339766384,21.38106474933673,112.11497310192333,96461.625247,96461.650386,0.9890823389802664
-26.282772425453246,21.22942480269495,112.37858386472789,96461.63858,96461.663442,0.9607914102554925
-26.038675317870318,21.011830026111085,112.302638699692,96461.651913,96461.679413,0.9652617986898124
-25.921377373355924,20.855716904017207,112.60320255126197,96461.665247,96461.690501,0.9484029673476677
-25.72115198077146,20.652656415380054,112.59094055912686,96461.67858,96461.702412,1.0
-25.51226728898365,20.42448583313085,112.53183892064325,96461.691914,96461.716213,0.9546718409313677
-25.453155143678668,20.316046215671662,113.01018040241244,96461.705247,96461.729142,0.9312403711001342
-25.26643688585241,20.102626383579878,113.02556788890932,96461.71858,96461.74306,1.0
-25.03074632315243,19.856161173373767,112.8565415268698,96461.731913,96461.763862,0.8738672685042317
-25.005554887707678,19.766142477722855,113.52894420608604,96461.745247,96461.76935,0.959825024066537
-24.833623715069105,19.55428661866432,113.55615451577707,96461.758581,96461.782598,0.9307296872666643
-24.635659971485342,19.316705026582795,113.51285769499887,96461.771913,96461.796021,0.9637108455540654
-24.45069145663804,19.099081158584966,113.543322947517,96461.785247,96461.810739,0.8828236085010277
-24.372501960434345,18.92433394440792,113.9678991729823,96461.79858,96461.82266,0.8382446154747284
-24.161710464967193,18.66624623963019,113.81319627848056,96461.811913,96461.836089,0.8494327046635991
-24.05254744464909,18.47425430489202,114.1529378116933,96461.825247,96461.848947,0.929802484709575
-23.899614912385857,18.2367198836728,114.23826395600742,96461.83858,96461.863198,0.9707720425685323
-23.759962187909228,18.00609478281265,114.3529566245262,96461.851913,96461.87765,0.9725097808786439
-23.63657738064468,17.7774360223539,114.49452352003809,96461.865246,96461.88987,0.9729125816036231
-23.484480633902624,17.51710089780832,114.53080294302725,96461.87858,96461.903739,0.8942181418291497
-23.39927343456376,17.301103474572642,114.84430179051277,96461.891913,96461.916396,0.9635419751905949
-23.322759381942614,17.067635906057838,115.15026165985999,96461.905247,96461.929029,0.8544592741212884
-23.23318329951775,16.816348859810706,115.39267581095385,96461.91858,96461.942919,0.9792528703866649
-23.05121876946489,16.48965344013765,115.2366248572187,96461.931913,96461.95594,0.9115044877732705
-23.028782691406985,16.275673376893224,115.7540204641265,96461.945246,96461.969529,0.9793647000613142
-22.932587032773053,16.015406089992815,116.01597213072496,96461.95858,96461.982833,0.8848495450369626
-22.814313203011263,15.721429759969533,116.13020521914702,96461.971913,96461.99578,0.9887004766624273
-22.73002621042295,15.454647223320498,116.39220596156353,96461.985246,96462.009061,1.0
-22.534109279295514,15.129536141591677,116.22682180764279,96461.99858,96462.029166,1.0
-22.404107604985427,14.81422632407011,116.38032423606928,96462.011913,96462.037347,0.8779450555838024
-22.37574694196548,14.579929589679406,116.92151784440512,96462.025247,96462.050778,0.947694326731482
-22.296294523950237,14.301497985764172,117.32022730406803,96462.03858,96462.068866,0.9586406869689146
-22.146058884795615,13.987600993486495,117.35229968527752,96462.051913,96462.082792,0.9969462903701858
-22.058067672007073,13.698581575091529,117.65888702273462,96462.065246,96462.096184,0.9123081714732785
-21.95488463729188,13.39939739471887,117.92183692524249,96462.07858,96462.103798,1.0
-21.889672282625032,13.131633769906646,118.30540242926664,96462.091913,96462.117883,1.0
-21.726988907219546,12.820479210266036,118.28944175640808,96462.105246,96462.129126,0.9708848163011933
-21.635416033320634,12.528819557427713,118.60395197765723,96462.118579,96462.142999,0.9390152401075866
-21.54733080446103,12.241096346270721,118.92542215289501,96462.131913,96462.16166,0.901256927367894
-21.420431386260226,11.952706565888914,119.10856816359669,96462.145246,96462.169268,0.9999837556048337
-21.37857675794947,11.677736734615499,119.6910100423779,96462.15858,96462.183859,0.9891069693836566
-21.257819588924463,11.37599851092101,119.85923021752511,96462.171913,96462.202203,0.9580387533561245
-21.13344742818434,11.067400242234763,120.05008791857286,96462.185246,96462.211362,0.9547925281994907
-20.99872268982124,10.758519503835707,120.20774268498684,96462.198579,96462.225782,0.8603126611331913
-20.846138601810313,10.46430451801392,120.31753131329985,96462.211913,96462.23692,0.9793082050902207
-20.843926693976268,10.234445218198514,121.2427241886342,96462.225246,96462.249474,0.9277464075963864
-20.57839545174317,9.885188060324477,120.81978565626747,96462.238579,96462.263122,0.9863939410926474
-20.416181215481263,9.576302517798565,120.8847850930462,96462.251913,96462.278704,0.9788017191222337
-20.31982980543364,9.299336037815651,121.29697437066558,96462.265246,96462.290349,0.8653753711032699
-20.174392707924245,9.002314962794962,121.48219596602995,96462.278579,96462.30349,0.9987027555180322
-20.092425313416136,8.725743620570169,121.91895558814866,96462.291913,96462.315608,0.9721991150547343
-19.99729153122886,8.428769058632971,122.24315147869586,96462.305246,96462.329096,0.9895667436274509
-19.874366425303403,8.086939783352744,122.38984837471429,96462.318579,96462.34364,0.8927811491054862
-19.75758156317209,7.791462935561951,122.59744762840722,96462.331912,96462.355452,0.9909924404369358
-19.602050709930804,7.448606242707858,122.5534746309895,96462.345246,96462.369828,0.9547925281994907
-19.502198147338802,7.140170358906233,122.99225895788966,96462.35858,96462.382733,0.959825024066537
-19.420836959958013,6.83744998788213,123.60213434007318,96462.371912,96462.397563,0.9725104137817204
-19.318354617795464,6.52094633528102,124.03779198137528,96462.385246,96462.412474,0.9891881829867825
-19.10421411772456,6.183051117099797,123.8829037441516,96462.398579,96462.42467,0.858851482112103
-18.992088440928217,5.882958406918123,124.4165525028753,96462.411912,96462.436728,0.9546718409313677
-18.742566467283407,5.537391693357064,124.21815820021276,96462.425246,96462.449024,0.965937145411038
-18.60700426412384,5.211626793242351,124.42121320867885,96462.438579,96462.462862,0.9196383789809695
-18.504470012021486,4.882921402871738,124.98749740380917,96462.451912,96462.477329,0.9625496714378541
-18.354251024286803,4.542703597457463,125.18592498200763,96462.465246,96462.489622,0.9911130244457171
-18.226596887173507,4.2170529876934815,125.49663680300672,96462.478579,96462.502387,0.9708848163011933
-18.044743734696542,3.8880381371990818,125.47325254538045,96462.491913,96462.516446,0.9981619083739206
-17.84386394171792,3.567329152598495,125.43666086475422,96462.505245,96462.529422,0.9366084875001982
-17.737688891673333,3.274692915764629,125.87445244112484,96462.518579,96462.544056,0.9310271020120563
-17.64807218374677,3.007647786754113,126.50493160069774,96462.531912,96462.556175,0.9257769911860384
-17.495321684171895,2.721415882712019,126.50873515772713,96462.545246,96462.570046,0.9774878387372251
-17.410870078510005,2.4780337182930814,126.87619441210146,96462.558579,96462.584789,0.8797757920905234
-17.337983764130357,2.263003086434909,127.34118419114111,96462.571912,96462.59628,0.8944272041320801
-17.111772749108365,2.0194814191432804,126.84276564121889,96462.585245,96462.610369,0.912652423453027
-17.102348916706585,1.8147938638754364,127.61991976840197,96462.598579,96462.622288,0.9622565866727002
-16.965528218466016,1.6419306767979838,127.80055720591167,96462.611912,96462.636483,1.0
-16.849920647492493,1.467248013894494,128.09014997098853,96462.625246,96462.650106,0.962385921619184
-16.690986793286168,1.3132708108110673,128.13985689738416,96462.638579,96462.662667,0.9860865239063333
-16.536974483600524,1.1691540180531255,128.19965355746334,96462.651912,96462.676611,1.0
-16.393749046867907,1.023558134057873,128.33452062569282,96462.665245,96462.689152,1.0
-16.285574052889086,0.8906366968107975,128.74782360971386,96462.678579,96462.703186,0.9196383789809695
-16.19156539083365,0.7549401775468051,129.5116031678712,96462.691912,96462.718341,0.9234799292750219
-15.923066697795667,0.5939563541781215,128.96249682526224,96462.705245,96462.731151,0.85885840302958
-15.73954029904465,0.45483540373063736,129.07689552164246,96462.718578,96462.743666,0.8524114390607105
-15.601893043451573,0.33821350194316896,129.5083463573699,96462.731912,96462.755879,0.8966150058747832
-15.41066138054203,0.2301637612828169,129.64565443397413,96462.745245,96462.769438,0.9757151022387135
-15.266541788744453,0.10848658258789765,130.0319181252819,96462.758579,96462.783296,0.9708246229789773
-14.971556751708565,-0.0009873109086508264,129.42675214225287,96462.771912,96462.795916,0.9197755698853591
-14.835349857301338,-0.08344275903378458,129.8318314728608,96462.785245,96462.809846,0.9044024340498681
-14.673565680026414,-0.15797515474321494,130.15545512878293,96462.798578,96462.822998,0.9602252158865557
-14.472958057404098,-0.2123978148317626,130.2269413754936,96462.811912,96462.836306,0.9333227104989645
-14.188670633531519,-0.24084029693124215,130.08076225864679,96462.825245,96462.851778,0.9274778017654784
-13.986081093865549,-0.22422963544189833,130.46855201044258,96462.838578,96462.864326,0.940182137438606
-13.68284235316429,-0.20880314125500588,130.2181369404349,96462.851912,96462.877117,0.9979539215775989
-13.409858962590429,-0.1777091942426612,130.33230093764544,96462.865245,96462.889492,0.9787873627922018
-13.130355141261852,-0.13892678508630862,130.4617778364496,96462.878578,96462.902883,0.9668400337827572
-12.889420233710714,-0.09870136768868018,130.9438188122548,96462.891912,96462.91648,0.8302704682197527
-12.542501652875176,-0.0647621306527332,130.69671561884812,96462.905245,96462.929781,0.8529243089102464
-12.279405825182435,-0.014300460448340496,131.1457635851412,96462.918578,96462.943325,0.8607841491699219
-11.94180434587874,0.027878233530515578,130.9828596536084,96462.931912,96462.955765,0.9979539215775989
-11.623876557454516,0.05451015088579211,131.04150475393408,96462.945245,96462.969416,0.8925461409407949
-11.2754892563894,0.11818817506649504,130.91969012674173,96462.958578,96462.983842,0.8430968698499309
-10.923179418545518,0.16393956989522473,130.71222293355723,96462.971911,96462.998761,0.8467130661010742
-10.575765100149434,0.20795057694435656,130.709236267893,96462.985245,96463.010278,0.9926770087099531
-10.26654459021545,0.2505546753405894,131.10162420982095,96462.998578,96463.022466,0.8990484873944831
-9.96518882292155,0.3037098920895099,131.54321456750822,96463.011911,96463.035846,0.9084407294901377
-9.590375088537431,0.3731892826186461,131.43304024201464,96463.025245,96463.051472,0.9704113364956959
-9.152944264311282,0.420515995194709,131.33209392701647,96463.038578,96463.06309,0.8849280875314427
-8.750468705617136,0.4610321721252471,131.11897670268212,96463.051911,96463.076267,0.8420455679299351
-8.304096886947526,0.5253981891984351,130.97728151078024,96463.065245,96463.088909,0.8538333952752223
-7.948290334083977,0.5847599867255989,131.50526545553245,96463.078578,96463.102174,0.8605637550354004
-7.4991533583380825,0.6239457585324878,131.3786509278502,96463.091911,96463.116178,0.9603877873264334
-7.030789972155378,0.6682167184043283,131.15586450890265,96463.105245,96463.130021,1.0
-6.572735024447285,0.7232719239951337,131.30614688070693,96463.118578,96463.144382,0.9313754397940277
-6.12894331300473,0.7646534157759746,131.72940923080196,96463.131911,96463.156818,0.8647680282592773
-5.635940202849567,0.7978468267175625,131.66341772003796,96463.145244,96463.170133,0.9725857734680176
-5.094716007593827,0.8328494057083526,131.19712171939995,96463.158578,96463.183131,0.9254279252615722
-4.601353713510743,0.8438706861207883,131.33326221166465,96463.171911,96463.195594,0.9668400337827572
-4.083868777074696,0.8705567182301909,131.02775436688682,96463.185244,96463.209414,0.9664688064904314
-3.5703446933361307,0.8856692910303039,131.01708999992547,96463.198578,96463.224336,0.9815540581349153
-3.0747118473886346,0.8994779822492126,131.2357261371499,96463.211911,96463.235842,0.953683769402553
-2.53981422206702,0.8854988442234019,131.08143756268305,96463.225245,96463.249053,0.9606061625104527
-1.9897698568678759,0.868188265843618,131.043922002857,96463.238578,96463.262206,0.9196383789809695
-1.472170766495383,0.8582378876142973,130.54493148835263,96463.251911,96463.276211,0.9708848163011933
-0.9660644594269587,0.8543819615744008,130.68933776000068,96463.265244,96463.290528,0.9668400337827572
-0.4307921712120925,0.8117574012592957,130.53996862615324,96463.278578,96463.302536,0.8519544276336407
0.07871272212795198,0.785877847947856,130.99093566008406,96463.291911,96463.317558,0.8479748151643548
0.6153034107406272,0.754906158360196,130.56147498793598,96463.305244,96463.330102,1.0
1.1235024921930838,0.7197923298305619,130.32595077013806,96463.318578,96463.345952,0.9708848163011933
1.625588487986101,0.6553988550116093,130.23484276926777,96463.331911,96463.357311,0.9341588597356829
2.1292352730525255,0.6174641959326331,130.44542179231422,96463.345244,96463.376601,0.9704113364956959
2.6425582999823973,0.5472654605576299,130.20505089353665,96463.358578,96463.390001,0.9213755410201802
3.1290281071864383,0.49705022628225554,130.4203222934622,96463.371911,96463.395617,0.8891432014018805
3.6448432217294386,0.4365796960659156,130.0095178571319,96463.385244,96463.409718,0.9772727166818195
4.146580051989752,0.37293635767637356,130.38120314568118,96463.398577,96463.422983,0.986532080417143
4.665923088306463,0.30042126094673494,130.01131926864534,96463.411911,96463.435825,0.9121764665036999
5.165128741528861,0.2177546995332179,129.8106432283116,96463.425245,96463.450805,0.9621395134894857
5.652779385769394,0.16886735836128888,129.93163280343165,96463.438577,96463.462159,0.9708848163011933
6.144042535728965,0.09152339225665541,129.77384753984714,96463.451911,96463.477239,0.8846841812133789
6.628371022266377,0.050109279034660045,129.74672253584646,96463.465244,96463.489746,0.9860865239063333
7.1036795408294635,0.002780232637866335,129.62395511293886,96463.478577,96463.502606,0.9319711962535885
7.579591828468518,-0.04865453799048015,129.63619094668917,96463.491911,96463.516114,0.9621395134894857
8.04757711864431,-0.07578069264605027,129.39488862377365,96463.505244,96463.528668,1.0
8.542115301252203,-0.09593847892278344,129.43927269565643,96463.518577,96463.54355,0.9860865239063333
9.029888776476872,-0.11571635099351017,129.51998532343967,96463.531911,96463.556837,0.9585954681540014
9.51449632844821,-0.15232937670033345,129.262896263222,96463.545244,96463.572022,0.8944272041320801
10.008833060606115,-0.15018332670119586,129.38643553470283,96463.558578,96463.58416,0.9870831789561542
10.512651191676824,-0.15793259968041337,129.26824171091656,96463.571911,96463.595703,0.9774878387372251
11.024441223703858,-0.1658148418015416,128.88674130060036,96463.585244,96463.610343,0.8605637550354004
11.570053782222315,-0.1652151188644541,129.20955076775627,96463.598577,96463.624604,0.9704113364956959
12.070067797832872,-0.16672457635505417,128.99582627795934,96463.611911,96463.635472,0.9891069693836566
12.556621269388737,-0.16894589226343712,128.31875671694766,96463.625244,96463.649584,0.8386555176362123
13.122183973653973,-0.16584261228662234,128.68823466126128,96463.638577,96463.662112,0.9194903344067707
13.642509327275016,-0.15575543535718575,128.5230371563692,96463.65191,96463.67628,0.8288844264287282
14.154341242902005,-0.1421549604044364,128.14096314937365,96463.665244,96463.690341,0.9668400337827572
14.754672311163901,-0.1311881272010809,128.7826568626747,96463.678577,96463.702089,0.9621395134894857
15.248065114664287,-0.11529361244561195,128.0460406635405,96463.691911,96463.717371,0.8630986686612017
15.839085274424345,-0.0989738711204137,128.55446599432346,96463.705244,96463.729998,0.9621395134894857
16.32564987078836,-0.07285843866527345,127.86312326702071,96463.718577,96463.745439,0.9466539727206689
16.972936872405043,-0.06539409812063257,128.70366628111267,96463.73191,96463.756039,0.9480210493161568
17.462359078218125,-0.0460994299318344,127.92949411311237,96463.745244,96463.769176,0.9466539727206689
18.072503460232653,-0.029632767001545542,128.25742863997542,96463.758577,96463.782502,0.8619375438913698
18.577942147531143,-0.017585591410627256,127.75910595766236,96463.77191,96463.795405,0.9598406160968016
19.13758980375289,0.010787452470405565,127.47976651731943,96463.785243,96463.810947,0.9845837994571518
19.75096185457477,0.01928219424365714,127.53294772473593,96463.798577,96463.825434,0.9877937441127537
20.333291408012947,0.03883005493243899,127.44963988793602,96463.81191,96463.838813,0.9917201886877133
20.89974330994749,0.038014789922197804,127.33495768252804,96463.825244,96463.849843,0.9382325293606691
21.470560416369995,0.048054299243174926,127.05197833515237,96463.838577,96463.862512,0.972853914144708
22.088854874927335,0.05590413119773683,127.11327642740518,96463.85191,96463.882903,0.9891069693836566
22.664105179128313,0.04532518752186326,126.88220300787523,96463.865243,96463.890558,0.9473650483662587
23.21603122232586,0.038922152429531086,126.56592590725832,96463.878577,96463.902271,0.9247565968347766
23.78326975857189,0.016531961971047348,126.36472591249344,96463.89191,96463.916406,0.9409104784664681
24.440685888805618,-0.006212097654045697,126.87750768643004,96463.905243,96463.928766,0.8692265426791242
25.03182865172006,-0.014869847812584805,126.8089469151714,96463.918577,96463.94276,0.979121612307353
25.516389299012655,-0.03481139856153797,126.22290793719039,96463.93191,96463.9564,0.9096207299627653
26.065810146454385,-0.0632025281946817,126.05966235712509,96463.945243,96463.968922,0.9979539215775989
26.631405763039023,-0.11306875754120706,125.87252343087728,96463.958577,96463.984149,0.9740197309659478
27.214480577327624,-0.14336680030215834,125.94869896160556,96463.97191,96463.995943,0.9307099671003098
27.757516997927226,-0.18745693960218773,125.8178033577074,96463.985243,96464.014017,0.9983402941538578
28.39824066122507,-0.21837444753999963,126.10502633103658,96463.998576,96464.022662,0.8183224342956734
28.823276182929813,-0.23131686911813493,125.4260982546608,96464.01191,96464.035668,0.897130328832924
29.46870889884338,-0.258571006152151,125.8662126026791,96464.025243,96464.049431,1.0
29.934743699247193,-0.26735933795721467,125.40428209775342,96464.038577,96464.063386,0.9704113364956959
30.40514558784477,-0.2774257120566614,124.9690545523556,96464.05191,96464.082412,0.9876946856300498
31.066459566111035,-0.2738147902926185,125.51701572887919,96464.065243,96464.090284,0.9912802806232972
31.562122616456133,-0.2938211499503575,125.40821166865271,96464.078577,96464.105007,0.8087543678336143
31.883494446963503,-0.26888411681114993,124.4215051154706,96464.09191,96464.116452,0.9792352562020484
32.56461621427844,-0.27135814153070587,124.97845405517168,96464.105243,96464.135437,0.9517642740931702
33.10630834945588,-0.2666218689825292,125.02851394040259,96464.118576,96464.142719,0.9520472357811847
33.614919328097315,-0.2698144023773022,124.85197622644313,96464.13191,96464.158222,0.9978044740217441
34.14207033769257,-0.26041924730061794,124.78105804469976,96464.145243,96464.168991,0.9520472357811847
34.63751728547602,-0.2677532948458441,124.54905510110196,96464.158577,96464.182572,0.9254947164504087
35.26516737499353,-0.2598628632033408,124.79391221229379,96464.17191,96464.19563,0.9475263734316947
35.66729437963241,-0.25736396473906975,124.2328600234076,96464.185243,96464.209533,0.9804580318178729
36.35379707068198,-0.28363707644771474,124.73150719976232,96464.198576,96464.22298,0.9704113364956959
36.717088462316006,-0.28354362522682075,124.0614294523397,96464.211909,96464.235636,0.8996303704832791
37.308056238101145,-0.29898369414314185,124.18987310951485,96464.225243,96464.250214,0.9495512602199945
37.71002842128443,-0.3224386503551684,123.77294023696867,96464.238576,96464.262626,0.8448555465342009
38.43249112026543,-0.33536051178342874,124.51937861114517,96464.251909,96464.281009,0.9382172883407044
38.71040674686734,-0.3696868107821189,123.60390205043967,96464.265243,96464.291105,0.9891069693836566
39.45071119254065,-0.37870975097076104,124.3792842202656,96464.278576,96464.302693,0.8183224342956734
39.74458728324019,-0.422182100474433,123.57268208774056,96464.29191,96464.31596,0.940039527372775
40.24334873057179,-0.44733478508660746,123.61457181584157,96464.305243,96464.329062,0.9060440188204455
40.75355067689658,-0.4741860693100839,123.65402693747815,96464.318576,96464.349254,0.9648781694127286
41.286472330394076,-0.5081280143709928,123.7377516145003,96464.331909,96464.355958,0.9969462903701858
41.76596004677935,-0.54081851256624,123.72154687081935,96464.345243,96464.370294,0.8139962725163731
42.22853800396279,-0.5813072233362667,123.6749322711153,96464.358576,96464.382415,0.9836708878547585
42.617152016598084,-0.6145364091474748,123.37532991632824,96464.371909,96464.395759,0.8705793249287308
42.84608163538986,-0.6496170240241347,122.54394397329877,96464.385243,96464.409276,0.9430163151240748
43.538500953016374,-0.69843663708311,123.18737632452483,96464.398576,96464.422874,0.9732482437253454
44.022199379123165,-0.7459001132680724,123.14938056988662,96464.411909,96464.435854,0.9891069693836566
44.381526909519756,-0.7982895319377543,122.79336441144218,96464.425243,96464.452072,0.8547278183967288
44.921201468274866,-0.8360126915360736,122.98852754499661,96464.438576,96464.465448,0.9096207299627653
45.271887325125995,-0.8846686957017189,122.62234042045117,96464.451909,96464.477173,0.8642040801149828
45.77151219560695,-0.9312445187806443,122.73454930468644,96464.465242,96464.489013,0.8839238942194126
46.134338364605824,-0.960799904645371,122.49399213895,96464.478576,96464.502581,0.8846841812133789
46.41274661626795,-0.9889609718096054,121.98667610088377,96464.491909,96464.516773,0.9012422869942194
47.077652490187866,-1.0460364380261704,122.58169535907298,96464.505242,96464.529154,0.8169025180700175
47.52888144332996,-1.0851392134467377,122.60592442520728,96464.518576,96464.543047,0.8846841812133789
47.86537232590136,-1.1329431010535376,122.30925495768408,96464.531909,96464.555916,0.9241910577637782
48.445029141936224,-1.186683832372741,122.74860756606259,96464.545242,96464.569407,0.9601709005915954
48.84648808875577,-1.2451643900829759,122.66873312158722,96464.558576,96464.584461,0.9125793203433554
49.149912566129025,-1.2765202367893347,122.4173305985859,96464.571909,96464.598535,0.9622428523562016
49.643038832453016,-1.3245748415921519,122.68167459152039,96464.585242,96464.61051,0.8929334311281899
49.83331383183357,-1.3752675074174523,122.19289495159438,96464.598576,96464.622728,0.8467130661010742
50.460344596671334,-1.4156902917219887,122.87214003894789,96464.611909,96464.636309,0.8980217293099279
50.681721851827916,-1.4584582154010721,122.54886497819861,96464.625243,96464.650889,0.8511244690555795
50.97277312961244,-1.497026863663478,122.47051302183705,96464.638575,96464.662727,0.8819826126098633
51.23877471910292,-1.5204898882643172,122.33101862678924,96464.651909,96464.676887,0.8282330003801404
51.67529979256107,-1.555836780196346,122.6745720385384,96464.665242,96464.696,0.944924118898954
52.1005340465981,-1.6037101014754191,123.02377255278927,96464.678576,96464.713187,0.8773614358692944
52.2487921696456,-1.635688298316481,122.71134405059934,96464.691909,96464.72323,0.9431138977017332
52.48849567028702,-1.6684592543362249,122.69117744040916,96464.705242,96464.731328,0.9671107751995434
52.73755289543898,-1.6938642119475573,122.70296295284318,96464.718575,96464.744186,0.8360596075065483
53.00723799703294,-1.7273627020709084,122.81737426511286,96464.731909,96464.756749,0.9618399063879545
53.18803553947201,-1.745984218427818,122.73807658136927,96464.745242,96464.775928,0.8929334311281899
53.30602972058635,-1.7591985927866658,122.52661295479005,96464.758576,96464.784918,0.9532029308956684
53.49346989658642,-1.7727752691470546,122.47003827987939,96464.771909,96464.797132,0.8122232271324987
53.99360722412876,-1.786856827701353,123.2687853330323,96464.785242,96464.813039,0.8645777131798299
54.166232378523354,-1.7980957786410836,123.29997554752288,96464.798575,96464.824265,0.8274695783585898
54.172885211595755,-1.797893096503061,122.89942817762072,96464.811909,96464.836266,0.9376190629629926
54.3459837186276,-1.7933696190987367,122.96806849191215,96464.825242,96464.85574,0.9815540581349153
54.478910024469755,-1.7788059344610723,122.94596127024563,96464.838575,96464.862966,0.8240804741935925
54.505372578338005,-1.7610889564472452,122.7653988535864,96464.851908,96464.887054,0.786113636310633
54.46082274455599,-1.739654253181874,122.38101756758749,96464.865242,96464.893008,0.864405417263063
54.85756927076107,-1.7165581668915066,123.06189324503202,96464.878575,96464.903762,0.9153283893423326
55.01029684399624,-1.697179059207961,123.21836997208179,96464.891909,96464.916964,0.9813619011842705
55.012998683244135,-1.643836233220375,122.99440559653908,96464.905242,96464.936073,0.8313783807367469
55.128785028556635,-1.614246539972915,123.06382088732313,96464.918575,96464.947507,0.8410054787613535
55.15224729181795,-1.5858380583048772,122.97868336023718,96464.931908,96464.956101,0.8614172227968155
55.445707272148546,-1.5695389601987964,123.49273879848914,96464.945242,96464.969749,0.8456938743591309
55.32750183069446,-1.5283735811691714,123.08415130710199,96464.958575,96464.983944,0.837518974043953
55.403205288458636,-1.4778351029753716,123.14197484604665,96464.971908,96464.99981,0.9942797174453755
55.47745793882631,-1.4568986837803521,123.20376787074053,96464.985242,96465.01286,0.8639187505587338
55.52848829082517,-1.4286289199377047,123.23348070285294,96464.998575,96465.028742,0.898092199641692
55.56365652461506,-1.395143027129047,123.22696435759477,96465.011908,96465.036549,0.8933978575872531
55.650482173541626,-1.3399811977849476,123.38397255980783,96465.025242,96465.049607,0.9831424871978435
55.55955268049823,-1.3005993239171363,123.12516294931336,96465.038575,96465.063678,0.8759201820292782
55.70440887512816,-1.276751343967509,123.46413351128626,96465.051908,96465.079711,0.8246211051940918
55.76083016958905,-1.2380839480539148,123.62264781322621,96465.065241,96465.089632,0.9990399705243793
55.73103709969779,-1.1794604683818184,123.56045205377676,96465.078575,96465.102767,0.9831424871978435
55.580805427589844,-1.1542931076192753,123.26770742912191,96465.091908,96465.115845,0.8128765823407215
55.57958477333385,-1.119053357834064,123.34251859980351,96465.105242,96465.130273,0.9337257941521198
55.702438726912554,-1.0856655818604883,123.69696975244318,96465.118575,96465.144491,0.8460390272108727
55.65146512812527,-1.053143757115881,123.70190700589568,96465.131908,96465.163645,0.9793323432387835
55.40987895144901,-1.0200808548005975,123.27097194071497,96465.145241,96465.176348,0.9553123996686428
55.64869916770426,-1.0066074733979364,123.98508526160762,96465.158575,96465.189671,0.953439846660806
55.4230436125144,-0.9822328802435306,123.5969496142505,96465.171908,96465.202462,0.7540470194837717
55.30931601157018,-0.9713459964389355,123.46441848809506,96465.185241,96465.212418,0.8651417665596514
55.4173143808642,-0.9380130038107719,123.91319326595367,96465.198575,96465.232691,0.9705403355716897
55.22282718260923,-0.9179196339137623,123.63083847257755,96465.211908,96465.244964,0.8372151243781868
55.32215133448238,-0.8840934455373134,124.03035611739713,96465.225242,96465.257913,0.9236612164382634
55.16198667297741,-0.8706007702070808,123.87043922776883,96465.238575,96465.266443,0.8274695783585898
54.94703252188467,-0.8437666697040375,123.57353316533982,96465.251908,96465.278634,0.8053932267371677
54.8836326372702,-0.8387355608034182,123.5980657574108,96465.265241,96465.290635,0.9621939540572075
54.821670536257955,-0.8038016102679493,123.73191383933474,96465.278575,96465.303082,0.9074071466999181
54.89266804294056,-0.7718429416920124,124.10237953072011,96465.291908,96465.31575,0.979831203818639
54.65042287393315,-0.756992153412715,123.75017885929638,96465.305241,96465.337911,0.8796342562058633
54.70250808439024,-0.7341049362010703,124.12165228600603,96465.318574,96465.342854,0.8289174083048393
54.688245204559905,-0.7331238562357861,124.29589970077384,96465.331908,96465.362152,0.9044024340498681
54.291258377200975,-0.7235523068975619,123.54229040808876,96465.345241,96465.369432,0.799110621862523
54.452533618066454,-0.7261663858866878,124.08687113941758,96465.358575,96465.383247,0.9087363595060737
54.171623864224095,-0.7184341726380078,123.61139128542906,96465.371908,96465.397499,0.9842892294062054
54.24796382078167,-0.7142825746838464,123.94020109460205,96465.385241,96465.409333,0.8972611141524982
54.20494817240942,-0.7254293263732484,123.98134465047801,96465.398574,96465.423158,0.8989827969129182
54.002796303304656,-0.7450178642848767,123.65599763410798,96465.411908,96465.435475,0.9464990936604097
54.13169398670614,-0.7703424495095975,124.09006251088003,96465.425241,96465.449162,0.7742556943359876
53.96804563799285,-0.8010063701337117,123.83441226914557,96465.438574,96465.462632,0.9671205320798889
53.9439355014484,-0.8279898825466269,123.9118625358726,96465.451908,96465.477402,0.8460390272108727
53.86075299084314,-0.8612152412981972,123.86016713980648,96465.465241,96465.489098,0.7901462544758446
53.84081510134616,-0.889391046149813,123.95203874092245,96465.478574,96465.504002,0.8239299729551853
53.84440038520943,-0.9315828301351925,124.1168280693006,96465.491908,96465.517076,0.8335886094254251
53.72366019534134,-0.9552290665553012,123.98117032181908,96465.505241,96465.532015,0.9453669588744255
53.469430589219705,-0.9966228602913122,123.45595459999097,96465.518574,96465.544119,0.9514544764561688
53.589334764920096,-1.0124584501771403,123.8731306368168,96465.531907,96465.556711,0.8467130661010742
53.62678837636903,-1.0344224240321196,124.04673907244283,96465.545241,96465.570006,0.784873016727558
53.4868185967895,-1.0674250902585567,123.79368811008558,96465.558574,96465.582581,0.975683495529092
53.70930663546383,-1.1058002912772988,124.34354879622035,96465.571907,96465.59562,0.944343437730879
53.610785975574395,-1.1615657908041597,124.09785902305966,96465.585241,96465.609408,0.99301217953608
53.62756025150541,-1.201035001305147,124.07973171933565,96465.598574,96465.623201,0.9703404382777718
53.8386500180562,-1.2623368661470837,124.5316014118386,96465.611907,96465.636126,0.8111324986143459
53.72157918801409,-1.3389405354968833,124.10147293159251,96465.625241,96465.64986,0.896060773352415
53.77573833533055,-1.4224075324003895,124.04030911606331,96465.638574,96465.669737,0.9364531823276273
53.85293009189993,-1.5227687349054562,124.05746558256435,96465.651907,96465.683552,0.8358982156725102
53.78536311575625,-1.6175241888998004,123.70625104145057,96465.665241,96465.689356,0.823964652947357
54.169524772507884,-1.7278491563683822,124.47795001664058,96465.678574,96465.703895,0.8209043660093649
54.22215095460018,-1.8189234018414373,124.39111815357157,96465.691907,96465.715518,0.8375836328031503
54.25359737791955,-1.9186611057856766,124.31334029360842,96465.70524,96465.731143,0.8467130661010742
54.33489184295014,-2.00017341737219,124.34839912642163,96465.718574,96465.744291,0.9949189009338568
54.391572622083444,-2.1014168279927388,124.33505900053225,96465.731907,96465.756005,0.8411606848903005
54.55693532930821,-2.171984669901593,124.5819188513562,96465.745241,96465.768849,0.9965368489095048
54.57709335447349,-2.2628517656766243,124.41402947444956,96465.758574,96465.782932,0.7833812307267288
54.71983229535744,-2.346484847461342,124.61344020905615,96465.771907,96465.795731,0.9780513093899454
54.90469564217412,-2.403391666899917,124.85089368692913,96465.78524,96465.809596,0.8924406758739675
55.053100250802245,-2.464211235183141,125.00219104516493,96465.798574,96465.823575,0.9780513093899454
55.16077238015384,-2.520467528078138,125.0584653215018,96465.811907,96465.835873,0.9030455919310407
55.23373104722112,-2.5600265569531646,125.00310202053889,96465.825241,96465.848837,0.8416557535118879
55.41150536496942,-2.5777952142097735,125.18446040252469,96465.838574,96465.864387,0.854795709826317
55.65278013994999,-2.607011735069974,125.51264653346578,96465.851907,96465.876215,0.8527304269572582
55.90936100636866,-2.62662924893998,125.85442148193685,96465.86524,96465.889699,0.9875538453979003
56.09479942421439,-2.6300152352784605,126.0701522748743,96465.878574,96465.902297,0.9960910046480808
56.15056797556617,-2.6237831572105876,125.94289720110125,96465.891907,96465.915863,0.8147542491970021
56.56569415580981,-2.617256211530559,126.68372610537911,96465.90524,96465.928912,0.8500656978974412
56.42129113371799,-2.5861002626447758,126.11532777170058,96465.918574,96465.942661,0.8101457295205339
56.8074967429972,-2.5821882407799848,126.78239816342813,96465.931907,96465.956723,0.8501825486602517
56.77528276391728,-2.557642024913574,126.44843268450767,96465.94524,96465.969515,0.8467130661010742
57.05203777970066,-2.5184630006475084,126.88018157073886,96465.958574,96465.982735,0.9034359901479455
57.49483457591715,-2.5062595061687136,127.69563608192074,96465.971907,96465.995531,0.923072169877484
57.61634811106368,-2.4618267585081672,127.71129122012678,96465.98524,96466.010013,0.8602822629406173
57.84667418339224,-2.4376933044835107,128.02623819853542,96465.998573,96466.023279,0.8087872647915778
57.98073859428374,-2.409197162253886,128.09032376720697,96466.011907,96466.037464,0.9727423667907715
58.385261488620436,-2.3647799005422003,128.71427969603099,96466.02524,96466.051296,0.9443399287579805
58.580001742418204,-2.3099216107616294,128.85805741352004,96466.038573,96466.069817,0.9702913690821463
58.77054017220876,-2.2407752105913317,128.93243245466513,96466.051907,96466.083689,0.8988336226785517
58.97445358950353,-2.160244124175896,129.0364557249452,96466.06524,96466.09053,0.909433273108494
59.668650606440856,-2.1030366699500425,130.1740691298769,96466.078574,96466.102415,0.9298602900937392
59.93818030176374,-1.989260496791274,130.32154349784784,96466.091907,96466.117314,0.9082423761315352
60.43730374828058,-1.8919643790121325,130.97258830973806,96466.10524,96466.129519,0.9821838111836103
60.654680089771006,-1.804206762352602,130.9141211470017,96466.118573,96466.143784,0.9860214041137751
61.07456656147049,-1.7206080136605075,131.41196205281446,96466.131906,96466.156658,0.9671644610724301
61.657657632956834,-1.6610770088964864,132.16353536186196,96466.14524,96466.168861,0.9087363595060737
62.02465465939153,-1.5891475896703802,132.4729983042727,96466.158573,96466.182415,0.8802518633189254
62.467342265193786,-1.5294478769516935,132.9221511065505,96466.171906,96466.195442,0.8801277215463207
62.73520389401658,-1.4827291833937273,133.03810294069507,96466.18524,96466.211161,0.8228804226471631
63.395724450675495,-1.4414643757092231,133.9397092919209,96466.198573,96466.229544,0.9092765062069701
63.55386757152969,-1.4104609373196557,133.81555988987301,96466.211906,96466.242324,0.9736067671191212
64.1414147049281,-1.3873617573009975,134.55334489469783,96466.22524,96466.250217,1.0
64.37784029766456,-1.3868040139576587,134.60109630976692,96466.238573,96466.263078,0.9460651921423507
64.8123222117741,-1.4105931666227993,135.05626009947807,96466.251906,96466.276857,0.9202031642078179
65.3700584649938,-1.4468506662099496,135.7406570510385,96466.26524,96466.29046,0.8074427604675293
65.69648937838227,-1.475744934734985,135.9571208698148,96466.278573,96466.302883,0.8176014336970271
66.40519223068107,-1.51604547326173,137.004030040518,96466.291907,96466.315974,0.9498902104412512
66.50990142947688,-1.5512183643675612,136.74687769779374,96466.30524,96466.328975,0.9857361048045422
66.91863785283952,-1.582846176765578,137.09967823536422,96466.318573,96466.342928,0.9705403355716897
67.54287989251043,-1.6906947981297062,137.90523810915082,96466.331906,96466.356389,0.8435038515430543
68.13871876426077,-1.783145161190651,138.59118507686856,96466.345239,96466.369275,0.8962610244750977
68.37128180061595,-1.8994159246525133,138.53229862248742,96466.358573,96466.383885,0.9646758375128917
68.94868997146604,-2.053842477897814,139.16895618040306,96466.371906,96466.396562,0.9035802641938417
69.57684856303734,-2.1980089467124153,139.89717827330355,96466.385239,96466.413821,0.932390541182041
70.01918346942631,-2.352821308167513,140.24022548310387,96466.398573,96466.422741,0.7684246266152499
70.40680881960519,-2.4876865242005164,140.41981224611968,96466.411906,96466.435883,0.9914263804716332
70.93622446273902,-2.6359024594919434,140.89280182224934,96466.42524,96466.449127,0.9300289924695013
71.29972576350757,-2.8248880390712015,141.04983999088603,96466.438573,96466.462094,0.9692811060994201
72.04823562300982,-3.0219790991570785,141.95692975703267,96466.451906,96466.477788,0.9640458859697293
72.32664316717286,-3.1565711262161606,141.9128542131833,96466.465239,96466.490894,0.9438500414351673
73.30737768338221,-3.3493340936191793,143.26962487064117,96466.478573,96466.505491,0.8699415063130318
73.15279867056182,-3.4711508290982582,142.41705399272342,96466.491906,96466.517206,0.965076261206006
74.16984191780023,-3.6690216289193,143.94495089833262,96466.505239,96466.529518,0.9899567366292935
74.19857271092927,-3.8110046160834847,143.47704354887304,96466.518573,96466.542936,0.9287492223772179
74.88628478807672,-3.99108138963141,144.32507764418193,96466.531906,96466.556619,0.983905098427302
75.22376590572638,-4.172860768367423,144.50972195487086,96466.545239,96466.569487,0.8470280229817968
75.56157786051435,-4.3634622835670385,144.7387320595364,96466.558573,96466.58335,0.9292781859636322
76.28216190355211,-4.549830362919645,145.64733444151122,96466.571906,96466.595725,0.9785271525319192
76.44167592237416,-4.709916079320916,145.51329580992723,96466.585239,96466.610584,0.9891069693836566
76.8929610440464,-4.823360671017414,145.8947262751503,96466.598572,96466.623867,0.9660269332704163
77.55213559747884,-4.986098000973238,146.70292328603423,96466.611906,96466.638455,0.9758391581680566
77.85445334701646,-5.103270878096599,146.83386953541498,96466.62524,96466.649584,0.9621395134894857
78.92259488761773,-5.237676234719676,148.4336192043018,96466.638572,96466.66265,0.9957644816860935
79.09365434544155,-5.352978075126175,148.3226784301677,96466.651906,96466.67629,0.940076826867555
79.55608002144706,-5.431767970199967,148.77264682628635,96466.665239,96466.689947,0.980026532672516
79.96469139515456,-5.55979865798918,149.0846104271907,96466.678572,96466.703189,0.9314758547161375
80.25588831788808,-5.604144670442006,149.2107677122599,96466.691906,96466.716147,0.8637310594905587
80.87329473584954,-5.644962343179869,150.00934744764322,96466.705239,96466.729801,0.9908996798856966
81.08361477943882,-5.680829689367496,149.97655747576485,96466.718572,96466.743648,0.9518730709385497
81.78138213840022,-5.733783081647279,150.85876129799175,96466.731906,96466.757042,0.965125306124978
82.33776428187156,-5.775525101387057,151.54647692845793,96466.745239,96466.771045,0.9386938363860621
82.2900245065201,-5.798576423469476,151.10961443298783,96466.758573,96466.782375,0.9023797186910463
82.87919255164898,-5.8492575605768655,151.90786379594343,96466.771905,96466.795486,0.8810857269310147
83.16199833438556,-5.877571486006506,152.0964396235592,96466.785239,96466.810942,0.8080159644490789
83.37108008981342,-5.962010515107817,152.2444754914876,96466.798572,96466.823194,0.9375394862869756
83.46596505323609,-5.989752046273379,152.16383834587702,96466.811906,96466.835548,0.9475834058018163
84.30967382028633,-6.089787854639396,153.5228961968257,96466.825239,96466.850263,0.8886137411724347
84.16894852523576,-6.103034004219976,153.11993241199568,96466.838572,96466.862459,0.9507657814958235
84.79113898327255,-6.1343039360798475,154.098714721284,96466.851905,96466.876503,0.8572817986699138
84.82249983703791,-6.180819269695984,154.05168614334977,96466.865239,96466.889342,0.927236508446553
85.0102568887441,-6.1971532444046735,154.337434427649,96466.878572,96466.90373,0.9154683074423542
85.74842717645878,-6.297539184721861,155.56774778162463,96466.905239,96466.931031,0.8427305877341368
85.86117025236801,-6.344012406423073,155.6923692972108,96466.918572,96466.943379,0.9348962222057963
86.28815647604176,-6.407192374156316,156.43558684409481,96466.931905,96466.957338,0.9560338687408979
86.6392586376467,-6.450690611695243,157.03368735146256,96466.945239,96466.969975,0.9366632388360752
86.60223686716255,-6.554696112971078,156.88279933632725,96466.958572,96466.983677,0.899491734662206
87.21945564521118,-6.676047480816955,158.0255378867433,96466.971905,96466.996065,0.9332692928829585
87.39187543496772,-6.76891754319163,158.24819753686748,96466.985238,96467.011477,0.8690860854710262
87.65054981056157,-6.900302592674005,158.7001743134438,96466.998572,96467.024504,0.8847253731017312
88.34843275528843,-7.137303957716444,159.97476260864008,96467.025239,96467.048916,0.8086706074998424
88.07032331327001,-7.165675180289096,159.5195998784775,96467.038572,96467.064265,0.7840232721418179
88.1915474672833,-7.287141959801221,159.83890572395623,96467.051905,96467.083237,0.732751398708397
88.86475072128597,-7.398461492776057,161.09206667224632,96467.065238,96467.090745,0.9127511544639653
88.52831553564675,-7.415448057630444,160.56780203508836,96467.078572,96467.103371,0.8700028556486888
88.89950733993177,-7.526106975050906,161.34651331087844,96467.091905,96467.117653,0.8590257485943187
89.31863596625455,-7.63091302001414,162.23803749259994,96467.105239,96467.129561,0.8589202759032575
88.54678163072431,-7.602953639083479,160.93357335632803,96467.118572,96467.144637,0.9140319411806964
89.23619867304217,-7.698027544871159,162.33075166374505,96467.131905,96467.158728,0.8155882398131992
89.66323728298383,-7.778265685732446,163.24571858727103,96467.145238,96467.170069,0.9045664836138895
90.23151397543334,-7.880382585206688,164.39309536236973,96467.158572,96467.182271,0.8019965094509739
89.80211518092688,-7.918302900598229,163.68682438539497,96467.171905,96467.195716,0.871660553777552
89.48778583153789,-7.91058039655309,163.23621528086295,96467.185238,96467.210447,0.9117534301107231
90.11094020928942,-8.031776181561675,164.4882876696317,96467.198572,96467.223204,0.8010873913384307
89.71664779551952,-8.034032934309456,163.87684325874932,96467.211905,96467.236532,0.8621463385279942
90.93417353392631,-8.213568500310268,166.228566219682,96467.225238,96467.250914,0.7633012818594398
89.91077637563015,-8.141462879892126,164.48972338069868,96467.238572,96467.264653,0.886919069434438
90.13148736066125,-8.181050082738148,165.02259813031839,96467.251905,96467.277834,0.8191890629797611
90.68344195892738,-8.258853093913054,166.22255112635952,96467.265238,96467.29077,0.8332174951670664
90.37376310433913,-8.269948870898649,165.83462738822075,96467.278571,96467.303321,0.8925225861469254
91.07806553378641,-8.36642700706212,167.272784400193,96467.291905,96467.316715,0.8056794511597598
90.25673558462965,-8.344247294096833,165.91883240117346,96467.305238,96467.329071,0.613926370215988
90.62097890364781,-8.409933283078962,166.7420727218923,96467.318571,96467.344567,0.7694980911704743
91.2316600110578,-8.524140515720037,168.0431170278421,96467.331905,96467.357694,0.8183463481565729
91.24608547992176,-8.583584056308043,168.24987261175326,96467.345238,96467.371583,0.800013981039426
91.25731353285153,-8.608287694879063,168.42397934680577,96467.358572,96467.384798,0.7843627561750462
91.87365058813336,-8.710221071409746,169.79580912737075,96467.371905,96467.395948,0.8210399073714615
91.3081880170301,-8.741665560321925,168.92220194573608,96467.385238,96467.410831,0.7361673870250912
91.8474277698876,-8.86171855752398,170.10151357975215,96467.398571,96467.423729,0.7883647032695923
91.87574447086125,-8.886918251881683,170.28789718724033,96467.411904,96467.436342,0.7163366948483307
91.13506854287226,-8.852831220533535,169.1020099816285,96467.425238,96467.450921,0.8278715296072285
92.395353383148,-8.993582164159202,171.67487975000628,96467.438571,96467.463326,0.7626297258674931
91.06555796099494,-8.909562669776943,169.3642592917652,96467.451904,96467.477712,0.8287361232548616
91.22551559063808,-8.93838461720137,169.78653298150186,96467.465238,96467.491528,0.8151302679704703
92.18228327857803,-9.088538184645785,171.79775910770073,96467.478571,96467.505402,0.6162767026441127
91.93065695727262,-9.118722041396778,171.4613269215405,96467.491905,96467.51838,0.6627951421019459
91.42066773508995,-9.098332168523223,170.58536485705568,96467.505238,96467.53089,0.7809208657806102
92.86073957645006,-9.302735541789943,173.47349050330558,96467.518571,96467.542947,0.7845301996137137
92.55101112464338,-9.311565668604562,172.86918725373167,96467.531904,96467.561785,0.7670778629137637
92.92702940969322,-9.475750270075094,173.67550583797222,96467.545238,96467.570038,0.7330162089105778
92.91884092344425,-9.546187957784808,173.66081125281985,96467.558571,96467.582708,0.8304815770449981
93.07792462121078,-9.72524257647587,174.02888488878344,96467.571904,96467.59617,0.7896759457750253
93.37704726272848,-9.956085181133695,174.56261345009497,96467.585238,96467.610807,0.7343562458453387
92.91933491612744,-10.17308701638818,173.77976200646793,96467.598571,96467.624342,0.7971631385103068
92.96439813672225,-10.478141591883583,173.8351650379683,96467.611904,96467.636629,0.659486919418675
93.02758001663503,-10.85044039138186,174.0629096426086,96467.625238,96467.649707,0.8325585805422709
92.68802405259723,-11.077312744757311,173.51501983785346,96467.638571,96467.66359,0.8396093094459087
93.42212066623667,-11.381496928624868,175.02072819514987,96467.651904,96467.676502,0.7787446396129852
93.1022195811997,-11.492763573227338,174.54359399820473,96467.665237,96467.689974,0.6882435944981634
93.16250998126696,-11.570775499138847,174.82441052155772,96467.678571,96467.703402,0.8227326307346723
93.62593576512052,-11.667150087311068,175.84947299865382,96467.691904,96467.716647,0.7735807387195351
93.90175149938456,-11.750220165332038,176.4428731331973,96467.705237,96467.729337,0.7884462538976995
94.13693576980175,-11.83556732711873,177.08565904404446,96467.718571,96467.742796,0.642978586672113
94.13294122434868,-11.897428569321486,176.99766065989917,96467.731904,96467.762685,0.7049778947640579
94.64048273475866,-12.042998638630172,178.02971440505618,96467.745237,96467.775789,0.6155818615641471
94.3087455533068,-12.12236629241981,177.25967259261745,96467.758571,96467.784589,0.7486487215662344
94.25055591376308,-12.24175906006396,177.0728538497622,96467.771904,96467.796292,0.7322161156906396
95.04130289293681,-12.49667557435742,178.48815515933123,96467.785237,96467.810973,0.6501516038264095
95.10377965986707,-12.673251276508068,178.4828199464502,96467.798571,96467.823425,0.6797451645063752
95.31204409763019,-12.85240634466991,178.74135145853762,96467.811904,96467.836215,0.7184237344449195
94.72226359337465,-12.862441168175451,177.52333322622525,96467.825238,96467.849549,0.7575289329967473
95.13634797931552,-13.06742609671899,178.06419180096628,96467.83857,96467.864109,0.6583456343656848
95.59791218235344,-13.211172421864305,178.7895759847973,96467.851904,96467.87694,0.6899769209930372
96.42096068164165,-13.46960625854062,180.15578291968123,96467.865237,96467.889552,0.7868927296649734
95.00201159822635,-13.342730205209781,177.14543140521755,96467.878571,96467.908699,0.6614069635719876
96.2283554558062,-13.619239342798217,179.21138989689197,96467.891904,96467.916425,0.7639342009083299
96.85530043250986,-13.783625746058906,180.06155673883396,96467.905237,96467.929774,0.5956005423162251
97.57739607409658,-13.942912830228165,181.04424502639873,96467.91857,96467.942807,0.7002390139889125
97.11723581194917,-13.932024349044202,179.79270210887552,96467.931904,96467.957547,0.6295730182408761
97.15704173343198,-14.009172591485319,179.42961064750656,96467.945237,96467.970491,0.6540639784788047
98.25208846112888,-14.189152445416404,180.9508966246258,96467.95856,96467.98276,0.7294390386807307
98.10118211232836,-14.256783090784412,180.17557031210413,96467.971893,96467.997391,0.7070665705437562
98.39173431847777,-14.385726742484463,180.23690392358588,96467.985227,96468.010078,0.6871795670315853
98.71158024725094,-14.545058420446413,180.26128675341218,96467.99856,96468.024203,0.7890114711889377
98.62456609346822,-14.708074831719985,179.54998414678823,96468.011893,96468.037042,0.6474952209802506
99.4658189277614,-14.982971955850632,180.56916220619604,96468.025227,96468.051665,0.732818286357074
98.9788796198993,-15.044140033181307,179.15631772794845,96468.03856,96468.064765,0.6408130778207913
100.17354115999083,-15.424798074999025,180.86993253547126,96468.051893,96468.07714,0.7468339041748939
100.14367581449754,-15.637516222658165,180.33913660188944,96468.065226,96468.088957,0.7752822579745653
100.79776827407528,-15.960600157952873,181.0853833928754,96468.07856,96468.102861,0.6052707386668897
101.55612655416306,-16.311340220172127,182.09357612188995,96468.091893,96468.117578,0.630599110511372
100.6848218311922,-16.406957189335177,180.14596858930855,96468.105226,96468.128988,0.6587017161104599
101.75838736793578,-16.86359266512854,181.76122952676548,96468.11856,96468.150799,0.7471991295779492
101.71750370929628,-17.106439295840023,181.2809871824126,96468.131893,96468.163337,0.7284955353147067
102.44003268502114,-17.99842993275963,181.7125064386842,96468.171893,96468.197008,0.7643291897337441
102.43549363043769,-18.2490752129325,181.44628116172495,96468.185226,96468.211446,0.6677398621497502
102.8343876875704,-18.563222151763487,181.915327096255,96468.19856,96468.22246,0.6840036122322475
103.10191176908515,-18.904955687950647,182.1251374955061,96468.211893,96468.23606,0.7011866530419318
103.43292440056294,-19.232531880895426,182.58153369818535,96468.225227,96468.249473,0.7335342964981129
104.03321732116346,-19.96208760208119,183.33489701184885,96468.251893,96468.277102,0.7392135959285495
103.64168165180928,-20.190639226182856,182.46748999712543,96468.265226,96468.29156,0.7377202784329965
104.55864200275322,-20.743383576574686,184.0164008210596,96468.27856,96468.303188,0.600628830834976
104.19319949635097,-21.483268267278124,183.1806226640312,96468.305226,96468.330396,0.656717015820516
103.92824265423317,-21.83213675765263,182.59462542193234,96468.318559,96468.343543,0.7146563172626159
104.09920781075104,-22.309916454262424,182.80735926518318,96468.331893,96468.357022,0.6923154121734706
103.84310360649772,-22.723395165379507,182.3327706217282,96468.345226,96468.371447,0.6524323424608187
105.12022703256318,-23.45924254615692,184.59786378453808,96468.35856,96468.384399,0.7373505613141209
104.08899822153091,-23.654965218846236,182.6987178473983,96468.371893,96468.395592,0.7551905043159178
104.9127826697182,-24.320081796600416,184.15977190601248,96468.385226,96468.409302,0.7515398347300793
104.77558699282125,-24.764088294950906,183.93780056800531,96468.398559,96468.429534,0.7350237314284449
104.3116338685578,-25.574809153634686,183.07547825862702,96468.425226,96468.448844,0.7483490460525231
104.90978581964592,-26.17639366405937,184.14630798259063,96468.438559,96468.462895,0.7710616031740062
105.12844332423367,-26.667076721759962,184.60791529906584,96468.451892,96468.47677,0.7475670103789563
104.44930868823083,-26.94663313748835,183.4239078051403,96468.465226,96468.489072,0.6224193415688338
104.3073585190445,-27.367515060891137,183.253254113667,96468.478559,96468.502491,0.6610574777425201
104.73915324560157,-27.91114958111803,184.105096816787,96468.491893,96468.516562,0.6296327401242544
104.19808536787862,-28.167611253394558,183.21032589949067,96468.505226,96468.53002,0.7312591327763656
104.82295811145266,-28.695417368284563,184.40006584143407,96468.518559,96468.542607,0.6776566768229811
104.06802775465198,-29.32034890912978,183.38808489271594,96468.558559,96468.583802,0.6043612624167068
103.4265377200842,-29.62020570266006,182.4500201233647,96468.585226,96468.611069,0.5766202757562485
104.0163608896713,-29.983068043050178,183.66080000378653,96468.598559,96468.623406,0.745492783133632
103.77736097385669,-30.39488896857582,183.55616486960335,96468.625226,96468.650014,0.6473414071029444
104.2360097885752,-30.767644460964444,184.4980264378207,96468.638559,96468.662502,0.6727250946441325
103.80357407646552,-30.832459340783338,183.84082339277106,96468.651892,96468.677163,0.587944691453449
103.18362170919728,-30.866467498053268,182.8297435776811,96468.665225,96468.689961,0.6175071591199927
103.5458986959696,-31.2157541871333,183.6422868400707,96468.678559,96468.703455,0.6557326871552032
102.8896884874646,-31.46201165810187,182.67835760198676,96468.705226,96468.729906,0.7194970900912668
103.51510366213434,-31.862222729641367,183.89996892465916,96468.718559,96468.743302,0.7125137809568302
103.02909807956016,-31.955294639637646,183.04618214681895,96468.731892,96468.757578,0.7685662245575535
103.31068120489007,-32.25268402043612,183.67779811982788,96468.745225,96468.770298,0.6495592550125093
103.60178708831681,-32.57948496277367,184.3620044201168,96468.758559,96468.784822,0.6081774953741347
103.42919698712551,-32.71892894502167,184.14480404810325,96468.771892,96468.796263,0.5953370848410195
103.31357164081876,-32.860096510940096,183.98908920862576,96468.785225,96468.809314,0.6966591678252156
103.05579035050745,-32.97222108585887,183.6282938421095,96468.798559,96468.823841,0.7185466522103257
103.4584511165356,-33.26721949978272,184.36476814718583,96468.811892,96468.83612,0.6687993024595937
102.1324759248247,-33.177997031942795,182.06000452672978,96468.838559,96468.862591,0.6345281837063119
103.15264299759211,-33.70454267619869,183.93317348422408,96468.851892,96468.876022,0.7325320884475749
102.918636575719,-33.83698447155032,183.48178928468235,96468.865225,96468.889317,0.7293777817694657
103.967801312918,-34.43521180648165,185.2897699999618,96468.878559,96468.91041,0.7426129903681046
103.64021868614569,-34.57963367663484,184.5422256565623,96468.891892,96468.926782,0.6752714636555681
103.53393923843389,-34.75325457675346,184.29747857913745,96468.905225,96468.930885,0.7410899476966863
103.38552681086962,-34.91365587981483,183.9710305341317,96468.918558,96468.942913,0.63041444540117
103.63467619616448,-35.186517919908304,184.36088785362904,96468.931892,96468.956671,0.7462873511878823
102.95440658612111,-35.12606185869579,183.0931220433235,96468.945225,96468.968843,0.759087779330787
103.91561393148095,-35.67201665648474,184.55796185250702,96468.971892,96468.996631,0.710449292056896
104.030931054397,-35.76291389571428,184.76392080658874,96468.985225,96469.009912,0.6873312998471726
103.62833624649498,-35.772890367940626,183.95354320951114,96468.998558,96469.023918,0.762603468667538
104.09015299246815,-35.975584114678185,184.82354242850772,96469.011892,96469.036492,0.7284398338818712
103.8503266778348,-35.912678387280245,184.4428072491038,96469.025226,96469.05019,0.6685972777540425
104.84549857893892,-36.324677003428995,186.36760710595988,96469.038558,96469.063486,0.6151818395658726
103.52817621163888,-35.926240873872395,184.1670406258582,96469.065225,96469.089745,0.6280941618722999
103.1972051106379,-35.76455302087401,183.62618198207036,96469.078558,96469.102893,0.7665452942498359
104.10901209255566,-36.08787707024391,185.33101897520513,96469.091892,96469.116223,0.666704249520478
103.833815888495,-35.96618882880889,184.89259440475,96469.105225,96469.130074,0.6267533848501922
104.25228561654019,-36.13880279765262,185.58907127783627,96469.118558,96469.142906,0.7033282598020915
103.77763569897166,-36.100607838850514,184.6270447673807,96469.131891,96469.162708,0.6740576853072627
103.79520537050752,-36.2873501928816,184.29300785988485,96469.158559,96469.18341,0.7613521827566821
104.40549431777531,-36.578851702489445,185.30785668498413,96469.171891,96469.197592,0.5904030252437313
103.89762556963016,-36.52733887385501,184.30593570455684,96469.185225,96469.211412,0.5719435414602486
104.79227439980234,-36.91593871322386,185.92118768410407,96469.198558,96469.225543,0.5315123106267546
103.77855273501076,-36.56697690113103,184.1898123696616,96469.211892,96469.236482,0.6519053753739232
104.0141129731831,-36.71370821981424,184.6674109088046,96469.225225,96469.251717,0.6899257261349284
104.64730659998595,-36.99012812285812,185.81070250028324,96469.238558,96469.263698,0.6154486769969031
104.81450201301895,-37.04753737732369,186.14352197777225,96469.251891,96469.276536,0.6397821650142143
104.26527822493783,-36.838087624519915,185.18480406991293,96469.265225,96469.28958,0.5356616285380588
104.96851313691297,-37.08772085599112,186.6067921755686,96469.278558,96469.302722,0.5245640625898679
103.78585529602118,-36.62433865433257,184.60480219222632,96469.291891,96469.31693,0.6794764760026368
104.12163169247712,-36.764344422820876,185.3071869228583,96469.305224,96469.329082,0.718796147053717
104.73908941545761,-37.00174689162693,186.58375518125735,96469.318558,96469.343682,0.6808991654727555
104.55232038119429,-36.93715299703648,186.249733399294,96469.331891,96469.357468,0.7270752210229836
103.96116999965878,-36.70658414257077,185.2935488432137,96469.345225,96469.369173,0.7194405171748861
103.71493250523483,-36.629442582302936,184.92537227433783,96469.358558,96469.382879,0.6416561004065645
104.3406224612797,-36.83172943945063,186.13702867856782,96469.371891,96469.395808,0.6636412503727028
104.59409901514383,-36.88480862941761,186.652644969344,96469.385224,96469.409159,0.6344626909018202
104.50366155446915,-36.849180839556915,186.60377645408843,96469.398558,96469.424305,0.6139032684618894
104.91803009999153,-37.02469724061713,187.36623089510817,96469.411891,96469.435772,0.5620155244831629
105.2420143579974,-37.13945309175129,187.98931562097295,96469.425225,96469.448931,0.5526646603002098
104.24191884470594,-36.7524716008777,186.17182926896146,96469.438558,96469.462859,0.5684434270660395
104.55230422802973,-36.818493564685994,186.75759883505447,96469.451891,96469.476957,0.7081152573310241
103.29130636689659,-36.374513388437904,184.57669108018283,96469.478558,96469.502479,0.7578528594039466
103.6347783320489,-36.472553163661146,185.177898141664,96469.491891,96469.516106,0.7495381133519557
103.49446909668423,-36.418384425798294,184.9271829595245,96469.505224,96469.530364,0.7656884401346731
105.20110679388796,-37.06015765442293,187.93924646650981,96469.518557,96469.55038,0.7330420418557302
105.28489977245131,-37.089824673233295,188.07410786752098,96469.531891,96469.556496,0.7356472940543931
105.1568168969193,-37.054530401935416,187.85405543435024,96469.545224,96469.568702,0.7118522809107618
104.78400460840506,-36.955716213012444,187.13004389195723,96469.558558,96469.582416,0.6398233699085315
105.5273652508269,-37.2422451127119,188.48668510637702,96469.571891,96469.595775,0.5929951682605853
105.17691945403021,-37.15302029304592,187.82198190889602,96469.585224,96469.609957,0.6191534676297451
105.3135748604936,-37.232712254504214,188.09041995343725,96469.598557,96469.6239,0.6341212901275883
105.86142562031888,-37.46330253269976,189.07883763784085,96469.611891,96469.637535,0.6026030477038261
105.14797900248442,-37.244787194820844,187.73503902740288,96469.625224,96469.648983,0.6665302865798771
105.12072773009425,-37.27932401399015,187.69477573990383,96469.638557,96469.662365,0.718320531231308
105.68026033365291,-37.551286939793506,188.78334487407,96469.651891,96469.682203,0.5312176620519335
104.3983406920222,-37.13199111667228,186.51303313220043,96469.665224,96469.68961,0.558451513671949
104.21668657921597,-37.06227507436079,186.2850898869348,96469.678557,96469.702863,0.5508088602203953
103.94243839290843,-36.94976361996467,185.89695335500397,96469.691891,96469.717878,0.624303141605821
104.13882039130407,-36.999258355324706,186.276611930731,96469.705224,96469.729285,0.7273913130002734
105.03375511921045,-37.334342858259795,188.01597700168003,96469.718557,96469.745353,0.745822335213047
105.38093972649973,-37.456219648431045,188.6290803890719,96469.73189,96469.757192,0.713590621226373
105.43220706743874,-37.45868203795335,188.69539383409264,96469.745224,96469.769708,0.711704718227249
105.41221966050912,-37.45686357657552,188.56708925017764,96469.758557,96469.783847,0.5471545238711258
105.41068939137334,-37.42851024919231,188.40906730986933,96469.785224,96469.81011,0.5343347214291703
106.11906291065507,-37.75485668522413,189.6550914835592,96469.798557,96469.8257,0.5510353768306709
105.68477452906878,-37.64559870458203,188.84109371367282,96469.81189,96469.837777,0.6998171346350485
106.02330546582002,-37.79921264154259,189.45346205764156,96469.825224,96469.848783,0.7237259800266999
106.22792138048118,-37.94973514153466,189.8087244237512,96469.838557,96469.862899,0.5921271759143584
105.61631837269525,-37.836951222280646,188.64299163669506,96469.85189,96469.876173,0.7035277382696933
105.9319806296075,-38.05299763485544,189.22837189021493,96469.865224,96469.889676,0.6471747827803606
105.63419662375074,-38.12234770857788,188.6275622004613,96469.878557,96469.903198,0.7043811018354788
105.2744669484856,-38.17268488869903,187.80750325336632,96469.89189,96469.916902,0.7196992374656201
106.54895170857327,-38.85852062159181,189.92023596817432,96469.905224,96469.929523,0.703872823789654
106.24060083715813,-38.922922976048476,189.17105611613025,96469.918557,96469.942893,0.5953713597193769
106.19364468168366,-39.045458657482605,188.817942395656,96469.93189,96469.955696,0.7057339577328428
106.81117793298993,-39.49470179066203,189.82835707646527,96469.945223,96469.969311,0.6830896399496522
107.09884344012238,-39.80053023651734,190.3239899309795,96469.958558,96469.985531,0.5362871778402771
106.58226845691753,-39.803612974514074,189.07729163992101,96469.97189,96469.99744,0.6780669004504266
106.90012684376775,-40.20402222048905,189.55700489162948,96469.985223,96470.010575,0.7163374662222775
107.67502401547836,-40.83293799364055,190.75234145483807,96469.998557,96470.022322,0.49877056913221285
107.02971327517027,-40.86979348440714,189.39242208788656,96470.01189,96470.035974,0.678845140206803
107.53875017126121,-41.44959391301249,190.19215747979894,96470.025224,96470.050968,0.722550868454393
106.55265542364758,-41.383387651685354,188.27040900493526,96470.038557,96470.062988,0.6316588311434168
107.68837106062267,-42.20386474504874,190.12955749099703,96470.05189,96470.07842,0.7222254572815211
107.61494763268212,-42.55248202733042,189.8598298553542,96470.065225,96470.09108,0.7274849490844172
107.05131833061746,-42.65173947295845,188.70382717365374,96470.078557,96470.103536,0.6304617075960939
107.02956752804498,-42.9969553376456,188.45708102616825,96470.09189,96470.115887,0.7402557531415941
108.25918474952081,-43.831737952794704,190.55655446870188,96470.105223,96470.129419,0.6011708626847166
108.13841874593903,-44.11992300606189,190.15789499790614,96470.118557,96470.143603,0.5777476062546351
107.37261853507336,-44.0822065814575,188.68107244383967,96470.13189,96470.156243,0.520719907777485
108.02491985381248,-44.65013201613688,189.65783469106563,96470.145223,96470.168993,0.6899798130241813
108.38173725781587,-45.06264934206862,190.1795749550215,96470.158557,96470.183498,0.6870920707060586
109.68179192778561,-45.894980981234546,192.31050302331042,96470.17189,96470.195575,0.5387923440743491
108.53792300518008,-45.65897659376721,190.070408206068,96470.185223,96470.210569,0.6560585532580497
107.85634974230214,-45.62517733903867,188.6275924511355,96470.198556,96470.223326,0.6923540773326595
109.45806557067885,-46.62525874562476,191.4680207653953,96470.21189,96470.236711,0.5241222359703261
108.17074266444409,-46.32077225091111,189.01223157271818,96470.225224,96470.250435,0.7152189930772677
108.98427176210372,-47.041782232022584,190.45056019566803,96470.238556,96470.263298,0.6889841769412005
108.26948993691109,-47.033881425908206,189.07255159008042,96470.25189,96470.277002,0.6910105026622522
109.37159260407273,-47.8208261633146,190.98155831939894,96470.265223,96470.289547,0.69332567027312
109.71508957756305,-48.24776286011974,191.51428848849116,96470.278556,96470.303015,0.6528732935519739
110.1118826499655,-48.66135382434241,192.05453989326352,96470.29189,96470.316693,0.5482509991666453
109.07576795363975,-48.48439807060815,190.11763338160213,96470.305223,96470.329449,0.720355122785723
109.1960832514326,-48.791462689943216,190.24558760488011,96470.318556,96470.343135,0.6620045536724902
109.00859473437778,-48.99505624073174,189.77892958910041,96470.33189,96470.357251,0.6936663249706386
110.05580521147657,-49.755062728654806,191.65997969540467,96470.345223,96470.369796,0.5970264329262152
110.38565781339297,-50.56873981896605,191.90269449765773,96470.385223,96470.409087,0.6613893458520342
110.24761241416006,-50.712474311174915,191.63326915731108,96470.398556,96470.431423,0.6165977644438891
109.07576577639581,-50.53990659996182,189.3766500554907,96470.425223,96470.451357,0.6956263117976046
110.08374720452018,-51.26475046270632,191.1048747530313,96470.438556,96470.462553,0.5285253575821202
110.37443504352727,-51.831526722342204,191.52813427571897,96470.465223,96470.489938,0.5680849165304535
109.31307138313876,-51.537213769059825,189.53854188489424,96470.478556,96470.503003,0.49275408376802143
110.63043296874145,-52.578532101429865,191.8179049891859,96470.505223,96470.529035,0.7062729746541904
110.22158173374554,-52.58329147676434,191.08284063608664,96470.518556,96470.54486,0.5310500123146574
110.83857430747626,-53.12983453631557,192.14164354046926,96470.531889,96470.557006,0.5294206921532254
111.00516129694863,-53.43192776191105,192.40031637890996,96470.545223,96470.570113,0.7149024356657839
110.43591861852991,-53.361520261871334,191.33655586963965,96470.558556,96470.582372,0.6704748205830736
110.78627590635875,-53.77327378913402,191.93269415985773,96470.571889,96470.597965,0.6850123811859514
110.39057161296651,-53.98454139538936,190.9375477987913,96470.611889,96470.636258,0.5691022128123066
110.80906346803624,-54.3497785503088,191.55613546187087,96470.625223,96470.649084,0.6646889528958678
111.66025586504135,-54.88410057997856,193.06100277080475,96470.638556,96470.665058,0.6130075646604243
111.71064975849191,-55.36267889591486,193.06055018901105,96470.678556,96470.703237,0.6696415867813776
111.11366478072746,-55.24389438243111,191.99489918522588,96470.691889,96470.71694,0.6351062280336514
112.1917415658514,-56.387987517214405,193.98124891024597,96470.731889,96470.762474,0.7024930477130655
111.49355570825483,-56.162957448378215,192.6807148907817,96470.745222,96470.775185,0.7092689495451366
111.20357033264818,-56.20870957123933,192.1616381387073,96470.758556,96470.782813,0.651781126791628
110.68428151776304,-56.192781886606866,191.21878961523913,96470.785222,96470.809315,0.7013017032559451
110.80723621341855,-56.3591553509575,191.33047925842902,96470.798555,96470.823814,0.4893972414443743
111.59998146600542,-56.824014648454124,192.50023431594056,96470.838556,96470.862936,0.5530672026726217
111.29324681607397,-56.859038583843066,191.83140532405264,96470.905222,96470.931243,0.6856544264933918
113.47475263498121,-58.053207247739195,195.59421091097533,96470.998555,96471.022477,0.6592100826506362
112.01817141714848,-57.28300960856847,193.16666649177165,96471.038555,96471.063112,0.523073056261474
111.56953822946225,-56.95965167384839,192.67509706130895,96471.078555,96471.102861,0.46748653851140315
111.6105448386293,-56.95775268739593,192.90609123156293,96471.091889,96471.1155,0.7056905534499702
112.16950770512848,-57.13803589399608,194.4661928703445,96471.131888,96471.155543,0.6309606182818281
110.82702902133867,-56.39123201265313,192.29706651515494,96471.145222,96471.175467,0.5894659155348855
110.2400487625165,-55.76624694641808,193.05434123376403,96471.225222,96471.251126,0.711972156206313
109.46678293552395,-55.19595016407888,194.6293332775903,96471.318555,96471.34311,0.5651954281825164
109.04571635387771,-54.99602219628211,194.7963671498075,96471.345221,96471.369894,0.5662709640101568
108.14001204785565,-54.53262513122777,193.6001024764004,96471.358555,96471.393163,0.6744869103147079
106.93822302494164,-54.000379612029576,192.29825144311715,96471.385221,96471.40988,0.4964993212509413
107.38692056898309,-54.28126504769393,193.68296541679493,96471.398555,96471.422605,0.6956634850589452
106.25309047733725,-53.86029463687612,192.65546127027562,96471.425222,96471.449348,0.5897190774487862
105.61974412385104,-53.72063863880227,192.48409288766726,96471.451888,96471.476513,0.6943627279798733
104.95734232985598,-53.555911421673805,192.41405954332026,96471.478555,96471.502447,0.5378176239909862
104.14325511891829,-53.23490487786336,191.46928456600452,96471.491888,96471.515744,0.674481508446078
104.20992661321887,-53.39719007115081,192.18708650475395,96471.505221,96471.529242,0.6701349955166391
105.36270622614322,-54.15411484651724,195.01459187345182,96471.518554,96471.543642,0.6165816204218983
103.17157850788502,-53.11383076250892,191.4902075520967,96471.531888,96471.555684,0.6430210160341171
103.95577485475657,-53.656628376480555,193.59755011330503,96471.545221,96471.570429,0.5809159699216724
103.0347324047413,-53.26919101009157,192.46933655238763,96471.558555,96471.583084,0.6252586156431696
102.89608201676715,-53.36320318541301,192.97827971838814,96471.571888,96471.596544,0.6151731045759975
103.17194380111509,-53.64745221636314,194.19539327513453,96471.585221,96471.609312,0.6473560195573816
102.0204691200385,-53.19044222141604,192.70751305951077,96471.598554,96471.623782,0.6092912969690613
100.95123475032706,-52.787360265704,191.48318545968507,96471.611888,96471.635437,0.7228467462344964
102.02887148939838,-53.46967649498424,194.3058946690788,96471.625221,96471.649991,0.6517235592096332
100.82608633119419,-52.97690825914259,192.7871556015014,96471.638554,96471.663591,0.7123536546875474
101.5102305693024,-53.48323200851649,194.94856849385698,96471.651887,96471.678327,0.6164858585933414
100.14109643761651,-52.91390015045842,193.04591287167509,96471.665221,96471.690177,0.6406816827011891
99.71098032466331,-52.80663816714203,193.04484227639287,96471.678554,96471.704695,0.6889569011821322
99.47439213734012,-52.85194409789506,193.5517501812272,96471.691888,96471.716453,0.5562519168919136
99.07570692444426,-53.14895312812093,195.6154655847406,96471.731887,96471.756513,0.6197418246333499
98.19921051778375,-52.82718638256366,194.72970836488471,96471.745221,96471.769266,0.6574943128455166
96.9400433704203,-52.54727058395217,194.2951436354392,96471.771887,96471.79627,0.6611227952422714
95.7930015816513,-52.09902101281389,193.04573774780076,96471.785221,96471.811366,0.6723568259377717
95.42218580043715,-52.13340561861218,193.40167906888612,96471.798554,96471.824674,0.5803979204318329
95.28257775188393,-52.27718133664863,194.15198908355407,96471.811887,96471.836179,0.572750178756846
95.25961721227141,-52.52921870543227,195.2668577368854,96471.825221,96471.850688,0.6119609942210642
94.96067925540513,-52.65372095312409,195.80868784821175,96471.838554,96471.865967,0.6270276851341264
93.77042032247087,-52.245984576696905,194.50027230737308,96471.851887,96471.877188,0.5614529489606274
93.26182721373385,-52.26433367470449,194.67481590591413,96471.86522,96471.892204,0.5986707142652051
93.64250271424307,-52.7881394534945,196.77921560374836,96471.878554,96471.904654,0.5423552566181642
92.06785844468219,-52.26300722168105,194.75499878543678,96471.891887,96471.915775,0.5956593885888245
92.17991137361814,-52.70315995666668,196.46898115678798,96471.905221,96471.928741,0.5913387630321123
91.45895219389784,-52.67607462443618,196.30845021015463,96471.918554,96471.951154,0.6748972796957105
90.79679502241194,-52.7194574708924,196.42114215046257,96471.931887,96471.962287,0.5597274186436674
89.6279265298141,-52.417462603140734,195.2744096394029,96471.945221,96471.977195,0.48748218941675603
89.2498720298512,-52.56408860521768,195.92934346120504,96471.958554,96471.982335,0.6133799002140697
89.3855038979837,-53.09891076007548,197.84863190907325,96471.971887,96471.995858,0.6743392931544062
88.75034694070791,-53.162356611995605,198.1006200932922,96471.98522,96472.009762,0.6691196419935298
87.32036129389287,-52.70899286214234,196.43986015948482,96471.998554,96472.024205,0.5712977252129527
86.45298789282685,-52.60171236122678,196.0514103653442,96472.011887,96472.035653,0.5879106029952242
86.34037436800389,-52.98415743567877,197.5329992430817,96472.025221,96472.050461,0.6270297380185705
84.8850629154923,-52.51784325908409,195.85856601934273,96472.038554,96472.063784,0.6116759091525182
84.37346911080142,-52.632305088017624,196.4333319151998,96472.051887,96472.076479,0.5893340248497232
83.40365930271021,-52.47550520288504,195.97035234447287,96472.06522,96472.089347,0.6339465102862237
82.83684966338072,-52.53125805760742,196.42559343403505,96472.078554,96472.102812,0.6690207756195229
82.19141688852528,-52.598168983700795,196.6844306370205,96472.091887,96472.11702,0.6887704624198632
82.58584308062979,-53.35566407956497,199.65296865134744,96472.10522,96472.13102,0.5615050101888974
81.55602867677253,-53.09690695843215,198.92516986194798,96472.118554,96472.144928,0.586668164408531
80.45788348556424,-52.81120708477498,198.06331636788926,96472.131887,96472.157062,0.6362535558986095
79.41356722077415,-52.5389990439289,197.27217082925264,96472.14522,96472.172122,0.6389707115681824
79.27062210281454,-52.94736420507402,198.93946208482197,96472.158554,96472.189605,0.5207889472000422
78.23940869631599,-52.672166003801415,198.1797867178905,96472.171887,96472.196838,0.6196804484866139
77.7326902966589,-52.819351310670875,198.89268358653126,96472.18522,96472.209899,0.6465011342971896
76.85526557661841,-52.66072159258222,198.5342357732519,96472.198553,96472.22374,0.5768697193165878
76.62577861353272,-52.99903617955357,199.96930361251862,96472.211887,96472.235992,0.6103890926428865
75.44776998055427,-52.6302953896576,198.9345353436928,96472.225221,96472.249523,0.5724392715013271
74.96221056062954,-52.77188433098147,199.62484639566955,96472.238553,96472.263479,0.625675329424056
74.39142095831347,-52.85537643842897,200.1128749125542,96472.251887,96472.277758,0.5595770666822281
73.83496939643119,-52.982283945917196,200.76832922875445,96472.26522,96472.289665,0.5335312147582972
73.07428042405672,-52.84973559898737,200.6552423465446,96472.278553,96472.304007,0.5669657119439122
72.08872303526599,-52.697690941309375,200.0723397159333,96472.291887,96472.316125,0.648802693316575
71.69270638134208,-52.88243472209945,201.10480978083268,96472.30522,96472.329081,0.5596247186001349
70.4376456260205,-52.40735234480066,199.5599857889723,96472.318553,96472.345339,0.6588195631343553
69.80906129743406,-52.43203698599844,199.91690784272907,96472.331886,96472.358838,0.5765387159291464
68.718034309047,-52.10608550316461,198.87289616925926,96472.34522,96472.369957,0.5952336522730493
68.10549839323923,-52.09507323184407,199.2083755779009,96472.358554,96472.382749,0.5401355179568808
67.46463585226113,-52.124790185511415,199.53793792811345,96472.371886,96472.396059,0.5850952709281787
66.38262376080172,-51.76062387173692,198.4389283683379,96472.38522,96472.410615,0.5927533982734087
65.64819528060187,-51.66656613028898,198.39903869624143,96472.398553,96472.422834,0.5635551660980337
65.2804663522702,-51.910823233747124,199.56498566238136,96472.411886,96472.43649,0.6668658612206205
64.1337442591832,-51.86768631407039,200.23291655567627,96472.438553,96472.462595,0.628924615579517
62.88348573294711,-51.22664760899046,198.41362543276,96472.451886,96472.478335,0.6148051190002831
62.38979159876181,-51.314411861882924,199.0951624618162,96472.46522,96472.491265,0.6363742453384569
62.276594483804985,-51.55054595709311,200.69119740017186,96472.478553,96472.502474,0.6216211710398921
61.55361425555055,-51.30305459356604,200.32823571455683,96472.491887,96472.516505,0.5248939639678408
60.78663474030151,-50.98076577459562,199.63300007733716,96472.505219,96472.529188,0.6614280467962101
59.98441875998897,-50.53662101186147,198.65053794536263,96472.518553,96472.542628,0.5784066644903771
59.64850675145019,-50.508911106150066,199.22015424766465,96472.531886,96472.556087,0.6704909485635239
58.87684065277969,-50.10476133227422,198.19738527068935,96472.54522,96472.569093,0.667760744435994
58.599033543711165,-50.15043974980385,199.00907806303945,96472.558553,96472.582839,0.5896344020897893
58.124533976123494,-50.01666929826879,198.88036403266133,96472.571886,96472.595585,0.5623115048965812
58.051866826043785,-50.16882907811179,199.9740648595966,96472.585219,96472.609498,0.6262957675776011
57.18143679126197,-49.63340852826108,198.35307415898617,96472.598553,96472.623746,0.6292933720467505
57.210118283818474,-49.84801428433304,199.75078209871944,96472.611886,96472.638699,0.5852286722071283
56.69815256294736,-49.58624179287881,199.33988799233245,96472.62522,96472.652457,0.6559602355561464
55.816757848864725,-49.26856837858487,198.83795016612586,96472.651886,96472.676017,0.6587408763563278
55.7221105609523,-49.48498156058058,200.00898156401936,96472.665219,96472.690159,0.5160051447749318
54.899345260751595,-49.033889480160056,198.25041734733,96472.678553,96472.703859,0.6511253937579775
54.88471983855917,-49.39144860756025,199.84285229546884,96472.691886,96472.722313,0.6455177448253117
54.9325432912522,-49.73218936386659,201.45129395538592,96472.705219,96472.729812,0.5789672908630586
53.93915922140461,-49.12751379471697,199.13856731180226,96472.718552,96472.744922,0.6445991541392188
53.28269835238495,-49.22842327184638,199.61186290972708,96472.745219,96472.772307,0.6530229688325545
52.8796937111516,-49.22300468682433,199.6872058916469,96472.758553,96472.784666,0.5988433484026419
52.55270433576125,-49.23956451900821,199.7990390226709,96472.771886,96472.79758,0.6182363997851444
51.82369161084463,-48.89484561677584,198.47338112020114,96472.785219,96472.810343,0.5955855234835038
52.063548130335846,-49.47210321595646,200.8894385642628,96472.798553,96472.828972,0.62683019108635
51.23544676695965,-49.065438295979504,199.11329695396975,96472.811886,96472.837081,0.5608474036436967
51.086486595207965,-49.25927561969966,199.8612188198047,96472.825219,96472.849687,0.644345222393667
50.29218285440998,-48.88691367257621,198.2635696263309,96472.838552,96472.863148,0.6353397434530283
50.382344343631466,-49.35816337752029,199.9454848540057,96472.851886,96472.876137,0.5942526344736809
49.548922758669704,-48.96471084458802,198.2121529151753,96472.865219,96472.890253,0.57749983564773
49.30005437386389,-49.1142951480182,198.53314924894272,96472.878552,96472.90394,0.6495824813838779
49.39892907728423,-49.63843612053738,200.52828383113314,96472.891886,96472.915669,0.5836018534091748
48.495108060406906,-49.04896873965814,198.0599075599891,96472.905219,96472.931382,0.6570650827901167
48.54883549246954,-49.49149468364086,199.73749853651685,96472.918552,96472.943226,0.572034029506219
47.94236042493032,-49.25845598936459,198.690910628502,96472.931885,96472.959037,0.6323997641856276
47.77632504722597,-49.42259131463994,199.20931857653397,96472.945219,96472.975524,0.662228644959565
47.64114363843667,-49.69072293434425,200.26587755017263,96472.958552,96472.983296,0.584168452702557
46.775608244285245,-49.10026427676113,197.76124513210394,96472.971886,96472.997464,0.6673611633770041
46.97503036984529,-49.73945342058387,200.3119870015472,96472.985219,96473.01064,0.6357968042235755
45.71610285175368,-49.04188784957091,197.38490096664,96473.011885,96473.03747,0.669817741417481
45.69990248394059,-49.431887752968365,198.78843304510525,96473.025219,96473.050152,0.6554632596849759
45.23444955129755,-49.410231568594725,198.52022190820279,96473.038552,96473.06235,0.5748000990444987
44.912490665581046,-49.372566815674375,198.3691463455422,96473.051885,96473.076631,0.6685743059859877
44.397272849043674,-49.265103711139304,197.88793799810145,96473.065219,96473.089807,0.560422424254518
44.04020586257725,-49.23183578452486,197.81136270423318,96473.078552,96473.10245,0.6304747534298393
43.67699624964302,-49.30436195007374,198.01912961233862,96473.091886,96473.115896,0.5700096073094573
43.422498896791836,-49.40597381038947,198.4095693355925,96473.105219,96473.129395,0.6498336686342878
42.81306273725794,-49.163140945494035,197.51617278570606,96473.118552,96473.1428,0.6749064623905536
41.75592739712807,-48.83891333788545,195.95550363038464,96473.145218,96473.169209,0.6448120213116125
41.835080583432394,-49.50251361854058,198.5887086262811,96473.158552,96473.182833,0.6015925151939661
40.7494678351117,-49.04719596934227,196.92642541198137,96473.185218,96473.21092,0.6562336778479817
40.355043947117906,-49.140306525069136,197.0850068618974,96473.198552,96473.224551,0.590667418467772
40.22686883459406,-49.43810866239461,198.33753610282133,96473.211885,96473.238189,0.6544666460690091
39.37524394544726,-48.83804962999254,196.00081952840588,96473.225219,96473.252242,0.6872701531752669
39.00754146255498,-48.96247245050084,196.57487463772395,96473.238552,96473.263566,0.6751051699853455
38.85149954664026,-49.33074121845344,198.18992516172622,96473.251885,96473.277577,0.6513917312407478
38.29846411554939,-49.1691702401785,197.46534515953604,96473.265218,96473.28976,0.6607589918851262
38.102064477659624,-49.47226017522118,198.8869306022495,96473.278552,96473.302778,0.6470056951209153
37.32815183449323,-48.97541334898701,196.92752941013762,96473.291885,96473.316885,0.6612144248648216
36.71038212923693,-48.80587023702522,196.15584599973482,96473.305218,96473.331777,0.6661648078280628
36.298681441480944,-48.86342379557696,196.46412598046211,96473.318552,96473.3433,0.6827203638263546
35.75384884165807,-48.760510517466095,196.02787201210396,96473.331885,96473.3561,0.6931475199193069
35.34492214292403,-48.84909540909137,196.39784409403205,96473.345218,96473.369709,0.6831574296651004
34.91066658125835,-48.84607295770688,196.34245712889773,96473.358552,96473.38555,0.6273583399122524
33.90714622490713,-48.64139820141165,195.73800169814322,96473.385218,96473.409337,0.6219527236224136
33.63128840835919,-48.76184983533603,196.4276478159776,96473.398551,96473.422106,0.653848050181247
33.04576439329817,-48.58640181113463,195.7145544144877,96473.411885,96473.436883,0.6243104009138861
32.53956213228706,-48.446003079248676,195.34731795340173,96473.425218,96473.450202,0.6787451423651649
32.31997996741518,-48.68101528777225,196.35699624463857,96473.438551,96473.464369,0.6877111217427354
31.604895121140494,-48.05922505248825,194.14546170068115,96473.451885,96473.476447,0.6979333204732018
31.35826767821334,-48.357666431908825,195.57920051406197,96473.465218,96473.489176,0.6125636528685077
30.74867044269022,-48.67838584531092,196.82427998635123,96473.491885,96473.516882,0.6267412642083972
30.056525917936945,-48.2702555070896,195.05494328374735,96473.505218,96473.52885,0.6386318533990119
29.61947541802493,-48.324252679097455,195.25718833876633,96473.518551,96473.543967,0.67000039713494
29.155380392525377,-48.303050534762995,195.18207169690876,96473.531885,96473.557004,0.6763881175689279
28.608886848645366,-48.15099858151943,194.32841961992136,96473.545218,96473.56961,0.509851037563723
28.337124567976854,-48.3762826261704,195.2386340615351,96473.558552,96473.582331,0.6037017549841067
27.776304796018906,-48.156119401650294,194.18843866687172,96473.571885,96473.603563,0.6557633428199018
27.37374591236411,-48.24762884537325,194.64519498166874,96473.585218,96473.609577,0.6769542504438526
26.830074127509576,-48.01393917763461,193.76878110937938,96473.598551,96473.623271,0.6625184020350748
26.24202094179513,-48.42389985758056,195.28752089187387,96473.625218,96473.655792,0.6598899160941858
25.76779825464797,-48.33884496619448,195.03572579149073,96473.638551,96473.66226,0.6128327762207746
25.33647509300644,-48.17307036648306,194.3093160022461,96473.651884,96473.680622,0.636136041106
24.973775084617706,-48.283869708662635,194.75695076250784,96473.665218,96473.689914,0.6547689138827634
24.495462224062916,-48.17529819228023,194.41894485730714,96473.678551,96473.703482,0.7037880639851245
24.23269750703095,-48.439825789188035,195.36465674563695,96473.691885,96473.716311,0.6608390423762438
23.81164621933687,-48.40701727866876,195.23833870633916,96473.705218,96473.730678,0.6454763225280526
23.259995625941944,-48.21384324370079,194.29392308341377,96473.718551,96473.745873,0.6057687417795498
22.80825155827653,-48.20831055757237,194.33193308748224,96473.731884,96473.759022,0.5902259215771656
22.407166012247952,-48.44133499442435,194.96058124767293,96473.745218,96473.769704,0.5423574235354084
21.91540014215586,-48.44268932595154,194.73655135270613,96473.758551,96473.783548,0.6137308517595964
21.500788295085314,-48.6737903466106,195.4484837812653,96473.771884,96473.797478,0.6481119987737483
20.959207256280656,-48.54492687279222,194.79030719013355,96473.785217,96473.809942,0.696878691148373
20.405548392950255,-48.43724993175973,194.1599587789999,96473.798551,96473.824392,0.6469511162036297
19.97043173924365,-48.585295884214766,194.6849257078939,96473.811884,96473.838573,0.614880918703064
19.42800764082172,-48.49782907123255,194.19242506367377,96473.825218,96473.849916,0.6299635540587125
18.912822397299852,-48.492990022552775,193.88996142808065,96473.838551,96473.868819,0.678876914334319
18.43604751213089,-48.558850915076405,194.07368226446005,96473.851884,96473.878076,0.6839442639691885
17.917828869104767,-48.49937926793275,193.78309433437892,96473.865217,96473.890397,0.6785322749863276
17.122923929684077,-49.383196348607676,197.14351525741003,96473.891884,96473.917728,0.5731545100806931
16.490574068997102,-48.85305148424758,195.15969174495365,96473.905218,96473.931275,0.564826496491619
15.904597536868785,-48.734097666067775,194.59275115146045,96473.918551,96473.944729,0.604201112125539
15.273186735385956,-48.33219193845408,193.021738966366,96473.931884,96473.957774,0.6941266558428115
14.840406066815932,-48.610287638411805,194.15485222499083,96473.945217,96473.969216,0.6574831524283403
14.486729334944576,-49.59626776396588,198.29390888344366,96473.958551,96473.983522,0.6565026083407068
13.699977197796342,-48.745448515115946,194.8359816698654,96473.971884,96473.997136,0.6272272952061854
13.130451273692394,-48.96870365122166,195.78644197082485,96473.985217,96474.009935,0.6371892847897777
12.502677417023937,-48.598338452275186,194.43591345008755,96473.99855,96474.025217,0.6923493746759807
12.002046763312945,-49.079414056055285,196.64528443412127,96474.011884,96474.038827,0.5901942486114675
11.443090924141842,-48.87043758642503,196.2059158447455,96474.025217,96474.050465,0.6243343224044915
10.864385307833924,-48.51732477430562,195.06398710825198,96474.038551,96474.062896,0.6247743951207482
10.325886734595475,-48.25272720759572,194.25407146751547,96474.051884,96474.082465,0.6734045671051272
9.856732100563612,-48.21728510354669,194.50781663171858,96474.065217,96474.090421,0.6767369885907537
9.3931561926549,-48.26567512724753,194.9838685487986,96474.078551,96474.102832,0.6704031262155586
8.871853186420209,-47.82936759274556,193.63009889129435,96474.091884,96474.116756,0.6342823055090878
8.41692059301805,-48.1611340760205,195.18408880504083,96474.105217,96474.130332,0.6899629487128194
7.936183036539378,-47.90035905013282,194.30867460839903,96474.11855,96474.142972,0.6317540754168295
7.446399764303399,-47.85941813911469,194.3691582106877,96474.131884,96474.15829,0.6726716789500847
7.0386949111576715,-48.303035488943536,196.43717565961,96474.145217,96474.169623,0.5100129862269212
6.142493484359433,-48.54111309585247,197.9583467303535,96474.171884,96474.196228,0.660809702651907
5.671277697495793,-48.364615263006286,197.60178062445675,96474.185217,96474.209491,0.6416781542091466
5.1745515839339795,-48.29865407369586,197.59267015766622,96474.19855,96474.222663,0.6798660123075583
4.654170469934164,-48.104360762667355,196.99838132117821,96474.211884,96474.242946,0.6447501299113533
4.166696829656802,-48.142782185532596,197.14163292283763,96474.225217,96474.257863,0.6469202509359565
3.6869454185560135,-48.16222246019474,197.6154270469699,96474.23855,96474.263149,0.6641722706096187
3.1728508158649413,-48.000368359840344,197.28169272799772,96474.251883,96474.276907,0.5908678679028386
2.688312894646474,-47.748656654777456,196.33087380331136,96474.265217,96474.2894,0.6772445513077162
2.1982516991907697,-47.38812276036094,195.0591944744541,96474.27855,96474.305264,0.5980121344058492
1.7230182763386046,-47.840656529426106,197.42912648268785,96474.291884,96474.315739,0.6270691749682924
1.2486031793873418,-47.68305116699205,197.02550992789946,96474.305217,96474.330797,0.644580315369289
0.7740097973219127,-47.843218256170275,197.73114485243315,96474.31855,96474.345156,0.6591413947281072
-0.048009087075475194,-47.20577156962476,195.69576340724032,96474.345217,96474.375595,0.6183091611896416
-0.4534101842426758,-46.96572977634801,194.89646624030712,96474.35855,96474.38395,0.6542416359883745
-0.8491448303615752,-47.35469626198905,196.51813905712882,96474.371883,96474.39645,0.5847027041990502
-1.2117656376485546,-46.73327645341579,194.13951847545056,96474.385217,96474.412205,0.6794864145882523
-1.6221733528493283,-47.41583125468059,197.12919393148985,96474.39855,96474.424394,0.6737484736146292
-1.965296703359256,-46.99488279450392,195.63037696559945,96474.411883,96474.436084,0.6845154029620596
-2.319222840321535,-47.38620034689646,197.0892375578938,96474.425217,96474.450722,0.6744853753319334
-3.035074863123786,-47.34178017863482,196.68209852270843,96474.451883,96474.4762,0.6519009931443324
-3.3379194812510184,-46.87337395520805,194.46824441535765,96474.465216,96474.489432,0.6909247059283715
-3.764497163412994,-47.47666019774004,196.78127933823686,96474.47855,96474.502628,0.5405971404901381
-4.083630530650717,-47.08214484151576,194.9927658453409,96474.491883,96474.51569,0.6896529551793293
-4.4594122517649515,-47.42650304159784,195.84346510618357,96474.505216,96474.52882,0.6871128191478338
-4.791580313690425,-47.19983163338369,194.55822324852434,96474.51855,96474.544094,0.7005304723486666
-5.159165829595548,-47.186523009176796,193.90384951401973,96474.531883,96474.556203,0.6121544581941479
-5.516699101545379,-47.37880752418274,194.3688151273756,96474.545216,96474.570874,0.6890291787085517
-6.023409274880186,-47.84538893222212,195.7608502111637,96474.55855,96474.584003,0.6266492666503319
-6.351974407036005,-48.010033937044,195.90082914459035,96474.571883,96474.597819,0.6090098020753217
-6.729642312918768,-47.89000144225421,195.16785404986075,96474.585216,96474.611016,0.6610589428444531
-7.0734526784236476,-47.782445311120306,194.14612893422475,96474.59855,96474.623414,0.6829735433215169
-7.4943706396794765,-48.24575784764143,195.70360138897274,96474.611883,96474.638466,0.6633356086948491
-7.807961713220861,-47.944516188136014,193.84072576574093,96474.625217,96474.651856,0.7009593959368903
-8.621259183040538,-48.299239121794855,194.8143092449674,96474.651883,96474.67761,0.6809199017015976
-8.905659186610306,-47.96608487530973,192.85626886948108,96474.665216,96474.69348,0.6531377964487748
-9.342075991579488,-48.31924545420981,193.86337171488947,96474.67855,96474.706151,0.6667997118140884
-9.784971858392163,-48.53162195061427,194.11249053263708,96474.691883,96474.722868,0.6970168692047953
-10.200703057196858,-48.53874126401729,193.5094032952698,96474.705216,96474.729395,0.6485124063995462
-10.701160326016527,-48.93012423950283,194.54794350516957,96474.718549,96474.743326,0.6635693777134892
-11.052644147560855,-48.76372734842648,193.04673303973357,96474.731883,96474.757745,0.6135468160710126
-11.567761542530917,-49.085130309725166,193.40188267653113,96474.745216,96474.769106,0.6709184889524451
-11.859652472105134,-48.86679468743172,191.63797391394996,96474.75855,96474.786615,0.7183355227127894
-12.357594445260577,-49.110600601495705,191.9357309733064,96474.771883,96474.798276,0.5958210388291146
-12.901281408069494,-49.55697781586085,192.91844889343767,96474.785216,96474.809668,0.5613024998969038
-13.298800527796683,-49.60610088705121,192.30556893514384,96474.798549,96474.822818,0.5858282985714046
-13.757488789581616,-49.81516881901399,192.25672155983486,96474.811883,96474.835823,0.6186695448424522
-14.0899017731947,-49.582314519662916,190.6612399421116,96474.825216,96474.851988,0.7289250670525893
-14.537099070436042,-49.78819221428378,190.81874358300905,96474.838549,96474.863669,0.6836241823004668
-15.062898213606811,-50.126934900674144,191.606998265784,96474.851882,96474.875987,0.6828853544022884
-15.429596446270246,-49.99995018893728,190.3889319071063,96474.865216,96474.889722,0.7058493481273644
-15.896445995887419,-50.19709359847623,190.59808661864477,96474.878549,96474.902668,0.7226158966745235
-16.383818661380733,-50.45964036686586,190.99106897589567,96474.891883,96474.916152,0.7254554492884931
-16.71559471400795,-50.40696821913004,190.1162444753206,96474.905216,96474.929196,0.7198708513898707
-17.586839859916946,-50.835012072212976,190.68153896118702,96474.931882,96474.955763,0.6441508649930999
-18.04609252982535,-51.05606885993086,190.88839988070714,96474.945216,96474.969313,0.6828159418239538
-18.412050845994486,-51.09037879048304,190.288129421619,96474.958549,96474.984154,0.7198321229975304
-18.912242019182855,-51.404156917832836,190.70433658354588,96474.971882,96474.99629,0.6467227382263515
-19.419515033860744,-51.72701984520653,191.27528213099802,96474.985216,96475.00987,0.7040884401987557
-19.596480779096197,-51.297496235239656,188.8219666302763,96474.998549,96475.0233,0.6825390117275736
-19.911641151103726,-51.11310890510563,187.7908822155885,96475.011882,96475.036344,0.7452289599791113
-20.475323343505316,-51.50899851635073,188.79515607868098,96475.025216,96475.049925,0.697827085743045
-20.72232378949156,-51.219002576559745,187.16656406202074,96475.038549,96475.066301,0.7253535210575992
-21.36769422754827,-51.68785344304071,188.49564549526875,96475.051882,96475.080225,0.672728873984917
-21.761056735523656,-51.6793561842303,188.00764964041358,96475.065215,96475.090527,0.6737703254017856
-22.3802215573845,-52.06038419892808,188.93958024112368,96475.078549,96475.102904,0.6350797965868616
-22.763052985292585,-51.92518752097365,188.27877679453854,96475.091882,96475.116768,0.6769961279347411
-23.117066764928026,-51.76453039139751,187.26269892199429,96475.105216,96475.129702,0.7033921803355829
-23.676051983809387,-51.96160484035101,187.66511436976558,96475.118549,96475.145989,0.7042609324012895
-23.88641295097813,-51.542597700620966,186.11832578513543,96475.131882,96475.162424,0.7266588114081919
-24.484544202018906,-51.80681875503504,186.96177399763405,96475.145215,96475.175617,0.721276917615322
-24.88721843140488,-51.72180016857774,186.65486149410827,96475.158549,96475.182893,0.7025379387506931
-25.33601809925217,-51.64887188504891,186.50421828824574,96475.171882,96475.195791,0.7542855731909254
-25.832009213245723,-51.714169457306184,186.67932406695954,96475.185215,96475.210482,0.7213323200016338
-26.434501408782296,-51.91162796162053,187.49957684816076,96475.198549,96475.22462,0.7395049086370014
-26.8219600402317,-51.76351859182948,187.08484554479858,96475.211882,96475.23784,0.7242371645253486
-27.033946537143617,-51.314545655222844,185.5162477962033,96475.225215,96475.248702,0.7392220816539035
-27.47240833836872,-51.34904760977657,185.63245712184707,96475.238549,96475.262918,0.6990630908337625
-27.51519101005545,-50.7086447661286,183.29846869681666,96475.251882,96475.275961,0.7513337474440714
-27.939634493108656,-50.709074711899575,183.3066678036547,96475.265215,96475.290882,0.672983673417449
-28.418672009348768,-50.75920931334754,183.47004956118448,96475.278549,96475.30259,0.6057634647036224
-28.845625323656375,-50.74176119258615,183.3425373532436,96475.291882,96475.317746,0.6253643164091442
-29.182350076705987,-50.5994080288278,182.89888968806346,96475.305215,96475.329499,0.6529553020181627
-29.61232781077382,-50.595719326484364,182.8549924990472,96475.318548,96475.343954,0.6715166098376973
-30.25234302115824,-50.89893213585226,184.06352148757185,96475.331882,96475.356287,0.6897363393637227
-30.677275974329298,-50.896440232958284,184.0339974781091,96475.345215,96475.373415,0.7229064419633426
-31.255750889577413,-51.1050943321741,184.97280852749364,96475.358515,96475.394739,0.7628056774028384
-31.55631986918241,-50.908584463714874,184.33665348020153,96475.371848,96475.397533,0.7710889767986564
-31.885782125122837,-50.75578598620091,183.9225409541027,96475.385181,96475.411034,0.6403216434053217
-32.124805466265926,-50.48303701858179,183.0343502906883,96475.398514,96475.429814,0.6783650933183061
-32.57430154582368,-50.43797115971209,183.0893191383146,96475.411847,96475.442457,0.6745793350347943
-32.9453868206935,-50.363609270488865,182.79759899937488,96475.425181,96475.449589,0.7367164210830107
-33.413592113860624,-50.36515365966942,182.81045733370908,96475.438514,96475.463447,0.7511599606439829
-33.86636453924986,-50.38534297960255,182.93209945688542,96475.451847,96475.477841,0.7804526702874305
-34.37449274681657,-50.45005856978099,183.1587011717158,96475.465181,96475.496476,0.7401675914301192
-34.61433810192232,-50.169946004649866,182.04906994980954,96475.478514,96475.503044,0.6884115487706509
-34.91278513367191,-49.985722375697755,181.18315968001687,96475.491847,96475.525433,0.5907043902503738
-35.76028595923361,-50.469396054510156,182.8095193018534,96475.505181,96475.529203,0.7733877217571431
-35.982386902700995,-50.19712659487886,181.65301222957407,96475.518514,96475.545576,0.7788074695459216
-36.481232737825195,-50.22230393896901,181.69096738672624,96475.531847,96475.561579,0.7101016236904638
-36.904664672181006,-50.10817359852365,181.0998514181585,96475.54518,96475.570508,0.7758357336199055
-37.55458044528182,-50.32815914606243,181.80785074827736,96475.558514,96475.583412,0.7535211183310572
-38.55491500989857,-50.95642653864321,183.85807038116133,96475.571847,96475.598968,0.7309863427272467
-38.35757681715401,-50.08529355131289,180.74005523725575,96475.58518,96475.610735,0.7251526618451938
-39.13538263403045,-50.36677440298252,181.58878545584963,96475.598514,96475.626244,0.7738947015282032
-39.621746672898574,-50.31607969837391,181.20168411592775,96475.611847,96475.63673,0.600268403225272
-40.47958317410734,-50.66902454643361,182.40149091205183,96475.625181,96475.657849,0.7407988758441342
-40.618699672469866,-50.182652232449264,180.55671615312235,96475.638514,96475.665721,0.7532002403625457
-41.33489599015058,-50.39226765430137,181.05250844814685,96475.651847,96475.677643,0.7373429501451914
-41.98585139262893,-50.49580004033092,181.19507959795425,96475.66518,96475.689789,0.6811876261987878
-42.47080212530342,-50.401119962237566,180.74386015024456,96475.678514,96475.703417,0.7142280653606095
-43.08394812236257,-50.48067459700197,180.87135326265005,96475.691847,96475.716412,0.686087380392335
-43.680676043342345,-50.475083384429354,180.64525233270749,96475.70518,96475.731103,0.7087315781712493
-44.01043809782354,-50.24544159799372,179.67732023023544,96475.718514,96475.743838,0.754614090336185
-45.15392073432958,-50.77961550937651,181.24115861294163,96475.731847,96475.763854,0.7182805309299176
-45.271138148259496,-50.30209941768108,179.40434459773002,96475.74518,96475.76993,0.7575697025347234
-46.29927819620796,-50.70107524573527,180.76569715576133,96475.758514,96475.789289,0.7207130713708051
-46.78445554118262,-50.55089003098611,180.15522265605964,96475.771847,96475.796425,0.7043264957317369
-47.83780249935217,-50.952793376628506,181.63105643489192,96475.78518,96475.818158,0.7715240276619563
-48.09571399123242,-50.525236745847785,180.3071864701998,96475.798513,96475.823616,0.7532615253654678
-48.661216611257764,-50.390886685361544,179.96131858226263,96475.811847,96475.836281,0.761121593400066
-49.880118535919266,-50.8408098392481,181.63382514001,96475.82518,96475.856745,0.747696589086821
-50.42201897693514,-50.64137561672578,181.13991604878356,96475.838513,96475.871135,0.6735246299718957
-50.89379148958121,-50.341224788093534,180.4360556540297,96475.851847,96475.879544,0.7549752294473118
-51.79263374969844,-50.530581983222255,181.22061913186883,96475.86518,96475.892871,0.6998121415821643
-52.152278913260176,-50.114423721179335,180.21639790087792,96475.878513,96475.90372,0.7464575349470093
-53.09179119255741,-50.29903019739328,181.02526650182406,96475.891847,96475.920317,0.6591585908225236
-53.39611210061424,-49.837998826841876,179.9211954401868,96475.90518,96475.929883,0.7439963353330605
-54.36157108723784,-50.05844646940236,180.85214817380063,96475.918513,96475.952657,0.7169593363189259
-54.48828428042729,-49.510686573824024,179.2817168491468,96475.931847,96475.957154,0.7850992300184308
-55.54778265031066,-49.77844036827377,180.52253573744883,96475.94518,96475.969641,0.7930975873577796
-56.06137508357067,-49.59531098392504,180.10823498885972,96475.958514,96475.983092,0.7025003861652057
-56.49340950887723,-49.3606067137894,179.36416483723505,96475.971846,96476.005801,0.7277295391793821
-57.45289363011526,-49.56580323685104,180.34831134211638,96475.98518,96476.010057,0.6243762161884514
-57.53445680189172,-49.0905805702674,178.59389428283552,96475.998513,96476.023129,0.7212596769792384
-58.542966253736175,-49.34718595462001,179.6418792334406,96476.011847,96476.037352,0.751338362768314
-59.25740672988173,-49.351591761548136,179.88929095033652,96476.02518,96476.051014,0.7505368235381323
-60.073014867870874,-49.42885660189872,180.34767153868475,96476.038513,96476.063269,0.7728733018700764
-60.8438967354025,-49.49903234418183,180.75711151871505,96476.051846,96476.076768,0.7899874030347885
-61.38193196983613,-49.37197174609082,180.52510552405042,96476.06518,96476.090787,0.7720727716753354
-62.154206450101334,-49.452311634253256,181.08384261509525,96476.078513,96476.105026,0.6685256517976464
-61.93297206928615,-48.83593053221446,178.92875030795528,96476.091847,96476.116921,0.7747301367287256
-62.410412476586295,-48.69485403726716,178.67245227947146,96476.10518,96476.129481,0.7618977618006255
-63.10118388362699,-48.75472384213673,179.11033604594775,96476.118513,96476.143158,0.6254287718466601
-63.49897771366775,-48.59111384983215,178.74082088639707,96476.131846,96476.157106,0.7167453999995759
-64.1487951848999,-48.63542163022524,179.18494271435688,96476.14518,96476.169327,0.7346084266260038
-64.38605880551368,-48.394242203958,178.52012084137874,96476.158513,96476.183256,0.7931740464426993
-64.8861452093752,-48.37994910414566,178.63197602662305,96476.171846,96476.195591,0.7916178950170232
-65.1797353336424,-48.23936206351484,178.19259671735935,96476.185179,96476.209923,0.8098756206900836
-65.6419737495016,-48.17908008986954,178.17878314922686,96476.198513,96476.224029,0.7193678455113272
-66.15607697349722,-48.21149147006111,178.37707428399187,96476.211846,96476.24224,0.6675147657216393
-66.19235994049369,-47.90233207177842,177.4220302463711,96476.22518,96476.24979,0.7124636401817291
-66.92471031085222,-48.13491322366493,178.2201273557911,96476.238513,96476.262327,0.7419226723885802
-67.30383526679638,-48.11231662291212,178.1581290977809,96476.251846,96476.277908,0.8122791393481275
-67.59729311754155,-48.02009019675193,177.8503764915997,96476.265179,96476.291545,0.8127705239207644
-67.54035177084886,-47.750428422945895,176.81681109883263,96476.278513,96476.303142,0.7535681094753401
-68.67009249798038,-48.262000966418555,178.7301724981476,96476.291846,96476.316068,0.8064360942293437
-68.27126437765509,-47.777299686057624,176.88660329581703,96476.305179,96476.329434,0.813317033860903
-69.46650421843891,-48.3489706056489,178.95539007092933,96476.318513,96476.343838,0.5529158988270511
-68.98530253531659,-47.83203496311842,177.00727701834867,96476.331846,96476.355765,0.7860796856575893
-69.62554010859527,-48.01490982237889,177.7638806056216,96476.345179,96476.369472,0.7689001969477215
-69.40276381642188,-47.688403065137784,176.52800033417836,96476.358513,96476.38339,0.735597525759748
-70.70342990083168,-48.31249812209786,178.9405016801337,96476.371846,96476.396042,0.7487843804400254
-70.93372346898909,-48.232294620387684,178.83536476246633,96476.385179,96476.410323,0.7590362101408689
-70.45851330025799,-47.724723121557275,177.05752289166728,96476.398512,96476.422591,0.8052545870450508
-70.5541565600294,-47.57959665962247,176.59129057554694,96476.411846,96476.436405,0.7777219614194545
-71.22007084780073,-47.84528957615005,177.60409630681423,96476.425179,96476.450211,0.775531896818719
-71.40791439703665,-47.76631269904387,177.36333544396578,96476.438513,96476.466006,0.8022358248896976
-71.4777927833425,-47.64192949126606,176.91457292112602,96476.451846,96476.477416,0.7792468375179153
-71.73160082929725,-47.61305918363441,176.841908471537,96476.465179,96476.488875,0.7594987838050685
-71.97261968622884,-47.615415660819934,176.89270639967978,96476.478513,96476.503072,0.7530438373394569
-72.70600837539226,-47.92880362007468,177.9479405760691,96476.491846,96476.516572,0.8012571629327873
-73.2110983289123,-48.08546532839581,178.52503965053478,96476.505179,96476.536143,0.7440278763727868
-72.64643400200673,-47.59350848729137,176.65132587585353,96476.518512,96476.542913,0.8039054595028916
-72.92422017487326,-47.615293554294034,176.64223105799715,96476.531846,96476.555662,0.7194990092627579
-72.68878717295854,-47.34131126628776,175.55874443756358,96476.545179,96476.569221,0.7606704972081617
-73.57948969842178,-47.75806330231208,176.9974979830371,96476.558513,96476.589505,0.7800928959268618
-73.31124934399617,-47.47516221065214,175.8493701426735,96476.571846,96476.598279,0.8240364170880307
-74.20384688850851,-47.88175279133827,177.2727057405406,96476.585179,96476.609548,0.8118124382544021
-74.10110600015079,-47.64616321420444,176.37679553567585,96476.598512,96476.62237,0.8186044115478379
-74.57914437704603,-47.81354821464317,176.92972391571715,96476.611845,96476.635908,0.7911853341772963
-74.78363380053815,-47.82455004288263,176.83366441208813,96476.625179,96476.649934,0.8127313645463939
-75.18390741609974,-47.94639084741073,177.25516984268873,96476.638512,96476.662947,0.7358420335370991
-75.45022644033952,-47.97741959690752,177.3239888792377,96476.651845,96476.677436,0.7153001893379715
-75.57882750970822,-47.95743345717512,177.14808465828554,96476.665179,96476.691013,0.7113813363348508
-75.87809597311937,-48.03699994480998,177.2638373613466,96476.678512,96476.702313,0.7680468794874649
-75.74750423974945,-47.86823584859163,176.47337435142703,96476.691846,96476.715881,0.7523246510434506
-76.26502361389012,-48.0633945306786,177.1124241381675,96476.705179,96476.729355,0.7599674811877344
-76.01339537731921,-47.8108668897824,175.9510076020327,96476.718512,96476.742943,0.749280746900183
-76.41407368570725,-47.92061913195651,176.16917954376345,96476.731845,96476.757305,0.8042855993446437
-76.98239508367047,-48.16894115518045,176.85857448824476,96476.745179,96476.769334,0.7686118287318942
-77.2496922626735,-48.17626443058968,176.82819671457796,96476.758513,96476.784579,0.6939595460660337
-77.35966254280201,-48.09827253774462,176.28769127925037,96476.771845,96476.802366,0.8196424756825627
-77.99498926658929,-48.261822750441794,177.0231896412601,96476.785179,96476.809933,0.7854283901089478
-77.16563337493143,-47.58552871163924,174.54747506063822,96476.798512,96476.823597,0.7956317903140734
-78.80390689094858,-48.31180956761565,177.42791440121945,96476.811845,96476.83571,0.7458471794718988
-77.77196234284106,-47.5317579600538,174.59137018154217,96476.825179,96476.849467,0.7829615419703791
-78.20329598093868,-47.564567929697404,174.82922495806798,96476.838512,96476.86236,0.8011273315573441
-78.17026221935514,-47.362887779596754,174.11829696105968,96476.851845,96476.877127,0.7003814410489727
-78.42528436884143,-47.29934009190578,174.0205287077733,96476.865178,96476.889994,0.8029949759504723
-78.29070905218715,-47.02950000660553,173.05176866645206,96476.878512,96476.90351,0.8210526587772974
-79.02798484712059,-47.25788423072042,173.90066131842633,96476.891845,96476.917486,0.7473288747975877
-79.74393571451327,-47.39371848520699,174.6774566523746,96476.905178,96476.930747,0.7869965774339303
-79.66812137177055,-47.12291851684178,173.89099828575596,96476.918512,96476.945135,0.7523760227772979
-80.21480363313823,-47.23077848465754,174.33006981646255,96476.931845,96476.955552,0.6907825799452435
-80.08569504182513,-46.964019533096284,173.49108631054122,96476.945178,96476.969383,0.77124198412361
-80.26749307284315,-46.864792549241585,173.12386262482357,96476.958512,96476.984468,0.7805488593059468
-80.35371442178206,-46.72794191706658,172.67231890783046,96476.971845,96476.996623,0.8095302947266622
-80.92285261918704,-46.80469527354107,173.08276422415545,96476.985178,96477.009517,0.8411660741025003
-81.22633141714847,-46.78442381746167,173.10065933768692,96476.998512,96477.024388,0.8451289226198877
-81.2945931790615,-46.59460282676231,172.55350905557898,96477.011845,96477.037066,0.7438241785865589
-81.96262884166677,-46.75638211729753,173.306920460378,96477.025179,96477.050349,0.7212683803807
-81.96155661588213,-46.539464558656015,172.73228992293508,96477.038511,96477.062507,0.7885745941936404
-82.25515325547173,-46.460184844482164,172.67105229934126,96477.051845,96477.077717,0.7483792523242384
-82.60146039452631,-46.463667902350736,172.8425606784873,96477.065178,96477.095718,0.7795349770713788
-82.75278393962707,-46.27795394901789,172.49281145500785,96477.078512,96477.102109,0.8134512504973929
-83.2131247376208,-46.287567557053194,172.85142336614516,96477.091845,96477.118253,0.8476571775590322
-82.78458580789794,-45.8260660325989,171.35109892172477,96477.105178,96477.129705,0.8572894996560874
-83.00360850164725,-45.74125054761583,171.22338539196582,96477.118511,96477.145398,0.7631973693694462
-84.0458788034943,-46.06421843294248,172.7365644592349,96477.131845,96477.15899,0.809628107618705
-83.84288355536205,-45.75325083413345,171.64781504814079,96477.145178,96477.170463,0.7089619593726055
-84.9814740938587,-46.15639242839932,173.33233910878172,96477.158512,96477.182992,0.8436696260784017
-84.71268520345336,-45.837976543087876,172.21050154287917,96477.171845,96477.196147,0.7252671565569057
-85.4250288578819,-46.03198666761316,172.98051133228978,96477.185178,96477.2107,0.8429971556084227
-85.64889453008998,-45.994847482485746,172.8614343700663,96477.198511,96477.223437,0.7969521870563092
-86.22714041836036,-46.163636831280485,173.37837199522068,96477.211845,96477.235715,0.8223776871680123
-85.85158776997227,-45.809101289785275,171.97546707120594,96477.225178,96477.250166,0.8119925842065011
-86.67430734472225,-46.10338828771826,173.01704729887982,96477.238511,96477.26246,0.7717924792301387
-86.63449668984501,-45.9157197341424,172.29998124988222,96477.251845,96477.282844,0.8368511240709562
-87.3419385742611,-46.10527168839248,172.96135472577896,96477.265178,96477.295827,0.7393479210560044
-87.0779064654151,-45.776146520407075,171.80724452521056,96477.278511,96477.308477,0.8149270716334589
-88.10087596192116,-46.096836103623765,173.12965436161315,96477.291845,96477.316438,0.7291937477056547
-88.06128082399339,-45.87337661364381,172.37668704111542,96477.305178,96477.331271,0.8343213296178492
-87.63907433502203,-45.477760511019554,170.89492102680165,96477.318511,96477.343831,0.74226969888127
-88.35353548260923,-45.63674309922755,171.63932104914295,96477.331844,96477.35586,0.663912157913664
-88.74126312538584,-45.58103170039213,171.67718791686065,96477.345178,96477.369189,0.8047642712515327
-89.74973023362564,-45.8840775358776,173.0550581207192,96477.358511,96477.383859,0.7442542783122149
-90.45102374400597,-45.95311312010826,173.7777047286781,96477.371844,96477.396487,0.821014415996006
-90.613647363524,-45.78130322795178,173.4412024672771,96477.385178,96477.40958,0.7413837143810076
-90.83913568993042,-45.397013331452776,172.74202631911257,96477.411844,96477.43628,0.8418935867627176
-90.76757810282287,-45.09480294834241,171.96346777532273,96477.425178,96477.450781,0.8145631796882159
-91.95503545921672,-45.41764379211434,173.56457163185803,96477.438511,96477.462789,0.7619737941066236
-92.32699974903717,-45.37478711493452,173.5968209647761,96477.451844,96477.479187,0.765332632320223
-93.30691225574863,-45.52248193729422,174.64696692555287,96477.465177,96477.489417,0.7301120227475008
-92.94434659998403,-45.12802886359308,173.22618481710163,96477.478511,96477.502353,0.6897864279383134
-93.6805651774943,-45.154269303405776,173.8440418720505,96477.491844,96477.515991,0.8388140968079516
-93.90616777780744,-45.011556613390546,173.57430283578037,96477.505178,96477.528738,0.7693463446323269
-94.18285257201714,-44.86387589062504,173.36650088543172,96477.518511,96477.544869,0.7653140776551811
-94.60454038860829,-44.78452152778169,173.42780037206745,96477.531844,96477.557026,0.8268997338884001
-94.58131456359193,-44.47229058248931,172.82074517534286,96477.545177,96477.571556,0.8412203940895991
-94.92759635526116,-44.34184948793884,172.81590335500314,96477.558511,96477.584262,0.7719138661353209
-95.42654262111884,-44.26500743067137,173.29847657592225,96477.571844,96477.595791,0.7203021325608742
-95.9102049228786,-44.146237616867914,173.79311782616583,96477.585177,96477.609178,0.7779286335068967
-95.3274055578207,-43.52231104173892,172.44016584365184,96477.598511,96477.623602,0.6791240347790521
-95.59924566170383,-43.311230080833894,172.8266492901825,96477.611844,96477.635602,0.7561682022884524
-96.36638597281629,-43.209663730154475,173.83442478483553,96477.625178,96477.650283,0.7235033932750721
-96.08531869412002,-42.682336151681206,173.2226205535375,96477.638511,96477.662426,0.752910424367998
-96.3469199447762,-42.34070401605918,173.57070646369547,96477.651844,96477.678454,0.826637830960735
-97.08600236765533,-42.22914620380575,174.68287360226276,96477.665177,96477.689677,0.829337649648016
-96.66624868783961,-41.60166271035704,173.8575888114295,96477.678511,96477.70487,0.7574568017174662
-96.78763870132256,-41.190851434971684,174.0363666261517,96477.691844,96477.717313,0.7976767890248541
-96.70159375425688,-40.69376940806211,173.7972768174975,96477.705177,96477.729264,0.7637927045897995
-96.10979883949246,-39.94929191605877,172.63130213435073,96477.71851,96477.742923,0.8383353990525567
-96.0979783096677,-39.47184469342759,172.6079605944652,96477.731844,96477.758614,0.7749334524813187
-96.52997018462202,-39.125452557670236,173.2983695574829,96477.745177,96477.768881,0.7935092541208086
-95.7781103376264,-38.31005988345129,172.00720130159158,96477.758511,96477.78268,0.8427422312079672
-95.40460625140857,-37.62784817814304,171.417645283114,96477.771844,96477.796242,0.8110647445676947
-95.44751726952245,-37.11727570971215,171.61432959515543,96477.785177,96477.812164,0.7460550115020556
-96.39833357871245,-36.929832627020375,173.25146492274482,96477.79851,96477.823095,0.8437400581069252
-95.76956490752951,-36.15035497111806,172.20080452987838,96477.811844,96477.837397,0.7340694230800334
-95.01927819705696,-35.30908674791775,171.0206756428836,96477.825177,96477.849066,0.7571471968777805
-95.43164319199367,-34.916521947956646,171.81128267894582,96477.83851,96477.869474,0.7779662710544244
-95.68536656950874,-34.42888787314591,172.40386198299933,96477.851844,96477.878602,0.8026118069953607
-94.78614630710449,-33.55057099987185,170.9551963680874,96477.865177,96477.895986,0.8577420940285084
-94.91615109435784,-32.993863426393546,171.32435219980164,96477.87851,96477.903898,0.8369687624367609
-95.44486547610715,-32.58102610898623,172.2955927318362,96477.891844,96477.918562,0.8384473910473275
-94.12392218645522,-31.579599925734453,170.13156027744813,96477.905177,96477.929431,0.8551792775212972
-95.55403568723001,-31.467260560797282,172.75337316771743,96477.91851,96477.944887,0.8107851474347711
-94.3523853853438,-30.50498294973028,170.78364976291883,96477.931843,96477.957382,0.7558922474328547
-93.42424646255942,-29.64760691473693,169.27671960559115,96477.945177,96477.968544,0.7626153408532067
-94.71437153851662,-29.42245063399863,171.6590887108454,96477.958511,96477.982193,0.7020730055445483
-93.63309494102349,-28.527297627152972,169.9556017844045,96477.971843,96477.995695,0.7352793467460823
-93.39872558788745,-27.83185483593077,169.6529078696687,96477.985177,96478.009328,0.839925179994516
-93.8088093893983,-27.369114556045798,170.48883233452904,96477.99851,96478.022555,0.8233999841264847
-93.4928564799852,-26.67515065266497,170.03794439830816,96478.011843,96478.035626,0.7945257380457162
-93.14652119233763,-25.98896589053074,169.5389464059103,96478.025177,96478.049598,0.8463966166345053
-93.56257409628051,-25.489974996867396,170.40657653503064,96478.03851,96478.064281,0.823809052258497
-92.88582941337725,-24.71269229657918,169.30847539758972,96478.051843,96478.077017,0.8689770531054997
-92.94101609889834,-24.04627500108545,169.45976020892076,96478.065177,96478.095379,0.765467584782599
-93.27303489037661,-23.506748296696642,170.22347962565274,96478.07851,96478.110012,0.7934698486924282
-92.57082336800745,-22.69615159486519,169.1132717903496,96478.091844,96478.115647,0.7980153673967098
-91.76477188325138,-21.921432126537358,167.77392999550258,96478.105176,96478.128799,0.8659640158054391
-91.68930392209315,-21.34226401321989,167.8232313953694,96478.11851,96478.144406,0.8558488555074826
-92.11136464295222,-20.89087695196414,168.57723437391164,96478.131843,96478.155721,0.8075409042047804
-91.67462715191438,-20.21568182583378,167.81878338573145,96478.145177,96478.169966,0.8041978911774099
-91.75726182607467,-19.641226404620998,168.10861639029594,96478.15851,96478.183861,0.8420203178360771
-91.7575752577742,-19.056100468819107,168.2522642625698,96478.171843,96478.196269,0.8011219376259557
-92.04617802771094,-18.518472170176597,168.81183648422768,96478.185176,96478.210431,0.8344190183209987
-91.26931228578947,-17.8128172186253,167.5713076995644,96478.19851,96478.222515,0.7962981572675203
-91.19331509149865,-17.257274575673023,167.5774899576701,96478.211843,96478.236346,0.8650611717689453
-90.75284829333978,-16.612726565151924,166.86720543934072,96478.225177,96478.249384,0.7292710223496639
-90.63819890486718,-16.049531898300625,166.79175444229037,96478.23851,96478.262468,0.847908250353761
-91.28790488169793,-15.604039344637052,168.04294208494005,96478.251843,96478.27629,0.8741042047088515
-91.45987697281046,-15.05006727315662,168.41792269560506,96478.265176,96478.28987,0.8073801469334043
-90.76429929454403,-14.353656961603644,167.28181583654714,96478.27851,96478.302198,0.8067720746681484
-90.22896391761505,-13.703147297317884,166.46257010209047,96478.291843,96478.31738,0.8514364787672181
-90.75333507330107,-13.169643714517772,167.4391320886994,96478.305176,96478.330004,0.8329478647299218
-90.98068255275224,-12.592074324228538,167.92178625370462,96478.31851,96478.343734,0.8446154985925519
-90.14163218776129,-11.895278846850369,166.51416003490436,96478.331843,96478.356122,0.8647873081525366
-89.78236749992853,-11.24773950734556,165.9627496140488,96478.345176,96478.368834,0.7615663271886709
-90.26511319541542,-10.688898164605298,166.97483816581587,96478.35851,96478.382278,0.8343064409611526
-89.96238909766174,-10.053089275734825,166.49132107223446,96478.371843,96478.395519,0.8589049826520364
-89.52315356139975,-9.426967130745982,165.78462602684462,96478.385176,96478.410167,0.8319688525590372
-90.07869465476047,-8.894625260937714,166.8216069060615,96478.398509,96478.42511,0.8333521970897286
-90.02123921291562,-8.27860492476809,166.78900175721304,96478.411843,96478.436291,0.8642885016041603
-89.64319475289429,-7.661712009087331,166.12952452481701,96478.425176,96478.451333,0.8374457613785212
-89.50074032552881,-7.036195332832915,165.89569774728946,96478.438509,96478.462431,0.8923770396038572
-89.35715643111651,-6.4472269885031475,165.6084885396937,96478.451843,96478.475985,0.7908151059504533
-88.94317771986515,-5.850783974999678,164.86832011743823,96478.465176,96478.489373,0.7269836815986247
-89.3639192834545,-5.2840623568319565,165.6472788984867,96478.478509,96478.502485,0.8927531777805584
-89.05823088515062,-4.6798161569616585,165.13089443326396,96478.491843,96478.51623,0.7983782420695719
-89.27617876302934,-4.095916425173693,165.54050425622702,96478.505176,96478.528861,0.8226366501476013
-88.650639030554,-3.494695152058341,164.3721763747914,96478.518509,96478.54398,0.8346784653924345
-89.30393484221322,-2.9477923055176536,165.57430570001583,96478.531842,96478.556139,0.8828238554337775
-89.05658921920264,-2.3977794676590065,165.07699871281957,96478.545176,96478.569975,0.8834510168909838
-88.13525004103427,-1.8114485759860364,163.47751637581337,96478.558509,96478.583446,0.7785857133451181
-88.64416144626121,-1.2771144865517914,164.41666918351513,96478.571843,96478.596823,0.8876533054110628
-88.60571350185792,-0.7676851529895066,164.28268826637958,96478.585176,96478.609709,0.8548493215474728
-87.98310356701259,-0.22445426953616493,163.17675018401115,96478.598509,96478.622333,0.7420882189718434
-88.60623309622709,0.3529943263637778,164.23756531032026,96478.611842,96478.635644,0.9028742650801003
-88.45528865623824,0.8521397242464256,163.85444527413256,96478.625176,96478.649254,0.8808707918262103
-88.636772457594,1.403776613294177,164.17561183904394,96478.638509,96478.662613,0.7771498380073584
-88.59595872561293,1.9323645051126164,164.0678770182983,96478.651842,96478.678268,0.8412463819681609
-88.37249605776097,2.405840923785696,163.55392314625482,96478.665176,96478.689411,0.8363431616112512
-88.59970095502933,2.9067923049047297,163.78244925843515,96478.678509,96478.704257,0.8172340332601764
-88.3501191028706,3.3877284752056633,163.20727013848008,96478.691843,96478.717034,0.8017795304809646
-89.30435405075576,3.940009413646365,164.78410638240155,96478.705176,96478.729191,0.8522528465691871
-88.71320135444877,4.399696615748973,163.55151937667634,96478.718509,96478.744948,0.7603598457900645
-87.97651017269305,4.8695756383287465,162.14023377852428,96478.731842,96478.756143,0.868047047313447
-88.53555703649096,5.385651227883754,163.04038354416443,96478.745176,96478.769873,0.9085820705596415
-87.85959597277179,5.784854630327889,161.6646983483028,96478.75851,96478.783696,0.9202853676415351
-88.78202166386563,6.313332862491928,163.08075673974636,96478.771842,96478.803029,0.8413187481001249
-88.00866260469739,6.69419914959725,161.593885054705,96478.785175,96478.816801,0.8689983852571432
-88.78518572067188,7.174634260620618,162.74500353759427,96478.798509,96478.828834,0.8481137881123688
-88.46172254616661,7.599582913543241,162.01002293009842,96478.811842,96478.836322,0.780796376025055
-88.54061595166652,8.047630504249758,162.01317595598567,96478.825176,96478.850597,0.8561132567722554
-88.42624733000247,8.482907420374538,161.62001527322423,96478.838509,96478.863131,0.9223100507571493
-88.48257196478481,8.902456666412485,161.61071077599027,96478.851842,96478.876028,0.8362010186000479
-88.82048175576635,9.411419981677605,162.09967601704986,96478.865175,96478.890246,0.78040795544626
-88.30893330851748,9.797044688963382,160.992523068918,96478.878509,96478.902748,0.8011969866805427
-87.91527473023815,10.206448694060104,160.22890173509631,96478.891842,96478.916346,0.7165974035710797
-88.89890396670967,10.784607966160019,161.8689082311135,96478.905175,96478.928722,0.8813177204408444
-88.75757450957516,11.233494328529401,161.48422772963266,96478.918509,96478.943322,0.8521935955266047
-88.68954377037191,11.695590175024146,161.24603767285416,96478.931842,96478.955891,0.9121757843201803
-89.1049102510946,12.225997488469574,161.85844381405514,96478.945175,96478.969071,0.8945094603362136
-88.53149252144486,12.587397540464098,160.82664614648957,96478.958509,96478.982625,0.7814390544929846
-88.3489297137467,13.07654337148974,160.4466070035838,96478.971842,96478.995995,0.908789863178633
-89.20223207711803,13.656863867904365,161.85530624879473,96478.985175,96479.00918,0.8996962427625566
-88.9953619690847,14.129031526002034,161.39812644505668,96478.998508,96479.022979,0.918997106969919
-88.35516084157848,14.49126715035096,160.23233692562727,96479.011842,96479.035525,0.8363025242111753
-88.98427927294154,15.047745375978266,161.21203664133432,96479.025176,96479.049168,0.7946492623429893
-89.10156079956533,15.551490149968288,161.33361991513718,96479.038508,96479.062521,0.8494046692785922
-88.62979926176686,15.93482607516924,160.43751635650614,96479.051842,96479.076154,0.8283729094198647
-88.25738972950717,16.333877624566643,159.68429423744274,96479.065175,96479.096414,0.8981105263176757
-88.64152308682569,16.849131875376617,160.2426967021433,96479.078508,96479.102203,0.7352198638164963
-89.15228024337993,17.395045803915785,161.1646206760227,96479.091842,96479.115605,0.9171719044897994
-89.29438325167457,17.86926620705278,161.34166295344198,96479.105175,96479.129391,0.8794627803628986
-89.935567991406,18.441520830201828,162.46325815991568,96479.118508,96479.150299,0.8098839816854667
-88.85398859107252,18.64769082865471,160.53197607327598,96479.131842,96479.156929,0.8434175695921422
-88.61286499060208,19.037284656619594,160.0489608977763,96479.145175,96479.169403,0.8341817184924365
-89.88735925279357,19.745276967804244,162.26428947629032,96479.158509,96479.18262,0.8197877505362423
-89.06895792538721,20.024972843953822,160.8392965604507,96479.171841,96479.19643,0.8027542652418078
-89.32539059369351,20.50403704089848,161.21626733814801,96479.185175,96479.209259,0.9206471752070414
-89.28679230899112,20.94507436619947,161.1230654465295,96479.198508,96479.223623,0.8462608540377374
-88.90621190187515,21.24269539688038,160.47357413154916,96479.211842,96479.23652,0.865659784565841
-89.13910694765994,21.748390957937193,160.78797915956793,96479.225175,96479.250232,0.9280801389362139
-88.85573624753567,22.148359695337653,160.22691639783787,96479.238508,96479.269013,0.7951145977049127
-89.26631389717852,22.66811311892561,160.8971772321185,96479.251841,96479.282587,0.8162622393637556
-89.38502344986365,23.543899812070727,160.99096003175245,96479.278508,96479.303381,0.89294139982491
-89.37664380345154,23.996229499034268,160.92322504072249,96479.291842,96479.315892,0.8513239810507635
-88.91980284274818,24.321848295463553,159.99371872507098,96479.305175,96479.330728,0.7590446538649434
-89.14140871772659,24.814851811265505,160.3545249784066,96479.318508,96479.343954,0.8311751837307287
-89.19541528013974,25.33036027849292,160.4148116732428,96479.331841,96479.356169,0.8549326372233694
-88.7829498445237,25.66899934617455,159.59451212131762,96479.345175,96479.368975,0.8814027672469409
-88.37102376047663,26.028837860535837,158.8106188888898,96479.358508,96479.38334,0.9359039078481369
-89.83063528179315,26.915098098686197,161.25268736744704,96479.371841,96479.396355,0.8803894624189184
-89.32438566858447,27.232559499217636,160.35984973999618,96479.385174,96479.411243,0.8394220255693758
-88.8577320890962,27.58324924327675,159.51073657979975,96479.398508,96479.42538,0.8235722610702279
-89.39179233097785,28.20984076470817,160.43942644393636,96479.411841,96479.436969,0.9238251847041109
-89.17832186000251,28.615899253516716,160.03680844976842,96479.425175,96479.449437,0.9078407136907751
-89.03311730693949,29.010252263932166,159.84168493850134,96479.438508,96479.463107,0.6444901618251743
-89.2625148182443,29.564349222726417,160.30007209396894,96479.451841,96479.477432,0.9046455682358773
-89.17100604252441,30.01138346063636,160.17228885866004,96479.465174,96479.489138,0.8056831396086452
-88.64517499309731,30.28207004016728,159.31488383475298,96479.478508,96479.502138,0.8601540498229312
-89.17314289189218,30.8938184241418,160.22378851287763,96479.491841,96479.517348,0.7010409627022576
-88.69125989193212,31.182030869672694,159.54974393793202,96479.505175,96479.529156,0.8180611727289046
-89.32139926808446,31.8299587863202,160.69720082493325,96479.518508,96479.543082,0.7705743009900364
-90.2964968486982,32.563559564817204,162.50661866729104,96479.531841,96479.556288,0.8800419677183172
-88.99432239413157,32.53981874580872,160.35830451855233,96479.545174,96479.576878,0.8851380037179284
-88.767962922414,32.86679178671288,160.0955041502194,96479.558508,96479.59084,0.8818502732249813
-88.33024359767536,33.044858776505144,159.4629352848895,96479.571841,96479.595773,0.7159780775970797
-88.80827086649943,33.646700922601646,160.45305313744356,96479.585174,96479.609727,0.7460255896607487
-88.46560152320484,33.893589916490335,159.98656625723686,96479.598507,96479.622954,0.8938654849879121
-88.96848707701994,34.4111847898998,161.0439202413972,96479.611841,96479.635246,0.9066159840671663
-88.06947925175503,34.44571884637677,159.62370492056644,96479.625174,96479.649693,0.807556420482455
-88.50802094125888,34.94769968913492,160.5970530352607,96479.638508,96479.66239,0.9050384425441842
-87.98371197192657,35.0856853123948,159.8030845081168,96479.651841,96479.675922,0.7252398901010593
-87.86776163654459,35.704238855278,159.9255107931003,96479.678508,96479.70331,0.8500598212614644
-88.34844607411674,36.232213329718746,160.91985355537435,96479.691841,96479.716537,0.8167839513594627
-87.78202662412048,36.35483314983366,160.08667403593552,96479.705174,96479.729671,0.9007367288989859
-87.90768747043654,36.74533696906713,160.41297150223787,96479.718507,96479.742765,0.9003561295854583
-87.99280848494557,37.09094285715866,160.724995408611,96479.731841,96479.756312,0.8497300591806415
-87.57414504737345,37.251487588089475,160.1348526844125,96479.745174,96479.768986,0.899230850604754
-87.16373668221783,37.41180551571058,159.5678942269022,96479.758508,96479.782285,0.7951331513190921
-86.7285079680193,37.54025072160702,158.9623810298724,96479.771841,96479.795604,0.9347185377013175
-87.17505990164209,38.058538628519194,159.82849612900296,96479.785174,96479.809731,0.8485661621448001
-86.95461513909468,38.6014806859022,159.73939414766903,96479.811841,96479.836046,0.7426347801135296
-86.65010445944779,38.754894315638374,159.34662360911176,96479.825174,96479.850196,0.661092787910835
-86.63051774391025,39.080127167331874,159.40760462534064,96479.838507,96479.863676,0.8220670923932984
-86.86873240682807,39.467023637092296,159.9834033572868,96479.85184,96479.876186,0.733110740543045
-87.10372716714744,39.86097492193644,160.58191195822243,96479.865174,96479.889287,0.8346338451288312
-86.2871582168232,39.77875266095402,159.23527201924787,96479.878507,96479.902383,0.8407901679422328
-86.39123293300364,40.37019501496825,159.64688877424183,96479.905174,96479.929886,0.8694847457623924
-86.9905427579776,40.87692409757281,160.78029047477764,96479.918507,96479.9431,0.7451887417388331
-86.5570737695402,40.929025737300805,160.11816532003198,96479.93184,96479.955881,0.7156867119955617
-86.80798989334956,41.26160229794365,160.65607252709964,96479.945174,96479.96883,0.8198286783157953
-86.28255403905085,41.25608248802159,159.8642673694677,96479.958507,96479.983086,0.8833956407464642
-86.54502535655261,41.58578292676608,160.35352912622417,96479.97184,96479.997959,0.8562833520344769
-86.37968250795998,41.72735832669122,160.13570221856688,96479.985174,96480.010859,0.875428946783273
-86.02217039753478,41.73632192663204,159.5602567333375,96479.998507,96480.024296,0.7283013162751174
-85.7614033793116,41.753368448757136,159.17787046904894,96480.01184,96480.036557,0.9099568357583862
-86.54601348043522,42.28982966447506,160.59079710257652,96480.025174,96480.048947,0.870307572289931
-86.79787747922526,42.56724045542673,161.0806036650808,96480.038507,96480.062609,0.8253611053346509
-86.35729313047584,42.653378387427466,160.37159298215056,96480.065173,96480.090415,0.904202119163987
-86.38465445913444,42.79016405419077,160.39227197183067,96480.078507,96480.102358,0.828122462912172
-85.90006778580928,42.82014319975811,159.53426789479485,96480.105173,96480.131139,0.8836443120201308
-86.6210233187987,43.29691095101227,160.8197944839535,96480.118507,96480.144045,0.8033662185721948
-85.97806968133001,43.092449848825474,159.74858206215808,96480.13184,96480.1566,0.8369017006992459
-85.65154569052243,43.06652055588707,159.15127566065715,96480.145173,96480.169877,0.8858052462357304
-85.48407811566494,43.06381879000798,158.85109727035123,96480.158507,96480.182778,0.8794017186216334
-85.34115422135623,43.0819223119502,158.62310235090865,96480.17184,96480.199245,0.8750354151936227
-86.26533207564975,43.620629537942776,160.25088081548492,96480.185173,96480.21642,0.8829829951038657
-85.96133423345535,43.56306844851637,159.77854474180612,96480.198507,96480.22425,0.8637039963938669
-86.51048048267621,43.90161663992658,160.80085976340126,96480.21184,96480.237284,0.8098180790231329
-85.57253743948752,43.545087035420465,159.0966507770707,96480.225174,96480.250892,0.903121743834221
-85.2544883657375,43.47244658622418,158.5768437297994,96480.238506,96480.264535,0.7441850216821937
-85.68713654577317,43.733106847959675,159.33868764189154,96480.25184,96480.276495,0.8604070041141068
-85.77370475727395,43.849618296906584,159.52823889239465,96480.265173,96480.291675,0.9248624596755578
-85.78087519293524,43.917354746795155,159.5263921841918,96480.278507,96480.303523,0.7576875673571494
-85.62987701212255,43.91591636912641,159.2911974921144,96480.29184,96480.31689,0.92990293189018
-85.8928609425342,44.09884252502371,159.77491084912825,96480.305173,96480.330155,0.9071673558180394
-85.4421282264947,43.94658770755592,158.93121923362006,96480.318506,96480.342929,0.7676083416566213
-86.3927104990276,44.46551892989677,160.67864907375701,96480.33184,96480.355742,0.9184554882030734
-85.52116367373254,44.056612824857595,159.10643185850617,96480.345173,96480.369513,0.8477041222569518
-85.39971102844592,44.027513404083386,158.92988461500346,96480.358507,96480.382986,0.9190740570582421
-85.16391036254396,43.951237834549374,158.50248555651896,96480.37184,96480.395547,0.8605978822677862
-85.2855323614843,43.98787091147475,158.67348744742822,96480.385173,96480.412605,0.9199858028664304
-85.9715684697531,44.33783445022387,159.9550266452826,96480.398506,96480.423301,0.8514426851038032
-85.37306579904967,44.04478162240735,158.85377976266284,96480.41184,96480.436588,0.8662186890725678
-85.62057637034964,44.163321182306596,159.30198147180693,96480.425173,96480.450888,0.9180399845153651
-85.83950732108673,44.275383874369055,159.72169712126572,96480.438506,96480.463529,0.8531825513710972
-85.55155842839531,44.13364259163652,159.2362267160826,96480.451839,96480.477126,0.9038126811246705
-85.51396878269055,44.08297567576169,159.16910255737326,96480.465173,96480.490136,0.8790724132774095
-85.26483839316624,43.92612337835295,158.72594215108842,96480.478506,96480.502081,0.8056228800554712
-84.22796935402118,43.371822484895745,156.94708092884923,96480.49184,96480.516144,0.8782238161836531
-84.76486281094954,43.62818803472233,157.9196284253875,96480.505173,96480.528936,0.9056681690093549
-83.57984462955618,42.99553848297128,155.72948159068213,96480.518506,96480.543409,0.8546668462033027
-84.99758534343135,43.658629010345805,158.27792361470074,96480.531839,96480.55616,0.8522800612967668
-84.52863193341972,43.39386513169959,157.42408496244363,96480.545173,96480.569399,0.8153521962651717
-85.18333167986526,43.710264591789844,158.69874405378064,96480.558506,96480.584071,0.8871196833637469
-84.8158770888268,43.49173417669934,158.0008665413828,96480.571839,96480.597101,0.8501245954525906
-84.80453674558157,43.467483133694444,157.99740398682314,96480.585173,96480.610884,0.831949965638138
-85.26524554489859,43.65274414697221,158.84361228371353,96480.598506,96480.628993,0.8728305763578876
-85.22125363834793,43.58257957461105,158.7318007569379,96480.611839,96480.637049,0.9009225471245197
-84.98008434556921,43.438693011453964,158.3154237371405,96480.625173,96480.649721,0.9399690053851592
-84.86923956977502,43.36031960996582,158.1217236452297,96480.638506,96480.663846,0.8851521974650586
-84.61321548979393,43.202796394048065,157.6591198350634,96480.651839,96480.677378,0.8424357341785376
-85.24074635378754,43.43256464892983,158.80220291304224,96480.665172,96480.690563,0.889538067790271
-84.68434729210664,43.09250673024722,157.76269238525975,96480.678506,96480.702954,0.7983452948616035
-84.53349178899204,42.979705362583736,157.50426261501553,96480.691839,96480.716876,0.9466904463859781
-83.80638350967403,42.581948750349774,156.236049143821,96480.705173,96480.729215,0.8789616813925476
-84.39200309739077,42.80723185204173,157.2263495278267,96480.718506,96480.742963,0.8755108277917831
-85.11863233523576,43.115299949267914,158.49796625234237,96480.731839,96480.756256,0.8408363131451538
-85.15466470281845,43.11333933156762,158.62098769822032,96480.745173,96480.770387,0.9148459754263005
-84.42331341817646,42.734326095814694,157.28553838821264,96480.758506,96480.783556,0.8222819849101707
-84.29426682921037,42.64848035377312,157.1370879270199,96480.771839,96480.802418,0.7802412262846937
-84.45158352437852,42.65496572414226,157.47746347806475,96480.785172,96480.817291,0.9404622058904284
-84.52272301616888,42.65278425781381,157.68893117725145,96480.798506,96480.829814,0.7434365766136579
-84.66061741918152,42.63977289792169,158.0116541429873,96480.811839,96480.835323,0.8316050482240511
-85.00225374090977,42.77267168402079,158.75567930478906,96480.825172,96480.856065,0.8446995592391285
-84.17814108316185,42.27325755425337,157.29408481865863,96480.838506,96480.862254,0.8063206069335381
-84.22160231247153,42.22742539273873,157.50204119975112,96480.851839,96480.876105,0.8690768356635182
-83.7024995627173,41.91275323416437,156.69829191939672,96480.865172,96480.895714,0.9371857221258926
-84.41659659961987,42.18830116485767,158.09098906598118,96480.878506,96480.903698,0.8344227740768472
-84.1712075730349,41.95756793693831,157.94840488262332,96480.905172,96480.93003,0.9132524353472796
-82.87552539831447,41.278218005633946,155.76239284527077,96480.918505,96480.943217,0.9541350320906605
-83.66182266731577,41.61244858479459,157.2674789563415,96480.931839,96480.956313,0.9086397392748253
-83.28089601813566,41.39172290387244,156.7366671305361,96480.945172,96480.968695,0.9342324875343139
-83.58544996135038,41.46039843489185,157.45068459218663,96480.958506,96480.983975,0.7024624641277984
-82.86759203450825,41.09534985043099,156.31937065846927,96480.971839,96480.998985,0.9418379594615093
-83.04052973834465,41.1269830824182,156.93145697504053,96480.985172,96481.012716,0.76163085499919
-82.43468846387096,40.81468350667516,156.0400774410279,96480.998505,96481.023856,0.8964244240395817
-82.72893775202625,40.88902383981264,156.80469360073653,96481.011839,96481.036572,0.8742700088259727
-82.91723093768617,40.964366154013135,157.47706159723953,96481.025172,96481.049695,0.9120432452847648
-82.28512008904033,40.645486977946554,156.78113374630666,96481.051839,96481.079115,0.8968399446417993
-81.25214438256323,40.136062010272795,155.1543861658308,96481.065172,96481.091049,0.9415483827131815
-81.86052490408221,40.4542979952313,156.54623029487996,96481.078505,96481.103358,0.9339504133059285
-80.91402222933833,40.09549899695905,155.4807822697761,96481.105172,96481.130349,0.9312985397804817
-80.79757422607989,40.07103460986025,155.50669814708624,96481.118505,96481.14366,0.816849675735602
-80.60143313453459,40.025543288176316,155.48730801685534,96481.131838,96481.158268,0.9246227927625356
-80.56446949392974,40.06892245676868,155.7344991023162,96481.145172,96481.170784,0.9033088080376276
-80.4049571251057,40.07611382320067,155.79620673578532,96481.158505,96481.183498,0.922686469110901
-80.20982057580267,40.05268872863717,155.83047884566648,96481.171838,96481.197453,0.8938333942217477
-80.25833397778912,40.18593352524005,156.29797879754122,96481.185172,96481.21239,0.8288468625567883
-79.75672977635956,40.039770801785174,155.753579490588,96481.198505,96481.222532,0.8861568263509195
-79.06310493760179,39.84584342972368,154.87911804127634,96481.211838,96481.238859,0.6455288327088173
-78.82498610955933,39.85215410985094,154.90584515165173,96481.225172,96481.250482,0.8980180711316069
-79.33096746580935,40.21108976272432,156.25218395484904,96481.238505,96481.263771,0.8860479289876402
-78.39618724634904,39.914608969672486,155.03585994402067,96481.251838,96481.276458,0.8304433505461197
-78.78493007281612,40.285578285749416,156.29940700158383,96481.265172,96481.288948,0.905851558648788
-78.34374289499229,40.225693434599,155.93644734471573,96481.278505,96481.302364,0.8793361858758277
-77.87886888488825,40.193177135746694,155.67820938914815,96481.291839,96481.319356,0.9204320420231923
-77.23690415915733,40.04105264997952,154.98089006142547,96481.305171,96481.331411,0.8720559592323036
-77.40314193868052,40.329371497761954,155.9099777102371,96481.318505,96481.343846,0.9228379819083652
-77.70818593855795,40.67256225066148,157.11121531727213,96481.331838,96481.357755,0.8432910392981945
-76.63044491786573,40.339024248578994,155.6667385939937,96481.345172,96481.371861,0.875495835904195
-76.23320173034475,40.34035668001322,155.61485351084534,96481.358505,96481.382365,0.8712038236550312
-76.8714127962023,40.91057822491028,157.44277401110347,96481.371838,96481.397394,0.9301580205160135
-76.16273046769282,40.74503632886048,156.81988776183732,96481.385171,96481.412597,0.8530405473834032
-75.68877159655128,40.720839129941666,156.5898424693696,96481.398505,96481.423183,0.839672105517075
-75.12884184098073,40.61945943270854,156.18010486391472,96481.411838,96481.438654,0.8855034513285905
-74.78792170043323,40.642601394096495,156.24651531750308,96481.425172,96481.451034,0.9374019010748853
-74.96448046145876,40.93142487516714,157.41369770433346,96481.438505,96481.462951,0.9307193515233576
-73.91980057168767,40.576872957805236,156.05007960612957,96481.451838,96481.476345,0.8865262588242818
-74.2421112877506,40.96087451284363,157.44456996974677,96481.465171,96481.489775,0.8953593491360143
-73.69939392562777,40.8460336986124,157.1213551774488,96481.478505,96481.503594,0.9477383776515447
-73.30940172919713,40.82479477014949,157.15729842468807,96481.491838,96481.515755,0.9423541392415947
-73.12119903496368,40.895457250849155,157.62656501894995,96481.505171,96481.529537,0.9227506062328796
-72.71730910100722,40.891846917070296,157.58299043193253,96481.518505,96481.544239,0.9240534606982597
-72.31893660571986,40.89548478663171,157.6392910495218,96481.531838,96481.557536,0.8767154448267362
-71.67344305892617,40.75104618141475,157.12860880182896,96481.545171,96481.570359,0.9489180748047357
-71.60553976114277,40.90591763551954,157.87030480084417,96481.558505,96481.583756,0.9153459763801421
-70.92873191640298,40.759197164403794,157.3785251415979,96481.571838,96481.596623,0.8726292219948601
-70.58968842044494,40.7815313808292,157.5838362977934,96481.585171,96481.611969,0.8026168547867872
-69.57326791153028,40.43503896588643,156.40844641631395,96481.598504,96481.623354,0.935944515360287
-70.30768138366989,41.08096126953513,158.95490391117625,96481.611838,96481.638385,0.906095558665091
-69.92753212931562,41.11282792599954,159.09980811062653,96481.625171,96481.652338,0.8163171869279591
-69.18754472275297,40.954942830778805,158.5548907527867,96481.638504,96481.663524,0.8322076791287869
-68.5329840132981,40.829173040880455,158.12020666077197,96481.651838,96481.676592,0.9153928158091376
-68.64154322262804,41.14593186746906,159.38363796413697,96481.665171,96481.690239,0.8651454129445142
-67.46253226801466,40.72727920644362,157.87181917458386,96481.678504,96481.702165,0.9036392747779314
-67.42780548660257,40.932672643024084,158.7889833100673,96481.691838,96481.718469,0.8663321210217575
-66.989804515958,40.89903827913592,158.89600536885334,96481.705171,96481.731888,0.8656435567663933
-66.72865877354799,40.996068324743305,159.39515405490502,96481.718504,96481.743273,0.9204793391590724
-66.29411716359517,41.004510121283296,159.4424435662855,96481.731837,96481.756018,0.9174278354059375
-65.94385035743186,41.01740302363477,159.7760620984344,96481.745171,96481.7695,0.8627541049010752
-65.33879777366401,40.87239811704363,159.48551824966253,96481.758504,96481.783286,0.9002693683143802
-65.10839956145365,40.959480543909415,159.96783347371746,96481.771838,96481.796045,0.8141578067208423
-65.351503146083,41.37350848445158,161.71412723994277,96481.785171,96481.809179,0.883445439544072
-64.37123805351474,40.97931134045787,160.48213643712262,96481.798504,96481.828877,0.8825075343612939
-64.45858793004172,41.259295905686585,161.70851785331112,96481.811837,96481.835778,0.9219432143112591
-63.91359591371082,41.20718402472368,161.49878035824833,96481.825171,96481.84931,0.8389572288594136
-62.89685813371699,40.84140189811266,160.2006772144907,96481.838504,96481.862538,0.9140439628060003
-63.080848824665594,41.19455226314622,161.74967140662073,96481.851837,96481.876982,0.8599976039190369
-63.080261640731436,41.44333067594475,162.80721616795128,96481.865171,96481.889941,0.8203937441090305
-62.34747751534134,41.24574572737201,162.11549964805334,96481.878504,96481.902675,0.9118900274816042
-62.03630860969634,41.29353024058133,162.45314019430887,96481.891838,96481.916126,0.8346539703186462
-61.98917904471777,41.539863920491754,163.47223894299805,96481.905171,96481.929204,0.8923433427975557
-60.89446029161257,41.100403598759726,161.84264955944244,96481.918504,96481.942788,0.9110071693439661
-60.86734301041699,41.33160655558029,162.80889292057986,96481.931837,96481.956011,0.8894205270957326
-60.48347217545159,41.29868420754126,163.0233801344508,96481.94517,96481.969016,0.8659546464988949
-60.37949696909053,41.49270427983826,163.812312376411,96481.958504,96481.982827,0.8445511044298234
-60.117611497500356,41.55791636721427,164.27477002280543,96481.971837,96481.99581,0.8057553540653385
-59.39035196563863,41.334207925897694,163.4978637661092,96481.98517,96482.011455,0.7105217702993509
-59.483381869516556,41.61287511585797,164.78873949561572,96481.998504,96482.024687,0.8404810101392445
-58.75376373419694,41.37260146888865,164.02160801813437,96482.011837,96482.039082,0.8234205548150204
-58.621377368180205,41.50749101488152,164.71698726962987,96482.025171,96482.050282,0.890122976688143
-57.94906742565236,41.273720040519024,163.98465411074832,96482.038504,96482.062915,0.835391421410582
-57.3781108143925,41.13350250655789,163.53822398189925,96482.051837,96482.076257,0.8053878998155029
-57.384257127472274,41.35978645442488,164.55003484021756,96482.06517,96482.090825,0.8533465812555086
-57.15247733244983,41.42195020522637,165.01406598240396,96482.078504,96482.102324,0.8658353392240911
-56.61833611138322,41.267667013150316,164.52285691598672,96482.091837,96482.115688,0.8792366139447306
-56.28615651558212,41.22438864436349,164.61931727233267,96482.10517,96482.12879,0.8576290300374478
-55.87112588439122,41.19054855603808,164.46530483822136,96482.118504,96482.142589,0.8825919123533749
-55.867525457115505,41.38363443924615,165.44092479372748,96482.131837,96482.157466,0.8140833152728636
-55.434324391933856,41.295934929803494,165.29658329975686,96482.14517,96482.168916,0.8248610232378065
-55.03820391996669,41.22933578433124,165.08913998896935,96482.158504,96482.188812,0.7422299500366281
-54.887157928101274,41.32614134345009,165.60501225138643,96482.171837,96482.195712,0.7998102115877911
-54.254863118988446,41.140263266537204,164.92803369503292,96482.18517,96482.214384,0.8447920450194765
-53.756673209339525,41.028087370119955,164.65627855361058,96482.198503,96482.228713,0.7685924745304279
-53.615649451749846,41.18371572718838,165.25502381233525,96482.211837,96482.236556,0.8849167357034208
-53.808933004771795,41.521012270092214,166.89130815826806,96482.225171,96482.24918,0.8730025766574243
-53.4669326497176,41.518247370610666,167.08817920361608,96482.238503,96482.262711,0.7891904052573714
-52.62753792390893,41.129317870540135,165.65693697203716,96482.251837,96482.27757,0.8255846930887639
-52.157323923302656,40.985626104770525,165.48684836147993,96482.26517,96482.290243,0.8053921296954338
-52.02600652964115,41.15155013298165,166.28143911684703,96482.278503,96482.303284,0.8408043935610007
-51.295052290493736,40.84115038131821,165.2853812164752,96482.291837,96482.316529,0.7453973034625008
-50.89543724261141,40.79563123495148,165.21502763775993,96482.30517,96482.329475,0.7047230320985229
-51.27003319056208,41.34432551106634,167.49810871461835,96482.318503,96482.344343,0.8807535679504688
-50.91455181000726,41.3792273121984,167.5713871307993,96482.331837,96482.356637,0.7851955119482866
-50.572475415013045,41.42536751190787,167.74464459826413,96482.34517,96482.371058,0.8218417348259127
-49.871026318990765,41.17397814762619,166.81859664562452,96482.358504,96482.383945,0.8650528735116774
-49.772889016288964,41.42652685851892,167.74454396400802,96482.371836,96482.397216,0.8063821133951142
-49.27864992068565,41.34834178094781,167.48291256590304,96482.38517,96482.409291,0.8692282530342971
-48.70965973136134,41.524148491455286,168.19360230619196,96482.411837,96482.438767,0.803232874933466
-48.20866625522329,41.42198681607159,167.92784651612484,96482.42517,96482.449977,0.825417976483419
-47.405406484295796,41.09176333257298,166.66566709424242,96482.438503,96482.462608,0.8540396294536996
-47.10195081650211,41.09403254838761,166.97416983157396,96482.451836,96482.476161,0.6965235065201901
-46.768010199027955,41.085214280655435,167.20412680792842,96482.46517,96482.489655,0.8146091875353615
-46.771873375256504,41.37308431732642,168.49154764194802,96482.478503,96482.502975,0.8730973203289862
-46.263256915057234,41.23176577627044,168.24239965733113,96482.491837,96482.516089,0.7942137484534968
-46.211995387388974,41.46014260054247,169.37299255912725,96482.50517,96482.535606,0.803195142555421
-45.26925896898139,40.921073034552535,167.54181739994817,96482.518503,96482.54499,0.7876593294738015
-44.77107416451518,40.833196173202076,167.43998189848875,96482.531836,96482.562583,0.8792031758382967
-44.68783876354798,41.06806919008555,168.59820600182937,96482.54517,96482.571402,0.8314628214542827
-43.99744298464165,40.777439901157585,167.73536041701524,96482.558503,96482.582941,0.7389977205997895
-43.598667048335656,40.73616236168309,167.7961515439148,96482.571836,96482.595747,0.6924036839339219
-43.25171295419667,40.70706323904777,167.99931289223784,96482.585169,96482.609996,0.847118484620759
-42.435750418024284,40.3298115258952,166.62119129132404,96482.598503,96482.628971,0.8650539741079578
-42.05253152400805,40.30654357556063,166.7291966866731,96482.611836,96482.63617,0.7561203936846167
-41.8996442052704,40.494307401188735,167.61385552245912,96482.62517,96482.649128,0.7259371627582007
-41.420817726242525,40.39031119661949,167.45660812564483,96482.638503,96482.663319,0.7621534378649912
-40.961361779868746,40.345923481945746,167.33064940315225,96482.651836,96482.678345,0.8720773801411185
-40.72528955175777,40.46235295546499,168.02904766501135,96482.665169,96482.690528,0.8648621648735468
-40.28565608722148,40.40242851671087,168.01509394490066,96482.678503,96482.703794,0.8515012676529083
-40.10324723313824,40.62518130999586,169.15537510406568,96482.691836,96482.716817,0.8061833523587002
-39.873010445069234,40.753640007060085,169.87794165688214,96482.70517,96482.729455,0.8554107213006813
-38.77835310429847,40.05863725124993,167.46543924597898,96482.718503,96482.742912,0.8828130997266893
-38.37164396053236,40.06186610656529,167.70955375878088,96482.731836,96482.756822,0.8793546889587012
-38.22017713520276,40.258585400105375,168.9552286568524,96482.745169,96482.768637,0.8524113181133918
-37.835342440679916,40.2392408722647,169.19330158665454,96482.758503,96482.783952,0.84837205698513
-37.31212571326402,40.06004274562807,168.87615242689165,96482.771836,96482.797303,0.8039195920078659
-36.522164491875394,39.688718127251946,167.62427949042709,96482.785169,96482.809644,0.7950497624262695
-36.202570046030175,39.73823609218665,168.20519820405806,96482.798502,96482.822723,0.8479209703375652
-36.04179288861324,39.96272709940568,169.52572041317933,96482.811836,96482.836375,0.7852363463670438
-35.402605203448694,39.645065502499115,168.7711031073376,96482.825169,96482.849169,0.8580375565379694
-34.676015502943756,39.35066662618553,167.82771522471424,96482.838503,96482.863475,0.7913020524733463
-34.51465192931666,39.53790643156347,169.21793014632368,96482.851836,96482.87693,0.7382497506768267
-33.53136864286819,39.43207492346354,169.42902981257893,96482.878502,96482.902728,0.8301008438866623
-32.83304907146777,39.14782929437723,168.42201351024428,96482.891836,96482.915733,0.7169530236968018
-32.30607568108969,39.11394044676436,168.3888318108008,96482.905169,96482.929365,0.8096951140016462
-32.28242737094453,39.58272253987159,170.69747586556133,96482.918502,96482.942782,0.8082881695365276
-31.50434076858386,39.24715603174386,169.53758361092792,96482.931836,96482.955893,0.851140063138452
-31.202434844661553,39.41397135800344,170.43286499261635,96482.945169,96482.968769,0.8496707813257521
-30.357010419845974,39.03782294158994,169.01609096270877,96482.958503,96482.982492,0.8385482748701273
-29.925081579992575,39.055766977020006,169.2672701476377,96482.971836,96482.995452,0.7234348242537819
-29.58894467543642,39.27576474222016,170.28213799827202,96482.985169,96483.009172,0.8647857466781865
-28.761729782192486,38.860833508429586,168.47502576042092,96482.998502,96483.02358,0.8002772102226016
-28.30292500311288,38.928642189258525,168.8311780672461,96483.011835,96483.035789,0.7877115602830839
-27.79954401607576,38.90633622590279,168.66686369356782,96483.025169,96483.049348,0.831795947866897
-27.63697478042738,39.331842238814545,170.5331374969495,96483.038502,96483.062019,0.7675580631605673
-26.86316229569701,39.01322665315038,169.10400827657332,96483.051835,96483.076421,0.7783867679326758
-26.40985439486313,39.07058696984985,169.24611047453737,96483.065169,96483.095978,0.7690719562777433
-25.89843037874126,39.072215946524885,169.22317470138017,96483.078502,96483.108631,0.8118679490226003
-25.290026118602537,38.95189844630489,168.57936429683505,96483.091836,96483.117258,0.854553704690641
-25.100810228526342,39.34917109155535,170.315220492936,96483.105169,96483.129156,0.7801715255269576
-24.29874461458734,38.98524108974818,168.604331684737,96483.118502,96483.143861,0.8276837047293303
-24.0759493008433,39.42242732715571,170.32900956722048,96483.131835,96483.156866,0.7167736577799567
-23.551500929729734,39.40226931771162,170.0578670574264,96483.145169,96483.169946,0.8125280237204078
-22.929423586662796,39.256291206263406,169.1114453729559,96483.158502,96483.183454,0.8202127600691899
-22.637657040834572,39.63911240117935,170.6216964404248,96483.171835,96483.197354,0.7499853986972425
-22.185068615006877,39.7006540366553,170.5982301384975,96483.185169,96483.209644,0.8300170393281626
-21.46557790053552,39.42891256786031,169.35906996363389,96483.198502,96483.22468,0.7663787838359959
-21.127052157458987,39.68682775127155,170.36309494884378,96483.211835,96483.236655,0.8145170148992952
-20.62892180321156,39.66201203440219,170.15290302160338,96483.225169,96483.255293,0.798842236850032
-20.162663857797643,39.72273184281739,170.41987653802232,96483.238502,96483.263126,0.8417197569066018
-19.68151419820453,39.7742082411405,170.4101818334426,96483.251845,96483.276042,0.7599180448691265
-19.244537745142843,39.7645217119388,170.36368886062667,96483.265178,96483.290608,0.7932049503788828
-18.70608748921734,39.726585554569056,169.98127263751897,96483.278512,96483.302733,0.7697112562721464
-18.42213741514874,40.120072205015134,171.4682530129516,96483.291845,96483.316417,0.7622639871242316
-18.015247418870914,40.22734975062443,171.4981995897789,96483.305178,96483.330179,0.8017974166758713
-17.433653221327837,39.97528781865778,170.3764758669498,96483.318512,96483.3436,0.838485751972901
-16.90519017577275,39.8029207666534,169.58655870339695,96483.331845,96483.363262,0.8215626736546879
-16.476710140323004,39.78845676877599,169.4769203343659,96483.345178,96483.369033,0.8222533600647752
-16.165190543719614,40.04591271628436,170.5729743641954,96483.358512,96483.3888,0.7612675704117696
-15.762860493464999,40.090062750836545,170.56109396759925,96483.371845,96483.395852,0.7932878613479877
-15.287768448055495,39.997069780212364,170.18973762141616,96483.385178,96483.410022,0.8327385332766915
-14.922513595168391,40.1089298123733,170.56645749257726,96483.398511,96483.423127,0.7846140391995516
-14.576993662089242,40.251830654441186,171.15032502541283,96483.411845,96483.438053,0.7754589512050157
-14.089686498921864,40.12458523371125,170.55700263497067,96483.425179,96483.449764,0.7790297569420847
-13.660634075986641,40.11091395746307,170.4511826442961,96483.438511,96483.462437,0.7796666158165926
-13.239232126983664,40.120183631110265,170.43793101288372,96483.451845,96483.476146,0.7797463684135536
-12.85688780462913,40.19723528845646,170.72715316926528,96483.465178,96483.489314,0.778005736082916
-12.344674873731124,40.046784617509,170.11540216225046,96483.478511,96483.503624,0.8518571327805584
-11.926057320277563,40.12018086633581,170.5098840273124,96483.491845,96483.516427,0.7928145648095428
-11.500711088557436,40.14642128577102,170.95691488887846,96483.505178,96483.530981,0.7391114230240936
-11.131244802435292,40.3245314830177,171.99352190436602,96483.518511,96483.543345,0.8167491469517051
-10.593480576016294,40.06813082516048,171.03781367132865,96483.531845,96483.555765,0.7493176803399987
-10.165300681839556,40.23240118088188,172.19792113162944,96483.545178,96483.569797,0.7751382537007511
-9.644637372999131,40.04507000800305,171.50763117737134,96483.558512,96483.583453,0.7874868506484809
-9.294773883867695,40.358172551392,172.87610417953718,96483.571844,96483.598003,0.8449046423707758
-8.137850109232478,39.8481100043458,171.31426214767728,96483.598511,96483.623464,0.8517715534508986
-7.626538672982919,39.751610584807096,170.89735876639816,96483.611845,96483.636791,0.7287695691700139
-7.13491910022318,39.97537881114214,172.06044991942485,96483.625178,96483.649479,0.7301576833097657
-6.659498056085941,39.934905308523334,172.14411360854913,96483.638511,96483.66348,0.799710686857228
-6.112510060634467,39.81511535936974,171.7976295052636,96483.651844,96483.676192,0.8388010974052987
-5.588439207098914,39.715270131720445,171.30742696403146,96483.665178,96483.690578,0.8255685070647883
-5.110608036273228,39.86777022022209,172.00703154321803,96483.678511,96483.703695,0.8532864563785465
-4.614772384394855,39.96841913176257,172.45735971947178,96483.691845,96483.717662,0.8502842685368548
-4.15270424139278,40.14874271092494,173.2983529149452,96483.705178,96483.729483,0.6708945607602792
-3.081139330016402,40.03832319359733,173.36484580415157,96483.731844,96483.756603,0.7073409476790264
-2.4841798344953085,39.72559248789357,172.2624190309106,96483.745178,96483.770595,0.7134987290903794
-2.025068405112356,39.96686947766039,173.55730760292107,96483.758511,96483.782289,0.7159128542493395
-1.4569094813900154,39.771922187678314,173.01778817874475,96483.771845,96483.79848,0.7775799585615963
-0.9532111601240097,39.8593592933571,173.44802711636186,96483.785177,96483.809896,0.7259080194452104
0.12232066302766381,39.64939529425247,173.29251677385736,96483.811844,96483.836859,0.7268000340235568
0.6604552916599434,39.73852459224231,173.94206103591736,96483.825178,96483.849563,0.735987909053393
1.1997159073178918,39.42622012254919,173.0355019186299,96483.838511,96483.863594,0.7208691620650596
1.732298708319066,39.65873001738839,174.42444887412367,96483.851844,96483.877373,0.6980971692368662
2.249823620198614,39.42650689913497,173.61492609475263,96483.865177,96483.889791,0.6965770571599512
2.774002434008,39.46654325119712,173.9746459483863,96483.878511,96483.902613,0.7476081676420534
3.811695490549152,39.785624023027424,175.65717842086647,96483.905177,96483.929167,0.7361060467867531
4.300251307473767,39.296179471384285,173.46905080368433,96483.918511,96483.944155,0.7533476360468699
4.791135778815657,39.69658773335012,175.29135024538462,96483.931844,96483.962442,0.8271884926602934
5.2816735412008695,39.26348790339972,173.54385320757962,96483.945177,96483.977488,0.688456807834852
5.761998787417464,39.6701869737251,175.46360345725782,96483.958511,96483.982659,0.7661282966718367
6.2121931477732915,39.69118215089304,175.87697297142526,96483.971844,96483.996022,0.7629922305947837
6.679344426510434,39.75566568792597,176.485287196492,96483.985177,96484.009846,0.7551097733516794
7.133694936877026,39.692932166502,176.65171785166822,96483.99851,96484.025932,0.7442393008370496
7.608497621672005,39.83727652246914,177.62362836807418,96484.011844,96484.035595,0.6649970512266445
8.526787641780873,39.3714117031365,176.3572027187891,96484.038511,96484.062726,0.7361519820854614
9.435798186935015,39.25772547509381,176.73506799223932,96484.065177,96484.090419,0.7231089724746883
9.931088734617303,39.51140091907409,178.5384519703499,96484.07851,96484.109056,0.7815296824317454
10.298114455609996,39.04380129288118,176.6774895105505,96484.091844,96484.11713,0.7186644776379788
10.813412681026145,39.33107241560262,178.45888007663643,96484.105177,96484.129208,0.742628540308427
11.165700602708519,38.97402685408494,177.38507250264968,96484.11851,96484.151442,0.7396509640974032
11.70037769071862,39.305469963487994,179.03054348703722,96484.131844,96484.156271,0.7936152109540017
12.46190154168054,38.92757955874649,178.05553756898715,96484.158511,96484.184673,0.6750870595946553
13.310470969825815,39.10220710205894,179.4708894517311,96484.185177,96484.211756,0.7920294272095009
13.60897024683439,38.74922948385811,177.9906405173033,96484.19851,96484.222556,0.7342917237494635
14.024874227280597,38.86646889627489,178.5994288050965,96484.211843,96484.237076,0.7208404825938189
14.376310179078185,38.80098687600084,178.35857777161036,96484.225177,96484.249952,0.7290312818026706
15.031970137883924,38.92221466168838,178.9504954936939,96484.251843,96484.275684,0.7831060217103851
15.738808514355107,39.14866273515138,179.89553218624363,96484.27851,96484.302203,0.7975348159598208
16.231662761460786,38.91578532833831,178.63006734284363,96484.305177,96484.329705,0.7206585600697465
16.584277761371606,39.10735288144285,179.49531114873903,96484.31851,96484.343041,0.7946135172412749
16.842661479553932,39.12360579382233,179.466835180613,96484.331843,96484.356706,0.7606879954724525
17.2227490519377,39.37796202436383,180.64787309584307,96484.345177,96484.371854,0.7576161261205846
17.56727632737994,38.973481640421575,178.63194236146632,96484.371843,96484.396924,0.7237161134093466
17.98856646708602,39.344990306523506,180.38882580180513,96484.385177,96484.409114,0.7974078279879658
18.227638240042168,39.29333214002971,180.11571197325918,96484.39851,96484.423199,0.79052256537898
18.491141114158708,39.341498980333625,180.38345020125155,96484.411843,96484.436361,0.7845134283893491
18.677922363201287,39.17235990228431,179.53313684660344,96484.425177,96484.449358,0.729158737998315
18.950278871262974,39.2126749174365,179.89714714964933,96484.43851,96484.462645,0.7428861031042902
19.199512975966826,39.26500080898086,180.15470358887876,96484.451843,96484.477268,0.7375459299736853
19.77146683945889,38.79646472448611,178.52888072374918,96484.491843,96484.515874,0.7595587839723759
20.055783027080317,38.96628911402347,179.439912387791,96484.505176,96484.535425,0.7550000456549665
20.246227791025934,38.902589145438924,179.16874546369746,96484.51851,96484.54305,0.7204983890311625
20.46853453401832,38.90956864225548,179.18245431644652,96484.531843,96484.556344,0.7204166452277146
20.776084214151545,38.639888542106384,178.39688278342393,96484.55851,96484.583286,0.7157355847573524
21.077096775051217,38.88886845277536,179.65338092016464,96484.571843,96484.597328,0.7028427779687837
21.274494070035516,38.85837190908197,179.54594326378503,96484.585176,96484.609839,0.7116256398810126
21.452477902509226,38.86454522382516,179.60920449568607,96484.59851,96484.622634,0.7538821801881787
21.567139815115542,38.73469523380218,179.17654304800547,96484.611843,96484.635863,0.773041380467235
21.63315757479045,38.51087364593492,178.18022096155178,96484.625177,96484.649249,0.6876586492572052
21.917152366545718,38.76765934556477,179.44086147358294,96484.638509,96484.663427,0.8037275901761137
22.04862255407765,38.44209411305469,177.9847415765253,96484.665176,96484.690127,0.6887621079149533
22.441937628735364,38.866405448824125,179.91623335732143,96484.67851,96484.703545,0.7876735349205722
22.480418174315233,38.46371504194444,178.03337074315925,96484.705176,96484.729648,0.6555509189478993
22.588901503880724,38.47969268618898,178.02471051202792,96484.718509,96484.743711,0.6555974662904884
22.73033371250167,38.44867700760045,177.84895806122603,96484.731843,96484.755798,0.757811726951629
22.868018264093763,38.54879557993207,178.28598711436555,96484.745176,96484.768754,0.7284789155373183
22.934179091420393,38.43455236790206,177.7285941455747,96484.75851,96484.784185,0.7761650165916478
22.942009304504275,38.27586384017158,177.0307999858428,96484.771843,96484.796067,0.6682184992955009
23.18945924678552,38.52526783435142,178.07914048635115,96484.785176,96484.808961,0.7626327492743392
23.263156935293544,38.4316103073553,177.6716256914711,96484.798509,96484.82358,0.8155224953901927
23.315683601797335,38.34813250891871,177.12641253796838,96484.811843,96484.835492,0.8166600271517128
23.724393789512167,38.62231910408203,178.2894445731484,96484.851842,96484.877202,0.7274967760166329
23.842208269985257,38.7104161412679,178.6935330003005,96484.865176,96484.890371,0.7637096680408724
23.849543979888246,38.529762701525485,178.09887515961222,96484.878509,96484.907227,0.7417199104145958
24.11559965473021,38.49954966478713,179.0164479092767,96484.905176,96484.931219,0.7162192648093044
24.253188301014674,38.387050218201196,179.38585429491417,96484.918509,96484.94257,0.7717021847569028
24.20488476326079,37.91776430410256,178.18700261218362,96484.931842,96484.957564,0.7582536175983039
24.36279142592267,37.86115889300014,179.0014981226186,96484.945176,96484.969464,0.709538343981424
24.528207845073258,37.7870941225413,179.6582486313625,96484.958509,96484.984437,0.7563198847045867
24.513359640592075,37.41455789324026,178.95239047277823,96484.971843,96484.997494,0.7285036019560546
24.618450632292294,37.25384956792385,179.32335887008506,96484.985176,96485.009726,0.7745868621134456
24.64095913061123,36.96820864219559,179.08464557934855,96484.998509,96485.022958,0.6865238042066861
24.604827160773468,36.63043512128132,178.61244608279563,96485.011842,96485.036893,0.709759821330984
24.736561776779435,35.35924670504279,178.49044497021293,96485.065175,96485.091526,0.760059979769862
24.946782035075508,35.25492412223797,180.05686572738557,96485.078509,96485.102739,0.7551555316005113
24.994074994679696,34.80581725291484,180.18780406278762,96485.091842,96485.116128,0.7685069860609097
25.08524054202678,34.4448917767504,180.8739610986862,96485.105176,96485.129883,0.7606704987885802
24.97379309986921,33.730468247252375,179.5199833650098,96485.118509,96485.143073,0.8007778895659361
25.155545885802287,33.45541166418024,180.90924763390268,96485.131842,96485.156225,0.6389010012762845
25.118608717474533,32.82262154927628,180.4020100077788,96485.145175,96485.170182,0.7842902261057851
25.265112988589255,32.50019890273741,181.58939589979533,96485.158509,96485.184224,0.7807219066622119
25.34102364918597,32.00167702786708,182.0572183793531,96485.171842,96485.19628,0.6914938097174492
25.212552760490915,31.3303304236639,181.16759636942444,96485.185175,96485.211513,0.7759929489856171
25.116216085268807,30.629217172765443,180.52146201276187,96485.198509,96485.224824,0.7965235865815875
25.21852756888795,30.114299084824413,181.1522975394397,96485.211842,96485.236907,0.7598039414586658
25.237367475896303,29.58167956194992,181.46760434625415,96485.225175,96485.249471,0.729320932163103
25.370657576244362,29.123006248867433,182.5896810241416,96485.238509,96485.262905,0.7270081880139242
25.4590838421973,28.610830718664364,183.44894757730623,96485.251842,96485.277351,0.6776471133495346
25.50945064284434,28.019006019286987,183.94644640483244,96485.265175,96485.289057,0.7061397627676669
25.378634319458936,27.143649917511233,183.03639388442755,96485.278509,96485.302217,0.6366124523021286
25.383298094582535,26.409328372038168,183.2027696281951,96485.291842,96485.317955,0.6903752457610861
25.35633404528681,25.62269469382515,182.77361430819528,96485.305175,96485.330069,0.669017095539253
25.514092567306903,24.266067850049104,184.03074290294302,96485.331842,96485.357679,0.655838616896431
25.48916288256998,23.477647994714555,183.74967493040347,96485.345175,96485.369849,0.6493348203734335
25.696495947938168,22.944193470853495,185.79674929078823,96485.358509,96485.382678,0.7063946098509423
25.858725431432898,22.351044175307543,187.172610189098,96485.371842,96485.395949,0.6211826024504639
25.668810335937945,21.439158540603,185.9780966937239,96485.385175,96485.410244,0.7275201508913882
25.683237211067926,20.807745290606736,186.25048038311573,96485.398508,96485.422567,0.7395207115631998
25.638120081864393,20.083074445199966,186.41495110735923,96485.411842,96485.435844,0.735582355635114
25.690987087623977,19.434884916347436,187.07944915463082,96485.425175,96485.450544,0.6551209911024294
25.741978564721137,18.756060647356644,187.77947188372377,96485.438508,96485.462709,0.6526319197167026
25.567517111752924,17.856130902542915,186.6486606547247,96485.451842,96485.475853,0.7373202577324877
25.74020930857166,17.222904348648076,187.97991263171315,96485.465175,96485.48911,0.7110908095251726
25.694254248668155,16.508390636439724,187.87194720774195,96485.478508,96485.501977,0.6641983310154351
25.829152295979107,15.90084001108615,189.18953807194916,96485.491842,96485.523866,0.7387364128536722
25.69524029350647,15.165326591499321,188.30003912659342,96485.505175,96485.529021,0.6868066889477354
25.641629779428552,14.44867826648579,187.99666840848246,96485.518508,96485.544495,0.6086296254961708
25.712692281517835,13.834829500258028,188.58147689152787,96485.531841,96485.556107,0.6270762757777799
25.710496721241434,13.16405968999623,188.2775164149179,96485.545175,96485.570732,0.6747060549355328
25.809982770172137,11.967385812350384,189.1849874432463,96485.571841,96485.596198,0.6189750112968796
25.824272346920896,11.262669274811875,189.18220731278774,96485.585175,96485.609117,0.6189905401610859
25.842373041913955,10.665812524959314,189.35579567097764,96485.598508,96485.62404,0.70452464164583
26.06294489994601,9.621121881022543,191.37950074410884,96485.625175,96485.649645,0.6718629698996016
26.07732250444213,9.045846175980316,191.80446561559555,96485.638508,96485.663684,0.6880896723007112
26.067989826699844,8.487506624647745,191.8327146066713,96485.651841,96485.675959,0.7196397776311715
26.16064235124753,7.86510803098021,192.42245025278135,96485.665175,96485.689599,0.6981123150226883
26.029371699545752,7.216397480164877,191.39404852616303,96485.678508,96485.702602,0.6804410741228312
26.23768367701164,6.6018328907385095,192.92700350196318,96485.691841,96485.715599,0.6297850043323503
26.230057853532355,5.947047363954199,192.7186607868651,96485.705174,96485.737449,0.6527643236640635
26.1795102122802,5.329141953795803,192.23469682284795,96485.718508,96485.742639,0.6123100946308505
26.2246114831798,4.769814083180388,192.8640734380747,96485.731841,96485.757975,0.6872816733566353
26.359277763137108,4.256721431012547,194.21560732757837,96485.745175,96485.768703,0.642220741267186
26.406789976415002,3.762567842266834,194.77925782232543,96485.758508,96485.783746,0.6679137870764341
26.223933290802016,2.836288439837723,193.951901859076,96485.785174,96485.809129,0.6016706414480051
26.30021148425783,2.3778495646646167,194.78283590402128,96485.798508,96485.82212,0.6274085500344928
26.100934839228323,1.8907156444325066,193.72899490667714,96485.811841,96485.837196,0.6995568554957412
26.088459331065287,1.471945877138237,194.2287958441443,96485.825175,96485.848743,0.6177201115113095
26.115130302306014,0.9921008089188076,194.79583009784744,96485.838508,96485.863462,0.6441375400935961
26.064962140386374,0.6235747104928646,195.26425263337828,96485.851841,96485.877153,0.6157250761853206
26.08846104710274,0.2241774658153472,195.97399518752306,96485.865174,96485.897487,0.6823447766934608
25.664858543154853,-0.7115813892427744,194.7873588460979,96485.905174,96485.929365,0.6441894073462775
25.70687915743444,-0.9929392451290229,196.37606419649373,96485.918508,96485.943211,0.5728841500037044
25.512830876347824,-1.2490626894173393,195.65655161246065,96485.931841,96485.957733,0.6121098881815703
25.327966493280737,-1.5462534604696703,194.90630425621728,96485.945174,96485.973773,0.6726886036324112
25.2095124809697,-2.1245402062322545,196.2799847103498,96485.971841,96485.997665,0.6492470136894987
25.00673268757529,-2.4195514695156475,195.15783678350093,96485.985174,96486.010813,0.6266698517899096
25.054236150158662,-2.7325384173744403,196.87363497040286,96485.998507,96486.034002,0.6647113216607243
24.817816390909734,-2.903510526974958,195.65041719328178,96486.011841,96486.037026,0.661970215316672
24.63276820379478,-3.1394359946507016,195.4332834583759,96486.025174,96486.059777,0.6694275686935615
24.386286653360244,-3.955812010559406,197.33109975423372,96486.065174,96486.091132,0.6456366847042887
24.018145556241333,-4.174708952991753,194.6805440988772,96486.078507,96486.109382,0.597974623393802
23.98266290339463,-4.495063875954684,195.22731992937486,96486.091841,96486.119696,0.5835115152586482
24.015096460961733,-4.863969675670461,196.33686576860276,96486.105174,96486.129996,0.679881847204973
23.78233505597582,-5.38319582781979,196.35104508062662,96486.13184,96486.164601,0.6781644963944926
23.520438714488908,-5.607360791805165,195.8598244172959,96486.145174,96486.169791,0.6558866592358112
23.20307818316131,-6.052697149164517,195.54866537760827,96486.171841,96486.200645,0.5945506966417843
23.14186126183831,-6.334982084147879,196.8918365244627,96486.185174,96486.216777,0.6602539783375068
22.83473980038898,-6.4796528147720425,195.54411663830106,96486.198507,96486.229807,0.6109757559335653
22.732744944124246,-6.709582160108356,196.16479987270006,96486.21184,96486.246046,0.65258005385007
22.70123982764671,-6.997019803311215,197.1061087318496,96486.225174,96486.24983,0.6859592751210027
22.42826928745644,-7.14044076952793,195.24945325494363,96486.238507,96486.262769,0.5851009656446047
22.33014448007531,-7.464662353579543,195.20736291974592,96486.265174,96486.289386,0.6986175805350272
22.375932236561958,-7.662346554883715,196.08715913088602,96486.278507,96486.302546,0.6697806305090429
22.41991646472281,-7.838138983247225,196.79474716915257,96486.29184,96486.316078,0.6483271534228005
22.50220124108605,-8.00319811894418,197.3742388604201,96486.305174,96486.329198,0.6176349697087785
22.396024647528254,-8.150842543607123,196.39593604939859,96486.318507,96486.342302,0.635224683807365
22.456473264792006,-8.345999776231693,196.7222652118785,96486.33184,96486.357746,0.6871094696230471
22.67950523073808,-8.911118727696648,196.48357708736881,96486.37184,96486.402506,0.6639816051955387
22.779784709730613,-9.074585974377712,195.98383082166697,96486.385173,96486.409948,0.5859579441442127
23.13659313212565,-9.304455058298247,196.44314745674475,96486.41184,96486.443792,0.6775618799806034
23.820221088547104,-9.786055759487438,195.6569617851045,96486.45184,96486.484147,0.6810968254001082
23.973635220248553,-9.973399187721284,194.21107747079947,96486.465173,96486.496191,0.5971663070398869
24.448489565593366,-10.2303733862939,195.46107896498353,96486.478507,96486.50903,0.5521890073933848
24.800356469169845,-10.469926089357223,195.68004247911517,96486.49184,96486.515885,0.6678478376207116
25.110747036624154,-10.61240199079232,194.77918819990097,96486.505173,96486.530035,0.5835319591152865
25.551566201796383,-10.80864307859711,195.2555048710942,96486.518507,96486.544765,0.6400434844377301
26.162420673588688,-11.063255460866056,196.88794459941892,96486.53184,96486.557301,0.6507429125356919
26.269090445796486,-11.089462977108115,194.01515795238242,96486.545173,96486.569522,0.6401795481524905
27.360981918754476,-11.342489186721819,195.10128909543846,96486.57184,96486.596622,0.6590239421654622
27.78112362167718,-11.349850680109238,194.60957122436875,96486.585173,96486.60906,0.5983775876660938
28.373969918178755,-11.365877357185349,195.16251547848978,96486.598506,96486.624482,0.6525855500070977
29.355736687491742,-11.37161768390904,194.34049605641403,96486.625174,96486.649922,0.6731856725546401
31.598555308462164,-11.321078186068517,193.08859967535685,96486.678506,96486.702973,0.6955177459021988
34.31225556367116,-11.198855364316817,193.65255439687886,96486.73184,96486.757718,0.671161545792599
35.04884218541948,-11.193310809409862,193.64234843314406,96486.745173,96486.770428,0.6822890050883144
35.85198453537792,-11.176242411264614,194.10645257523004,96486.758507,96486.783719,0.6878101234779701
36.434739106010504,-11.103209928298748,193.50785750939124,96486.771839,96486.796695,0.6720747316818021
37.21350232280504,-11.049106476091717,193.78405595408853,96486.785173,96486.808977,0.6979737338185138
37.92140911076397,-10.99531042926676,193.81608233955797,96486.798506,96486.822454,0.6043268355983019
41.172355698278395,-10.980583449373254,194.5461917287295,96486.851839,96486.877933,0.5737836475132986
41.7500939649479,-10.911548159338361,193.7227722776218,96486.865173,96486.889516,0.5543121941332043
43.35231702593511,-10.863623014307576,193.30395003576282,96486.89184,96486.924842,0.5461536712401159
45.255395543839235,-10.967470483863112,194.05417011946216,96486.918506,96486.943439,0.6947631718340459
46.2464296279661,-10.988651513094593,194.6102060569842,96486.931839,96486.956041,0.623904650110357
47.51988536061472,-10.899687026362594,192.46196241332748,96486.958506,96486.982705,0.6308503042564234
48.662007532433094,-10.956174585632107,193.57067796928422,96486.971839,96486.996349,0.6123733375037258
50.124043884219645,-10.947946458681,192.400431557335,96486.998506,96487.022294,0.6438083322988104
51.04824353041986,-10.987994373137195,192.5239799277423,96487.011839,96487.035449,0.6997898713986499
52.187670622674176,-11.047765776784077,193.78038254725786,96487.025173,96487.0497,0.5880339934091523
52.96325621948047,-11.046385164066802,193.40514944573567,96487.038506,96487.06278,0.6766520215489974
53.74953962680452,-11.024146175427504,192.95741741674456,96487.051839,96487.078143,0.6599858722479055
55.54871871100385,-11.187323433557014,193.36212633900368,96487.078506,96487.104324,0.7109191577399754
58.064169398134744,-11.334011930091162,193.1564835144613,96487.118506,96487.142394,0.6854058498765522
59.038765453551825,-11.401518276975636,193.79430188323553,96487.131839,96487.156444,0.6908433573088851
60.036528234373584,-11.488618538022905,194.17410380174186,96487.145172,96487.168934,0.695410623778492
60.70273047532662,-11.464976329065678,193.73499046647476,96487.158506,96487.182826,0.5470984395202054
62.12891464137674,-11.494423271309234,193.28983231221468,96487.185172,96487.2107,0.6044259862345129
63.14207797011244,-11.603812611268133,194.1415730728083,96487.198505,96487.223067,0.6361299691572344
64.03418319476495,-11.636336699714212,194.62543451251534,96487.211839,96487.237193,0.6315394307253603
64.85192008646705,-11.690486234373996,194.92909856768455,96487.225172,96487.250404,0.7004726762154363
65.32800656879128,-11.684046871211079,194.17333475644875,96487.238506,96487.264108,0.6618806803096313
66.11634292724543,-11.652659391637332,194.47153923444174,96487.251839,96487.276,0.6292501577535106
66.85794176613493,-11.609470514191514,192.5986689380464,96487.278505,96487.303978,0.6097949324202698
67.72795327397296,-11.668924100394504,193.38767223782293,96487.291839,96487.322201,0.7092946038585395
68.3591330112207,-11.695542911524946,193.32950172006238,96487.305172,96487.32953,0.6603941733120644
68.69024566223666,-11.641186417018584,192.50139239038106,96487.318505,96487.343052,0.7104440304017955
69.62689984553413,-11.744901245880548,193.42654056170417,96487.331839,96487.356163,0.6578577290140513
71.15668669725063,-11.863364310772567,194.47209761081524,96487.358506,96487.385274,0.6341437638992188
71.36634827705373,-11.826252947961201,193.31675977226547,96487.371839,96487.397151,0.6702976573568582
71.6476671361101,-11.792854837361926,192.57441580243483,96487.385172,96487.40919,0.705530368163248
72.7302882719226,-11.95041522105418,194.09474535860394,96487.398505,96487.422483,0.644230957766605
73.70221138781484,-11.93920325015727,192.29265009587485,96487.438505,96487.463244,0.6376245169677579
74.46652992443163,-12.009474527110013,192.85068580683878,96487.451838,96487.476656,0.693181467441953
75.12212119121575,-12.053221617766928,193.2751587653814,96487.465172,96487.48952,0.6907577565903993
75.91298081366334,-12.117380241846828,193.93079225184388,96487.478505,96487.502054,0.652705395197213
77.42999414450627,-12.209783748492242,193.84585649259736,96487.518505,96487.542391,0.7076942900493509
77.97954763064999,-12.262969206498294,193.98352708680295,96487.531838,96487.555424,0.6491955324477311
78.64265900207923,-12.325885359211604,194.40106183288162,96487.545172,96487.568788,0.6546650561396736
78.85393909519237,-12.353169191127726,193.6520195743083,96487.558506,96487.583937,0.6375230335912622
79.54119560871226,-12.465781567668513,194.1491813790523,96487.571838,96487.602052,0.6811043613158765
79.94848543130335,-12.511369712937029,193.89997849125152,96487.585172,96487.610358,0.6636324964855228
80.42470496530746,-12.631225108782141,193.96240795566308,96487.598505,96487.623296,0.6785279178483844
81.32802990128879,-12.7562098568274,195.0156955301479,96487.611838,96487.635512,0.6886306161515445
81.64435716905145,-12.83580845965446,194.64287078064993,96487.625172,96487.649444,0.6551273918848702
81.41112554188737,-12.795290606555504,192.96876446212806,96487.638505,96487.663496,0.6336219387167759
81.8061046231217,-12.835969536998434,192.87729980724703,96487.651838,96487.675638,0.6325654415930612
82.7099295704734,-12.979955132005701,193.95425986407068,96487.665171,96487.68922,0.5389609579512772
83.505476625027,-13.177568019243894,194.9176710297795,96487.678505,96487.703037,0.6605730321698186
83.77302829237273,-13.206692120401275,194.52448451634703,96487.691838,96487.716016,0.5892220825628487
83.67564059600234,-13.227578888214088,193.2651865576947,96487.705171,96487.729425,0.6237266813690092
84.03884064828402,-13.2980888193026,193.22624206406175,96487.718505,96487.742761,0.617511230060229
85.2405684000513,-13.504731055630005,195.0961561158573,96487.731838,96487.758281,0.6732236567032384
85.75503122599395,-13.615747138503133,195.41130753922312,96487.745171,96487.771472,0.5801273648926473
86.01616097576114,-13.668445110194364,195.1418487994375,96487.758505,96487.784045,0.6902563729640628
86.84114762162164,-13.818228943222215,196.15179646178646,96487.771838,96487.796082,0.5317370750528724
87.01449348123248,-13.877483509812361,195.73776470965922,96487.785171,96487.809185,0.6950815686022719
86.85541591885196,-13.846566831054467,194.58254959559864,96487.798505,96487.822311,0.6732026685720697
87.9118654991087,-14.044898395091911,196.1963004005279,96487.811838,96487.836377,0.6920246639964807
87.83829846597901,-14.044168830397679,195.31785412919044,96487.825172,96487.849331,0.660476161040189
88.02207779582103,-14.073065655721976,195.0221314723571,96487.838504,96487.86336,0.658760188983976
88.6778625154202,-14.166223406228786,195.83621099155928,96487.851838,96487.877311,0.5442740511321584
89.44305498500425,-14.2729629742539,196.00533437030546,96487.891838,96487.916154,0.5311615003020755
89.22177405840685,-14.258986612075695,195.08817962570762,96487.905171,96487.930511,0.6681460155659261
89.78077374704512,-14.307131962576843,195.91185634809682,96487.918505,96487.944096,0.626436059889956
89.4291130203237,-14.213968812711993,194.86343242204407,96487.931838,96487.957538,0.5306223862017896
90.34529895990964,-14.30272202793147,196.67063304080617,96487.945171,96487.969354,0.6007740452672108
90.33395187194047,-14.258477915621132,196.5644159251221,96487.958505,96487.982113,0.6592248267469137
90.50013123303641,-14.24409577454524,196.89725268236134,96487.971838,96487.996739,0.6006814620900619
90.19727895400254,-14.136924449653398,196.18367311206734,96487.985171,96488.0096,0.6543482280042324
90.32417607269622,-14.098853174154096,196.50350639923005,96487.998504,96488.022587,0.6636772880580195
90.19002055191908,-14.025384020211346,196.31546136814046,96488.011838,96488.035934,0.578232357685315
89.84543380386127,-13.902728961428497,195.78333955422255,96488.025171,96488.049938,0.5419535774424724
89.5675948087018,-13.800293011798864,195.3845872801923,96488.038504,96488.062315,0.6771301050716267
89.78143102864568,-13.708565323359476,196.54183174501978,96488.065171,96488.089203,0.5904411607274953
89.90724824443387,-13.682563162362909,197.31450939922817,96488.078504,96488.102229,0.6517720335207785
89.08456545863531,-13.462525966987789,195.98020051673586,96488.091838,96488.115849,0.6313800748096022
88.71941770472789,-13.373538096330988,195.68656043240108,96488.105171,96488.129179,0.6840980472428673
88.54720037717269,-13.29312911843327,195.97863728135343,96488.118504,96488.144413,0.6504454741545479
89.34762260110216,-13.386813381653855,198.54196431031832,96488.131837,96488.155695,0.5596162825740669
88.29106055620744,-13.161608566010296,196.95128259846,96488.145171,96488.171116,0.5383372001517236
88.35204277413908,-13.117309881992353,197.92672857021475,96488.158504,96488.182821,0.6180484705527154
87.17746530422008,-12.871533929769537,196.19107589618545,96488.171837,96488.197643,0.6356775310906699
87.13321842371404,-12.835582942580032,197.13349529645564,96488.185171,96488.209576,0.5794814988239871
86.06351105046842,-12.546210465104648,196.79699191984645,96488.211837,96488.239013,0.6164617996877814
86.51400513989057,-12.53035847480614,199.26010568608334,96488.225171,96488.25278,0.5518301178920532
85.23164110354143,-12.346340648473776,197.59425797922785,96488.238504,96488.26355,0.6232439915168269
84.90305559081582,-12.274627570184512,198.12577059860416,96488.251837,96488.276545,0.5650709160100138
83.69335768761937,-12.072826280837457,196.79736050337547,96488.26517,96488.289734,0.6859165906838096
82.02342079401961,-11.844591335233202,197.7082787289602,96488.305171,96488.331359,0.5164646354544199
81.38609097498285,-11.833401811130384,197.9106027062147,96488.318504,96488.342869,0.563402051787635
80.36870789657138,-11.70524097684194,197.19756829868376,96488.331837,96488.362226,0.6614845411189694
79.66718487444847,-11.62363719575443,197.30056460654203,96488.34517,96488.375151,0.5719751788979871
79.67612297946879,-11.734445292509252,199.41774272109348,96488.358504,96488.382902,0.5655455996824013
77.8571091209188,-11.533618590776108,196.91012916425706,96488.371837,96488.396766,0.6640491775264784
76.93677320871132,-11.4412255974146,196.58766388665927,96488.38517,96488.409636,0.6220380604641581
76.9407035687782,-11.490157014575546,198.75321258832986,96488.398504,96488.422322,0.5474970643326901
75.47386072372065,-11.354140324491935,197.1098346589525,96488.411837,96488.435362,0.6303790472699228
75.0893971148764,-11.418562500837822,198.4057325510564,96488.42517,96488.449174,0.5856716309164869
73.99358926559391,-11.338052342852437,197.79596293480665,96488.438504,96488.462279,0.6403780275944325
73.39448988096835,-11.338391277243202,198.56145228179588,96488.451837,96488.475886,0.5887043222474604
72.37345083712366,-11.282522322036664,198.2635776035229,96488.46517,96488.488806,0.5974793973760324
70.78765581575924,-11.157177188317915,196.31065916536073,96488.478504,96488.502332,0.5798169312307876
70.1910564462923,-11.179038852827109,197.3230493898798,96488.491837,96488.518119,0.6583638431292073
69.320418265257,-11.135129031214158,197.4283279544837,96488.50517,96488.529329,0.664780720750187
68.85248128759163,-11.157578238176454,198.78644641168376,96488.518503,96488.544637,0.5514439116476954
67.94155618147248,-11.179226640739207,199.01005705803274,96488.531837,96488.557203,0.5502256091068093
67.19038358401266,-11.233847506801675,199.77385028360644,96488.54517,96488.568651,0.6256721911283214
65.7898208413627,-11.184978412811923,198.5143717941986,96488.558504,96488.582746,0.6552670921787817
64.54327553051331,-11.089555774085037,197.74364647671894,96488.571837,96488.595597,0.5772977194615758
63.589889941698964,-11.129250546102368,198.12225917836977,96488.58517,96488.609151,0.647534270389585
62.826081310198724,-11.163950084160215,199.03390482551566,96488.598503,96488.622454,0.6564117263850788
61.038672639442865,-11.020032700705551,196.4172812154015,96488.611837,96488.635998,0.686610474787079
60.13903449218807,-11.07937747606701,196.99215841258214,96488.62517,96488.64953,0.6625636213529832
59.54071940603331,-11.203386909791925,198.62901742349538,96488.638503,96488.662496,0.6590440242677731
58.44995507991511,-11.217887197698783,198.41405455806762,96488.651837,96488.677092,0.6259822485124916
57.33260476401587,-11.24206158197882,198.33548369417542,96488.66517,96488.689583,0.6605206455733258
56.14972830855056,-11.194225135932447,197.75648213700615,96488.678503,96488.704236,0.6197813479830483
54.94381893453997,-11.128865553737814,197.30310417456545,96488.691837,96488.716868,0.6208862168643526
53.7298967024224,-11.104977313004756,196.7233231154596,96488.70517,96488.730142,0.6579544017499934
53.10898562912574,-11.203408482012524,198.39773373484806,96488.718503,96488.742705,0.6773484417676796
51.93537987777013,-11.141370818251415,198.20473958060214,96488.731836,96488.755738,0.635549141422089
50.83268080189029,-11.09510640915293,197.98440113966205,96488.74517,96488.768688,0.6442037072338818
49.95418373841253,-11.077919976024866,198.96638364594872,96488.758503,96488.786257,0.55304328819545
48.54549217952426,-10.904536648714847,197.46039318973192,96488.771836,96488.796521,0.6835973787351206
48.06085991194835,-10.92711043990248,200.12504277473636,96488.78517,96488.809829,0.5865473529563967
46.497500229606565,-10.730426461642281,197.99391081461133,96488.798503,96488.823029,0.6670556530419899
45.63104036500766,-10.695298380528955,198.81440361579592,96488.811836,96488.838219,0.5951484755708253
44.82543446310791,-10.67480479529805,200.16543348822194,96488.82517,96488.849352,0.6531672603544004
43.246219089440686,-10.44883788153999,197.63289729344382,96488.838503,96488.862599,0.6802421759241082
42.256275703130854,-10.409891000653948,198.05221191902277,96488.851836,96488.875699,0.5925964294615567
41.40535946667884,-10.363255793951884,199.18242442712622,96488.86517,96488.889826,0.661707502204813
39.764037064738766,-10.101127877680632,196.13903728742784,96488.878503,96488.902573,0.6075577411246272
39.27250626798932,-10.170336440378277,199.3293685515045,96488.891837,96488.915936,0.5776214084661182
38.334626346200835,-10.085213141062045,199.75766897473952,96488.905169,96488.929471,0.6012738136201583
37.32433801071172,-10.002770418855743,199.8115005315455,96488.918503,96488.942496,0.6322922736182338
36.253863355676785,-9.903767440330594,199.23306163758102,96488.931836,96488.956315,0.64301200314179
33.03725116758999,-9.643177044636603,198.97947390755314,96488.971836,96488.995989,0.6023840534379702
32.046688547169346,-9.515799044951098,199.02453506663366,96488.985169,96489.009037,0.548703851335712
31.031601303373026,-9.381085403110713,198.73564940770646,96488.998503,96489.024725,0.6750956706152902
30.310957143760838,-9.368667578287091,201.42325582516293,96489.011836,96489.036814,0.5865544631755053
29.148446775072497,-9.187966620267826,200.53488256122716,96489.02517,96489.051869,0.5973883857627698
27.87308520739971,-8.9829532717554,199.02137839325886,96489.038503,96489.063688,0.6280109234247334
27.019717703660763,-8.926912749019722,201.0076643005567,96489.051836,96489.076255,0.6002545393635531
26.136164855767746,-8.881924902453322,202.65530197562407,96489.065169,96489.089714,0.6105622691114694
24.65865509591385,-8.58676617136679,199.3048138657961,96489.078503,96489.103442,0.6034945931571342
23.788510392847733,-8.542767231581461,201.51882083380528,96489.091836,96489.116689,0.6225293045985999
22.741219088355848,-8.401947371052207,201.7124139643038,96489.105169,96489.129529,0.6004427069647426
21.435766024628983,-8.184081809044633,199.34638196981356,96489.118503,96489.143449,0.6417678492484288
20.552221766304893,-8.182264864071435,202.20104985795862,96489.131836,96489.157323,0.646120135156212
19.160597634714975,-7.891079776364241,198.3122671638469,96489.145169,96489.169099,0.6324210608469709
18.27154280941451,-7.912652845849984,201.02962335164116,96489.158503,96489.182688,0.6538836869905659
17.319667309078948,-7.883912241748712,202.53898421751876,96489.171836,96489.195437,0.5718050480725394
16.035669321843578,-7.752548497775356,200.46011393137482,96489.185169,96489.209039,0.6623923171663182
15.115885125249598,-7.8319910181744214,203.56870079884774,96489.198502,96489.222815,0.5905003902627064
13.917886789803438,-7.653388496034307,201.26999833923117,96489.211836,96489.235475,0.4915675782778679
12.783835359885197,-7.608643967562287,200.62914712101258,96489.225169,96489.251099,0.6348403307914477
11.81353880286028,-7.666362011521103,203.65520286626764,96489.238502,96489.262658,0.6183626298745468
10.653603591223778,-7.544851754199403,200.92067696256004,96489.251836,96489.276993,0.5776157058736324
9.550732672647325,-7.572231776917946,201.21027211321186,96489.265169,96489.289704,0.5512549893890195
8.535514895438302,-7.555888513094169,202.60551441471583,96489.278502,96489.302638,0.5686366474678604
7.505825652351189,-7.551289261313504,202.8472527455897,96489.291836,96489.316878,0.6088074178899949
6.407488708127188,-7.423255072454952,201.03750287959014,96489.305169,96489.32913,0.6261987342048227
5.372297229715577,-7.367858744949279,199.94619937307684,96489.318502,96489.342398,0.6242938123448166
4.276882263012312,-7.422778259404062,202.0551716031985,96489.331835,96489.357414,0.6087530631140231
3.2560852043387216,-7.423437614360875,203.05118184452593,96489.345169,96489.368995,0.5660346230139099
2.1893258296555382,-7.409685450025395,202.6007633665464,96489.358502,96489.384689,0.5828454022381991
1.1480588352230063,-7.276671059227983,199.80194789466347,96489.371836,96489.396404,0.6225587990176407
0.09904548031062302,-7.333165918252774,201.36563608707587,96489.385169,96489.409904,0.6556375979043598
-0.898254216831026,-7.285218604000927,200.62254426701028,96489.398502,96489.423131,0.6333266547259858
-1.959946886223525,-7.3369453394064825,202.34410810477482,96489.411835,96489.435882,0.6244320106656148
-3.0591026752039094,-7.362960594483843,203.93468237981696,96489.425169,96489.449305,0.5874318264986721
-4.0880826498990785,-7.3582844688706865,204.50143409203199,96489.438502,96489.462624,0.5575673410004693
-5.066226154021692,-7.34042730932765,203.84187554287755,96489.451835,96489.475994,0.613602330589332
-5.967085784366921,-7.2648398564006085,202.25195885392054,96489.465169,96489.491185,0.6495748256252859
-6.930211941573935,-7.2071364340709065,201.74423570490947,96489.478502,96489.50218,0.6536981686392653
-7.929240970997505,-7.1946718898418425,201.79913531228704,96489.491835,96489.517232,0.5876424134046065
-8.812134138171272,-7.117378593120699,200.18437559124396,96489.505169,96489.529045,0.6254943301010327
-9.773383896321699,-7.109706519715683,199.86748459498517,96489.518502,96489.543874,0.6661601206684126
-10.791047415838692,-7.122694058596678,200.8537660904892,96489.531835,96489.557247,0.5842436305597752
-11.778489466602437,-7.120042310860014,200.83924818126783,96489.545168,96489.569784,0.5942982964075777
-13.065571047617363,-7.279698038181364,205.09133305243694,96489.558502,96489.58286,0.5679416192050932
-13.996907211789274,-7.280743779055862,204.38990115869524,96489.571835,96489.59722,0.5203890467268024
-15.138268048750122,-7.39518550002536,206.18157137219563,96489.585168,96489.609791,0.600260325348251
-16.180884547169565,-7.423803364475917,206.4385582341489,96489.598502,96489.623822,0.598616095961525
-17.854804314920607,-7.453281790559138,203.67907696052262,96489.625169,96489.649272,0.5763926810245287
-18.76093376690565,-7.506942193963446,203.0876948654692,96489.638502,96489.662057,0.6457142715138237
-19.641038116995123,-7.574210492435377,202.2172823864014,96489.651835,96489.678773,0.5850482611598985
-20.727053543893007,-7.7227315394065785,203.20039507694153,96489.665168,96489.69563,0.6017329425832373
-21.7421336896167,-7.8097727114503295,203.94280287918355,96489.678502,96489.703419,0.6163245037738337
-22.69569580382769,-7.939476987889706,204.24745381938232,96489.691835,96489.716775,0.5993752989050742
-23.500268276951328,-7.93480127928947,203.16439904823835,96489.705168,96489.730275,0.5677432539601065
-24.495018268023045,-8.027660708074691,203.22931782120267,96489.718502,96489.742541,0.5673626377916352
-25.611946178893415,-8.122826535165304,205.31263602340192,96489.731835,96489.756849,0.6204621653618902
-26.513388813274062,-8.200225145199122,205.08015856154273,96489.745168,96489.770376,0.6221839945364066
-27.31135573775945,-8.244797113671046,203.9143281449211,96489.758502,96489.782498,0.60358752050779
-28.0413201588919,-8.237537591248666,203.01102302880392,96489.771835,96489.795691,0.5559915773739762
-29.193872874035616,-8.352560921925098,204.5112801638467,96489.785168,96489.810582,0.5693979663090023
-30.008534248264855,-8.397466376341216,203.63587525690053,96489.798501,96489.822722,0.5989285710319269
-30.55853803248886,-8.40547140152257,201.54961872368546,96489.811835,96489.835464,0.6507623081433656
-32.267655894197375,-8.671459882849557,206.3263816827285,96489.825169,96489.849761,0.5736136361523547
-34.17708899935315,-8.814011617084928,207.1110524425093,96489.851835,96489.875789,0.5708548755970946
-34.60491073005873,-8.755243289243179,204.33395242703529,96489.865168,96489.890244,0.6092159925367812
-35.80376281711005,-8.854616789766926,206.2283295787646,96489.878501,96489.90192,0.5997292623395416
-36.12950499280812,-8.768906493672116,203.56205502952753,96489.891835,96489.915807,0.5875420989272258
-37.27405878101567,-8.855619718089445,205.25305239445305,96489.905168,96489.936804,0.6302952025566514
-38.62288439310397,-9.051039165072885,207.70402595591253,96489.918501,96489.944284,0.5346234340186137
-38.85076461579991,-8.978676709511456,204.7467276695483,96489.931835,96489.956817,0.5587841956168689
-39.69854467544373,-8.994182243312562,205.21408711566002,96489.945168,96489.96922,0.606450392940422
-41.76689496003633,-8.911212026810151,204.35633902246423,96489.985168,96490.009436,0.5703218782742286
-42.54271896205767,-8.920983209645806,204.47868465825707,96489.998501,96490.022864,0.5603566161205497
-43.489567360583614,-8.96392854648997,205.31935677837487,96490.011835,96490.035308,0.5582468014751045
-44.417521489338725,-9.016367552574794,206.13069000066585,96490.025168,96490.048797,0.5625851962028049
-45.114882832099156,-9.028539894005752,205.94859773130844,96490.038501,96490.062155,0.5608272607716654
-50.06765081861404,-8.850538442528984,206.22183134478706,96490.131834,96490.155812,0.6130157060243218
-52.3556884475109,-8.913604591180755,207.82433786790443,96490.171834,96490.196051,0.5920431323402398
-54.46858882695215,-8.932502670511031,209.16668966483843,96490.211834,96490.244916,0.5430780891575441
-55.129093985276754,-8.89189721986158,209.38974068713037,96490.225168,96490.249499,0.5893745748356897
-56.45763815794379,-8.875328065192713,209.9620304830062,96490.251834,96490.277371,0.5597594418747586
-57.112587301458575,-8.904576696288993,210.26959816814934,96490.265167,96490.288878,0.582975726961671
-57.54253383828417,-8.845815289750714,209.97326095215385,96490.278501,96490.302919,0.5971444861173583
-58.05868722874572,-8.836574053257854,209.99938066856933,96490.291834,96490.316135,0.5709436277077792
-58.43502778978111,-8.829485454070301,209.64310665883852,96490.305167,96490.329122,0.5922581306581609
-60.76272773978628,-8.666079701001948,210.47857906129494,96490.371834,96490.395985,0.5937927272310515
-61.65925333355096,-8.662477098761261,210.09925714090355,96490.411834,96490.435308,0.5993382857273097
-61.91886417950335,-8.682306242374935,210.11313153723026,96490.425167,96490.451674,0.5992457897517982
-62.005766636935896,-8.639099075194773,209.60584172243938,96490.438501,96490.462807,0.5620852579488285
-62.638421303432,-8.719052873461369,210.91895550893798,96490.451834,96490.477784,0.5745847575757501
-63.19700981188495,-8.763740134302916,211.95326673777893,96490.4785,96490.502551,0.5418528028189163
-62.531813064806535,-8.656968279968211,209.6564403059101,96490.491834,96490.516006,0.5802755611498032
-62.719375718720435,-8.68688401548502,210.21800425550651,96490.505167,96490.530527,0.5985466382966232
-63.89223470212583,-8.726270375324026,213.77324433615092,96490.571834,96490.598181,0.5121608213676044
-63.83523878021863,-8.711047555062791,213.80433226673875,96490.585167,96490.610219,0.5746377848884083
-63.09477782988946,-8.530796297596156,211.52749056949,96490.5985,96490.623287,0.5237142460089116
-63.3890898165466,-8.444473421614287,212.99011941412508,96490.651833,96490.676204,0.5465755410621207
-63.00515275103826,-8.335707537674846,212.01569335924353,96490.665167,96490.689835,0.5626030239222485
-62.839890179367075,-8.270383503830892,211.58924887219,96490.6785,96490.702448,0.5873968297294787
-63.380479339405326,-8.195939275953613,213.9148245320437,96490.731833,96490.76234,0.568825900432244
-62.582965511086684,-8.005104016518299,211.57425104140862,96490.745167,96490.777474,0.5874964746045808
-61.95435057986808,-7.89633679250675,210.1757314383002,96490.785167,96490.809183,0.5988284570779987
-62.096316066137334,-7.902821022377158,210.7266065905024,96490.7985,96490.822358,0.5734018964036041
-61.67141921780355,-7.868632513668891,210.1518701914569,96490.8385,96490.862199,0.5438304545149844
-61.566219316410425,-7.876616417420905,210.54773491302367,96490.865166,96490.889088,0.5248003305138139
-61.326995642195186,-7.8934875561629925,209.88169456427144,96490.8785,96490.902313,0.598847389047646
-61.795957697136025,-7.9812086376868825,211.52338514345158,96490.891833,96490.916245,0.5888689130895699
-61.14497925045174,-7.990274483303657,209.46955267688475,96490.931833,96490.957473,0.5723521499136102
-61.679699062382255,-8.138474728429896,211.0311089190209,96490.9585,96490.98197,0.5305203141606738
-61.46480714838972,-8.14123005616348,210.37552475982937,96490.971833,96490.996474,0.5974965016011375
-61.96411106409019,-8.26170034820104,212.05194727087348,96490.985166,96491.009398,0.5765069308322943
-62.16927552513315,-8.34090936605674,212.73315392617673,96490.9985,96491.02216,0.5681571171927978
-61.21298637208422,-8.268216120735879,209.74572323478844,96491.011833,96491.038069,0.5973691360353498
-61.625238938889446,-8.533209065141623,211.49222148214093,96491.0785,96491.102435,0.5415263195870679
-61.33177562215914,-8.493830903372666,210.64926543144236,96491.091833,96491.117082,0.5551613512991895
-61.49778269462096,-8.531524423771767,211.2194455962026,96491.105166,96491.128924,0.5512927941975831
-61.29449618993689,-8.507790984741373,210.53516660861146,96491.118499,96491.144292,0.5867613075468802
-61.020421074622284,-8.482578733636213,209.75798573321262,96491.131833,96491.155735,0.5548800474382132
-61.951459333796,-8.637143189767071,212.85447108697926,96491.145166,96491.170806,0.5698769373769044
-61.009540081335636,-8.520737416258994,209.7878583209395,96491.1585,96491.183255,0.5916625807219691
-60.9189297016909,-8.567165184273923,209.57574884957748,96491.185166,96491.218175,0.5929423143246731
-61.09931891033834,-8.580137152266218,210.12835573397834,96491.291833,96491.318255,0.5493437068070792
-61.2782166747396,-8.633916633220082,210.61608800624373,96491.305166,96491.328786,0.5597611860832074
-61.44130578748531,-8.755387858978514,210.48610502184485,96491.371832,96491.395347,0.5244126452525805
-61.78009838992741,-8.787305018307668,211.52797578783097,96491.385166,96491.410189,0.5303622413696132
-61.62433912311456,-8.795039414846794,210.969097577294,96491.398499,96491.429266,0.586161815588858
-61.71706213017691,-8.810292602935192,211.12178740675824,96491.411832,96491.441858,0.5701576365302895
-62.09567038016335,-8.868939270631094,212.18492178688558,96491.425166,96491.448729,0.523584952521915
-62.224671708692,-8.890250299984519,212.54785546742025,96491.438499,96491.468857,0.4841368761713579
-61.474143040534805,-8.77190479620181,210.1667175258701,96491.451832,96491.476381,0.564325503901784
-62.035746598504055,-8.876222691401454,212.0496839042081,96491.465165,96491.489693,0.5263974900805264
-61.381016649733006,-8.808135803091025,209.8510691524565,96491.478498,96491.502354,0.5956604467151226
-61.95742121019105,-8.871543538964918,211.7819620358271,96491.491831,96491.518347,0.5436381894300195
-62.02300303461738,-8.861679927771457,211.85899332080862,96491.505165,96491.528659,0.5255714141481725
-61.48766589667398,-8.801280043918497,210.17624724320103,96491.518498,96491.544208,0.5870861055000223
-60.615178878165366,-8.953954533298711,207.0687208590171,96491.665164,96491.689022,0.5532998835490424
-61.45703505027809,-9.130457623585498,209.63586092246618,96491.691831,96491.716695,0.5732497149783482
-61.59232292585098,-9.161099703298875,210.0471872279466,96491.705164,96491.728891,0.599685418480356
-61.538466267870234,-9.167384454994307,209.7622287840354,96491.718497,96491.741909,0.6015851414397642
-61.538466267870234,-9.167384454994307,209.7622287840354,96491.731831,96491.75639,0.6015851414397642
-61.63895578261627,-9.177020091811263,210.06757849799075,96491.745164,96491.768783,0.5995494766800616
-61.53392952764637,-9.212095867588491,209.2480825798883,96491.825165,96491.848873,0.5392412895015508
-61.70846262658198,-9.205856245998763,209.53711652393264,96491.838497,96491.862104,0.524179154558899
-61.913183767850796,-9.273857116625052,210.07824438951727,96491.851831,96491.875684,0.5994783707365516
-62.30565667269545,-9.356684802597242,210.66897102324705,96491.891831,96491.916454,0.5637704897871225
-63.00990834485612,-9.442260253892236,212.794553702581,96491.905164,96491.932546,0.5544058871515865
-62.279689276700545,-9.412971625943996,209.82824156872562,96491.945164,96491.972223,0.5769285399983722
-62.23937731050635,-9.414722952907107,209.58710276565301,96491.958498,96491.983967,0.5662051421138563
-62.18460480839621,-9.42770719008253,209.36357362842898,96491.97183,96491.995701,0.5905387321862889
-62.79902401516948,-9.59903160447421,211.09704491745458,96492.105164,96492.135681,0.5200046990000634
-62.16773404612974,-9.516226330953021,209.05726505988625,96492.118497,96492.142495,0.5493208069844214
-62.540035268197926,-9.542403667820704,210.33335275802253,96492.13183,96492.156892,0.5616553775916657
-62.772888366885695,-9.599853698920048,211.14315485711376,96492.145164,96492.170808,0.5557448964113983
-62.4326164114542,-9.543423107572092,210.1206738887013,96492.158497,96492.183493,0.5991955074086579
-62.72880257541875,-9.560209870226274,211.06574059714922,96492.17183,96492.197078,0.5535921893945804
-62.09049584679674,-9.492927953659578,208.9692496147734,96492.185163,96492.211186,0.6050952239190243
-63.19812923971058,-9.691486512586511,212.53693038917135,96492.198497,96492.222366,0.5177789404600892
-63.07558287976265,-9.680293172479304,212.12481531052563,96492.21183,96492.235764,0.5259478159296264
-62.25044564271945,-9.651517746291317,209.57949998532112,96492.238497,96492.262433,0.5606086002197183
-62.48784721961983,-9.718338227812572,210.37563366597584,96492.25183,96492.278501,0.5854936372181303
-62.216664625878934,-9.700809793573434,209.5335424042068,96492.265163,96492.290029,0.5625348266124748
-62.33231600342922,-9.722654900346734,209.8887596184983,96492.278497,96492.304522,0.5634654934788084
-62.40422593197663,-9.767337917921209,210.16108635785196,96492.29183,96492.317499,0.5607208948979253
-62.51151916665627,-9.822554116110595,210.48738983443783,96492.305163,96492.330278,0.5649164534788397
-62.29288567708094,-9.797852617639226,209.83001464042678,96492.318497,96492.349632,0.554437156133352
-62.74145062652204,-9.869294015652912,211.1787351024169,96492.33183,96492.356683,0.5697923145620002
-62.734057668273294,-9.929990886491428,211.2838104871049,96492.345163,96492.369034,0.5218134135038676
-62.98412625623998,-9.959130782536613,211.91210655610934,96492.358497,96492.382929,0.5821516712028195
-62.748278058337846,-9.964583773860136,211.26709203123772,96492.37183,96492.396112,0.5291131500012832
-62.915417388532184,-9.992538124305268,211.76979878952517,96492.385163,96492.409091,0.5175847590985946
-62.57893699137518,-9.95380911040329,210.63723623076285,96492.41183,96492.436357,0.524228709935142
-62.55000167182136,-9.975711724728887,210.55025688324622,96492.425163,96492.449356,0.5674489932623502
-62.57248337439653,-9.998780164768325,210.6178366240886,96492.438497,96492.464188,0.5928690362626583
-62.57248337439653,-9.998780164768325,210.6178366240886,96492.465163,96492.495528,0.5928690362626583
-62.66943389877554,-10.070464207254446,210.75151277556603,96492.49183,96492.52352,0.5591604604581651
-62.274150496352576,-10.079666767470375,209.08420622076122,96492.53183,96492.556163,0.6033298494622922
-62.32402301573604,-10.059733329872568,209.2881393476526,96492.545163,96492.568968,0.5339621929780712
-62.80261004764319,-10.1647733321562,210.6679269120777,96492.558497,96492.583361,0.5376292623120138
-62.8238282851024,-10.188104483288676,210.73911778632495,96492.57183,96492.596422,0.5038674193883529
-63.02745889346572,-10.220489426262054,211.17308243411836,96492.598496,96492.622473,0.5507283625987153
-63.10668980635898,-10.288141822528791,210.9647574267765,96492.69183,96492.716062,0.5634977321003006
-63.21279666238117,-10.298849708686575,211.31946164995236,96492.718496,96492.742213,0.5457533343952203
-63.21279666238117,-10.298849708686575,211.31946164995236,96492.731829,96492.756118,0.5457533343952203
-63.25830320412313,-10.335663340290818,211.4716258173503,96492.745163,96492.772602,0.5704161179446764
-63.17352065200532,-10.330379788290605,211.16813052089833,96492.758496,96492.783101,0.5456914020288369
-63.116929858793014,-10.322053414141335,210.99902527088557,96492.771829,96492.795992,0.592358866098355
-62.69150863917634,-10.315540893371866,210.03503835706616,96492.811829,96492.83567,0.5484442749624288
-62.51214314434832,-10.268486952963839,209.51509963547062,96492.825163,96492.849733,0.5520025738886909
-63.052631793737326,-10.35631205875448,211.54881790214128,96492.838496,96492.862192,0.5413487728764818
-63.07456997079469,-10.386201123424298,211.98328112329506,96492.851829,96492.875637,0.522488612038757
-62.232919667147335,-10.293893963388324,209.56469293347982,96492.865162,96492.889377,0.5931262263755881
-62.44419308980865,-10.370033403047758,211.14328440114434,96492.891829,96492.915373,0.592378103992371
-62.333456972764445,-10.366050850887888,211.7319269733873,96492.918496,96492.942749,0.5420750068111568
-61.75380944497326,-10.324450907589886,210.4834266026174,96492.931829,96492.956652,0.5871006479605233
-61.86242768318629,-10.398361735211836,211.89881708344245,96492.958496,96492.983217,0.5654432066737016
-62.22555847303573,-10.500344144209931,213.55536738386917,96492.971829,96492.995848,0.4646259283781898
-60.95201413328247,-10.401444823095922,210.50552814835743,96492.998495,96493.022479,0.5051860060431074
-60.71077679506745,-10.49287150415881,210.43352385308518,96493.011829,96493.03619,0.562904446232655
-60.61683386636821,-10.49327093728313,210.93293618147618,96493.025163,96493.04898,0.580870621588935
-60.61714728026976,-10.596259664620693,211.75478326956593,96493.038495,96493.063135,0.5287522091901001
-60.74381363667732,-10.715117832275943,212.94260879713732,96493.051829,96493.076026,0.4730726010697058
-59.60843253400881,-10.626183143949422,210.30979881126447,96493.065162,96493.089062,0.5062908756515382
-58.562544177755505,-10.718999867070881,210.1046211348103,96493.105162,96493.128902,0.5387683083742384
-58.77049777291827,-10.831639478860453,211.91872285278635,96493.118495,96493.142068,0.5743941363171624
-58.57308051552096,-10.860183289826825,212.56231694955497,96493.131829,96493.156074,0.483751863999869
-57.79461880681251,-10.792332118196484,211.25023850142833,96493.145162,96493.168739,0.571274749151959
-56.92033731517674,-10.859018750212211,212.29711140572448,96493.185162,96493.211119,0.4950727245011665
-55.14167749196235,-10.909072613749485,210.88634118287052,96493.225162,96493.248726,0.5465618555904668
-54.658159987207135,-10.924488340574683,210.95728400115223,96493.238495,96493.262399,0.55868753105438
-53.96215248346753,-10.971900422267103,210.15771176437133,96493.251828,96493.28253,0.589236871291322
-54.15219844242207,-11.108232625732665,212.56120762230245,96493.265162,96493.289103,0.4964531813680318
-53.35058151240974,-11.033181954391848,211.4362102972651,96493.278495,96493.302017,0.4812584178824501
-51.81435722031469,-11.2713729791089,213.1743776831103,96493.331828,96493.356158,0.5352702712209134
-51.24290280729741,-11.282268903548687,212.94236170790214,96493.345162,96493.369885,0.5441820289050936
-50.59725540498633,-11.33798165249318,212.63353963404978,96493.358495,96493.382764,0.5139772473901907
-50.15926380979729,-11.382530419971337,212.97558266417414,96493.371828,96493.395679,0.5781860938860393
-48.444550734727066,-11.317003742625298,210.63627131654002,96493.398495,96493.423445,0.5471750970616914
-48.25660961689001,-11.445710488811589,212.35021829441624,96493.411828,96493.442175,0.5600802704426422
-47.33402658775543,-11.442588745847127,210.85571852309846,96493.425162,96493.455928,0.584084316316682
-45.372719384350624,-11.567617140754367,210.22424953857623,96493.465161,96493.489647,0.5954467413049288
-44.08462393884221,-11.526161518633792,210.14603924102457,96493.491828,96493.516066,0.5710272548250559
-43.641209003425736,-11.589605295899666,211.4093583324411,96493.505161,96493.530143,0.5331670886065788
-41.75454492824035,-11.476480162500124,209.03614294324314,96493.531828,96493.557082,0.5897840143941965
-41.43267767374281,-11.544258586244535,210.83318012620856,96493.545161,96493.569242,0.5497034928647594
-40.58623712639466,-11.511023555967595,210.4642717684833,96493.558495,96493.583373,0.5519777717173149
-39.87610058955444,-11.520720599060574,210.89860207191845,96493.571828,96493.595906,0.5455688429510903
-38.64511779087371,-11.345272687109519,208.97150153844225,96493.585161,96493.608863,0.5588624771978176
-37.629388006763236,-11.25460796415247,208.18311143582866,96493.598495,96493.622093,0.5733926206252451
-36.976530753439306,-11.262903296754315,208.82923574093317,96493.611828,96493.636606,0.6078050950604454
-32.51865899266054,-11.001232945358797,208.30984630147506,96493.678495,96493.70228,0.5735164011120392
-31.67892768285393,-11.019713136886423,208.86816487115482,96493.691829,96493.716233,0.6063024816492949
-29.836319572183584,-10.992637936241591,208.86618375152625,96493.718494,96493.742932,0.6046785534287445
-29.05167035545219,-11.01627501636914,209.8122356458361,96493.731828,96493.756905,0.5309781412485566
-28.05284091069367,-10.997609679785372,209.8176008616738,96493.745161,96493.769061,0.5886635736404212
-27.035036107717886,-10.940205488881597,209.7973295794522,96493.758495,96493.782067,0.5944880864118254
-26.07118379996328,-10.946971111676142,210.12146418381664,96493.771828,96493.79592,0.5490054514804252
-25.120713271993928,-10.970261574992751,210.7669199678146,96493.785161,96493.809106,0.5232650888401968
-23.810056195218564,-10.863471662747829,208.52929070697098,96493.798494,96493.823311,0.583456450969268
-22.082535393711133,-11.076862135386586,211.1159161094915,96493.825161,96493.849099,0.5905416301148331
-20.89322952078771,-11.017933576224967,209.98500848970767,96493.838494,96493.862251,0.5629883893797604
-19.79773372730407,-11.07765835019682,209.62935062545267,96493.851827,96493.876239,0.5299358248808916
-18.736944346948984,-11.050645826924619,209.32945461025818,96493.865161,96493.889742,0.5378762139415909
-17.63654737480556,-11.078135772973976,208.78215462999435,96493.878494,96493.902061,0.5391935923630563
-15.749304965532218,-11.289144449842286,210.28526999991905,96493.905161,96493.928916,0.46987141660877974
-14.671211546714039,-11.29663456529655,209.33374321110546,96493.918494,96493.944068,0.5897641754220007
-12.732370384825112,-11.485776904008933,209.88514795383082,96493.945161,96493.96962,0.5443201513554732
-11.581894499617599,-11.369981605977525,207.62256513739712,96493.958495,96493.98373,0.5777640190343626
-9.866708229335536,-11.6872533372291,209.66516253788012,96493.985161,96494.008874,0.5045797112551035
-9.021656336545268,-11.824837357208377,210.7097511496835,96493.998494,96494.022296,0.5667911765715139
-8.0996120489153,-11.918294922023335,210.2942482364439,96494.011827,96494.035952,0.5366135540526609
-5.473989021838182,-12.049442755673262,208.8143256107658,96494.051827,96494.077041,0.5739457855411336
-3.8916171333137504,-12.298523393808573,209.6847354742593,96494.078494,96494.108983,0.5655937233523481
-3.101089962411179,-12.30237694065835,209.13309310308492,96494.091827,96494.116129,0.5418255424617999
-1.6602713429707279,-12.440011704797747,209.5648753919558,96494.118494,96494.143308,0.5737000311717857
-0.9696241523630297,-12.623389210515674,210.85592175505838,96494.131827,96494.156443,0.5248334661444531
0.4102963844933973,-12.624255981598,209.2260923792818,96494.158494,96494.182173,0.554675909775422
2.337561402227007,-12.719420414395671,209.05327937791088,96494.198494,96494.22357,0.5079974827024546
2.9416756884689965,-12.8194448173149,211.00532740074007,96494.211827,96494.235862,0.5279345938959912
3.5370460639417636,-12.75552556917961,209.1848516345222,96494.225161,96494.249284,0.5654624652507207
6.299603592810923,-12.810478872758077,210.59854663949494,96494.291827,96494.316038,0.506386249680755
6.823666777704493,-12.736928834824017,209.7239665662049,96494.30516,96494.330274,0.5401551639357464
7.366142317528015,-12.720088781773356,210.12604025780195,96494.318494,96494.343773,0.5765453982152479
7.9010861569435855,-12.718493314417092,210.48276840086106,96494.331827,96494.356459,0.5742569715131801
8.381991872526653,-12.638288157788276,209.9663310461634,96494.34516,96494.370366,0.5312745575103398
8.860556047672072,-12.579428798738702,209.41234303781314,96494.358494,96494.383937,0.5913370180245201
9.334040562370523,-12.527781313700062,208.8447681787926,96494.371827,96494.396695,0.6077015454747159
9.801883112310527,-12.491137861893503,210.14708208762607,96494.38516,96494.409679,0.583701473030794
10.23568331154384,-12.445321515600833,209.90340978614174,96494.398493,96494.422366,0.5782910022169979
10.673844853204876,-12.313782833105968,209.6189659227115,96494.411827,96494.435881,0.6025402271819233
12.07286491458437,-12.116635725657204,211.01091266217742,96494.451827,96494.476343,0.5355650633134283
12.87662592816976,-11.938619675881984,211.07276327122216,96494.478493,96494.503138,0.530271929812533
13.62540931745608,-11.674571010929746,210.7221700031097,96494.50516,96494.529352,0.5068947262690636
14.051990199378396,-11.680020538570044,212.3916009759889,96494.518493,96494.542911,0.5478152290431286
14.700111918333093,-11.467379676126429,211.16792211371364,96494.54516,96494.570286,0.5555899924596389
15.549100196395703,-11.47620871113935,213.409767340873,96494.571826,96494.596933,0.5678345694204086
15.93445377419511,-11.404830164394689,213.52477428045412,96494.58516,96494.612392,0.5485793258527539
16.67104880874963,-11.3064525139182,215.00335489534228,96494.611826,96494.636106,0.5666443006977181
16.951532767860822,-11.215808168560985,214.47464740604642,96494.62516,96494.65034,0.5349084602479863
17.333881366918263,-11.174020796394165,214.98178867041798,96494.638493,96494.663863,0.5145960478859221
17.552623752259812,-11.0799929765353,213.96384394186828,96494.651826,96494.675646,0.5196836306584846
18.286008832832504,-11.039787390621886,215.41423315208684,96494.678493,96494.704213,0.5369283536582118
18.583794051753767,-11.025783826832797,215.6031316247133,96494.691826,96494.716597,0.5357292754953542
19.12329972844599,-10.9644402771028,216.12859028642436,96494.718493,96494.745112,0.49754235094505034
19.610992859157356,-10.899385738245494,215.9790968756246,96494.745159,96494.770271,0.5140738045768903
19.950178537913658,-10.930299561988884,217.22194517442472,96494.758493,96494.782423,0.5152964211372985
20.720520922770643,-10.717808069995499,215.64374618164186,96494.811826,96494.835881,0.5354714648967295
20.98540505958387,-10.718026845730119,216.60174274048515,96494.82516,96494.849967,0.4909117288146765
21.63142892311693,-10.83941281401452,220.48217449684591,96494.851826,96494.878064,0.5290257264317708
22.315955802815388,-10.895602056062058,221.85578104505646,96494.905159,96494.930888,0.4720140145968125
22.284155114914686,-10.781438273956102,218.74069086331406,96494.931826,96494.95635,0.5043820788300658
23.05145965278092,-11.237790454457816,223.60853652956177,96494.985159,96495.009736,0.5019889948657361
23.630054669745597,-11.855876864116377,223.21899545099453,96495.091826,96495.115734,0.4897564779180305
24.008176585807163,-12.148015562284138,225.0750195232066,96495.158492,96495.183415,0.49590858692847456
24.431475178786414,-12.322026448843559,228.60258755630775,96495.185159,96495.209045,0.46917173307581705
24.47690225883271,-11.983077972261283,226.81250447449855,96495.251825,96495.276052,0.4821509994505763
25.08712221922102,-9.829414565054241,228.76093403724394,96495.731825,96495.755768,0.4733089693912736
25.245997103910913,-9.721169363025611,228.87893959139674,96495.771825,96495.795767,0.4725249460964186
25.201945433769254,-9.1821882684323,225.48005903349804,96495.891825,96495.916091,0.4659731142633502
25.43160213955803,-9.173304353440038,227.40008058230953,96495.905158,96495.930632,0.4770737320659268
25.542511188275878,-9.199543147230383,228.9297712813449,96495.918491,96495.942711,0.47282454138622404
25.410648507102316,-8.865739764842067,226.7338761931247,96495.971824,96495.996609,0.4650742163900451
25.17252154182071,-8.669666198593033,223.53097505919777,96495.985157,96496.010225,0.4854053961718813
25.40588570011814,-8.219278694690187,224.02997457033314,96496.065157,96496.089975,0.4981902156162574
25.4202544550694,-7.414410650205851,220.94841029836098,96496.158491,96496.182365,0.48411728168266066
25.64361076679309,-7.060294368045229,221.37198442831703,96496.211824,96496.235544,0.46814024579931485
25.718306488176726,-6.920527881329313,221.35006162905768,96496.225158,96496.249168,0.5134101221262293
25.572403547773618,-6.300659451342696,217.37721923027644,96496.291824,96496.316871,0.5325534143374991
25.878257752304634,-5.90674151484255,217.8895177202888,96496.331824,96496.355887,0.5051581657160384
25.77426326588973,-5.770717075346153,216.22382117911656,96496.345157,96496.368696,0.46794527235656014
25.95660640735557,-5.519526764483238,216.20390450000642,96496.371824,96496.396881,0.5146115405194374
26.14004034005782,-5.1298975977102,215.8687845789081,96496.411824,96496.438568,0.5375293385060609
26.165608691547224,-4.9774984786981,215.16500832301966,96496.425157,96496.449746,0.565566611179869
26.094368548804354,-4.76640160765719,213.5131597052432,96496.451823,96496.476175,0.5605540019885271
26.195085730111998,-4.6045481514259,214.06586862631002,96496.465157,96496.489922,0.4954787948323348
26.13202566725317,-4.513564124806021,213.180586670347,96496.47849,96496.502744,0.5370141850221526
26.27435724194965,-4.360023781467316,213.96406422880492,96496.505157,96496.535725,0.5218102144234812
26.228474352037946,-4.157447481891653,213.02578444607215,96496.531823,96496.557292,0.5386833214137476
26.27135842928731,-4.116657222966043,213.98061310635705,96496.545157,96496.573547,0.5441682103866632
25.90373422148591,-3.751001803134584,210.91180371702455,96496.585157,96496.61305,0.5655085996513342
25.59572455472373,-3.511232438320184,208.90865780946112,96496.625157,96496.652891,0.6072756146035925
25.363889176229055,-3.3931099352212364,207.5797463491368,96496.651823,96496.676359,0.5672577330409755
25.256073679196803,-3.3042235727212748,206.80228817670087,96496.665156,96496.695692,0.5520547807393293
25.169011401869568,-3.2458114900376227,206.76448401971507,96496.67849,96496.709672,0.5830015855865094
25.226622641377116,-3.237317035917948,207.6843937702965,96496.691823,96496.716311,0.5587655324791456
24.93485803102148,-3.158215156334741,205.2823138736414,96496.705157,96496.729839,0.5733047800379193
24.88545420557224,-3.1400548325297253,205.20063034458116,96496.71849,96496.742761,0.5726160124282712
24.687706088402443,-3.1066913797528155,204.01217035490222,96496.731823,96496.758463,0.6015074649620251
24.64306716499102,-3.0568247251553142,203.9357350729944,96496.745156,96496.769958,0.6393863806180445
24.364574062472606,-3.0294044112580716,203.62988426787803,96496.785156,96496.813422,0.6378482531557342
23.547824153176144,-2.9567092708389295,199.24736303715085,96496.83849,96496.862637,0.6716842464189943
23.607287435904105,-3.0022410031154823,201.09635655880143,96496.851823,96496.876634,0.6479226334581994
23.317695704697066,-2.9748057779639496,198.99642246656907,96496.865156,96496.890813,0.6348283953473711
22.887769208993692,-2.865158632857725,197.36056276190163,96496.891823,96496.916503,0.6525270000299473
22.854408257339315,-2.827513632680581,197.85520116688062,96496.905156,96496.931969,0.6594879745653281
22.596216319159904,-2.778481824738028,196.6902212864552,96496.918489,96496.949714,0.6658935329432855
22.195580408561288,-2.598108153254343,194.71484021909154,96496.945156,96496.972002,0.6683226931955116
22.208293647607405,-2.578540292790482,196.42692048158926,96496.95849,96496.985352,0.6738001240658118
21.923430989907814,-2.512565711490518,195.0800854887507,96496.971823,96497.002756,0.6961501750300318
21.613345708139196,-2.455335812414397,193.0918896102879,96496.985156,96497.010078,0.630417904297117
21.461997516451422,-2.3949424118321647,193.40693693286616,96496.998489,96497.026444,0.5897296354299858
21.432648046827033,-2.3847917236297045,194.51704383832478,96497.011823,96497.041917,0.6695782529550585
21.054851275041024,-2.3179299892536345,192.30506640255635,96497.025156,96497.048996,0.706324682653385
20.87601674965097,-2.3053319568420703,192.5961456110312,96497.038489,96497.071258,0.6778285696188637
20.712069641588045,-2.2815591149153103,192.84425164053698,96497.051822,96497.078656,0.5956981588097097
19.60210591603167,-2.069818486132311,189.4720858468223,96497.105156,96497.129449,0.6394448814290852
19.27218673242808,-2.013205681111796,188.23301347913616,96497.118489,96497.150634,0.6991187935233695
19.11140174574124,-2.0074990111062103,188.87800785074444,96497.131822,96497.156696,0.7373013468867816
18.62413386667633,-1.85305111752764,188.02457664164612,96497.15849,96497.191138,0.6777619691054627
18.243253430496303,-1.7790277336325304,185.6884966974842,96497.171822,96497.202665,0.7333133132353596
17.931959615705257,-1.7214209395739042,184.67729719206494,96497.185156,96497.209284,0.7178880460289462
17.73519876752678,-1.6432300531815491,185.00764241906344,96497.198489,96497.227155,0.6491186399546081
17.429897200705113,-1.5803030144851637,184.07472118090118,96497.211822,96497.235686,0.6995743222349405
17.19721561291475,-1.5133234091039105,183.86481078786144,96497.225156,96497.24987,0.6486917105905039
16.97104254883853,-1.4666258048933638,183.97057665135475,96497.238489,96497.263861,0.712356539662684
16.771919386969675,-1.416112961654197,183.84451803494852,96497.251822,96497.277135,0.6488050590139144
16.431683416754748,-1.3422119866359257,181.85802128812054,96497.265155,96497.29092,0.7078489927301814
16.162376582060176,-1.3084870148628343,180.69254056862422,96497.278489,96497.302435,0.7690081873811085
15.899012973016053,-1.2769159173493763,179.85192133729734,96497.291822,96497.316516,0.7196969001163941
15.73880288491418,-1.247126963716307,180.2042697074465,96497.305155,96497.330845,0.6692196701902392
15.60039614629665,-1.2401180450299982,180.93437948631967,96497.318489,96497.345514,0.6204071432593071
15.372384133926824,-1.2221618003939996,179.98009435805693,96497.331822,96497.356521,0.7626437662231617
15.173609948431618,-1.2559430778738687,179.31598997422793,96497.345155,96497.368838,0.7440034526070589
15.007158709258997,-1.262434271378524,179.3468907339664,96497.358489,96497.382643,0.7939643643017377
14.749502760870106,-1.3063079516899612,177.0216854875627,96497.371822,96497.396203,0.7691536937830882
14.730131700384742,-1.3373028786738952,179.06287089680734,96497.385155,96497.409131,0.8062475273546177
14.479021829208751,-1.3448327651322023,177.0326396195559,96497.398489,96497.423024,0.7565168841795615
14.407821125902968,-1.3818010275281873,177.53542490292173,96497.411822,96497.435697,0.6770444826867945
14.224325399808842,-1.397327652705594,175.73411119993062,96497.425156,96497.449502,0.746342040578655
14.230868987761733,-1.4613450213008035,177.78762158164403,96497.438489,96497.46307,0.8108867513197706
14.116666253160492,-1.4888698732095267,176.81847520227416,96497.451822,96497.477568,0.7779716824751367
13.936997573423369,-1.5009911046674262,174.89644631863837,96497.465155,96497.490637,0.7421398593724834
13.902468502543886,-1.5363123751974823,175.68344378194098,96497.478489,96497.502583,0.7922316401714576
13.825110488955751,-1.5812216333321583,175.63855156681186,96497.491822,96497.516392,0.7832425333851393
13.734843450806865,-1.590246201384131,174.35918999519927,96497.505155,96497.528803,0.8267862009744325
13.700670247875545,-1.655240242015583,174.27069597246495,96497.518489,96497.544554,0.749704713018866
13.610261282592884,-1.6882859575271303,173.44889295656878,96497.531822,96497.556818,0.8260045095271803
13.636663031268442,-1.7716199272227913,174.52368795615226,96497.545155,96497.570013,0.8245388280422906
13.454212392898112,-1.84514849767577,172.3973072351055,96497.558489,96497.583876,0.751048081769446
13.442926069121679,-1.954760272304384,172.8885077781116,96497.571822,96497.596324,0.7783716115587
13.42667258965436,-2.036745315587699,172.84070841885074,96497.585155,96497.609048,0.7424181443596859
13.361565449864472,-2.136561471002346,172.2367329655519,96497.598488,96497.623188,0.8516514845685536
13.321010134374244,-2.2056197065116936,171.96937704320828,96497.611822,96497.635786,0.6705468564410549
13.191200091295363,-2.3078013131735715,170.4023971113109,96497.625155,96497.657305,0.7234761280816283
13.191323933482263,-2.377900656455401,170.51292979873736,96497.638488,96497.662141,0.8306652412674354
13.086413712789373,-2.4807599797063764,169.16592140224313,96497.651822,96497.676159,0.8560339763435568
13.117221101517927,-2.5727649875545158,170.09512493477249,96497.665155,96497.689466,0.8465362371262566
13.029376921144097,-2.66295135809538,168.5909423353304,96497.678488,96497.70217,0.8694546853454382
12.966233893480942,-2.730169297529099,167.76837198753833,96497.691822,96497.717669,0.7757102941064076
12.938935550812628,-2.7847611474077123,167.78942412675676,96497.705155,96497.729329,0.7548539966881821
12.919733985592702,-2.8799429329490134,167.04127147084372,96497.718488,96497.743039,0.7871245421103567
12.91197270729145,-2.9238793734751036,166.65457197536415,96497.731821,96497.75704,0.8025158447963662
13.012987950905385,-2.9664270979385434,167.91848704104487,96497.745155,96497.76917,0.7835345405353391
13.020132243626263,-2.987605430989767,166.79892606032,96497.758488,96497.782439,0.8340290194099649
13.034269157443411,-2.9805382577471615,166.70664705820258,96497.771821,96497.796355,0.7171470260529925
13.013900137415819,-2.946785083038452,165.42548306095566,96497.785155,96497.810385,0.7233162774432593
12.995892273924346,-2.9282423850366803,164.33637145166372,96497.798488,96497.823603,0.8448054874161076
13.035585812473157,-2.898237505024843,163.72499017958975,96497.811821,96497.836122,0.828644864497002
13.15572439933446,-2.8904420327445446,164.62109032896566,96497.825155,96497.855523,0.8543798844178482
13.162585208291182,-2.86470612587511,164.14712642568182,96497.838488,96497.864045,0.871396117912954
13.13673458045348,-2.8045923092381453,162.2378949564995,96497.851821,96497.876955,0.9065510439068674
13.302465794467057,-2.785166752641717,163.555345683409,96497.865155,96497.889571,0.7966306339547062
13.280282923886311,-2.688949792780878,161.80574503163865,96497.878488,96497.905678,0.8227893330203901
13.296874657121531,-2.610101259408803,161.31167212025306,96497.891821,96497.916798,0.83467114141512
13.4306969416018,-2.4415038412705368,160.79853506695628,96497.918488,96497.943371,0.9179009274245882
13.430982384884596,-2.4136562509295634,160.45918635252718,96497.931821,96497.956302,0.9302720909831521
13.37199313169202,-2.3646615803465276,159.0241144402238,96497.945155,96497.970192,0.9379162522816897
13.351525972508295,-2.314675269751636,157.9622417266697,96497.958488,96497.983469,0.7937792748795193
13.347838127755178,-2.2363335597000904,157.74553511951297,96497.971821,96497.997775,0.9044384952104397
13.332469425960442,-2.203778298725791,157.2346560510915,96497.985154,96498.010639,0.9498215657279198
13.294091138447502,-2.153597230199774,156.76185816840174,96497.998488,96498.022734,0.9549209455439883
13.28540051104273,-2.1237680325977544,156.57962369218052,96498.011821,96498.037559,0.9117905399092529
13.249574160661139,-2.084907449148034,156.07697066946636,96498.025155,96498.050768,0.7735630205596179
13.240006000789906,-2.0207591569711507,155.99566773263746,96498.038488,96498.062222,0.9004589416435633
13.230920104146806,-1.9618245397061689,155.73671823912335,96498.051821,96498.07824,0.951278782772275
13.206635554886294,-1.9276925412359578,155.52277602505626,96498.065154,96498.091821,0.9526895276721359
13.159496618310373,-1.8745298123867826,154.66799979885093,96498.078488,96498.109205,0.9047106249872892
13.155269207861357,-1.7997272926453765,153.96898797465664,96498.091821,96498.122706,0.9087268121461641
13.109450843833939,-1.747906361439961,152.33275382834302,96498.105154,96498.135435,0.8741859919121048
13.129470132632841,-1.7235234382677098,152.66343051080997,96498.118488,96498.143395,0.9822437965946001
13.103444999155679,-1.6874612311184494,152.16894326556815,96498.131821,96498.158219,0.8344893218052878
13.108824739041918,-1.644390976061616,151.90127963316687,96498.145154,96498.171186,0.947659052268793
13.052313179591964,-1.6195991209639036,150.73202625018052,96498.158488,96498.18293,0.8403145423475978
13.06501677526633,-1.5612755484334793,150.33521242941384,96498.171821,96498.195753,0.9627055787909432
13.062556765056692,-1.530760816936936,149.6727959037958,96498.185154,96498.215851,0.9486833442089065
13.091471324077123,-1.5046664387022914,150.07876861779062,96498.198487,96498.224002,0.9394809755166033
13.237751696095442,-1.4788392435100084,151.4813399847617,96498.211821,96498.235766,0.9632463981290116
13.171691658477432,-1.4392793296279185,150.30781893591111,96498.225154,96498.249338,0.8846440937940312
13.173619338936026,-1.36447677490889,149.59325063626247,96498.238487,96498.262509,0.9515661646814747
13.159219377576601,-1.3249289568770568,148.70835643709646,96498.251821,96498.275504,0.9027484369183992
13.181990916117574,-1.3046820630651672,148.9159818608678,96498.265154,96498.290105,0.9891069693836566
13.202069212067398,-1.292400092327846,148.2461247915856,96498.278487,96498.302104,0.9559044236817104
13.270692385034744,-1.2860773228004796,148.09077898396228,96498.291821,96498.316578,0.972735551635052
13.286839679104968,-1.2620278307659307,148.05142545368128,96498.305154,96498.329356,0.9447908758705091
13.288719634613953,-1.2295726935651177,147.5074826343121,96498.318487,96498.343962,0.9111987065646168
13.278748663002144,-1.2025613836435003,146.7272209374863,96498.33182,96498.356944,0.9919013961255446
13.283137767530963,-1.1713485505816843,146.4435663439385,96498.345154,96498.369164,0.9686118967742149
13.336185078756264,-1.1473560903407665,146.7512638465489,96498.358488,96498.382723,0.9111987065646168
13.336609855014455,-1.1206573851162074,146.52208207468536,96498.37182,96498.397015,0.9815723411697256
13.381601292998917,-1.1261917082541655,147.01637955942508,96498.385154,96498.409305,0.9532589047857022
13.379871730945439,-1.1193526760703352,146.54416725931387,96498.398487,96498.422503,0.9958261972374625
13.356340434389617,-1.092230838369349,145.27043015879264,96498.41182,96498.436816,0.9795346046487361
13.373492808206764,-1.0823904180402728,145.424426024601,96498.425154,96498.449556,0.9895667436274509
13.36815131286001,-1.056151302331909,145.14374810687522,96498.438487,96498.463367,0.9186437468668244
13.373781695643727,-1.0319207927402694,145.08938616639222,96498.45182,96498.477158,0.8151047163255966
13.439813053192957,-0.9883453675919225,145.56808098152274,96498.465154,96498.49357,1.0
13.413240064074282,-0.9411048766581651,144.96892848519403,96498.478487,96498.505998,0.9118827190621753
13.415291834196063,-0.8896045186420795,144.33502680024435,96498.491821,96498.516632,0.8938994282128678
13.446538474121079,-0.8520535315305358,144.10992169859335,96498.505154,96498.529005,0.7960789784266431
13.527191444438154,-0.8395948115599866,144.73004044892357,96498.518487,96498.542589,0.8467327572152746
13.52513416125371,-0.7891764107491145,144.51402559078102,96498.53182,96498.556549,0.8896310531100218
13.503127953826192,-0.7792980009569972,143.7437723541105,96498.545154,96498.568728,0.9966345952288886
13.4865552895337,-0.75858200977855,142.6465135875366,96498.558487,96498.583035,0.9124628862130818
13.554746864844525,-0.7362663668140255,143.4139998204224,96498.57182,96498.595598,0.9383493074952238
13.57793125949354,-0.7151721597732417,143.50368518769116,96498.585153,96498.615737,0.9960905233736397
13.555602571259374,-0.7112763899042251,143.11257577732334,96498.598487,96498.62302,0.8708859595545172
13.59790745735877,-0.6574454306436179,143.65617539860958,96498.61182,96498.63816,0.9564005673238094
13.617697545393122,-0.5849075866290276,143.50948917662126,96498.625154,96498.650395,0.954855391023739
13.551689818279701,-0.5132780854268923,143.0221686529147,96498.638487,96498.662522,0.9547925281994907
13.564848967838488,-0.436714910578443,143.18358669579038,96498.65182,96498.676624,0.8378023155614228
13.492347998448103,-0.3698559595315695,142.47703996097667,96498.665153,96498.689774,0.9285592686031222
13.512054752638496,-0.3052714333605024,142.7995417566086,96498.678487,96498.702167,0.865411381727568
13.442817579683418,-0.23519720727376636,142.27694415146598,96498.69182,96498.716521,0.9023859952868962
13.400573661306746,-0.18939595386125016,142.00551984047075,96498.705154,96498.728929,0.9305836220350892
13.375313866074555,-0.16390542569774377,142.04505898655015,96498.718487,96498.743721,0.9909283865530241
13.349851758669418,-0.08464651090775237,141.84226134637228,96498.73182,96498.762937,0.9635856881296264
13.252046913647066,-0.045785196280186645,141.11443276253536,96498.745153,96498.775788,0.9578810344131727
13.272288501658222,-0.019621915267721477,141.915529313287,96498.758487,96498.782447,0.9285592686031222
13.213985712948068,0.0017810491778674864,141.23148110421795,96498.77182,96498.79575,0.9969462903701858
13.2533823943805,0.009805704433446945,141.92353359064228,96498.785153,96498.808931,0.972853914144708
13.21461881469702,0.0032023279827963704,141.61918327348994,96498.798486,96498.823541,1.0
13.20847805436148,0.026145452597645755,141.508706076347,96498.81182,96498.837779,0.9466539727206689
13.207277987671821,0.01507806152667021,141.558282364929,96498.825153,96498.851005,0.9891069693836566
13.21461881469702,0.0032023279827963704,141.61918327348994,96498.838486,96498.862945,1.0
13.204173411014457,-0.018041889199679754,141.28379306798223,96498.85182,96498.875587,0.9305836220350892
13.193218863022985,-0.030185996682178095,141.06633608209336,96498.865153,96498.889602,0.9529045202535166
13.185472659516511,-0.033416315334039465,141.2537664377602,96498.878486,96498.902408,0.8898306693142124
13.173594319561904,-0.0340030646844483,141.1730446860751,96498.89182,96498.915787,0.9427311745651831
13.141282881834591,-0.0420803396346226,140.87576314049534,96498.905153,96498.928862,0.9511966894518661
13.088799776619041,-0.020652338718896966,140.35965106551404,96498.918486,96498.942196,0.9560475473854575
13.004787275124475,0.006093165981899721,139.6446559345079,96498.93182,96498.955645,0.9831109628629204
12.983523032166197,0.014226192875540628,139.93943350267048,96498.945153,96498.96952,0.9878238558255478
12.98793795899256,-0.0020455438341794867,140.34835657078614,96498.958486,96498.983951,0.9874144714469657
12.986676513690918,-0.013794420986761155,140.38812658538103,96498.97182,96498.995899,0.9597715150810869
12.990347735598993,-0.003602725061502677,140.66185286288226,96498.985153,96499.009017,0.9598406160968016
12.98642337127289,0.010351196275537471,140.46547586346688,96498.998486,96499.022658,0.9981619083739206
12.980051770896273,0.03719344973180079,140.04959279501674,96499.011819,96499.036012,0.8925461409407949
12.956300845589999,0.051041548433537774,139.38638629204667,96499.025153,96499.049689,0.8720895739364126
12.96269520939135,0.056041320475989656,139.83268266674807,96499.038486,96499.064104,0.8864632282449826
12.95793849676087,0.06891347531618118,139.85984208237926,96499.051819,96499.078563,0.8439548660723011
12.9662591549014,0.05483630024545138,140.49784970993534,96499.065072,96499.090168,0.8847856306647988
12.931955008496423,0.03457507228259813,140.30650313290576,96499.078405,96499.102216,0.8757733726668688
12.879037477822678,0.014646204839316045,139.89211004283646,96499.091739,96499.116179,0.8151047163255966
12.775791518054534,-0.01996280146991168,138.9005954129996,96499.105072,96499.128945,0.9969462903701858
12.765279309276655,-0.03969748266466755,139.0083644348676,96499.118405,96499.142451,0.9305836220350892
12.76810076487621,-0.05623390294420693,139.70467836792787,96499.131738,96499.156641,0.9949734221922925
12.69352437715156,-0.0743233586133866,139.68367967790908,96499.145072,96499.169007,0.8648551038727651
12.587618534012684,-0.10101283845751552,138.6635429364245,96499.158406,96499.184394,0.9186437468668244
12.564666689304334,-0.14285318421385715,138.91950453052797,96499.171738,96499.196086,0.9952593532022829
12.553699082043376,-0.143592358134324,139.7717972526503,96499.185072,96499.20979,0.9913073826973066
12.441522958949262,-0.14087769984687826,138.83732543853645,96499.198405,96499.228745,0.9154860299096327
12.40624358437727,-0.1580628804332033,138.6710045891134,96499.211738,96499.236751,0.9622565866727002
12.411706159799577,-0.16783437608656346,139.26955299411043,96499.225072,96499.24937,0.9981619083739206
12.3482089258788,-0.16256620553681736,139.12173995875406,96499.238405,96499.262235,0.7785625860850399
12.240189759060726,-0.15491056743513093,138.45891014144527,96499.251738,96499.282352,0.9570794686752216
12.236631227211623,-0.15610504575658932,138.51792828699095,96499.265072,96499.29009,0.8879958297210001
12.206164157005404,-0.14980791522485712,138.25990419108308,96499.278405,96499.302996,0.9536202909748683
12.203690205092464,-0.12760391698285814,138.4029283783912,96499.291739,96499.316244,0.9171397131619763
12.217570514794277,-0.10470255093919481,138.8618359094367,96499.305071,96499.329425,0.947694326731482
12.1847448310778,-0.0929610919051338,138.55369954415033,96499.318405,96499.342922,1.0
12.09507028386502,-0.06343302787816163,137.89771427511636,96499.331738,96499.356222,0.9578810344131727
12.094171531975237,-0.03966951413828421,138.22390196449814,96499.345072,96499.375755,0.8026056537629291
12.091725849008514,-0.030371593273490278,138.80777247815905,96499.358405,96499.382708,0.9622565866727002
12.060893681678253,-0.031201229833677784,138.5576095690567,96499.371738,96499.39554,0.9466539727206689
12.016109753092953,-0.03423340478536469,138.09459118527897,96499.385071,96499.409183,0.9668400337827572
12.010331327896585,-0.05262865028128649,138.506943364881,96499.398405,96499.423019,0.939225376357218
11.91132462414641,-0.03339514387985103,137.9409293128274,96499.411738,96499.435535,0.9576061738126772
11.900402338121616,-0.03204560071437833,138.4827376324532,96499.425072,96499.450639,0.9622565866727002
11.890272567908404,-0.031526753622623804,138.59302735317803,96499.438405,96499.463353,0.9466539727206689
11.854834448676463,-0.020325257016522845,138.29051797872216,96499.451738,96499.47682,0.9570794686752216
11.820980160655647,-0.018606735286931804,138.2459773591454,96499.465071,96499.489869,0.9569095415643399
11.771574614360118,-0.023058343967687522,137.52311616487688,96499.478405,96499.502082,0.9747409878815685
11.776018302391789,-0.00793934103217503,137.75132005739388,96499.491738,96499.516256,0.8077104014202837
11.776746520216536,0.008362166363660736,138.15681910937602,96499.505071,96499.530347,0.9039224831623645
11.76838645238077,0.04591829358019479,138.1110682695771,96499.518405,96499.542354,0.9340189512820923
11.770733695796526,0.06144390021801703,137.62673642361983,96499.531738,96499.556859,0.9038149538515231
11.794093862105273,0.05925034871950777,137.9209877604852,96499.545071,96499.568728,0.8621366633138977
11.777149453173099,0.08204706469096294,137.62895402364953,96499.558405,96499.583021,0.9057528747353863
11.824011569365862,0.10125765519926012,138.02113802898558,96499.571738,96499.596064,0.9084161702997061
11.846605190891202,0.1070270620305145,138.25693810295385,96499.585071,96499.609708,0.9427311745651831
11.849054163469395,0.11865574108833882,138.12921497024288,96499.598404,96499.623353,0.9427311745651831
11.848598794819479,0.1243922228537594,138.11477350156662,96499.611738,96499.637967,0.9531134687612486
11.854250645583813,0.13949999455877443,138.13310066399336,96499.625071,96499.65235,0.9891069693836566
11.861101711207288,0.14487865364179478,138.27047366220214,96499.638405,96499.663017,0.9466539727206689
11.868486632740566,0.16141982993446302,138.3042629505045,96499.651738,96499.675862,0.9787873627922018
11.874346354869303,0.17492744122758938,138.3975350305289,96499.665071,96499.697061,0.9466539727206689
11.87575315077043,0.18076238731652125,138.35423085000576,96499.678404,96499.702477,0.9013878076916229
11.867780859109812,0.18755445700375212,137.99636896120572,96499.691738,96499.716663,0.9066970276206445
11.864121498222437,0.194499156516207,137.817675342821,96499.705071,96499.730407,0.9444346598166887
11.88999174414919,0.21621956320385263,137.85750201064445,96499.718404,96499.746728,0.9202031642078179
11.885161104417824,0.22370352198848673,137.51909236324244,96499.731737,96499.7568,0.8971098953477835
